{
"type": "FeatureCollection",
"name": "zones_6km",
"crs": { "type": "name", "properties": { "name": "urn:ogc:def:crs:OGC:1.3:CRS84" } },
"features": [
{ "type": "Feature", "properties": { "distance_km": 6 }, "geometry": { "type": "MultiPolygon", "coordinates": [ [ [ [ 24.884741071934055, 47.857308027586967 ], [ 24.907524038273486, 47.840341187791978 ], [ 24.904588719716916, 47.836842869917966 ], [ 24.910829394536773, 47.813240862383964 ], [ 24.933313808356829, 47.792680460598312 ], [ 24.943829971254541, 47.790519876206908 ], [ 24.946220763569759, 47.786839203777113 ], [ 24.980423424004361, 47.780258773779856 ], [ 25.015447108036152, 47.784434506544194 ], [ 25.040538397327381, 47.763761240856397 ], [ 25.051043712137332, 47.761591103288268 ], [ 25.053425581667529, 47.757908438517362 ], [ 25.061408219371923, 47.75762576788312 ], [ 25.063509340300506, 47.750354399885623 ], [ 25.073590187427754, 47.742799551451121 ], [ 25.06014994908552, 47.741477397111794 ], [ 25.05510899860478, 47.745254356248246 ], [ 25.040277893684994, 47.725986918026166 ], [ 25.027119682681139, 47.728249391801583 ], [ 25.027396804615933, 47.731838079509721 ], [ 25.016619866002497, 47.73041717885166 ], [ 25.006256974442525, 47.734378416821976 ], [ 25.000249011520367, 47.725592287799088 ], [ 24.992270669476284, 47.725870564860259 ], [ 24.987226049263025, 47.729644641003986 ], [ 24.971267754456431, 47.730198865998794 ], [ 24.882820617535124, 47.724234233598544 ], [ 24.886282556946199, 47.734911979119097 ], [ 24.881095562309181, 47.736886961513662 ], [ 24.88176358425353, 47.745860243805254 ], [ 24.87657534129416, 47.747835053776519 ], [ 24.879637025755649, 47.753128980099866 ], [ 24.856482453833348, 47.764705567918405 ], [ 24.851954939944779, 47.775652857594778 ], [ 24.836244425340546, 47.779778137605987 ], [ 24.837302669397094, 47.794136030786206 ], [ 24.822112719591367, 47.805438528776286 ], [ 24.822772185468096, 47.814412326451695 ], [ 24.828629743681979, 47.821413458389515 ], [ 24.809975378488851, 47.822034996791963 ], [ 24.810238442869178, 47.825624558762406 ], [ 24.828894088416266, 47.825002942618859 ], [ 24.85887494597991, 47.832993393153266 ], [ 24.875669951072219, 47.843221763792712 ], [ 24.878871780689959, 47.850310120706055 ], [ 24.884338344367965, 47.851924184607661 ], [ 24.884741071934055, 47.857308027586967 ] ] ], [ [ [ 24.783325198170736, 47.822917660682798 ], [ 24.781051707265565, 47.828390111274587 ], [ 24.807573299367757, 47.825713114076798 ], [ 24.807310417907775, 47.82212354103126 ], [ 24.783325198170736, 47.822917660682798 ] ] ], [ [ [ 24.733115250493842, 47.867742935317025 ], [ 24.737674958159438, 47.856799597784871 ], [ 24.742879486496861, 47.854830676317739 ], [ 24.74502863486914, 47.847563956617883 ], [ 24.75784146875063, 47.839948142562072 ], [ 24.75439738457813, 47.829266147060295 ], [ 24.744252483887589, 47.836794491721506 ], [ 24.738920634632748, 47.836968507036374 ], [ 24.736770975895372, 47.844235133876843 ], [ 24.72038726966068, 47.839370576002693 ], [ 24.704390345449827, 47.839888576074436 ], [ 24.705158328117683, 47.850658523643411 ], [ 24.694874323764381, 47.856387777430569 ], [ 24.684205960821387, 47.856731079112734 ], [ 24.679253226236355, 47.862287475355203 ], [ 24.671377847685555, 47.864339032564907 ], [ 24.666549817836206, 47.871689984044565 ], [ 24.667691478081505, 47.887845492915467 ], [ 24.713058639840689, 47.886385434708423 ], [ 24.734923553123917, 47.892871824210516 ], [ 24.731350912407219, 47.88039425993135 ], [ 24.733115250493842, 47.867742935317025 ] ] ], [ [ [ 25.343446870591055, 47.939801962769259 ], [ 25.325211627194726, 47.945889219146352 ], [ 25.317651754627175, 47.951571955158549 ], [ 25.317951165354998, 47.955159173761281 ], [ 25.328781573715887, 47.956549971831095 ], [ 25.337393559150645, 47.963421460370768 ], [ 25.343446870591055, 47.939801962769259 ] ] ], [ [ [ 24.512118364626009, 48.196755051288953 ], [ 24.516750763375772, 48.185819127591408 ], [ 24.521996869275938, 48.183859294522755 ], [ 24.524188536723674, 48.176595937988019 ], [ 24.539550867358802, 48.165329156939599 ], [ 24.568445322625152, 48.155439449417564 ], [ 24.589782784726445, 48.152975135963153 ], [ 24.580234338105711, 48.131684790826178 ], [ 24.586277114191237, 48.102711325755514 ], [ 24.591512092655236, 48.100748570728946 ], [ 24.593690982768369, 48.093484137207916 ], [ 24.606586102735353, 48.085883376647864 ], [ 24.616042955121312, 48.067595129484701 ], [ 24.633904392417392, 48.05443738201992 ], [ 24.647037686315066, 48.050422549944976 ], [ 24.625114994540017, 48.043920963267077 ], [ 24.608299941484738, 48.033656554120107 ], [ 24.593542890100888, 48.014329905755282 ], [ 24.591670809891568, 47.987402402719212 ], [ 24.603665041391857, 47.967236351687504 ], [ 24.613980924983704, 47.96151454675568 ], [ 24.613228901598905, 47.950743710280328 ], [ 24.59682152993291, 47.945862126476356 ], [ 24.594897498345926, 47.956716955270245 ], [ 24.589552428775182, 47.956884346050124 ], [ 24.579607192916477, 47.967989613614847 ], [ 24.560894854106426, 47.968572006208575 ], [ 24.552135585686077, 47.958049128468218 ], [ 24.541690343830854, 47.961970247275907 ], [ 24.522857191260098, 47.960751093594972 ], [ 24.514472561211193, 47.955611076689017 ], [ 24.514228783016307, 47.952020408496502 ], [ 24.500866062106894, 47.952429004242717 ], [ 24.474742348854459, 47.962218585927594 ], [ 24.448010231052166, 47.963025164067275 ], [ 24.435120499181529, 47.970608049178942 ], [ 24.418366348620783, 47.960314197889296 ], [ 24.410346656086332, 47.960552880103037 ], [ 24.39104544021707, 47.952129800461321 ], [ 24.393482919019746, 47.948459633631295 ], [ 24.38220573065637, 47.939797445553005 ], [ 24.381268066964761, 47.925432713748272 ], [ 24.365005554113885, 47.922312833177962 ], [ 24.362101179416481, 47.91879990504399 ], [ 24.345725890006367, 47.913881562796007 ], [ 24.340615249067231, 47.917628597910387 ], [ 24.332601513559698, 47.917861696281889 ], [ 24.327720108757127, 47.925199563856587 ], [ 24.322376780033007, 47.925354443159272 ], [ 24.30844508764077, 47.916761910554257 ], [ 24.303102523525997, 47.916915872801717 ], [ 24.300088283278132, 47.91160552137984 ], [ 24.29207514907575, 47.911835770031608 ], [ 24.283720731302822, 47.906678127592258 ], [ 24.267695621380824, 47.907135747256135 ], [ 24.276956680021325, 47.926660893997521 ], [ 24.270641480385446, 47.953826480135895 ], [ 24.279343814574695, 47.964372202113395 ], [ 24.284805378207786, 47.966014990619314 ], [ 24.291409648475508, 47.985614950173613 ], [ 24.320256105669202, 47.975788722507886 ], [ 24.360369067065783, 47.97462089389564 ], [ 24.417709279500976, 47.990917538415538 ], [ 24.442858188592073, 48.006357048962201 ], [ 24.469492283150593, 48.003755720559695 ], [ 24.504635658536248, 48.008084796007452 ], [ 24.507554866414779, 48.011593702267938 ], [ 24.518379488661989, 48.013061333534836 ], [ 24.543814891923056, 48.032068201489409 ], [ 24.55345137928763, 48.055157937783122 ], [ 24.551762739400289, 48.069602654665395 ], [ 24.547146957579759, 48.080539727666761 ], [ 24.532056833673916, 48.0953975074505 ], [ 24.530115272163172, 48.10625149840368 ], [ 24.507336211878552, 48.126739216484225 ], [ 24.496731790837575, 48.128861773546149 ], [ 24.494293945561765, 48.132534068188662 ], [ 24.459790200911605, 48.138976238000637 ], [ 24.432846179023585, 48.137986099155121 ], [ 24.410910465470568, 48.131443899664575 ], [ 24.403339253297581, 48.138864646227773 ], [ 24.392727557270369, 48.140977748760911 ], [ 24.390281637116406, 48.144648016355404 ], [ 24.366370627929868, 48.14894962780248 ], [ 24.364392513141798, 48.159801597999973 ], [ 24.365686145421812, 48.179552626260509 ], [ 24.384479031603114, 48.179000229002341 ], [ 24.40082455287498, 48.182115261255966 ], [ 24.414725858786039, 48.188898690796556 ], [ 24.42803128426576, 48.186703225219418 ], [ 24.463297803182581, 48.191041935439777 ], [ 24.493932647568247, 48.206304951469825 ], [ 24.497107923038843, 48.213404346516491 ], [ 24.513347500481423, 48.214707633731642 ], [ 24.512118364626009, 48.196755051288953 ] ] ], [ [ [ 25.207314894226176, 48.043835840789313 ], [ 25.200795896332483, 48.029681147102039 ], [ 25.180563453063108, 48.044814086388868 ], [ 25.189463479182709, 48.055284541053972 ], [ 25.194960880350347, 48.056882806744511 ], [ 25.195398892085112, 48.062264393179532 ], [ 25.202110887079247, 48.045825837960052 ], [ 25.207314894226176, 48.043835840789313 ] ] ], [ [ [ 23.750822847581556, 48.350627089020264 ], [ 23.769689432559552, 48.350174041835714 ], [ 23.800750553083901, 48.326036370488964 ], [ 23.827191782875122, 48.316394700501334 ], [ 23.835271582179168, 48.316195653109922 ], [ 23.876644672439806, 48.284586683895185 ], [ 23.873348182930105, 48.273875906973132 ], [ 23.864973809480443, 48.268688387897448 ], [ 23.832684881609506, 48.269488940779731 ], [ 23.830391222369293, 48.276740940988716 ], [ 23.81733057823606, 48.284257367923523 ], [ 23.812835900963211, 48.300557234218374 ], [ 23.807549509271823, 48.302485363379944 ], [ 23.805250989087714, 48.309736922775016 ], [ 23.776505514176229, 48.326624624840342 ], [ 23.736383953931451, 48.332983352105288 ], [ 23.717427652114235, 48.331634242362945 ], [ 23.69549365930791, 48.324955376414295 ], [ 23.704431271678743, 48.340934927407346 ], [ 23.70490691056526, 48.349917886926015 ], [ 23.713279191030953, 48.355117063237579 ], [ 23.742930012424271, 48.354413371119549 ], [ 23.750822847581556, 48.350627089020264 ] ] ], [ [ [ 24.685182730294216, 48.320861903697846 ], [ 24.689787475793409, 48.309919850639346 ], [ 24.695038955707922, 48.307951986983795 ], [ 24.694001375404408, 48.293593032435503 ], [ 24.669406679307681, 48.288984339364646 ], [ 24.667360588954303, 48.298044874881533 ], [ 24.677755070056939, 48.330095130196 ], [ 24.675709237457792, 48.339155766982955 ], [ 24.681223040304612, 48.340778234212728 ], [ 24.686607574081638, 48.34060555495671 ], [ 24.683397387097955, 48.333512406370239 ], [ 24.685182730294216, 48.320861903697846 ] ] ], [ [ [ 24.325849634233627, 48.394789863437317 ], [ 24.328428536337995, 48.392916264740471 ], [ 24.325732483638003, 48.392994313670904 ], [ 24.325849634233627, 48.394789863437317 ] ] ], [ [ [ 23.930428672754605, 48.423539405766078 ], [ 23.933230804169938, 48.425266803236667 ], [ 23.933127359854474, 48.423470589312672 ], [ 23.930428672754605, 48.423539405766078 ] ] ], [ [ [ 24.346019122687178, 48.413992780216269 ], [ 24.348598195261637, 48.412118728712507 ], [ 24.345901182982125, 48.412197273352902 ], [ 24.346019122687178, 48.413992780216269 ] ] ], [ [ [ 23.42157235359473, 48.464161330627292 ], [ 23.420973830641504, 48.451582645760496 ], [ 23.425862583928136, 48.440687087968996 ], [ 23.436235508986471, 48.431474016827956 ], [ 23.435977692052077, 48.426083183794518 ], [ 23.430320664220851, 48.420806573923237 ], [ 23.429977887614047, 48.413618750242399 ], [ 23.405514470321219, 48.410535540975999 ], [ 23.399946922679071, 48.4070543385522 ], [ 23.383920943633608, 48.410985200304772 ], [ 23.395985102805525, 48.437715873232058 ], [ 23.393960395521439, 48.452148066213084 ], [ 23.389063750039906, 48.463042377199471 ], [ 23.383743983088706, 48.464951492296301 ], [ 23.392780042088891, 48.484550085158894 ], [ 23.40342250727414, 48.480730734664036 ], [ 23.416936821936801, 48.480447581805407 ], [ 23.416424465739155, 48.469665847687708 ], [ 23.42157235359473, 48.464161330627292 ] ] ], [ [ [ 24.45486848581649, 48.425163993328567 ], [ 24.464558633625703, 48.408681606651172 ], [ 24.443471709196974, 48.416511209082749 ], [ 24.441017339035547, 48.420182639926509 ], [ 24.406313377180766, 48.42661326166025 ], [ 24.368189311419233, 48.422339941293785 ], [ 24.36525450350878, 48.418828019903721 ], [ 24.348716229600502, 48.413914230650661 ], [ 24.355411635047471, 48.433507303519889 ], [ 24.37993268106117, 48.43638676566318 ], [ 24.38286955849555, 48.439898256321037 ], [ 24.396241500678553, 48.437704994689945 ], [ 24.431680656973768, 48.442049263219573 ], [ 24.451299553343869, 48.452255597183161 ], [ 24.4562092915485, 48.44491224582152 ], [ 24.45486848581649, 48.425163993328567 ] ] ], [ [ [ 23.850053280904227, 48.821293724902723 ], [ 23.849849447989115, 48.817701280546977 ], [ 23.878842271706766, 48.800791520129891 ], [ 23.913875988128382, 48.794514194273617 ], [ 23.924854698697452, 48.796034658802938 ], [ 23.92360136378381, 48.774481275089137 ], [ 23.931125869832041, 48.763497357714378 ], [ 23.924752796698268, 48.747470438708937 ], [ 23.926633760094777, 48.733032416720803 ], [ 23.941457098577335, 48.70747164917028 ], [ 23.957107881792396, 48.696277916035022 ], [ 23.967854827817298, 48.694202534452913 ], [ 23.953763738013883, 48.685571003392418 ], [ 23.939050062507263, 48.666160881184602 ], [ 23.9373788208847, 48.637422727655959 ], [ 23.949776291409144, 48.617318716368345 ], [ 23.965398173801645, 48.606124293209561 ], [ 23.99465769704781, 48.59637236258753 ], [ 24.008196205967483, 48.596019183916006 ], [ 24.002248277895898, 48.587180402698628 ], [ 23.996727532370127, 48.585525506502371 ], [ 23.987228986988182, 48.562387745515572 ], [ 23.98908759897261, 48.547948796094332 ], [ 24.00144403931613, 48.527839802636869 ], [ 24.017027532087141, 48.51663900894583 ], [ 24.046225695651717, 48.506875086454571 ], [ 24.067739487417366, 48.504504358881931 ], [ 24.103202239400336, 48.508949502715005 ], [ 24.106124760740094, 48.512468340867116 ], [ 24.117046832929876, 48.513971698477064 ], [ 24.142596672425519, 48.53306395801355 ], [ 24.152159400021525, 48.556187580207506 ], [ 24.145604321036796, 48.581551121285052 ], [ 24.161507144260963, 48.575718572131819 ], [ 24.163989004393553, 48.572052602012057 ], [ 24.188116531436542, 48.567788676093414 ], [ 24.168165826266225, 48.552150070977817 ], [ 24.158596715242318, 48.529027906337163 ], [ 24.160405647793564, 48.514587195466717 ], [ 24.165139751810866, 48.503663712651758 ], [ 24.170432322825402, 48.50171903404501 ], [ 24.169983981738497, 48.494535857262882 ], [ 24.136230654377261, 48.47387482245886 ], [ 24.121513473635524, 48.454487604293391 ], [ 24.119641699359871, 48.423957334241237 ], [ 24.131918085288508, 48.403835689214425 ], [ 24.160583810268612, 48.386860924496659 ], [ 24.213939254035214, 48.376386731076153 ], [ 24.241007616028202, 48.377425501237504 ], [ 24.257524261096236, 48.382355316239405 ], [ 24.289871623836433, 48.38143389626493 ], [ 24.306277520914982, 48.384560958682378 ], [ 24.309206244936863, 48.388074540724446 ], [ 24.325732483638003, 48.392994313670904 ], [ 24.31905452484845, 48.373399016157904 ], [ 24.308274265007874, 48.37370986192154 ], [ 24.275240684297387, 48.363862456892811 ], [ 24.267156660145247, 48.364092572971984 ], [ 24.233681767541682, 48.347050101953208 ], [ 24.218967129029316, 48.327675011038707 ], [ 24.218175500805117, 48.315104657118106 ], [ 24.212790995434169, 48.315255344745388 ], [ 24.187328675029203, 48.296176266007322 ], [ 24.177804614041833, 48.273053966607435 ], [ 24.184311529592314, 48.247688644028209 ], [ 24.207273993555624, 48.227261359950226 ], [ 24.217911854131579, 48.225164862118142 ], [ 24.220373834203482, 48.221497950070692 ], [ 24.236384263396065, 48.21924895878194 ], [ 24.241418131430482, 48.213710120123267 ], [ 24.233244324542639, 48.212141562157385 ], [ 24.216447873472863, 48.201819447610909 ], [ 24.201784060145272, 48.182440667420288 ], [ 24.201224429255003, 48.173461468202575 ], [ 24.190150363610542, 48.168372768267588 ], [ 24.187020223832025, 48.161263843195911 ], [ 24.18154051169498, 48.159616839182199 ], [ 24.17204739828539, 48.136492977676987 ], [ 24.173954862474979, 48.123847507550323 ], [ 24.141108295368678, 48.113957061743818 ], [ 24.13262541448065, 48.106992984027343 ], [ 24.11428858284194, 48.114687684503842 ], [ 24.125998132565798, 48.130560087111576 ], [ 24.129554897520578, 48.144854839817484 ], [ 24.12763594888062, 48.15749978812606 ], [ 24.115412164403068, 48.177620478615026 ], [ 24.086844626826139, 48.194582324256217 ], [ 24.052242689401879, 48.200903874694546 ], [ 24.038702838920763, 48.199463963513296 ], [ 24.047509168124684, 48.211823114612557 ], [ 24.051050903229974, 48.226120470114992 ], [ 24.049110458137022, 48.238764427216573 ], [ 24.044373148891491, 48.24968356407031 ], [ 24.036624663941712, 48.25528537688146 ], [ 24.036944078155866, 48.260673666346683 ], [ 24.055772755703419, 48.260174393590098 ], [ 24.085900660031566, 48.26836366454615 ], [ 24.113893654489019, 48.28559755328061 ], [ 24.117022185297241, 48.292708396129598 ], [ 24.122514427119736, 48.294358183435598 ], [ 24.132018141947764, 48.317485449346293 ], [ 24.125477928229117, 48.342848298197794 ], [ 24.120199739785534, 48.344790637209876 ], [ 24.117944290200501, 48.352047478576026 ], [ 24.099846252997253, 48.365129364172233 ], [ 24.091869462418654, 48.367143128483058 ], [ 24.103524523003546, 48.381220179861643 ], [ 24.107095887133347, 48.395514855068527 ], [ 24.105164939717014, 48.408159278240028 ], [ 24.092876883448259, 48.428278297973037 ], [ 24.06416511480441, 48.445237028000172 ], [ 24.026691398340059, 48.451626220301009 ], [ 24.007685363070824, 48.450326096237923 ], [ 23.99127447009219, 48.447156487471396 ], [ 23.977355045352052, 48.440322338992601 ], [ 23.961053573813064, 48.438944456379296 ], [ 23.933230804169938, 48.425266803236667 ], [ 23.939872740399601, 48.44668337843764 ], [ 23.933119063682458, 48.470240843098878 ], [ 23.927820144820586, 48.472174718651388 ], [ 23.925532279692828, 48.479428303453744 ], [ 23.896734686381773, 48.496346763154598 ], [ 23.861903166847029, 48.502615232842601 ], [ 23.840177996116999, 48.501354938986907 ], [ 23.809947183420668, 48.493103402516006 ], [ 23.793039854593857, 48.480923541329766 ], [ 23.78002068799697, 48.490233024820903 ], [ 23.774615501482199, 48.490363545618102 ], [ 23.774811688192266, 48.493956426977832 ], [ 23.791521768618999, 48.502546122465873 ], [ 23.806129491540155, 48.521977558236117 ], [ 23.809728716600368, 48.538078940887722 ], [ 23.802903968923442, 48.5616298096663 ], [ 23.813828938193986, 48.563161928881613 ], [ 23.830669053130098, 48.573541626238374 ], [ 23.845313227732841, 48.592967191248412 ], [ 23.848829765426149, 48.607270543753089 ], [ 23.846828506424739, 48.619911615028876 ], [ 23.836797046707339, 48.63454963178544 ], [ 23.837502814377299, 48.647123718127986 ], [ 23.825053337410775, 48.667216523620255 ], [ 23.809381220892316, 48.678392725375119 ], [ 23.790690948165373, 48.684243651097923 ], [ 23.788176497712975, 48.687902106530075 ], [ 23.77209492667318, 48.691887999199494 ], [ 23.753101046994804, 48.692343800302552 ], [ 23.752053640282838, 48.722947608657392 ], [ 23.762815471278785, 48.720891124935889 ], [ 23.798408293151514, 48.72542779901994 ], [ 23.801323110026878, 48.728954429064579 ], [ 23.81228449678909, 48.730485973224575 ], [ 23.834916721824776, 48.746119788698714 ], [ 23.852638189295355, 48.770864739112788 ], [ 23.856273448687091, 48.786963423343309 ], [ 23.849441903072812, 48.810516383182069 ], [ 23.844104376129508, 48.812447049108592 ], [ 23.841791084024617, 48.819699118367723 ], [ 23.823355951213742, 48.830944882679574 ], [ 23.82355798480322, 48.834537401167545 ], [ 23.839883522656407, 48.834136084701449 ], [ 23.842197666830362, 48.826884051998185 ], [ 23.850053280904227, 48.821293724902723 ] ] ], [ [ [ 24.509983839484185, 48.518839166385128 ], [ 24.49253493068273, 48.501380980046768 ], [ 24.487132241467815, 48.50154497661245 ], [ 24.47865915047748, 48.496404802782791 ], [ 24.476941427999563, 48.510848376589166 ], [ 24.509983839484185, 48.518839166385128 ] ] ], [ [ [ 23.264242742639269, 48.575288641390024 ], [ 23.267031318852581, 48.577032445509168 ], [ 23.266950927726786, 48.57523532925493 ], [ 23.264242742639269, 48.575288641390024 ] ] ], [ [ [ 23.261694956440603, 48.578936135105749 ], [ 23.264323037926985, 48.577085760992603 ], [ 23.26161474908686, 48.577139012821448 ], [ 23.261694956440603, 48.578936135105749 ] ] ], [ [ [ 24.143009214694445, 48.583420913460394 ], [ 24.145604321036796, 48.581551121285052 ], [ 24.142897762248555, 48.581625098515943 ], [ 24.143009214694445, 48.583420913460394 ] ] ], [ [ [ 24.14030254933424, 48.583494831797715 ], [ 24.143120678119036, 48.585216727650646 ], [ 24.143009214694445, 48.583420913460394 ], [ 24.14030254933424, 48.583494831797715 ] ] ], [ [ [ 23.2072449177404, 48.635752401059868 ], [ 23.209642370092389, 48.628511705932588 ], [ 23.225434715059379, 48.617415413269327 ], [ 23.252139592690551, 48.607902599166003 ], [ 23.261694956440603, 48.578936135105749 ], [ 23.226722169869404, 48.585014151464122 ], [ 23.193982794256772, 48.580246824061454 ], [ 23.194917122666254, 48.601813228047668 ], [ 23.182220510913186, 48.621840083422377 ], [ 23.174242448683135, 48.625588387880001 ], [ 23.177649803482218, 48.641712021176502 ], [ 23.202134886541927, 48.643044952886385 ], [ 23.201900092908176, 48.637653425623043 ], [ 23.2072449177404, 48.635752401059868 ] ] ], [ [ [ 24.130252905674787, 48.596360715394589 ], [ 24.132849137643237, 48.594491190632823 ], [ 24.130141854664128, 48.594564882563084 ], [ 24.130252905674787, 48.596360715394589 ] ] ], [ [ [ 24.127545516088393, 48.596434348382651 ], [ 24.130363967626923, 48.598156547473394 ], [ 24.130252905674787, 48.596360715394589 ], [ 24.127545516088393, 48.596434348382651 ] ] ], [ [ [ 24.12798944679696, 48.603617690670426 ], [ 24.124948986167524, 48.598303759120832 ], [ 24.109255425460812, 48.607723201750012 ], [ 24.082393246425791, 48.612043679104886 ], [ 24.091176674993342, 48.622601081026531 ], [ 24.096704398583036, 48.624251284905547 ], [ 24.099853725582523, 48.631361845809771 ], [ 24.12434827785486, 48.632498199439887 ], [ 24.120973783983615, 48.621796705135424 ], [ 24.122906357813434, 48.609152329391122 ], [ 24.12798944679696, 48.603617690670426 ] ] ], [ [ [ 22.781108776569869, 48.864358834352551 ], [ 22.797262890479491, 48.858712427046029 ], [ 22.797069790793987, 48.853319770518652 ], [ 22.802453112147791, 48.85143715427381 ], [ 22.804918419886128, 48.84420433852906 ], [ 22.820867823082434, 48.833162081540443 ], [ 22.834350519928122, 48.829351137813688 ], [ 22.850222537271087, 48.816507407020474 ], [ 22.858321642706006, 48.814578510816624 ], [ 22.864953336405453, 48.773103983678091 ], [ 22.853810506934483, 48.76608946163924 ], [ 22.848372224801327, 48.766176838538875 ], [ 22.837758047587513, 48.773540978050249 ], [ 22.840609071398472, 48.777092635621102 ], [ 22.833301169894931, 48.800590681363296 ], [ 22.827924437674774, 48.802474674152435 ], [ 22.82546433577976, 48.809707966904853 ], [ 22.806801102656799, 48.820793512147063 ], [ 22.804466255677344, 48.831621485649947 ], [ 22.799085116243905, 48.833504175835223 ], [ 22.796619447851615, 48.840736883367597 ], [ 22.767232635375688, 48.857378209305821 ], [ 22.740114924791005, 48.861387879272009 ], [ 22.7565874442199, 48.864735125154589 ], [ 22.770464201299877, 48.871717016775591 ], [ 22.781108776569869, 48.864358834352551 ] ] ], [ [ [ 23.818015231089728, 48.832874392860369 ], [ 23.820837026796784, 48.834604062719706 ], [ 23.820736102042225, 48.832807799645373 ], [ 23.818015231089728, 48.832874392860369 ] ] ], [ [ [ 23.75923971959466, 48.854083115494383 ], [ 23.76186298854314, 48.852221541480695 ], [ 23.759140929326509, 48.852286764284536 ], [ 23.75923971959466, 48.854083115494383 ] ] ], [ [ [ 23.71801693315604, 48.847868160978351 ], [ 23.690026956774911, 48.834135444702298 ], [ 23.686921174328607, 48.827013090583748 ], [ 23.681383521495114, 48.825343409490507 ], [ 23.678088013858499, 48.814627814167252 ], [ 23.656896116564063, 48.825910773413938 ], [ 23.640759688931706, 48.829879198040842 ], [ 23.619084169746856, 48.83217270630626 ], [ 23.594406561197228, 48.829133693580644 ], [ 23.592056329491758, 48.836381353560832 ], [ 23.586705729913227, 48.838300296289816 ], [ 23.586983482543392, 48.84369011917542 ], [ 23.612603269555358, 48.864696268587068 ], [ 23.621993584303361, 48.887865867043217 ], [ 23.615133402973324, 48.913203229137565 ], [ 23.609775640030815, 48.915123347222334 ], [ 23.604791382632722, 48.924229452422637 ], [ 23.620960962946203, 48.920265547782492 ], [ 23.640043192847706, 48.919830029043844 ], [ 23.645020570057149, 48.91072251267186 ], [ 23.660800638404861, 48.899567161569024 ], [ 23.690291071533686, 48.889889015092031 ], [ 23.711987626778367, 48.887581737129707 ], [ 23.744971176030344, 48.892196854862718 ], [ 23.744085822093023, 48.876029581931775 ], [ 23.75923971959466, 48.854083115494383 ], [ 23.73736410451879, 48.852806235429007 ], [ 23.71801693315604, 48.847868160978351 ] ] ], [ [ [ 23.602065061564854, 48.924291033372981 ], [ 23.604884886671879, 48.926026008120651 ], [ 23.604791382632722, 48.924229452422637 ], [ 23.602065061564854, 48.924291033372981 ] ] ], [ [ [ 23.599525358175882, 48.927945676120608 ], [ 23.602158468006859, 48.926087592943766 ], [ 23.599432040087301, 48.926149113375978 ], [ 23.599525358175882, 48.927945676120608 ] ] ], [ [ [ 23.342336319100195, 49.08993675619228 ], [ 23.377645034050072, 49.083818729314842 ], [ 23.407909022671976, 49.086788202446535 ], [ 23.407735174937184, 49.083194649506297 ], [ 23.388587023514809, 49.083592698078903 ], [ 23.358070621060559, 49.075227575700531 ], [ 23.332528708482844, 49.055962440527814 ], [ 23.326557146519637, 49.045291528957016 ], [ 23.325970229063262, 49.032713252015199 ], [ 23.320504587054479, 49.03282334559055 ], [ 23.301872318321813, 49.043988204520367 ], [ 23.269233623063013, 49.048232078759234 ], [ 23.250340444849424, 49.053997920551154 ], [ 23.250502767176346, 49.057591893796882 ], [ 23.267317444236625, 49.066255484167911 ], [ 23.281896875910068, 49.085752287270459 ], [ 23.314893113447628, 49.088692086580799 ], [ 23.328908900267447, 49.095604308955636 ], [ 23.339769366124145, 49.093585996426761 ], [ 23.342336319100195, 49.08993675619228 ] ] ], [ [ [ 22.600221202654339, 49.090025353358619 ], [ 22.572849452330122, 49.090401645162451 ], [ 22.581289472376213, 49.097480150166838 ], [ 22.600336791494708, 49.09362067695713 ], [ 22.600221202654339, 49.090025353358619 ] ] ], [ [ [ 23.572746092835949, 50.095783362587689 ], [ 23.608166960090802, 50.078807107602202 ], [ 23.61654057950728, 50.078618551983091 ], [ 23.618940126578224, 50.071370859203988 ], [ 23.635093635468536, 50.060214694102562 ], [ 23.668075520109245, 50.050468731704093 ], [ 23.681421763390414, 50.039370496636685 ], [ 23.692476238838918, 50.03731597666637 ], [ 23.695063640361649, 50.033659047239581 ], [ 23.703428816361782, 50.033464351409151 ], [ 23.70551033870014, 50.020826863952372 ], [ 23.699935037506322, 50.020956804415974 ], [ 23.689286042903898, 50.03019633410603 ], [ 23.678233043350946, 50.032250527885012 ], [ 23.675644419289938, 50.035907102033065 ], [ 23.639687652544307, 50.042126258948706 ], [ 23.614488417105264, 50.040898632911549 ], [ 23.605926752677888, 50.037494525019028 ], [ 23.561399847264436, 50.040284784803909 ], [ 23.541781077789103, 50.038917995138128 ], [ 23.533224718851343, 50.03550843435481 ], [ 23.508124464214209, 50.036053924123081 ], [ 23.509530032724665, 50.062999018778484 ], [ 23.524142810132403, 50.075270541884862 ], [ 23.53048205861397, 50.089519352388365 ], [ 23.544727551999699, 50.094602880254214 ], [ 23.553008838693739, 50.09262259388678 ], [ 23.572746092835949, 50.095783362587689 ] ] ], [ [ [ 25.991325301903213, 50.921869974650512 ], [ 25.987340134865835, 50.911245482494444 ], [ 25.965058539024604, 50.9157958629593 ], [ 25.953534753201488, 50.914487351233817 ], [ 25.969421738432438, 50.930003299985188 ], [ 25.991325301903213, 50.921869974650512 ] ] ], [ [ [ 24.026602247526228, 51.07933698875911 ], [ 24.011885614685369, 51.072524329734847 ], [ 24.00356944883848, 51.076335020190193 ], [ 24.003802140993383, 51.079925567315684 ], [ 24.021136352915391, 51.083075037770172 ], [ 24.026602247526228, 51.07933698875911 ] ] ], [ [ [ 25.475311491139198, 51.149707480484473 ], [ 25.463739842986516, 51.148351643614042 ], [ 25.459079188342976, 51.159323088237699 ], [ 25.462275905678446, 51.162798720544671 ], [ 25.470479926357079, 51.158887075259102 ], [ 25.475311491139198, 51.149707480484473 ] ] ], [ [ [ 26.05200881198283, 51.165747866989349 ], [ 26.049264890263331, 51.140677570606798 ], [ 26.053782037488109, 51.129686634941216 ], [ 26.069481525273368, 51.116410770633699 ], [ 26.065262462486306, 51.103999449411269 ], [ 26.059573810612477, 51.104246377459731 ], [ 26.060161894256751, 51.109618549827097 ], [ 26.054668357613579, 51.111655986604099 ], [ 26.052606689144675, 51.118942211396259 ], [ 26.036706072536212, 51.130425178706467 ], [ 26.025516564754248, 51.13270697184317 ], [ 26.02305989170355, 51.136411187885535 ], [ 26.006174804870852, 51.138936177009569 ], [ 26.030508884799168, 51.152283092166243 ], [ 26.043855894209269, 51.169699005376629 ], [ 26.05200881198283, 51.165747866989349 ] ] ], [ [ [ 25.40797805704792, 51.342947282612705 ], [ 25.42393837439807, 51.329752543328148 ], [ 25.394641716411613, 51.323662182447322 ], [ 25.376452048419392, 51.313551621138309 ], [ 25.360279080255275, 51.294369027747337 ], [ 25.359088704345844, 51.281821708693286 ], [ 25.353372309473631, 51.282034787421303 ], [ 25.354731038762534, 51.296374685406541 ], [ 25.370731843775971, 51.313765641207731 ], [ 25.37512942590967, 51.329790524491024 ], [ 25.395671829518303, 51.334416441668871 ], [ 25.40797805704792, 51.342947282612705 ] ] ], [ [ [ 25.142837898562156, 51.33285559618264 ], [ 25.145538074066064, 51.330961200978379 ], [ 25.142676037857864, 51.331062630456032 ], [ 25.142837898562156, 51.33285559618264 ] ] ], [ [ [ 25.11485867681084, 51.341038228333794 ], [ 25.112638889263753, 51.348311044652725 ], [ 25.098963573843463, 51.355985830772909 ], [ 25.102308598857263, 51.361264583081201 ], [ 25.108036709851742, 51.361063543183143 ], [ 25.115984856088417, 51.353589388112582 ], [ 25.127277523211884, 51.351392740078303 ], [ 25.126954818597611, 51.347806748624443 ], [ 25.142837898562156, 51.33285559618264 ], [ 25.12264131805172, 51.331770682716737 ], [ 25.120423137406775, 51.33904361753531 ], [ 25.11485867681084, 51.341038228333794 ] ] ], [ [ [ 25.608079403527277, 51.333432074034199 ], [ 25.61111993979851, 51.335111115776726 ], [ 25.610939806183183, 51.333319273144639 ], [ 25.608079403527277, 51.333432074034199 ] ] ], [ [ [ 25.60539889438477, 51.335336662249858 ], [ 25.594495098893674, 51.341162570079675 ], [ 25.594854203087298, 51.344746332421074 ], [ 25.612201131181028, 51.34586215046432 ], [ 25.611300091966328, 51.336902957403922 ], [ 25.60539889438477, 51.335336662249858 ] ] ], [ [ [ 25.021513908513104, 51.488175370872774 ], [ 25.010848524351921, 51.465159220171856 ], [ 25.012459331651478, 51.450715097200863 ], [ 24.965915008931415, 51.445106828130534 ], [ 24.976396597356949, 51.466334425306179 ], [ 24.974617945469955, 51.478984985106898 ], [ 24.96437614189918, 51.49372089320061 ], [ 24.979052960575604, 51.496820300285435 ], [ 24.99613358982575, 51.494440081882459 ], [ 25.033954048049189, 51.498539186714488 ], [ 25.027416728028957, 51.489771112291493 ], [ 25.021513908513104, 51.488175370872774 ] ] ], [ [ [ 25.034112614293552, 51.500332344455053 ], [ 25.036826951521068, 51.498440185916749 ], [ 25.033954048049189, 51.498539186714488 ], [ 25.034112614293552, 51.500332344455053 ] ] ], [ [ [ 25.03714432477388, 51.502026487858039 ], [ 25.039858629191539, 51.500134259986275 ], [ 25.036985629945004, 51.500233337338017 ], [ 25.03714432477388, 51.502026487858039 ] ] ], [ [ [ 25.061086656114217, 51.511990431628057 ], [ 25.063800505598877, 51.510097659896353 ], [ 25.060926964808008, 51.510197337258845 ], [ 25.061086656114217, 51.511990431628057 ] ] ], [ [ [ 25.066993877971342, 51.513584074652407 ], [ 25.063960309145067, 51.511890747902683 ], [ 25.064120129215521, 51.513683835003057 ], [ 25.066993877971342, 51.513584074652407 ] ] ], [ [ [ 25.066993877971342, 51.513584074652407 ], [ 25.070187748973403, 51.517070390040203 ], [ 25.070507953973944, 51.520656532411216 ], [ 25.076416618867931, 51.52224966642904 ], [ 25.075615024964517, 51.513284372038527 ], [ 25.066993877971342, 51.513584074652407 ] ] ], [ [ [ 25.957248446157983, 51.508052126569858 ], [ 25.9607032294176, 51.513303129049575 ], [ 25.969313686734179, 51.512937788833675 ], [ 25.965467662500121, 51.50410534572304 ], [ 25.957248446157983, 51.508052126569858 ] ] ], [ [ [ 24.097239376397944, 51.579195191186351 ], [ 24.087865994598062, 51.568653278926796 ], [ 24.056061578164858, 51.56768836314933 ], [ 24.062063582133749, 51.571128128471067 ], [ 24.062425774950309, 51.576513199410471 ], [ 24.068308443120273, 51.578157595599528 ], [ 24.071795045947606, 51.587057203774641 ], [ 24.085958937737161, 51.583088968516996 ], [ 24.088596527234643, 51.579423157710167 ], [ 24.097239376397944, 51.579195191186351 ] ] ], [ [ [ 25.969313686734179, 51.512937788833675 ], [ 25.972379261095661, 51.51460670858598 ], [ 25.972183798842167, 51.512815868725355 ], [ 25.969313686734179, 51.512937788833675 ] ] ], [ [ [ 25.498763866842037, 51.623710378799913 ], [ 25.500932275238828, 51.616431692613702 ], [ 25.53098668710378, 51.599083458735059 ], [ 25.567850658805558, 51.592255151243414 ], [ 25.579538276593492, 51.593597704954263 ], [ 25.548616915486676, 51.573215850977064 ], [ 25.537665817305339, 51.55025518059864 ], [ 25.543784575734957, 51.524833490579411 ], [ 25.549350891060584, 51.522818433422543 ], [ 25.556893028551443, 51.511731724881479 ], [ 25.517041653333944, 51.516873954008794 ], [ 25.476124247188707, 51.511250098773047 ], [ 25.468210724603104, 51.518747790244433 ], [ 25.456895611282384, 51.520977914329769 ], [ 25.454373249006899, 51.524671582758316 ], [ 25.425990675115404, 51.529345549107489 ], [ 25.449677504840331, 51.535643145145414 ], [ 25.467974330968303, 51.545739494613962 ], [ 25.47155270519621, 51.55279829299964 ], [ 25.477478356073728, 51.554370735902658 ], [ 25.488400526565091, 51.577337729863139 ], [ 25.482245362404207, 51.602757278064537 ], [ 25.476666302253676, 51.604769430473013 ], [ 25.474494417308005, 51.612047756951505 ], [ 25.452696478933657, 51.625469937785347 ], [ 25.450519935417645, 51.632747916465419 ], [ 25.456631525563722, 51.636113311377329 ], [ 25.482373922774347, 51.633332694804253 ], [ 25.493715288930385, 51.631099493711389 ], [ 25.493183069555592, 51.625723357217304 ], [ 25.498763866842037, 51.623710378799913 ] ] ], [ [ [ 25.656349340177307, 51.610357847862531 ], [ 25.680769710927294, 51.59499294188754 ], [ 25.697658014636875, 51.590718873954962 ], [ 25.720480711610101, 51.588002259227856 ], [ 25.752676581829252, 51.592097148778009 ], [ 25.75517767090464, 51.588397615239401 ], [ 25.772243947227405, 51.58590440548182 ], [ 25.785301338327415, 51.572778405491199 ], [ 25.773238323449227, 51.567873700014857 ], [ 25.769612417911642, 51.560825384955102 ], [ 25.763676803015528, 51.559268013591883 ], [ 25.756056275053904, 51.541587708397351 ], [ 25.750310567256371, 51.541820993019869 ], [ 25.746059166020377, 51.55638545892392 ], [ 25.740498171171438, 51.558409744053449 ], [ 25.738370589308033, 51.565691858389137 ], [ 25.719550548184269, 51.579044820355321 ], [ 25.658124352165604, 51.599493601726586 ], [ 25.626477392032196, 51.600747803442481 ], [ 25.645022108793651, 51.612606471122952 ], [ 25.656349340177307, 51.610357847862531 ] ] ], [ [ [ 24.380529980583042, 51.740408469711632 ], [ 24.371858831440182, 51.740657839782031 ], [ 24.368701234813486, 51.73715195539932 ], [ 24.357007249623834, 51.735688673371001 ], [ 24.338871916523587, 51.725416333871856 ], [ 24.335585758468685, 51.720114991425532 ], [ 24.307348465577771, 51.729905213351017 ], [ 24.290008772221796, 51.730392446639264 ], [ 24.305375889817185, 51.742548450120161 ], [ 24.349133642674825, 51.746703106959444 ], [ 24.367146381282929, 51.755179205208144 ], [ 24.372929043226787, 51.75501322846435 ], [ 24.3750169261465, 51.744163628734789 ], [ 24.380529980583042, 51.740408469711632 ] ] ], [ [ [ 25.35221089390085, 51.933233424385783 ], [ 25.354762639015966, 51.929541419742392 ], [ 25.35186347157342, 51.929648833932603 ], [ 25.35221089390085, 51.933233424385783 ] ] ], [ [ [ 25.183286644929179, 51.962750442766691 ], [ 25.149871673261597, 51.947747314535576 ], [ 25.143242030857525, 51.938988147651983 ], [ 25.096830816028177, 51.940615067362863 ], [ 25.064109128766958, 51.932758201674417 ], [ 25.045737094978918, 51.922600690902975 ], [ 25.042353281264372, 51.917321454091315 ], [ 25.031076709277716, 51.921305908340607 ], [ 25.031398469698061, 51.924891976545759 ], [ 25.058956395474642, 51.94013052622531 ], [ 25.067659149701473, 51.939829671188981 ], [ 25.080077242432285, 51.948392133280514 ], [ 25.091846150396119, 51.949781615514922 ], [ 25.095074756363179, 51.953266345816594 ], [ 25.135696326794793, 51.951844150620545 ], [ 25.153436380026012, 51.95481585998732 ], [ 25.162639869955996, 51.959886148863106 ], [ 25.16297257410443, 51.963471603112104 ], [ 25.180551756057302, 51.96464636593543 ], [ 25.189760271217619, 51.969714414181006 ], [ 25.215712433930996, 51.966987941963978 ], [ 25.183286644929179, 51.962750442766691 ] ] ], [ [ [ 25.31265048940196, 51.945484257205244 ], [ 25.315723181056715, 51.947170163033398 ], [ 25.315550828300509, 51.945377785962819 ], [ 25.31265048940196, 51.945484257205244 ] ] ], [ [ [ 25.287916757530013, 51.960778823953959 ], [ 25.290303901989702, 51.955295642414512 ], [ 25.301908023260562, 51.954871475314583 ], [ 25.309922255397602, 51.94738304785907 ], [ 25.283988309293225, 51.950129951083483 ], [ 25.26743579444981, 51.959725527374189 ], [ 25.241830640513037, 51.966048352089075 ], [ 25.265386561806842, 51.968793286743654 ], [ 25.270678517334897, 51.963205106756696 ], [ 25.287916757530013, 51.960778823953959 ] ] ], [ [ [ 28.701015516114957, 45.293259720160499 ], [ 28.703397174136825, 45.273300622312881 ], [ 28.687031805662205, 45.265411102062643 ], [ 28.68353828059049, 45.258448534525279 ], [ 28.678246191759428, 45.25700681955967 ], [ 28.670297811911002, 45.235946974452183 ], [ 28.645776641336894, 45.243000315685585 ], [ 28.564976254591542, 45.248412723475887 ], [ 28.54548538475392, 45.255108871307726 ], [ 28.533805358994286, 45.263083435947664 ], [ 28.523700372303054, 45.263753413037641 ], [ 28.501908321557984, 45.272394188164057 ], [ 28.521254616570587, 45.28371277579766 ], [ 28.538231545453748, 45.277187755210001 ], [ 28.560733587844165, 45.273891924539996 ], [ 28.62027846585757, 45.280709846317869 ], [ 28.623285508487825, 45.284107518402415 ], [ 28.633632399692665, 45.285212084627133 ], [ 28.650238650857464, 45.294892952207654 ], [ 28.653489642662368, 45.300073163052922 ], [ 28.675748843892563, 45.294970864314337 ], [ 28.70378497203113, 45.29487159349641 ], [ 28.701015516114957, 45.293259720160499 ] ] ], [ [ [ 28.383728120884996, 45.362928137577235 ], [ 28.372902609999876, 45.358232048299442 ], [ 28.369439467360937, 45.351257730236156 ], [ 28.364144546501862, 45.34980137626949 ], [ 28.354459845870831, 45.334230996206621 ], [ 28.352834351552104, 45.321737924406541 ], [ 28.347542631322369, 45.320280593369411 ], [ 28.331453789440324, 45.333918460571802 ], [ 28.321113748632641, 45.352582944455797 ], [ 28.334234123117717, 45.3553360965617 ], [ 28.35081662472691, 45.365062785043996 ], [ 28.357043350360261, 45.373658491743122 ], [ 28.367171748688939, 45.373002030597263 ], [ 28.369237673836761, 45.369268481471018 ], [ 28.384195049100732, 45.366497319124207 ], [ 28.383728120884996, 45.362928137577235 ] ] ], [ [ [ 28.285952509146277, 45.534821163823672 ], [ 28.283181064475489, 45.533199067040862 ], [ 28.283412726470683, 45.534984009199739 ], [ 28.285952509146277, 45.534821163823672 ] ] ], [ [ [ 28.285952509146277, 45.534821163823672 ], [ 28.291495872712336, 45.538065124383159 ], [ 28.291032009242429, 45.534495305011056 ], [ 28.285952509146277, 45.534821163823672 ] ] ], [ [ [ 28.517881617773423, 45.56470374712007 ], [ 28.504226849755945, 45.558407468403544 ], [ 28.498193055179456, 45.551606685164558 ], [ 28.490658184863783, 45.571901894873491 ], [ 28.521858285293725, 45.575239407636126 ], [ 28.517881617773423, 45.56470374712007 ] ] ], [ [ [ 28.547468896602879, 45.613136721372086 ], [ 28.541423365690331, 45.606338953554854 ], [ 28.536100019559097, 45.604892460150928 ], [ 28.53087670956285, 45.623237289480265 ], [ 28.548191035863425, 45.618488249394034 ], [ 28.547468896602879, 45.613136721372086 ] ] ], [ [ [ 28.53087670956285, 45.623237289480265 ], [ 28.528574522514518, 45.625189751144056 ], [ 28.531116958529108, 45.625021199038429 ], [ 28.53087670956285, 45.623237289480265 ] ] ], [ [ [ 28.998068365040272, 45.661483080843475 ], [ 29.000354142669629, 45.659522072913916 ], [ 28.997812989144975, 45.659701167045547 ], [ 28.998068365040272, 45.661483080843475 ] ] ], [ [ [ 29.00137610617335, 45.666649673795575 ], [ 29.003150806159525, 45.661124814456201 ], [ 29.000609597585623, 45.661303975643698 ], [ 29.00137610617335, 45.666649673795575 ] ] ], [ [ [ 28.741459888454418, 45.699070623621068 ], [ 28.743756764405497, 45.697114121899126 ], [ 28.741212331365443, 45.697287616342507 ], [ 28.741459888454418, 45.699070623621068 ] ] ], [ [ [ 28.724315050112747, 45.72363670617603 ], [ 28.741459888454418, 45.699070623621068 ], [ 28.716507082304734, 45.704368809914108 ], [ 28.693355813765926, 45.70413975754213 ], [ 28.696803243964816, 45.729104514824947 ], [ 28.724315050112747, 45.72363670617603 ] ] ], [ [ [ 28.764873268617372, 45.940461098588855 ], [ 28.770284451439739, 45.923891467511552 ], [ 28.75856554301005, 45.913892951722396 ], [ 28.755456343786513, 45.928504868393361 ], [ 28.763621506920561, 45.931546918543297 ], [ 28.764372493182684, 45.936895431427295 ], [ 28.7597624181426, 45.940810395191178 ], [ 28.760763608940369, 45.947941796507443 ], [ 28.756402679098407, 45.953639551718126 ], [ 28.756903235785934, 45.957205276155634 ], [ 28.76226610282815, 45.958638849928384 ], [ 28.767378561730592, 45.958289337223775 ], [ 28.764873268617372, 45.940461098588855 ] ] ], [ [ [ 29.118712807047835, 46.275724415390613 ], [ 29.109495907476425, 46.283583422650217 ], [ 29.110025157558482, 46.287145876186408 ], [ 29.127744535826317, 46.284079013752475 ], [ 29.124115208384659, 46.2771381991627 ], [ 29.118712807047835, 46.275724415390613 ] ] ], [ [ [ 28.413750456982864, 50.144305396958998 ], [ 28.416247721574635, 50.142344281857099 ], [ 28.4134733205949, 50.142522408672434 ], [ 28.413750456982864, 50.144305396958998 ] ] ], [ [ [ 26.667291641042716, 50.838737244902248 ], [ 26.692718954687606, 50.837495554622343 ], [ 26.684888208235758, 50.819882281865127 ], [ 26.685968763687619, 50.805432436238085 ], [ 26.690307208306091, 50.794422438051264 ], [ 26.698120150875702, 50.788640919202763 ], [ 26.682268398324826, 50.775019678672628 ], [ 26.643414095645948, 50.78231093665628 ], [ 26.623443759157052, 50.781478900050303 ], [ 26.60586681426004, 50.776928910993632 ], [ 26.572002083601227, 50.778556655662605 ], [ 26.569606311804026, 50.78227054306376 ], [ 26.552883969859437, 50.784869828219151 ], [ 26.585856965402975, 50.799486680615459 ], [ 26.619257381277031, 50.841067600451979 ], [ 26.627734478241816, 50.84065779242669 ], [ 26.642728462997184, 50.847129811877345 ], [ 26.667291641042716, 50.838737244902248 ] ] ], [ [ [ 27.028328325111925, 50.905174358484324 ], [ 27.017480628198449, 50.909335714159738 ], [ 27.038668183163882, 50.919036963434202 ], [ 27.034911416741672, 50.912032458827241 ], [ 27.029023677712622, 50.910537894338745 ], [ 27.028328325111925, 50.905174358484324 ] ] ], [ [ [ 29.749741166642632, 50.791310685202284 ], [ 29.751875687936639, 50.787544982372175 ], [ 29.757481800345133, 50.7871209434036 ], [ 29.754472037908336, 50.771129172075241 ], [ 29.746530208455642, 50.759114620379911 ], [ 29.747996189232872, 50.751795224809939 ], [ 29.722120321744676, 50.750144238581839 ], [ 29.718653916199571, 50.746801233222889 ], [ 29.70711783295183, 50.745867727833122 ], [ 29.688322899262598, 50.736467894653458 ], [ 29.68419764375459, 50.729569270843655 ], [ 29.678597304031765, 50.729989446939037 ], [ 29.673658296639651, 50.73396389876747 ], [ 29.681908042284615, 50.747761809595765 ], [ 29.683082848350942, 50.769298644920205 ], [ 29.689019576717385, 50.770655206495611 ], [ 29.698278512392495, 50.789782904369737 ], [ 29.710491219418966, 50.794270921854128 ], [ 29.749741166642632, 50.791310685202284 ] ] ], [ [ [ 26.84848079929408, 51.03673636489458 ], [ 26.861650999354804, 51.005478581972604 ], [ 26.850312807063052, 51.006048820302169 ], [ 26.851441790030595, 51.014990778819644 ], [ 26.84428988364126, 51.026148344686725 ], [ 26.84848079929408, 51.03673636489458 ] ] ], [ [ [ 27.843301652786447, 50.968080728081283 ], [ 27.82989019182272, 50.954465736217621 ], [ 27.816021846035305, 50.957080178968603 ], [ 27.808591232195557, 50.964717390449671 ], [ 27.797545478162732, 50.967164192416504 ], [ 27.802730444464146, 50.983064876888541 ], [ 27.808648676173128, 50.984518915418171 ], [ 27.810951819273654, 50.980783132149341 ], [ 27.827392002863604, 50.976217989113586 ], [ 27.852573667823744, 50.972935990850779 ], [ 27.843301652786447, 50.968080728081283 ] ] ], [ [ [ 27.852573667823744, 50.972935990850779 ], [ 27.855664766687717, 50.97455423048185 ], [ 27.855400716472829, 50.972769319352629 ], [ 27.852573667823744, 50.972935990850779 ] ] ], [ [ [ 27.039374615362568, 51.208779392583018 ], [ 27.063338868519828, 51.194936324215128 ], [ 27.079936539441839, 51.190472041910013 ], [ 27.122366593653652, 51.186451263943638 ], [ 27.123546594669961, 51.173789728490966 ], [ 27.115723663212083, 51.158001126736515 ], [ 27.121165007809804, 51.134316315930732 ], [ 27.126609582011767, 51.132230211873299 ], [ 27.128500500269539, 51.124931015259875 ], [ 27.146716041273113, 51.111371719229872 ], [ 27.152394966814402, 51.111071919710611 ], [ 27.148841225869806, 51.10585970716145 ], [ 27.154261585851003, 51.082174046515064 ], [ 27.179768931314687, 51.059223651428951 ], [ 27.209764858491475, 51.048627777087056 ], [ 27.235040784032112, 51.045476825705144 ], [ 27.272620376719196, 51.048858119670832 ], [ 27.275940295141954, 51.052279270456054 ], [ 27.287523739107076, 51.05345428063066 ], [ 27.297002486735273, 51.060142179894797 ], [ 27.305508996150369, 51.059681760199773 ], [ 27.309960610362364, 51.05044022841939 ], [ 27.325503247448861, 51.038796225574039 ], [ 27.339183739202685, 51.034451781296831 ], [ 27.333415761103964, 51.01316479742254 ], [ 27.316664197089867, 51.015875324706762 ], [ 27.298292884261976, 51.02767133903027 ], [ 27.262179964553269, 51.035019951838485 ], [ 27.181619103951409, 51.030325890178666 ], [ 27.145232541651207, 51.014252890013388 ], [ 27.128463222774084, 50.995337727065184 ], [ 27.124684845890517, 50.966737770771395 ], [ 27.13623847150734, 50.946329790894154 ], [ 27.165225568963102, 50.928597706051306 ], [ 27.181718994882697, 50.924122436145581 ], [ 27.201513606954631, 50.923068750630293 ], [ 27.197255760371537, 50.912495826143477 ], [ 27.202637187812542, 50.888809218378164 ], [ 27.225436687417957, 50.867790887443654 ], [ 27.249894323624748, 50.859278630911056 ], [ 27.240465534114271, 50.852585133078371 ], [ 27.212708648247244, 50.857671810521303 ], [ 27.187056934178436, 50.857239805849254 ], [ 27.195795813342965, 50.880174064790246 ], [ 27.190411487132177, 50.903860456987246 ], [ 27.184995956643021, 50.905948556422466 ], [ 27.183119962873445, 50.913248172715669 ], [ 27.154149163701963, 50.930984172707824 ], [ 27.118083560678887, 50.93828628205253 ], [ 27.092386341372801, 50.937834880635016 ], [ 27.060097596292891, 50.930521776982623 ], [ 27.038668183163882, 50.919036963434202 ], [ 27.055371746126404, 50.937967353052287 ], [ 27.059103695630615, 50.966571148477747 ], [ 27.05484118408144, 50.977592271227429 ], [ 27.044678742968149, 50.987119881539506 ], [ 27.048444007449913, 50.994123773679533 ], [ 27.042975518089353, 51.017806125432557 ], [ 27.037539876252385, 51.019888010751444 ], [ 27.035637358558198, 51.027186122248622 ], [ 27.024995388765518, 51.033136882097686 ], [ 27.02639189235077, 51.043863772379822 ], [ 27.022115921757351, 51.054884131956882 ], [ 27.014303128145603, 51.060687436080279 ], [ 27.01476816772686, 51.064263124985885 ], [ 27.026816215465551, 51.069039865879567 ], [ 27.030586545917398, 51.076044158914335 ], [ 27.036495854250408, 51.077537912501661 ], [ 27.048051365282898, 51.100336849158033 ], [ 27.042808824912921, 51.125807151977327 ], [ 27.037360863410019, 51.127889438986422 ], [ 27.035455305744893, 51.135187637227737 ], [ 27.019572352572329, 51.145008496446472 ], [ 27.024283394945776, 51.159163953974776 ], [ 27.021400720528067, 51.180911248607238 ], [ 27.027791583508115, 51.185980546409255 ], [ 27.03227603375127, 51.198347659473633 ], [ 27.02939625630906, 51.220095042320047 ], [ 27.039374615362568, 51.208779392583018 ] ] ], [ [ [ 26.87446415028532, 51.084022001303282 ], [ 26.882071440819519, 51.076439125133398 ], [ 26.87003514368876, 51.071646981711268 ], [ 26.853352410189459, 51.052689280598585 ], [ 26.854936597665692, 51.065207845285805 ], [ 26.848004995164523, 51.078154185910691 ], [ 26.85720169112286, 51.083091400840544 ], [ 26.868898961226964, 51.107699245736747 ], [ 26.87446415028532, 51.084022001303282 ] ] ], [ [ [ 26.86787631777684, 51.122148751959017 ], [ 26.872421919246232, 51.112921014706409 ], [ 26.866285415455483, 51.109630599910609 ], [ 26.86787631777684, 51.122148751959017 ] ] ], [ [ [ 26.865034701935908, 51.122291797465095 ], [ 26.868103682620568, 51.123937054282337 ], [ 26.86787631777684, 51.122148751959017 ], [ 26.865034701935908, 51.122291797465095 ] ] ], [ [ [ 26.486605743914147, 51.162311192871066 ], [ 26.489877814240725, 51.165756202415466 ], [ 26.498416170289612, 51.165353972493961 ], [ 26.500408334905419, 51.158062027050576 ], [ 26.486605743914147, 51.162311192871066 ] ] ], [ [ [ 27.508017356618687, 51.300567196028837 ], [ 27.510612732769257, 51.298622071983601 ], [ 27.507763705129445, 51.298781114123315 ], [ 27.508017356618687, 51.300567196028837 ] ] ], [ [ [ 28.318082438821701, 51.283120779740436 ], [ 28.325756328330929, 51.27723549316736 ], [ 28.342240939010207, 51.272595371182156 ], [ 28.36213690423757, 51.271339102427895 ], [ 28.368942982008594, 51.260102741260965 ], [ 28.384267944810546, 51.24832586025105 ], [ 28.39534265660145, 51.245821841258376 ], [ 28.397607861738251, 51.242075927379815 ], [ 28.430821076138926, 51.23455731414829 ], [ 28.413495629819103, 51.233861119254463 ], [ 28.404113727576433, 51.229055314727944 ], [ 28.373166120625083, 51.232820815628997 ], [ 28.368918466607234, 51.242094620882419 ], [ 28.353591272604412, 51.25386955608078 ], [ 28.323761088023527, 51.264754484546522 ], [ 28.301308096436042, 51.267965459502946 ], [ 28.312396006119645, 51.283477975529593 ], [ 28.318082438821701, 51.283120779740436 ] ] ], [ [ [ 28.298465723164743, 51.268143647053471 ], [ 28.301024014990947, 51.266182362757085 ], [ 28.298181749908146, 51.266360539019239 ], [ 28.298465723164743, 51.268143647053471 ] ] ], [ [ [ 27.498900653421707, 51.317277750401601 ], [ 27.498140384778608, 51.311919418373598 ], [ 27.503586561236101, 51.309815582300033 ], [ 27.508017356618687, 51.300567196028837 ], [ 27.479777145381124, 51.303940106047961 ], [ 27.480535058698798, 51.30929864094886 ], [ 27.475087785560081, 51.311401434863342 ], [ 27.473247472128087, 51.318704448448756 ], [ 27.462601624568592, 51.324695453057693 ], [ 27.463105914323176, 51.328267920016422 ], [ 27.489018115930364, 51.328629395463544 ], [ 27.498900653421707, 51.317277750401601 ] ] ], [ [ [ 27.391213042767248, 51.34843056186758 ], [ 27.396918541698071, 51.348117865940047 ], [ 27.399271532686313, 51.344388513765281 ], [ 27.387861411033395, 51.345013826182011 ], [ 27.391213042767248, 51.34843056186758 ] ] ], [ [ [ 27.200368701460562, 51.403727558695991 ], [ 27.24249218603676, 51.396082637242685 ], [ 27.243151063106122, 51.379847075106632 ], [ 27.254739155544527, 51.359426177524291 ], [ 27.270394405998431, 51.347785703399481 ], [ 27.281562538783149, 51.345384950760725 ], [ 27.289385332685796, 51.339563336200499 ], [ 27.272023298915144, 51.33869787885795 ], [ 27.256781880492699, 51.332316008658843 ], [ 27.217815002042173, 51.341599150522718 ], [ 27.156928492516794, 51.33762763038515 ], [ 27.169101544734161, 51.363984376284115 ], [ 27.163668040124918, 51.38767110838706 ], [ 27.158195900899884, 51.389759872685765 ], [ 27.153686062302246, 51.39899752042961 ], [ 27.180367234984317, 51.404788083620801 ], [ 27.18680836604295, 51.409846918676187 ], [ 27.197996480753968, 51.40745352488554 ], [ 27.200368701460562, 51.403727558695991 ] ] ], [ [ [ 28.030013037156685, 51.333274015159745 ], [ 28.025413081148379, 51.340754083823626 ], [ 28.026235589304335, 51.346106539353812 ], [ 28.037081767667345, 51.341850866087313 ], [ 28.035983628957183, 51.334714417107691 ], [ 28.030013037156685, 51.333274015159745 ] ] ], [ [ [ 27.24249218603676, 51.396082637242685 ], [ 27.245593044222662, 51.397716813130089 ], [ 27.245348733113644, 51.395929845539648 ], [ 27.24249218603676, 51.396082637242685 ] ] ], [ [ [ 30.182766214097317, 51.511312810789924 ], [ 30.21364153826724, 51.492643816600605 ], [ 30.247024646371198, 51.486387594508621 ], [ 30.266856190771684, 51.470384150436821 ], [ 30.291330288792334, 51.463021228246468 ], [ 30.290603467440228, 51.459473185677531 ], [ 30.298759051239731, 51.45701790113273 ], [ 30.306185885461929, 51.451014198187181 ], [ 30.305458224647484, 51.447466299127385 ], [ 30.311136037452819, 51.447011520915154 ], [ 30.310408097153129, 51.443463669727237 ], [ 30.31855965982162, 51.441007192275251 ], [ 30.325252578441063, 51.431454781167723 ], [ 30.330928084182947, 51.430999144692024 ], [ 30.330199027617819, 51.427451485168788 ], [ 30.352532522638725, 51.423852732429317 ], [ 30.343291162407283, 51.420990056877486 ], [ 30.342561409536309, 51.417442517288393 ], [ 30.347504866542465, 51.413438639224708 ], [ 30.347421852800021, 51.399020425848143 ], [ 30.351268445511014, 51.389695269035343 ], [ 30.356573350345876, 51.387464926999506 ], [ 30.357218233791894, 51.376594307579403 ], [ 30.345516962611832, 51.37573340284878 ], [ 30.344423899884855, 51.370412082909894 ], [ 30.324875372683174, 51.359361898106286 ], [ 30.353853067968231, 51.346212754597055 ], [ 30.373589794156945, 51.330196145143525 ], [ 30.389479524728305, 51.323502646871724 ], [ 30.393678391439114, 51.315950436121064 ], [ 30.403900918621289, 51.309713265272741 ], [ 30.431828536615157, 51.305643844597718 ], [ 30.438220919333702, 51.308730481978067 ], [ 30.463683020779879, 51.30665688673367 ], [ 30.458646958160003, 51.296248320597172 ], [ 30.46393566513559, 51.294013902139632 ], [ 30.462832102657277, 51.288694331133478 ], [ 30.450418420530472, 51.284296527194286 ], [ 30.453869553526562, 51.273196341986129 ], [ 30.465177171066472, 51.272274361224532 ], [ 30.483611003438671, 51.277981743385453 ], [ 30.506964707546242, 51.27967677613578 ], [ 30.516793256858442, 51.27165792553614 ], [ 30.540746914177387, 51.262477150633977 ], [ 30.570487400234569, 51.267240132341506 ], [ 30.574800390726264, 51.27409742954508 ], [ 30.587221407906416, 51.27848142276266 ], [ 30.596662001530284, 51.268684007459292 ], [ 30.607590686734149, 51.265975850735991 ], [ 30.609669655683273, 51.262196898406081 ], [ 30.634345211784684, 51.256542782555144 ], [ 30.644145473764489, 51.248514568656496 ], [ 30.640573371450014, 51.245204851443191 ], [ 30.620806447916927, 51.246846634150678 ], [ 30.603116585342633, 51.244706298872849 ], [ 30.568708782152104, 51.231320947990689 ], [ 30.550516814694177, 51.212984860705255 ], [ 30.544598861065268, 51.184620353014537 ], [ 30.548022389260588, 51.17351900992827 ], [ 30.553292772534256, 51.1712814918275 ], [ 30.554865485427587, 51.151316304042169 ], [ 30.560133078892648, 51.149078628342579 ], [ 30.556437971394416, 51.131351193078167 ], [ 30.562673044485184, 51.120017437491796 ], [ 30.557136070263699, 51.093426259281806 ], [ 30.567150522819137, 51.072764308791989 ], [ 30.574853327770036, 51.068521311699364 ], [ 30.559778761813238, 51.037309463194219 ], [ 30.560983755459052, 51.015571989232932 ], [ 30.570984113283629, 50.994910798217795 ], [ 30.598560115820558, 50.976398449622053 ], [ 30.633946862422874, 50.968048047786141 ], [ 30.682775108847938, 50.969381715190529 ], [ 30.713451481539789, 50.979433363965938 ], [ 30.711958556352268, 50.972345438294589 ], [ 30.699614051174041, 50.96797116652305 ], [ 30.69531785933178, 50.961118132898861 ], [ 30.689333635603074, 50.959816222223836 ], [ 30.676085095508586, 50.937482758781123 ], [ 30.674435325664188, 50.915981855769608 ], [ 30.677815710486623, 50.904879611188527 ], [ 30.685110182248724, 50.898859189320696 ], [ 30.678763587986595, 50.895784122552698 ], [ 30.677651116737984, 50.890467555689135 ], [ 30.672047240010325, 50.890936441129725 ], [ 30.654652195096673, 50.903209351348444 ], [ 30.638573337009266, 50.908156938973583 ], [ 30.593715947646572, 50.911886485493348 ], [ 30.552260106613872, 50.904498823907275 ], [ 30.523008932903188, 50.887077133270687 ], [ 30.524833663139407, 50.895942121886883 ], [ 30.521416250887157, 50.907041785086456 ], [ 30.516172661010856, 50.909276309674489 ], [ 30.528604957446387, 50.928086662777829 ], [ 30.528113208820759, 50.953370274564733 ], [ 30.518099677657244, 50.974028233910403 ], [ 30.503441226714521, 50.986051220182958 ], [ 30.466294568995199, 50.99991318640437 ], [ 30.444174836715408, 51.003522713783454 ], [ 30.406547593164348, 51.001176813479383 ], [ 30.384704724605907, 50.992131574914382 ], [ 30.373823254666785, 50.994815976029159 ], [ 30.383698962633993, 51.001227809487872 ], [ 30.396108745235281, 51.020054047629827 ], [ 30.407356561967926, 51.019140864511598 ], [ 30.440102036423429, 51.025491073351965 ], [ 30.459158743100399, 51.034754223233847 ], [ 30.477236025271072, 51.053110001311367 ], [ 30.483704970495694, 51.070611389666595 ], [ 30.480015424185389, 51.094353720545705 ], [ 30.474749381849723, 51.096587616627296 ], [ 30.473396182655254, 51.103910683254028 ], [ 30.445695846287055, 51.122399909907649 ], [ 30.410151875450886, 51.13070065235847 ], [ 30.392876380853856, 51.130298954553474 ], [ 30.385508339939815, 51.136304879408002 ], [ 30.358038454826264, 51.142131834198167 ], [ 30.343648834244593, 51.155913394677889 ], [ 30.332726808449692, 51.158596072863254 ], [ 30.330627907168353, 51.162370937997714 ], [ 30.295028434073174, 51.170638980450562 ], [ 30.254442052169942, 51.168476338043654 ], [ 30.250903667976225, 51.165152898501127 ], [ 30.239257698365947, 51.164278471256559 ], [ 30.216648730502065, 51.151654832640666 ], [ 30.192676807234335, 51.160768826018042 ], [ 30.164807570491405, 51.164777227545386 ], [ 30.127049708888102, 51.162346284716484 ], [ 30.12069793861339, 51.159240465673527 ], [ 30.097411037267896, 51.157463830850908 ], [ 30.093884404384372, 51.154134989202618 ], [ 30.080122360514498, 51.157015808829513 ], [ 30.064938695683587, 51.16721668540616 ], [ 30.029277463191136, 51.175405558112281 ], [ 29.997858402517974, 51.176043746527839 ], [ 29.99008056695374, 51.18025180395972 ], [ 29.967826795564505, 51.183776337045458 ], [ 29.94770151721038, 51.183527287679951 ], [ 29.938532179888636, 51.180628845161408 ], [ 29.918753313960842, 51.182150589713693 ], [ 29.922842747646257, 51.217886652957837 ], [ 29.912506640116032, 51.238508409065638 ], [ 29.897603554641318, 51.250466501200769 ], [ 29.870679732978051, 51.259736290334587 ], [ 29.86922723193128, 51.267057182089339 ], [ 29.854303720064848, 51.279010714585503 ], [ 29.843318801364859, 51.281650016457732 ], [ 29.841173941452617, 51.285418218024333 ], [ 29.797216361247816, 51.295965014458361 ], [ 29.753686802733327, 51.293845587626961 ], [ 29.750172230302457, 51.290505583927697 ], [ 29.738497581019764, 51.289581861007768 ], [ 29.716288084127847, 51.27863376472034 ], [ 29.712438718558953, 51.273515525538421 ], [ 29.681275176584609, 51.275848254062822 ], [ 29.648426227311106, 51.269286659932902 ], [ 29.641752300161663, 51.26437651465686 ], [ 29.599255980010806, 51.267529411936017 ], [ 29.581588162186126, 51.265231211095177 ], [ 29.566089327966182, 51.259166161547945 ], [ 29.554756745286284, 51.260001044450732 ], [ 29.517074700557338, 51.27358164771033 ], [ 29.472050571616077, 51.278674377181332 ], [ 29.413708140364356, 51.273901926612453 ], [ 29.410218975672546, 51.270550436882857 ], [ 29.398552449283116, 51.269591968774975 ], [ 29.38874288641053, 51.263092428427605 ], [ 29.383073563985224, 51.263501442122539 ], [ 29.364114116365904, 51.254055579418015 ], [ 29.35998048454174, 51.247145226221043 ], [ 29.334071032320693, 51.230986866253872 ], [ 29.321372030663316, 51.208472335532548 ], [ 29.325023483042955, 51.181182613650016 ], [ 29.34944007693931, 51.157807578844817 ], [ 29.327705119947492, 51.14855674328156 ], [ 29.320438463585219, 51.14006825841301 ], [ 29.315105052980627, 51.142252082648277 ], [ 29.277380262458355, 51.139541303212489 ], [ 29.206296448390393, 51.110352099026883 ], [ 29.188680681602424, 51.091776704705211 ], [ 29.183325709735495, 51.077740614209695 ], [ 29.185182422911829, 51.055989403240169 ], [ 29.179219864647798, 51.054607965216768 ], [ 29.166653279451843, 51.032070964425351 ], [ 29.167598095690998, 51.037409486275081 ], [ 29.162267979628112, 51.039586070619961 ], [ 29.160704432889595, 51.046902654113595 ], [ 29.145336940575621, 51.056990180802494 ], [ 29.15444657212068, 51.076169002347754 ], [ 29.15319614303851, 51.085265147857193 ], [ 29.16607501067033, 51.093368581243809 ], [ 29.173621818554178, 51.103647797593489 ], [ 29.178364881552692, 51.130339437562839 ], [ 29.174606783011889, 51.141414211522985 ], [ 29.169265529279595, 51.143591646772755 ], [ 29.167701446878638, 51.150908435445025 ], [ 29.15481754796275, 51.159020259305933 ], [ 29.155449340052655, 51.162579304094713 ], [ 29.174963175548953, 51.175621693235733 ], [ 29.183479378659719, 51.191237804637453 ], [ 29.211794715325141, 51.189240354994716 ], [ 29.244536106444091, 51.195930891799343 ], [ 29.26344764957431, 51.205398468498416 ], [ 29.264088860014365, 51.208956510668237 ], [ 29.288031689753005, 51.214458746309333 ], [ 29.320228427384631, 51.233780578332933 ], [ 29.332935342153633, 51.256294945891426 ], [ 29.332043684676638, 51.267170312848791 ], [ 29.340549410399472, 51.266560366200494 ], [ 29.344033365863364, 51.269914194394893 ], [ 29.3556994621011, 51.270878189149805 ], [ 29.374664712596996, 51.280325189227383 ], [ 29.37880408826851, 51.287234784262012 ], [ 29.388291513182754, 51.291956566539284 ], [ 29.401050637359877, 51.314461223250944 ], [ 29.40083028165434, 51.328893155220705 ], [ 29.397116163398682, 51.339973407062232 ], [ 29.391764575739504, 51.342161659770824 ], [ 29.396019813373769, 51.365280659426155 ], [ 29.390115862143485, 51.380122688712596 ], [ 29.384759402928779, 51.382310848482433 ], [ 29.382675331197682, 51.402283098985464 ], [ 29.419752285659516, 51.415824630656246 ], [ 29.450372029630387, 51.410000935929261 ], [ 29.455397746124159, 51.406031661982425 ], [ 29.482831666360482, 51.398628414040537 ], [ 29.500216847663328, 51.399161625940906 ], [ 29.505384490274082, 51.411398947754385 ], [ 29.511735432363292, 51.414538812737881 ], [ 29.513398907328639, 51.423427897212441 ], [ 29.521929601870173, 51.422803433053041 ], [ 29.52492891634483, 51.438803298105611 ], [ 29.519573090356602, 51.440997691689681 ], [ 29.521906528861404, 51.45344208396218 ], [ 29.534957850896578, 51.461496683706933 ], [ 29.538969167259236, 51.482828930131795 ], [ 29.544663335179909, 51.482411107647351 ], [ 29.546840823397918, 51.478646819509912 ], [ 29.55253435285028, 51.478228638847618 ], [ 29.554711010068321, 51.474464242614509 ], [ 29.560403901056105, 51.474045703902362 ], [ 29.581158261358432, 51.461703944915428 ], [ 29.60594207738605, 51.470687533211233 ], [ 29.610325206281729, 51.49379309589105 ], [ 29.621713993469225, 51.492950121705796 ], [ 29.628084323436543, 51.496082733628633 ], [ 29.632961493584052, 51.506535053961038 ], [ 29.641166275262982, 51.504123979110922 ], [ 29.64299762808859, 51.498581023897295 ], [ 29.652217577261222, 51.501500754108356 ], [ 29.653235066263147, 51.506832156650702 ], [ 29.672488620177258, 51.501794597534186 ], [ 29.674188570034069, 51.510679777785121 ], [ 29.683753281885295, 51.515373813349157 ], [ 29.701523368383945, 51.517651671659827 ], [ 29.711433879658973, 51.524120110539592 ], [ 29.712459108235858, 51.529450650283913 ], [ 29.741630334345281, 51.53086873797173 ], [ 29.742421190736795, 51.519994620140729 ], [ 29.747430859388011, 51.516013347022771 ], [ 29.741050088760311, 51.512887789065473 ], [ 29.740022130972189, 51.507557642938522 ], [ 29.745716339428327, 51.507129916299576 ], [ 29.742974933453613, 51.492916314068893 ], [ 29.734436161933221, 51.493557476827341 ], [ 29.733409685822437, 51.488227218501883 ], [ 29.734545021228591, 51.479129866832068 ], [ 29.741027549854984, 51.467828507033268 ], [ 29.746374445465278, 51.46562426484055 ], [ 29.744663217138477, 51.456740732670426 ], [ 29.753194883004014, 51.456099149855291 ], [ 29.766384721877984, 51.449698657607804 ], [ 29.783444114481647, 51.448411840682979 ], [ 29.796627167399578, 51.442008222064246 ], [ 29.794037276390856, 51.458426399087607 ], [ 29.81178820183456, 51.460688186252945 ], [ 29.816785488681948, 51.456704525679655 ], [ 29.815405941119813, 51.449599043671256 ], [ 29.830311053224833, 51.45207353420507 ], [ 29.843066451058093, 51.458314674313293 ], [ 29.851249836939846, 51.455889719327779 ], [ 29.850211141003019, 51.450561108992567 ], [ 29.881131855074059, 51.446401623847429 ], [ 29.881068481778254, 51.46082713222242 ], [ 29.889945599666706, 51.461951601470531 ], [ 29.892381507959588, 51.474383623199898 ], [ 29.88669363815637, 51.474818273041244 ], [ 29.887389501528386, 51.478370314156585 ], [ 29.893426002952275, 51.479711599108029 ], [ 29.894470818708854, 51.485039554964537 ], [ 29.920768948410167, 51.486631217571713 ], [ 29.930701154708192, 51.49307978605998 ], [ 29.949211559329108, 51.484446618275392 ], [ 29.947459785723133, 51.475568012654257 ], [ 29.952445911768148, 51.471579008576519 ], [ 29.966661745549896, 51.470483948465791 ], [ 29.972314390220564, 51.484469623725907 ], [ 29.978705309695258, 51.487581908411087 ], [ 29.995064457660682, 51.482712543457424 ], [ 30.011046238264662, 51.4904892300979 ], [ 30.016734110725682, 51.490048455102382 ], [ 30.021698114800135, 51.50048013678429 ], [ 30.013870771686438, 51.50469244176788 ], [ 30.042317304069165, 51.502484719435529 ], [ 30.050141405971697, 51.49827064421801 ], [ 30.078936702867779, 51.497829396434796 ], [ 30.103817087918578, 51.492278844548366 ], [ 30.108790259539173, 51.488283709104749 ], [ 30.120162210950863, 51.487392434007454 ], [ 30.126562711447427, 51.49049606915122 ], [ 30.120176549608708, 51.501814366053104 ], [ 30.124092746277285, 51.506915880859779 ], [ 30.132624876574646, 51.506246242913164 ], [ 30.13190925889425, 51.502696630754336 ], [ 30.147179608328845, 51.492482033561181 ], [ 30.16387818076447, 51.489364399460861 ], [ 30.167827674736063, 51.508885439275261 ], [ 30.174234341375637, 51.511986142449473 ], [ 30.182766214097317, 51.511312810789924 ] ], [ [ 29.987265876589518, 51.472499067144817 ], [ 29.975542102693193, 51.471601684826588 ], [ 29.946101418035337, 51.454040529199922 ], [ 29.931636227738416, 51.424507520335325 ], [ 29.932033738525604, 51.411858596339925 ], [ 29.942390523481777, 51.391233496467429 ], [ 29.957322691722027, 51.379267927745602 ], [ 29.968322533535094, 51.376617002284775 ], [ 29.985378842399626, 51.360878219164142 ], [ 30.011982056497665, 51.349804548870679 ], [ 29.985797388695442, 51.333805995819958 ], [ 29.972751321272604, 51.311380096716427 ], [ 29.972791237652871, 51.296956028997329 ], [ 29.98310942043685, 51.276329539251371 ], [ 30.013575701223274, 51.255942140519572 ], [ 30.054958696667775, 51.247313684109031 ], [ 30.092786476571391, 51.24976484807798 ], [ 30.133454211106521, 51.266402517441328 ], [ 30.143337876740727, 51.24399088715893 ], [ 30.171237071198206, 51.225564172223137 ], [ 30.209730823930055, 51.217106646875948 ], [ 30.22986648009697, 51.217309374827465 ], [ 30.262739198648053, 51.223703966978171 ], [ 30.281851538725054, 51.232994077289717 ], [ 30.299949895739875, 51.251377408197804 ], [ 30.305667131868756, 51.265342923131925 ], [ 30.301881569715686, 51.289085321446827 ], [ 30.280386670238979, 51.310638702187269 ], [ 30.251046681616707, 51.321995120576652 ], [ 30.208568104177246, 51.325371697463076 ], [ 30.175625875037742, 51.318964962126884 ], [ 30.165702662475319, 51.312537228335295 ], [ 30.160395583094822, 51.314758858250499 ], [ 30.159702526951385, 51.325630604447184 ], [ 30.15439367418346, 51.327852050904241 ], [ 30.152986400336051, 51.335174345412206 ], [ 30.138121894787933, 51.347161809957456 ], [ 30.132453650171076, 51.347607594636557 ], [ 30.140258721007832, 51.357810715005314 ], [ 30.146284578750098, 51.359139271154817 ], [ 30.159787698757551, 51.383315484040182 ], [ 30.159452969059267, 51.395962024859422 ], [ 30.154850984518781, 51.401733325643832 ], [ 30.157353476593521, 51.414156339709805 ], [ 30.144968261240464, 51.438569015434801 ], [ 30.130071045208187, 51.450557271572855 ], [ 30.119065187126729, 51.453223945412873 ], [ 30.111611744354256, 51.459216889312145 ], [ 30.095275338632579, 51.464101642612967 ], [ 30.075382790080166, 51.465655938247039 ], [ 30.051220884431462, 51.474750295073669 ], [ 30.008576667766871, 51.478061300561606 ], [ 29.990812730507791, 51.475830378027737 ], [ 29.987265876589518, 51.472499067144817 ] ] ], [ [ [ 27.161762520631566, 51.522769951126485 ], [ 27.188222258481204, 51.505171844236202 ], [ 27.204916516658272, 51.500686478643381 ], [ 27.199189867606343, 51.500990458458105 ], [ 27.192733657249249, 51.495932815889653 ], [ 27.184144341281293, 51.496387759412578 ], [ 27.176282269126389, 51.502203594362946 ], [ 27.159584295999775, 51.506684977097365 ], [ 27.116622681564269, 51.508941624137634 ], [ 27.083919100765396, 51.501649156383834 ], [ 27.062204082930467, 51.490178343144201 ], [ 27.05838945322602, 51.483176589490597 ], [ 27.052425904604512, 51.481685752936059 ], [ 27.040755792423884, 51.458891169492624 ], [ 27.041485614402539, 51.442654469119169 ], [ 27.045785274857106, 51.43163268096577 ], [ 27.05365331251144, 51.425825460129786 ], [ 27.052942177821752, 51.420462641910888 ], [ 27.04436477160581, 51.420906886972773 ], [ 27.04103250183514, 51.417479535673067 ], [ 27.029360339046516, 51.416282850720108 ], [ 27.010794213442779, 51.406440728923592 ], [ 26.993921493518425, 51.387509648620117 ], [ 26.988956227162529, 51.371565842553395 ], [ 26.972517895073466, 51.377807416122415 ], [ 26.970127876315658, 51.381529307072888 ], [ 26.92842786697118, 51.392652954842958 ], [ 26.902935684566042, 51.395744087318924 ], [ 26.882696541265275, 51.394965557198844 ], [ 26.873661638138834, 51.391820790521002 ], [ 26.865316246067582, 51.39403997370033 ], [ 26.86692312071176, 51.406557537698568 ], [ 26.854918841906692, 51.425157353135646 ], [ 26.872310953668631, 51.426084112526539 ], [ 26.875631616088903, 51.429516657721038 ], [ 26.887304403025816, 51.430728734995697 ], [ 26.908948465714023, 51.442234413224476 ], [ 26.925809028774896, 51.461178174550327 ], [ 26.929297516654081, 51.48799821192673 ], [ 26.914899956635423, 51.510325268994876 ], [ 26.938289304629254, 51.512738975298028 ], [ 26.956942987776522, 51.500990884485269 ], [ 26.999203187940854, 51.493429682393028 ], [ 27.019486520335324, 51.494186517146872 ], [ 27.052175809408713, 51.501497540964394 ], [ 27.073894097238284, 51.512970115202464 ], [ 27.077713954482824, 51.519971187131411 ], [ 27.103020106487016, 51.515052602497754 ], [ 27.126177984209729, 51.515640898730318 ], [ 27.14384825823328, 51.518313189290907 ], [ 27.153167653790707, 51.523222792900349 ], [ 27.161762520631566, 51.522769951126485 ] ] ], [ [ [ 26.749428190478667, 51.478987534321384 ], [ 26.760133457828104, 51.449665626591305 ], [ 26.740545962648728, 51.454228826160175 ], [ 26.749428190478667, 51.478987534321384 ] ] ], [ [ [ 27.807808794057628, 51.42388341535657 ], [ 27.810397282484082, 51.421931846605275 ], [ 27.807542340450564, 51.422098462693917 ], [ 27.807808794057628, 51.42388341535657 ] ] ], [ [ [ 27.807808794057628, 51.42388341535657 ], [ 27.805220086351632, 51.425834934572059 ], [ 27.808075275047017, 51.425668366482839 ], [ 27.807808794057628, 51.42388341535657 ] ] ], [ [ [ 26.751234026407019, 51.493296055789592 ], [ 26.753195680387684, 51.486000840298956 ], [ 26.750330922282945, 51.486141805113071 ], [ 26.751234026407019, 51.493296055789592 ] ] ], [ [ [ 27.793869589957914, 51.446301796168989 ], [ 27.79645988890767, 51.444350470644942 ], [ 27.793603466184891, 51.444516798503791 ], [ 27.793869589957914, 51.446301796168989 ] ] ], [ [ [ 26.78397357097802, 51.524075169995008 ], [ 26.771598016658434, 51.517487969279465 ], [ 26.758321093972242, 51.503745215160706 ], [ 26.76171648638265, 51.530573093038669 ], [ 26.78397357097802, 51.524075169995008 ] ] ], [ [ [ 27.784706478363582, 51.500849490620539 ], [ 27.799997995732898, 51.487356319069377 ], [ 27.805716089595499, 51.487023086520331 ], [ 27.793674674742906, 51.464318063325408 ], [ 27.793869589957914, 51.446301796168989 ], [ 27.767423948769412, 51.462242142823925 ], [ 27.74249648743406, 51.469086146134771 ], [ 27.696760642945957, 51.471718935271582 ], [ 27.664006678557929, 51.464591357035253 ], [ 27.651268966459284, 51.456315952175572 ], [ 27.645813355445465, 51.458427054376884 ], [ 27.646594906311236, 51.463783659572684 ], [ 27.638800075111732, 51.469628294828532 ], [ 27.639320743371112, 51.473199410575226 ], [ 27.668956812640147, 51.478711764742506 ], [ 27.687686034288788, 51.488442800256422 ], [ 27.697842151666727, 51.498663092772922 ], [ 27.717600546449642, 51.49572755720942 ], [ 27.743554103296781, 51.476226854368718 ], [ 27.757582334437348, 51.473615137233438 ], [ 27.76981237103028, 51.47830789190575 ], [ 27.769343313361141, 51.494539367946089 ], [ 27.775328543417714, 51.495992648584917 ], [ 27.77586037124405, 51.499562746604965 ], [ 27.784706478363582, 51.500849490620539 ] ] ], [ [ [ 26.758848974598418, 51.530714352221224 ], [ 26.761943032731953, 51.532361608146772 ], [ 26.76171648638265, 51.530573093038669 ], [ 26.758848974598418, 51.530714352221224 ] ] ], [ [ [ 28.796370427432141, 51.4268024677623 ], [ 28.786605156864461, 51.420249932210737 ], [ 28.782234886844158, 51.411534968538291 ], [ 28.757510853913082, 51.418588119832982 ], [ 28.767575647697832, 51.426924414716993 ], [ 28.765941714116956, 51.434238874869614 ], [ 28.780493774278099, 51.435069431534181 ], [ 28.783952480833229, 51.438441222568073 ], [ 28.788432831238097, 51.43093619029878 ], [ 28.796370427432141, 51.4268024677623 ] ] ], [ [ [ 28.736838614091749, 51.432572237290572 ], [ 28.741932140186108, 51.428631194024661 ], [ 28.738477239716246, 51.425257993674293 ], [ 28.747024796316882, 51.424689964377109 ], [ 28.7492677078077, 51.420938073790985 ], [ 28.729627043284882, 51.424044116094912 ], [ 28.697380481806249, 51.420774924748443 ], [ 28.700995378270893, 51.442151904836663 ], [ 28.736838614091749, 51.432572237290572 ] ] ], [ [ [ 27.966799503770464, 51.578355638550676 ], [ 27.960797965242584, 51.576912821429744 ], [ 27.959702504471323, 51.569775491363437 ], [ 27.944292963942239, 51.563490211104742 ], [ 27.943473658359721, 51.558137015464851 ], [ 28.03127559635999, 51.565487990139488 ], [ 28.018547402976896, 51.539243160089768 ], [ 28.023542839200303, 51.515533590386845 ], [ 28.03129298476426, 51.509664860512096 ], [ 28.03304775880353, 51.502356299482869 ], [ 28.061996800114045, 51.484401565169698 ], [ 28.078584890826129, 51.479794958799907 ], [ 28.098582551961744, 51.478580036284477 ], [ 28.098025938288355, 51.475012373612344 ], [ 28.078943846863439, 51.46356647789549 ], [ 28.069907641095739, 51.442505611379538 ], [ 28.061343607833368, 51.443024355167204 ], [ 28.057936087232665, 51.439629137025918 ], [ 28.046241828755374, 51.438535420448495 ], [ 28.027463178771395, 51.428864084035851 ], [ 28.016978401394098, 51.416890525938577 ], [ 28.010997301724196, 51.415449539769099 ], [ 27.998877998725984, 51.392768801885474 ], [ 28.000635327830565, 51.385460666109879 ], [ 27.989109385007957, 51.404158608570555 ], [ 27.978790006107872, 51.4119791554442 ], [ 27.985196221239104, 51.435004161461286 ], [ 27.980185439412473, 51.458712586998239 ], [ 27.96754244478343, 51.470272124984838 ], [ 27.968361996332909, 51.475625126289195 ], [ 27.962920308516477, 51.477750586226605 ], [ 27.961154725363979, 51.485058483574448 ], [ 27.943054880887978, 51.498741056420002 ], [ 27.937336973955606, 51.499081038545192 ], [ 27.950278563230693, 51.52712131595213 ], [ 27.945243834619216, 51.550829198738754 ], [ 27.939792277416384, 51.552953947417457 ], [ 27.935431108851567, 51.562216193450425 ], [ 27.944839308321828, 51.56705900029575 ], [ 27.952206680837541, 51.577424534962027 ], [ 27.954122503026596, 51.589915029237773 ], [ 27.966677731996874, 51.596369518734207 ], [ 27.974997664376879, 51.594072343825289 ], [ 27.966799503770464, 51.578355638550676 ] ] ], [ [ [ 26.329925962360768, 51.637415213073481 ], [ 26.331960368870455, 51.630125099665484 ], [ 26.339955654491799, 51.624362589423889 ], [ 26.316531645297633, 51.6218298743253 ], [ 26.313236950759528, 51.618380717782863 ], [ 26.301526769316361, 51.617112216202756 ], [ 26.283024824381698, 51.607152517758571 ], [ 26.279317430254803, 51.600122409863566 ], [ 26.266989782317555, 51.593480389522647 ], [ 26.278108124903518, 51.614571641937857 ], [ 26.278356742014232, 51.641550484899625 ], [ 26.295826499798018, 51.64256107886002 ], [ 26.320100829070874, 51.652256942226614 ], [ 26.32192716961799, 51.643177132020234 ], [ 26.329925962360768, 51.637415213073481 ] ] ], [ [ [ 29.168590398018939, 51.525612909792912 ], [ 29.185062406066759, 51.520853331982536 ], [ 29.210407672400837, 51.517268216804034 ], [ 29.230691454670957, 51.517638904485999 ], [ 29.254798117273104, 51.52314096801301 ], [ 29.249620041074266, 51.494677261931187 ], [ 29.25499637289742, 51.492494454663571 ], [ 29.256551800822837, 51.485176586322716 ], [ 29.272350802854426, 51.476847821452715 ], [ 29.270407146168001, 51.466174382703315 ], [ 29.274807216188673, 51.458654133264574 ], [ 29.300758788207446, 51.458608890629577 ], [ 29.308650277839778, 51.454442128953097 ], [ 29.306699714864529, 51.443769635508289 ], [ 29.312067251520688, 51.441584581525234 ], [ 29.313612584025361, 51.434266440025667 ], [ 29.308245954494996, 51.436451523406056 ], [ 29.270275487014366, 51.433749408876061 ], [ 29.266782787831477, 51.430393680358698 ], [ 29.255076258839484, 51.429422488392461 ], [ 29.23606793525212, 51.419957603577622 ], [ 29.235424050389817, 51.416399437001708 ], [ 29.191781436033637, 51.414073197206605 ], [ 29.15761058972323, 51.400256616072909 ], [ 29.153491680144896, 51.393338115040265 ], [ 29.136742714892723, 51.396311824407668 ], [ 29.107660894249999, 51.394737442225313 ], [ 29.092172303747628, 51.40482362844083 ], [ 29.127904145390744, 51.411343223254647 ], [ 29.150052866944268, 51.422407210233359 ], [ 29.167796676823759, 51.440983506231085 ], [ 29.173522270319253, 51.456797992928195 ], [ 29.172913906137723, 51.469453347354118 ], [ 29.16218568749332, 51.490025484269204 ], [ 29.146999301059161, 51.501899277876852 ], [ 29.111840157651571, 51.515163010472918 ], [ 29.123567567804201, 51.516147792976973 ], [ 29.142597044653431, 51.525630332995568 ], [ 29.149901598079424, 51.534128717256266 ], [ 29.166378863081306, 51.529371564020032 ], [ 29.168590398018939, 51.525612909792912 ] ] ], [ [ [ 27.612259475326361, 51.604360184055345 ], [ 27.601049263305757, 51.606794197934242 ], [ 27.596093503291108, 51.612474997653855 ], [ 27.602089906159438, 51.613936802947393 ], [ 27.613041168602727, 51.609717020737371 ], [ 27.612259475326361, 51.604360184055345 ] ] ], [ [ [ 26.838238252548074, 51.654558438612732 ], [ 26.835132883579064, 51.652913565727282 ], [ 26.835363313588907, 51.654701810516173 ], [ 26.838238252548074, 51.654558438612732 ] ] ], [ [ [ 26.838238252548074, 51.654558438612732 ], [ 26.84134384542849, 51.656203221841842 ], [ 26.841113167669207, 51.65441499661555 ], [ 26.838238252548074, 51.654558438612732 ] ] ], [ [ [ 26.844218848656702, 51.656059700605212 ], [ 26.847324753565381, 51.657704314916273 ], [ 26.847093828020867, 51.655916109273164 ], [ 26.844218848656702, 51.656059700605212 ] ] ], [ [ [ 28.257582461911564, 51.661495551200346 ], [ 28.253867570872178, 51.620304760475264 ], [ 28.277357091417617, 51.622445274356281 ], [ 28.289956284161882, 51.610853678231372 ], [ 28.29826006433434, 51.608534002474023 ], [ 28.294534548142835, 51.603363896413981 ], [ 28.29710060912641, 51.583392916586433 ], [ 28.284219091827417, 51.575192605407182 ], [ 28.271915636940175, 51.552547472005884 ], [ 28.272203410045829, 51.536321129869322 ], [ 28.283352258535718, 51.515815494718694 ], [ 28.269062525469547, 51.516706597095983 ], [ 28.236202069337313, 51.509744548873996 ], [ 28.21735514436212, 51.500106562996123 ], [ 28.203382125868487, 51.484762303503892 ], [ 28.175097691954853, 51.488306074735611 ], [ 28.169946412454912, 51.492224413312421 ], [ 28.179080857699041, 51.495264405554614 ], [ 28.196472604759521, 51.51400242439226 ], [ 28.200713546656619, 51.540753784331514 ], [ 28.189521517442344, 51.561253162797833 ], [ 28.166305205703964, 51.578888189343139 ], [ 28.155417845564788, 51.58315756322822 ], [ 28.185176516611286, 51.588533559528585 ], [ 28.214066594990559, 51.60656198735051 ], [ 28.226643930057229, 51.630997009675013 ], [ 28.221749003601257, 51.654711532223196 ], [ 28.214286517359906, 51.662376203150892 ], [ 28.229194367651814, 51.665056534311276 ], [ 28.236071938762738, 51.671834466257188 ], [ 28.257866284728291, 51.681288310586389 ], [ 28.266184538170602, 51.678970362872114 ], [ 28.257582461911564, 51.661495551200346 ] ] ], [ [ [ 26.871252147913982, 51.663705503772995 ], [ 26.873895442755295, 51.661773117767211 ], [ 26.871020230870691, 51.661917376668676 ], [ 26.871252147913982, 51.663705503772995 ] ] ], [ [ [ 26.885628527184487, 51.662983462267107 ], [ 26.877002771650606, 51.66341689747675 ], [ 26.877234936657992, 51.665205004894879 ], [ 26.886093553136902, 51.666559620556704 ], [ 26.885628527184487, 51.662983462267107 ] ] ], [ [ [ 28.825045569900503, 51.559989393201782 ], [ 28.830451863953066, 51.557825040875386 ], [ 28.82473803981933, 51.558208550161631 ], [ 28.825045569900503, 51.559989393201782 ] ] ], [ [ [ 27.201668938630153, 51.772661454301598 ], [ 27.20696981471216, 51.705779630606337 ], [ 27.189467230019275, 51.704906523624281 ], [ 27.155635664294181, 51.690490860660624 ], [ 27.134986950535865, 51.666375589378418 ], [ 27.114867553915481, 51.667428726672107 ], [ 27.076059593263686, 51.658650721474721 ], [ 27.073665359662304, 51.662374855608341 ], [ 27.062407858157648, 51.664758536294549 ], [ 27.06360547524736, 51.673696030028857 ], [ 27.056416431949263, 51.684867717820453 ], [ 27.057134737706047, 51.690230259267551 ], [ 27.066482283659838, 51.695145878280556 ], [ 27.073675926195829, 51.705572325066221 ], [ 27.077763871353834, 51.735958818941221 ], [ 27.066012197844916, 51.756367278879743 ], [ 27.044646912872658, 51.770071268121406 ], [ 27.201668938630153, 51.772661454301598 ] ] ], [ [ [ 29.108456663190921, 45.3782682765953 ], [ 29.110728074757876, 45.376306082142236 ], [ 29.108200328607484, 45.376486761172302 ], [ 29.108456663190921, 45.3782682765953 ] ] ], [ [ [ 29.168567456526258, 45.440550537838021 ], [ 29.172592267947369, 45.433061221346861 ], [ 29.193025144845976, 45.41538864512119 ], [ 29.184660965141056, 45.410592857395237 ], [ 29.180578873855975, 45.400088191724649 ], [ 29.156016559342927, 45.389257830335268 ], [ 29.129449596950032, 45.382165472157439 ], [ 29.121865857157633, 45.382708640329255 ], [ 29.1109844871077, 45.378087586403673 ], [ 29.126963847521562, 45.400341979517883 ], [ 29.13129355157503, 45.412630670137901 ], [ 29.130823436199606, 45.42706317098034 ], [ 29.120745945239296, 45.445783493143978 ], [ 29.130868841533712, 45.445058478618051 ], [ 29.149357677008929, 45.449131505544564 ], [ 29.151371762225356, 45.445387088742535 ], [ 29.168567456526258, 45.440550537838021 ] ] ], [ [ [ 29.072867958258289, 45.575191325604543 ], [ 29.075147774040072, 45.573229219580163 ], [ 29.072610983753179, 45.573409713863434 ], [ 29.072867958258289, 45.575191325604543 ] ] ], [ [ [ 29.344604535927363, 45.764324777244852 ], [ 29.352235512444654, 45.76376320542348 ], [ 29.359062950620849, 45.75786033439568 ], [ 29.353844346045559, 45.740244833824043 ], [ 29.356391229800582, 45.705857569488472 ], [ 29.34569351865445, 45.703045172714617 ], [ 29.321201200950739, 45.728244098556473 ], [ 29.309021603499811, 45.732736770455134 ], [ 29.318100351231898, 45.7590712378936 ], [ 29.316622357866155, 45.766379558134311 ], [ 29.322776935479951, 45.773128194008642 ], [ 29.330409539495051, 45.772567997170846 ], [ 29.344604535927363, 45.764324777244852 ] ] ], [ [ [ 29.068446951170568, 45.775297303409545 ], [ 29.070475507034061, 45.771553168634753 ], [ 29.067929710773761, 45.771734163644545 ], [ 29.068446951170568, 45.775297303409545 ] ] ], [ [ [ 29.473969792545461, 45.904137664428362 ], [ 29.463227838196492, 45.90133946002436 ], [ 29.458401713977402, 45.903499481591474 ], [ 29.469416577953563, 45.908077846454724 ], [ 29.48443958221711, 45.905155129843138 ], [ 29.507929057334511, 45.90699590104461 ], [ 29.50993029040924, 45.903245624604395 ], [ 29.473969792545461, 45.904137664428362 ] ] ], [ [ [ 29.789032877083454, 46.036770703496956 ], [ 29.80122939509479, 46.032224307120387 ], [ 29.803213170463703, 46.028469930941462 ], [ 29.8230636388395, 46.023326637533394 ], [ 29.863847711094504, 45.987742072559065 ], [ 29.873762755718058, 45.985166234917145 ], [ 29.880553642173066, 45.979233918242969 ], [ 29.879694235656938, 45.973900687999461 ], [ 29.886196642196051, 45.966190446771229 ], [ 29.885050619676271, 45.959079562690206 ], [ 29.859559843692185, 45.961074571113492 ], [ 29.830093319033615, 45.95437265012437 ], [ 29.804028627029805, 45.936597991277807 ], [ 29.792701141790136, 45.914075192832243 ], [ 29.792418650838925, 45.896095766246788 ], [ 29.7958143236418, 45.885031598668519 ], [ 29.811087161643041, 45.867644478211425 ], [ 29.788743623251047, 45.87297910734987 ], [ 29.780824222848718, 45.871792647471864 ], [ 29.788740998397575, 45.889180412989333 ], [ 29.785341286750629, 45.916445879897054 ], [ 29.781094040735265, 45.922175324952505 ], [ 29.786188653663135, 45.937981914954392 ], [ 29.785621643301315, 45.950626895530114 ], [ 29.781372307641146, 45.956356542833781 ], [ 29.78307143825198, 45.967025867484132 ], [ 29.778820803747116, 45.972755530625754 ], [ 29.783071633115846, 45.999428820701418 ], [ 29.773713981862809, 46.021755369480715 ], [ 29.762649819427729, 46.033411975931386 ], [ 29.776834198919929, 46.041315926727137 ], [ 29.777401858126982, 46.044872366815596 ], [ 29.782509070211276, 46.044476928216682 ], [ 29.789032877083454, 46.036770703496956 ] ] ], [ [ [ 29.810945254130637, 46.125080766219682 ], [ 29.80953095271239, 46.13239157659018 ], [ 29.819474482598299, 46.129818457214689 ], [ 29.819188443748303, 46.128040466852219 ], [ 29.810945254130637, 46.125080766219682 ] ] ], [ [ [ 29.80953095271239, 46.13239157659018 ], [ 29.807259177599946, 46.134368265728796 ], [ 29.809816724156615, 46.134169612149542 ], [ 29.80953095271239, 46.13239157659018 ] ] ], [ [ [ 29.804701604132138, 46.134566862736492 ], [ 29.807544895624556, 46.13614631161726 ], [ 29.807259177599946, 46.134368265728796 ], [ 29.804701604132138, 46.134566862736492 ] ] ], [ [ [ 29.789649797919438, 46.153736809395561 ], [ 29.791922966069549, 46.151760371813005 ], [ 29.789364480897898, 46.151958682869456 ], [ 29.789649797919438, 46.153736809395561 ] ] ], [ [ [ 29.725100998545908, 46.17132238857797 ], [ 29.727377332261909, 46.169347034799976 ], [ 29.724817586851572, 46.169543958419865 ], [ 29.725100998545908, 46.17132238857797 ] ] ], [ [ [ 29.745003028565318, 46.230998141718075 ], [ 29.752690334192387, 46.230405241490132 ], [ 29.754397891848729, 46.224872685318978 ], [ 29.772895867384648, 46.210841687366205 ], [ 29.775449914722419, 46.19444180675157 ], [ 29.780285566853607, 46.192267314198979 ], [ 29.783693420159782, 46.181201937529742 ], [ 29.781981433051527, 46.170533028923529 ], [ 29.789649797919438, 46.153736809395561 ], [ 29.762926366193206, 46.164805904280904 ], [ 29.727660824517432, 46.171125452804858 ], [ 29.736186323077842, 46.192071986772994 ], [ 29.735613589388588, 46.204717809313983 ], [ 29.731342820192641, 46.210447370166996 ], [ 29.730764601099079, 46.239295948431582 ], [ 29.743009748517238, 46.234752313400953 ], [ 29.745003028565318, 46.230998141718075 ] ] ], [ [ [ 29.553187185465642, 46.281625390728351 ], [ 29.557537029509472, 46.259694716619748 ], [ 29.562388128315188, 46.257528558326577 ], [ 29.562442258235748, 46.241322479119098 ], [ 29.554192353156296, 46.238344259529313 ], [ 29.547672376743567, 46.229834511013664 ], [ 29.5351310999941, 46.23257870861206 ], [ 29.492997922226468, 46.228538986532925 ], [ 29.48183422682779, 46.24017507190166 ], [ 29.471851193875484, 46.242720920622943 ], [ 29.469838087161186, 46.246471568370765 ], [ 29.4373147742293, 46.254294578905956 ], [ 29.400571920403706, 46.251619339317955 ], [ 29.399374687990136, 46.260708856006147 ], [ 29.394515869417003, 46.262868472636875 ], [ 29.428150656561524, 46.262176201125854 ], [ 29.444097090576342, 46.264591370660284 ], [ 29.447213887339888, 46.267959847186511 ], [ 29.46975658472811, 46.262679453850112 ], [ 29.503941521279263, 46.265523777747575 ], [ 29.534666819010869, 46.279419274963935 ], [ 29.538346836390701, 46.286343374924883 ], [ 29.553187185465642, 46.281625390728351 ] ] ], [ [ [ 30.255002009401835, 46.285935250476982 ], [ 30.257261648736019, 46.283950282819205 ], [ 30.254700326646571, 46.284159459959426 ], [ 30.255002009401835, 46.285935250476982 ] ] ], [ [ [ 30.189516330768061, 46.390287314207576 ], [ 30.194348995947454, 46.388095033959893 ], [ 30.201906274110097, 46.371277772902836 ], [ 30.220020415836334, 46.355402344049388 ], [ 30.24672219900614, 46.344225081816646 ], [ 30.259542835542231, 46.343178486083943 ], [ 30.248978145168817, 46.311633015081448 ], [ 30.255002009401835, 46.285935250476982 ], [ 30.225165278690387, 46.29376893315181 ], [ 30.221544845696311, 46.30306565147464 ], [ 30.207971956269116, 46.314971600543714 ], [ 30.183838124265662, 46.325931544318507 ], [ 30.175513110480871, 46.35361211992943 ], [ 30.16251736806587, 46.369066669575453 ], [ 30.163416221464608, 46.374395348088918 ], [ 30.176081639927951, 46.38777455551962 ], [ 30.181953305283173, 46.407104230297819 ], [ 30.18875360812277, 46.401151901214696 ], [ 30.189516330768061, 46.390287314207576 ] ] ], [ [ [ 29.949737785411642, 46.387859884269837 ], [ 29.927145053765276, 46.377037653225386 ], [ 29.923409462797554, 46.370130113481068 ], [ 29.912846828398649, 46.369160233842415 ], [ 29.908293944755293, 46.373118629129728 ], [ 29.904614329060578, 46.382409392849738 ], [ 29.927497817204948, 46.395013671796811 ], [ 29.949737785411642, 46.387859884269837 ] ] ], [ [ [ 30.179686213051443, 46.409088273291971 ], [ 30.181953305283173, 46.407104230297819 ], [ 30.179385675943767, 46.407312141454355 ], [ 30.179686213051443, 46.409088273291971 ] ] ], [ [ [ 29.237224292093082, 46.544419392249026 ], [ 29.222552431874483, 46.55088301048243 ], [ 29.220783614201792, 46.556411739463755 ], [ 29.236813406996845, 46.558851131388074 ], [ 29.237224292093082, 46.544419392249026 ] ] ], [ [ [ 30.115031119609668, 46.581749678227872 ], [ 30.100172190015812, 46.586543768115305 ], [ 30.089865290134057, 46.587370149781904 ], [ 30.085609783059684, 46.593112636131195 ], [ 30.113355421096351, 46.587285909200006 ], [ 30.115031119609668, 46.581749678227872 ] ] ], [ [ [ 30.085609783059684, 46.593112636131195 ], [ 30.083332029982152, 46.595095566868579 ], [ 30.085909210759574, 46.594889178588751 ], [ 30.085609783059684, 46.593112636131195 ] ] ], [ [ [ 30.078177583400638, 46.595508171330202 ], [ 30.08363140396099, 46.596872120022773 ], [ 30.083332029982152, 46.595095566868579 ], [ 30.078177583400638, 46.595508171330202 ] ] ], [ [ [ 30.073621143123095, 46.599473752388931 ], [ 30.078476793222919, 46.597284749940371 ], [ 30.073322069152578, 46.597697150369193 ], [ 30.073621143123095, 46.599473752388931 ] ] ], [ [ [ 30.048358487517632, 46.635701436220231 ], [ 30.05004180856314, 46.630165583805251 ], [ 30.047462695746106, 46.630371282370177 ], [ 30.048358487517632, 46.635701436220231 ] ] ], [ [ [ 31.624130059374416, 46.711382400731218 ], [ 31.629271334941802, 46.710899386164165 ], [ 31.632193206440732, 46.712425974499034 ], [ 31.628569029513965, 46.707362987102009 ], [ 31.62085755243945, 46.708087334761863 ], [ 31.624130059374416, 46.711382400731218 ] ] ], [ [ [ 29.612049390261458, 46.963118816727828 ], [ 29.61234676891123, 46.948692158940915 ], [ 29.5768598126343, 46.940573205160625 ], [ 29.571665166063305, 46.940965164078435 ], [ 29.558365883247106, 46.956371491902331 ], [ 29.56153582476237, 46.959733714226914 ], [ 29.596172923168854, 46.962520418827808 ], [ 29.597608701908907, 46.97141436781444 ], [ 29.606853044435876, 46.963512515311471 ], [ 29.612049390261458, 46.963118816727828 ] ] ], [ [ [ 29.597608701908907, 46.97141436781444 ], [ 29.595297195372265, 46.973389741092603 ], [ 29.597895939752114, 46.97319315190898 ], [ 29.597608701908907, 46.97141436781444 ] ] ], [ [ [ 31.097075070493723, 47.109045216192214 ], [ 31.087491631814373, 47.08648257939241 ], [ 31.088167452255998, 47.090024864019789 ], [ 31.064931047666683, 47.106500211747942 ], [ 31.075645536982492, 47.107349589088521 ], [ 31.084780213621436, 47.113742192277037 ], [ 31.092563417856397, 47.113049479437059 ], [ 31.097075070493723, 47.109045216192214 ] ] ], [ [ [ 31.470720800795252, 47.103953377017866 ], [ 31.49122547106052, 47.087644456432798 ], [ 31.523833694941374, 47.079214588531329 ], [ 31.547487767216278, 47.078815209917721 ], [ 31.575145146953844, 47.085242780792711 ], [ 31.581849408281556, 47.079212040168223 ], [ 31.587026678803245, 47.078728056788719 ], [ 31.590786108918518, 47.071170626904625 ], [ 31.583021346062701, 47.071896682482375 ], [ 31.579725034257208, 47.068601843237658 ], [ 31.569018459338924, 47.067800327721066 ], [ 31.551370500647913, 47.058637694154541 ], [ 31.547371548920861, 47.051804589160959 ], [ 31.511141411024106, 47.055173630267774 ], [ 31.494910209771785, 47.053076323831689 ], [ 31.491620358982281, 47.049778395676498 ], [ 31.481268079556813, 47.050737058847922 ], [ 31.479380798889522, 47.054514495438653 ], [ 31.446777970205694, 47.062930848791531 ], [ 31.420537516050764, 47.063546860231497 ], [ 31.40948366046862, 47.06096060964407 ], [ 31.414013521917372, 47.083961962776215 ], [ 31.410077045184817, 47.10413900940064 ], [ 31.433048054244221, 47.100224157869384 ], [ 31.470720800795252, 47.103953377017866 ] ] ], [ [ [ 31.323711994662119, 47.202111415757933 ], [ 31.334776122834569, 47.177684613211753 ], [ 31.316606677772793, 47.179340236900281 ], [ 31.30033946269684, 47.177217224066986 ], [ 31.283036962393268, 47.169781682855721 ], [ 31.270748701031579, 47.174498753576785 ], [ 31.271769356232952, 47.206831061109753 ], [ 31.323711994662119, 47.202111415757933 ] ] ], [ [ [ 31.642216500412317, 47.43027507498585 ], [ 31.643379510735507, 47.422958815065449 ], [ 31.619933572131142, 47.42515842308562 ], [ 31.617240878048715, 47.438022954312522 ], [ 31.642216500412317, 47.43027507498585 ] ] ], [ [ [ 30.485950425042958, 47.597663927129595 ], [ 30.493851237695875, 47.582594524784128 ], [ 30.475134840554855, 47.596764868519742 ], [ 30.464965344085595, 47.599413376923984 ], [ 30.462987884266767, 47.603180434691915 ], [ 30.4475689880978, 47.606264239368294 ], [ 30.445590030833888, 47.610031098261082 ], [ 30.462302076267086, 47.614044774196365 ], [ 30.479987478010713, 47.623378496055345 ], [ 30.477722045091316, 47.610958865400505 ], [ 30.481027836316049, 47.599875873112019 ], [ 30.485950425042958, 47.597663927129595 ] ] ], [ [ [ 31.728208677034587, 47.577126675044525 ], [ 31.730089798289004, 47.57334476851338 ], [ 31.727478128449317, 47.573591959694525 ], [ 31.728208677034587, 47.577126675044525 ] ] ], [ [ [ 31.598429920900184, 47.684833295085696 ], [ 31.599236738997785, 47.675748272413003 ], [ 31.569264659236723, 47.685752651390779 ], [ 31.582995396114448, 47.700689784129665 ], [ 31.593109904469497, 47.697943773294355 ], [ 31.593555307338271, 47.687090584812978 ], [ 31.598429920900184, 47.684833295085696 ] ] ], [ [ [ 31.087483482046931, 47.760221080725088 ], [ 31.073660105469923, 47.757844599669063 ], [ 31.069788559913302, 47.765394498211364 ], [ 31.087483482046931, 47.760221080725088 ] ] ], [ [ [ 31.396336134402699, 47.966610411886748 ], [ 31.408906940352981, 47.949241123549008 ], [ 31.409744177862901, 47.940154405188856 ], [ 31.416205243789275, 47.932354059255417 ], [ 31.405316595738554, 47.931550173391813 ], [ 31.398373494559209, 47.950205928575777 ], [ 31.377536948281261, 47.96652738000445 ], [ 31.396336134402699, 47.966610411886748 ] ] ], [ [ [ 30.823598723722355, 48.504037302329941 ], [ 30.825919529557666, 48.502035296986435 ], [ 30.823252864278579, 48.502265157526189 ], [ 30.823598723722355, 48.504037302329941 ] ] ], [ [ [ 31.816514324514909, 49.430953083964866 ], [ 31.821537225323784, 49.428674007106238 ], [ 31.824200231630183, 49.415797412659806 ], [ 31.817564699180526, 49.398391258195574 ], [ 31.802072348427952, 49.390839959243529 ], [ 31.794701744979779, 49.382519532003045 ], [ 31.774588708065664, 49.379008050138189 ], [ 31.767672395683604, 49.397694086295274 ], [ 31.746431656034833, 49.414120929522241 ], [ 31.760389223601162, 49.427234732247896 ], [ 31.764692389898695, 49.446667182649144 ], [ 31.776705335513846, 49.450945387209984 ], [ 31.801875378465112, 49.452176072753097 ], [ 31.813892433766579, 49.456450048214812 ], [ 31.816514324514909, 49.430953083964866 ] ] ], [ [ [ 31.865294151569213, 49.5994698280441 ], [ 31.859463169722474, 49.598220013175116 ], [ 31.841632469623544, 49.605322668853077 ], [ 31.847860654415179, 49.608339403659386 ], [ 31.856013364646422, 49.607565834773887 ], [ 31.865294151569213, 49.5994698280441 ] ] ], [ [ [ 31.497899007060965, 49.95117072774643 ], [ 31.530787480687096, 49.935530649027122 ], [ 31.558174045477589, 49.933012345534436 ], [ 31.544107613164517, 49.907253132886872 ], [ 31.54725133953313, 49.883517793054146 ], [ 31.552333051456781, 49.881246573747667 ], [ 31.553509700081289, 49.873924068693029 ], [ 31.567969305130184, 49.863574080456253 ], [ 31.563291635290156, 49.842362820646102 ], [ 31.557435608832147, 49.841098914993083 ], [ 31.538301746116982, 49.842859924644806 ], [ 31.526590770646798, 49.840329156841321 ], [ 31.512515524891349, 49.852441914836056 ], [ 31.517578253983299, 49.8627984247507 ], [ 31.514419453133222, 49.886533733794842 ], [ 31.509335157686053, 49.888803418424153 ], [ 31.508151640242346, 49.896125931975646 ], [ 31.496018642232066, 49.904451281924288 ], [ 31.505376937380415, 49.921629440542148 ], [ 31.505358746996016, 49.934255823157855 ], [ 31.497899007060965, 49.95117072774643 ] ] ], [ [ [ 31.210175735242213, 50.004183579717555 ], [ 31.236783397020741, 50.010830515828445 ], [ 31.261493262844176, 50.00862442889364 ], [ 31.252578554447592, 49.993191171938633 ], [ 31.254562460574775, 49.989407342724796 ], [ 31.23818264857692, 49.978246521209279 ], [ 31.227206972865559, 49.979225008934023 ], [ 31.215759150805241, 49.991063999153752 ], [ 31.19767963214046, 49.998081228269648 ], [ 31.195690797443827, 50.001864371604732 ], [ 31.187453963070862, 50.002595567935636 ], [ 31.190955878799745, 50.005891263536903 ], [ 31.210175735242213, 50.004183579717555 ] ] ], [ [ [ 31.179972276993233, 50.006865672288335 ], [ 31.187831980096956, 50.0043652662414 ], [ 31.179594515111599, 50.005095931083851 ], [ 31.179972276993233, 50.006865672288335 ] ] ], [ [ [ 31.166619241795662, 50.009852054731859 ], [ 31.168988074690009, 50.007839054997035 ], [ 31.166241930355731, 50.008082240339021 ], [ 31.166619241795662, 50.009852054731859 ] ] ], [ [ [ 30.514515918928183, 50.831882477272778 ], [ 30.538864861344781, 50.811845803929316 ], [ 30.530469667161299, 50.812538272564403 ], [ 30.52694313553215, 50.809222953641509 ], [ 30.515386142349119, 50.808371868544384 ], [ 30.493258077131962, 50.797570440497417 ], [ 30.475287925975071, 50.779212545711545 ], [ 30.470950734867934, 50.757932965777577 ], [ 30.457964156160084, 50.749982032231983 ], [ 30.45841496290689, 50.766171253985057 ], [ 30.453904424985684, 50.771949012839762 ], [ 30.4593197638277, 50.798549690881245 ], [ 30.478642593743757, 50.809587527396779 ], [ 30.487502783853994, 50.825087412185546 ], [ 30.493464750693619, 50.826400989728697 ], [ 30.50124343085205, 50.836579932131762 ], [ 30.503787947584428, 50.848991797439936 ], [ 30.50938957951341, 50.848531262217449 ], [ 30.514515918928183, 50.831882477272778 ] ] ], [ [ [ 30.858923678189424, 50.777766366117724 ], [ 30.868057375384137, 50.780593051793957 ], [ 30.863758277048138, 50.773746804731744 ], [ 30.858923678189424, 50.777766366117724 ] ] ], [ [ [ 30.504879005630475, 50.854311131940527 ], [ 30.507316323635671, 50.85230775957168 ], [ 30.504515282875641, 50.852538022864138 ], [ 30.504879005630475, 50.854311131940527 ] ] ], [ [ [ 30.713451481539789, 50.979433363965938 ], [ 30.716631844290088, 50.980969629340926 ], [ 30.716258414859237, 50.97919766901515 ], [ 30.713451481539789, 50.979433363965938 ] ] ], [ [ [ 30.731793399894073, 51.09330778044226 ], [ 30.748284782899564, 51.063065884664503 ], [ 30.7404087097127, 51.052908479125776 ], [ 30.736287031843691, 51.060468792007079 ], [ 30.721290042263778, 51.070746021064473 ], [ 30.729165651528543, 51.080904805874773 ], [ 30.731793399894073, 51.09330778044226 ] ] ], [ [ [ 31.658586489769082, 51.013405423473657 ], [ 31.663367988168908, 51.009354993186577 ], [ 31.657767120486749, 51.009871984911086 ], [ 31.658586489769082, 51.013405423473657 ] ] ], [ [ [ 31.592888156620223, 51.100650583609294 ], [ 31.584468311004233, 51.10142188315649 ], [ 31.585284769286179, 51.104956115304418 ], [ 31.598147038500635, 51.110995625611039 ], [ 31.599727478897432, 51.105437153653213 ], [ 31.592888156620223, 51.100650583609294 ] ] ], [ [ [ 30.84127559958144, 51.269822903491409 ], [ 30.86041755406518, 51.251963287180217 ], [ 30.871323296776453, 51.249231298015118 ], [ 30.87337918491794, 51.245448832298145 ], [ 30.881844271207125, 51.244727356577947 ], [ 30.88069447444769, 51.239414356242825 ], [ 30.874668775319417, 51.238124280927124 ], [ 30.870316359985107, 51.231280416403131 ], [ 30.864291987341545, 51.229989728370953 ], [ 30.863144816242546, 51.224676431156823 ], [ 30.85712149356409, 51.223385312978088 ], [ 30.849189786422222, 51.213237988255933 ], [ 30.846519251246235, 51.200839654881769 ], [ 30.833337645645209, 51.19294116869019 ], [ 30.811645790784052, 51.15870911718401 ], [ 30.775948643119989, 51.152709751087912 ], [ 30.75678278796811, 51.143504827317379 ], [ 30.738559037846091, 51.125200574287945 ], [ 30.735926488709623, 51.112797918606226 ], [ 30.730296742376566, 51.11327106679424 ], [ 30.7314241218712, 51.118586595118089 ], [ 30.724105057768238, 51.124611588180727 ], [ 30.72842401900763, 51.131462583645437 ], [ 30.728239526307718, 51.144102071154279 ], [ 30.723733598254796, 51.149890677219723 ], [ 30.729754096914704, 51.178240278504383 ], [ 30.72637522993822, 51.189344671199919 ], [ 30.721112415958576, 51.19158973482736 ], [ 30.719236984005018, 51.209781574012922 ], [ 30.713971554171565, 51.212026459158324 ], [ 30.712656095749502, 51.219350516015567 ], [ 30.697605995784382, 51.229627841469764 ], [ 30.698358158988214, 51.233171805733129 ], [ 30.718114658629496, 51.231517242523047 ], [ 30.735802359359717, 51.233639988636916 ], [ 30.767052634243708, 51.24543924513241 ], [ 30.812052667715701, 51.254263905497055 ], [ 30.831278002063392, 51.263456665339817 ], [ 30.835628478647436, 51.27030216472054 ], [ 30.84127559958144, 51.269822903491409 ] ] ], [ [ [ 31.690759725948503, 51.225185145584426 ], [ 31.688360468761545, 51.227211589965911 ], [ 31.689602662772398, 51.232511013248789 ], [ 31.695229927701547, 51.231990887904608 ], [ 31.690759725948503, 51.225185145584426 ] ] ], [ [ [ 31.897472229892099, 51.631911991352155 ], [ 31.919303740661238, 51.626248236409026 ], [ 31.91844599927234, 51.622718231059395 ], [ 31.908653732614358, 51.618223514763265 ], [ 31.894586259762349, 51.596076459692931 ], [ 31.893146574069156, 51.578158635002595 ], [ 31.89753065244831, 51.572330778309166 ], [ 31.89624911592065, 51.567035329109238 ], [ 31.890584377007432, 51.56756756338239 ], [ 31.891167707888449, 51.581955117584357 ], [ 31.880142522126672, 51.608264225963893 ], [ 31.863281858264244, 51.622481598015085 ], [ 31.83662161301412, 51.632196095524122 ], [ 31.837899197062541, 51.637492545322992 ], [ 31.860169197378006, 51.633604787145622 ], [ 31.89549203824912, 51.635708690319568 ], [ 31.897472229892099, 51.631911991352155 ] ] ], [ [ [ 32.729813312224401, 51.640958668314326 ], [ 32.734024185309373, 51.645951993801987 ], [ 32.748168317290862, 51.644517737596445 ], [ 32.741127641734799, 51.639811881299217 ], [ 32.729813312224401, 51.640958668314326 ] ] ], [ [ [ 30.885652084963699, 51.830658395593041 ], [ 30.857850456457722, 51.836623093429417 ], [ 30.848883963699226, 51.835577691220514 ], [ 30.849664485137971, 51.839119677290938 ], [ 30.857726076997164, 51.849261698908954 ], [ 30.88749471324568, 51.852150569445215 ], [ 30.883068161154565, 51.845310059546463 ], [ 30.885652084963699, 51.830658395593041 ] ] ], [ [ [ 32.74863925914886, 51.823340934216567 ], [ 32.747656574297331, 51.830667963507473 ], [ 32.767537945736116, 51.828652175698885 ], [ 32.767072825946329, 51.826892473977878 ], [ 32.74863925914886, 51.823340934216567 ] ] ], [ [ [ 32.211744699621967, 52.064284766090502 ], [ 32.21943125678105, 52.059931404504994 ], [ 32.215229141578213, 52.054917938531645 ], [ 32.176076694623006, 52.062297637975654 ], [ 32.146576890368031, 52.061514947455827 ], [ 32.1483557280661, 52.068568936812262 ], [ 32.163998855024793, 52.072487662630863 ], [ 32.174998955721342, 52.069625717413182 ], [ 32.181613719226831, 52.072602613675379 ], [ 32.193059043316126, 52.071502283259115 ], [ 32.192165917365806, 52.067975840623795 ], [ 32.197441160295021, 52.065662142730361 ], [ 32.211744699621967, 52.064284766090502 ] ] ], [ [ [ 32.671901741636312, 46.182854067685398 ], [ 32.678755147670614, 46.178541893957217 ], [ 32.671145515658431, 46.179330026543575 ], [ 32.671901741636312, 46.182854067685398 ] ] ], [ [ [ 32.486960878906416, 46.387371274811166 ], [ 32.486135354114737, 46.371243740026806 ], [ 32.494747183461932, 46.350552574101442 ], [ 32.509943452212838, 46.336394207651267 ], [ 32.521918956378691, 46.331569063208114 ], [ 32.521462052402633, 46.317205737577062 ], [ 32.516373328181231, 46.317725420952335 ], [ 32.513079265712122, 46.314459222800082 ], [ 32.502901882448612, 46.31549757423371 ], [ 32.496391355901096, 46.321565018931594 ], [ 32.464426703542905, 46.330221834585906 ], [ 32.435679611076509, 46.32953707270643 ], [ 32.440152106358632, 46.350698396204109 ], [ 32.448604355240029, 46.366052262307917 ], [ 32.448671116253962, 46.378654341509254 ], [ 32.440038386961042, 46.399344047429942 ], [ 32.476843371285362, 46.401010067323647 ], [ 32.499484183970054, 46.409512468271899 ], [ 32.486960878906416, 46.387371274811166 ] ] ], [ [ [ 32.280835019024927, 46.409966625955825 ], [ 32.275733349600984, 46.410476372271098 ], [ 32.271368084806475, 46.414514805033072 ], [ 32.281572193878638, 46.41349541087768 ], [ 32.280835019024927, 46.409966625955825 ] ] ], [ [ [ 32.862278104818309, 46.353917086297635 ], [ 32.864434391913207, 46.351888689992172 ], [ 32.861891594590858, 46.352156340357652 ], [ 32.862278104818309, 46.353917086297635 ] ] ], [ [ [ 32.203574578999117, 46.426666941291778 ], [ 32.179140837496661, 46.421884114257672 ], [ 32.175497595224343, 46.429449581132907 ], [ 32.203574578999117, 46.426666941291778 ] ] ], [ [ [ 32.862278104818309, 46.353917086297635 ], [ 32.845249000780228, 46.359310914374277 ], [ 32.856967676830642, 46.365284460493335 ], [ 32.857740771103018, 46.368806004982901 ], [ 32.863437852457722, 46.359199305902912 ], [ 32.862278104818309, 46.353917086297635 ] ] ], [ [ [ 32.710149804158974, 46.384233757969916 ], [ 32.698058457983329, 46.376481937688716 ], [ 32.672982817078392, 46.380881950342072 ], [ 32.673483846552607, 46.395241103732445 ], [ 32.694874882138421, 46.38581907804933 ], [ 32.710149804158974, 46.384233757969916 ] ] ], [ [ [ 32.499859797093038, 46.411275504249424 ], [ 32.502032982106101, 46.409252637820153 ], [ 32.499484183970054, 46.409512468271899 ], [ 32.499859797093038, 46.411275504249424 ] ] ], [ [ [ 32.502408673959792, 46.411015657894886 ], [ 32.505333321413808, 46.412518757108941 ], [ 32.504957515609973, 46.410755755836028 ], [ 32.502408673959792, 46.411015657894886 ] ] ], [ [ [ 32.354515828658123, 46.425994601546037 ], [ 32.358551840586955, 46.432793590597868 ], [ 32.373114653652756, 46.42772439969292 ], [ 32.372742912500236, 46.425960578423158 ], [ 32.354515828658123, 46.425994601546037 ] ] ], [ [ [ 32.515236863411722, 46.42231632928943 ], [ 32.517409783002719, 46.420293172764346 ], [ 32.514860609880159, 46.42055339315575 ], [ 32.515236863411722, 46.42231632928943 ] ] ], [ [ [ 32.518162482863538, 46.423819010277796 ], [ 32.520335331895041, 46.421795800937467 ], [ 32.517786115293255, 46.42205609297195 ], [ 32.518162482863538, 46.423819010277796 ] ] ], [ [ [ 32.575193569754056, 46.446803438516845 ], [ 32.553282205633394, 46.441844121484763 ], [ 32.535719508004192, 46.432833195726303 ], [ 32.531662235341926, 46.426042579813426 ], [ 32.520711778227181, 46.423558702312988 ], [ 32.533259541095404, 46.445694275902945 ], [ 32.532595173303179, 46.454769073271002 ], [ 32.538451255793674, 46.457773054849298 ], [ 32.559893736402785, 46.448372336121807 ], [ 32.575193569754056, 46.446803438516845 ] ] ], [ [ [ 32.652553466721514, 46.455050795216636 ], [ 32.647982456483739, 46.433905891765335 ], [ 32.626563898915002, 46.443321519567931 ], [ 32.60871839274261, 46.44515961804553 ], [ 32.625154985198741, 46.448870985196592 ], [ 32.628465033246727, 46.452132612834895 ], [ 32.63904390504495, 46.452842869277404 ], [ 32.642355012530423, 46.456103991520237 ], [ 32.652553466721514, 46.455050795216636 ] ] ], [ [ [ 32.899689926576436, 46.429238243639205 ], [ 32.88717549314368, 46.419749690434955 ], [ 32.882301567738921, 46.409454613266021 ], [ 32.877210922585945, 46.409991161165983 ], [ 32.876992323645915, 46.42082317982257 ], [ 32.872676090789412, 46.424880908710847 ], [ 32.890282404873119, 46.43383409864569 ], [ 32.899689926576436, 46.429238243639205 ] ] ], [ [ [ 32.356297181070175, 46.508675809834379 ], [ 32.358479575564679, 46.506654868790733 ], [ 32.355924932506326, 46.506911909095891 ], [ 32.356297181070175, 46.508675809834379 ] ] ], [ [ [ 31.673553340603831, 46.591454359203716 ], [ 31.680192855169928, 46.585424036847634 ], [ 31.694874170210664, 46.580434041272206 ], [ 31.724933007971799, 46.573984357907023 ], [ 31.738102226594666, 46.574535409989792 ], [ 31.719902703041967, 46.561853559650579 ], [ 31.712312835878798, 46.54996518813001 ], [ 31.704625802038475, 46.5506933082399 ], [ 31.705680975475399, 46.555996719012505 ], [ 31.700907269432395, 46.558249767752258 ], [ 31.699751002309434, 46.565563654571726 ], [ 31.674713184944611, 46.584140377659644 ], [ 31.642425844290244, 46.592587177977883 ], [ 31.629251215325251, 46.592025207295009 ], [ 31.63030055692089, 46.59732989637611 ], [ 31.646742368941819, 46.601186434198702 ], [ 31.651171749435075, 46.597167067999401 ], [ 31.673553340603831, 46.591454359203716 ] ] ], [ [ [ 32.253738236406122, 46.529754083856986 ], [ 32.248624878736763, 46.530263621060548 ], [ 32.248993955941806, 46.532028176000608 ], [ 32.254476743623293, 46.533283128491966 ], [ 32.253738236406122, 46.529754083856986 ] ] ], [ [ [ 32.757389366566372, 46.505420367441438 ], [ 32.744492133577985, 46.494153646832679 ], [ 32.736071712542518, 46.491427264304782 ], [ 32.740301335978486, 46.510803737867818 ], [ 32.752431975516664, 46.518547898329523 ], [ 32.757295902683111, 46.5288502118173 ], [ 32.757389366566372, 46.505420367441438 ] ] ], [ [ [ 32.761776263227695, 46.537390832030191 ], [ 32.763171271527163, 46.531840629059282 ], [ 32.76061914267747, 46.53210681210544 ], [ 32.761776263227695, 46.537390832030191 ] ] ], [ [ [ 32.764328628906199, 46.537124600142199 ], [ 32.767652868842866, 46.540380912218758 ], [ 32.766880958392953, 46.536858312457795 ], [ 32.764328628906199, 46.537124600142199 ] ] ], [ [ [ 32.069449168722805, 46.67405987101403 ], [ 32.066154144254263, 46.670779896158301 ], [ 32.061024184286538, 46.671282199230326 ], [ 32.061753798261698, 46.67481350276141 ], [ 32.069449168722805, 46.67405987101403 ] ] ], [ [ [ 32.175709121097398, 46.681612594062948 ], [ 32.178241514976094, 46.656142212557135 ], [ 32.163597192848457, 46.661193234506975 ], [ 32.161769416600592, 46.664976656300496 ], [ 32.154077773097683, 46.66573638436769 ], [ 32.152249194774733, 46.669519724646264 ], [ 32.137231059098376, 46.672802699187173 ], [ 32.15775682157291, 46.683387170128235 ], [ 32.175709121097398, 46.681612594062948 ] ] ], [ [ [ 33.082678250099271, 46.860223906279415 ], [ 33.106560921498186, 46.861266420281233 ], [ 33.126825193958865, 46.846474100416728 ], [ 33.11913444650969, 46.84730103229046 ], [ 33.11576776127918, 46.844058691649316 ], [ 33.105112252472544, 46.843401113124372 ], [ 33.092854071035362, 46.835706151451653 ], [ 33.055997687138557, 46.846860972985844 ], [ 33.018899703231249, 46.845414755238139 ], [ 32.987112271606264, 46.83257975440543 ], [ 32.969929174079752, 46.814582968436916 ], [ 32.967948111171886, 46.805783404070844 ], [ 32.94448322642468, 46.806468959806999 ], [ 32.928312669082437, 46.804576396654518 ], [ 32.919438671642354, 46.800108732166855 ], [ 32.9040581999297, 46.801732987377257 ], [ 32.897348249975138, 46.818658206476343 ], [ 32.890442491186228, 46.822990190917096 ], [ 32.900302262762501, 46.843573832086491 ], [ 32.909577730707454, 46.849802832056881 ], [ 32.932272518070995, 46.845602537083074 ], [ 32.966808628335727, 46.84734979213971 ], [ 32.970167257507363, 46.850597408378569 ], [ 32.980824992830271, 46.851267836207384 ], [ 32.990110216833983, 46.857489214011657 ], [ 33.013993567914305, 46.858551722905496 ], [ 33.017355675355105, 46.861797608752575 ], [ 33.028015442507566, 46.862463296413637 ], [ 33.043237425302927, 46.871651171486107 ], [ 33.082678250099271, 46.860223906279415 ] ] ], [ [ [ 32.909801073668049, 46.956098758127645 ], [ 32.906437863794174, 46.952849529618142 ], [ 32.901296371984735, 46.953391927972369 ], [ 32.892396804296659, 46.94892401083186 ], [ 32.901101644628838, 46.964224940790473 ], [ 32.909801073668049, 46.956098758127645 ] ] ], [ [ [ 32.299601729870915, 47.044028091616163 ], [ 32.301804927844692, 47.042005998756302 ], [ 32.29922432725612, 47.042264004304428 ], [ 32.299601729870915, 47.044028091616163 ] ] ], [ [ [ 32.297081932503062, 47.056892715542602 ], [ 32.299601729870915, 47.044028091616163 ], [ 32.279331771772036, 47.047854418063189 ], [ 32.281593228761821, 47.058439623528329 ], [ 32.297081932503062, 47.056892715542602 ] ] ], [ [ [ 31.941125896900232, 47.17116633387743 ], [ 31.955211630544639, 47.149984579590338 ], [ 31.934866183262788, 47.153754224695319 ], [ 31.941125896900232, 47.17116633387743 ] ] ], [ [ [ 33.098008685893035, 47.042403262141761 ], [ 33.082165769115491, 47.042298865100015 ], [ 33.074289883521303, 47.053955749764022 ], [ 33.096646469384744, 47.047956211789035 ], [ 33.098008685893035, 47.042403262141761 ] ] ], [ [ [ 32.599793109965098, 47.114519709351022 ], [ 32.596823562495082, 47.113022526714303 ], [ 32.594630312966302, 47.115049703851682 ], [ 32.599793109965098, 47.114519709351022 ] ] ], [ [ [ 33.041869673675997, 47.073641130006862 ], [ 33.047020035821156, 47.073091357265895 ], [ 33.048790198479672, 47.069297769000286 ], [ 33.043640235833152, 47.069847587869624 ], [ 33.041869673675997, 47.073641130006862 ] ] ], [ [ [ 32.16452229440106, 47.165556987308356 ], [ 32.166735452726392, 47.16353665154702 ], [ 32.164147759086958, 47.163792109868076 ], [ 32.16452229440106, 47.165556987308356 ] ] ], [ [ [ 31.878920223480389, 47.342925446915785 ], [ 31.878213618661508, 47.326776903488884 ], [ 31.881206789578151, 47.31567840583353 ], [ 31.900539875577646, 47.293998797205056 ], [ 31.927256639400248, 47.282414082344289 ], [ 31.950246589311622, 47.278390657771496 ], [ 31.955079889883695, 47.263508446423593 ], [ 31.949522290805497, 47.262244398835641 ], [ 31.94212300006, 47.252149139190479 ], [ 31.937338102795838, 47.229188435478328 ], [ 31.92880421176088, 47.239021639281688 ], [ 31.927681426315807, 47.246337156566497 ], [ 31.914321959114417, 47.258436784766026 ], [ 31.904310702280686, 47.261203383026213 ], [ 31.902450147126679, 47.264986150692117 ], [ 31.877231568162522, 47.271015596658344 ], [ 31.881630635570112, 47.292214247788849 ], [ 31.877537684885255, 47.298012936966501 ], [ 31.876745387596472, 47.319710691099623 ], [ 31.871916444932115, 47.321976271462155 ], [ 31.862958901634673, 47.342655945954611 ], [ 31.845095322160155, 47.358782711617451 ], [ 31.83989515417349, 47.359280578317481 ], [ 31.841726918966604, 47.368114367874675 ], [ 31.864763163676599, 47.364104837067693 ], [ 31.891498865865525, 47.365140271063829 ], [ 31.878920223480389, 47.342925446915785 ] ] ], [ [ [ 32.440976127562074, 47.246042103131103 ], [ 32.43579763526715, 47.246566037275947 ], [ 32.432157118151238, 47.254142566620551 ], [ 32.438490884203482, 47.258908225142484 ], [ 32.451439726181711, 47.257597396596395 ], [ 32.445490122133194, 47.254595672060042 ], [ 32.440976127562074, 47.246042103131103 ] ] ], [ [ [ 32.742395635233429, 47.256576604870347 ], [ 32.745199521603787, 47.245471435412597 ], [ 32.74997714999656, 47.243172339977278 ], [ 32.744450866056248, 47.218515296780453 ], [ 32.75303422675367, 47.197797872150346 ], [ 32.747866216633376, 47.198335488591013 ], [ 32.739500117949632, 47.208216442206435 ], [ 32.729555274362781, 47.21105174196579 ], [ 32.727758088377726, 47.214842805438479 ], [ 32.713034049790373, 47.219974870295779 ], [ 32.694935193733571, 47.221849874959716 ], [ 32.694085870617627, 47.241762346745254 ], [ 32.685703385489482, 47.251640839542489 ], [ 32.69182966912588, 47.267227397568107 ], [ 32.688786259807472, 47.289169575060377 ], [ 32.71388580443903, 47.282965822245025 ], [ 32.748719306222085, 47.284756058390641 ], [ 32.742573542165509, 47.269174176682725 ], [ 32.742395635233429, 47.256576604870347 ] ] ], [ [ [ 31.89186694729581, 47.366906726743593 ], [ 31.894098805009307, 47.364890172864392 ], [ 31.891498865865525, 47.365140271063829 ], [ 31.89186694729581, 47.366906726743593 ] ] ], [ [ [ 32.369380776264912, 47.330753813062316 ], [ 32.345650501639071, 47.331334589037688 ], [ 32.380618235963219, 47.345842833239075 ], [ 32.379466035487901, 47.340552341597906 ], [ 32.369380776264912, 47.330753813062316 ] ] ], [ [ [ 32.678576197784274, 47.385748631451371 ], [ 32.66961164934974, 47.38126734693747 ], [ 32.670400185677813, 47.384790674187492 ], [ 32.663800749651507, 47.390878924422729 ], [ 32.665377727434766, 47.397925702822086 ], [ 32.670566774610883, 47.397390107626215 ], [ 32.67158327088751, 47.390075642228986 ], [ 32.678576197784274, 47.385748631451371 ] ] ], [ [ [ 32.862055130741275, 47.37565086611577 ], [ 32.861278489574772, 47.395559897665635 ], [ 32.87204973161608, 47.396231153519473 ], [ 32.864859991137919, 47.387973831903267 ], [ 32.862055130741275, 47.37565086611577 ] ] ], [ [ [ 32.1824726622066, 47.608891226390774 ], [ 32.185463179749945, 47.610398152945493 ], [ 32.185082068585082, 47.608633538987796 ], [ 32.1824726622066, 47.608891226390774 ] ] ], [ [ [ 32.244011880783631, 47.610006708036678 ], [ 32.252221852097072, 47.610993463386215 ], [ 32.250688612823076, 47.603936624206995 ], [ 32.240636993299894, 47.606737194593222 ], [ 32.244011880783631, 47.610006708036678 ] ] ], [ [ [ 32.99583651703697, 48.318957692544004 ], [ 32.977501511020755, 48.310075491951601 ], [ 32.976665879965033, 48.306556683113996 ], [ 32.948487033272571, 48.313138087703031 ], [ 32.924328205377037, 48.313878764930536 ], [ 32.907251933202758, 48.310263380864143 ], [ 32.902806164974393, 48.314337306774043 ], [ 32.904052393062472, 48.319616949068731 ], [ 32.951958972861512, 48.316379104318962 ], [ 32.976953379247639, 48.319151256910764 ], [ 32.986121865543488, 48.323592716381036 ], [ 32.997092547352004, 48.324235514168684 ], [ 33.003625373911689, 48.328954576871837 ], [ 33.008901646839142, 48.328395610110519 ], [ 33.006806128085003, 48.319599616588754 ], [ 32.99583651703697, 48.318957692544004 ] ] ], [ [ [ 32.847381822388691, 48.41212186070404 ], [ 32.828777128494586, 48.390617910176182 ], [ 32.819859103507866, 48.398761733706728 ], [ 32.820686622944002, 48.402282519055227 ], [ 32.826388035981203, 48.403491681678624 ], [ 32.833746910380306, 48.411741770480191 ], [ 32.847381822388691, 48.41212186070404 ] ] ], [ [ [ 33.295274061413174, 48.470853902124198 ], [ 33.301907551257038, 48.464721821293246 ], [ 33.293549593593909, 48.463824864359026 ], [ 33.271610563261966, 48.45177082217166 ], [ 33.272349684619407, 48.476946905994602 ], [ 33.283783816159875, 48.479316158653603 ], [ 33.289988730621452, 48.471427249043018 ], [ 33.295274061413174, 48.470853902124198 ] ] ], [ [ [ 33.191424314488764, 49.122601147204307 ], [ 33.192842893153674, 49.106207153294271 ], [ 33.184810973550128, 49.107068249380198 ], [ 33.174043955690642, 49.119049438366915 ], [ 33.161525697037433, 49.123998286386083 ], [ 33.191424314488764, 49.122601147204307 ] ] ], [ [ [ 33.153926194362178, 49.126615428074587 ], [ 33.159720040129528, 49.127800648460926 ], [ 33.159283578345047, 49.126042690421095 ], [ 33.153926194362178, 49.126615428074587 ] ] ], [ [ [ 33.096721208711308, 49.139932953264292 ], [ 33.098966705099343, 49.137889532998102 ], [ 33.096286789008687, 49.138174582962968 ], [ 33.096721208711308, 49.139932953264292 ] ] ], [ [ [ 32.767196284825737, 49.41627092671952 ], [ 32.78253063908506, 49.411078021503535 ], [ 32.806381766516701, 49.406805604180974 ], [ 32.845859739766126, 49.409927683470819 ], [ 32.851372481360784, 49.398527126958058 ], [ 32.838440148637432, 49.390848451559229 ], [ 32.823495846681411, 49.363527552075325 ], [ 32.823194190946545, 49.35092738057353 ], [ 32.831954934856874, 49.33016861552035 ], [ 32.857716446874868, 49.311249686802398 ], [ 32.873007721612396, 49.306047831702671 ], [ 32.891845510939916, 49.304082585716728 ], [ 32.898310805426824, 49.285362193812723 ], [ 32.911869129372405, 49.273117705515297 ], [ 32.922194869572238, 49.27023253887711 ], [ 32.924023105010832, 49.266432065573767 ], [ 32.939723173763362, 49.262982264096209 ], [ 32.948320821878752, 49.253057655890899 ], [ 32.958639763636505, 49.250169663490738 ], [ 32.960464565340295, 49.246368888055187 ], [ 32.994096860790265, 49.237416520428809 ], [ 33.018705223914196, 49.236625306719006 ], [ 33.025549095218217, 49.219661110454211 ], [ 33.03498864539624, 49.213249493941582 ], [ 33.035073202745231, 49.202413082013138 ], [ 33.0400077876753, 49.200086498234327 ], [ 33.040958181785328, 49.192767643615419 ], [ 33.059387390154789, 49.178183823894443 ], [ 33.05808646909405, 49.172908001082419 ], [ 33.064831506852755, 49.166779191043481 ], [ 33.065778367909154, 49.159460512090881 ], [ 33.079261592209313, 49.147202176981381 ], [ 33.089549358847322, 49.144304625620968 ], [ 33.093606830652398, 49.138459571931307 ], [ 33.074845939408306, 49.140452786604932 ], [ 33.043197493277667, 49.134785372969773 ], [ 33.024524223364203, 49.125933889447992 ], [ 33.005952092450947, 49.106242184192261 ], [ 32.988487670474001, 49.11349747499402 ], [ 32.954506392339056, 49.12068229996288 ], [ 32.935314046389671, 49.120892952988797 ], [ 32.903688110885128, 49.115184413840694 ], [ 32.88492278513209, 49.117146073447493 ], [ 32.862196764021171, 49.114104601177331 ], [ 32.858664536917018, 49.110864200179712 ], [ 32.844834783196113, 49.110500355042014 ], [ 32.84470452468576, 49.121339548971406 ], [ 32.839766466400661, 49.12365768970912 ], [ 32.838785118457984, 49.130976895326889 ], [ 32.81309871944395, 49.149884336126057 ], [ 32.792478092138957, 49.155630997765222 ], [ 32.783294680971473, 49.174624531259077 ], [ 32.769724528366325, 49.186853766609225 ], [ 32.742291521526013, 49.198707347821887 ], [ 32.718109439662292, 49.201198283237176 ], [ 32.713000712865778, 49.214353404082857 ], [ 32.687222167862345, 49.233239473552764 ], [ 32.674196932946984, 49.236379316929941 ], [ 32.667390575407104, 49.242489251576082 ], [ 32.626025747492918, 49.253934635092442 ], [ 32.587095662054963, 49.252487688933236 ], [ 32.588349987272323, 49.257772537484698 ], [ 32.583385088359861, 49.260081467619564 ], [ 32.58236554987333, 49.267401645842156 ], [ 32.55650659787355, 49.286263927490104 ], [ 32.548426606271505, 49.287082885308671 ], [ 32.531655051430029, 49.29780144897726 ], [ 32.508238071543914, 49.303776070741257 ], [ 32.488340614177126, 49.312999204354675 ], [ 32.459517851354533, 49.319507843117343 ], [ 32.448319384450869, 49.318828682091088 ], [ 32.435037799343199, 49.332789617939198 ], [ 32.424663046018075, 49.335633470454333 ], [ 32.422792646168752, 49.339428896749936 ], [ 32.396641278121429, 49.345653116924566 ], [ 32.389371742840723, 49.34998726709064 ], [ 32.340794988614142, 49.354827079688434 ], [ 32.338917306830993, 49.358621653107278 ], [ 32.323541263315214, 49.363756760854493 ], [ 32.293841883225696, 49.366700498099533 ], [ 32.280502010716347, 49.380647528669101 ], [ 32.27010609636379, 49.383478648370712 ], [ 32.268221948404559, 49.387272537382167 ], [ 32.252420123314465, 49.390635607524466 ], [ 32.226104304281733, 49.420285456391532 ], [ 32.215696266367061, 49.42311243500157 ], [ 32.198130220968316, 49.442875709554407 ], [ 32.187715487661848, 49.445700588949585 ], [ 32.185823031948473, 49.449493766427736 ], [ 32.177705680764895, 49.450288701877383 ], [ 32.175812292021398, 49.454081782299824 ], [ 32.176624926192353, 49.457609996747713 ], [ 32.222625521758516, 49.453097894717544 ], [ 32.239675352427298, 49.455028538011447 ], [ 32.254838987653727, 49.46075051793013 ], [ 32.273777877842839, 49.458881877936193 ], [ 32.299768111089854, 49.463528277876883 ], [ 32.310178276475639, 49.460693325721465 ], [ 32.324350313433939, 49.4502680901807 ], [ 32.34786415013977, 49.444324626496012 ], [ 32.35661658208717, 49.434433770642926 ], [ 32.367016575802843, 49.431594305050083 ], [ 32.384506025842903, 49.411810159725398 ], [ 32.394899319996952, 49.408968613311735 ], [ 32.418598580231532, 49.392166532556146 ], [ 32.455153929337278, 49.38308922842554 ], [ 32.497309226053524, 49.386064302411668 ], [ 32.496058982095342, 49.380777853168404 ], [ 32.501040074493602, 49.378471506880103 ], [ 32.50621764712573, 49.365320165800163 ], [ 32.522181842661354, 49.351079154894919 ], [ 32.532552530057259, 49.348226566077464 ], [ 32.539389805675903, 49.342122307559876 ], [ 32.578575464135348, 49.332736837601395 ], [ 32.614875246322342, 49.334456736460183 ], [ 32.626918289491897, 49.338641745887159 ], [ 32.645952424875766, 49.325873006181801 ], [ 32.682404923839314, 49.3167294353714 ], [ 32.701682950026814, 49.316555840713718 ], [ 32.733430066459093, 49.322313059978356 ], [ 32.755259271389697, 49.332693877372371 ], [ 32.759654742364063, 49.339457961656215 ], [ 32.769014626566992, 49.343904913599353 ], [ 32.782641147991789, 49.365954556785269 ], [ 32.780528818371018, 49.391435500768338 ], [ 32.760946178642392, 49.413306922630639 ], [ 32.74603453676562, 49.420257697447774 ], [ 32.746887050023155, 49.423778811445025 ], [ 32.755410269085196, 49.424704792770321 ], [ 32.767196284825737, 49.41627092671952 ] ] ], [ [ [ 32.68159795335864, 50.737344896673051 ], [ 32.662404961347832, 50.717625136210472 ], [ 32.659747070012656, 50.707060861442251 ], [ 32.650101007365812, 50.702621853080579 ], [ 32.649540492192166, 50.711706752415679 ], [ 32.656415178254633, 50.716426893254742 ], [ 32.664063910370807, 50.735513449249922 ], [ 32.68159795335864, 50.737344896673051 ] ] ], [ [ [ 32.960751102876394, 51.078917561898479 ], [ 32.949616829499661, 51.069234431720851 ], [ 32.943574506845714, 51.068054641276419 ], [ 32.938487442544414, 51.059549935172683 ], [ 32.920283900085089, 51.077692516523626 ], [ 32.914699317671271, 51.078270182220159 ], [ 32.918408750898749, 51.081499289937661 ], [ 32.947250704107155, 51.082124856970246 ], [ 32.950962628862079, 51.085352746496405 ], [ 32.969097873558233, 51.088889466863066 ], [ 32.970047635603855, 51.081564893991619 ], [ 32.960751102876394, 51.078917561898479 ] ] ], [ [ [ 33.790232149410983, 51.702082023321005 ], [ 33.788416190084163, 51.705900153182931 ], [ 33.796880051666804, 51.704962986023752 ], [ 33.795874259183918, 51.701457256895367 ], [ 33.790232149410983, 51.702082023321005 ] ] ], [ [ [ 33.178128687327536, 51.836841633555558 ], [ 33.192736253670859, 51.826266948759084 ], [ 33.18984717567718, 51.815725307095398 ], [ 33.179950735370468, 51.8221892050435 ], [ 33.161063330943236, 51.827788759707559 ], [ 33.163946937033643, 51.838331523927657 ], [ 33.160196435485375, 51.845955594553281 ], [ 33.172506418474001, 51.848278176033773 ], [ 33.178128687327536, 51.836841633555558 ] ] ], [ [ [ 33.724072250613943, 52.35513972201116 ], [ 33.708221308442411, 52.351446382261578 ], [ 33.690841300950773, 52.342490511625321 ], [ 33.679899631597792, 52.345493895374567 ], [ 33.680096937022107, 52.356327152972817 ], [ 33.698300824372716, 52.357958186436448 ], [ 33.705562011880595, 52.36259225348892 ], [ 33.717529189401318, 52.363092720898827 ], [ 33.724072250613943, 52.35513972201116 ] ] ], [ [ [ 33.739412955053965, 52.357077667427852 ], [ 33.741763459075727, 52.355010735456169 ], [ 33.738900385780589, 52.355324598624797 ], [ 33.739412955053965, 52.357077667427852 ] ] ], [ [ [ 33.7552679686574, 52.360766458169778 ], [ 33.751378414105638, 52.357574713228892 ], [ 33.74851528386796, 52.357888820058015 ], [ 33.749541330882252, 52.361394818889757 ], [ 33.7552679686574, 52.360766458169778 ] ] ], [ [ [ 33.755781286269226, 52.362519411972428 ], [ 33.758131208447146, 52.36045217571305 ], [ 33.7552679686574, 52.360766458169778 ], [ 33.755781286269226, 52.362519411972428 ] ] ], [ [ [ 33.780743825194008, 52.367014230196915 ], [ 33.783092683792781, 52.364946544898174 ], [ 33.780229436387614, 52.365261450930753 ], [ 33.780743825194008, 52.367014230196915 ] ] ], [ [ [ 33.498708797866094, 45.204478657189753 ], [ 33.48340650117138, 45.204379046701035 ], [ 33.490721555804555, 45.214368426214619 ], [ 33.493207235765539, 45.214092141358442 ], [ 33.49242545968459, 45.210578324802476 ], [ 33.498708797866094, 45.204478657189753 ] ] ], [ [ [ 33.734243073181332, 45.32206567241878 ], [ 33.734022292986339, 45.298683768159947 ], [ 33.738596603146803, 45.296364552875225 ], [ 33.734911238863113, 45.291380925166322 ], [ 33.727451022137522, 45.292226516052168 ], [ 33.723674748977217, 45.298055885034202 ], [ 33.716612310285228, 45.30065618495108 ], [ 33.71553558593078, 45.329586636324883 ], [ 33.723001057375967, 45.328741284243463 ], [ 33.734243073181332, 45.32206567241878 ] ] ], [ [ [ 32.018254508397362, 46.616017099663047 ], [ 32.02120357156717, 46.604921726254048 ], [ 32.027801630832371, 46.598874059384023 ], [ 32.028912361824304, 46.591560508716483 ], [ 32.05345288398555, 46.571149381428818 ], [ 32.054196978451209, 46.562070226070581 ], [ 32.05895344770758, 46.559803423364251 ], [ 32.057863734581616, 46.554506307671659 ], [ 32.067026830102677, 46.535596411658332 ], [ 32.084584297895837, 46.5194648412497 ], [ 32.09664419654186, 46.51467816924238 ], [ 32.087529980689666, 46.495759693517705 ], [ 32.08645336205042, 46.477853232355805 ], [ 32.095234512557276, 46.457177695817414 ], [ 32.108380533018362, 46.445078220007098 ], [ 32.084305486534213, 46.442040243567071 ], [ 32.066426437742123, 46.443793600173251 ], [ 32.036521900750017, 46.43771399368984 ], [ 32.009571006376504, 46.420531751613531 ], [ 32.000867526495213, 46.403368625777475 ], [ 31.985190264157083, 46.403093349445044 ], [ 31.981919543297995, 46.399809202987342 ], [ 31.971349027071863, 46.399035344490578 ], [ 31.944437768220045, 46.381834159887227 ], [ 31.933924507630316, 46.368443833921873 ], [ 31.927450231008756, 46.349258887514125 ], [ 31.930469896454632, 46.325553411612233 ], [ 31.937050406831982, 46.3195133571596 ], [ 31.932719936615275, 46.310927577361142 ], [ 31.937218449774072, 46.281676179605775 ], [ 31.941958058148312, 46.279416105474951 ], [ 31.943081718147454, 46.27210332649458 ], [ 31.967890640199691, 46.253487864014204 ], [ 31.989734252567146, 46.245961228067273 ], [ 32.017735316795907, 46.243232484464009 ], [ 32.019564624778567, 46.239452015366282 ], [ 32.04175253044891, 46.233682367417053 ], [ 32.046875314033059, 46.220574430787437 ], [ 32.071623965976528, 46.201941347766514 ], [ 32.08616206227164, 46.196912639268078 ], [ 32.123937020295571, 46.191395389213234 ], [ 32.130841152196844, 46.187112815611059 ], [ 32.1482714353508, 46.183591571299736 ], [ 32.176587918686074, 46.182591972480246 ], [ 32.175501154972117, 46.177296650298253 ], [ 32.180220639903503, 46.175028235725499 ], [ 32.181312079274292, 46.167716207665215 ], [ 32.194378391170545, 46.155615041810464 ], [ 32.204174426999607, 46.152841896694774 ], [ 32.205988268793234, 46.149059860449391 ], [ 32.220860667298744, 46.145780998783394 ], [ 32.215052921577495, 46.117543139443214 ], [ 32.223749691309841, 46.096868160884419 ], [ 32.238964571332069, 46.08274718390215 ], [ 32.28169352075362, 46.064075120436833 ], [ 32.319711894870693, 46.060266507391411 ], [ 32.335648741671868, 46.062267921852907 ], [ 32.338914913925215, 46.065541501788395 ], [ 32.346517881052741, 46.064776946109973 ], [ 32.362056894139656, 46.052407085496668 ], [ 32.398953502642144, 46.043281172684736 ], [ 32.432983330847925, 46.045239155593151 ], [ 32.455090288842946, 46.052000407824927 ], [ 32.465534576082909, 46.040133159210811 ], [ 32.491533025619916, 46.028481706125156 ], [ 32.537091097130947, 46.02382892106472 ], [ 32.572224437375347, 46.031033733644655 ], [ 32.592554019823758, 46.041551865477963 ], [ 32.606045824721633, 46.056372661106707 ], [ 32.638953071140506, 46.052979561965387 ], [ 32.668674678846457, 46.058911644937552 ], [ 32.686391512240682, 46.057075958224445 ], [ 32.702330902077946, 46.059024100329111 ], [ 32.705616879060983, 46.062284963357961 ], [ 32.716118218157682, 46.062994771384062 ], [ 32.731042846949201, 46.072248596747229 ], [ 32.743319149600651, 46.069168873522216 ], [ 32.774446975902087, 46.069522760727615 ], [ 32.790390851202176, 46.071457741247023 ], [ 32.799124565223202, 46.075946819505369 ], [ 32.83593507947225, 46.066682469799701 ], [ 32.856938236869993, 46.068076162147364 ], [ 32.876409158577907, 46.062422870035192 ], [ 32.92737352516906, 46.058839058370296 ], [ 32.957114993869922, 46.064691340675878 ], [ 32.995014640058649, 46.08407652957947 ], [ 33.047924571092459, 46.089235630673379 ], [ 33.065044867209252, 46.096408715505113 ], [ 33.083716477219191, 46.087201544512503 ], [ 33.129224162271456, 46.082308171873947 ], [ 33.158990140385882, 46.088103512011493 ], [ 33.173986326453097, 46.097290418534627 ], [ 33.18449190255582, 46.097955076648219 ], [ 33.193256823250657, 46.102409881074053 ], [ 33.215220335988406, 46.096425972510275 ], [ 33.211116013474907, 46.089666134821897 ], [ 33.213575260052444, 46.065982720728321 ], [ 33.218233878538349, 46.063675840977488 ], [ 33.219184241729288, 46.056367635341651 ], [ 33.247675672105167, 46.033456973953378 ], [ 33.289400072334978, 46.023504390389121 ], [ 33.307461033961616, 46.023331643864864 ], [ 33.329235345704475, 46.028152861691105 ], [ 33.343719990801773, 46.012154605429359 ], [ 33.35341269944491, 46.009289500972372 ], [ 33.35514003921049, 46.005497316233409 ], [ 33.389251922681566, 45.996342072089135 ], [ 33.423226314953212, 45.997998856863099 ], [ 33.443274979674278, 46.006590423240326 ], [ 33.469289385210658, 46.007311999049172 ], [ 33.478057010210463, 46.011743524335145 ], [ 33.48854371681896, 46.012380872905418 ], [ 33.506084672261998, 46.021239612207182 ], [ 33.523125300305985, 46.03915813411615 ], [ 33.529582536920472, 46.067260923726927 ], [ 33.543816035454149, 46.072879843296548 ], [ 33.547957698314491, 46.079623452520316 ], [ 33.55340984974859, 46.080816399942663 ], [ 33.560887735638332, 46.090789984274103 ], [ 33.563725078274445, 46.103083142590897 ], [ 33.568368654506678, 46.100762819634653 ], [ 33.567152080474997, 46.095494436251798 ], [ 33.571794895107068, 46.093174054222885 ], [ 33.572696636875307, 46.085867484345194 ], [ 33.587520617461522, 46.071599081979528 ], [ 33.59720607648233, 46.06871301690304 ], [ 33.598916624125373, 46.064918523124639 ], [ 33.613644698168684, 46.061465855999366 ], [ 33.622106583317574, 46.053310560465526 ], [ 33.612594143964657, 46.034562618965687 ], [ 33.614878659637341, 46.010888439593195 ], [ 33.637312705674411, 45.984951373142756 ], [ 33.646980095351758, 45.982062864798507 ], [ 33.648685516631964, 45.978268313421331 ], [ 33.663386671788238, 45.974811831553751 ], [ 33.663463843306957, 45.963995157055002 ], [ 33.67360843416764, 45.952043914867623 ], [ 33.675387252379103, 45.937432901776027 ], [ 33.68001238261219, 45.935109933153683 ], [ 33.680901133042184, 45.927804506791531 ], [ 33.693958239087756, 45.917324178502604 ], [ 33.694438434841871, 45.908263580870816 ], [ 33.681052654087317, 45.906172144062943 ], [ 33.663529843101728, 45.897340274985801 ], [ 33.653554509984957, 45.887656308079613 ], [ 33.634250994923498, 45.893430148761858 ], [ 33.603267725752858, 45.893305745416278 ], [ 33.573589425395539, 45.887623009250362 ], [ 33.558601687528977, 45.8784911093665 ], [ 33.553572645507273, 45.879052759323933 ], [ 33.545523033367218, 45.88895716875512 ], [ 33.535863993327958, 45.891835707792794 ], [ 33.534151815663812, 45.895628966514487 ], [ 33.519860560049388, 45.90082355759899 ], [ 33.497616790323043, 45.905099212987693 ], [ 33.4637033345983, 45.90345956220694 ], [ 33.460388005400866, 45.900224608986804 ], [ 33.449922987378663, 45.899582460936323 ], [ 33.419979774830153, 45.881279446736009 ], [ 33.407266231814248, 45.859268202324195 ], [ 33.407531902363118, 45.837625850022519 ], [ 33.383319152939933, 45.833090110570986 ], [ 33.365465775046601, 45.822446976893325 ], [ 33.346683939852156, 45.81910709977624 ], [ 33.329235595777739, 45.810214819758372 ], [ 33.325146645374652, 45.803458883536088 ], [ 33.319726254135027, 45.802251662560117 ], [ 33.31854572368146, 45.796977952047705 ], [ 33.302131803444034, 45.804177209881587 ], [ 33.279900120780631, 45.808407188192753 ], [ 33.214305479972836, 45.80294063012439 ], [ 33.211010766220802, 45.799696308139666 ], [ 33.200563530815707, 45.799028634766991 ], [ 33.170752526092571, 45.780645667802027 ], [ 33.158165298814225, 45.758594496708703 ], [ 33.159514487696981, 45.753046024889557 ], [ 33.127425398977891, 45.747504395902666 ], [ 33.110031042458374, 45.738572311844067 ], [ 33.105974679011233, 45.731805302151329 ], [ 33.067313385932124, 45.743160667114999 ], [ 33.049336479742649, 45.743285738865332 ], [ 33.019771495914561, 45.737442505596732 ], [ 32.992944166540276, 45.720494877427981 ], [ 32.985626929756883, 45.710469400625811 ], [ 32.982955016166258, 45.69814835341456 ], [ 32.965977918385455, 45.690950362376057 ], [ 32.961942971104925, 45.684176132483977 ], [ 32.956539438174296, 45.682949408874642 ], [ 32.944063743668764, 45.660864100388523 ], [ 32.943535914821474, 45.646514343807809 ], [ 32.925965502298254, 45.64837702421233 ], [ 32.910146487470939, 45.646450208604854 ], [ 32.896219036896639, 45.653324777679842 ], [ 32.876510168137216, 45.657206130083374 ], [ 32.842733768100111, 45.655361519151491 ], [ 32.834070812595904, 45.650870196813109 ], [ 32.815740520092099, 45.649193657431667 ], [ 32.81247811213089, 45.645934562241145 ], [ 32.802058130501941, 45.645226394637682 ], [ 32.773201750556396, 45.630240158104677 ], [ 32.769195105269553, 45.623456357602457 ], [ 32.757285251132735, 45.615697141978373 ], [ 32.744905680031785, 45.59358080320132 ], [ 32.746197200722676, 45.575440181963458 ], [ 32.721481475619306, 45.579815709605192 ], [ 32.687749133452726, 45.57791929160971 ], [ 32.65969626874007, 45.566422026089171 ], [ 32.649290722288761, 45.565698022109117 ], [ 32.632022907970715, 45.556679102969348 ], [ 32.615428668824187, 45.538585517272146 ], [ 32.609545268903616, 45.510383984143026 ], [ 32.597987026008731, 45.491769281845912 ], [ 32.60036989715492, 45.466317620993664 ], [ 32.605013216925492, 45.464038948504623 ], [ 32.606051262009018, 45.456730271250798 ], [ 32.614968630360387, 45.450409905973594 ], [ 32.602020223132008, 45.437340868537824 ], [ 32.597627404875382, 45.416188398770302 ], [ 32.583706027061069, 45.423021905549462 ], [ 32.581933677042095, 45.426804919379563 ], [ 32.528668877099577, 45.441269943975605 ], [ 32.484635211451717, 45.438565076694097 ], [ 32.481405287997809, 45.435293451345544 ], [ 32.471023864662847, 45.434550339854461 ], [ 32.444504976964176, 45.417442590305491 ], [ 32.432303222487256, 45.395276569776378 ], [ 32.431923437694081, 45.380912479974064 ], [ 32.440471937079096, 45.360241539970097 ], [ 32.449397292101025, 45.353934161792125 ], [ 32.448316036880925, 45.348643128744207 ], [ 32.452957897087913, 45.346371155806629 ], [ 32.454016985837029, 45.339062356025394 ], [ 32.46685620405399, 45.326954864779118 ], [ 32.476495363795976, 45.324173249865929 ], [ 32.478273280672276, 45.320391604780625 ], [ 32.509681041992522, 45.311786842432682 ], [ 32.553249374581476, 45.312728292522984 ], [ 32.586873672598855, 45.32727779311486 ], [ 32.612709126357672, 45.353422416857889 ], [ 32.617463923583962, 45.376336582355165 ], [ 32.626002539208812, 45.368254216743743 ], [ 32.635637820257315, 45.36545895817968 ], [ 32.630145640397949, 45.339021171390023 ], [ 32.638614213183622, 45.318343023596057 ], [ 32.651405293853323, 45.30621878115722 ], [ 32.677041810970515, 45.294562277654087 ], [ 32.696647705841876, 45.29072743803976 ], [ 32.730203684316287, 45.292637965854617 ], [ 32.760984415459625, 45.305629987388961 ], [ 32.767826149488833, 45.313916748610495 ], [ 32.798897850768014, 45.31606597698579 ], [ 32.802136339530087, 45.319327217362591 ], [ 32.812494327321438, 45.320041292784516 ], [ 32.829704890326461, 45.329036290890663 ], [ 32.83369017130785, 45.335818879834029 ], [ 32.855790592299101, 45.331693266685456 ], [ 32.861789036114963, 45.32385995790974 ], [ 32.88737929817713, 45.312158779478999 ], [ 32.906969295276454, 45.308287892029306 ], [ 32.930175140119744, 45.30943132883484 ], [ 32.936780866204501, 45.292527863821164 ], [ 32.94949545471767, 45.28037667338544 ], [ 32.965823918598915, 45.273240826792382 ], [ 32.976035366331942, 45.261352741184126 ], [ 32.981020508413799, 45.260822119671857 ], [ 32.996210468674001, 45.248402058708756 ], [ 33.015390965465414, 45.242755077842119 ], [ 33.016376072969372, 45.235448712938158 ], [ 33.029060989488741, 45.223291671565093 ], [ 33.059168389218407, 45.209267244759488 ], [ 33.09564962453085, 45.165745554486072 ], [ 33.121114315931955, 45.154003576838136 ], [ 33.168352929629961, 45.148903364334018 ], [ 33.169698613680467, 45.143357116471385 ], [ 33.188643470477388, 45.125103834994903 ], [ 33.198201305030743, 45.122267431976319 ], [ 33.217892125773268, 45.10752868410809 ], [ 33.232030540635094, 45.102391418333674 ], [ 33.258962473252303, 45.097658558675526 ], [ 33.292385799026015, 45.099410319288957 ], [ 33.300983844822852, 45.103870597539959 ], [ 33.311298223848013, 45.104541901626256 ], [ 33.334234790224613, 45.116429688409241 ], [ 33.337872231843185, 45.121431235265639 ], [ 33.357736047461835, 45.119249587491382 ], [ 33.391169321983902, 45.120970105572681 ], [ 33.40512966948949, 45.126631329254778 ], [ 33.415447537947074, 45.127292440504441 ], [ 33.424445857666605, 45.133499185518659 ], [ 33.42941142095524, 45.132950211483433 ], [ 33.430342700581669, 45.125646235821421 ], [ 33.445001553732418, 45.111422498744439 ], [ 33.44996480864453, 45.110872839693343 ], [ 33.451281745432468, 45.10532627651763 ], [ 33.465930457577187, 45.091100978227786 ], [ 33.475463813931661, 45.088242953339339 ], [ 33.477166751199555, 45.084453497271426 ], [ 33.484607150873536, 45.08362721667163 ], [ 33.48932437594295, 45.070501715072815 ], [ 33.512701650442303, 45.049899470668457 ], [ 33.522225209227187, 45.047038472697636 ], [ 33.51716416567529, 45.024200347652759 ], [ 33.519783799091414, 45.013107729905137 ], [ 33.531528951751888, 44.997397607800274 ], [ 33.526861667428783, 44.976316861717862 ], [ 33.529233407671853, 44.952651553028822 ], [ 33.537185754235566, 44.942764334471185 ], [ 33.538104888673587, 44.935461623869749 ], [ 33.548915127610542, 44.92705474446899 ], [ 33.540473772441175, 44.911797006428195 ], [ 33.539452280553427, 44.895711032245529 ], [ 33.542066798526101, 44.884619353880325 ], [ 33.548315192855981, 44.87852183041187 ], [ 33.542210259179839, 44.873803536112916 ], [ 33.523754146867638, 44.870462151301915 ], [ 33.497267939525237, 44.853611428291266 ], [ 33.484843177684894, 44.831593501689021 ], [ 33.483073318929002, 44.811991296372554 ], [ 33.477751385885554, 44.810782421990794 ], [ 33.465346727619441, 44.788760724236937 ], [ 33.467915569617475, 44.754279011224718 ], [ 33.474161424997895, 44.748186529772731 ], [ 33.475090988075983, 44.740884157147157 ], [ 33.483799950259133, 44.734517736179484 ], [ 33.482808388407612, 44.718429873540003 ], [ 33.485433493976913, 44.707339698383173 ], [ 33.489977348495714, 44.705035050648846 ], [ 33.479900447300828, 44.69355627512649 ], [ 33.477216842861345, 44.681256122092385 ], [ 33.46298776584117, 44.67383629075114 ], [ 33.458994689460454, 44.667080162466398 ], [ 33.453687282970193, 44.665868659071997 ], [ 33.452540441555236, 44.660596624438369 ], [ 33.426771491634057, 44.658049466585659 ], [ 33.423546437488341, 44.654806582780736 ], [ 33.399861961143131, 44.650222990688569 ], [ 33.373523111282672, 44.633328790453518 ], [ 33.361967487242886, 44.614803908214633 ], [ 33.341334112761082, 44.600874097586427 ], [ 33.33092969856434, 44.587618775124838 ], [ 33.325450272595383, 44.573822807841687 ], [ 33.32792554076466, 44.550156971857184 ], [ 33.334170265637027, 44.544073431407014 ], [ 33.335120256204966, 44.536771014186968 ], [ 33.358758956234972, 44.517979281428524 ], [ 33.389563878833478, 44.509190161509835 ], [ 33.409593608140597, 44.508780426232697 ], [ 33.41279395936337, 44.48863254811728 ], [ 33.417325834829192, 44.486332558766478 ], [ 33.41826565820795, 44.479030800086363 ], [ 33.430720133136695, 44.466857419880114 ], [ 33.455817204654643, 44.455081944694363 ], [ 33.492617238305712, 44.450997844885329 ], [ 33.508097270357055, 44.452875043407154 ], [ 33.516600332102804, 44.457326752061299 ], [ 33.542818088472337, 44.450804805102941 ], [ 33.560368016799252, 44.450644074699937 ], [ 33.576231318037323, 44.454268198291814 ], [ 33.603205768316009, 44.451245918762304 ], [ 33.604121913331227, 44.443945360650368 ], [ 33.61652631631938, 44.43175658363208 ], [ 33.634595522331473, 44.422528446064213 ], [ 33.635267343535865, 44.402659426766945 ], [ 33.641462962997885, 44.396564333844225 ], [ 33.64237480325589, 44.389264206160924 ], [ 33.657209250128027, 44.376797772702872 ], [ 33.658119291317341, 44.369497813648891 ], [ 33.677070675081858, 44.352966253751923 ], [ 33.702060285697215, 44.341146962460442 ], [ 33.72369118959503, 44.336899735822321 ], [ 33.741586150177469, 44.338469987600419 ], [ 33.783162952762979, 44.33374592079727 ], [ 33.811614556557075, 44.337701250995707 ], [ 33.855414425228652, 44.354287771804472 ], [ 33.89942849085493, 44.349240085759121 ], [ 33.901090417097393, 44.34545048562525 ], [ 33.919471298717937, 44.337938988966862 ], [ 33.958574565407872, 44.333432337810265 ], [ 33.979303570827859, 44.33643554032836 ], [ 33.998773285235778, 44.344978589052616 ], [ 34.010991598393865, 44.343562999918902 ], [ 34.031724939846029, 44.346555702755907 ], [ 34.034959336628752, 44.349778782749105 ], [ 34.045129217226958, 44.350396550453496 ], [ 34.056883880324278, 44.358026361530428 ], [ 34.085748186807947, 44.363661211535366 ], [ 34.099954268559991, 44.371000552413278 ], [ 34.117060206755774, 44.369002301716414 ], [ 34.145932682761554, 44.374620216388003 ], [ 34.166234694414527, 44.386634690026568 ], [ 34.171122265183811, 44.386061020957122 ], [ 34.193877163065515, 44.397782436535117 ], [ 34.197925339532858, 44.404503890341765 ], [ 34.203215039012171, 44.405680867978354 ], [ 34.213760781090677, 44.418834555627825 ], [ 34.222237488142547, 44.444827459883044 ], [ 34.237313785569597, 44.444848804812473 ], [ 34.245859595618327, 44.449238376654982 ], [ 34.256045303652584, 44.449834536181122 ], [ 34.287393162426405, 44.465919500155358 ], [ 34.288202546406396, 44.469422608170966 ], [ 34.322015834501357, 44.48520567545188 ], [ 34.346461526231657, 44.51469071169933 ], [ 34.351356154270967, 44.5141080194282 ], [ 34.37419680769235, 44.525782601153125 ], [ 34.384395041808531, 44.526365244661726 ], [ 34.404389517749095, 44.536573710905223 ], [ 34.408474391123818, 44.543283682711028 ], [ 34.413779686878257, 44.544448655943299 ], [ 34.415008515374062, 44.549700486516485 ], [ 34.423172528107827, 44.552322520914068 ], [ 34.439928283623999, 44.570111017741539 ], [ 34.45099250486966, 44.595779066597956 ], [ 34.449776973277515, 44.601324015529102 ], [ 34.466558164944146, 44.619106091591995 ], [ 34.473133289837421, 44.636313372285734 ], [ 34.481725361273583, 44.64067951538464 ], [ 34.498146923804562, 44.667499557540083 ], [ 34.535002408908468, 44.684652355253817 ], [ 34.535832904640579, 44.688151716919997 ], [ 34.572665287109466, 44.694495678653134 ], [ 34.613682066747927, 44.718317573705903 ], [ 34.632109174426866, 44.72147664540514 ], [ 34.649342381292499, 44.730177788917963 ], [ 34.659639727754097, 44.741522142225172 ], [ 34.684174562317047, 44.738527703059866 ], [ 34.713265203343902, 44.743969685688548 ], [ 34.742018791805563, 44.758445045304875 ], [ 34.746162988304228, 44.765136375769529 ], [ 34.751493356591652, 44.766281986541131 ], [ 34.759786559554257, 44.779663315891668 ], [ 34.775693894936808, 44.772307688720069 ], [ 34.797351842630995, 44.767841321429771 ], [ 34.830517948987413, 44.76914969157459 ], [ 34.833821901496528, 44.772341536415624 ], [ 34.844059993419044, 44.772876116436862 ], [ 34.861762269966349, 44.783285937723697 ], [ 34.89237009199811, 44.774091904841342 ], [ 34.914869903519673, 44.773097426349807 ], [ 34.943987195367043, 44.778474173904733 ], [ 34.958824182270106, 44.787425055569585 ], [ 34.993154843354553, 44.783138048053992 ], [ 35.008727474721702, 44.784789917499197 ], [ 35.022711619719018, 44.790238725702373 ], [ 35.047228662038847, 44.78716372941777 ], [ 35.076357947699208, 44.792503329738445 ], [ 35.093667655333661, 44.801124743455659 ], [ 35.097420921422447, 44.806052174857918 ], [ 35.131741807526829, 44.801722108658787 ], [ 35.166219913194247, 44.808161817652561 ], [ 35.18354546483102, 44.816766979413963 ], [ 35.187744190885411, 44.82343503445577 ], [ 35.196410231220135, 44.827735885677313 ], [ 35.209455477349252, 44.84948157059987 ], [ 35.209631330932623, 44.860260444213253 ], [ 35.235913634594731, 44.864118919825913 ], [ 35.253266633666463, 44.872709952309322 ], [ 35.270373321368623, 44.890331046946919 ], [ 35.273457528344785, 44.902539394139836 ], [ 35.278365362142623, 44.901912819232926 ], [ 35.304423795264235, 44.914784991502167 ], [ 35.308645979236964, 44.921446056558779 ], [ 35.326509424268451, 44.911957208048214 ], [ 35.363311556052778, 44.907235052948721 ], [ 35.392515985008515, 44.912480425535733 ], [ 35.419490771426254, 44.928807748035752 ], [ 35.432649465932812, 44.950514442543202 ], [ 35.432204514062718, 44.968576160398115 ], [ 35.452071758903251, 44.976811635444697 ], [ 35.456316688085771, 44.983464497631921 ], [ 35.461675087921037, 44.984571720641874 ], [ 35.4748674243449, 45.006270251965219 ], [ 35.476897057788712, 45.02401266601197 ], [ 35.4695473318125, 45.044770726700278 ], [ 35.486540864834495, 45.051572104635376 ], [ 35.487439967131934, 45.055056748964127 ], [ 35.504888710295823, 45.063596937060993 ], [ 35.523448122025989, 45.066588131230525 ], [ 35.550539244384744, 45.082870642969574 ], [ 35.569879140435638, 45.118165023544805 ], [ 35.571044705128621, 45.132419005152478 ], [ 35.566836013872035, 45.145573222765563 ], [ 35.58561572405312, 45.139521509954321 ], [ 35.581793731616067, 45.134618106862966 ], [ 35.583277475960955, 45.111014715954695 ], [ 35.600419179400689, 45.088967925042745 ], [ 35.609798265267031, 45.08594101027947 ], [ 35.611348670333776, 45.082136854919305 ], [ 35.64193390761519, 45.072729926340919 ], [ 35.680153447431188, 45.073115131177168 ], [ 35.711285127707193, 45.085224901829804 ], [ 35.715570088966167, 45.091863243992535 ], [ 35.720941545179905, 45.092956026277591 ], [ 35.734263651289915, 45.11460886635097 ], [ 35.73330339586014, 45.139946775270758 ], [ 35.728843597896152, 45.14233592355675 ], [ 35.728217723665836, 45.149621802362461 ], [ 35.716208811384746, 45.162010068990142 ], [ 35.711288437802693, 45.162658347916569 ], [ 35.712662931083017, 45.167879861640323 ], [ 35.721419553622574, 45.172128490356357 ], [ 35.725714914609746, 45.178765701857614 ], [ 35.748778990507915, 45.179323648639247 ], [ 35.752158735652451, 45.182478998420549 ], [ 35.762460844031601, 45.182918368628485 ], [ 35.774604440057644, 45.190316774769322 ], [ 35.791523290053348, 45.177271174977889 ], [ 35.79890294856957, 45.176293249354075 ], [ 35.79752017167538, 45.171073816019742 ], [ 35.792140157045353, 45.169985840740324 ], [ 35.784458319043885, 45.160198002665133 ], [ 35.778778484897373, 45.148343907922808 ], [ 35.779257509346742, 45.121268080344755 ], [ 35.796315995088065, 45.099200043367723 ], [ 35.821033737264791, 45.086917532425929 ], [ 35.857865006899267, 45.082021388140191 ], [ 35.887179272191659, 45.087119249146603 ], [ 35.899311988874835, 45.09450418993508 ], [ 35.927380467286078, 45.08535111603166 ], [ 35.965586105765169, 45.085636288122963 ], [ 35.974342590812753, 45.089863932613881 ], [ 35.984623909977941, 45.090284496206422 ], [ 36.002141925043482, 45.098735380252457 ], [ 36.006460348597571, 45.105357988046478 ], [ 36.011835382822881, 45.106435754174733 ], [ 36.021410920409316, 45.123155583628559 ], [ 36.048062194023252, 45.108758667772662 ], [ 36.08486845211484, 45.10378746813862 ], [ 36.11420048651334, 45.108821032849079 ], [ 36.138057597635488, 45.121793542767499 ], [ 36.158725229741542, 45.11358344727936 ], [ 36.159022100210159, 45.086529849725373 ], [ 36.163455090842987, 45.084126305602503 ], [ 36.164024538565307, 45.076845484976623 ], [ 36.186747641722881, 45.057545697309259 ], [ 36.217182560419523, 45.047993806346213 ], [ 36.247991067076441, 45.049186940228559 ], [ 36.24902256890423, 45.04364343105452 ], [ 36.260878847599599, 45.031216286483804 ], [ 36.285440903822966, 45.018847175789205 ], [ 36.306992612927665, 45.014088935127987 ], [ 36.340224317956441, 45.014922380953735 ], [ 36.343620737005217, 45.018056394846923 ], [ 36.353882639010159, 45.018443892043642 ], [ 36.381137866189789, 45.034494307484586 ], [ 36.388891440254369, 45.044228847430034 ], [ 36.392229644752568, 45.056373813374179 ], [ 36.407393236559422, 45.056079052029233 ], [ 36.410796046806695, 45.059210241394716 ], [ 36.421064517969945, 45.059590447274331 ], [ 36.441546911570356, 45.069359979075699 ], [ 36.486811332837249, 45.11350400152795 ], [ 36.494071859170013, 45.130504766324378 ], [ 36.492981005381708, 45.154070512876032 ], [ 36.487073140441922, 45.160295317823348 ], [ 36.486548639543429, 45.167572714131985 ], [ 36.474727927719464, 45.180022141444645 ], [ 36.463429317146996, 45.185193256796275 ], [ 36.493138004737141, 45.227896938785257 ], [ 36.495031869763231, 45.243844946142879 ], [ 36.491050439283264, 45.257007731512012 ], [ 36.499383286584816, 45.259451322860869 ], [ 36.516986056967717, 45.276815493851814 ], [ 36.524258775065064, 45.302822997329258 ], [ 36.55030948502143, 45.295586446450685 ], [ 36.588121521569434, 45.293903603186891 ], [ 36.598918495131528, 45.295994691424582 ], [ 36.59256608876683, 45.282472942799366 ], [ 36.594110431957468, 45.251633412724679 ], [ 36.586771806347436, 45.243654111561817 ], [ 36.555927873972365, 45.224549643029739 ], [ 36.53539887686096, 45.205799941550595 ], [ 36.530044261350213, 45.195739369619275 ], [ 36.540056309959894, 45.140308576021752 ], [ 36.554404673009074, 45.100483559810982 ], [ 36.552956822741557, 45.095282723816482 ], [ 36.558368674946649, 45.087322857150916 ], [ 36.556921128674261, 45.082122109765194 ], [ 36.562331558653362, 45.074162338817203 ], [ 36.560884316499646, 45.068961680037951 ], [ 36.566293325673726, 45.061002005048607 ], [ 36.56484638776201, 45.055801434873487 ], [ 36.60970220333229, 44.943274493646634 ], [ 36.60825726907737, 44.938074919544313 ], [ 36.584443401640364, 44.916200783116793 ], [ 36.579083806913424, 44.915150050926066 ], [ 36.565486058819523, 44.902646385505378 ], [ 36.554290675088758, 44.898808701731689 ], [ 36.553332163704546, 44.895341360684732 ], [ 36.487200814655523, 44.866744335784965 ], [ 36.427840141229773, 44.85337450040295 ], [ 36.388885478649208, 44.849758971890402 ], [ 36.366459080500334, 44.851053247308045 ], [ 36.307684584844488, 44.83033447598558 ], [ 36.241533731213629, 44.819594533554358 ], [ 36.170877202230571, 44.820228933020218 ], [ 36.101017537068543, 44.833311003624907 ], [ 36.053017828392555, 44.814594261938602 ], [ 36.004911060144416, 44.804872283283295 ], [ 35.953311277030359, 44.800997743081886 ], [ 35.923544661470387, 44.803182183359816 ], [ 35.883241764438438, 44.794162088982553 ], [ 35.821874011286205, 44.791526280227252 ], [ 35.757884148977283, 44.798202921920343 ], [ 35.712795058431027, 44.809553595716203 ], [ 35.671484312178777, 44.825789731909779 ], [ 35.631949545098905, 44.848978489977796 ], [ 35.62390085832611, 44.837430632894126 ], [ 35.611411769190838, 44.82826346425955 ], [ 35.610062589227454, 44.823039227350257 ], [ 35.604719259614107, 44.82193771365661 ], [ 35.597130046463597, 44.812128345555912 ], [ 35.591787911849252, 44.811026050478517 ], [ 35.578413406027721, 44.798370621735437 ], [ 35.570178523871867, 44.795844541028778 ], [ 35.569282526043125, 44.792361047541114 ], [ 35.50609362809805, 44.762779789354127 ], [ 35.438733643061717, 44.746301794281464 ], [ 35.410502906243266, 44.744544912321857 ], [ 35.396063596030579, 44.737405246631013 ], [ 35.390084603833451, 44.723774865126835 ], [ 35.373008144875662, 44.706171766257427 ], [ 35.371686149329776, 44.700941788980337 ], [ 35.342211330921323, 44.674127813655268 ], [ 35.318714438493664, 44.660940267339249 ], [ 35.317837711029895, 44.657452746190174 ], [ 35.274631572229673, 44.635978684939722 ], [ 35.269746131305268, 44.636602205518997 ], [ 35.223259635850219, 44.611926950935633 ], [ 35.218375098523794, 44.612548011791006 ], [ 35.209310489325617, 44.606500770479357 ], [ 35.204426105165616, 44.607121175655635 ], [ 35.18185266159194, 44.597387018796567 ], [ 35.134001718626827, 44.587245215575635 ], [ 35.102969590817288, 44.583962277449757 ], [ 35.04751159913441, 44.583739427730826 ], [ 34.977077176273795, 44.59435794522188 ], [ 34.928296818813259, 44.611237043153551 ], [ 34.880877618637577, 44.602728659543658 ], [ 34.832714001226861, 44.601490420982813 ], [ 34.808252469649055, 44.60450953677104 ], [ 34.780415832207723, 44.593540580147696 ], [ 34.738331972591716, 44.586112776247205 ], [ 34.72973402001454, 44.581767937876933 ], [ 34.728894969262747, 44.578271387947353 ], [ 34.717852897317727, 44.574225187850566 ], [ 34.717014779110563, 44.570728456010464 ], [ 34.676919617856512, 44.550435740842971 ], [ 34.666303087741944, 44.54813207311485 ], [ 34.647410884483364, 44.521641065217807 ], [ 34.627755893733458, 44.502438426922126 ], [ 34.622452710772997, 44.501283746001661 ], [ 34.613786290080469, 44.475343777019859 ], [ 34.590025947365071, 44.438638869956414 ], [ 34.541867364559906, 44.394084104474615 ], [ 34.484454548497048, 44.363218636130036 ], [ 34.479575212641308, 44.363805469923918 ], [ 34.473469477300235, 44.359141413078966 ], [ 34.457606681726766, 44.355648732363889 ], [ 34.441739290663151, 44.341358263890186 ], [ 34.401493498557308, 44.319186289155681 ], [ 34.396616123874111, 44.319769123934279 ], [ 34.384833517675666, 44.31217974699809 ], [ 34.379956385287969, 44.312761798091529 ], [ 34.373863919263307, 44.308090729344876 ], [ 34.368986903137603, 44.308672269890081 ], [ 34.352333133400442, 44.301660039762666 ], [ 34.345032037873025, 44.291733503258087 ], [ 34.339752028096221, 44.290562415219327 ], [ 34.335699501686634, 44.28384737027082 ], [ 34.330420344095657, 44.282675732683053 ], [ 34.317445111963103, 44.26982329695489 ], [ 34.306487594797701, 44.265726148414977 ], [ 34.305682850428539, 44.262223182103369 ], [ 34.265941857100195, 44.241741460607059 ], [ 34.261068150436699, 44.242317713615492 ], [ 34.25215549790061, 44.23617421612083 ], [ 34.247281974148883, 44.236749823960274 ], [ 34.219716837222215, 44.225607994331988 ], [ 34.151982359758478, 44.213777248811645 ], [ 34.091907186157869, 44.21360504414492 ], [ 34.048176264208344, 44.197107694988006 ], [ 34.003599771649071, 44.18788728245881 ], [ 33.960206715532941, 44.183909323447679 ], [ 33.927736505758617, 44.18405432457569 ], [ 33.852535946866148, 44.194485447839106 ], [ 33.836351716707242, 44.189139856122083 ], [ 33.797832995106944, 44.184539740959025 ], [ 33.755208737053756, 44.183990439248269 ], [ 33.691770851544319, 44.191174887302708 ], [ 33.620449813641066, 44.208203709565709 ], [ 33.580835682866137, 44.221641242052129 ], [ 33.565255297865434, 44.230580962382113 ], [ 33.536313367605025, 44.235612031461244 ], [ 33.489699524295119, 44.251596368955838 ], [ 33.453593986908103, 44.269995817617925 ], [ 33.451902180276562, 44.273781693600405 ], [ 33.433838896435503, 44.282977923832497 ], [ 33.430075329890244, 44.288791863356053 ], [ 33.425181452506251, 44.289332839077126 ], [ 33.421416670451684, 44.295146638615847 ], [ 33.39449484765472, 44.298117767022489 ], [ 33.34948154617301, 44.310267766665604 ], [ 33.324414546353921, 44.322014350107025 ], [ 33.317066559501832, 44.322819417455563 ], [ 33.278776269871415, 44.343200425533844 ], [ 33.274993252129541, 44.349011366093301 ], [ 33.270091456733901, 44.349546264192462 ], [ 33.25761926575975, 44.361702297409003 ], [ 33.252716088385924, 44.362236569566917 ], [ 33.22567303890667, 44.388571034715461 ], [ 33.226416765013212, 44.392088944179989 ], [ 33.21771904290167, 44.398432212034017 ], [ 33.218462547960634, 44.401950221474507 ], [ 33.206340732852851, 44.41586213299891 ], [ 33.196894626007648, 44.418686227020508 ], [ 33.195182750188543, 44.422470659326798 ], [ 33.18573487409639, 44.425293990190909 ], [ 33.181938100601251, 44.431103492729399 ], [ 33.170403389801706, 44.435950916447425 ], [ 33.136660284938152, 44.466588131914236 ], [ 33.137400687751573, 44.470107175982236 ], [ 33.126594042670717, 44.478470469093871 ], [ 33.127334146972181, 44.481989639069425 ], [ 33.11136760088376, 44.501704560287443 ], [ 33.106949399427137, 44.516576170245962 ], [ 33.102400248951909, 44.518865150748368 ], [ 33.103509835073503, 44.524144343682082 ], [ 33.097609390164322, 44.531977090675106 ], [ 33.092205501606145, 44.554152569394638 ], [ 33.090001649126833, 44.579583401044729 ], [ 33.102980144927322, 44.641174531159926 ], [ 33.12311794153306, 44.676799270571436 ], [ 33.128795300609056, 44.679786663198918 ], [ 33.129913524233494, 44.685065186116518 ], [ 33.152780316581747, 44.709592751519075 ], [ 33.158088561587881, 44.710818837792083 ], [ 33.177011579376568, 44.728568958436746 ], [ 33.188007697562846, 44.732777178623884 ], [ 33.188758114890362, 44.736295379807437 ], [ 33.231422445264649, 44.758660038944257 ], [ 33.23635943404495, 44.758122957816717 ], [ 33.244896374701405, 44.762593106443923 ], [ 33.241231712005309, 44.804387986238524 ], [ 33.251821718051012, 44.853631158257286 ], [ 33.259419189868026, 44.865402493616493 ], [ 33.270241912853152, 44.903820695025196 ], [ 33.28622697643975, 44.930874852865585 ], [ 33.295939510942787, 44.940613151769931 ], [ 33.272895701276823, 44.93953071973857 ], [ 33.191550865140066, 44.950178851754053 ], [ 33.160477389017132, 44.958942814408729 ], [ 33.139682966146118, 44.968389079785318 ], [ 33.129769218888953, 44.969458566751733 ], [ 33.086048904687665, 44.990364561676671 ], [ 33.061623774371107, 44.994785928926987 ], [ 33.01921531811751, 45.010124514038928 ], [ 32.966975301091864, 45.039093082496237 ], [ 32.947974055332097, 45.057312762166404 ], [ 32.915421914286156, 45.071564450077204 ], [ 32.913679446805723, 45.075349107562381 ], [ 32.904109844018336, 45.078161767516448 ], [ 32.90025191757298, 45.083970050783805 ], [ 32.888564868189576, 45.08880532324828 ], [ 32.85009709008942, 45.123463785586267 ], [ 32.850837007580324, 45.126986176592823 ], [ 32.84199440972931, 45.133317187629792 ], [ 32.832879034859708, 45.150477132748868 ], [ 32.729838421268163, 45.11985628013101 ], [ 32.722372219325777, 45.120633794701696 ], [ 32.71131997106842, 45.116383474548876 ], [ 32.679994689779839, 45.112436487854374 ], [ 32.641568567707679, 45.111014890189345 ], [ 32.564390608096026, 45.118965285127331 ], [ 32.511397411147698, 45.133393300935673 ], [ 32.488278308154086, 45.144753623829438 ], [ 32.450537743549063, 45.146795298400477 ], [ 32.382518653255289, 45.162686971035903 ], [ 32.324065123957872, 45.188376543517663 ], [ 32.322278795481303, 45.192156243546997 ], [ 32.303730049184161, 45.201218440117323 ], [ 32.299799816729504, 45.207012899579439 ], [ 32.294807147583363, 45.207513284852993 ], [ 32.256217886915927, 45.243775822387761 ], [ 32.25692416641764, 45.247305623970334 ], [ 32.250134664435876, 45.251583708176383 ], [ 32.250840759230762, 45.255113579673043 ], [ 32.238316398127061, 45.268964007809849 ], [ 32.237228242880619, 45.276273209143469 ], [ 32.232581199606791, 45.278536488250573 ], [ 32.223959385394927, 45.299197316111716 ], [ 32.22357523755565, 45.31003681885322 ], [ 32.219277790458385, 45.314064970575501 ], [ 32.218508802607417, 45.335744218625074 ], [ 32.210615109604319, 45.347330811614668 ], [ 32.211674155325461, 45.352626253263146 ], [ 32.203038000226222, 45.373287523310566 ], [ 32.200788361969344, 45.413117299967489 ], [ 32.20751021204034, 45.446655444901388 ], [ 32.221771019620505, 45.479443760831792 ], [ 32.239649042908958, 45.50466877801567 ], [ 32.248603172673427, 45.51097743503697 ], [ 32.249671838647153, 45.516272028086526 ], [ 32.264720671696374, 45.527372430182858 ], [ 32.270088100618928, 45.541239462482444 ], [ 32.288011946709965, 45.566453118204684 ], [ 32.310621086563437, 45.589393869935797 ], [ 32.316006485022093, 45.590653953073435 ], [ 32.328936356721492, 45.603759397187325 ], [ 32.337197167301419, 45.606529994061404 ], [ 32.337917511376354, 45.610058575442331 ], [ 32.354803339258218, 45.6173616893823 ], [ 32.355525059813928, 45.620890046209823 ], [ 32.420236930751216, 45.648563174166327 ], [ 32.479204979487037, 45.660578839679971 ], [ 32.491823768909882, 45.671897109240639 ], [ 32.537939224242038, 45.695995355889735 ], [ 32.542970862885404, 45.695480082918777 ], [ 32.551990151505549, 45.701758484068023 ], [ 32.557022054586227, 45.70124254209852 ], [ 32.576845885653867, 45.71001167361031 ], [ 32.587279438439097, 45.710739938842707 ], [ 32.612589169019117, 45.733344059071051 ], [ 32.632803702355311, 45.743863875317551 ], [ 32.633546119860782, 45.747388669635576 ], [ 32.676518441293545, 45.768153766933878 ], [ 32.681554057376651, 45.76763175771363 ], [ 32.687709197858361, 45.772395671117806 ], [ 32.703937505178686, 45.776113225947263 ], [ 32.723913269428259, 45.797446405099009 ], [ 32.732219307574773, 45.800183294413962 ], [ 32.739133176771333, 45.808467099086933 ], [ 32.771357939528407, 45.826714325313084 ], [ 32.705836140667451, 45.833541704204499 ], [ 32.669518658716434, 45.844512401393715 ], [ 32.590597686021013, 45.849055987968008 ], [ 32.541254559666172, 45.859522085198286 ], [ 32.531900545507703, 45.86408111253467 ], [ 32.493307757688228, 45.864421149444659 ], [ 32.435616920581666, 45.872088805182756 ], [ 32.391627860904386, 45.883744979610505 ], [ 32.380094386039708, 45.890311943763962 ], [ 32.359520646676621, 45.890585610020096 ], [ 32.294914898772468, 45.902477028486274 ], [ 32.288057424605071, 45.906765108282521 ], [ 32.256280205871839, 45.915343192002645 ], [ 32.251946328398361, 45.919377140547553 ], [ 32.191612729954592, 45.927179810360769 ], [ 32.164505237235439, 45.933467141297875 ], [ 32.147870124117333, 45.940514301972499 ], [ 32.059643116978599, 45.950996824248769 ], [ 32.027793771582708, 45.959515687113168 ], [ 32.001706964923237, 45.971065229731309 ], [ 31.929291538457029, 45.983502057926593 ], [ 31.893380119891315, 45.997777235611117 ], [ 31.865141343443064, 45.998697519908539 ], [ 31.822731775007522, 46.006371802588447 ], [ 31.81074756196703, 46.01112117967957 ], [ 31.729218009575369, 46.017095449246028 ], [ 31.687455925919945, 46.028257419445723 ], [ 31.613832030599255, 46.035198671944634 ], [ 31.566945420342044, 46.046796162815724 ], [ 31.540703797337024, 46.058250468345783 ], [ 31.490557591587766, 46.06651805623693 ], [ 31.4417425653889, 46.081842446999964 ], [ 31.403745528996684, 46.099751346830665 ], [ 31.401874631810248, 46.10352483255474 ], [ 31.382864719962619, 46.112475078831423 ], [ 31.376574052549817, 46.120255303475119 ], [ 31.371483829197043, 46.120722404053588 ], [ 31.343083927496899, 46.148533466969518 ], [ 31.337990552942436, 46.14899929448827 ], [ 31.333901824624846, 46.154775082580642 ], [ 31.321835555699138, 46.159478583296668 ], [ 31.313317979206076, 46.169259166281819 ], [ 31.308222208724903, 46.169723826960571 ], [ 31.28607835439793, 46.189747058020792 ], [ 31.286746106036052, 46.19328768538297 ], [ 31.277550050531516, 46.199525876425611 ], [ 31.278217482051883, 46.203066593525669 ], [ 31.26303535245297, 46.218850925319686 ], [ 31.261818487796834, 46.226164135917934 ], [ 31.257049966331405, 46.228397404537752 ], [ 31.249510892694495, 46.243486503328732 ], [ 31.238641899743371, 46.282286016769682 ], [ 31.240539326965568, 46.319929898379222 ], [ 31.233320814642909, 46.336790001119773 ], [ 31.230659670808659, 46.36404233894941 ], [ 31.238017260937966, 46.402994358200367 ], [ 31.158663075943704, 46.410146835512144 ], [ 31.149654062263405, 46.403752106035988 ], [ 31.144533856703237, 46.404211242045186 ], [ 31.118843987490834, 46.392105152069419 ], [ 31.045449150671033, 46.375234092644597 ], [ 31.02723174890227, 46.304821570330908 ], [ 31.00151410940402, 46.263881589051799 ], [ 30.967247091443948, 46.232692996496716 ], [ 30.958184573418325, 46.183074244821995 ], [ 30.931945144215398, 46.13856581009378 ], [ 30.885371589586555, 46.095830418329747 ], [ 30.839189155266151, 46.069246938002287 ], [ 30.828365331998157, 46.066586527186537 ], [ 30.801335396896455, 46.031121258878109 ], [ 30.795927925860358, 46.029789011920585 ], [ 30.792117646969228, 46.022917032140136 ], [ 30.786711172714696, 46.021584262529274 ], [ 30.774006046819025, 46.008278861626025 ], [ 30.765741578950902, 46.005391468735532 ], [ 30.765111454514624, 46.001845020225581 ], [ 30.719379592783618, 45.976975223063221 ], [ 30.714292173666184, 45.977411982318898 ], [ 30.705409437449514, 45.970972505988001 ], [ 30.667304862561178, 45.959830472822887 ], [ 30.661960391374535, 45.944083622238878 ], [ 30.640807352450533, 45.911680887819166 ], [ 30.600667355122145, 45.873685472870015 ], [ 30.571885328878817, 45.856319807314343 ], [ 30.560584706023505, 45.835671574398305 ], [ 30.531928678810441, 45.803883419273845 ], [ 30.526548928079759, 45.802536047449131 ], [ 30.513961167954673, 45.789192821638508 ], [ 30.505742089508392, 45.786282829286023 ], [ 30.505133254169813, 45.782733507955285 ], [ 30.485554942526207, 45.773574379058346 ], [ 30.474610224214995, 45.754688640931043 ], [ 30.44635153132732, 45.724646741141349 ], [ 30.426201110253306, 45.711924919710626 ], [ 30.425598886367048, 45.708374729521516 ], [ 30.411727678739236, 45.702328076276181 ], [ 30.411126572346294, 45.698777731152255 ], [ 30.368935174833457, 45.677074916797785 ], [ 30.34464911226684, 45.670081239184697 ], [ 30.332137191904732, 45.656712165803455 ], [ 30.309505361868879, 45.644174255527403 ], [ 30.308911930678725, 45.640622828526602 ], [ 30.280638262952305, 45.624942668175549 ], [ 30.261740762447534, 45.619289513726407 ], [ 30.248966302524256, 45.604132853869281 ], [ 30.228903768662139, 45.591369084314472 ], [ 30.228316512712258, 45.587816807916937 ], [ 30.217317892636828, 45.583312360555176 ], [ 30.216731532251263, 45.579759962351211 ], [ 30.171882290100019, 45.556400358140635 ], [ 30.166824920556813, 45.5568098185351 ], [ 30.160893992684201, 45.55188959615483 ], [ 30.125990723736056, 45.542107146029707 ], [ 30.117536660837477, 45.53738793263188 ], [ 30.116957522036518, 45.533834505916566 ], [ 30.105977584400936, 45.529317725107418 ], [ 30.105399336318058, 45.525764178238084 ], [ 30.074423321731185, 45.508449961927298 ], [ 30.066553896309781, 45.507280129359323 ], [ 30.074583805425281, 45.477837173329355 ], [ 30.072735928337266, 45.434785727539229 ], [ 30.118524762286697, 45.449108274945978 ], [ 30.165697917436738, 45.456100156145922 ], [ 30.212004542458679, 45.457742623105148 ], [ 30.282370743526467, 45.450195909958531 ], [ 30.343369989250267, 45.432578098689291 ], [ 30.381342719345277, 45.415037524638109 ], [ 30.392461787233888, 45.405115463267265 ], [ 30.404468517334813, 45.400518534680778 ], [ 30.410838911876322, 45.392789089051384 ], [ 30.415878112011637, 45.39236999845896 ], [ 30.440311832266268, 45.370534822600867 ], [ 30.43971584831997, 45.366984566873924 ], [ 30.457473400616511, 45.351102255280473 ], [ 30.458797321243583, 45.343791720752243 ], [ 30.467671228140745, 45.335849829052492 ], [ 30.481103377955353, 45.309525845556578 ], [ 30.491239482536002, 45.263677594108749 ], [ 30.480808993296783, 45.201554974766182 ], [ 30.462317865076145, 45.167104937078506 ], [ 30.456706407141564, 45.163974251542278 ], [ 30.452419808816924, 45.153533159648489 ], [ 30.433820383408346, 45.13348682870933 ], [ 30.428509095873753, 45.132129595712371 ], [ 30.416118692264643, 45.118762384686782 ], [ 30.408007247806765, 45.115837280175136 ], [ 30.407418533273844, 45.112286534190019 ], [ 30.390905328925342, 45.10465874083409 ], [ 30.390317903860666, 45.101107812205441 ], [ 30.327109608460081, 45.072137552978624 ], [ 30.274084288755223, 45.058496181314766 ], [ 30.264060524697413, 45.059316920592515 ], [ 30.240351020756183, 45.054055446642415 ], [ 30.184353416933046, 45.053212562216885 ], [ 30.126986689238322, 45.059651039522798 ], [ 30.105276181297711, 45.066798221865596 ], [ 30.092738616764773, 45.067805627709426 ], [ 30.021165730832497, 45.096926912956405 ], [ 30.010028043856281, 45.106812512720225 ], [ 29.998041582186271, 45.111365020678335 ], [ 29.989126257747472, 45.11927216684856 ], [ 29.989689151774723, 45.122827116006256 ], [ 29.976029845323474, 45.132909466968734 ], [ 29.976592193133403, 45.136464536345322 ], [ 29.969619879627427, 45.140616514811242 ], [ 29.970181980069505, 45.144171642320302 ], [ 29.957075806220796, 45.157807549896205 ], [ 29.953735184528721, 45.16887063047534 ], [ 29.720189736690106, 45.188886266051718 ], [ 29.749231390478815, 45.195646863592707 ], [ 29.774901195834413, 45.213460097827166 ], [ 29.78603846041425, 45.235995015825551 ], [ 29.782906445197366, 45.26503545858877 ], [ 29.763274405619541, 45.286353872691812 ], [ 29.7369348253618, 45.297387000198626 ], [ 29.699129899623113, 45.300295207428775 ], [ 29.670036500457169, 45.29352523606552 ], [ 29.669974870646207, 45.309728714882191 ], [ 29.665205723386872, 45.311893297865886 ], [ 29.656147651891494, 45.335983762136557 ], [ 29.647149374325675, 45.343870108410236 ], [ 29.642103717141612, 45.344254926338081 ], [ 29.666996911011211, 45.356753234807385 ], [ 29.682628963049982, 45.375355594288401 ], [ 29.687898340283329, 45.392950785380847 ], [ 29.68587009297827, 45.412905202461268 ], [ 29.676261770747313, 45.433440154110386 ], [ 29.662747565606139, 45.445273310314505 ], [ 29.63631461574419, 45.456289912668666 ], [ 29.621146850226047, 45.457444475969893 ], [ 29.626749615360957, 45.460618079102247 ], [ 29.657908575363173, 45.463642260737508 ], [ 29.690998194822999, 45.479109291326886 ], [ 29.718731445435353, 45.509378414088047 ], [ 29.722885739377475, 45.536058176267261 ], [ 29.713276959271809, 45.556596897479757 ], [ 29.687911655534119, 45.574743638696553 ], [ 29.65580879882377, 45.582599399805559 ], [ 29.627390480959502, 45.581165715119454 ], [ 29.628488956119241, 45.588282003811187 ], [ 29.618837982600422, 45.608815860731923 ], [ 29.600750706321101, 45.624589275382398 ], [ 29.593417478385422, 45.626945309387516 ], [ 29.600956921831447, 45.642573507193092 ], [ 29.600273778753937, 45.671425275559663 ], [ 29.628463408943055, 45.671083495624039 ], [ 29.6524055552206, 45.676458879785642 ], [ 29.656978417237983, 45.656309691736773 ], [ 29.661775456751094, 45.654143279153566 ], [ 29.663206514963939, 45.646833916467635 ], [ 29.692849380263795, 45.622964743431545 ], [ 29.719343450974964, 45.6119299317699 ], [ 29.752008455948125, 45.607612485427509 ], [ 29.777905176880171, 45.609209866410147 ], [ 29.789454042605453, 45.601114824024251 ], [ 29.821542690261737, 45.593221676118716 ], [ 29.857844673983898, 45.595790069598486 ], [ 29.899230973302675, 45.614147684831238 ], [ 29.902898560216755, 45.621059702235463 ], [ 29.911350614845414, 45.625795422905185 ], [ 29.922932859135411, 45.650084521037158 ], [ 29.92239039411055, 45.662727573837905 ], [ 29.912842951466363, 45.683279517593526 ], [ 29.899330508144327, 45.695141832081589 ], [ 29.889466975758815, 45.697716036605804 ], [ 29.88749783621947, 45.701470604028117 ], [ 29.87988613667012, 45.702067277181023 ], [ 29.874259332132826, 45.71510846669257 ], [ 29.881872919117459, 45.714512037340292 ], [ 29.884978776748845, 45.717868719995927 ], [ 29.895414753475752, 45.718850129841847 ], [ 29.912351478825649, 45.728319891071408 ], [ 29.916030320310682, 45.735230835935837 ], [ 29.924502222334446, 45.739964230703073 ], [ 29.933009629547612, 45.760895039835106 ], [ 29.944599612007419, 45.768981343852786 ], [ 29.952259835498129, 45.784577431798752 ], [ 29.962708837271965, 45.785551613024374 ], [ 29.979677710576819, 45.795008952055767 ], [ 29.989028827050987, 45.805068308966632 ], [ 30.008202220927249, 45.796345204876118 ], [ 30.023445642693979, 45.795132338091697 ], [ 30.025407576314596, 45.791375822992009 ], [ 30.040069537341164, 45.786606728879264 ], [ 30.065177587558402, 45.782800520695126 ], [ 30.093694537865211, 45.784115484585925 ], [ 30.100438283531545, 45.778173568691919 ], [ 30.115088956736287, 45.773395475131615 ], [ 30.153168662999398, 45.77032508634683 ], [ 30.190764135511703, 45.779882022910812 ], [ 30.213433047971392, 45.792441691765518 ], [ 30.217153499821571, 45.799339678470716 ], [ 30.222527632844045, 45.800702406413194 ], [ 30.230269189424234, 45.816273401377998 ], [ 30.251181430376032, 45.818167665186834 ], [ 30.284636110675891, 45.833432095157072 ], [ 30.288368662042842, 45.840326865166524 ], [ 30.293748180571878, 45.841685768116278 ], [ 30.303161739702986, 45.851714182873806 ], [ 30.310037426522175, 45.861950502267035 ], [ 30.312131264063339, 45.874379941180557 ], [ 30.3308241969807, 45.878242131349829 ], [ 30.347878553093587, 45.887637193813028 ], [ 30.351623430624205, 45.894529011512844 ], [ 30.357009547504294, 45.895884381105994 ], [ 30.36959044795454, 45.909246262835772 ], [ 30.381143761805639, 45.931693303289819 ], [ 30.37804112905113, 45.958954479193387 ], [ 30.405009141320868, 45.965719623195547 ], [ 30.422103946825242, 45.975100481534618 ], [ 30.425865440236052, 45.981988706671224 ], [ 30.439813366064595, 45.988028189101193 ], [ 30.443578134051787, 45.994915592698973 ], [ 30.448976078304028, 45.996265654662167 ], [ 30.453352859495183, 46.006702353360517 ], [ 30.474339842652576, 46.008549134875643 ], [ 30.477498635550738, 46.01188549050265 ], [ 30.487993087105732, 46.012807029998285 ], [ 30.519697098009818, 46.031750400459018 ], [ 30.520312174607781, 46.035299416479759 ], [ 30.534283185404071, 46.041325402015808 ], [ 30.538064065850431, 46.048208484738431 ], [ 30.543469091405132, 46.049553448252333 ], [ 30.551653364570068, 46.066867215212689 ], [ 30.56339593296352, 46.074878046976018 ], [ 30.577931639863756, 46.098855155132362 ], [ 30.583032283957287, 46.098423595445077 ], [ 30.600198443372719, 46.107772005555383 ], [ 30.600820319305924, 46.111320133551821 ], [ 30.618305141194732, 46.122439267289579 ], [ 30.625278728195514, 46.132649336136474 ], [ 30.627463334176973, 46.145066769924924 ], [ 30.637307250157306, 46.156832576898331 ], [ 30.639496406218772, 46.169249515234164 ], [ 30.653514915014462, 46.175257133810597 ], [ 30.685020773893942, 46.206776047997323 ], [ 30.696781136397821, 46.229176225525144 ], [ 30.6958023103122, 46.238262682509927 ], [ 30.706973023042941, 46.242707191435215 ], [ 30.726739731105635, 46.266218537735007 ], [ 30.732170501531364, 46.267552442521811 ], [ 30.751942987819422, 46.305463855669132 ], [ 30.757378272698013, 46.306796201238136 ], [ 30.767920751496316, 46.322092598638683 ], [ 30.796388206908407, 46.335838711019854 ], [ 30.800227370380064, 46.342708971988557 ], [ 30.80566735921316, 46.344038615002177 ], [ 30.82327823719033, 46.369521685623077 ], [ 30.825525842579466, 46.381931243178585 ], [ 30.844771447320394, 46.41627300933883 ], [ 30.8470435942411, 46.443085852013233 ], [ 30.836492028033764, 46.471013526011944 ], [ 30.838750611536721, 46.483422367667643 ], [ 30.833310062413393, 46.496499986517577 ], [ 30.857058094087421, 46.498036952310301 ], [ 30.860272151531081, 46.501358636859486 ], [ 30.870863665890656, 46.502236685966892 ], [ 30.876970074813787, 46.507106511311136 ], [ 30.915184759453673, 46.516372279860875 ], [ 30.926757392890998, 46.522561477255543 ], [ 30.942487908434192, 46.52298214207795 ], [ 30.9566322798056, 46.528942453044927 ], [ 30.972364231831111, 46.529358788600533 ], [ 31.002575173645013, 46.537498755398815 ], [ 31.010277604369897, 46.536818015915202 ], [ 31.013503131121503, 46.540134431633739 ], [ 31.032464397887022, 46.543858311330197 ], [ 31.041487223388774, 46.550261757114733 ], [ 31.046622794273514, 46.549806145647707 ], [ 31.066912970566406, 46.560609712831443 ], [ 31.0675751546176, 46.564152547609744 ], [ 31.111231126863693, 46.560261770457899 ], [ 31.146610859730757, 46.567901306889162 ], [ 31.158552552110141, 46.57583472848129 ], [ 31.183896833646191, 46.571756392911283 ], [ 31.198296101622507, 46.565057149208954 ], [ 31.215930196943336, 46.5616658961182 ], [ 31.275299584638532, 46.558091894536389 ], [ 31.296844527964122, 46.561536309295604 ], [ 31.30008813627601, 46.56484300758099 ], [ 31.337221501287313, 46.554252871274294 ], [ 31.360651304497846, 46.553910760720591 ], [ 31.390576415265961, 46.560171259736521 ], [ 31.399640219484716, 46.566542402031409 ], [ 31.417599239546028, 46.564890082194736 ], [ 31.433677497864764, 46.567010335313519 ], [ 31.459172392684827, 46.577263107387815 ], [ 31.477131507298463, 46.575601150648616 ], [ 31.497803089083867, 46.561077328626503 ], [ 31.51506339203905, 46.555871947195847 ], [ 31.49997578719579, 46.53205935646853 ], [ 31.499780976283297, 46.517669422500703 ], [ 31.508800050426682, 46.497020821644384 ], [ 31.52209823508143, 46.484978394887634 ], [ 31.548536708409394, 46.473510303947627 ], [ 31.586934233375377, 46.469921627744263 ], [ 31.594048915583148, 46.453046288625544 ], [ 31.607317082414845, 46.440996315600955 ], [ 31.617201594582607, 46.43826747628448 ], [ 31.619064398620363, 46.434490551030613 ], [ 31.626737237674796, 46.433769556725494 ], [ 31.628599243520821, 46.429992543763568 ], [ 31.660796131351031, 46.421557742695818 ], [ 31.681947430507314, 46.423162874348371 ], [ 31.710068082211379, 46.420501782652728 ], [ 31.739940827048343, 46.426672120512073 ], [ 31.765763163628474, 46.438623529890258 ], [ 31.782427299359771, 46.456846448950422 ], [ 31.788517497091565, 46.474275952531926 ], [ 31.82063013184645, 46.478410174549751 ], [ 31.831290712307464, 46.466582333885853 ], [ 31.841164868316625, 46.463834369810733 ], [ 31.843011853706976, 46.460054972664452 ], [ 31.875181444471256, 46.45156009698232 ], [ 31.895987308699624, 46.451356677475928 ], [ 31.939745054973784, 46.461537054400935 ], [ 31.960149680569984, 46.472167317023391 ], [ 31.976887100263369, 46.490355026893546 ], [ 31.982324056497262, 46.504236042791597 ], [ 31.979331508790963, 46.527942434293962 ], [ 31.972734794785175, 46.533986916611141 ], [ 31.971616085374318, 46.541300394024042 ], [ 31.946693189292027, 46.559928657646097 ], [ 31.932046445626863, 46.56494905147737 ], [ 31.899107252301825, 46.569931990017075 ], [ 31.880817308135637, 46.569893232016881 ], [ 31.864731699536669, 46.56783837439454 ], [ 31.855975656287132, 46.563276222945348 ], [ 31.848290417112761, 46.564014156325918 ], [ 31.832493281718701, 46.576336364744563 ], [ 31.817828996788379, 46.581343154363992 ], [ 31.799888058256258, 46.583058734421527 ], [ 31.79803517661302, 46.586838093604833 ], [ 31.829504697734802, 46.58742985265846 ], [ 31.836480944619574, 46.583158859429147 ], [ 31.859187719107016, 46.579178335799078 ], [ 31.893570720221788, 46.581273058641457 ], [ 31.902332672608665, 46.585831780157179 ], [ 31.912940709409689, 46.586609132006522 ], [ 31.938878023372339, 46.598511321002562 ], [ 31.942880752947662, 46.605328787746117 ], [ 31.948366812732353, 46.606598669262276 ], [ 31.960745227977387, 46.628815230332847 ], [ 31.959625162612095, 46.636128995051365 ], [ 31.987829708360554, 46.633390111762736 ], [ 32.011991136550662, 46.63644202032679 ], [ 32.023335366319259, 46.640739838569885 ], [ 32.018230744651611, 46.628628525783512 ], [ 32.018254508397362, 46.616017099663047 ] ], [ [ 30.173848378583294, 45.302444121962729 ], [ 30.163490175895561, 45.301482913052432 ], [ 30.137666790317322, 45.283770657818906 ], [ 30.126381844238445, 45.2612820435643 ], [ 30.12990927951369, 45.235799319524745 ], [ 30.134651522608628, 45.233616999463777 ], [ 30.136017662104056, 45.226307283499025 ], [ 30.161082696321969, 45.208083375918861 ], [ 30.192886926361783, 45.200106092853801 ], [ 30.228930747269931, 45.202573417478099 ], [ 30.232022876206692, 45.205921064370173 ], [ 30.242363425174624, 45.206877259866737 ], [ 30.268176919311529, 45.224565655631395 ], [ 30.279506637803447, 45.247036157979835 ], [ 30.276047812933381, 45.272518296791553 ], [ 30.256614009680792, 45.2939080085496 ], [ 30.230386002877019, 45.305048947473161 ], [ 30.192627352076524, 45.308120801686499 ], [ 30.176943888289792, 45.305793124738223 ], [ 30.173848378583294, 45.302444121962729 ] ] ], [ [ [ 32.751259564671201, 45.441673831894732 ], [ 32.766177297673813, 45.427513006300615 ], [ 32.771180904879493, 45.426990068141954 ], [ 32.770809518608559, 45.425228452725698 ], [ 32.755798731647864, 45.426796527688097 ], [ 32.756540645094823, 45.430319947189446 ], [ 32.750146798675416, 45.436388607145801 ], [ 32.751259564671201, 45.441673831894732 ] ] ], [ [ [ 33.189259756829564, 45.432900659976049 ], [ 33.180803875397046, 45.441018805256256 ], [ 33.206943364526005, 45.443586898181728 ], [ 33.202519846260479, 45.435064080210154 ], [ 33.19675405615056, 45.432088316473212 ], [ 33.189259756829564, 45.432900659976049 ] ] ], [ [ [ 33.727500333199742, 45.438069556857428 ], [ 33.709245667792203, 45.436534963867075 ], [ 33.694685420790485, 45.439981952474632 ], [ 33.710848635732418, 45.443556356863866 ], [ 33.73867762203588, 45.44220464606439 ], [ 33.746961084353416, 45.444866342478505 ], [ 33.754440819004351, 45.444017269454442 ], [ 33.756129568573641, 45.440224088267541 ], [ 33.754119164229202, 45.431448903289528 ], [ 33.727500333199742, 45.438069556857428 ] ] ], [ [ [ 33.754440819004351, 45.444017269454442 ], [ 33.757336255960389, 45.445489159348604 ], [ 33.756933989756824, 45.443734138981206 ], [ 33.754440819004351, 45.444017269454442 ] ] ], [ [ [ 33.706594321862447, 45.559286612264671 ], [ 33.708690699910278, 45.557248653531644 ], [ 33.706192037204879, 45.557531274639544 ], [ 33.706594321862447, 45.559286612264671 ] ] ], [ [ [ 33.184141388838157, 45.631527182767563 ], [ 33.186261336794544, 45.629496813338946 ], [ 33.183754417457038, 45.629768325490836 ], [ 33.184141388838157, 45.631527182767563 ] ] ], [ [ [ 33.184141388838157, 45.631527182767563 ], [ 33.150389317270893, 45.62977493528463 ], [ 33.153091561328836, 45.642088419739082 ], [ 33.170645120896438, 45.640191020977696 ], [ 33.183956491033335, 45.642351835531187 ], [ 33.184141388838157, 45.631527182767563 ] ] ], [ [ [ 33.722874962998432, 45.607868423881001 ], [ 33.712550559346596, 45.59643088231298 ], [ 33.705368792956698, 45.60984951942369 ], [ 33.708675957820837, 45.613077283119743 ], [ 33.722874962998432, 45.607868423881001 ] ] ], [ [ [ 32.945033706465402, 46.316352705571688 ], [ 32.939175909185337, 46.313370710067744 ], [ 32.926473980923952, 46.314715864951417 ], [ 32.929790785390828, 46.317967586014461 ], [ 32.945033706465402, 46.316352705571688 ] ] ], [ [ [ 32.92178087713485, 46.317013911685265 ], [ 32.924709521321844, 46.318505437410209 ], [ 32.924321485738531, 46.316745085313663 ], [ 32.92178087713485, 46.317013911685265 ] ] ], [ [ [ 33.316202925786776, 46.325015077997286 ], [ 33.318339394610369, 46.322979708571239 ], [ 33.315802252556551, 46.323257312967876 ], [ 33.316202925786776, 46.325015077997286 ] ] ], [ [ [ 33.337319566524286, 46.360536961429837 ], [ 33.326892850160256, 46.349067677693803 ], [ 33.328498633949017, 46.356098389313097 ], [ 33.321956520124537, 46.373029507354786 ], [ 33.329574567314701, 46.372195435603039 ], [ 33.330506707348306, 46.364886706149093 ], [ 33.337319566524286, 46.360536961429837 ] ] ], [ [ [ 33.707868721035346, 46.342718855554963 ], [ 33.682170728874908, 46.333007092681868 ], [ 33.688006743566021, 46.346763230784809 ], [ 33.707868721035346, 46.342718855554963 ] ] ], [ [ [ 33.796402500751213, 46.375923423496147 ], [ 33.813341991977623, 46.359579105340302 ], [ 33.823059989432714, 46.356669262631854 ], [ 33.824758840663328, 46.352871712059617 ], [ 33.856436115692567, 46.343847915904 ], [ 33.864452734879293, 46.344732689644474 ], [ 33.877553940254138, 46.334223143302438 ], [ 33.909208831681504, 46.325186398343284 ], [ 33.945906549244036, 46.326370999643643 ], [ 33.94927952890319, 46.3295862369067 ], [ 33.959825210553859, 46.330172542538854 ], [ 33.9779647016138, 46.340692753294491 ], [ 33.982605163726497, 46.338354802607398 ], [ 34.014246637010856, 46.34010058545924 ], [ 34.004955634227208, 46.323156761309967 ], [ 34.005795129886131, 46.315851861553121 ], [ 33.992719780481657, 46.304751081975738 ], [ 33.979228178241918, 46.302706447358062 ], [ 33.972904768969073, 46.298030965061422 ], [ 33.945919246659685, 46.304746758609191 ], [ 33.930318162212764, 46.304740954471001 ], [ 33.909222411164059, 46.314373528429165 ], [ 33.891924365047046, 46.318160823792311 ], [ 33.860292823629472, 46.316378674626662 ], [ 33.845912437536249, 46.332437807455229 ], [ 33.836200218034932, 46.335349061872009 ], [ 33.83450251352415, 46.339146633320468 ], [ 33.802822877559151, 46.348164284265046 ], [ 33.782137639855776, 46.348715904545436 ], [ 33.766103624677243, 46.346933779547641 ], [ 33.757256643246308, 46.34253232689526 ], [ 33.749655365926102, 46.343394449862679 ], [ 33.750485105715875, 46.346904042535378 ], [ 33.761035915805977, 46.347509016802569 ], [ 33.781683722527646, 46.357776821281973 ], [ 33.78588274083338, 46.364506917419405 ], [ 33.791367992439795, 46.365684922271988 ], [ 33.796402500751213, 46.375923423496147 ] ] ], [ [ [ 34.08203906063622, 46.469185920720648 ], [ 34.099333268612163, 46.454556001616353 ], [ 34.095058575335429, 46.437032758187307 ], [ 34.103029494526865, 46.416280100372944 ], [ 34.129150413653377, 46.395209558733185 ], [ 34.156146793110445, 46.388446986475003 ], [ 34.11517541097728, 46.380623117663646 ], [ 34.105872708810502, 46.374500468186177 ], [ 34.090682186003889, 46.376271478362597 ], [ 34.074638782378827, 46.374535515846794 ], [ 34.071255664824001, 46.371325073337751 ], [ 34.0661918974507, 46.371914064671941 ], [ 34.071702948336934, 46.383887355420889 ], [ 34.069640375455592, 46.40755419036546 ], [ 34.051517920127417, 46.429483596649874 ], [ 34.02786883573004, 46.439436108436482 ], [ 34.030845866447443, 46.451705754736167 ], [ 34.028326186125774, 46.462810648370905 ], [ 34.023678438118324, 46.465151463986778 ], [ 34.024529314353778, 46.468657138783058 ], [ 34.057504803385321, 46.464830695622368 ], [ 34.073575956674198, 46.466566499012927 ], [ 34.076966445791463, 46.469776337956631 ], [ 34.08203906063622, 46.469185920720648 ] ] ], [ [ [ 33.977184947045451, 46.499363308431626 ], [ 33.97929920483876, 46.497317055123155 ], [ 33.97676055473702, 46.497610147161581 ], [ 33.977184947045451, 46.499363308431626 ] ] ], [ [ [ 33.971689923652306, 46.509008329357982 ], [ 33.974653631692057, 46.510468470943678 ], [ 33.974229156305299, 46.508715295160286 ], [ 33.971689923652306, 46.509008329357982 ] ] ], [ [ [ 33.965768889994763, 46.51690006943489 ], [ 33.966617578576702, 46.520406531952261 ], [ 33.972121728500191, 46.521573714728227 ], [ 33.972538759402454, 46.512514713074232 ], [ 33.965768889994763, 46.51690006943489 ] ] ], [ [ [ 33.143040083376306, 46.664529069983459 ], [ 33.148304321151407, 46.653150351130641 ], [ 33.12954518586735, 46.628143018136029 ], [ 33.121972692750333, 46.594723080247391 ], [ 33.101724851989502, 46.586088566852268 ], [ 33.077914816148237, 46.561616460476976 ], [ 33.069074955525039, 46.557158310715302 ], [ 33.063974044935549, 46.557704491431608 ], [ 33.052190099370314, 46.551758422957732 ], [ 33.027079565159006, 46.556242706049773 ], [ 33.021793897757902, 46.567616975793761 ], [ 33.027108766556793, 46.579662105903253 ], [ 33.027321666754801, 46.592251647944117 ], [ 33.023401662303691, 46.598075157133188 ], [ 33.02756879178861, 46.628260835396496 ], [ 33.023465981354661, 46.644914782245401 ], [ 33.017383045049641, 46.65277069022428 ], [ 33.033903221142801, 46.65641379468412 ], [ 33.063427294644846, 46.671276491577501 ], [ 33.079557388353336, 46.673152778195735 ], [ 33.088419148617774, 46.67760835868804 ], [ 33.096086666995596, 46.676785760713294 ], [ 33.116371227534799, 46.685418368612133 ], [ 33.137217926552097, 46.6849772295202 ], [ 33.138330210499916, 46.666838358051102 ], [ 33.143040083376306, 46.664529069983459 ] ] ], [ [ [ 34.096405917707123, 46.602682687908221 ], [ 34.098518392727996, 46.60063416563785 ], [ 34.095976147326681, 46.600930403584833 ], [ 34.096405917707123, 46.602682687908221 ] ] ], [ [ [ 34.101920489023513, 46.60384236556191 ], [ 34.098948240641263, 46.602386431934299 ], [ 34.099378128703755, 46.604138694637307 ], [ 34.101920489023513, 46.60384236556191 ] ] ], [ [ [ 34.11475413513493, 46.634788681510358 ], [ 34.132558743726563, 46.632709789605478 ], [ 34.148682093007764, 46.634429539699191 ], [ 34.152089505160973, 46.637635723854181 ], [ 34.174166690492733, 46.642259764676332 ], [ 34.184284163839664, 46.63025852137411 ], [ 34.194021398665441, 46.627313243990898 ], [ 34.195697167344875, 46.623511574028349 ], [ 34.203323847215735, 46.622615717575364 ], [ 34.2024568503236, 46.619112687079877 ], [ 34.191855354885519, 46.618555313615673 ], [ 34.174006926138922, 46.609834593729005 ], [ 34.173142206219829, 46.606331134853235 ], [ 34.135011897580974, 46.610794214284638 ], [ 34.134580760412781, 46.609042207889757 ], [ 34.118895932227943, 46.609071744349102 ], [ 34.115492515072354, 46.60586419229908 ], [ 34.110407845887764, 46.606457418241412 ], [ 34.109977567347812, 46.604705234879219 ], [ 34.104892892477551, 46.605298204456759 ], [ 34.104462809182756, 46.603545981415408 ], [ 34.101920489023513, 46.60384236556191 ], [ 34.115143563366139, 46.625731197603145 ], [ 34.11475413513493, 46.634788681510358 ] ] ], [ [ [ 33.969313645762931, 46.682301102464223 ], [ 33.987144365544182, 46.680243258884452 ], [ 33.968873313389736, 46.669735211161807 ], [ 33.959942585102901, 46.65454356413936 ], [ 33.931081697477822, 46.654261221808682 ], [ 33.9136789484809, 46.647249253857836 ], [ 33.908586252628908, 46.647833899694909 ], [ 33.902643892377064, 46.655725030213659 ], [ 33.895427368206782, 46.658354988821429 ], [ 33.895425360262358, 46.669169151222043 ], [ 33.889054957083275, 46.675306326114821 ], [ 33.894998110921691, 46.68904389258666 ], [ 33.920906120995284, 46.68787301294072 ], [ 33.937472024152399, 46.691375780608162 ], [ 33.969313645762931, 46.682301102464223 ] ] ], [ [ [ 34.045776358962556, 46.695085106949563 ], [ 34.044487917525352, 46.689827246877265 ], [ 34.034299731529146, 46.691008779940965 ], [ 34.040681878361163, 46.695676091967393 ], [ 34.045776358962556, 46.695085106949563 ] ] ], [ [ [ 34.252765709798688, 46.726750589892625 ], [ 34.251892355446252, 46.723248333780347 ], [ 34.236613331433496, 46.725048973621746 ], [ 34.223008211474657, 46.723045316105072 ], [ 34.229845221714989, 46.72945113276235 ], [ 34.252765709798688, 46.726750589892625 ] ] ], [ [ [ 33.494816943130878, 46.914411629684245 ], [ 33.476873841936126, 46.91640019333768 ], [ 33.467861905711999, 46.922804971376337 ], [ 33.483658789668617, 46.922858143814416 ], [ 33.494816943130878, 46.914411629684245 ] ] ], [ [ [ 33.816553326297907, 46.961171558314717 ], [ 33.810166921249845, 46.934858957769123 ], [ 33.819998220231419, 46.910305867986416 ], [ 33.805499465460031, 46.904745903390207 ], [ 33.788034355898887, 46.88690328346469 ], [ 33.782085117741929, 46.873158765383138 ], [ 33.785099760752814, 46.852988799992552 ], [ 33.773600969636767, 46.848886866667186 ], [ 33.772755060451402, 46.845377899273529 ], [ 33.768063574178036, 46.847712654358887 ], [ 33.733550842386336, 46.846214706525124 ], [ 33.7326526098404, 46.864340967165255 ], [ 33.716398687962091, 46.884202941218675 ], [ 33.724077029407297, 46.883335404375025 ], [ 33.733021570945255, 46.887731630620372 ], [ 33.743681861278198, 46.888327928063759 ], [ 33.761576883837975, 46.897115932983553 ], [ 33.765830422945726, 46.903843837359652 ], [ 33.771373957341986, 46.905017621064964 ], [ 33.784568826311428, 46.92695334190352 ], [ 33.787091777706351, 46.959113789034078 ], [ 33.795629369424873, 46.961749047484624 ], [ 33.80288230762217, 46.969937716376783 ], [ 33.808007661246364, 46.969354741124718 ], [ 33.816553326297907, 46.961171558314717 ] ] ], [ [ [ 34.007211292467623, 46.901440610859865 ], [ 33.996952849703099, 46.891810048018108 ], [ 33.978216955840892, 46.901183628127185 ], [ 33.990170557048017, 46.907014878079593 ], [ 33.991032473959812, 46.910520759778414 ], [ 34.007211292467623, 46.901440610859865 ] ] ], [ [ [ 34.295060320607369, 46.916454961420847 ], [ 34.298056463383944, 46.917903497951798 ], [ 34.297615365997814, 46.916152756454949 ], [ 34.295060320607369, 46.916454961420847 ] ] ], [ [ [ 33.436016429551188, 47.066915347887132 ], [ 33.424819964892542, 47.075360163182808 ], [ 33.444482128626689, 47.080401383549813 ], [ 33.445884872571355, 47.064023610393249 ], [ 33.436016429551188, 47.066915347887132 ] ] ], [ [ [ 34.035871726196667, 47.14511773846565 ], [ 34.038392755627321, 47.134007524115688 ], [ 34.043092927425739, 47.131659943605719 ], [ 34.043916709801294, 47.124352373887078 ], [ 34.068228334359056, 47.105304962987901 ], [ 34.083189493076631, 47.10176363379842 ], [ 34.089957214476279, 47.086552507063828 ], [ 34.116361877243037, 47.065447695109398 ], [ 34.148375882804828, 47.056301916996823 ], [ 34.17188285059887, 47.055355076069709 ], [ 34.180450417428851, 47.057957627455259 ], [ 34.20219573494964, 47.049998490497252 ], [ 34.227817833962796, 47.046988194995258 ], [ 34.232858100380163, 47.035577036365332 ], [ 34.247698435268255, 47.021208690592204 ], [ 34.273652929482111, 47.00913300433421 ], [ 34.286450956747473, 47.007621555719084 ], [ 34.298710058478186, 46.993551084616236 ], [ 34.322522937039736, 46.983519812769323 ], [ 34.30363605199372, 46.971332171315971 ], [ 34.290222061784696, 46.949479916444794 ], [ 34.28924862963224, 46.935171392536581 ], [ 34.295501339414407, 46.918205721304375 ], [ 34.278935968254203, 46.925572372190068 ], [ 34.256373194961832, 46.930037914667942 ], [ 34.221823570591667, 46.928697308167884 ], [ 34.218389771259673, 46.925495265643484 ], [ 34.199180566239718, 46.922343132565146 ], [ 34.191143579876154, 46.932300521454017 ], [ 34.177113696312951, 46.93935395114832 ], [ 34.207434931366066, 46.944811352105226 ], [ 34.228410196453318, 46.954966186256144 ], [ 34.232726091155833, 46.961670102954457 ], [ 34.238281598179483, 46.962819140637201 ], [ 34.251679771700481, 46.984679504743198 ], [ 34.253087644410158, 47.000740521304877 ], [ 34.245137854534349, 47.021510291350872 ], [ 34.232417319207485, 47.033825859986045 ], [ 34.206440210865281, 47.045894163056921 ], [ 34.162877260784185, 47.051000117023328 ], [ 34.146622794471647, 47.049294789979605 ], [ 34.123493163634976, 47.041177349501957 ], [ 34.109047763228851, 47.057285160199747 ], [ 34.099229254003895, 47.060231639611914 ], [ 34.097538780756601, 47.064034383524096 ], [ 34.065508416578986, 47.073166923535879 ], [ 34.041986988955003, 47.074092341481389 ], [ 34.025725538218737, 47.072369727862352 ], [ 34.016726519912979, 47.068002087592987 ], [ 34.001768254838517, 47.071533997348631 ], [ 33.967114738762234, 47.070122856188007 ], [ 33.935004063460063, 47.057591424268864 ], [ 33.930713598056101, 47.050872947711397 ], [ 33.92515199216998, 47.049708829389502 ], [ 33.923859353521863, 47.044448734317101 ], [ 33.896501379631914, 47.051191881000044 ], [ 33.917063480996987, 47.070468585486822 ], [ 33.91921892617156, 47.079235592344276 ], [ 33.929940031274768, 47.090624965033662 ], [ 33.939421112278197, 47.118382363654966 ], [ 33.968538168926123, 47.118637941116916 ], [ 33.977543544037928, 47.123009075223571 ], [ 33.988250382485838, 47.123577250482924 ], [ 34.006267107838404, 47.132315017942709 ], [ 34.027339627988447, 47.153317667579785 ], [ 34.034706682013251, 47.172298568530643 ], [ 34.040283270026869, 47.173455799144953 ], [ 34.035871726196667, 47.14511773846565 ] ] ], [ [ [ 33.684849642380208, 47.190609242351357 ], [ 33.682749051993454, 47.171014477576918 ], [ 33.694812253637394, 47.144416589359032 ], [ 33.680253567417942, 47.13884487185711 ], [ 33.659738351280652, 47.119518691121989 ], [ 33.63958896483603, 47.123583573986046 ], [ 33.618169777488262, 47.122378725735366 ], [ 33.620702147905533, 47.132911492784011 ], [ 33.616361609689108, 47.147819474803526 ], [ 33.611637354001722, 47.150151025277431 ], [ 33.612903943995896, 47.155417533564908 ], [ 33.630458711497575, 47.162465228507337 ], [ 33.634724799378496, 47.169198140569613 ], [ 33.640296067390111, 47.170376157778641 ], [ 33.649681383532048, 47.187351130413944 ], [ 33.659102414508851, 47.193504552499277 ], [ 33.667649490611346, 47.206966896073659 ], [ 33.680951677258591, 47.2072736905412 ], [ 33.684377801814392, 47.210493843672111 ], [ 33.698106490756899, 47.212553454683629 ], [ 33.684849642380208, 47.190609242351357 ] ] ], [ [ [ 33.414942234098369, 47.312597886068488 ], [ 33.427930079216303, 47.300350851428952 ], [ 33.44691284478958, 47.291046426391944 ], [ 33.445656720073302, 47.285776644976877 ], [ 33.440075091564921, 47.284589631576445 ], [ 33.428985938228976, 47.271389964475254 ], [ 33.423481240088215, 47.259377146373609 ], [ 33.424049897111331, 47.239484387666018 ], [ 33.386684758974212, 47.238186196818539 ], [ 33.383273159149795, 47.234955427168828 ], [ 33.372538581391375, 47.234330796040673 ], [ 33.357149518726985, 47.225201796582219 ], [ 33.344666101238268, 47.228371387427451 ], [ 33.326192986783227, 47.22858890956055 ], [ 33.317625810069813, 47.225919455594557 ], [ 33.284083802934106, 47.229576928967347 ], [ 33.306378677132031, 47.234357551417048 ], [ 33.345725566841082, 47.255295552740904 ], [ 33.349966825377486, 47.262042080168655 ], [ 33.355544736929069, 47.263233972859439 ], [ 33.364448427491368, 47.27848286872706 ], [ 33.382855032386409, 47.289083052212384 ], [ 33.387938241181395, 47.299341525912006 ], [ 33.402938830424276, 47.306707120441374 ], [ 33.407192596879447, 47.313450521571433 ], [ 33.41577836042967, 47.316111476530267 ], [ 33.414942234098369, 47.312597886068488 ] ] ], [ [ [ 34.090852667276664, 47.248728582111319 ], [ 34.109170396948578, 47.226761611799382 ], [ 34.135256510542114, 47.214704485544168 ], [ 34.168676589636313, 47.210799176474566 ], [ 34.179761746770616, 47.202288610944258 ], [ 34.194296729426746, 47.196978910252078 ], [ 34.222559462188556, 47.193661406624344 ], [ 34.208301108427776, 47.179106938038835 ], [ 34.203439310010346, 47.159842328287276 ], [ 34.196177615265498, 47.162497402392361 ], [ 34.191564002563695, 47.175660718296605 ], [ 34.17667135905338, 47.1900279812373 ], [ 34.150608062562547, 47.202092587693819 ], [ 34.112049281424163, 47.206591161879729 ], [ 34.084145442726232, 47.200822279340294 ], [ 34.09242082856656, 47.223301334302661 ], [ 34.090852667276664, 47.248728582111319 ] ] ], [ [ [ 33.766315004621674, 47.264343784709865 ], [ 33.792945219897589, 47.264929522736416 ], [ 33.789078423955957, 47.249141402983959 ], [ 33.771043354572029, 47.251187019270375 ], [ 33.740558988511147, 47.245623053398198 ], [ 33.745703640159569, 47.255859070990091 ], [ 33.743974466173675, 47.270478505522838 ], [ 33.766315004621674, 47.264343784709865 ] ] ], [ [ [ 34.395740586701031, 47.198418980368224 ], [ 34.402096347289209, 47.192251622559112 ], [ 34.378094363194265, 47.191502472145643 ], [ 34.357438025345232, 47.183137428638233 ], [ 34.352303596234115, 47.183747062496344 ], [ 34.344268252650103, 47.193717312896531 ], [ 34.339132522516806, 47.194326459441704 ], [ 34.375199230387217, 47.200863634682314 ], [ 34.387712555696893, 47.208391810647797 ], [ 34.392848607135313, 47.207780348906411 ], [ 34.395740586701031, 47.198418980368224 ] ] ], [ [ [ 34.089597680141857, 47.254284181280347 ], [ 34.09129210282947, 47.250480707118676 ], [ 34.088718845388136, 47.250779905773669 ], [ 34.089597680141857, 47.254284181280347 ] ] ], [ [ [ 34.088342542493777, 47.259839800553372 ], [ 34.090037159633233, 47.256036313546254 ], [ 34.087463619891665, 47.25633551052902 ], [ 34.088342542493777, 47.259839800553372 ] ] ], [ [ [ 34.084073784418237, 47.263942446616248 ], [ 34.083257508515004, 47.271250273033381 ], [ 34.076852333091686, 47.277404125454694 ], [ 34.091420076549134, 47.272104700377604 ], [ 34.088782065920682, 47.261591940078098 ], [ 34.084073784418237, 47.263942446616248 ] ] ], [ [ [ 33.829829367991643, 47.533021137680059 ], [ 33.813758649630209, 47.468125085318654 ], [ 33.801257700505168, 47.471348500754047 ], [ 33.768914067459292, 47.469606296160158 ], [ 33.769778376780067, 47.473114938873785 ], [ 33.777972922482007, 47.473989836227958 ], [ 33.806025563615833, 47.490643378730304 ], [ 33.819433453910868, 47.512563098239113 ], [ 33.818165887494473, 47.528937485380766 ], [ 33.822059929564759, 47.533904891262338 ], [ 33.829829367991643, 47.533021137680059 ] ] ], [ [ [ 34.318134663720123, 47.516042281440633 ], [ 34.312724475877488, 47.495037041378552 ], [ 34.316867403474951, 47.480117290223042 ], [ 34.302156643431545, 47.474641459869083 ], [ 34.297775671804786, 47.467944204246663 ], [ 34.29216280333587, 47.466803305068055 ], [ 34.283406339108922, 47.453407405714906 ], [ 34.261968100866156, 47.463149171547229 ], [ 34.244342360844819, 47.467027341284037 ], [ 34.204265218892552, 47.466322828396024 ], [ 34.189567681663846, 47.460830723066373 ], [ 34.170242880111793, 47.468502950424494 ], [ 34.147438646842453, 47.472970709950616 ], [ 34.128909030165502, 47.473328397586414 ], [ 34.098270043699152, 47.467877466700095 ], [ 34.077086436692539, 47.457713971586642 ], [ 34.073176826431293, 47.452757280782244 ], [ 34.042174468640617, 47.456350580850483 ], [ 34.011550363410365, 47.450874153720065 ], [ 34.003852882521088, 47.462583381947482 ], [ 34.013864110472248, 47.481265591530651 ], [ 34.014362334352242, 47.493832404481722 ], [ 34.029055929083803, 47.49934842751815 ], [ 34.033407498171883, 47.506059248958401 ], [ 34.039021693995473, 47.507213277142796 ], [ 34.049057019248998, 47.525890587274382 ], [ 34.058146023632354, 47.530248414815091 ], [ 34.078842606866914, 47.527848104107861 ], [ 34.07965620269087, 47.520539340675683 ], [ 34.104110068255657, 47.501465689355172 ], [ 34.136381730469509, 47.492296470953029 ], [ 34.165254874206511, 47.490729212115106 ], [ 34.171669788703213, 47.484568422862274 ], [ 34.206498441282818, 47.475079032223306 ], [ 34.241417057199435, 47.476389587683137 ], [ 34.27386489093449, 47.488802445315272 ], [ 34.291727256143616, 47.506536268711045 ], [ 34.298363981636406, 47.521986425995415 ], [ 34.318134663720123, 47.516042281440633 ] ] ], [ [ [ 33.829829367991643, 47.533021137680059 ], [ 33.83285430580829, 47.534480300585656 ], [ 33.832419098399839, 47.532726438918537 ], [ 33.829829367991643, 47.533021137680059 ] ] ], [ [ [ 33.343270482964769, 47.747775671461696 ], [ 33.33982133318441, 47.744545933155102 ], [ 33.34066513349272, 47.748060274093525 ], [ 33.343270482964769, 47.747775671461696 ] ] ], [ [ [ 33.343270482964769, 47.747775671461696 ], [ 33.346297919660131, 47.749248141523317 ], [ 33.345875792271052, 47.747491010950327 ], [ 33.343270482964769, 47.747775671461696 ] ] ], [ [ [ 33.718902448297506, 47.742160838069488 ], [ 33.710660019710474, 47.730464515890972 ], [ 33.705024499138943, 47.729295487531914 ], [ 33.71066884084572, 47.7521061482988 ], [ 33.731917299010206, 47.75151490809138 ], [ 33.718902448297506, 47.742160838069488 ] ] ], [ [ [ 33.732352473407644, 47.753269402644349 ], [ 33.734518861629603, 47.751221413524142 ], [ 33.731917299010206, 47.75151490809138 ], [ 33.732352473407644, 47.753269402644349 ] ] ], [ [ [ 34.523216103649283, 47.699057833450127 ], [ 34.507790056446161, 47.681063302705219 ], [ 34.494380483552376, 47.680866934089771 ], [ 34.473495870324896, 47.672542860741075 ], [ 34.447137456740315, 47.673889271499398 ], [ 34.43586128591047, 47.671626921635301 ], [ 34.435558720616562, 47.680683507189549 ], [ 34.42961651124223, 47.688608641272992 ], [ 34.453851356235447, 47.689324485727148 ], [ 34.457359235790918, 47.692513653070733 ], [ 34.468181770980742, 47.693024061697393 ], [ 34.486483687716103, 47.701658804377537 ], [ 34.490914184878847, 47.708344890631921 ], [ 34.500819256611273, 47.70535366665402 ], [ 34.535884669993152, 47.706556780149519 ], [ 34.523216103649283, 47.699057833450127 ] ] ], [ [ [ 33.744981435800284, 48.850649922838535 ], [ 33.748092152875714, 48.852105178947511 ], [ 33.74763932623091, 48.850351125091088 ], [ 33.744981435800284, 48.850649922838535 ] ] ], [ [ [ 34.133459914239758, 48.840590768438531 ], [ 34.154389439947927, 48.816496945278281 ], [ 34.1645292658038, 48.813513179304202 ], [ 34.166247127942029, 48.809702661000742 ], [ 34.181219381804858, 48.804349881766647 ], [ 34.199773938736108, 48.80218821559594 ], [ 34.201488739236829, 48.798377437886352 ], [ 34.185119040679048, 48.798479618804599 ], [ 34.183402920664875, 48.802290255293016 ], [ 34.150338799272582, 48.811551279045716 ], [ 34.125542484210442, 48.810817375352862 ], [ 34.117260676860255, 48.820803672916163 ], [ 34.097898750243274, 48.830265845731979 ], [ 34.09882824835644, 48.833769038103277 ], [ 34.109906064762491, 48.834292707819237 ], [ 34.113489844699942, 48.837488559711375 ], [ 34.129874692119607, 48.837395677360391 ], [ 34.133459914239758, 48.840590768438531 ] ] ], [ [ [ 33.904483128726099, 48.895784610099867 ], [ 33.894672428738467, 48.889680245686087 ], [ 33.893296907095369, 48.884421173460332 ], [ 33.887980551314229, 48.885025733777454 ], [ 33.887705671305127, 48.904913970699845 ], [ 33.904483128726099, 48.895784610099867 ] ] ], [ [ [ 33.885046369242076, 48.90521624511576 ], [ 33.888164269181949, 48.906667031552033 ], [ 33.887705671305127, 48.904913970699845 ], [ 33.885046369242076, 48.90521624511576 ] ] ], [ [ [ 34.670268459730089, 48.832998077184229 ], [ 34.672207556954476, 48.839987785910175 ], [ 34.69532676735939, 48.8444144730597 ], [ 34.708562352594221, 48.842810700389599 ], [ 34.702028073569217, 48.82915410248031 ], [ 34.670268459730089, 48.832998077184229 ] ] ], [ [ [ 34.09156126876352, 50.154950134464876 ], [ 34.078226881807041, 50.14744376964628 ], [ 34.070050293613704, 50.148380557340374 ], [ 34.07102200742613, 50.151883355638837 ], [ 34.076473490848848, 50.151258815969548 ], [ 34.098960615141664, 50.161329409586862 ], [ 34.102950940180385, 50.155449990462223 ], [ 34.09156126876352, 50.154950134464876 ] ] ], [ [ [ 35.320613240897956, 50.996853325970868 ], [ 35.326681521063435, 50.997903856165379 ], [ 35.326133676706505, 50.996162050252103 ], [ 35.320613240897956, 50.996853325970868 ] ] ], [ [ [ 34.12445322605371, 44.632669877378198 ], [ 34.126103466039211, 44.628877394700545 ], [ 34.140024039037591, 44.623648469379674 ], [ 34.154747431138645, 44.621923039732422 ], [ 34.152330865531653, 44.611408188868324 ], [ 34.154821450737359, 44.600318081219108 ], [ 34.16097174741283, 44.594197725288538 ], [ 34.156909065810467, 44.587475607096515 ], [ 34.146697349052097, 44.586873059215861 ], [ 34.142154398538089, 44.600002971750186 ], [ 34.118783513808388, 44.618935305035123 ], [ 34.093391256374161, 44.629100145859439 ], [ 34.066787665956134, 44.63400100145175 ], [ 34.070444376237624, 44.638974280140893 ], [ 34.096648405975749, 44.632319437946038 ], [ 34.12445322605371, 44.632669877378198 ] ] ], [ [ [ 34.172690172484394, 44.787200659310969 ], [ 34.174339206515207, 44.783407145643004 ], [ 34.205101790558892, 44.774390154280326 ], [ 34.227645051453976, 44.773533770325244 ], [ 34.251422105831196, 44.767127164908132 ], [ 34.27969434272665, 44.769182711071146 ], [ 34.285435009033264, 44.761303105557104 ], [ 34.294859114281692, 44.758386316478642 ], [ 34.296090117889165, 44.752840653669743 ], [ 34.271101037865371, 44.754000770034857 ], [ 34.242021703964134, 44.748438551445446 ], [ 34.224830961474481, 44.739667577765807 ], [ 34.207667348593169, 44.720091650440672 ], [ 34.183901844215221, 44.726487119318641 ], [ 34.156053742256908, 44.726156836465613 ], [ 34.154404231564563, 44.729949965085162 ], [ 34.123653055446724, 44.738950987197683 ], [ 34.103576511725748, 44.739497702905162 ], [ 34.08229180057269, 44.734782008802647 ], [ 34.081843954757062, 44.743833501799323 ], [ 34.071957987206694, 44.75578485425747 ], [ 34.069450685737614, 44.766876222349644 ], [ 34.07969611558466, 44.76748230106115 ], [ 34.097282039523883, 44.778030210547918 ], [ 34.107125619206663, 44.776880708592451 ], [ 34.136214812245115, 44.782478109704016 ], [ 34.153409374076048, 44.791262980927861 ], [ 34.157086345940762, 44.796231608653265 ], [ 34.163252949305914, 44.790108375102555 ], [ 34.172690172484394, 44.787200659310969 ] ] ], [ [ [ 34.412552346763427, 44.828967247609889 ], [ 34.413771435142621, 44.823421320413146 ], [ 34.411311725154171, 44.823715615967508 ], [ 34.412552346763427, 44.828967247609889 ] ] ], [ [ [ 34.475986234283617, 44.914963674410913 ], [ 34.475152781843683, 44.911463570061301 ], [ 34.489472199866654, 44.897140040462773 ], [ 34.514464511103263, 44.885128452977753 ], [ 34.551379452950393, 44.880670541230309 ], [ 34.566981047762511, 44.882382917358235 ], [ 34.575620693046552, 44.88673689745292 ], [ 34.600586001252303, 44.874708637445117 ], [ 34.615344978946005, 44.872916052437255 ], [ 34.601726496128023, 44.858369206341251 ], [ 34.596330406054633, 44.846423537991214 ], [ 34.597473462710447, 44.83008422331433 ], [ 34.569177150073514, 44.828114390551399 ], [ 34.56588240986104, 44.824913235284491 ], [ 34.552755423418169, 44.822901599703606 ], [ 34.538886148136548, 44.838978511770492 ], [ 34.529466893676741, 44.841916164113208 ], [ 34.527842172445133, 44.845712431062196 ], [ 34.49711534254611, 44.85481744250508 ], [ 34.474556395823171, 44.855731783027657 ], [ 34.445414276309918, 44.850231012888244 ], [ 34.428164367738304, 44.841498466944785 ], [ 34.415012267411882, 44.828672898463388 ], [ 34.415862332343657, 44.842971442567617 ], [ 34.408110663630175, 44.863699510308443 ], [ 34.393774709991568, 44.878013795480747 ], [ 34.384338994474867, 44.880940790075037 ], [ 34.382703449521763, 44.884736230717863 ], [ 34.368340132257643, 44.88824993493202 ], [ 34.372059660349237, 44.904007377025216 ], [ 34.369613016120773, 44.915099956786285 ], [ 34.361823245869118, 44.925029331324296 ], [ 34.363063744310814, 44.930281952701904 ], [ 34.368820676664157, 44.93319596185686 ], [ 34.370457880221089, 44.929400401042315 ], [ 34.384416822602844, 44.924134478968604 ], [ 34.423840566992425, 44.919420623644861 ], [ 34.439453382186201, 44.921150154115509 ], [ 34.442748663911871, 44.924355338786562 ], [ 34.453019341132588, 44.924923291435128 ], [ 34.464956443146583, 44.932490795910667 ], [ 34.469883999433044, 44.931898726019945 ], [ 34.469847033071616, 44.921102127648503 ], [ 34.475986234283617, 44.914963674410913 ] ] ], [ [ [ 35.316551107029348, 45.122090360157436 ], [ 35.315214972831079, 45.116859436616735 ], [ 35.310289552453334, 45.117489930745599 ], [ 35.308717076035336, 45.121292501397754 ], [ 35.316551107029348, 45.122090360157436 ] ] ], [ [ [ 35.918843243425826, 45.196346622145747 ], [ 35.930674015338525, 45.192963508194701 ], [ 35.923296712618381, 45.193950229887413 ], [ 35.917448537388566, 45.19113010930522 ], [ 35.918843243425826, 45.196346622145747 ] ] ], [ [ [ 35.938981980995344, 45.19545367166829 ], [ 35.931139307560692, 45.19470224238998 ], [ 35.931604642146816, 45.196440972294567 ], [ 35.938981980995344, 45.19545367166829 ] ] ], [ [ [ 35.938981980995344, 45.19545367166829 ], [ 35.968827698841935, 45.202260256412387 ], [ 35.98685098446623, 45.21244821474049 ], [ 36.008982346349796, 45.209473410700767 ], [ 36.006175564285456, 45.199044762365041 ], [ 36.011799150079028, 45.182079230457276 ], [ 36.009929234182813, 45.175126874682555 ], [ 35.983237997830784, 45.189520212563146 ], [ 35.938981980995344, 45.19545367166829 ] ] ], [ [ [ 35.836274834432452, 45.355043128236282 ], [ 35.83827688052282, 45.352975811151573 ], [ 35.835809841497799, 45.35330367539909 ], [ 35.836274834432452, 45.355043128236282 ] ] ], [ [ [ 34.148921534514542, 46.241528724997721 ], [ 34.165708564205254, 46.225146799432288 ], [ 34.182096064067785, 46.217818639164186 ], [ 34.1837660415584, 46.214018815528789 ], [ 34.215284376166956, 46.204908069790292 ], [ 34.238843834740592, 46.205736348208333 ], [ 34.250977038677817, 46.191691693164536 ], [ 34.260634767913132, 46.18874945357679 ], [ 34.262298476618056, 46.184949152108189 ], [ 34.29378274802329, 46.175819417266283 ], [ 34.314376264533529, 46.175180451438834 ], [ 34.322798259952805, 46.177784899622942 ], [ 34.358872107253305, 46.166289344629554 ], [ 34.379458624224746, 46.165638808716295 ], [ 34.409333382237612, 46.171082536059913 ], [ 34.427050705112322, 46.179775574671709 ], [ 34.431306632940625, 46.186474076424489 ], [ 34.439299746590294, 46.187318982133931 ], [ 34.443035021777845, 46.181465616302113 ], [ 34.438257653928247, 46.162216408470542 ], [ 34.44772190885994, 46.137657460634976 ], [ 34.471496806193507, 46.118588042155977 ], [ 34.490754133638383, 46.112670041062913 ], [ 34.481810834446073, 46.097528312712747 ], [ 34.459954174550724, 46.092945474801354 ], [ 34.442264284042963, 46.084255465706342 ], [ 34.424932808164606, 46.066510822019858 ], [ 34.418022453664236, 46.038509157410331 ], [ 34.420458751937623, 46.027407275869237 ], [ 34.425052018046266, 46.025055962074845 ], [ 34.422031819700727, 46.012805268381037 ], [ 34.426978521589177, 46.001403049892765 ], [ 34.419800707778784, 45.993253465687083 ], [ 34.416785014605793, 45.981002436560146 ], [ 34.3883765426366, 45.991603031212712 ], [ 34.387155093748753, 45.997153810459352 ], [ 34.363390677390861, 46.016202005074106 ], [ 34.332009716370727, 46.025340020960812 ], [ 34.311473909080497, 46.025976234455719 ], [ 34.2816869089216, 46.020497107074746 ], [ 34.26110625618, 46.010319235096688 ], [ 34.256888678190954, 46.003610956118699 ], [ 34.251436586123212, 46.002453188831382 ], [ 34.24215595793995, 45.985532453045437 ], [ 34.227894129973556, 45.980007854041126 ], [ 34.22368356944574, 45.97329770122689 ], [ 34.218235031565087, 45.972137925714513 ], [ 34.209818978145712, 45.958716288086471 ], [ 34.184701396031116, 45.961669488879487 ], [ 34.185547616891334, 45.965173171885311 ], [ 34.161714624303329, 45.984184047777561 ], [ 34.13030489011549, 45.99326672549126 ], [ 34.112285060660028, 45.9935711259523 ], [ 34.113970398842547, 46.000580511788797 ], [ 34.106031476983837, 46.021324772858364 ], [ 34.093464794621532, 46.033600400502046 ], [ 34.083820857833466, 46.036526101579533 ], [ 34.082146362085069, 46.040324388877252 ], [ 34.074596478823061, 46.041203687495461 ], [ 34.074604613007487, 46.052012368456261 ], [ 34.056573498882486, 46.073928021447635 ], [ 34.030968913405964, 46.085909904944906 ], [ 34.008714236410761, 46.0902912502373 ], [ 33.974701202804482, 46.088820260413428 ], [ 33.943224660754311, 46.076236914734771 ], [ 33.939037164282055, 46.069512974505344 ], [ 33.913009529114525, 46.068904480393805 ], [ 33.884490575391951, 46.057766240628652 ], [ 33.883602079767996, 46.075883587496726 ], [ 33.878976692640265, 46.078215413750392 ], [ 33.878116771259918, 46.085520228256001 ], [ 33.867172366845871, 46.09398031580529 ], [ 33.862512731935027, 46.10712485421103 ], [ 33.849869026042263, 46.11938092879722 ], [ 33.824189162408523, 46.131322273481423 ], [ 33.771190821398925, 46.137356865203401 ], [ 33.777843065681466, 46.154616828730681 ], [ 33.775637663675816, 46.178288631586106 ], [ 33.753214686741906, 46.204256168057974 ], [ 33.743517524590331, 46.207157462905265 ], [ 33.751050283427077, 46.217113363585085 ], [ 33.772973212545466, 46.211021284489341 ], [ 33.810013515797138, 46.21401311984674 ], [ 33.823100111814789, 46.203512445046776 ], [ 33.837428125966916, 46.198273489235888 ], [ 33.86774042716354, 46.194807034492307 ], [ 33.884169267789062, 46.187519606160542 ], [ 33.903952921645264, 46.183447888891941 ], [ 33.938028866975962, 46.184934637921415 ], [ 33.941390782154507, 46.188150926762681 ], [ 33.951908458168752, 46.188740753375747 ], [ 33.964103979962196, 46.196342967269942 ], [ 33.974203218982048, 46.195177195448728 ], [ 33.978832634227658, 46.192840744471596 ], [ 33.975468365923824, 46.189625836158079 ], [ 33.977584561880171, 46.165958879617776 ], [ 33.995673378940403, 46.144049025293917 ], [ 34.021312405384698, 46.132071431698883 ], [ 34.059128512604318, 46.127681042383699 ], [ 34.094431224715557, 46.134380871946114 ], [ 34.121776421755726, 46.151008321293546 ], [ 34.148799647892503, 46.198298038383562 ], [ 34.146761248969433, 46.221960858402255 ], [ 34.135018776384626, 46.237749890750806 ], [ 34.140494526445963, 46.238911240490189 ], [ 34.141346153580983, 46.242415389019442 ], [ 34.148921534514542, 46.241528724997721 ] ] ], [ [ [ 34.740918167442345, 46.118334131058319 ], [ 34.742988303403706, 46.116278328394465 ], [ 34.740475190263687, 46.116586404172949 ], [ 34.740918167442345, 46.118334131058319 ] ] ], [ [ [ 34.241341416146994, 46.374831363908591 ], [ 34.23999337849142, 46.35877120304346 ], [ 34.231974150467657, 46.357914245642455 ], [ 34.219807103270348, 46.371961888895846 ], [ 34.184423105611316, 46.386933756811132 ], [ 34.202571848437863, 46.386604085738568 ], [ 34.216467218029614, 46.379563455023877 ], [ 34.241341416146994, 46.374831363908591 ] ] ], [ [ [ 34.60999589919674, 46.442481075348979 ], [ 34.642291249063796, 46.425941715217014 ], [ 34.680212183264182, 46.421323756307252 ], [ 34.67842945944669, 46.414331380715133 ], [ 34.680810517332766, 46.403226424789459 ], [ 34.687054056955702, 46.397057491092212 ], [ 34.685271967677551, 46.390065289857326 ], [ 34.676802679292415, 46.387493484365379 ], [ 34.650649693944594, 46.38707439333556 ], [ 34.647234844992411, 46.383885133586631 ], [ 34.636685202177311, 46.383365692898913 ], [ 34.627331722179044, 46.377292863141058 ], [ 34.622279067595251, 46.377906514670535 ], [ 34.625382755780294, 46.390146126307371 ], [ 34.617624865999375, 46.410914279226006 ], [ 34.603030755027604, 46.425301489361139 ], [ 34.593358445170985, 46.428276124143977 ], [ 34.587100029440066, 46.43444137198194 ], [ 34.572365701285023, 46.438026946351108 ], [ 34.575780742306243, 46.441218664079294 ], [ 34.593488271332234, 46.439074894671457 ], [ 34.60999589919674, 46.442481075348979 ] ] ], [ [ [ 34.519233356036963, 46.444440326707038 ], [ 34.521322850950838, 46.442386219218946 ], [ 34.518792404815649, 46.442691055196683 ], [ 34.519233356036963, 46.444440326707038 ] ] ], [ [ [ 34.555541095496402, 46.443665420461315 ], [ 34.572808295318822, 46.439775824649388 ], [ 34.555098994035397, 46.441916415982703 ], [ 34.555541095496402, 46.443665420461315 ] ] ], [ [ [ 34.555541095496402, 46.443665420461315 ], [ 34.547508676477115, 46.442832995642185 ], [ 34.52176387848786, 46.444135472216551 ], [ 34.532003600665604, 46.453715687298796 ], [ 34.539595925946365, 46.452799973235685 ], [ 34.541243043595905, 46.448996421188482 ], [ 34.555541095496402, 46.443665420461315 ] ] ], [ [ [ 35.366386030129647, 46.501313438410776 ], [ 35.36844086714585, 46.49924675310983 ], [ 35.365917079267547, 46.499570602961064 ], [ 35.366386030129647, 46.501313438410776 ] ] ], [ [ [ 35.007744477184062, 46.597211218379307 ], [ 35.019946272194296, 46.593882978073935 ], [ 35.007285463598748, 46.595465647642762 ], [ 35.007744477184062, 46.597211218379307 ] ] ], [ [ [ 34.948538394199424, 46.620818892940903 ], [ 34.968137212364013, 46.605758664914262 ], [ 34.999688465968966, 46.596414596295354 ], [ 34.968381025328277, 46.59671376310606 ], [ 34.95089773362124, 46.589876076455504 ], [ 34.941680533855966, 46.594628273613161 ], [ 34.926482055516239, 46.596516938824301 ], [ 34.92207657355096, 46.609684139092607 ], [ 34.931048314882773, 46.613978597039413 ], [ 34.941145651968881, 46.632555821881716 ], [ 34.948538394199424, 46.620818892940903 ] ] ], [ [ [ 34.445323540194309, 46.783192923860867 ], [ 34.457940787097748, 46.770865041891035 ], [ 34.46303359817766, 46.770254747941522 ], [ 34.462145291892661, 46.766755573033251 ], [ 34.436351287876249, 46.778857979776859 ], [ 34.423615501207642, 46.78038054420243 ], [ 34.438569124345875, 46.787606813823345 ], [ 34.439456549279008, 46.791106321054727 ], [ 34.444551663360237, 46.790496649592271 ], [ 34.445323540194309, 46.783192923860867 ] ] ], [ [ [ 34.504171427784911, 46.86988555500556 ], [ 34.502383444840852, 46.862888516443199 ], [ 34.494732294571307, 46.863807879755477 ], [ 34.485741625308059, 46.859478591156872 ], [ 34.478536530628475, 46.862146235590124 ], [ 34.481660434198339, 46.874392239405111 ], [ 34.491994176279647, 46.883969684058954 ], [ 34.495123525430493, 46.896214950847849 ], [ 34.502331861881132, 46.893545822974794 ], [ 34.500411035877818, 46.875746518964384 ], [ 34.504171427784911, 46.86988555500556 ] ] ], [ [ [ 34.810331235742979, 46.854284950562999 ], [ 34.822867292295925, 46.84192256388932 ], [ 34.821953414055805, 46.838428769474348 ], [ 34.806222010964525, 46.838561937457698 ], [ 34.800217778684406, 46.835694065095538 ], [ 34.807591368669797, 46.843802977392869 ], [ 34.810331235742979, 46.854284950562999 ] ] ], [ [ [ 35.473038899203381, 46.768889788737738 ], [ 35.475097153107548, 46.766820239261392 ], [ 35.472236885006708, 46.756368747569809 ], [ 35.469073725238324, 46.763991550674326 ], [ 35.473038899203381, 46.768889788737738 ] ] ], [ [ [ 36.14664128630168, 46.719397004193908 ], [ 36.150659562565401, 46.724264202754775 ], [ 36.155709729976238, 46.723579368141266 ], [ 36.14664128630168, 46.719397004193908 ] ] ], [ [ [ 35.540227714254144, 46.841349659066388 ], [ 35.543245761107293, 46.842761479823608 ], [ 35.542765470337372, 46.841020134789012 ], [ 35.540227714254144, 46.841349659066388 ] ] ], [ [ [ 36.271209380221535, 46.76919098103793 ], [ 36.27323257938292, 46.767110221247741 ], [ 36.270706896107555, 46.767455502494009 ], [ 36.271209380221535, 46.76919098103793 ] ] ], [ [ [ 36.275243095752622, 46.774052024076354 ], [ 36.277266258688428, 46.771971182865265 ], [ 36.274740396757338, 46.772316580389436 ], [ 36.275243095752622, 46.774052024076354 ] ] ], [ [ [ 35.62031847699204, 46.874211989991757 ], [ 35.612703065421925, 46.875206091164706 ], [ 35.609198538999266, 46.872055733465253 ], [ 35.598561849940531, 46.871639165422195 ], [ 35.580437883238936, 46.863177720512887 ], [ 35.575972748662515, 46.85654391296368 ], [ 35.570415067035029, 46.85546342335212 ], [ 35.561490207218746, 46.84219434502954 ], [ 35.543245761107293, 46.842761479823608 ], [ 35.553609126998062, 46.86125629953446 ], [ 35.558686162176649, 46.860596390475145 ], [ 35.588407357262462, 46.872962539229626 ], [ 35.592875836691256, 46.87959556965081 ], [ 35.61149095045252, 46.88979500165425 ], [ 35.624186589661001, 46.888137637203471 ], [ 35.626362257006768, 46.877030341007568 ], [ 35.62031847699204, 46.874211989991757 ] ] ], [ [ [ 36.281300761417292, 46.776831923578158 ], [ 36.277769032777861, 46.773706605728336 ], [ 36.278774720812748, 46.777177437406998 ], [ 36.281300761417292, 46.776831923578158 ] ] ], [ [ [ 36.281300761417292, 46.776831923578158 ], [ 36.28432981955369, 46.778221723072988 ], [ 36.283826755388148, 46.7764863559227 ], [ 36.281300761417292, 46.776831923578158 ] ] ], [ [ [ 36.297958488032812, 46.788985685983285 ], [ 36.299981083079835, 46.78690445233314 ], [ 36.297454796711179, 46.787250435048819 ], [ 36.297958488032812, 46.788985685983285 ] ] ], [ [ [ 36.303515052568152, 46.790028829521098 ], [ 36.300484849520345, 46.788639682410093 ], [ 36.300988662674079, 46.790374907790678 ], [ 36.303515052568152, 46.790028829521098 ] ] ], [ [ [ 36.320178854060408, 46.811200123474819 ], [ 36.334835209899531, 46.816406264519514 ], [ 36.335846070719356, 46.819876123349552 ], [ 36.355058394632827, 46.831671475223253 ], [ 36.370244493162716, 46.856648744645355 ], [ 36.38846269772263, 46.864966977066636 ], [ 36.396049035968105, 46.863921525939951 ], [ 36.384908068850976, 46.852825549705912 ], [ 36.377306435334653, 46.835828268886381 ], [ 36.353539694384672, 46.826467169983736 ], [ 36.348988227455365, 46.819875334029305 ], [ 36.343427979478257, 46.818834920707332 ], [ 36.332310165202834, 46.798709924563283 ], [ 36.315637367180685, 46.795584415249152 ], [ 36.315132991451662, 46.793849313023557 ], [ 36.312606563160863, 46.794195669245831 ], [ 36.31210230931427, 46.792460541437862 ], [ 36.309575909386659, 46.792806822949615 ], [ 36.309071777410139, 46.791071669565305 ], [ 36.30654540585634, 46.791417876371142 ], [ 36.30604139573753, 46.789682697416559 ], [ 36.303515052568152, 46.790028829521098 ], [ 36.320178854060408, 46.811200123474819 ] ] ], [ [ [ 36.164320460048017, 46.863132984308876 ], [ 36.156784923817696, 46.846112651043676 ], [ 36.131010073634116, 46.83877946154248 ], [ 36.137503764911607, 46.8613550199739 ], [ 36.148130371660322, 46.861719716188574 ], [ 36.178455580005767, 46.87564863420458 ], [ 36.164320460048017, 46.863132984308876 ] ] ], [ [ [ 36.232043170888758, 46.915271852063725 ], [ 36.204736476211906, 46.893728544016973 ], [ 36.199190009472538, 46.88365687898348 ], [ 36.178455580005767, 46.87564863420458 ], [ 36.196636688416142, 46.893025752088796 ], [ 36.204176114973002, 46.919066060303145 ], [ 36.232043170888758, 46.915271852063725 ] ] ], [ [ [ 35.815328875573094, 46.987483828974327 ], [ 35.814262080593259, 46.993037623734743 ], [ 35.827462357685214, 46.993094012830824 ], [ 35.826970311675126, 46.991354978198018 ], [ 35.815328875573094, 46.987483828974327 ] ] ], [ [ [ 35.827462357685214, 46.993094012830824 ], [ 35.830496111592083, 46.994496309376444 ], [ 35.830003943049782, 46.992757299574798 ], [ 35.827462357685214, 46.993094012830824 ] ] ], [ [ [ 35.101863173374817, 47.128234813799523 ], [ 35.104890346221936, 47.129658207371904 ], [ 35.104419540943432, 47.127913538342582 ], [ 35.101863173374817, 47.128234813799523 ] ] ], [ [ [ 35.085319577867246, 47.115881924181174 ], [ 35.048125104567276, 47.115132605977003 ], [ 35.044631498104614, 47.111962301349131 ], [ 35.033937911559867, 47.111496192111503 ], [ 35.024397123803375, 47.105473755226718 ], [ 35.011148359208256, 47.105324683326323 ], [ 35.007657548128037, 47.102152933634251 ], [ 34.988363368225123, 47.099147976046062 ], [ 34.99163006243618, 47.1113668339284 ], [ 34.983978838298214, 47.132161366064246 ], [ 34.969338107831653, 47.14661042618178 ], [ 34.943518758860542, 47.158838762954723 ], [ 34.905119456516985, 47.163600527554948 ], [ 34.888828336581852, 47.162009137178238 ], [ 34.885339610898932, 47.158833123855686 ], [ 34.874634400954434, 47.158352542793388 ], [ 34.865099370783327, 47.152315373452346 ], [ 34.85997892136492, 47.152947426586046 ], [ 34.859271422689986, 47.160249496673543 ], [ 34.84458616494306, 47.174686585219582 ], [ 34.818718611637621, 47.186890472587002 ], [ 34.796117353551722, 47.191472183621187 ], [ 34.761415097674238, 47.19031732536299 ], [ 34.757931049721911, 47.187136708085546 ], [ 34.747218505819845, 47.186644351582942 ], [ 34.734667588937668, 47.179161168504685 ], [ 34.712058498413271, 47.183726235578121 ], [ 34.677357783052038, 47.18254452966471 ], [ 34.656668902531202, 47.174239270554637 ], [ 34.623339506667811, 47.178284449923218 ], [ 34.621687004405658, 47.182091817390251 ], [ 34.606755944509274, 47.18570393437124 ], [ 34.605102051963257, 47.189511208424399 ], [ 34.61553099775665, 47.199069662135983 ], [ 34.622374465908798, 47.225294201811479 ], [ 34.628420599315476, 47.228168519833368 ], [ 34.649687006764374, 47.218373496184526 ], [ 34.690733082851857, 47.213380836673501 ], [ 34.721243809533746, 47.218677838016347 ], [ 34.752420210043226, 47.236510981775822 ], [ 34.766116312689135, 47.258282626392194 ], [ 34.767245150537896, 47.272574573237122 ], [ 34.76488325023417, 47.2836866999438 ], [ 34.751065220924467, 47.301612633578209 ], [ 34.764832785043467, 47.30353491553921 ], [ 34.793046252318284, 47.319918203104024 ], [ 34.806788067328519, 47.341681576574842 ], [ 34.807223285047272, 47.363275463376432 ], [ 34.824975840884257, 47.370113000875335 ], [ 34.839921099490205, 47.386313639971171 ], [ 34.852779405787324, 47.384729444949549 ], [ 34.850912877963054, 47.377743392044685 ], [ 34.8586347768493, 47.356947260692394 ], [ 34.871253968637269, 47.344566232249257 ], [ 34.881064228016903, 47.341550716236668 ], [ 34.880130418549228, 47.338058098158953 ], [ 34.861452132076309, 47.327736134902032 ], [ 34.846298067079054, 47.300741791795325 ], [ 34.847954316726465, 47.277087187809471 ], [ 34.852622053100902, 47.274707881001696 ], [ 34.853328589604878, 47.267405318825382 ], [ 34.862196430061594, 47.260899874289102 ], [ 34.856619412416705, 47.239941927149601 ], [ 34.864330237857118, 47.219148648947112 ], [ 34.876921394352578, 47.206771039688391 ], [ 34.902781237861845, 47.194553950209652 ], [ 34.946325443914837, 47.189154549335676 ], [ 34.976832291652471, 47.194380422722617 ], [ 34.995007079133721, 47.202939636061124 ], [ 35.002472828506207, 47.211028211382313 ], [ 35.010157069077685, 47.210069605857292 ], [ 35.013656729151556, 47.213240645032933 ], [ 35.024371770000911, 47.213706606642404 ], [ 35.042560212912413, 47.222256643480797 ], [ 35.053539622282408, 47.233510477590997 ], [ 35.074505645499698, 47.23268789910707 ], [ 35.059341391761805, 47.225568187874721 ], [ 35.041360081225569, 47.207975308366997 ], [ 35.033375872695402, 47.17830751900842 ], [ 35.041009325433492, 47.157510579792884 ], [ 35.053542188006254, 47.145119088513333 ], [ 35.079323903844141, 47.13286866309145 ], [ 35.101863173374817, 47.128234813799523 ], [ 35.096483795525039, 47.118087699144283 ], [ 35.090901596161899, 47.116984963447408 ], [ 35.089961361113083, 47.113495399403021 ], [ 35.085319577867246, 47.115881924181174 ] ] ], [ [ [ 35.141376498860417, 47.235107397421615 ], [ 35.126009214527329, 47.2370424809627 ], [ 35.11832497295724, 47.238009272086934 ], [ 35.133499616850607, 47.245119792030195 ], [ 35.138622832463788, 47.24447456847858 ], [ 35.141376498860417, 47.235107397421615 ] ] ], [ [ [ 34.64406156182396, 47.318259184521075 ], [ 34.640573660071439, 47.315074905824687 ], [ 34.635432571671288, 47.315698534470719 ], [ 34.638920240544614, 47.318883001260538 ], [ 34.64406156182396, 47.318259184521075 ] ] ], [ [ [ 34.469589278010488, 47.43308458029442 ], [ 34.50431082393726, 47.423511250060109 ], [ 34.544793281759283, 47.425859896344321 ], [ 34.543421888224692, 47.420613521243638 ], [ 34.5535607758274, 47.408569475295891 ], [ 34.542178226099828, 47.39550996926171 ], [ 34.5350394331521, 47.378331474631359 ], [ 34.534421826705298, 47.365779565515723 ], [ 34.540613767127873, 47.34880076038182 ], [ 34.509731979113269, 47.352514235969927 ], [ 34.479148865250522, 47.347164725205218 ], [ 34.451001890091391, 47.330693796888532 ], [ 34.437404947719358, 47.308872031799446 ], [ 34.438170201835305, 47.301566332113758 ], [ 34.42138376355333, 47.298159723140955 ], [ 34.411864366282501, 47.292080905731929 ], [ 34.406720564506301, 47.292694043943655 ], [ 34.400805995539201, 47.3006128731327 ], [ 34.390966241911109, 47.303588049116016 ], [ 34.389293844591549, 47.307394161154136 ], [ 34.374755495545386, 47.312730444598962 ], [ 34.356741654384066, 47.31487031582563 ], [ 34.330672203770291, 47.326979342990036 ], [ 34.300223720403999, 47.33238555054696 ], [ 34.309853615995372, 47.349282239361628 ], [ 34.307953379567451, 47.372953041305557 ], [ 34.299886940305349, 47.382924304454079 ], [ 34.30515606688499, 47.39312306248717 ], [ 34.326558045220658, 47.383376762118843 ], [ 34.344147633615975, 47.379489042430365 ], [ 34.384148598339621, 47.380149691124856 ], [ 34.387627560911831, 47.383343137015778 ], [ 34.398385097893474, 47.383866454607642 ], [ 34.426550583650744, 47.40034973398425 ], [ 34.440175397757727, 47.422171559929261 ], [ 34.440319805310466, 47.432976798015467 ], [ 34.451087294383882, 47.433494008298013 ], [ 34.460640219064118, 47.439566790558388 ], [ 34.469589278010488, 47.43308458029442 ] ] ], [ [ [ 35.178421282502001, 47.322445000388974 ], [ 35.180509652689615, 47.320376986338744 ], [ 35.177944873625215, 47.320700953976839 ], [ 35.178421282502001, 47.322445000388974 ] ] ], [ [ [ 35.225972257973041, 47.350709812997636 ], [ 35.240579072705522, 47.336227438724322 ], [ 35.250359081004504, 47.333181822050982 ], [ 35.251965616796546, 47.329369228839028 ], [ 35.259658556154712, 47.328392054788864 ], [ 35.258221145166438, 47.323161790223658 ], [ 35.217191252295478, 47.328366644495112 ], [ 35.180986140592374, 47.322121013094915 ], [ 35.183187832336678, 47.339885233889788 ], [ 35.179486763853646, 47.345765540662669 ], [ 35.187958860480457, 47.357325047759339 ], [ 35.195180504054839, 47.354607834903433 ], [ 35.224841896999791, 47.356266002257065 ], [ 35.225972257973041, 47.350709812997636 ] ] ], [ [ [ 34.864939049575881, 47.509519730052766 ], [ 34.869624671679411, 47.507137517969099 ], [ 34.864469907142514, 47.507773351919191 ], [ 34.864939049575881, 47.509519730052766 ] ] ], [ [ [ 34.599867029859894, 47.554512552495254 ], [ 34.613241176314084, 47.554699390228627 ], [ 34.61231818723784, 47.551202898633129 ], [ 34.594519100816768, 47.544334434124217 ], [ 34.587052238438901, 47.536216103080761 ], [ 34.56897804166632, 47.538397043185398 ], [ 34.552565630475016, 47.536766829825027 ], [ 34.537818734255637, 47.531325867093422 ], [ 34.519742470166598, 47.533498878181256 ], [ 34.537700333886676, 47.551184050565261 ], [ 34.540454924369946, 47.561676782418488 ], [ 34.548205632680514, 47.560744017466135 ], [ 34.562962464746875, 47.566182746148421 ], [ 34.599867029859894, 47.554512552495254 ] ] ], [ [ [ 34.80422623092597, 47.531423851543437 ], [ 34.834474008489671, 47.515076837810966 ], [ 34.816426105689743, 47.517296017002536 ], [ 34.805402895702578, 47.525866760572065 ], [ 34.790862326724671, 47.531259344746964 ], [ 34.8025818982223, 47.535234130204891 ], [ 34.80422623092597, 47.531423851543437 ] ] ], [ [ [ 35.174952797856967, 47.629642451733289 ], [ 35.189156348278203, 47.613411988225238 ], [ 35.198989845377803, 47.610364953840026 ], [ 35.20527939182211, 47.604155754674167 ], [ 35.204965773952026, 47.593367239990194 ], [ 35.209639275888918, 47.590971508161047 ], [ 35.213997610826908, 47.577787378854993 ], [ 35.243312423250224, 47.548808619507014 ], [ 35.242347773264441, 47.545321659656281 ], [ 35.227545016825026, 47.539979299223084 ], [ 35.223043968374199, 47.533330938905323 ], [ 35.217413343761663, 47.532239240799882 ], [ 35.205842696583559, 47.519266674897644 ], [ 35.197985204852792, 47.500410247788381 ], [ 35.200424459891295, 47.480252205680841 ], [ 35.189176025751216, 47.478064997854716 ], [ 35.173741273402804, 47.480013999819896 ], [ 35.166980717786437, 47.48447592011334 ], [ 35.144300960730853, 47.489138738193297 ], [ 35.109412359466845, 47.48811311251746 ], [ 35.091587626479182, 47.481328416970797 ], [ 35.061651934180361, 47.488688105251605 ], [ 35.026759734762159, 47.48763642896499 ], [ 34.994178345826036, 47.475459978284754 ], [ 34.989713051514912, 47.468798818077047 ], [ 34.98409227003328, 47.467694175668356 ], [ 34.97469533091067, 47.452624853294608 ], [ 34.949866662820149, 47.439471890444196 ], [ 34.944720299619355, 47.4401106469032 ], [ 34.944971372375619, 47.450904748839541 ], [ 34.926979979244869, 47.472982267000695 ], [ 34.917149833368924, 47.476004171067274 ], [ 34.915515143605916, 47.479815042131023 ], [ 34.895849317140055, 47.485856485588094 ], [ 34.883678815170335, 47.499989969376401 ], [ 34.873840464864799, 47.503008844848274 ], [ 34.87220198760005, 47.506819516489571 ], [ 34.909691415246364, 47.507599717307038 ], [ 34.91320979180999, 47.510772844023464 ], [ 34.923988688392029, 47.511242440327123 ], [ 34.936653984641282, 47.518694336044653 ], [ 34.977882795070876, 47.513574519455993 ], [ 35.008590840488125, 47.518772768509365 ], [ 35.037001765255084, 47.535076051967685 ], [ 35.05091782327176, 47.556794891662776 ], [ 35.051197101118888, 47.567586915374569 ], [ 35.06809647084247, 47.570886204405774 ], [ 35.074684316832474, 47.575474888969055 ], [ 35.082419283886601, 47.574505848688496 ], [ 35.085952688622207, 47.577672086207983 ], [ 35.096743784564616, 47.578123458729657 ], [ 35.115084280263623, 47.586648601174623 ], [ 35.116041869315126, 47.590137496398349 ], [ 35.133910079387043, 47.596914455317524 ], [ 35.138407700735947, 47.603567161974624 ], [ 35.144045698340655, 47.604662265391291 ], [ 35.149506095672628, 47.614802750518038 ], [ 35.158205620741143, 47.617316292070271 ], [ 35.162708572597495, 47.623967576636694 ], [ 35.168349175589903, 47.625061185308688 ], [ 35.169792876379276, 47.630293259824995 ], [ 35.174952797856967, 47.629642451733289 ] ] ], [ [ [ 35.896372936411261, 47.474823733141235 ], [ 35.891244980199858, 47.475505275069452 ], [ 35.889685948975682, 47.479322743322349 ], [ 35.897378425567581, 47.478300389989329 ], [ 35.896372936411261, 47.474823733141235 ] ] ], [ [ [ 34.944378590582765, 47.626000685515983 ], [ 34.945326132627535, 47.629492159284666 ], [ 34.950491047776559, 47.628851461578016 ], [ 34.948595497079424, 47.621868653353104 ], [ 34.937793325714026, 47.621403720979551 ], [ 34.938740276768584, 47.624895297268331 ], [ 34.944378590582765, 47.626000685515983 ] ] ], [ [ [ 35.604673299059598, 47.619697152269211 ], [ 35.590414530387001, 47.60711117076626 ], [ 35.589820083258303, 47.614408831556482 ], [ 35.604081167051049, 47.626994732548567 ], [ 35.604673299059598, 47.619697152269211 ] ] ], [ [ [ 36.398002985802314, 47.531547804567097 ], [ 36.400043262406541, 47.529461252685451 ], [ 36.397482754273469, 47.529813606772933 ], [ 36.398002985802314, 47.531547804567097 ] ] ], [ [ [ 36.406725675385047, 47.533958766199049 ], [ 36.403124109374005, 47.530842998631982 ], [ 36.400563571948915, 47.531195429208765 ], [ 36.401604337203814, 47.534663767678076 ], [ 36.406725675385047, 47.533958766199049 ] ] ], [ [ [ 35.808146651269773, 47.7139824497634 ], [ 35.767041939958389, 47.701345977267216 ], [ 35.756299953461316, 47.691926862503969 ], [ 35.746997879683988, 47.696760762563144 ], [ 35.753154642348903, 47.699562160320404 ], [ 35.763330810484831, 47.716277949136021 ], [ 35.790108619974724, 47.716362004858688 ], [ 35.793692734007884, 47.719500419940168 ], [ 35.808146651269773, 47.7139824497634 ] ] ], [ [ [ 36.471072323548427, 49.117432212507182 ], [ 36.45885412059075, 49.113682944596356 ], [ 36.454006280862387, 49.107112321880365 ], [ 36.448174593359624, 49.106103420765663 ], [ 36.434193208589932, 49.088122083179982 ], [ 36.421546634847182, 49.091663420463235 ], [ 36.4298077504627, 49.117665895605249 ], [ 36.448410915624613, 49.124160829848229 ], [ 36.44951484492632, 49.127627424433477 ], [ 36.45743805005057, 49.126540352313199 ], [ 36.458974403074137, 49.122711459485856 ], [ 36.466896462706956, 49.121623817963439 ], [ 36.471072323548427, 49.117432212507182 ] ] ], [ [ [ 36.812153324843464, 49.191270806596187 ], [ 36.812151560741306, 49.165935388083227 ], [ 36.801032069958602, 49.165687703739522 ], [ 36.776335778235776, 49.17458151439665 ], [ 36.784437727414648, 49.182493677553481 ], [ 36.788392477591323, 49.194606645901978 ], [ 36.812153324843464, 49.191270806596187 ] ] ], [ [ [ 37.019152558868129, 49.232576404105259 ], [ 37.015365548650486, 49.229495376038535 ], [ 37.012726307985147, 49.229871115135907 ], [ 37.013873794499112, 49.233328031595356 ], [ 37.019152558868129, 49.232576404105259 ] ] ], [ [ [ 36.266461662683014, 45.22855915106723 ], [ 36.253859451896822, 45.210471513231795 ], [ 36.238647432995066, 45.21075062681895 ], [ 36.235241522165495, 45.207613846694265 ], [ 36.221452717187297, 45.21309937695289 ], [ 36.204255887203459, 45.215445631939012 ], [ 36.235552855610408, 45.227383791941506 ], [ 36.246251980900553, 45.238529411964699 ], [ 36.270346962550931, 45.233430552372027 ], [ 36.271851172798435, 45.229622150928158 ], [ 36.266461662683014, 45.22855915106723 ] ] ], [ [ [ 36.363391513956934, 45.422400388780169 ], [ 36.365373096141369, 45.420325648146594 ], [ 36.362909258527374, 45.420665275411764 ], [ 36.363391513956934, 45.422400388780169 ] ] ], [ [ [ 38.275550423799132, 47.063076780931823 ], [ 38.276346930961189, 47.05753245678811 ], [ 38.290504113467648, 47.044487759351213 ], [ 38.289359152428581, 47.041052555798963 ], [ 38.314568642954974, 47.013635558210993 ], [ 38.3134233717821, 47.010200786672257 ], [ 38.325622721964088, 46.999263613675474 ], [ 38.324477317034074, 46.995829040671779 ], [ 38.336671387177532, 46.984891454050818 ], [ 38.337462200786895, 46.979347927987703 ], [ 38.331871500598531, 46.97841456139021 ], [ 38.323991990990947, 46.970611715048875 ], [ 38.315321662237317, 46.968351612719296 ], [ 38.307446295679114, 46.960547124891129 ], [ 38.288969231462971, 46.952587694304263 ], [ 38.281100407869317, 46.944780598140049 ], [ 38.272435720690098, 46.942516370683677 ], [ 38.264571034657095, 46.934707636614981 ], [ 38.255908541693529, 46.9324418180328 ], [ 38.248047991080448, 46.924631447444263 ], [ 38.239387692081486, 46.922364038711173 ], [ 38.231531274746892, 46.914552032986677 ], [ 38.22287316945976, 46.912283035077373 ], [ 38.215020883261509, 46.904469395600067 ], [ 38.196576402519099, 46.896490431629246 ], [ 38.188730640626723, 46.888674196063874 ], [ 38.180078173524073, 46.886401087065742 ], [ 38.178946569477837, 46.882963733691632 ], [ 38.139831301235475, 46.860110685581574 ], [ 38.10555803064706, 46.859977903091121 ], [ 38.056500673699716, 46.854881489572577 ], [ 38.046472189103994, 46.856421248422876 ], [ 37.997417227717641, 46.851297314610683 ], [ 37.987386239991459, 46.852831805958402 ], [ 37.94641593843096, 46.848253728089674 ], [ 37.936382789436919, 46.849783672905119 ], [ 37.895414540363852, 46.845185733725572 ], [ 37.885379242817194, 46.846711130626453 ], [ 37.852495142927481, 46.84267384510396 ], [ 37.842458030607958, 46.844195415911308 ], [ 37.801493622429703, 46.83956091765662 ], [ 37.791454384978593, 46.841077938028171 ], [ 37.758574049198835, 46.837011238057357 ], [ 37.713693738819984, 46.836544677983539 ], [ 37.680816497865372, 46.83245364716042 ], [ 37.670772216460627, 46.833959903848438 ], [ 37.637896762663608, 46.829855441513061 ], [ 37.619768755299319, 46.830760325670624 ], [ 37.608954498141671, 46.821542692097658 ], [ 37.587008412011585, 46.810373881822301 ], [ 37.585917658510411, 46.806925652690005 ], [ 37.570637730234566, 46.800175924993205 ], [ 37.569548411099255, 46.796727396123288 ], [ 37.560927213407176, 46.794400506747778 ], [ 37.553185485808953, 46.786525986478871 ], [ 37.544566504271003, 46.784197535409149 ], [ 37.536828880109745, 46.776321426105746 ], [ 37.528212114402443, 46.773991414320676 ], [ 37.520478591469676, 46.766113717351985 ], [ 37.511864041267991, 46.763782145830248 ], [ 37.504134617354723, 46.755902862564668 ], [ 37.49552228233204, 46.753569732284724 ], [ 37.48779695522871, 46.745688864089985 ], [ 37.479186835056865, 46.74335417603011 ], [ 37.471465602553408, 46.735471724273118 ], [ 37.46285769690266, 46.733135479411395 ], [ 37.455140556788436, 46.725251445458284 ], [ 37.446534865327472, 46.722913644772653 ], [ 37.438821815391321, 46.715028029988822 ], [ 37.38613650839465, 46.697528600493712 ], [ 37.375565390528912, 46.697279708627235 ], [ 37.371983862240036, 46.694196725817719 ], [ 37.34977099719822, 46.690242511315361 ], [ 37.28581309822421, 46.686984799302572 ], [ 37.217511533328349, 46.695150500120477 ], [ 37.166898395141935, 46.709729515042319 ], [ 37.137014341053444, 46.697820431636956 ], [ 37.098150974328, 46.690811020666537 ], [ 37.072139666253548, 46.665692323229024 ], [ 37.066591309127034, 46.664688088703258 ], [ 37.052341725504206, 46.652305519039366 ], [ 37.040723399784184, 46.648565360266112 ], [ 37.039673560493839, 46.645107385920397 ], [ 37.025022671501539, 46.63999766361421 ], [ 37.015900787470372, 46.592588367460841 ], [ 37.00304419258935, 46.56737012334149 ], [ 36.978092511762831, 46.536669761944147 ], [ 36.95024072236285, 46.513597445767125 ], [ 36.925524997606352, 46.500895683787682 ], [ 36.924487860998035, 46.497435627259001 ], [ 36.888214100470371, 46.480964968317139 ], [ 36.883204275245198, 46.48167924604072 ], [ 36.873622730869911, 46.475828395048147 ], [ 36.868613013761909, 46.476541973393033 ], [ 36.847983200484514, 46.468653721751679 ], [ 36.814834835711743, 46.462538950402262 ], [ 36.766660651974817, 46.458540660334023 ], [ 36.73306354394208, 46.459680004193174 ], [ 36.680431102552717, 46.467095378504624 ], [ 36.641843666262361, 46.477926917197799 ], [ 36.613780675387567, 46.489075194782032 ], [ 36.60527063788971, 46.495677966880372 ], [ 36.597743315501113, 46.496730950524864 ], [ 36.591739524444655, 46.502982098536819 ], [ 36.56466555852144, 46.517586780328642 ], [ 36.548636125263471, 46.534253527564729 ], [ 36.541101394914527, 46.535303445464471 ], [ 36.52400474835234, 46.530468138173767 ], [ 36.499881202773068, 46.5284104941368 ], [ 36.479737065883882, 46.495130430599694 ], [ 36.453603552838402, 46.468089237353105 ], [ 36.448081346040873, 46.467050216617046 ], [ 36.443560925104634, 46.460461158116999 ], [ 36.438039628813421, 46.459421523295326 ], [ 36.423986233988138, 46.446935633466587 ], [ 36.412445722038655, 46.443119305736538 ], [ 36.411443202377967, 46.439650500106275 ], [ 36.358284622898807, 46.418121794392079 ], [ 36.332770179368673, 46.383756459957915 ], [ 36.292256377076001, 46.351443208936381 ], [ 36.220247877092866, 46.318005774540175 ], [ 36.215236692586906, 46.31868890758583 ], [ 36.194742620229675, 46.31066081903775 ], [ 36.134707605966923, 46.300783224954223 ], [ 36.072115114320212, 46.300233281164722 ], [ 36.016961407910728, 46.307662430392135 ], [ 35.966234339835843, 46.321682384665991 ], [ 35.948101441929673, 46.331322293451613 ], [ 35.940573129720988, 46.332329228127577 ], [ 35.889122040029207, 46.362636917612043 ], [ 35.848046125160472, 46.402360911408934 ], [ 35.846980326917503, 46.407911972595848 ], [ 35.841952111882705, 46.408579716257982 ], [ 35.831033967002305, 46.39740676811936 ], [ 35.809585646568323, 46.385825358449374 ], [ 35.808623374616694, 46.382346634673034 ], [ 35.797127495631244, 46.378459614845816 ], [ 35.796166262181195, 46.37498068647794 ], [ 35.757739580014878, 46.35842326420866 ], [ 35.752713836727231, 46.359086542414232 ], [ 35.746251781141567, 46.354530001832636 ], [ 35.741226129191254, 46.355192732550265 ], [ 35.718255130704563, 46.347400990783903 ], [ 35.712877743193985, 46.337290925209089 ], [ 35.688143290015525, 46.313498970396012 ], [ 35.682644108051953, 46.312418306821691 ], [ 35.678229442205229, 46.30578637523314 ], [ 35.669744422370464, 46.303294117151239 ], [ 35.66234615918507, 46.295250169374206 ], [ 35.647892277219157, 46.289933082530894 ], [ 35.646943460366138, 46.286451715939506 ], [ 35.629035084286599, 46.277979035478118 ], [ 35.624013741702299, 46.278635782742079 ], [ 35.608621576009419, 46.269830812380064 ], [ 35.603600510556817, 46.270486574672773 ], [ 35.5806824773084, 46.262660242923822 ], [ 35.564042397218664, 46.239590334076667 ], [ 35.531425973538767, 46.214990143377186 ], [ 35.505594407436973, 46.176883656814546 ], [ 35.481499527300734, 46.154770463734692 ], [ 35.469606039396176, 46.149099642130246 ], [ 35.456670966220102, 46.120130508271416 ], [ 35.436704794379118, 46.093870852665518 ], [ 35.409249686177013, 46.068573343976666 ], [ 35.39098835221214, 46.058307929681682 ], [ 35.367852030995742, 46.019830239852169 ], [ 35.327250257808835, 45.983587454452071 ], [ 35.278993480154305, 45.957318766119982 ], [ 35.273993308559213, 45.957956719685129 ], [ 35.261708098469853, 45.950512979184367 ], [ 35.256708154891498, 45.951150103863363 ], [ 35.23647114323753, 45.942914382606332 ], [ 35.192831777107273, 45.934041290890917 ], [ 35.151014834244755, 45.932128179076159 ], [ 35.162389834169616, 45.916274061062701 ], [ 35.161483697978191, 45.912784873701654 ], [ 35.166029149521101, 45.910407761259286 ], [ 35.173085595407855, 45.887891650840736 ], [ 35.202156141379682, 45.860782081808537 ], [ 35.201249268833386, 45.857293473994716 ], [ 35.209873731717437, 45.850793147816233 ], [ 35.208966692344234, 45.847304653142885 ], [ 35.220764863218704, 45.833193168896926 ], [ 35.230289127891339, 45.810360759457708 ], [ 35.233235237625216, 45.791968371338157 ], [ 35.273560478916579, 45.768813603042915 ], [ 35.312700023980732, 45.731381878521731 ], [ 35.311790351084511, 45.727894905604266 ], [ 35.318348491695176, 45.723452236592593 ], [ 35.317438718741954, 45.719965346775929 ], [ 35.329186086722999, 45.705849367162905 ], [ 35.336165656321057, 45.683335331683658 ], [ 35.377280209671362, 45.66364436810818 ], [ 35.39397195046876, 45.648885875362105 ], [ 35.398941879144445, 45.648246002756359 ], [ 35.404570978450657, 45.640314661830125 ], [ 35.409539912697724, 45.639674420742907 ], [ 35.437460924762895, 45.609049165856256 ], [ 35.436547392595898, 45.605564068070699 ], [ 35.448243285589903, 45.591442517857892 ], [ 35.448897730782029, 45.584151921506262 ], [ 35.453403829270513, 45.581767935960528 ], [ 35.460326515606873, 45.559254953704347 ], [ 35.484212739104166, 45.552559559822299 ], [ 35.527193691920061, 45.530768429165569 ], [ 35.528755252599439, 45.526962571931733 ], [ 35.546743672019616, 45.517416890956618 ], [ 35.552340575959612, 45.509482544629769 ], [ 35.557294676687988, 45.508837308029499 ], [ 35.57297575735538, 45.490580838542492 ], [ 35.596219522496561, 45.539788633588614 ], [ 35.615527887300622, 45.564287331963264 ], [ 35.635947239449735, 45.58323309647372 ], [ 35.641368636329105, 45.58432436649715 ], [ 35.64569950311617, 45.590963087641853 ], [ 35.654064612502239, 45.593469420768209 ], [ 35.661341352961784, 45.601522789769859 ], [ 35.678540797654591, 45.60827247871471 ], [ 35.679469398527118, 45.611753748067009 ], [ 35.694193668650755, 45.618826270487311 ], [ 35.699154179962662, 45.61817367520257 ], [ 35.714347959810098, 45.626983437672294 ], [ 35.719308731893598, 45.626329877026684 ], [ 35.72566739036138, 45.63089689499764 ], [ 35.744429592859255, 45.6338269836777 ], [ 35.747843610570207, 45.636979700127497 ], [ 35.809570762138335, 45.646829183271237 ], [ 35.863527928688661, 45.646867298644651 ], [ 35.927510466742433, 45.636529085272123 ], [ 35.983661883886462, 45.616393178017752 ], [ 36.019181804793583, 45.624231443928991 ], [ 36.073568296249434, 45.625907400580758 ], [ 36.100151067798734, 45.638529830717353 ], [ 36.105103956036608, 45.637859397892711 ], [ 36.133696321575947, 45.648399821659652 ], [ 36.149034156982495, 45.648120022585331 ], [ 36.15494604389314, 45.650920907698676 ], [ 36.170283750032652, 45.650638083028774 ], [ 36.176196758339486, 45.653437666944065 ], [ 36.191534331918092, 45.653151816496994 ], [ 36.197448460541843, 45.655950098744263 ], [ 36.212785898264748, 45.655661222340058 ], [ 36.2187011461249, 45.6584582024499 ], [ 36.234038444696438, 45.658166299910278 ], [ 36.239954810711275, 45.660961977413898 ], [ 36.255291966834882, 45.660667048562232 ], [ 36.261209449921452, 45.663461422991439 ], [ 36.27654646029967, 45.663163467652737 ], [ 36.282465059373791, 45.665956538539959 ], [ 36.297801920708253, 45.665655556540877 ], [ 36.332890301639338, 45.671648168959898 ], [ 36.604400132432829, 45.632159188835203 ], [ 36.669600905770572, 45.62660954037085 ], [ 36.673500197941273, 45.541364075764349 ], [ 36.676949262856326, 45.535472662894321 ], [ 36.67791807681504, 45.484882836670884 ], [ 36.682837105187531, 45.457162698577541 ], [ 36.677420623977532, 45.43810588789831 ], [ 36.674467264736286, 45.445728737821291 ], [ 36.652799594315297, 45.468596361187409 ], [ 36.643440980622067, 45.471713232244809 ], [ 36.641961570307288, 45.475524672771321 ], [ 36.594655979948847, 45.489365906149487 ], [ 36.574451926187045, 45.490390964407638 ], [ 36.544895992441276, 45.485510359857507 ], [ 36.527177940906043, 45.477170617510851 ], [ 36.522761289309649, 45.470579055793053 ], [ 36.504076655695741, 45.458766944995624 ], [ 36.473534742040258, 45.459409334365638 ], [ 36.45090594550053, 45.451739258973383 ], [ 36.425292633703641, 45.451684341350976 ], [ 36.421859033381075, 45.44855622196706 ], [ 36.408568375126052, 45.446791313034183 ], [ 36.422260940732556, 45.468319131207366 ], [ 36.423190273653589, 45.480802536898572 ], [ 36.416195778211858, 45.501589540650507 ], [ 36.393420744062666, 45.520953524075445 ], [ 36.362786715029493, 45.530585377376624 ], [ 36.340083587934146, 45.531910127984858 ], [ 36.310509489138632, 45.5269667289352 ], [ 36.275101255508311, 45.510202517083478 ], [ 36.270708898368632, 45.503597319960278 ], [ 36.265291047582693, 45.502537493256426 ], [ 36.251643597330059, 45.480983254090035 ], [ 36.250273566327877, 45.466757527594048 ], [ 36.252330509966008, 45.455666494007197 ], [ 36.256784252171158, 45.453255574105043 ], [ 36.257332728782984, 45.445974145857996 ], [ 36.267744484823787, 45.437342592461434 ], [ 36.26678538056774, 45.433870780744385 ], [ 36.256443549796508, 45.433484788928112 ], [ 36.235354603255082, 45.421955926427366 ], [ 36.221039251403162, 45.425712433328606 ], [ 36.20282305764038, 45.42459428149111 ], [ 36.188503775162282, 45.428346931745857 ], [ 36.155486773674532, 45.429235394862879 ], [ 36.15587654699366, 45.439991565574651 ], [ 36.151418278415946, 45.442398810502915 ], [ 36.15085547541932, 45.449681429772049 ], [ 36.136912220605147, 45.464185413551718 ], [ 36.107670651775706, 45.478959014504227 ], [ 36.070624793844615, 45.483969559663691 ], [ 36.0410844652937, 45.478947880949967 ], [ 36.023426007999859, 45.470517530351316 ], [ 36.005882816920035, 45.453061390783752 ], [ 35.999640740976133, 45.439488759283044 ], [ 36.000807537937554, 45.424920289845453 ], [ 35.974828107357254, 45.413998105627094 ], [ 35.952613424893272, 45.416976670210673 ], [ 35.950024141911875, 45.426330609906863 ], [ 35.936025840164575, 45.440814802466292 ], [ 35.926615821311131, 45.443875067935998 ], [ 35.925084245335711, 45.447682771032561 ], [ 35.917673610242829, 45.448673430830432 ], [ 35.91094897657571, 45.47118956612065 ], [ 35.887979193214271, 45.490468911607429 ], [ 35.842865211170917, 45.50368197822386 ], [ 35.8018837924471, 45.503717623299281 ], [ 35.798477246657775, 45.50056612705189 ], [ 35.788115348749784, 45.500137329850332 ], [ 35.760732347137733, 45.48394390869489 ], [ 35.747275498060013, 45.462303126529925 ], [ 35.746036948461878, 45.448055524519596 ], [ 35.718998027735864, 45.442615413602248 ], [ 35.698455712830786, 45.432711187799235 ], [ 35.681018794165674, 45.415189899101804 ], [ 35.672723646476115, 45.383857035338806 ], [ 35.667322775591998, 45.38276510409657 ], [ 35.659622105923305, 45.37296863611153 ], [ 35.653015530084772, 45.357624664294896 ], [ 35.65445141943605, 45.334021183762012 ], [ 35.660478318299049, 45.327826933865445 ], [ 35.658641896160887, 45.32086343374521 ], [ 35.62719455745264, 45.317781178650534 ], [ 35.623810859397317, 45.314621970174791 ], [ 35.613481835616902, 45.314172486843823 ], [ 35.601324250698113, 45.306756679644849 ], [ 35.578285155850097, 45.32597505504458 ], [ 35.547554735030779, 45.335383570066234 ], [ 35.514537387606808, 45.336074783993396 ], [ 35.492959726509525, 45.331670782100048 ], [ 35.487619832322068, 45.350374085557235 ], [ 35.475517583303869, 45.362748911657647 ], [ 35.466084906742594, 45.365771292124265 ], [ 35.464520712893744, 45.369575994859012 ], [ 35.426775233017821, 45.381658572092213 ], [ 35.390795045050957, 45.380892643175457 ], [ 35.359529452452513, 45.368702639687491 ], [ 35.342213257259907, 45.351113307161555 ], [ 35.335470941895778, 45.324962353576915 ], [ 35.342885283850336, 45.304200501514011 ], [ 35.355011028601467, 45.291838465500327 ], [ 35.370949494358214, 45.284387981591351 ], [ 35.372519444769161, 45.280584249805251 ], [ 35.39877646922892, 45.273603567484777 ], [ 35.394725301240321, 45.257916868765122 ], [ 35.396961209115545, 45.246823452456191 ], [ 35.403013189224382, 45.240641155661464 ], [ 35.401213807986586, 45.233669423083938 ], [ 35.392464869551269, 45.229393544939924 ], [ 35.391116768076962, 45.22416449394877 ], [ 35.383717198926107, 45.225116820983402 ], [ 35.383047017563086, 45.232406527112921 ], [ 35.376544146071744, 45.236844739911731 ], [ 35.379909637012766, 45.24001366015635 ], [ 35.378348099828543, 45.263626303185752 ], [ 35.373860807369375, 45.266004263937468 ], [ 35.37319010054, 45.273294238225361 ], [ 35.350071360176571, 45.292472575774177 ], [ 35.319304296605694, 45.301819948304171 ], [ 35.280898784520872, 45.301328395635544 ], [ 35.281793139539126, 45.304816104532009 ], [ 35.267622047245574, 45.3192317768588 ], [ 35.242659813519218, 45.331418423879484 ], [ 35.223322385148798, 45.335680173262986 ], [ 35.205563961163456, 45.336135925765127 ], [ 35.197253465478923, 45.333589041402782 ], [ 35.168458940147175, 45.340841753126462 ], [ 35.153170516833789, 45.340975982051113 ], [ 35.14612391460053, 45.363479195692719 ], [ 35.120851653658704, 45.384681967693304 ], [ 35.089982904490157, 45.393976444187743 ], [ 35.067244901899549, 45.395036091531942 ], [ 35.06565142695564, 45.398838474458749 ], [ 35.049190218919186, 45.404508315606805 ], [ 35.059717972587102, 45.41579361216116 ], [ 35.061929035980292, 45.424521200288922 ], [ 35.082643888273346, 45.425518494435472 ], [ 35.113901534641101, 45.437790302127212 ], [ 35.131186773447475, 45.455421204105981 ], [ 35.137672782586726, 45.470812423926688 ], [ 35.135770537883651, 45.503474608361209 ], [ 35.131253256633549, 45.505846439594741 ], [ 35.130554524528762, 45.513139672143687 ], [ 35.107257623263379, 45.532290541851886 ], [ 35.068856882730117, 45.542528504997094 ], [ 35.035232768232916, 45.541346230556584 ], [ 35.018113006912053, 45.534485325068268 ], [ 35.008176321509453, 45.535729294891212 ], [ 35.015800550036637, 45.545582425742893 ], [ 35.036562827843944, 45.546583242785772 ], [ 35.067888530252667, 45.55886184327003 ], [ 35.085207889987522, 45.576498008124211 ], [ 35.091258041665156, 45.59014719870288 ], [ 35.089596441031084, 45.613774355159599 ], [ 35.072115895089723, 45.635789143613174 ], [ 35.046971712066011, 45.647954669732194 ], [ 35.02750484685486, 45.652197281768991 ], [ 35.006701744071407, 45.651199259962105 ], [ 35.005988814742096, 45.658494185264068 ], [ 34.982591876441276, 45.677631834618168 ], [ 34.95901110457325, 45.685978622657188 ], [ 34.944061796525247, 45.687841310194131 ], [ 34.934257814650394, 45.699870548624524 ], [ 34.909049423820818, 45.712011849107533 ], [ 34.874141676762335, 45.716341802483413 ], [ 34.86857553858303, 45.735046045738216 ], [ 34.852142960002318, 45.751491593065239 ], [ 34.826890721254841, 45.76361914074996 ], [ 34.807358623386783, 45.767829789465431 ], [ 34.773581979293404, 45.766582942770505 ], [ 34.770207936703869, 45.763394674579985 ], [ 34.759781835955287, 45.76287410595021 ], [ 34.739239547255053, 45.752784555739595 ], [ 34.728690251048135, 45.741467365081043 ], [ 34.723697426291388, 45.74207899054575 ], [ 34.728066310641388, 45.759558470008642 ], [ 34.720386269289712, 45.780315542961198 ], [ 34.696832551111122, 45.799410558381631 ], [ 34.675209431930469, 45.805654234271408 ], [ 34.67782699044691, 45.816144019924465 ], [ 34.687391011250156, 45.813174833494287 ], [ 34.72120075213973, 45.814444950679366 ], [ 34.755582344886896, 45.828245417628843 ], [ 34.759838900084901, 45.834929196530432 ], [ 34.765278651872165, 45.836062663835044 ], [ 34.778497877928061, 45.857859078435332 ], [ 34.777157836169025, 45.883247223223016 ], [ 34.77259375216881, 45.885609989048184 ], [ 34.771853054804637, 45.892907807304461 ], [ 34.748279870379911, 45.912017815540182 ], [ 34.717044510679379, 45.921250445517835 ], [ 34.699073000572582, 45.921646784154269 ], [ 34.706096681735382, 45.949615840096982 ], [ 34.698397187368883, 45.970376553890951 ], [ 34.685989027884631, 45.982702973586726 ], [ 34.653507505233868, 45.997474620881412 ], [ 34.62340061685331, 46.001137126422869 ], [ 34.633673407687255, 46.021510143087632 ], [ 34.634230764275962, 46.034055236047593 ], [ 34.631839468857549, 46.045157134826759 ], [ 34.627255580305068, 46.047516214864721 ], [ 34.628570719502129, 46.052761973862992 ], [ 34.647466823646106, 46.055869150966792 ], [ 34.693504042767032, 46.084492073499113 ], [ 34.706779466574794, 46.106295380916521 ], [ 34.707800990541294, 46.120586502909944 ], [ 34.740475190263687, 46.116586404172949 ], [ 34.728652024261386, 46.110826925734365 ], [ 34.711225669498234, 46.093137787707796 ], [ 34.705181808122127, 46.079461142484654 ], [ 34.707728038702797, 46.048517039342414 ], [ 34.725465432908521, 46.026525722329154 ], [ 34.735060572653325, 46.023548465788068 ], [ 34.736686754407778, 46.019745420453006 ], [ 34.755871912209123, 46.013788667544567 ], [ 34.760303093144685, 46.000631630723369 ], [ 34.783018700141369, 45.978019862459973 ], [ 34.808372261924838, 45.965889355412799 ], [ 34.825910319656231, 45.963726686306565 ], [ 34.825023824166827, 45.960232409317413 ], [ 34.813674365782823, 45.956226721318139 ], [ 34.809398728268818, 45.949546506142035 ], [ 34.803946599526803, 45.948416505746501 ], [ 34.790687523731854, 45.926625994058568 ], [ 34.792755515440398, 45.893940203371386 ], [ 34.797319154556554, 45.891576622135702 ], [ 34.801736535522913, 45.878420661867523 ], [ 34.816597903791198, 45.865778837235126 ], [ 34.815715013667422, 45.862284361362448 ], [ 34.830127472362605, 45.847894443832878 ], [ 34.835127475014936, 45.847277071225058 ], [ 34.849973159204204, 45.83463270889883 ], [ 34.864082929673231, 45.829283993397809 ], [ 34.883629390555889, 45.825061319041012 ], [ 34.917437613423033, 45.826270405748481 ], [ 34.948919800156105, 45.838568810945191 ], [ 34.966314802482721, 45.856219638274496 ], [ 34.972383843200937, 45.86987653071521 ], [ 34.970689387730829, 45.893511008787975 ], [ 34.966134788296721, 45.895880893304657 ], [ 34.967474888847676, 45.901119163203255 ], [ 34.961311680797273, 45.907293076282066 ], [ 34.958988869483818, 45.918393526505568 ], [ 34.954431800587997, 45.92076323961259 ], [ 34.953716481870842, 45.92805969861454 ], [ 34.941380503103858, 45.940406963378095 ], [ 34.936374433104305, 45.94102995535188 ], [ 34.926535510653494, 45.953064847184642 ], [ 34.901219928460172, 45.965218695083252 ], [ 34.881627344895435, 45.969450089985635 ], [ 34.903173472226115, 45.982995126518354 ], [ 34.918281287606554, 46.011751853021863 ], [ 34.918903878471866, 46.024288241875013 ], [ 34.906619155001209, 46.06725993218955 ], [ 34.902303535303965, 46.111045118527272 ], [ 34.896113420493243, 46.11721930627796 ], [ 34.895393496755709, 46.12451703516615 ], [ 34.884624625432011, 46.133060439426423 ], [ 34.897988845284743, 46.154831562058142 ], [ 34.897627408459371, 46.183711398087254 ], [ 34.91128055612284, 46.196435060177343 ], [ 34.913978940223465, 46.206913515706866 ], [ 34.922425112624616, 46.209468956710381 ], [ 34.942927095928887, 46.228547159347897 ], [ 34.950926400390465, 46.229353792512043 ], [ 34.963762990591739, 46.218743233397632 ], [ 34.997616244487212, 46.209111881284052 ], [ 35.031662690115866, 46.210259507774282 ], [ 35.063408596160514, 46.222499429858729 ], [ 35.08099017658617, 46.240116794109682 ], [ 35.083269077459846, 46.248842329104015 ], [ 35.094699211822785, 46.252811848067502 ], [ 35.11573282830652, 46.273594877467687 ], [ 35.121223598207422, 46.2945326768969 ], [ 35.127631816962385, 46.299132116883897 ], [ 35.133357272375022, 46.311027535989936 ], [ 35.131764648715226, 46.334661833721107 ], [ 35.165185032832284, 46.323229741995746 ], [ 35.190822671907071, 46.321786637329524 ], [ 35.206849307787095, 46.323359785176883 ], [ 35.232737623542853, 46.332690698627779 ], [ 35.219646670760611, 46.312722413291816 ], [ 35.220740741114312, 46.287347343030731 ], [ 35.238305729839979, 46.265287017399608 ], [ 35.263653356359725, 46.25304781149373 ], [ 35.290375712738211, 46.246034674950472 ], [ 35.31094138915568, 46.245209792889561 ], [ 35.340898732868958, 46.25038826295544 ], [ 35.361739371020484, 46.260334011387904 ], [ 35.366112444434116, 46.266983181824408 ], [ 35.371603894881758, 46.268080758383846 ], [ 35.385198930381307, 46.289768466307024 ], [ 35.383250801709103, 46.311651022398145 ], [ 35.399740573852576, 46.314938729562954 ], [ 35.420617654421989, 46.324869654764875 ], [ 35.425004690944668, 46.33151526712097 ], [ 35.433955757409187, 46.335769417986008 ], [ 35.451522415042753, 46.36234706817865 ], [ 35.453231671989037, 46.378351905209087 ], [ 35.44581050462444, 46.399141665523437 ], [ 35.429887811840715, 46.417421769511506 ], [ 35.404517505112032, 46.429704112485375 ], [ 35.386875417413258, 46.431972913271366 ], [ 35.377729740608643, 46.436753723257112 ], [ 35.379134773441102, 46.441981996929776 ], [ 35.371391515913558, 46.45199089798561 ], [ 35.370743296036466, 46.459285843312706 ], [ 35.356365332145067, 46.473751071833568 ], [ 35.36844086714585, 46.49924675310983 ], [ 35.389274618121618, 46.489359076475026 ], [ 35.422070886653913, 46.485138826649319 ], [ 35.437843660587724, 46.475893515859816 ], [ 35.432968468564042, 46.467507211339182 ], [ 35.434416648660111, 46.443881789718446 ], [ 35.438987152382929, 46.441489326072762 ], [ 35.439626238776235, 46.434195085259908 ], [ 35.463105562137407, 46.414936977991921 ], [ 35.496949635869925, 46.405149005999171 ], [ 35.536605288273044, 46.407215984077425 ], [ 35.540068824642475, 46.410371868240638 ], [ 35.550612674322771, 46.41080411307049 ], [ 35.575019594970009, 46.423854162728176 ], [ 35.585565664167369, 46.424282758269911 ], [ 35.61250450757386, 46.436994643906054 ], [ 35.61692631065123, 46.443629243563741 ], [ 35.629381555044347, 46.451016528671666 ], [ 35.636937050330346, 46.450028172668226 ], [ 35.640409218924262, 46.453180001254083 ], [ 35.650960260512001, 46.453601675381087 ], [ 35.67193383991215, 46.463474491652555 ], [ 35.689792421834007, 46.48096537260956 ], [ 35.696981829739578, 46.507069207015434 ], [ 35.706462512023478, 46.51303608930818 ], [ 35.717024666206243, 46.51345009993031 ], [ 35.735032223970869, 46.521898854866926 ], [ 35.745964176984117, 46.533081236545954 ], [ 35.793542029749005, 46.553848230550635 ], [ 35.797998071469252, 46.560472285465913 ], [ 35.803525251892609, 46.561544170710349 ], [ 35.817388038072394, 46.583152939810624 ], [ 35.818744389172451, 46.597401052538096 ], [ 35.815152878886536, 46.603287389324663 ], [ 35.820102371504518, 46.611649151614408 ], [ 35.840871022268011, 46.601680805920388 ], [ 35.85804518908057, 46.597596621030569 ], [ 35.897343006202618, 46.597778221954137 ], [ 35.929482231066288, 46.609723220553676 ], [ 35.933960457845821, 46.616339518370602 ], [ 35.939494936174626, 46.617403681465838 ], [ 35.944954298687591, 46.627495776126594 ], [ 35.986790071054827, 46.627305839210329 ], [ 35.990294703551356, 46.630443256798465 ], [ 36.000876416720821, 46.630827343284565 ], [ 36.022470367687468, 46.642356845026107 ], [ 36.03821712777502, 46.624005746914378 ], [ 36.047811169434397, 46.620910654921424 ], [ 36.04934709137742, 46.617096423990404 ], [ 36.080639774640524, 46.607466688366152 ], [ 36.101296752777309, 46.606480537120547 ], [ 36.13149243809346, 46.611413907855692 ], [ 36.14958746445086, 46.619784294462363 ], [ 36.157109281902933, 46.627783028235989 ], [ 36.164670760255788, 46.626756882186712 ], [ 36.170244861720462, 46.618784872337571 ], [ 36.195475166358996, 46.606336653481392 ], [ 36.220165985979598, 46.601171093487316 ], [ 36.254400471353172, 46.601911877394521 ], [ 36.286598491609276, 46.61374375408613 ], [ 36.308221171211883, 46.634232458693873 ], [ 36.315778108674706, 46.633196218376369 ], [ 36.319300341948221, 46.636320940892595 ], [ 36.326355249226332, 46.633548876689723 ], [ 36.360604504114235, 46.634254226272439 ], [ 36.395863456683678, 46.647437530439021 ], [ 36.406952299663345, 46.658536052894299 ], [ 36.412495257768839, 46.659574992520923 ], [ 36.418046137395898, 46.669632982384982 ], [ 36.430146638957062, 46.675177509900209 ], [ 36.435185494982001, 46.674480903607652 ], [ 36.463435305278686, 46.690416690945554 ], [ 36.478612313913487, 46.715376225689866 ], [ 36.494244679744767, 46.715011623509639 ], [ 36.497782858360146, 46.71812892108295 ], [ 36.508374274613836, 46.718462073453964 ], [ 36.54474206581417, 46.735054355195373 ], [ 36.545763520952761, 46.738520747766863 ], [ 36.556869432300346, 46.740581896359878 ], [ 36.584164726713013, 46.753012973324687 ], [ 36.601385874012536, 46.766846493416701 ], [ 36.609419025410467, 46.758505334520734 ], [ 36.614461254953476, 46.757799880247148 ], [ 36.621977640227868, 46.747725665622383 ], [ 36.647129909826724, 46.735179038800865 ], [ 36.666770734712948, 46.730618196038549 ], [ 36.684918708903183, 46.729872467610889 ], [ 36.693505879604174, 46.732273605505306 ], [ 36.703065436645538, 46.729123818498365 ], [ 36.704552706157664, 46.725305533204946 ], [ 36.712107813834017, 46.724241558724295 ], [ 36.716112418826725, 46.720068477971495 ], [ 36.723666365836827, 46.719003830839235 ], [ 36.725151955119699, 46.715185495370513 ], [ 36.737223484271482, 46.711678389255489 ], [ 36.75722585393315, 46.690809667239996 ], [ 36.782314078205609, 46.678239584065487 ], [ 36.820038029830187, 46.67289334403965 ], [ 36.850291928664596, 46.677618315033619 ], [ 36.868497599814638, 46.685855160348957 ], [ 36.886798493327227, 46.703098288134996 ], [ 36.899745742074195, 46.737344314982053 ], [ 36.900979266940141, 46.758824357674321 ], [ 36.933804091535279, 46.763160811627749 ], [ 36.952052725400627, 46.771379171665693 ], [ 36.956668421675403, 46.777937582357417 ], [ 36.969364367876004, 46.785143292401209 ], [ 36.98480458134722, 46.810002652238268 ], [ 36.985969337522533, 46.822469828139504 ], [ 36.979160810268283, 46.843300198329509 ], [ 36.95322700175258, 46.870478907205943 ], [ 36.928108506560307, 46.883095040405415 ], [ 36.910446157274293, 46.88561664724358 ], [ 36.918328765613452, 46.911566671730498 ], [ 36.916960958390348, 46.924397224805141 ], [ 36.920538410367541, 46.927496676694517 ], [ 36.921697507009775, 46.93996676647992 ], [ 36.91822513973564, 46.945877758623489 ], [ 36.922857898281762, 46.952436858533453 ], [ 36.940321058207118, 46.931890916943509 ], [ 36.949894078723801, 46.928716922759776 ], [ 36.951364485067373, 46.924896393649952 ], [ 36.977549355692069, 46.915731916712964 ], [ 36.964176356115303, 46.897791783110272 ], [ 36.963841633128247, 46.87076447694534 ], [ 36.984728489573385, 46.844306884891495 ], [ 37.009813630837918, 46.831681918522357 ], [ 37.050120746906117, 46.825884426598257 ], [ 37.080471965110291, 46.830533710414855 ], [ 37.101813166739198, 46.840087030223152 ], [ 37.105923745201153, 46.844908104821208 ], [ 37.139338272200725, 46.850903417590565 ], [ 37.157645101368232, 46.859080668579814 ], [ 37.15871038590295, 46.862536458986717 ], [ 37.167333502380139, 46.86489572929424 ], [ 37.188318445018716, 46.881705481231776 ], [ 37.209543398893295, 46.882229534585413 ], [ 37.235964789150373, 46.891018429481662 ], [ 37.234419444861736, 46.860554355754033 ], [ 37.251189889827188, 46.838251300331301 ], [ 37.260721296722046, 46.835054807687456 ], [ 37.262166870578326, 46.831233351893864 ], [ 37.293266324150572, 46.821271661801845 ], [ 37.330090303460679, 46.821292395007696 ], [ 37.371760544866405, 46.836835226198019 ], [ 37.376432577907543, 46.843369244662895 ], [ 37.382002856535649, 46.844354967415562 ], [ 37.383621612539208, 46.849532728458428 ], [ 37.389192627334715, 46.850517995722328 ], [ 37.403577497170616, 46.862842094724158 ], [ 37.409338120548945, 46.872825463059648 ], [ 37.419052064602219, 46.878614770856927 ], [ 37.435621103940186, 46.897835167912092 ], [ 37.43941800877429, 46.909913091102531 ], [ 37.45886942764723, 46.921483074109325 ], [ 37.463561867525428, 46.928011472327277 ], [ 37.469142201581853, 46.928991547481814 ], [ 37.477443830602375, 46.938596640932822 ], [ 37.483434787449994, 46.957571885342723 ], [ 37.504342850546209, 46.965307872108234 ], [ 37.509045934312006, 46.971833331315445 ], [ 37.514631491418015, 46.972810458353941 ], [ 37.525683726158213, 46.991033601935101 ], [ 37.549350185054131, 47.007381353090835 ], [ 37.562945901018551, 47.025223798193281 ], [ 37.590906964488447, 47.030088770603292 ], [ 37.619104325394282, 47.043941369140832 ], [ 37.66535049017299, 47.031606404554466 ], [ 37.708745090201852, 47.026903465727692 ], [ 37.724970369211782, 47.028077315042715 ], [ 37.728598203127085, 47.031144003290478 ], [ 37.73615690340899, 47.030006971602411 ], [ 37.754047916711052, 47.036344223072057 ], [ 37.811693029917286, 47.034869970056917 ], [ 37.815325878275097, 47.037933131079065 ], [ 37.825958166078848, 47.038131069149188 ], [ 37.841898915887775, 47.046555336320274 ], [ 37.852532434376748, 47.046750480199321 ], [ 37.870998471538641, 47.054787909290312 ], [ 37.878833731310273, 47.062630422017421 ], [ 37.89478608337172, 47.054788392897777 ], [ 37.909896428657099, 47.052491046203123 ], [ 37.91632964984435, 47.047899558447263 ], [ 37.956609958927423, 47.041762159576557 ], [ 37.972836140226889, 47.042898226912108 ], [ 37.982074505598831, 47.046906246726977 ], [ 37.994095870902129, 47.043262230119502 ], [ 38.02850026643091, 47.043414883719151 ], [ 38.032144896087509, 47.046469251375569 ], [ 38.04277431408368, 47.046645922245204 ], [ 38.058745380623108, 47.055034153969224 ], [ 38.071892192879716, 47.054821426541523 ], [ 38.0819564459023, 47.053274499156188 ], [ 38.098933906922142, 47.032597306124742 ], [ 38.108426107607194, 47.029329265141435 ], [ 38.109807745767625, 47.025503416998831 ], [ 38.140787259333948, 47.015307392127177 ], [ 38.161460373398633, 47.013921366649001 ], [ 38.191944152752022, 47.018239135890745 ], [ 38.210436788992716, 47.026214170640507 ], [ 38.215228812928316, 47.032697905618591 ], [ 38.224478666102421, 47.036683428013284 ], [ 38.235211714987614, 47.053084978159873 ], [ 38.24983822721947, 47.065267687540796 ], [ 38.265269480186873, 47.071903217795111 ], [ 38.275550423799132, 47.063076780931823 ] ], [ [ 35.040678736825299, 46.155061179223452 ], [ 35.03017917708911, 46.154574610136528 ], [ 35.012395295183083, 46.145987386539417 ], [ 34.994871648789292, 46.128353963987927 ], [ 34.987658083814566, 46.100420536470416 ], [ 34.995248944278437, 46.079649107309947 ], [ 35.007595883429559, 46.067293107071229 ], [ 35.037487609498854, 46.052738021327436 ], [ 35.075088139695154, 46.048018386245552 ], [ 35.104922711008236, 46.053274694599899 ], [ 35.132475721297041, 46.069623769582307 ], [ 35.145911924182755, 46.091355255475783 ], [ 35.147503650857416, 46.107374036636713 ], [ 35.139972556563727, 46.128150010658004 ], [ 35.125594108052766, 46.14258064102539 ], [ 35.100254357429932, 46.154785550805457 ], [ 35.060073693862925, 46.159837174298374 ], [ 35.044096672682073, 46.158237160491652 ], [ 35.040678736825299, 46.155061179223452 ] ] ], [ [ [ 36.467419262506041, 46.882932101797344 ], [ 36.469437085808153, 46.880848037518128 ], [ 36.466908453649062, 46.88119829220701 ], [ 36.467419262506041, 46.882932101797344 ] ] ], [ [ [ 36.499776973596148, 46.87664077926464 ], [ 36.474494207952631, 46.880147366498683 ], [ 36.470458901380205, 46.884315609694845 ], [ 36.486142031772381, 46.883946348986285 ], [ 36.51248313478488, 46.89292225199123 ], [ 36.499776973596148, 46.87664077926464 ] ] ], [ [ [ 36.535314786278555, 46.907794358927944 ], [ 36.532272328083494, 46.906412969132049 ], [ 36.532785694674835, 46.908146221983436 ], [ 36.535314786278555, 46.907794358927944 ] ] ], [ [ [ 36.535314786278555, 46.907794358927944 ], [ 36.538357394934593, 46.909175647614923 ], [ 36.537843830249244, 46.907442441990604 ], [ 36.535314786278555, 46.907794358927944 ] ] ], [ [ [ 36.539898374879826, 46.914375235442641 ], [ 36.541913889270838, 46.91229000992319 ], [ 36.539384667244462, 46.912642044341474 ], [ 36.539898374879826, 46.914375235442641 ] ] ], [ [ [ 36.559703021586891, 46.927859449666734 ], [ 36.542427672150161, 46.914023179821136 ], [ 36.552628080452941, 46.930649915121691 ], [ 36.552155943557359, 46.937934643055868 ], [ 36.561806053454205, 46.943809119838804 ], [ 36.559703021586891, 46.927859449666734 ] ] ], [ [ [ 36.759064486960057, 46.977500496963771 ], [ 36.743808737636591, 46.970628832446614 ], [ 36.747902584824004, 46.975466192669643 ], [ 36.747537772263897, 46.991762881445723 ], [ 36.752598470808643, 46.991048653919201 ], [ 36.756172960657757, 46.994154130881462 ], [ 36.759064486960057, 46.977500496963771 ] ] ], [ [ [ 36.686972968878344, 47.150119598965951 ], [ 36.693989719716498, 47.138301840187154 ], [ 36.694361300631833, 47.122002126602666 ], [ 36.698913052674264, 47.119556979689577 ], [ 36.699359814493882, 47.112273155691383 ], [ 36.707938148889099, 47.105650878698576 ], [ 36.70689298935033, 47.102187450841186 ], [ 36.682428518741823, 47.091184786861504 ], [ 36.673018233351655, 47.121389437856969 ], [ 36.658904714070218, 47.136006121391482 ], [ 36.633584429672418, 47.148579703459731 ], [ 36.603630020220592, 47.154573588386164 ], [ 36.634171550730905, 47.1593291165537 ], [ 36.652540104905682, 47.167588145528747 ], [ 36.65716853439654, 47.174160675681627 ], [ 36.68055111222219, 47.17268547504613 ], [ 36.689216825050934, 47.175079096975253 ], [ 36.686972968878344, 47.150119598965951 ] ] ], [ [ [ 36.582789694933894, 47.155677530821158 ], [ 36.54307615148344, 47.146768493623476 ], [ 36.544630434943777, 47.151967750485362 ], [ 36.539080809395891, 47.15996047823171 ], [ 36.549244284517428, 47.158546431380145 ], [ 36.557903810066136, 47.160951262712722 ], [ 36.582789694933894, 47.155677530821158 ] ] ], [ [ [ 36.585849466499461, 47.157055886884514 ], [ 36.600570054258299, 47.153195762096132 ], [ 36.585329891345019, 47.155323155396999 ], [ 36.585849466499461, 47.157055886884514 ] ] ], [ [ [ 36.784309445299662, 47.45240024803627 ], [ 36.789413251892107, 47.451679108775053 ], [ 36.788350026086611, 47.44821727619572 ], [ 36.775487175108623, 47.441004057789115 ], [ 36.757855792869073, 47.418208455848642 ], [ 36.73682423632907, 47.410337086726273 ], [ 36.732157714008089, 47.40377066023111 ], [ 36.720462925050626, 47.409028395351449 ], [ 36.739037539406183, 47.426278622178316 ], [ 36.744865454152404, 47.445323157033258 ], [ 36.749969569515578, 47.444603854733273 ], [ 36.768465813656228, 47.452831264230625 ], [ 36.776226434197973, 47.460765995139639 ], [ 36.784309445299662, 47.45240024803627 ] ] ], [ [ [ 37.380647137709708, 47.792918537059592 ], [ 37.389346220080135, 47.811524420719991 ], [ 37.415519482685887, 47.809486186086758 ], [ 37.408813620002576, 47.788781633620275 ], [ 37.380647137709708, 47.792918537059592 ] ] ], [ [ [ 39.247134210986395, 47.869675306947968 ], [ 39.237656283080518, 47.865803454019648 ], [ 39.235852787036649, 47.853428043024714 ], [ 39.225080238887429, 47.853388697724647 ], [ 39.219824995303028, 47.875975496666697 ], [ 39.235680982144345, 47.875179855227621 ], [ 39.242000703748353, 47.87776119884424 ], [ 39.247134210986395, 47.869675306947968 ] ] ], [ [ [ 37.22057182809619, 48.794645998745324 ], [ 37.22261325136305, 48.792541228222568 ], [ 37.219999747939859, 48.792919217506125 ], [ 37.22057182809619, 48.794645998745324 ] ] ], [ [ [ 37.223757630265688, 48.795994739502639 ], [ 37.225798944787286, 48.793889917397117 ], [ 37.223185413628045, 48.794267986628164 ], [ 37.223757630265688, 48.795994739502639 ] ] ], [ [ [ 38.970658799971218, 48.820446991382362 ], [ 38.972616711948938, 48.818318726451835 ], [ 38.970026349296724, 48.81873638430848 ], [ 38.970658799971218, 48.820446991382362 ] ] ], [ [ [ 38.970658799971218, 48.820446991382362 ], [ 38.962887118011245, 48.821699706368399 ], [ 38.963519391546697, 48.823410381791966 ], [ 38.971923880019766, 48.82386818564715 ], [ 38.970658799971218, 48.820446991382362 ] ] ], [ [ [ 38.034488504648237, 48.983444577864397 ], [ 38.022029626943102, 48.987151049076054 ], [ 38.028265650365348, 48.997070602663285 ], [ 38.03569658930391, 48.986883374110484 ], [ 38.034488504648237, 48.983444577864397 ] ] ], [ [ [ 38.0782321207937, 49.15431525126538 ], [ 38.069101496348893, 49.128530294965735 ], [ 38.07550616280659, 49.107625154256681 ], [ 38.08756468056054, 49.094915730323052 ], [ 38.11330843935243, 49.081925719259459 ], [ 38.110265147601076, 49.073332401330106 ], [ 38.114461376445945, 49.061821037436388 ], [ 38.112636400409897, 49.056665079492781 ], [ 38.09633708765292, 49.057343685605495 ], [ 38.092506598288729, 49.054305346796866 ], [ 38.0814379924715, 49.054183022080004 ], [ 38.058884422827859, 49.044940771998284 ], [ 38.05384541040506, 49.038462404401507 ], [ 38.048009738520776, 49.037539627233635 ], [ 38.041762626686761, 49.027621923163913 ], [ 38.032123934846616, 49.047203037962156 ], [ 38.038978433995936, 49.058840685983284 ], [ 38.040410711353935, 49.078549647570824 ], [ 38.051711770917578, 49.094945502661169 ], [ 38.053343306269106, 49.107378571231294 ], [ 38.049130499333593, 49.118889897512709 ], [ 38.052168108224201, 49.127485970574085 ], [ 38.048751426998976, 49.133441153328626 ], [ 38.057264551863568, 49.157509762791115 ], [ 38.0782321207937, 49.15431525126538 ] ] ], [ [ [ 39.931753428581281, 48.80611951215689 ], [ 39.920787455169183, 48.806174329470956 ], [ 39.921451885578712, 48.807875486383303 ], [ 39.931753428581281, 48.80611951215689 ] ] ], [ [ [ 39.952266914864474, 48.795362061924962 ], [ 39.931088690668929, 48.804418459742791 ], [ 39.962652080944864, 48.800846345040206 ], [ 39.98848620770773, 48.803688249155748 ], [ 39.976099869244223, 48.793105046103555 ], [ 39.952266914864474, 48.795362061924962 ] ] ], [ [ [ 39.98848620770773, 48.803688249155748 ], [ 39.991727175370599, 48.804948307951591 ], [ 39.991060436344618, 48.803247867595687 ], [ 39.98848620770773, 48.803688249155748 ] ] ], [ [ [ 39.250349492246606, 48.936347994202187 ], [ 39.254889263775254, 48.933790738169101 ], [ 39.249704907701364, 48.934640152694385 ], [ 39.250349492246606, 48.936347994202187 ] ] ], [ [ [ 40.044579014160817, 48.848517736830601 ], [ 40.049060559184696, 48.845933981860384 ], [ 40.043909463372572, 48.846817850167014 ], [ 40.044579014160817, 48.848517736830601 ] ] ], [ [ [ 39.390364043043192, 49.014887579657554 ], [ 39.382580891618765, 49.016172313070257 ], [ 39.382590363527143, 49.023426529993756 ], [ 39.370274126558911, 49.034527991591794 ], [ 39.372227253769431, 49.039647837894123 ], [ 39.394935629085261, 49.034086497654911 ], [ 39.392328984541656, 49.027260915716987 ], [ 39.395563860655528, 49.021284795743711 ], [ 39.390364043043192, 49.014887579657554 ] ] ], [ [ [ 39.562253968069051, 49.017205796730259 ], [ 39.566123043412063, 49.012931922004121 ], [ 39.560282901497345, 49.01209160503663 ], [ 39.562253968069051, 49.017205796730259 ] ] ], [ [ [ 38.265409469573498, 49.314093015107652 ], [ 38.277451105985058, 49.301361241581375 ], [ 38.277599964045699, 49.294088074955162 ], [ 38.289634258005165, 49.281356008309551 ], [ 38.284385256915762, 49.282166101005082 ], [ 38.272968211683924, 49.296614879715811 ], [ 38.261077267636082, 49.302072683820754 ], [ 38.260156298410031, 49.314902399923135 ], [ 38.265409469573498, 49.314093015107652 ] ] ], [ [ [ 39.017974629269808, 49.213526571007101 ], [ 39.039569520903733, 49.197343222752785 ], [ 39.0519704934771, 49.193524924813907 ], [ 39.05329183675682, 49.189683687455151 ], [ 39.03571081213876, 49.187084148458922 ], [ 39.022063620150284, 49.180219486077974 ], [ 39.016846617443662, 49.181061524262716 ], [ 39.010263941260213, 49.19300571616899 ], [ 39.017974629269808, 49.213526571007101 ] ] ], [ [ [ 39.473317318956674, 49.173519270405215 ], [ 39.493403583313032, 49.153856313149788 ], [ 39.48883032849951, 49.149171611542215 ], [ 39.488082113034999, 49.125707154704415 ], [ 39.508114663773327, 49.098792667061019 ], [ 39.497726648408523, 49.10051828731077 ], [ 39.497757003656304, 49.107770961616318 ], [ 39.484169603453843, 49.122727441515124 ], [ 39.46794789417266, 49.130860913924586 ], [ 39.46345902110766, 49.147935039924455 ], [ 39.453083543277302, 49.156911610172223 ], [ 39.46548495221537, 49.16755907342457 ], [ 39.471344542299974, 49.168402550920909 ], [ 39.473317318956674, 49.173519270405215 ] ] ], [ [ [ 38.255878654273488, 49.395318241011609 ], [ 38.278458499666812, 49.380963121937697 ], [ 38.26498408279992, 49.366725048744563 ], [ 38.259725292780438, 49.367535045303583 ], [ 38.250916266528357, 49.381580172096122 ], [ 38.255878654273488, 49.395318241011609 ] ] ], [ [ [ 39.680318737032266, 49.18618518181426 ], [ 39.682252386182114, 49.184045732459346 ], [ 39.679653677270046, 49.184481691445143 ], [ 39.680318737032266, 49.18618518181426 ] ] ], [ [ [ 39.943452562935803, 49.165305988803759 ], [ 39.947966007567253, 49.162721624964853 ], [ 39.942778970534867, 49.163605158588545 ], [ 39.943452562935803, 49.165305988803759 ] ] ], [ [ [ 40.043783754228137, 49.180852459541839 ], [ 40.029464466658958, 49.179672366979133 ], [ 40.014921377546578, 49.164002817086903 ], [ 39.991586495113033, 49.167990587604038 ], [ 40.019091677517075, 49.181446982967053 ], [ 40.029017052113879, 49.192459575686243 ], [ 40.045138744055286, 49.184252036698595 ], [ 40.043783754228137, 49.180852459541839 ] ] ], [ [ [ 38.273773598791792, 49.552105149411851 ], [ 38.280096971904626, 49.53118633460835 ], [ 38.284748214138908, 49.528656528075217 ], [ 38.282875067113217, 49.52350572320865 ], [ 38.275727881333985, 49.519167402647703 ], [ 38.268101503519262, 49.505837089399989 ], [ 38.256308079503029, 49.504026082195473 ], [ 38.2656587920916, 49.529783341121529 ], [ 38.264125586139073, 49.540898118817466 ], [ 38.254674103314777, 49.553231094472189 ], [ 38.261201322984768, 49.555853393570267 ], [ 38.270852621053081, 49.567060539305722 ], [ 38.278147291261831, 49.564124141938485 ], [ 38.273773598791792, 49.552105149411851 ] ] ], [ [ [ 39.186535898075022, 49.467427400639345 ], [ 39.170171077412043, 49.446497313980977 ], [ 39.169524162786225, 49.437528836736405 ], [ 39.161664312346666, 49.438806664903161 ], [ 39.151845785075757, 49.434958030413796 ], [ 39.140713089730824, 49.434951254212926 ], [ 39.109966515148706, 49.419977775703224 ], [ 39.093654599486577, 49.399031679361684 ], [ 39.093045498605683, 49.382800451032296 ], [ 39.076710200355535, 49.376372525529938 ], [ 39.077962153099342, 49.394313782101939 ], [ 39.068760099681739, 49.406688490701924 ], [ 39.070707611670052, 49.411816902347745 ], [ 39.07789597946217, 49.416097732317212 ], [ 39.082444768467774, 49.428063288075819 ], [ 39.096179520981181, 49.434912966262672 ], [ 39.105327187492229, 49.444318957150877 ], [ 39.10793252878802, 49.451155355196434 ], [ 39.116448506885533, 49.451589953760383 ], [ 39.142639062442967, 49.4618590007195 ], [ 39.158352688562637, 49.473825171919906 ], [ 39.178017739041934, 49.466998557239698 ], [ 39.186535898075022, 49.467427400639345 ] ] ], [ [ [ 39.762436732467989, 49.38116041389646 ], [ 39.770849290388199, 49.374296145071405 ], [ 39.760095144451284, 49.347054899230926 ], [ 39.761277556257191, 49.335961555561255 ], [ 39.770274339927852, 49.323551978443028 ], [ 39.764984795548948, 49.317180503804664 ], [ 39.750620746969865, 49.315967915831095 ], [ 39.743400574000823, 49.311736159710023 ], [ 39.738191553766072, 49.312612435014174 ], [ 39.738267360902817, 49.319862004291032 ], [ 39.724720389631692, 49.334848703742288 ], [ 39.708486116141451, 49.343022296852702 ], [ 39.710642034167542, 49.362632279596426 ], [ 39.699685259440393, 49.377180817266748 ], [ 39.71153480156012, 49.386086489921027 ], [ 39.727858249755776, 49.38516069339709 ], [ 39.731809900285725, 49.38812818037799 ], [ 39.742916015937979, 49.388076822272204 ], [ 39.75343067740021, 49.39357135437541 ], [ 39.758647783875681, 49.392693340152178 ], [ 39.762436732467989, 49.38116041389646 ] ] ], [ [ [ 40.182152470893115, 49.311444695468133 ], [ 40.18666206103768, 49.308850161377521 ], [ 40.181467188141596, 49.309746356614461 ], [ 40.182152470893115, 49.311444695468133 ] ] ], [ [ [ 38.643096339157808, 49.570764936184226 ], [ 38.650280472344477, 49.57507545492615 ], [ 38.655550208253402, 49.574245170444421 ], [ 38.649724176049666, 49.566093060964754 ], [ 38.643096339157808, 49.570764936184226 ] ] ], [ [ [ 39.959874161722979, 49.394949170185484 ], [ 39.946166734669319, 49.39546582422458 ], [ 39.93370697534057, 49.392136070375479 ], [ 39.95624841480678, 49.413729808331716 ], [ 39.959874161722979, 49.394949170185484 ] ] ], [ [ [ 39.788802488108928, 49.45480575730776 ], [ 39.788216717233503, 49.460352867052563 ], [ 39.801274024569175, 49.458151316185408 ], [ 39.794024995115336, 49.453925350906708 ], [ 39.788802488108928, 49.45480575730776 ] ] ], [ [ [ 39.351902017172968, 49.549297463629173 ], [ 39.365623948408036, 49.534334481744516 ], [ 39.34920389981437, 49.527955814804841 ], [ 39.349228611343179, 49.53521327338327 ], [ 39.340085553331242, 49.547606937579694 ], [ 39.342071161127045, 49.552727236557885 ], [ 39.353226595372995, 49.55271076860997 ], [ 39.351902017172968, 49.549297463629173 ] ] ], [ [ [ 38.322162710771742, 49.715111317631006 ], [ 38.330104268319324, 49.713885725606836 ], [ 38.323048037295031, 49.702278850785397 ], [ 38.310573588577064, 49.698762059302958 ], [ 38.28612379622853, 49.70071557811977 ], [ 38.301742591821686, 49.712818888335896 ], [ 38.306148080244121, 49.724835725172426 ], [ 38.322162710771742, 49.715111317631006 ] ] ], [ [ [ 38.606352049481686, 49.674503804867136 ], [ 38.582669682209023, 49.670963198406845 ], [ 38.573380454352147, 49.676047589545895 ], [ 38.568006680610203, 49.68414607929131 ], [ 38.560717987715194, 49.687101722186355 ], [ 38.562631328011101, 49.692244542747019 ], [ 38.583131207817644, 49.687218238195193 ], [ 38.610826611209447, 49.686500620800544 ], [ 38.606352049481686, 49.674503804867136 ] ] ], [ [ [ 39.730646166754724, 49.519074706231756 ], [ 39.745663724022421, 49.514735467211878 ], [ 39.744819123973194, 49.498531806014313 ], [ 39.749372827701826, 49.495950121841304 ], [ 39.7492879468859, 49.488699810402011 ], [ 39.710074756362047, 49.495285595391785 ], [ 39.668758390437169, 49.489496469166816 ], [ 39.667486980235019, 49.493341169883955 ], [ 39.689827979758441, 49.500496141818608 ], [ 39.695135385311652, 49.506870947987153 ], [ 39.701039697418068, 49.507697290067085 ], [ 39.710313016486488, 49.517038834639095 ], [ 39.71503212829419, 49.528960284693547 ], [ 39.729379839994245, 49.522919733570347 ], [ 39.730646166754724, 49.519074706231756 ] ] ], [ [ [ 39.168787255433003, 49.602809727584912 ], [ 39.172073134258547, 49.604091068282948 ], [ 39.171415939374015, 49.602382650516965 ], [ 39.168787255433003, 49.602809727584912 ] ] ], [ [ [ 39.150369772618873, 49.656626657631996 ], [ 39.173392008843685, 49.636551316892493 ], [ 39.190486630090106, 49.630141927589236 ], [ 39.177990706324827, 49.619466516140818 ], [ 39.169444368351101, 49.60451817098393 ], [ 39.14840878404938, 49.615194154942408 ], [ 39.130655544618755, 49.619888216986006 ], [ 39.146421033358209, 49.66089778921355 ], [ 39.151685270657453, 49.660043867203179 ], [ 39.150369772618873, 49.656626657631996 ] ] ], [ [ [ 39.265038303997486, 49.736005173099556 ], [ 39.265018662189497, 49.728745266948913 ], [ 39.254481942825215, 49.730464912869152 ], [ 39.259769285358765, 49.736865202550327 ], [ 39.265038303997486, 49.736005173099556 ] ] ], [ [ [ 38.832142517422007, 49.805764902173948 ], [ 38.828847912254517, 49.804473828683712 ], [ 38.829497744749041, 49.806185514239068 ], [ 38.832142517422007, 49.805764902173948 ] ] ], [ [ [ 38.840076461984971, 49.804502719259894 ], [ 38.832142517422007, 49.805764902173948 ], [ 38.836737600492761, 49.810479096553514 ], [ 38.844021673432174, 49.807504973635112 ], [ 38.840076461984971, 49.804502719259894 ] ] ], [ [ [ 38.727480563255682, 49.922182241873799 ], [ 38.72753767352561, 49.914912791056679 ], [ 38.733547433479636, 49.908518089217523 ], [ 38.731601248864216, 49.903380339346931 ], [ 38.720346208037427, 49.903342935863456 ], [ 38.709799294523805, 49.8977475603632 ], [ 38.679334633332864, 49.898920345333252 ], [ 38.660190827780745, 49.892859293344117 ], [ 38.644277423661201, 49.895361701711522 ], [ 38.63624782867462, 49.903882876643742 ], [ 38.644781680369853, 49.911616418949713 ], [ 38.650088164489752, 49.910782295512625 ], [ 38.669885787475195, 49.918557719544829 ], [ 38.690922682281851, 49.93702504193206 ], [ 38.702895342836641, 49.931507541475504 ], [ 38.721468579930459, 49.928576938758304 ], [ 38.727480563255682, 49.922182241873799 ] ] ], [ [ [ 38.178333335985819, 50.08003089094057 ], [ 38.180369695897831, 50.077905819979868 ], [ 38.177700408804931, 50.078313131827692 ], [ 38.178333335985819, 50.08003089094057 ] ] ] ] } }
]
}
