{
"type": "FeatureCollection",
"name": "zones_7km",
"crs": { "type": "name", "properties": { "name": "urn:ogc:def:crs:OGC:1.3:CRS84" } },
"features": [
{ "type": "Feature", "properties": { "distance_km": 7 }, "geometry": { "type": "MultiPolygon", "coordinates": [ [ [ [ 24.895516226989766, 47.822758189082592 ], [ 24.897373803514583, 47.811900009688074 ], [ 24.90003795844359, 47.811809389318149 ], [ 24.902163538025643, 47.804540344421298 ], [ 24.907356261204946, 47.802564259095725 ], [ 24.907086719626278, 47.79897509357091 ], [ 24.909750182858083, 47.798884266164009 ], [ 24.909615340443199, 47.797089687803172 ], [ 24.912278699270153, 47.796998804407892 ], [ 24.912143778692304, 47.795204230877452 ], [ 24.914807033117647, 47.795113291501849 ], [ 24.914672034394478, 47.793318722804877 ], [ 24.917335184421439, 47.793227727457015 ], [ 24.917200107570569, 47.791433163596615 ], [ 24.919863153202396, 47.791342112284532 ], [ 24.919727998241463, 47.789547553263809 ], [ 24.922390939481382, 47.789456445995569 ], [ 24.92478323215111, 47.785776179269035 ], [ 24.930108683915019, 47.785593679317465 ], [ 24.93250025999501, 47.78191326989721 ], [ 24.937825267849242, 47.781730422984602 ], [ 24.937689540216848, 47.779935899639398 ], [ 24.943014312893112, 47.779752817661283 ], [ 24.942878416097336, 47.777958304905752 ], [ 24.950865202441872, 47.777683236968173 ], [ 24.950729045356614, 47.775888740551892 ], [ 24.95871543904769, 47.775613135296751 ], [ 24.958579021738785, 47.773818655251887 ], [ 24.979874758102138, 47.773081043222227 ], [ 24.979737624965836, 47.771286608428042 ], [ 24.982399440971367, 47.771194135496025 ], [ 24.982536665236687, 47.772988564509276 ], [ 25.003831441230918, 47.772246517290107 ], [ 25.003969407882391, 47.774040899052764 ], [ 25.011955001167578, 47.773761597576843 ], [ 25.011816761152076, 47.771967233273045 ], [ 25.014478507591573, 47.771874015417843 ], [ 25.014340189906463, 47.770079656074273 ], [ 25.017001831789941, 47.769986382459678 ], [ 25.016863436452812, 47.76819202807944 ], [ 25.019524973783572, 47.768098698713459 ], [ 25.019386500812018, 47.766304349299602 ], [ 25.022047933593367, 47.766210964190314 ], [ 25.021909383004974, 47.764416619745887 ], [ 25.024570711240237, 47.764323178901314 ], [ 25.024432083052581, 47.762528839429436 ], [ 25.027093306745066, 47.7624353428576 ], [ 25.026954600975735, 47.760641008361304 ], [ 25.029615720128753, 47.760547456070277 ], [ 25.03199909053226, 47.756865194014551 ], [ 25.037320897194839, 47.756677805050735 ], [ 25.039703552870019, 47.752995401707054 ], [ 25.050206764281562, 47.750825399835925 ], [ 25.054969413470047, 47.743460078431376 ], [ 25.052309248578052, 47.743554193354349 ], [ 25.052030300892223, 47.739965623338257 ], [ 25.049370304341252, 47.74005966498413 ], [ 25.049091592724629, 47.736471079723955 ], [ 25.046431764495019, 47.736565048108837 ], [ 25.046153288867426, 47.732976447615656 ], [ 25.043493628939519, 47.733070342755653 ], [ 25.040277893684994, 47.725986918026166 ], [ 25.032299883058734, 47.72626797966111 ], [ 25.032438605605297, 47.728062313125946 ], [ 25.027119682681139, 47.728249391801583 ], [ 25.027396804615933, 47.731838079509721 ], [ 25.024737141153917, 47.731931538289302 ], [ 25.024598664361072, 47.73013718902844 ], [ 25.016619866002497, 47.73041717885166 ], [ 25.016758070067166, 47.73221154561282 ], [ 25.006256974442525, 47.734378416821976 ], [ 25.006119120643962, 47.73258402764602 ], [ 25.003459349779824, 47.732676994387553 ], [ 25.003183864194533, 47.729088201818776 ], [ 25.000524261777688, 47.729181095439088 ], [ 25.000249011520367, 47.725592287799088 ], [ 24.992270669476284, 47.725870564860259 ], [ 24.992408015225202, 47.727664986506035 ], [ 24.987088871989879, 47.727850208644206 ], [ 24.987226049263025, 47.729644641003986 ], [ 24.971267754456431, 47.730198865998794 ], [ 24.971131122687193, 47.728404398998741 ], [ 24.939214192213626, 47.729506136881021 ], [ 24.939078664798441, 47.727711600157896 ], [ 24.925779837845393, 47.728168014752306 ], [ 24.925644778239921, 47.726373448645376 ], [ 24.912346077848717, 47.726828296923202 ], [ 24.912211486003883, 47.725033701531984 ], [ 24.896253159632703, 47.725577455459977 ], [ 24.896119126430875, 47.723782825228824 ], [ 24.882820617535124, 47.724234233598544 ], [ 24.883087787556285, 47.727823549650445 ], [ 24.885747697217482, 47.727733379733088 ], [ 24.886282556946199, 47.734911979119097 ], [ 24.881095562309181, 47.736886961513662 ], [ 24.88176358425353, 47.745860243805254 ], [ 24.87657534129416, 47.747835053776519 ], [ 24.876842302725816, 47.751424381594326 ], [ 24.879503434498833, 47.751334323091193 ], [ 24.879637025755649, 47.753128980099866 ], [ 24.876975802906472, 47.753219044233319 ], [ 24.877109316065802, 47.755013706025665 ], [ 24.871786649265484, 47.755193660803045 ], [ 24.871919993212821, 47.756988332999356 ], [ 24.869258549265687, 47.757078223630657 ], [ 24.866863454702035, 47.760757417000207 ], [ 24.861540137602677, 47.760936912754715 ], [ 24.861673155938309, 47.762731604873046 ], [ 24.856482453833348, 47.764705567918405 ], [ 24.856748190563785, 47.768294970350105 ], [ 24.854086122182405, 47.768384525020814 ], [ 24.851954939944779, 47.775652857594778 ], [ 24.843967524426549, 47.775921034106538 ], [ 24.844100007831788, 47.777715758646515 ], [ 24.838774817294325, 47.777894245971666 ], [ 24.838907131139468, 47.779688980829697 ], [ 24.836244425340546, 47.779778137605987 ], [ 24.837302669397094, 47.794136030786206 ], [ 24.834639220608999, 47.79422517049494 ], [ 24.834903727698034, 47.797814646526241 ], [ 24.832240083422374, 47.797903735698817 ], [ 24.832372264941604, 47.799698478023913 ], [ 24.827044755169517, 47.799876482443167 ], [ 24.827176766875997, 47.801671235058585 ], [ 24.824512901383642, 47.80176015029263 ], [ 24.824776780625591, 47.805349664124392 ], [ 24.822112719591367, 47.805438528776286 ], [ 24.822772185468096, 47.814412326451695 ], [ 24.825436703424316, 47.814323434010952 ], [ 24.825568726515662, 47.816118185469243 ], [ 24.830897906698382, 47.81594020429344 ], [ 24.831030125472033, 47.817734943781865 ], [ 24.847150685597359, 47.818994190576831 ], [ 24.84728347867846, 47.820788894897078 ], [ 24.858075643429331, 47.822225324442449 ], [ 24.861007015942352, 47.825724950020572 ], [ 24.866336957390416, 47.825545296730169 ], [ 24.866470442349211, 47.827339958424886 ], [ 24.869135485040406, 47.827250033549994 ], [ 24.869269074446674, 47.829044688775582 ], [ 24.871934195592267, 47.828954696532804 ], [ 24.87206788946369, 47.83074934528458 ], [ 24.874733089060477, 47.830659285666627 ], [ 24.874866887414743, 47.832453927939994 ], [ 24.877532165459517, 47.832363800939532 ], [ 24.877666068314312, 47.834158436729815 ], [ 24.880331424803856, 47.834068242339555 ], [ 24.880465432176873, 47.835862871642128 ], [ 24.885930492386347, 47.837476903473132 ], [ 24.886198938375895, 47.84106613525087 ], [ 24.888864621687297, 47.840975732994288 ], [ 24.888730300653453, 47.839181123182776 ], [ 24.893926954082119, 47.837205545346066 ], [ 24.892851497551675, 47.822848720006945 ], [ 24.895516226989766, 47.822758189082592 ] ] ], [ [ [ 24.738920634632748, 47.836968507036374 ], [ 24.739049778533083, 47.838763430807568 ], [ 24.741715801008908, 47.838676448604033 ], [ 24.741586565550207, 47.836881530272869 ], [ 24.738920634632748, 47.836968507036374 ] ] ], [ [ [ 24.715084542810775, 47.877324200911524 ], [ 24.715213046049939, 47.879119160736849 ], [ 24.720549362869015, 47.878946132504289 ], [ 24.719648818605656, 47.866381472158281 ], [ 24.722316316040736, 47.866294903131312 ], [ 24.721930281321121, 47.860910052562311 ], [ 24.724597491142209, 47.860823437934961 ], [ 24.724211294185917, 47.855438596188357 ], [ 24.726878216473292, 47.85535193598114 ], [ 24.72902963933825, 47.848085456760764 ], [ 24.734233664553706, 47.846116940125803 ], [ 24.733975655096529, 47.842527076635207 ], [ 24.728643155906838, 47.842700630197093 ], [ 24.728514353179268, 47.840905686356621 ], [ 24.720515785119815, 47.841165536921437 ], [ 24.72038726966068, 47.839370576002693 ], [ 24.704390345449827, 47.839888576074436 ], [ 24.705158328117683, 47.850658523643411 ], [ 24.70249158076329, 47.850744673011064 ], [ 24.700080548302605, 47.8544207580399 ], [ 24.694746624738393, 47.854592769160902 ], [ 24.694874323764381, 47.856387777430569 ], [ 24.684205960821387, 47.856731079112734 ], [ 24.684333305574899, 47.85852610803552 ], [ 24.681666092134979, 47.858611784211028 ], [ 24.679253226236355, 47.862287475355203 ], [ 24.673918370634365, 47.862458539868697 ], [ 24.674045385758916, 47.864253587748223 ], [ 24.671377847685555, 47.864339032564907 ], [ 24.67163173159528, 47.867929136557983 ], [ 24.66896399770274, 47.868014530196206 ], [ 24.669217747580678, 47.871604641599447 ], [ 24.666549817836206, 47.871689984044565 ], [ 24.667183949952083, 47.880665274930834 ], [ 24.669852338591117, 47.880579905787634 ], [ 24.669725395661143, 47.878784854586662 ], [ 24.691071324496185, 47.878099716079475 ], [ 24.690943659684351, 47.876304706918766 ], [ 24.693611753143426, 47.876218791480312 ], [ 24.693739509729284, 47.878013795266355 ], [ 24.715084542810775, 47.877324200911524 ] ] ], [ [ [ 24.596946247013648, 47.947657301880227 ], [ 24.599618290456331, 47.947573477531471 ], [ 24.599493481215589, 47.945778307372933 ], [ 24.59682152993291, 47.945862126476356 ], [ 24.596946247013648, 47.947657301880227 ] ] ], [ [ [ 24.505644379988471, 48.180761713442742 ], [ 24.508328781309476, 48.180679717395854 ], [ 24.508083501554982, 48.177089166657559 ], [ 24.513329086128127, 48.17512974110187 ], [ 24.513083505014059, 48.171539206134511 ], [ 24.515767403542661, 48.171457048080164 ], [ 24.515644537684004, 48.169661784543585 ], [ 24.518328330867146, 48.16957956907931 ], [ 24.518205383717174, 48.167784309892554 ], [ 24.52088907155786, 48.167702037026494 ], [ 24.520766043134746, 48.16590678219282 ], [ 24.523449625635958, 48.16582445193314 ], [ 24.523326515957852, 48.164029201455733 ], [ 24.526009993122596, 48.163946813810561 ], [ 24.525886802207651, 48.162151567692632 ], [ 24.528570174038919, 48.162069122670111 ], [ 24.531006815071965, 48.158396141133878 ], [ 24.536373125342287, 48.158230959101054 ], [ 24.538809032424279, 48.154557828156982 ], [ 24.544174897195603, 48.154392291702507 ], [ 24.544051113916293, 48.15259707779704 ], [ 24.549416743802734, 48.152431301658204 ], [ 24.549292786203235, 48.150636097331414 ], [ 24.557340860432273, 48.150386979891351 ], [ 24.55721663535358, 48.148591790361515 ], [ 24.565264320624884, 48.148342126008927 ], [ 24.565139828133475, 48.146546951309006 ], [ 24.570504704406851, 48.146380206351985 ], [ 24.56950771239752, 48.132018863258679 ], [ 24.566826025492571, 48.132102225211369 ], [ 24.566452633813164, 48.126716692586385 ], [ 24.569134041440346, 48.126633346292685 ], [ 24.56813812125613, 48.112271932241789 ], [ 24.570818772375311, 48.112188565269442 ], [ 24.572751866446321, 48.101334104135773 ], [ 24.57543193535755, 48.101250643686427 ], [ 24.577613128913143, 48.093986458697415 ], [ 24.582847591243812, 48.092024110619874 ], [ 24.582597885591415, 48.08843379402262 ], [ 24.585277255343005, 48.088350120679465 ], [ 24.585152327943455, 48.086554966407604 ], [ 24.587831592613441, 48.086471235942412 ], [ 24.587706584557818, 48.084676086104473 ], [ 24.590385744149255, 48.084592298525351 ], [ 24.590260655455626, 48.08279715312451 ], [ 24.595493490101333, 48.080834265696424 ], [ 24.595117777065788, 48.075448853716665 ], [ 24.597796435805964, 48.075364905356565 ], [ 24.599973560551462, 48.068100376078775 ], [ 24.60520453914496, 48.066137088666075 ], [ 24.6049535052423, 48.062546843946137 ], [ 24.607631465562708, 48.062462683144837 ], [ 24.607505874267762, 48.060667564837239 ], [ 24.610183729586577, 48.060583347004574 ], [ 24.610058057835325, 48.058788233157905 ], [ 24.61273580815562, 48.058703958302004 ], [ 24.612610055966069, 48.056908848919448 ], [ 24.615287701290871, 48.056824517048419 ], [ 24.615161868681046, 48.055029412133187 ], [ 24.620390931344289, 48.053065476933426 ], [ 24.620264937947901, 48.051270380962322 ], [ 24.61758759528648, 48.051354821553183 ], [ 24.617461706867424, 48.049559719483646 ], [ 24.614784444584323, 48.049644092515088 ], [ 24.61465866112459, 48.04784898435171 ], [ 24.611981479222869, 48.047933289831178 ], [ 24.611855800704475, 48.046138175578641 ], [ 24.609178699187161, 48.046222413513519 ], [ 24.609053125592105, 48.044427293176433 ], [ 24.60637610446226, 48.044511463574153 ], [ 24.606250635772543, 48.042716337157124 ], [ 24.603573695033202, 48.042800440025104 ], [ 24.603448331230837, 48.041005307532807 ], [ 24.597969432002802, 48.039378172146165 ], [ 24.597719136060171, 48.035787882078701 ], [ 24.592240965543482, 48.0341604532261 ], [ 24.591991113275132, 48.030570137305531 ], [ 24.58931475972043, 48.03065389214968 ], [ 24.589065141389096, 48.027063562509262 ], [ 24.58638896080047, 48.027147244638272 ], [ 24.586014902347159, 48.021761728402247 ], [ 24.583338987250581, 48.021845332599014 ], [ 24.582965315923644, 48.016459793393857 ], [ 24.580289666256313, 48.01654331968421 ], [ 24.579294484055033, 48.002181804463099 ], [ 24.57661956209957, 48.002265226760954 ], [ 24.576495311396805, 48.000470028505767 ], [ 24.579170140910104, 48.000386611429199 ], [ 24.57817583248578, 47.986025038113645 ], [ 24.58084991066157, 47.985941600651088 ], [ 24.582777646554259, 47.975086949855609 ], [ 24.585451146449739, 47.975003419481119 ], [ 24.587626585116617, 47.967739085215776 ], [ 24.592848119443232, 47.965776578781522 ], [ 24.592598823050583, 47.962186222373667 ], [ 24.595271628436411, 47.962102480224793 ], [ 24.595146906242096, 47.960307306048676 ], [ 24.600367401565403, 47.958344481486904 ], [ 24.599743111869071, 47.9493686468807 ], [ 24.597070976257445, 47.949452476475138 ], [ 24.594897498345926, 47.956716955270245 ], [ 24.589552428775182, 47.956884346050124 ], [ 24.589676942206875, 47.958679532319344 ], [ 24.587004296981728, 47.958763139824796 ], [ 24.587128730330068, 47.960558330518396 ], [ 24.581907480024597, 47.962520570074098 ], [ 24.582156038403458, 47.966110968332728 ], [ 24.579482987810067, 47.966194410473868 ], [ 24.579607192916477, 47.967989613614847 ], [ 24.560894854106426, 47.968572006208575 ], [ 24.552135585686077, 47.958049128468218 ], [ 24.549462863607172, 47.958131861577058 ], [ 24.54958599358676, 47.959927125920373 ], [ 24.541567478597724, 47.960174968223811 ], [ 24.541690343830854, 47.961970247275907 ], [ 24.53367144421302, 47.962217546206247 ], [ 24.533548855750745, 47.960422251677535 ], [ 24.522857191260098, 47.960751093594972 ], [ 24.522734983767918, 47.95895577768588 ], [ 24.520062130075843, 47.959037827783497 ], [ 24.519940026751676, 47.957242505940414 ], [ 24.514472561211193, 47.955611076689017 ], [ 24.514228783016307, 47.952020408496502 ], [ 24.500866062106894, 47.952429004242717 ], [ 24.500987484117754, 47.954224364310619 ], [ 24.495642128325908, 47.954387378217682 ], [ 24.49576337769582, 47.95618274769209 ], [ 24.485072155281888, 47.95650805077117 ], [ 24.482640931790016, 47.960180008744786 ], [ 24.474621802210667, 47.960423178175482 ], [ 24.474742348854459, 47.962218585927594 ], [ 24.448010231052166, 47.963025164067275 ], [ 24.445576052818272, 47.966696404395634 ], [ 24.440229096353018, 47.966856870470735 ], [ 24.440348478137736, 47.968652341408927 ], [ 24.435120499181529, 47.970608049178942 ], [ 24.435001290425781, 47.968812568999653 ], [ 24.429654056192401, 47.968972548056342 ], [ 24.429535043732098, 47.967177057076128 ], [ 24.426861501526975, 47.967256948401705 ], [ 24.4267425930034, 47.965461451634077 ], [ 24.424069131523421, 47.965541275831377 ], [ 24.423950326918646, 47.963745773280905 ], [ 24.421276946166682, 47.963825530357383 ], [ 24.418366348620783, 47.960314197889296 ], [ 24.410346656086332, 47.960552880103037 ], [ 24.410228347726019, 47.958757350275981 ], [ 24.40488201291004, 47.958916151211753 ], [ 24.401972799841513, 47.955404366690452 ], [ 24.396626765079173, 47.955562775086456 ], [ 24.396508952717394, 47.953767218090114 ], [ 24.39104544021707, 47.952129800461321 ], [ 24.393482919019746, 47.948459633631295 ], [ 24.390810241982027, 47.948538662760235 ], [ 24.387667663566504, 47.941435325238771 ], [ 24.38220573065637, 47.939797445553005 ], [ 24.381268066964761, 47.925432713748272 ], [ 24.37592500696363, 47.925590085015465 ], [ 24.37580803469951, 47.923794480178046 ], [ 24.365005554113885, 47.922312833177962 ], [ 24.362101179416481, 47.91879990504399 ], [ 24.356758697092186, 47.918956368400934 ], [ 24.356642415185949, 47.917160726103731 ], [ 24.351300071732954, 47.917316931524056 ], [ 24.351183985371474, 47.915521278673353 ], [ 24.345841780854631, 47.915677226183362 ], [ 24.345725890006367, 47.913881562796007 ], [ 24.343054862893254, 47.913959438624872 ], [ 24.340615249067231, 47.917628597910387 ], [ 24.332601513559698, 47.917861696281889 ], [ 24.332716966407169, 47.919657382452726 ], [ 24.32748951535682, 47.921608175969432 ], [ 24.327720108757127, 47.925199563856587 ], [ 24.322376780033007, 47.925354443159272 ], [ 24.322261662021187, 47.923558739908927 ], [ 24.316918472706458, 47.923713361292961 ], [ 24.316803550217241, 47.921917647591968 ], [ 24.314132030895397, 47.921994860365025 ], [ 24.31401721175391, 47.920199141058994 ], [ 24.311345773378441, 47.920276286948955 ], [ 24.30844508764077, 47.916761910554257 ], [ 24.303102523525997, 47.916915872801717 ], [ 24.302988106440974, 47.91512013189169 ], [ 24.300316899765615, 47.915197015135455 ], [ 24.300088283278132, 47.91160552137984 ], [ 24.29207514907575, 47.911835770031608 ], [ 24.291961133842303, 47.910040007587661 ], [ 24.286619172976362, 47.910193186920594 ], [ 24.286505353043456, 47.908397414120245 ], [ 24.283834448053721, 47.908473905948668 ], [ 24.284061914819493, 47.912065460356573 ], [ 24.286733004007115, 47.911988958952293 ], [ 24.287644051940212, 47.92635510753243 ], [ 24.290315867166782, 47.92627850574312 ], [ 24.290429890322436, 47.928074266061188 ], [ 24.287757982913334, 47.928150872645396 ], [ 24.288669830830603, 47.942516965868052 ], [ 24.285997174516513, 47.942593548719998 ], [ 24.286339024149946, 47.94798083537281 ], [ 24.283666079897813, 47.948057370492073 ], [ 24.283893850645477, 47.951648900665937 ], [ 24.286566979492019, 47.951572355964117 ], [ 24.286794979316102, 47.955163873480068 ], [ 24.292255774140244, 47.95680632652391 ], [ 24.292484210067851, 47.960397820231528 ], [ 24.295157767148222, 47.960321065141052 ], [ 24.295386432368787, 47.96391254615979 ], [ 24.298060163003747, 47.963835719310254 ], [ 24.29840352164657, 47.969222920633634 ], [ 24.301077518241978, 47.969146017194745 ], [ 24.301192085854858, 47.970941744614009 ], [ 24.309214285702296, 47.970710646879574 ], [ 24.309099440917429, 47.968914933926968 ], [ 24.317121262738276, 47.968683291246258 ], [ 24.317006152026881, 47.966887592022452 ], [ 24.338396443014489, 47.966267182272432 ], [ 24.338280604647469, 47.964471521111903 ], [ 24.340954247895429, 47.964393695101599 ], [ 24.341070178617056, 47.966189351390184 ], [ 24.362459655441171, 47.965564467158487 ], [ 24.362576336333248, 47.967360083553672 ], [ 24.378735766572639, 47.968684367095435 ], [ 24.37885302442907, 47.970479952428711 ], [ 24.38966596257691, 47.971960033218132 ], [ 24.392575347841877, 47.975472119270812 ], [ 24.397923459940454, 47.975313850384985 ], [ 24.398041410317752, 47.977109397987697 ], [ 24.406063769279363, 47.976871513611115 ], [ 24.406182008348779, 47.978667045539531 ], [ 24.416997315152859, 47.980144487508213 ], [ 24.419909010228348, 47.983655819944111 ], [ 24.425257815347699, 47.983496258088877 ], [ 24.425376747539374, 47.985291751989344 ], [ 24.428051225111393, 47.985211872810524 ], [ 24.428170261336327, 47.987007360924103 ], [ 24.430844819716313, 47.986927414570616 ], [ 24.430963959992447, 47.988722896892718 ], [ 24.433638599177527, 47.988642883357109 ], [ 24.433757843522816, 47.990438359883143 ], [ 24.436432563510106, 47.990358279158045 ], [ 24.436551911942491, 47.992153749883386 ], [ 24.439226712729113, 47.992073601961351 ], [ 24.442140603510058, 47.995584310865276 ], [ 24.447490516584356, 47.995423683999327 ], [ 24.447610269855346, 47.997219132265514 ], [ 24.466335244221654, 47.996654944003573 ], [ 24.466214843704211, 47.994859531053102 ], [ 24.468889700647331, 47.994778689032998 ], [ 24.469010193622726, 47.996574096922863 ], [ 24.49040936467501, 47.995925081590173 ], [ 24.490530609094549, 47.997720448060591 ], [ 24.498555380598695, 47.99747602599215 ], [ 24.498676914236558, 47.999271376367268 ], [ 24.506701856358948, 47.999026379310749 ], [ 24.506823679257241, 48.000821713553563 ], [ 24.517646010099408, 48.002289472657409 ], [ 24.520565734396232, 48.005798036809125 ], [ 24.52591625691138, 48.005633731545913 ], [ 24.526038774844302, 48.00742902666974 ], [ 24.528714110657056, 48.007346775595266 ], [ 24.528836733047445, 48.009142064770579 ], [ 24.531512149387176, 48.009059746344192 ], [ 24.531634876252998, 48.010855029566372 ], [ 24.534310373116757, 48.010772643780705 ], [ 24.534433204475963, 48.012567921045154 ], [ 24.537108781860763, 48.012485467892766 ], [ 24.537231717731323, 48.014280739194866 ], [ 24.539907375634204, 48.014198218668341 ], [ 24.540030416034078, 48.015993484003452 ], [ 24.54550511832932, 48.017623500161918 ], [ 24.545751629387428, 48.021214006134066 ], [ 24.551227060018821, 48.022843729586249 ], [ 24.551474013576716, 48.026434210018564 ], [ 24.554150259164107, 48.026351342136223 ], [ 24.554397446125741, 48.02994180897992 ], [ 24.557073864818683, 48.029858868478726 ], [ 24.557445013609161, 48.03524454713888 ], [ 24.560121698044505, 48.035161528805865 ], [ 24.560493233480919, 48.04054718463631 ], [ 24.563170183721638, 48.040464088445674 ], [ 24.564162218683116, 48.054825760296197 ], [ 24.566839898261456, 48.05474256018357 ], [ 24.566964049864204, 48.056537760333072 ], [ 24.564286277564999, 48.056620965654496 ], [ 24.565279185020295, 48.070982579531204 ], [ 24.562600658499036, 48.071065764205272 ], [ 24.562972920473381, 48.076451371745748 ], [ 24.560294103388369, 48.076534509702334 ], [ 24.560666195975834, 48.081920125613486 ], [ 24.557987088245888, 48.082003216831808 ], [ 24.555803518565476, 48.089267097249483 ], [ 24.553124015110463, 48.08935008453615 ], [ 24.553247840021832, 48.09114530061057 ], [ 24.550568231564899, 48.09122823071651 ], [ 24.55081573186617, 48.094818670839203 ], [ 24.545579689446718, 48.096779593896528 ], [ 24.543640956501324, 48.107633742032242 ], [ 24.540960463154335, 48.10771646923029 ], [ 24.538773582236487, 48.114980085803218 ], [ 24.533535041321684, 48.116940515774658 ], [ 24.533781577905536, 48.120531005942823 ], [ 24.531100385115678, 48.120613519635697 ], [ 24.531223578420775, 48.122408768684778 ], [ 24.528542280517684, 48.122491225095516 ], [ 24.528665392791655, 48.124286478507102 ], [ 24.525983989772328, 48.124368877627596 ], [ 24.526107020997078, 48.126164135398511 ], [ 24.523425512858523, 48.126246477220604 ], [ 24.523548463015938, 48.128041739347623 ], [ 24.520866849755176, 48.12812402386318 ], [ 24.520989718827153, 48.129919290343089 ], [ 24.518308000441181, 48.130001517543995 ], [ 24.515871671742207, 48.13367423342779 ], [ 24.510507802459621, 48.13383839604456 ], [ 24.508070740656787, 48.137510962422802 ], [ 24.502706426902265, 48.137674770683518 ], [ 24.50282870394712, 48.139470069138831 ], [ 24.497464156023877, 48.139633637690196 ], [ 24.497586258676609, 48.14142894559221 ], [ 24.489539067709821, 48.141673845053347 ], [ 24.489660902739317, 48.143469167496654 ], [ 24.481613324945823, 48.143713519765555 ], [ 24.481734892285825, 48.145508856717179 ], [ 24.460273416631896, 48.146157753116327 ], [ 24.460394250107008, 48.147953129915429 ], [ 24.452345721782596, 48.148195449765211 ], [ 24.452225167990623, 48.146400057789606 ], [ 24.43076265341907, 48.147043452790001 ], [ 24.430642857232971, 48.145248019727227 ], [ 24.422594500348385, 48.145488246204842 ], [ 24.422474995557486, 48.143692797308276 ], [ 24.411744062335828, 48.144012203981383 ], [ 24.41186319420375, 48.145807672884295 ], [ 24.40649747116683, 48.145967011087222 ], [ 24.404052331393824, 48.149637551781588 ], [ 24.398686165552526, 48.149796534749626 ], [ 24.39880486606646, 48.151592026220797 ], [ 24.393438467237122, 48.151750768993885 ], [ 24.393556992807458, 48.153546269624549 ], [ 24.385507027773059, 48.153783929620843 ], [ 24.385625285066375, 48.155579444355183 ], [ 24.380258397256544, 48.15573758153095 ], [ 24.380612678690614, 48.161124150759434 ], [ 24.377928937505921, 48.161203140363625 ], [ 24.378519170969852, 48.170180764853342 ], [ 24.386571760095315, 48.1699435340634 ], [ 24.386690121580848, 48.171739041755721 ], [ 24.402914480429352, 48.173058337766044 ], [ 24.403033425419306, 48.174853814061315 ], [ 24.41389022031353, 48.176330524006374 ], [ 24.41681353293588, 48.179841574863062 ], [ 24.424867314326669, 48.179601625671282 ], [ 24.424747587157626, 48.177806191733005 ], [ 24.427432064129594, 48.177726088496698 ], [ 24.427551884698339, 48.179521517417051 ], [ 24.449028024707431, 48.178878398056213 ], [ 24.449148604221659, 48.180673785901853 ], [ 24.4653769259345, 48.181984143937989 ], [ 24.465498089514895, 48.183779499818883 ], [ 24.476358262104618, 48.185250209705359 ], [ 24.479286302382999, 48.188759548844985 ], [ 24.484656079466191, 48.188596705065684 ], [ 24.484777944551809, 48.190392022140237 ], [ 24.487462908637468, 48.190310501239431 ], [ 24.487584879092253, 48.192105812411882 ], [ 24.490269924678284, 48.192024223794306 ], [ 24.490392000520433, 48.193819529060036 ], [ 24.493077127603861, 48.193737872718195 ], [ 24.496006804100887, 48.197246741437354 ], [ 24.501254898666051, 48.195287812005041 ], [ 24.500887549810702, 48.189901957656069 ], [ 24.503572442130654, 48.189820061128401 ], [ 24.50320492088969, 48.184434214989572 ], [ 24.505889520982524, 48.184352271259705 ], [ 24.505644379988471, 48.180761713442742 ] ] ], [ [ [ 24.128669707202096, 48.394929663409087 ], [ 24.128559494489558, 48.393133764784729 ], [ 24.131256078763471, 48.393060336379108 ], [ 24.131145782267765, 48.391264441607774 ], [ 24.133842261102128, 48.391190954693911 ], [ 24.133731880841758, 48.389395063778942 ], [ 24.136428254239288, 48.389321518365009 ], [ 24.13890351046194, 48.385656144211659 ], [ 24.144295824660933, 48.385508756334204 ], [ 24.146770335197246, 48.381843226842875 ], [ 24.152162205900325, 48.381695478910856 ], [ 24.152051218010612, 48.379899616592162 ], [ 24.157442856038468, 48.379751625587893 ], [ 24.157331689987192, 48.377955771794582 ], [ 24.165418781553658, 48.377733326116761 ], [ 24.165307342866171, 48.375937485516722 ], [ 24.173394052408625, 48.375714486128572 ], [ 24.173282341151332, 48.373918658755336 ], [ 24.184064088934615, 48.373620461941883 ], [ 24.183952010686291, 48.371824652509332 ], [ 24.192037922552075, 48.3716003567814 ], [ 24.191925571880152, 48.369804560654217 ], [ 24.213486761735538, 48.369203701844114 ], [ 24.21337366642285, 48.367407942631459 ], [ 24.218876948348964, 48.369052856630368 ], [ 24.218763664132542, 48.36725710687552 ], [ 24.221458646311145, 48.367181594430321 ], [ 24.221572024977338, 48.368977339450332 ], [ 24.243132236505843, 48.368370932340298 ], [ 24.243246381924997, 48.37016663857446 ], [ 24.259531360214186, 48.37150483353139 ], [ 24.259416636875788, 48.369709156747433 ], [ 24.254026596841005, 48.369861902867662 ], [ 24.251102713678272, 48.366346796774494 ], [ 24.245712983969842, 48.366499145523164 ], [ 24.245598766531383, 48.364703442528018 ], [ 24.24290397928123, 48.364779517575563 ], [ 24.242789867472958, 48.362983809045019 ], [ 24.240095163440714, 48.363059816292072 ], [ 24.239981157244188, 48.361264102230784 ], [ 24.237286536432659, 48.361340041684912 ], [ 24.237172635829413, 48.359544322097477 ], [ 24.2344780982414, 48.359620193766226 ], [ 24.234364303212999, 48.357824468657306 ], [ 24.231669848851297, 48.357900272548214 ], [ 24.231556159379291, 48.35610454192242 ], [ 24.228861788246686, 48.356180278043041 ], [ 24.228748204312634, 48.354384541904999 ], [ 24.22324623333137, 48.352740069220033 ], [ 24.223019498630897, 48.349148574159678 ], [ 24.217518271403559, 48.347503809253659 ], [ 24.217291980784669, 48.343912290685225 ], [ 24.214598214511177, 48.343987678614361 ], [ 24.214372156937159, 48.340396147544965 ], [ 24.211678568208047, 48.340471463035705 ], [ 24.211339847909741, 48.335084146553989 ], [ 24.208646530990901, 48.335159384905658 ], [ 24.208308193195474, 48.329772047421883 ], [ 24.205615148021554, 48.329847208660411 ], [ 24.205051944123408, 48.320868274077959 ], [ 24.20235935907245, 48.320943348815767 ], [ 24.202246845649206, 48.31914755491114 ], [ 24.199554343769066, 48.319222562001123 ], [ 24.199441935582968, 48.317426762634277 ], [ 24.196749516876395, 48.31750170208398 ], [ 24.19663721390906, 48.315705897259498 ], [ 24.193944878378833, 48.315780769076468 ], [ 24.193832680611845, 48.313984958798983 ], [ 24.191140428260699, 48.314059762990802 ], [ 24.191028335675679, 48.31226394726486 ], [ 24.185532093100182, 48.310617531633426 ], [ 24.185308339521246, 48.307025877657395 ], [ 24.179812839228575, 48.305379170635618 ], [ 24.179589528002502, 48.301787493416185 ], [ 24.176897879853811, 48.301861950259827 ], [ 24.176674800655874, 48.298270260676482 ], [ 24.173983329798368, 48.298344645285717 ], [ 24.170624001840849, 48.28764382415649 ], [ 24.16793307362645, 48.287718055039278 ], [ 24.167043975186552, 48.273351118357823 ], [ 24.164353788221757, 48.273425249179361 ], [ 24.164242793919183, 48.271629374046555 ], [ 24.166932886906316, 48.271555247871419 ], [ 24.166044572584951, 48.257188256774768 ], [ 24.168733903201815, 48.257114104947412 ], [ 24.170756317702125, 48.246264671034019 ], [ 24.173445063324408, 48.246190421511777 ], [ 24.175688661790094, 48.23893265180255 ], [ 24.180953903556077, 48.236988019211921 ], [ 24.180731047514833, 48.233396303103575 ], [ 24.183419092866298, 48.233321835116115 ], [ 24.183307587454063, 48.231525980592806 ], [ 24.185995528114862, 48.231451454519672 ], [ 24.185883939870521, 48.229655603909123 ], [ 24.188571775843386, 48.229581019758456 ], [ 24.188460104785218, 48.227785173063978 ], [ 24.191147836072876, 48.227710530843943 ], [ 24.191036082219174, 48.225914688068826 ], [ 24.193723708824351, 48.225839987787573 ], [ 24.193611872193387, 48.224044148935107 ], [ 24.196299394118821, 48.22396939060075 ], [ 24.19876288984667, 48.220302908297626 ], [ 24.204137504015154, 48.220153096741086 ], [ 24.206600261146981, 48.216486460777887 ], [ 24.211974434619432, 48.216336291702177 ], [ 24.211861997036301, 48.214540481922143 ], [ 24.217235939119732, 48.214390071415785 ], [ 24.217123325232528, 48.212594270299682 ], [ 24.214436453358964, 48.212669502193194 ], [ 24.214323944149221, 48.210873695601457 ], [ 24.211637154905358, 48.210948860079249 ], [ 24.211524750354812, 48.209153048016447 ], [ 24.206039119857575, 48.207507357225609 ], [ 24.205814740270828, 48.203915710483173 ], [ 24.200329847755899, 48.202269729050634 ], [ 24.200105908460237, 48.198678058969961 ], [ 24.197419719600482, 48.198752877104887 ], [ 24.197196011316358, 48.195161194610833 ], [ 24.194509998663008, 48.19523594069986 ], [ 24.194174799042603, 48.189848397216529 ], [ 24.19148905612353, 48.189923066597117 ], [ 24.191154235542754, 48.184535502251087 ], [ 24.188468762293184, 48.18461009494898 ], [ 24.188022861801649, 48.177426646512302 ], [ 24.18533775164552, 48.177501157884514 ], [ 24.185226397282065, 48.175705289212168 ], [ 24.179745174719415, 48.174058235975373 ], [ 24.179522894323004, 48.170466476195998 ], [ 24.174042408562784, 48.168819132932931 ], [ 24.173820567166196, 48.165227350000762 ], [ 24.171136056807068, 48.165301515662804 ], [ 24.170914445668807, 48.161709720413221 ], [ 24.168230111302037, 48.161783814180637 ], [ 24.16789805610934, 48.156396101712943 ], [ 24.165213991101936, 48.156470118964535 ], [ 24.164882313496747, 48.15108238578788 ], [ 24.162198517783985, 48.151156326549341 ], [ 24.161315266615997, 48.136788967810922 ], [ 24.158632206681894, 48.136862808973852 ], [ 24.158521942171721, 48.135066881110227 ], [ 24.161204908823354, 48.134993044573164 ], [ 24.160763585601991, 48.127809344077669 ], [ 24.152715772427893, 48.128030610597634 ], [ 24.15260574831834, 48.126234669726664 ], [ 24.141765912665175, 48.124732837836788 ], [ 24.138864368051905, 48.121214277408868 ], [ 24.133499743995486, 48.121360813708421 ], [ 24.133609083297237, 48.123156789038752 ], [ 24.136291493899208, 48.123083547560469 ], [ 24.136619855706257, 48.12847145527811 ], [ 24.139302535319072, 48.128398137498436 ], [ 24.140179384414111, 48.142765821588171 ], [ 24.142862799607133, 48.142692404487235 ], [ 24.142972547338299, 48.144488357014858 ], [ 24.140289038817063, 48.144561778715591 ], [ 24.141166660441794, 48.158929408660519 ], [ 24.138482394226497, 48.159002804570349 ], [ 24.136455663361538, 48.169851883917424 ], [ 24.133770815070509, 48.16992518217431 ], [ 24.131523786845111, 48.177182270195253 ], [ 24.126262586276432, 48.179124560632999 ], [ 24.126481213322844, 48.182716499158374 ], [ 24.123795667690011, 48.182789578954321 ], [ 24.123904903730118, 48.184585551670622 ], [ 24.121219253863561, 48.184658573386116 ], [ 24.121328407051184, 48.186454549928023 ], [ 24.118642652948228, 48.186527513554928 ], [ 24.118751723265124, 48.188323493919086 ], [ 24.116065864923108, 48.188396399449296 ], [ 24.116174852351037, 48.190192383632436 ], [ 24.113488889767307, 48.190265231057815 ], [ 24.113597794288019, 48.192061219056633 ], [ 24.110911727459907, 48.192134008369031 ], [ 24.108443116631548, 48.195798726991804 ], [ 24.103070555341919, 48.195944010428242 ], [ 24.100601206296254, 48.199608574412281 ], [ 24.095228206767988, 48.199753499879748 ], [ 24.095336509210927, 48.201549515989733 ], [ 24.08996327998511, 48.201694199731882 ], [ 24.090071405743995, 48.203490224162202 ], [ 24.08201120156242, 48.203706793071845 ], [ 24.08211905693727, 48.205502830328335 ], [ 24.074058476701783, 48.205718848395009 ], [ 24.074166061627253, 48.207514898444281 ], [ 24.058044054841798, 48.207945268235669 ], [ 24.058151088187781, 48.209741344512885 ], [ 24.060838209270205, 48.20966976853078 ], [ 24.061695603444846, 48.224038316115276 ], [ 24.064383463868602, 48.223966641480118 ], [ 24.064490779166913, 48.225762702091998 ], [ 24.061802824972606, 48.225834381219499 ], [ 24.062660975509342, 48.240202875298657 ], [ 24.059972260304846, 48.240274527583892 ], [ 24.060293958646646, 48.245662714074335 ], [ 24.057604951340931, 48.245734317029594 ], [ 24.058033654035505, 48.252918573235675 ], [ 24.074277558903422, 48.254283940681702 ], [ 24.074385334903344, 48.256079975135748 ], [ 24.085251463665198, 48.257587586426183 ], [ 24.088157566972026, 48.261107343718081 ], [ 24.093537029005034, 48.260962611752738 ], [ 24.093645504947538, 48.262758611543084 ], [ 24.096335313967788, 48.262686146769184 ], [ 24.096443894502023, 48.264482141270122 ], [ 24.0991337868352, 48.26440960911404 ], [ 24.099242471979515, 48.26620559832098 ], [ 24.10193244762295, 48.266132998775156 ], [ 24.102041237395685, 48.267928982683543 ], [ 24.104731296346724, 48.267856315740453 ], [ 24.104840190766229, 48.269652294345669 ], [ 24.107530333022197, 48.269579559997744 ], [ 24.107639332106821, 48.271375533295242 ], [ 24.110329557665064, 48.271302731534931 ], [ 24.110438661433157, 48.273098699520126 ], [ 24.113128970290997, 48.273025830339876 ], [ 24.113238178760909, 48.274821793008186 ], [ 24.115928570915671, 48.274748856400464 ], [ 24.116037884105769, 48.276544813747272 ], [ 24.118728359554776, 48.276471809704525 ], [ 24.11883777748341, 48.278267761725296 ], [ 24.124328500938976, 48.27991749799461 ], [ 24.124547766610302, 48.283509379953685 ], [ 24.130039231635358, 48.285158825783718 ], [ 24.130258938081937, 48.288750684870827 ], [ 24.132950018090149, 48.288677334344158 ], [ 24.133169955795779, 48.292269181228733 ], [ 24.135861213183524, 48.292195758610752 ], [ 24.139213661192922, 48.302897740441843 ], [ 24.141905461673343, 48.302824164367912 ], [ 24.142788422514172, 48.317191375104201 ], [ 24.145480965598995, 48.317117699172904 ], [ 24.14559147865306, 48.318913592507307 ], [ 24.14289884134865, 48.318987273057708 ], [ 24.143782582135707, 48.333354429573177 ], [ 24.141089179899048, 48.333428084104796 ], [ 24.1390578959019, 48.344277066806306 ], [ 24.136363906027238, 48.344350623035744 ], [ 24.134110786358267, 48.351607732189777 ], [ 24.128832055992333, 48.353550477735183 ], [ 24.12905220540857, 48.357142298100605 ], [ 24.126357511526408, 48.357215634473135 ], [ 24.126467508011597, 48.359011548127086 ], [ 24.123772708899089, 48.359084826055586 ], [ 24.123882621740382, 48.360880743553253 ], [ 24.121187717394825, 48.360953963029552 ], [ 24.12129754657375, 48.362749884367595 ], [ 24.118602536992448, 48.362823045383522 ], [ 24.118712282490538, 48.364618970558602 ], [ 24.11601716767079, 48.36469207310595 ], [ 24.116126829469586, 48.366488002114778 ], [ 24.110845862184973, 48.368429964610222 ], [ 24.111174377474228, 48.373817772360795 ], [ 24.113869986292681, 48.373744773043548 ], [ 24.114198881963812, 48.379132560313884 ], [ 24.116894763611974, 48.379059484173084 ], [ 24.117773049244033, 48.393426847225648 ], [ 24.120469676759395, 48.393353671293916 ], [ 24.120579605613806, 48.395149583709681 ], [ 24.117882883476362, 48.395222764230674 ], [ 24.118322328304963, 48.402406424746459 ], [ 24.121019429023285, 48.402333225865256 ], [ 24.120799495717471, 48.398741406289027 ], [ 24.123496396326296, 48.398668153457329 ], [ 24.123386351235634, 48.396872247136862 ], [ 24.128669707202096, 48.394929663409087 ] ] ], [ [ [ 23.8344749714947, 48.301824408696753 ], [ 23.837167464159229, 48.301757966912852 ], [ 23.837067837543316, 48.299961562296438 ], [ 23.839760226196894, 48.299895061718438 ], [ 23.839660515127282, 48.298098660553634 ], [ 23.842352799772367, 48.298032101189712 ], [ 23.842253004267469, 48.29623570347988 ], [ 23.844945184906511, 48.296169085338164 ], [ 23.844845304984762, 48.294372691086686 ], [ 23.847537381620196, 48.294306014175369 ], [ 23.847437417300007, 48.292509623385577 ], [ 23.85272120986966, 48.290579705961925 ], [ 23.852520953567318, 48.286986937529583 ], [ 23.855212624042146, 48.286920088549955 ], [ 23.85511241646639, 48.285123707445415 ], [ 23.857803982957872, 48.285056799732388 ], [ 23.857703691065296, 48.283260422102749 ], [ 23.862986135917009, 48.281330056357781 ], [ 23.860094054533612, 48.277804331048422 ], [ 23.846638055627995, 48.278138471173271 ], [ 23.846737941539722, 48.279934867717138 ], [ 23.84125558743251, 48.278271686851852 ], [ 23.841454992543184, 48.281864495926854 ], [ 23.838763555516671, 48.281931017739993 ], [ 23.838863178597766, 48.283727425370685 ], [ 23.836171637656594, 48.283793888430708 ], [ 23.836271176355861, 48.285590299510531 ], [ 23.830987237018856, 48.287519463864186 ], [ 23.831185986527288, 48.291112299082613 ], [ 23.828494039642834, 48.291178589990935 ], [ 23.828791954415735, 48.296567849908236 ], [ 23.82609971517855, 48.296634090333896 ], [ 23.82639743494547, 48.302023356257578 ], [ 23.82370490327456, 48.302089546178983 ], [ 23.821408703770295, 48.309341384185863 ], [ 23.824101622236437, 48.309275240642634 ], [ 23.824002427898876, 48.307478818101956 ], [ 23.829388047064327, 48.307346350374786 ], [ 23.829288673920072, 48.305549935423805 ], [ 23.831981374613818, 48.305483611252541 ], [ 23.8344749714947, 48.301824408696753 ] ] ], [ [ [ 23.763715758620204, 48.339524780782561 ], [ 23.766410399055886, 48.339459957988716 ], [ 23.76631312653625, 48.337663456480541 ], [ 23.763618580555256, 48.337728275208853 ], [ 23.763715758620204, 48.339524780782561 ] ] ], [ [ [ 23.742158292455972, 48.340041092971944 ], [ 23.74225472430691, 48.341837630219452 ], [ 23.736865073965753, 48.341966085702808 ], [ 23.736768831065287, 48.340169540398662 ], [ 23.717905419071613, 48.34061711983901 ], [ 23.718192191835879, 48.346006837855946 ], [ 23.734362559784625, 48.34562331537321 ], [ 23.734266392480158, 48.343826767461557 ], [ 23.74774096706026, 48.343505450933925 ], [ 23.747644336777437, 48.34170892246766 ], [ 23.76381294622556, 48.341321285645741 ], [ 23.763715758620204, 48.339524780782561 ], [ 23.742158292455972, 48.340041092971944 ] ] ], [ [ [ 24.259646094815807, 48.373300509547803 ], [ 24.265036467607811, 48.373147492069833 ], [ 24.264921544094733, 48.371351825647181 ], [ 24.259531360214186, 48.37150483353139 ], [ 24.259646094815807, 48.373300509547803 ] ] ], [ [ [ 23.417333866963833, 48.431872861898697 ], [ 23.422648905921552, 48.429962261153804 ], [ 23.422563442061506, 48.428165298911821 ], [ 23.419863380711249, 48.428222143022268 ], [ 23.419607324569604, 48.42283124153343 ], [ 23.416907539852978, 48.422888011650457 ], [ 23.416822299578865, 48.421091039571536 ], [ 23.411422894995219, 48.421204382814075 ], [ 23.411337853066851, 48.419407402945858 ], [ 23.403238968458783, 48.419576932497044 ], [ 23.403408490736851, 48.423170912837534 ], [ 23.406108317266753, 48.423114459188184 ], [ 23.406787500152245, 48.437490325190922 ], [ 23.409488078631224, 48.437433779863852 ], [ 23.409573109145299, 48.439230756525518 ], [ 23.406872435587733, 48.439287305401635 ], [ 23.40738222365982, 48.450069172479587 ], [ 23.410083467884863, 48.450012602304156 ], [ 23.409828250868401, 48.444621682455924 ], [ 23.412529201351788, 48.44456505958965 ], [ 23.41227377434009, 48.439174144319708 ], [ 23.414974431162765, 48.439117468784666 ], [ 23.417333866963833, 48.431872861898697 ] ] ], [ [ [ 24.433773281375284, 48.432991994008226 ], [ 24.433894403209223, 48.43478733104039 ], [ 24.43929031483091, 48.434625998097999 ], [ 24.439411637996532, 48.436421324223524 ], [ 24.442109670646442, 48.436340557958808 ], [ 24.441624070695745, 48.429159268966451 ], [ 24.43622875107614, 48.429320697845895 ], [ 24.436349943801655, 48.431116031402986 ], [ 24.428256591034451, 48.431357716312796 ], [ 24.42837751156927, 48.433153064234368 ], [ 24.433773281375284, 48.432991994008226 ] ] ], [ [ [ 23.405105548533729, 48.45911056769085 ], [ 23.402403811775113, 48.459167028874383 ], [ 23.402658372903737, 48.464557964436764 ], [ 23.399956342189533, 48.464614372866478 ], [ 23.400295492981943, 48.471802291662172 ], [ 23.402997904639328, 48.471745869067597 ], [ 23.402828122068399, 48.468151918102535 ], [ 23.405530334883931, 48.468095439196198 ], [ 23.405275437999482, 48.462704518319192 ], [ 23.407977356795065, 48.462647986665026 ], [ 23.407552219883971, 48.453663122767757 ], [ 23.404850776999925, 48.453719636682997 ], [ 23.405105548533729, 48.45911056769085 ] ] ], [ [ [ 23.805037705447084, 48.502217299009651 ], [ 23.80774086356373, 48.502151344079898 ], [ 23.807641573593976, 48.500354956724102 ], [ 23.804938510763129, 48.50042090751478 ], [ 23.805037705447084, 48.502217299009651 ] ] ], [ [ [ 23.201274316175031, 48.62327599065393 ], [ 23.201196128800074, 48.621478808323815 ], [ 23.203906900584695, 48.621426942546357 ], [ 23.203828624832987, 48.619629762816807 ], [ 23.206539292809214, 48.619577836540486 ], [ 23.20646092869967, 48.617780659415033 ], [ 23.209171492869459, 48.617728672648056 ], [ 23.209093040420974, 48.615931498130237 ], [ 23.211803500786285, 48.615879450880861 ], [ 23.211724960017776, 48.614082278974209 ], [ 23.214435316580548, 48.614030171250619 ], [ 23.216988222921305, 48.610383667095455 ], [ 23.222408513076569, 48.610279146066453 ], [ 23.224960658949335, 48.606632474334525 ], [ 23.230380518317858, 48.606527584082301 ], [ 23.230301344225964, 48.604730431873136 ], [ 23.235720980360721, 48.604625293327537 ], [ 23.235641622091553, 48.602828147062283 ], [ 23.240981492538069, 48.600925619952164 ], [ 23.240742912372173, 48.595534195067962 ], [ 23.243452223177968, 48.595481419355288 ], [ 23.243293017060264, 48.591887139424031 ], [ 23.227038186089786, 48.592202798555121 ], [ 23.227117209618431, 48.593999958678651 ], [ 23.224407947864069, 48.594052348901783 ], [ 23.224329020273238, 48.592255185487694 ], [ 23.20807386230392, 48.592568169506094 ], [ 23.208544089863377, 48.603351258076572 ], [ 23.205834293968671, 48.603403218725099 ], [ 23.206069224060457, 48.608794763918318 ], [ 23.203359132409791, 48.608846670627045 ], [ 23.203593843894282, 48.614238219681667 ], [ 23.200883456406238, 48.614290072428211 ], [ 23.198485349303866, 48.621530610339889 ], [ 23.195774562105548, 48.621582348594146 ], [ 23.195852557282016, 48.623379537428868 ], [ 23.193141666290323, 48.62343121516713 ], [ 23.193297487495332, 48.62702559735866 ], [ 23.190586396587747, 48.627077217815526 ], [ 23.190819897624934, 48.632468795906 ], [ 23.193531276951074, 48.632417165719474 ], [ 23.193375409626508, 48.628822787469147 ], [ 23.196086588977064, 48.628771099990558 ], [ 23.196008570716803, 48.626973913127074 ], [ 23.198719646242701, 48.626922165121229 ], [ 23.198563440580067, 48.623327795924311 ], [ 23.201274316175031, 48.62327599065393 ] ] ], [ [ [ 23.891713819622254, 48.787877754006864 ], [ 23.910741443408178, 48.78739840681898 ], [ 23.909910003226919, 48.773029293821558 ], [ 23.912627420406665, 48.772960594061175 ], [ 23.91231550974916, 48.767572177626953 ], [ 23.915032626653954, 48.767503426827147 ], [ 23.913888682241055, 48.747745891347144 ], [ 23.911172627937489, 48.747814594653335 ], [ 23.911068791157128, 48.746018446379772 ], [ 23.913784748917603, 48.745949747389339 ], [ 23.912953651757263, 48.731580569518826 ], [ 23.915668827260401, 48.731511841137639 ], [ 23.915357045719894, 48.726123400375457 ], [ 23.918071921622367, 48.726054621051119 ], [ 23.917759943171557, 48.720666186694906 ], [ 23.920474519557054, 48.720597356449289 ], [ 23.920162344335484, 48.715208928506023 ], [ 23.922876621287642, 48.715140047360968 ], [ 23.925174027304354, 48.707886556178643 ], [ 23.927887898284382, 48.707817564634411 ], [ 23.927783612509959, 48.706021430601972 ], [ 23.930497376870179, 48.705952379544456 ], [ 23.930288643577505, 48.702360117964282 ], [ 23.933002205015473, 48.702291011742197 ], [ 23.932897757524312, 48.700494884197589 ], [ 23.935611212358456, 48.700425718482485 ], [ 23.935506678890736, 48.69862959455164 ], [ 23.938220027123648, 48.698560369351817 ], [ 23.938115407698298, 48.696764249038118 ], [ 23.940828649332602, 48.696694964361853 ], [ 23.94072394396855, 48.694898847668718 ], [ 23.946045316167929, 48.692963986850842 ], [ 23.94594043898325, 48.691167877409015 ], [ 23.943227506780072, 48.691237276654718 ], [ 23.943017975911609, 48.687645046860361 ], [ 23.937487907916456, 48.685987511813167 ], [ 23.937278823870365, 48.682395260227082 ], [ 23.934566341763173, 48.682464446310405 ], [ 23.934357491341977, 48.678872183113135 ], [ 23.93164519130104, 48.678941296722684 ], [ 23.931332281417113, 48.673552883431228 ], [ 23.928620259572966, 48.673621920248031 ], [ 23.928307730691955, 48.668233487383681 ], [ 23.925595986976809, 48.668302447433923 ], [ 23.924763797322335, 48.653933226401136 ], [ 23.922052812024763, 48.654002088086898 ], [ 23.921845059269256, 48.650409766890981 ], [ 23.924555852490361, 48.650340913852695 ], [ 23.923724483178347, 48.63597163450212 ], [ 23.926434498228179, 48.635902752350852 ], [ 23.928520255191145, 48.625056868298543 ], [ 23.931229674200107, 48.624987884760031 ], [ 23.933522355826693, 48.617734232155968 ], [ 23.938836027721297, 48.615799836985083 ], [ 23.938627362969079, 48.612207545802839 ], [ 23.941336069885185, 48.612138338030192 ], [ 23.941231657116024, 48.610342195688169 ], [ 23.943940257924531, 48.610272928629634 ], [ 23.943835759639317, 48.608476789905367 ], [ 23.946544254342808, 48.608407463569201 ], [ 23.946439670560355, 48.60661132846603 ], [ 23.949148059161431, 48.60654194286051 ], [ 23.949043389900559, 48.604745811381868 ], [ 23.951751672401812, 48.6046763665152 ], [ 23.951646917681327, 48.602880238664447 ], [ 23.954355094085365, 48.602810734544917 ], [ 23.956853398650182, 48.599148926376508 ], [ 23.96226931673657, 48.599009617572989 ], [ 23.964766865679394, 48.595347650646936 ], [ 23.970182338658567, 48.595207977770492 ], [ 23.970076965484214, 48.593411876877575 ], [ 23.975492205497147, 48.593271958415869 ], [ 23.975386651291132, 48.591475865571915 ], [ 23.983509146169471, 48.591265524182504 ], [ 23.983403315280405, 48.589469443807289 ], [ 23.98611069703858, 48.589399207256633 ], [ 23.986004780893772, 48.587603130554719 ], [ 23.983297494817791, 48.587673362696655 ], [ 23.98298009597551, 48.582285114952278 ], [ 23.980273086468589, 48.582355270308526 ], [ 23.979956068326803, 48.576967002736218 ], [ 23.977249335321737, 48.577037081332833 ], [ 23.976405176151129, 48.562668300287747 ], [ 23.973699197448365, 48.5627382801853 ], [ 23.973593819857296, 48.560942174856855 ], [ 23.976299703014654, 48.560872199351472 ], [ 23.97545629173478, 48.546503365419767 ], [ 23.978161400489928, 48.54643336155754 ], [ 23.980233231010274, 48.535586690654505 ], [ 23.982937746382134, 48.535516586231232 ], [ 23.985219517460912, 48.528262036488023 ], [ 23.990521884924863, 48.526325457140203 ], [ 23.990310219797532, 48.522733277956135 ], [ 23.993014025953102, 48.522662950607703 ], [ 23.99290811368283, 48.520866864324823 ], [ 23.995611814084633, 48.520796477966321 ], [ 23.995505816918104, 48.519000395363975 ], [ 23.998209411568762, 48.518929950003646 ], [ 23.998103329524657, 48.517133871085186 ], [ 24.000806818426796, 48.517063366731236 ], [ 24.000700651523807, 48.515267291500066 ], [ 24.003404034680052, 48.515196728160753 ], [ 24.003297782936851, 48.513400656620185 ], [ 24.006001060349828, 48.513330034303713 ], [ 24.008491474089887, 48.509667221022532 ], [ 24.01389759547763, 48.509525677135223 ], [ 24.016387257620437, 48.505862706242254 ], [ 24.021792935052691, 48.505720799799249 ], [ 24.021686068923671, 48.503924755666269 ], [ 24.027091513833742, 48.503782604603913 ], [ 24.026984467778025, 48.501986568650651 ], [ 24.035092270470976, 48.501772880120065 ], [ 24.03498494932332, 48.499976856834301 ], [ 24.04309237136793, 48.499762611382693 ], [ 24.042984775194913, 48.497966600798264 ], [ 24.064603339335235, 48.497392527467213 ], [ 24.064494992324008, 48.495596552159043 ], [ 24.067197169799524, 48.495524512390254 ], [ 24.067305611982636, 48.497320483178299 ], [ 24.088923408298509, 48.496741848013336 ], [ 24.089032622551795, 48.498537781750457 ], [ 24.097139404662446, 48.498319734533176 ], [ 24.097248915191766, 48.500115653841775 ], [ 24.105355885866228, 48.499897022707209 ], [ 24.105465692716692, 48.501692927549676 ], [ 24.116385414787903, 48.503196399765734 ], [ 24.116495624031604, 48.504992284761094 ], [ 24.119198168246697, 48.504919013785489 ], [ 24.119308483536045, 48.506714893432829 ], [ 24.124713729798618, 48.506568152176442 ], [ 24.124824246361026, 48.508364021865582 ], [ 24.127526948395079, 48.508290551573836 ], [ 24.12763757104841, 48.510086415901412 ], [ 24.130340357414259, 48.510012877623375 ], [ 24.130451086177164, 48.511808736584761 ], [ 24.133153956872075, 48.511735130312829 ], [ 24.133264791763217, 48.513530983903394 ], [ 24.135967746784448, 48.513457309629935 ], [ 24.136078687822483, 48.515253157845066 ], [ 24.138781727167284, 48.515179415562464 ], [ 24.13889277437087, 48.516975258397515 ], [ 24.144410259408048, 48.518623407224766 ], [ 24.144632789538562, 48.522215070592594 ], [ 24.147336177110034, 48.522141119596988 ], [ 24.146779457619662, 48.513161978717868 ], [ 24.14948235796939, 48.513087987538462 ], [ 24.149148172076472, 48.507700507884145 ], [ 24.151850775822869, 48.507626467262988 ], [ 24.153884150596461, 48.496777439348506 ], [ 24.151182128839626, 48.496851515446401 ], [ 24.15107072604102, 48.495055687501633 ], [ 24.148368788464069, 48.495129695613272 ], [ 24.148257491753085, 48.493333862270802 ], [ 24.14274267850783, 48.49168583583031 ], [ 24.142520520250304, 48.488094146828523 ], [ 24.139818930335469, 48.488167946397091 ], [ 24.139707962690625, 48.486372096135824 ], [ 24.137006456958716, 48.486445827752902 ], [ 24.136895595316286, 48.484649972112805 ], [ 24.134194173770055, 48.484723635785976 ], [ 24.134083418111409, 48.482927774771667 ], [ 24.131382080753593, 48.483001370508553 ], [ 24.13127143106011, 48.481205504124631 ], [ 24.125758465173718, 48.479556620071108 ], [ 24.125537600396015, 48.475964865100998 ], [ 24.120025384072985, 48.474315688722399 ], [ 24.119804964550546, 48.470723910837421 ], [ 24.117104238232674, 48.470797157816371 ], [ 24.116884052074951, 48.467205367738217 ], [ 24.114183504952514, 48.467278542244507 ], [ 24.113853591858163, 48.46189083772822 ], [ 24.111153318888704, 48.461963935192713 ], [ 24.110823787976344, 48.456576210169587 ], [ 24.108123789093614, 48.456649230618304 ], [ 24.107246274277774, 48.442281894265136 ], [ 24.104547023910882, 48.442354814849843 ], [ 24.104218418304637, 48.436967037632066 ], [ 24.106917384085751, 48.436894130768046 ], [ 24.106479014649935, 48.42971043561549 ], [ 24.103780428186557, 48.429783324189728 ], [ 24.103999401722916, 48.433375182408753 ], [ 24.101300614857884, 48.433448016916579 ], [ 24.101410022931976, 48.435243949471342 ], [ 24.098711130478101, 48.435316725332584 ], [ 24.098820454459545, 48.437112661703793 ], [ 24.096121456414146, 48.437185378910243 ], [ 24.096230696284376, 48.438981319094488 ], [ 24.093531592644748, 48.439053977637933 ], [ 24.093640748385194, 48.440849921631923 ], [ 24.090941539148648, 48.440922521504135 ], [ 24.091050610740741, 48.442718469304509 ], [ 24.08835129590458, 48.442791010497309 ], [ 24.085869766130955, 48.446455400009022 ], [ 24.080470703347569, 48.446600184384302 ], [ 24.077988425023399, 48.450264417508649 ], [ 24.072588918467975, 48.450408840536511 ], [ 24.072697379173395, 48.452204816378796 ], [ 24.067297640098381, 48.452348995436026 ], [ 24.067405921576928, 48.454144979577819 ], [ 24.059305948306751, 48.454360787257905 ], [ 24.059413955558174, 48.456156784193524 ], [ 24.051313601839087, 48.456372035994086 ], [ 24.051421334796927, 48.45816804568981 ], [ 24.029819166369776, 48.45873930237974 ], [ 24.029926150019474, 48.460535347171287 ], [ 24.027225736541361, 48.460606473968781 ], [ 24.027118847885255, 48.458810424715203 ], [ 24.005515922457661, 48.459377125268119 ], [ 24.005409804232507, 48.457581039723308 ], [ 23.997308819759063, 48.457792494980843 ], [ 23.997202996931794, 48.455996395433054 ], [ 23.989102203784071, 48.456207267916312 ], [ 23.98899667630932, 48.45441115440304 ], [ 23.978090716314533, 48.452895282369319 ], [ 23.975180526293666, 48.449372910102014 ], [ 23.967080624421108, 48.449582211285346 ], [ 23.966975898060376, 48.447786059736586 ], [ 23.950672239973084, 48.446406749222163 ], [ 23.9515056975611, 48.460776156215836 ], [ 23.948805078086028, 48.460845443185868 ], [ 23.946728831307905, 48.471691743538706 ], [ 23.944027621019973, 48.471760929953604 ], [ 23.941742099697365, 48.479014790932688 ], [ 23.936442627255566, 48.480949073112221 ], [ 23.936650178068245, 48.48454145354448 ], [ 23.933948261061857, 48.484610416949508 ], [ 23.934051956621573, 48.486406610398404 ], [ 23.931349934253515, 48.486475514774341 ], [ 23.931453544843858, 48.488271711817461 ], [ 23.928751417111567, 48.488340557156107 ], [ 23.928854942713873, 48.490136757790125 ], [ 23.926152709614794, 48.490205544083246 ], [ 23.926256150210413, 48.492001748304766 ], [ 23.923553811741982, 48.492070475544168 ], [ 23.92365716731225, 48.493866683349822 ], [ 23.920954723471908, 48.493935351527277 ], [ 23.918458630246949, 48.497596386984711 ], [ 23.913053310919505, 48.497733423658048 ], [ 23.910556465994699, 48.501394300449441 ], [ 23.905150704913989, 48.501530973963135 ], [ 23.905253444562288, 48.50332720821573 ], [ 23.899847452525222, 48.503463636711743 ], [ 23.899950011744803, 48.505259878799734 ], [ 23.89184066220756, 48.50546405885629 ], [ 23.891942945673978, 48.507260313032262 ], [ 23.883833219695724, 48.507463935216748 ], [ 23.883935227342796, 48.509260201446793 ], [ 23.862308087993835, 48.50980043770204 ], [ 23.86240934318884, 48.511596737112932 ], [ 23.859705810514413, 48.511663985481626 ], [ 23.859604650636484, 48.50986768185048 ], [ 23.837976794174445, 48.510403351852325 ], [ 23.83787640675855, 48.508607013883136 ], [ 23.821555865443173, 48.507209713769015 ], [ 23.821456069604594, 48.505413349319674 ], [ 23.816049460286827, 48.505545846503409 ], [ 23.815949864866813, 48.503749473021841 ], [ 23.810543406944053, 48.503881708235355 ], [ 23.810444011908917, 48.502085325738591 ], [ 23.80774086356373, 48.502151344079898 ], [ 23.807939472818859, 48.505744116644493 ], [ 23.810642811761227, 48.505678090016161 ], [ 23.810841650746585, 48.509270851429825 ], [ 23.813545170537807, 48.509204753086472 ], [ 23.813843788430145, 48.51459387739051 ], [ 23.816547584440897, 48.514527703162621 ], [ 23.816846576620918, 48.519916808558676 ], [ 23.819550648918618, 48.519850558420352 ], [ 23.820349156541333, 48.534221441334182 ], [ 23.823053982339889, 48.534155094441424 ], [ 23.823253898455658, 48.537747799669887 ], [ 23.820548881732957, 48.537814154891933 ], [ 23.82134817594017, 48.552184980436344 ], [ 23.818642385302685, 48.552251305466825 ], [ 23.818842116150147, 48.555844013007828 ], [ 23.821548097901694, 48.555777679650163 ], [ 23.821648073650724, 48.557574028181122 ], [ 23.824354141126193, 48.557507627126988 ], [ 23.824454222301629, 48.559303970772362 ], [ 23.82716037549854, 48.559237502014135 ], [ 23.827260562119143, 48.561033840769262 ], [ 23.829966801035013, 48.56096730429924 ], [ 23.830067093119546, 48.56276363815963 ], [ 23.832773417751888, 48.562697033970117 ], [ 23.832873815319115, 48.564493362931138 ], [ 23.835580225665439, 48.564426691014489 ], [ 23.835680728734125, 48.566223015071571 ], [ 23.84119441514768, 48.567885787174667 ], [ 23.841395853325089, 48.571478414926098 ], [ 23.84691029487416, 48.573140897077188 ], [ 23.847112175228435, 48.576733503707814 ], [ 23.849819205421593, 48.576666484626465 ], [ 23.850021316909174, 48.580259079961522 ], [ 23.852728528497007, 48.580191988886796 ], [ 23.853032057505455, 48.585580863849209 ], [ 23.855739546217425, 48.585513696548063 ], [ 23.856043452134944, 48.590902552371901 ], [ 23.858751218038698, 48.59083530881837 ], [ 23.859562839393192, 48.60520552550156 ], [ 23.862271361498475, 48.605138184533942 ], [ 23.862372954984973, 48.606934454144358 ], [ 23.859664337063048, 48.607001799340004 ], [ 23.860476678683504, 48.621371964068558 ], [ 23.857767283875134, 48.62143927943093 ], [ 23.855666404725497, 48.632284175064363 ], [ 23.852956414344192, 48.632351388405496 ], [ 23.853159144310986, 48.635943939057135 ], [ 23.850448952000587, 48.636011097137732 ], [ 23.851158149761336, 48.648585031233239 ], [ 23.84844727538438, 48.648652155109701 ], [ 23.84634351174925, 48.659496895508632 ], [ 23.843632040957747, 48.659563917170509 ], [ 23.841324738028067, 48.666816014499553 ], [ 23.836001854687034, 48.66874606409344 ], [ 23.836203638714068, 48.672338644849724 ], [ 23.833491455087842, 48.67240544084143 ], [ 23.833592265854225, 48.674201734335888 ], [ 23.83087997610135, 48.674268470732358 ], [ 23.830980700624632, 48.676064767699316 ], [ 23.8282683047426, 48.676131444492313 ], [ 23.828368943003884, 48.677927744928347 ], [ 23.825656440990183, 48.67799436210958 ], [ 23.825756992970547, 48.679790666011272 ], [ 23.823044384822662, 48.679857223572441 ], [ 23.823144850503187, 48.681653530936366 ], [ 23.820432136218617, 48.681720028869229 ], [ 23.817919988180691, 48.685379092266416 ], [ 23.812494125161386, 48.685511785750919 ], [ 23.809981217008637, 48.689170688161767 ], [ 23.804554909689504, 48.689303015352436 ], [ 23.802041241214631, 48.692961756660033 ], [ 23.796614489660435, 48.693093717452975 ], [ 23.796714061812448, 48.694890061395938 ], [ 23.791287078343775, 48.695021775108273 ], [ 23.791386467699265, 48.696818126609692 ], [ 23.7832456300026, 48.697015230730621 ], [ 23.783344740193691, 48.698811593898618 ], [ 23.775203525470641, 48.699008135721705 ], [ 23.775302356430597, 48.700804510522005 ], [ 23.767160764886373, 48.701000489960826 ], [ 23.767456449061051, 48.706389647020252 ], [ 23.764742276654662, 48.706454858067012 ], [ 23.765136272882057, 48.713640407234045 ], [ 23.784137974031452, 48.713182473552862 ], [ 23.784237172318374, 48.714978830298207 ], [ 23.800624327953873, 48.716380130585897 ], [ 23.800724124395995, 48.718176461086529 ], [ 23.811683136873427, 48.719708109321047 ], [ 23.814598520312011, 48.723234395027291 ], [ 23.820028430026074, 48.723101526395354 ], [ 23.820128941092957, 48.724897824890085 ], [ 23.82284397752073, 48.724831290541715 ], [ 23.822944594974853, 48.726627584139109 ], [ 23.825659717928204, 48.726560981701788 ], [ 23.825760441788553, 48.72835727039724 ], [ 23.828475651264977, 48.728290599863229 ], [ 23.828576481550538, 48.730086883652135 ], [ 23.831291777547516, 48.730020145013746 ], [ 23.831392714277278, 48.731816423891459 ], [ 23.834108096792274, 48.731749617140927 ], [ 23.834209139985234, 48.733545891102885 ], [ 23.839741314234363, 48.735208342276088 ], [ 23.839943836587725, 48.738800869789344 ], [ 23.845476772958595, 48.740463029422642 ], [ 23.845679741497982, 48.744055535766648 ], [ 23.851213440175513, 48.745717403743413 ], [ 23.851416855141625, 48.74930988887867 ], [ 23.854133132897591, 48.749242592444887 ], [ 23.854336781225459, 48.752835066239541 ], [ 23.857053242092981, 48.752767697386631 ], [ 23.857359079859933, 48.758156389969251 ], [ 23.860075820478801, 48.758088944443465 ], [ 23.860382038808979, 48.763477617816733 ], [ 23.863099059247617, 48.763410095591837 ], [ 23.863405658342916, 48.768798749737869 ], [ 23.86612295866977, 48.768731150787744 ], [ 23.866941774447792, 48.783100829399949 ], [ 23.869659838364953, 48.783033132434447 ], [ 23.869864836998651, 48.786625536350925 ], [ 23.867146579561361, 48.786693241824111 ], [ 23.867658769503311, 48.795674260232573 ], [ 23.870377510907726, 48.795606533484893 ], [ 23.870274955855077, 48.793810335504709 ], [ 23.875712214619277, 48.793674698364214 ], [ 23.875609476101278, 48.791878508183146 ], [ 23.891817118493442, 48.789673919975698 ], [ 23.891713819622254, 48.787877754006864 ] ] ], [ [ [ 24.109807342874959, 48.616702516449749 ], [ 24.104390272282913, 48.616848802695998 ], [ 24.104500496821473, 48.618644672568045 ], [ 24.107209133345791, 48.618571556663923 ], [ 24.107429806629092, 48.622163284978804 ], [ 24.110138623889966, 48.622090096265637 ], [ 24.109807342874959, 48.616702516449749 ] ] ], [ [ [ 22.844251163605843, 48.802214525028923 ], [ 22.844317094387574, 48.804012046722271 ], [ 22.847038289746536, 48.803968461069971 ], [ 22.846972261822035, 48.802170942117385 ], [ 22.844251163605843, 48.802214525028923 ] ] ], [ [ [ 22.841793432504677, 48.80944813767757 ], [ 22.844514925875213, 48.809404608024266 ], [ 22.844383031692491, 48.805809567785943 ], [ 22.841661732657137, 48.805853091964828 ], [ 22.841793432504677, 48.80944813767757 ] ] ], [ [ [ 22.841793432504677, 48.80944813767757 ], [ 22.839071932618054, 48.80949160310805 ], [ 22.83913769513271, 48.811289127753682 ], [ 22.841859292202145, 48.81124565958973 ], [ 22.841793432504677, 48.80944813767757 ] ] ], [ [ [ 22.836416091555964, 48.811332531690383 ], [ 22.836481763384661, 48.813130058436364 ], [ 22.839203464154661, 48.813086651770007 ], [ 22.83913769513271, 48.811289127753682 ], [ 22.836416091555964, 48.811332531690383 ] ] ], [ [ [ 23.641726441784265, 48.900005981451095 ], [ 23.64445135523999, 48.899943485870949 ], [ 23.644356518982867, 48.898146978956049 ], [ 23.6470813256032, 48.898084422983658 ], [ 23.646986401303188, 48.896287919302516 ], [ 23.649711101090521, 48.896225302946227 ], [ 23.65224558139548, 48.892569628567379 ], [ 23.657694544226771, 48.892444090061765 ], [ 23.660228254713399, 48.888788251531636 ], [ 23.66567677133466, 48.888662343020293 ], [ 23.665581212352919, 48.88686586347638 ], [ 23.671029496376139, 48.886739705708592 ], [ 23.670933752123251, 48.884943233394701 ], [ 23.679105814947086, 48.884753526481923 ], [ 23.679009788113053, 48.88295706539266 ], [ 23.687181473321338, 48.88276679186599 ], [ 23.687085163973482, 48.88097034203598 ], [ 23.708875125616771, 48.88046014973375 ], [ 23.708778047212874, 48.878663731274244 ], [ 23.711501651952979, 48.878599672033289 ], [ 23.711598827675118, 48.88039608646536 ], [ 23.730664472178898, 48.879945844012738 ], [ 23.73037093048951, 48.874556683505915 ], [ 23.73309426342049, 48.874492118258416 ], [ 23.732800517074875, 48.869102963552002 ], [ 23.735523548506041, 48.869038346237076 ], [ 23.735229597647365, 48.863649197338397 ], [ 23.737952327662853, 48.863584527978183 ], [ 23.737854266216459, 48.861788147659382 ], [ 23.735131633420597, 48.861852812954474 ], [ 23.735033678888161, 48.860056427861721 ], [ 23.726866014010319, 48.860250026216683 ], [ 23.726768360779715, 48.858453628245655 ], [ 23.718600900542484, 48.858646636451859 ], [ 23.71850354856598, 48.856850225640528 ], [ 23.707516901975211, 48.855310227053032 ], [ 23.704600867892459, 48.851781304316802 ], [ 23.69915652773933, 48.851908981003781 ], [ 23.699059894441376, 48.850112539204382 ], [ 23.696337807186076, 48.85017627722732 ], [ 23.696241280609321, 48.848379830716482 ], [ 23.693519280963695, 48.848443500531054 ], [ 23.69342286108899, 48.846647049313368 ], [ 23.690700949055454, 48.846710650927385 ], [ 23.690604635863636, 48.844914195007448 ], [ 23.687882811444613, 48.844977728428688 ], [ 23.687786604916514, 48.843181267811133 ], [ 23.685064868114416, 48.843244733047349 ], [ 23.684968768230878, 48.841448267736766 ], [ 23.679429564229011, 48.839778523686334 ], [ 23.679237800410881, 48.836185573617797 ], [ 23.673699363768403, 48.834515538906793 ], [ 23.673508045165772, 48.830922568726571 ], [ 23.665344703254654, 48.831111725704702 ], [ 23.665440066595547, 48.832908223036114 ], [ 23.659997597315314, 48.83303401475726 ], [ 23.660092775912592, 48.834830519294414 ], [ 23.651928710127841, 48.835018737409285 ], [ 23.65202360683697, 48.836815253077013 ], [ 23.643859165249665, 48.837002905380849 ], [ 23.643953780003656, 48.838799432144583 ], [ 23.622180747666228, 48.839297045425717 ], [ 23.622274594735686, 48.841093602771558 ], [ 23.619552826676617, 48.841155519463243 ], [ 23.619459076743183, 48.839358958225333 ], [ 23.60312885676689, 48.839729086950868 ], [ 23.603315200170709, 48.843322255267147 ], [ 23.608852412244804, 48.844995695698877 ], [ 23.609039199674882, 48.848588844360798 ], [ 23.6117613934396, 48.848527168953972 ], [ 23.611854898206392, 48.850323738364025 ], [ 23.614577179906536, 48.850261994861079 ], [ 23.614764411604678, 48.853855123829611 ], [ 23.620303160182505, 48.855527984281551 ], [ 23.620490836390619, 48.859121093517629 ], [ 23.623213576337132, 48.859059137890156 ], [ 23.623401484189348, 48.862652236548108 ], [ 23.6261244093286, 48.862590208885351 ], [ 23.62640663266594, 48.867979839943338 ], [ 23.62912984029952, 48.86791773632428 ], [ 23.629412439343824, 48.873307349390089 ], [ 23.632135929541409, 48.873245169788625 ], [ 23.632890716216536, 48.887617409308447 ], [ 23.635614975855781, 48.88755513412427 ], [ 23.635709463621659, 48.889351657006706 ], [ 23.632985106591995, 48.889413936106564 ], [ 23.633740566166502, 48.90378612535379 ], [ 23.63101542031136, 48.903848371453051 ], [ 23.631298579528483, 48.909237942641745 ], [ 23.634024017847022, 48.909175684799216 ], [ 23.633835040702497, 48.905582645867284 ], [ 23.63656027467869, 48.905520331513877 ], [ 23.63646570266571, 48.90372381491855 ], [ 23.639190829799361, 48.903661440147893 ], [ 23.641726441784265, 48.900005981451095 ] ] ], [ [ [ 23.631298579528483, 48.909237942641745 ], [ 23.628573131860058, 48.90930013613567 ], [ 23.628667439455672, 48.911096662379968 ], [ 23.631392984632338, 48.91103446497511 ], [ 23.631298579528483, 48.909237942641745 ] ] ], [ [ [ 23.344564339931296, 49.079100024895965 ], [ 23.344479720177468, 49.077303163827338 ], [ 23.341744493987619, 49.077358718308943 ], [ 23.341659981131766, 49.075561853073054 ], [ 23.338924845041095, 49.075617339292471 ], [ 23.338840439063688, 49.073820469893846 ], [ 23.336105393074345, 49.073875887859018 ], [ 23.336021093955882, 49.072079014302282 ], [ 23.330467080010656, 49.070392767791112 ], [ 23.330298917443073, 49.066799003403283 ], [ 23.32474568277971, 49.065112468061479 ], [ 23.324577964010082, 49.061518685768284 ], [ 23.321843565414337, 49.061573755647807 ], [ 23.321676076768291, 49.057979963747997 ], [ 23.318941866673459, 49.05803496196755 ], [ 23.318690991218507, 49.052644258720989 ], [ 23.315957067975553, 49.052699181840403 ], [ 23.315790055907289, 49.049105369422165 ], [ 23.310322578005835, 49.049215007708064 ], [ 23.310405883178159, 49.051011921151826 ], [ 23.304938175473264, 49.051121307483406 ], [ 23.305021292177528, 49.052918227144687 ], [ 23.296819373634335, 49.053081831577416 ], [ 23.296902203445036, 49.054878760869407 ], [ 23.288699915728078, 49.055041793081301 ], [ 23.288782458578314, 49.056838731968867 ], [ 23.272377071717159, 49.057163069199568 ], [ 23.27245903230639, 49.058960027836875 ], [ 23.278009889646775, 49.060649118747278 ], [ 23.278174245271668, 49.064243019121847 ], [ 23.283725881931645, 49.065931821870677 ], [ 23.283890680385969, 49.069525704642651 ], [ 23.286625588342641, 49.069471527475031 ], [ 23.289690971163569, 49.07660501581033 ], [ 23.300632063868562, 49.076387345728101 ], [ 23.300715099198985, 49.078184262927394 ], [ 23.317210716349134, 49.079652689815482 ], [ 23.3172943593339, 49.081449585003256 ], [ 23.32276534787243, 49.081339563301519 ], [ 23.322849196229576, 49.083136450895367 ], [ 23.328320348511458, 49.083026163127549 ], [ 23.328404402276849, 49.084823043110198 ], [ 23.33387571823496, 49.084712489247103 ], [ 23.333791467395507, 49.082915616223403 ], [ 23.339262552803625, 49.082804810186772 ], [ 23.339178113282912, 49.081007943468236 ], [ 23.347384382889505, 49.080841259041016 ], [ 23.34729965621818, 49.079044402144298 ], [ 23.344564339931296, 49.079100024895965 ] ] ], [ [ [ 23.577559306472306, 50.081289549351212 ], [ 23.583142152993918, 50.081165380008592 ], [ 23.583045571371251, 50.079369153566653 ], [ 23.58583687592499, 50.079306972237632 ], [ 23.585740199977895, 50.077510749035667 ], [ 23.591322571647485, 50.077386193089815 ], [ 23.593919795861652, 50.073731389707234 ], [ 23.604986175172964, 50.071685039031273 ], [ 23.604888810062565, 50.069888840703129 ], [ 23.607679516020713, 50.069826142775156 ], [ 23.60748460726775, 50.066233751961491 ], [ 23.610275095376984, 50.066170994945011 ], [ 23.610177551764533, 50.064374802462872 ], [ 23.612967926039413, 50.064311982399317 ], [ 23.612870288293554, 50.062515793194244 ], [ 23.615660548736663, 50.062452910092361 ], [ 23.615562816878324, 50.06065672416802 ], [ 23.618352963492253, 50.060593778036527 ], [ 23.618255137542359, 50.058797595396605 ], [ 23.621045170329698, 50.058734586244235 ], [ 23.62094725030915, 50.056938406892343 ], [ 23.623737169272498, 50.056875334727813 ], [ 23.626330852245069, 50.053219850734848 ], [ 23.631910224981333, 50.053093387420979 ], [ 23.634503086567459, 50.049437731668782 ], [ 23.612187099905487, 50.04994244921334 ], [ 23.612089540953537, 50.048146254424019 ], [ 23.603721194916925, 50.048334406384249 ], [ 23.603623957463956, 50.046538198992941 ], [ 23.58130876820611, 50.047036958786094 ], [ 23.581405174521041, 50.048833197735384 ], [ 23.573036506065534, 50.049019139245146 ], [ 23.572940411448457, 50.04722288853138 ], [ 23.570150939790317, 50.047284731147755 ], [ 23.570246930505558, 50.049080985774594 ], [ 23.561878145747539, 50.049266123433661 ], [ 23.561782466745424, 50.047469857093084 ], [ 23.539466114615443, 50.047960578887505 ], [ 23.539371276474334, 50.046164280805954 ], [ 23.52821328601917, 50.046408018545058 ], [ 23.528118873039055, 50.044611704351603 ], [ 23.525329455481927, 50.044672467473717 ], [ 23.52551808315684, 50.048265102861308 ], [ 23.522728448268964, 50.048325806680865 ], [ 23.523011149369108, 50.053714766119249 ], [ 23.525801096058125, 50.0536540507754 ], [ 23.525895452733927, 50.05545036536877 ], [ 23.523105402090284, 50.055511084554624 ], [ 23.523388217334659, 50.060900035728309 ], [ 23.529063431719358, 50.062574815268889 ], [ 23.529252457878236, 50.066167429180531 ], [ 23.532043113397695, 50.066106552867652 ], [ 23.532232385782127, 50.069699156316595 ], [ 23.535023239808769, 50.069638205256368 ], [ 23.535212758510031, 50.073230798231755 ], [ 23.538003811070258, 50.073169772406636 ], [ 23.541364888889834, 50.08388639551908 ], [ 23.546948195134529, 50.083763962142974 ], [ 23.547043442766714, 50.085560237974896 ], [ 23.549835185592123, 50.085498916795949 ], [ 23.54973983383735, 50.083702644844777 ], [ 23.552531462913173, 50.083641260473897 ], [ 23.552626918789279, 50.085437528540083 ], [ 23.574960436491292, 50.084944007790483 ], [ 23.577559306472306, 50.081289549351212 ] ] ], [ [ [ 26.032379959939274, 51.143206356669907 ], [ 26.035226809074178, 51.143083522114871 ], [ 26.035031491730475, 51.141292740459143 ], [ 26.032184751886899, 51.141415567206529 ], [ 26.032379959939274, 51.143206356669907 ] ] ], [ [ [ 25.003965144860285, 51.485179534068386 ], [ 25.003493299863763, 51.479799845134465 ], [ 25.000621450207291, 51.479898004396759 ], [ 24.999364808002191, 51.46555207774572 ], [ 24.996493838329759, 51.465650116749408 ], [ 24.996336943054967, 51.463856865636139 ], [ 24.999207800751062, 51.463758832888516 ], [ 24.998736876310669, 51.458379092950125 ], [ 24.9872546917995, 51.458770728035908 ], [ 24.987724272759667, 51.464150542955437 ], [ 24.990595179047794, 51.464052720670523 ], [ 24.990751850363282, 51.465845984282609 ], [ 24.987880832092198, 51.465943812810238 ], [ 24.989133889294294, 51.480289939512232 ], [ 24.986261958551761, 51.480387747803029 ], [ 24.986731785846203, 51.485767549313799 ], [ 24.983859502614074, 51.485865306123578 ], [ 24.984016031962653, 51.487658577748469 ], [ 24.989760806485961, 51.487462981434724 ], [ 24.989604052888993, 51.485669722293615 ], [ 24.995348538360549, 51.485473857625578 ], [ 24.99550551619706, 51.487267104265115 ], [ 25.006994740814559, 51.486874507387903 ], [ 25.006837314525502, 51.485081285804981 ], [ 25.003965144860285, 51.485179534068386 ] ] ], [ [ [ 25.505089522109856, 51.600082206125883 ], [ 25.507967058607839, 51.599971515645734 ], [ 25.507789270465107, 51.598179496718373 ], [ 25.513544063149432, 51.597957918808731 ], [ 25.516065235616718, 51.594263025943249 ], [ 25.527395105376858, 51.592026828807008 ], [ 25.527216603373475, 51.590234855502175 ], [ 25.535847027173823, 51.589900990888388 ], [ 25.535668206236252, 51.588109037903102 ], [ 25.544298126099502, 51.587774561646306 ], [ 25.544118986317105, 51.585982629017366 ], [ 25.546995476766366, 51.585871003405643 ], [ 25.54681624308666, 51.584079076906789 ], [ 25.540884478230854, 51.582510301826105 ], [ 25.537292849181121, 51.575453967214642 ], [ 25.534416977629654, 51.57556533920075 ], [ 25.533881014136064, 51.570189453435617 ], [ 25.531005461185803, 51.570300733815195 ], [ 25.53047000097995, 51.564924817812098 ], [ 25.527594766553953, 51.565036006615799 ], [ 25.526168582827772, 51.55070013021632 ], [ 25.523294228110743, 51.550811192031176 ], [ 25.523116150313225, 51.549019195934548 ], [ 25.52599039281241, 51.548908141206716 ], [ 25.524565535780191, 51.534572193464136 ], [ 25.527438862545271, 51.534461125216019 ], [ 25.526904508607583, 51.529085149727145 ], [ 25.529777480662322, 51.528974032554508 ], [ 25.529421112614003, 51.525390058119221 ], [ 25.526548364697838, 51.52550116111378 ], [ 25.526370320350061, 51.52370916532103 ], [ 25.520624993429188, 51.52393114662528 ], [ 25.520802813665298, 51.525723156581115 ], [ 25.517930010571863, 51.525834049051788 ], [ 25.517752302395344, 51.524042032021043 ], [ 25.494770113877291, 51.524926588896953 ], [ 25.494593320542712, 51.523134514442532 ], [ 25.48597503421157, 51.523465044229226 ], [ 25.485798595334511, 51.521672947702214 ], [ 25.480053204038917, 51.521892935961915 ], [ 25.477532704609686, 51.525587058995747 ], [ 25.471786755747452, 51.525806654211237 ], [ 25.469265377773162, 51.529500618804065 ], [ 25.463518871399536, 51.529719820854353 ], [ 25.463870119307067, 51.533304117179412 ], [ 25.466743605847764, 51.533194537270624 ], [ 25.466919369191363, 51.534986676972373 ], [ 25.469792949712112, 51.534877019857682 ], [ 25.469968843390333, 51.536669151582423 ], [ 25.472842517886164, 51.536559417253429 ], [ 25.473018541921999, 51.538351540995578 ], [ 25.478942327235469, 51.539923956415016 ], [ 25.479294915104138, 51.543508170953615 ], [ 25.485219579735855, 51.545080246399294 ], [ 25.485572725900425, 51.548664426961992 ], [ 25.488447094640406, 51.548554292379713 ], [ 25.488800538340691, 51.552138454952143 ], [ 25.491675113291823, 51.552028236061474 ], [ 25.492205752746877, 51.557404451437591 ], [ 25.495080646213555, 51.557294141179796 ], [ 25.495611787251093, 51.562670326573254 ], [ 25.498486999310369, 51.56255992491775 ], [ 25.499905080411267, 51.576896319562394 ], [ 25.502781173032563, 51.576785791210433 ], [ 25.502958628121185, 51.578577829048676 ], [ 25.500082423086859, 51.578688364455907 ], [ 25.501501825306406, 51.593024688096477 ], [ 25.498624702182809, 51.593135209616044 ], [ 25.499156943461589, 51.598511335872438 ], [ 25.49627946437937, 51.598621808196818 ], [ 25.496811533249797, 51.603997946737707 ], [ 25.493933698101586, 51.60410836984407 ], [ 25.494288277289808, 51.607692471376438 ], [ 25.497166337636642, 51.607582034169155 ], [ 25.496988926260887, 51.605789990946377 ], [ 25.499866855637979, 51.605679490406771 ], [ 25.499689350035858, 51.603887453252725 ], [ 25.502567148448218, 51.603776889390183 ], [ 25.505089522109856, 51.600082206125883 ] ] ], [ [ [ 25.765178117355532, 51.573599035194313 ], [ 25.762303293746427, 51.573715987104428 ], [ 25.761928073132847, 51.570133223010615 ], [ 25.759053454539131, 51.57025008977719 ], [ 25.758865985525304, 51.568458698717414 ], [ 25.755991459739203, 51.568575487810584 ], [ 25.75561680422064, 51.56499268767795 ], [ 25.752742483422516, 51.565109391659938 ], [ 25.752929689321217, 51.566900799690622 ], [ 25.750055236988477, 51.567017440903712 ], [ 25.750429482477227, 51.570600268742311 ], [ 25.747554786401281, 51.57071685461549 ], [ 25.74774182595954, 51.572508274420585 ], [ 25.744866998324291, 51.572624797502151 ], [ 25.745053944998116, 51.574416223707424 ], [ 25.742178985798301, 51.574532683987989 ], [ 25.742365839564716, 51.576324116590051 ], [ 25.73949074879506, 51.576440514060231 ], [ 25.736988955169014, 51.580139733091798 ], [ 25.742739605080576, 51.57990697869247 ], [ 25.74292651683529, 51.581698408192658 ], [ 25.751552683507967, 51.581348727405071 ], [ 25.751365434928644, 51.579557320217162 ], [ 25.759991090477822, 51.579207029516773 ], [ 25.759803524498661, 51.577415643643626 ], [ 25.762678591978197, 51.577298747046619 ], [ 25.765178117355532, 51.573599035194313 ] ] ], [ [ [ 25.491410198587349, 51.607802838195134 ], [ 25.491587403094496, 51.609594894530062 ], [ 25.494465594416088, 51.609484520664537 ], [ 25.494288277289808, 51.607692471376438 ], [ 25.491410198587349, 51.607802838195134 ] ] ], [ [ [ 25.486362013158004, 51.615191636420327 ], [ 25.489240579102972, 51.615081382227025 ], [ 25.48906343220489, 51.613289321802966 ], [ 25.486184978918729, 51.613399568956709 ], [ 25.486362013158004, 51.615191636420327 ] ] ], [ [ [ 25.481135362886377, 51.620788172267822 ], [ 25.484014303542562, 51.620678037799486 ], [ 25.483837326998781, 51.618885966251192 ], [ 25.480958499041087, 51.618996093687244 ], [ 25.481135362886377, 51.620788172267822 ] ] ], [ [ [ 25.481489145525597, 51.624372326479858 ], [ 25.481135362886377, 51.620788172267822 ], [ 25.478256403914802, 51.620898236311128 ], [ 25.475730758400282, 51.624592412245988 ], [ 25.481489145525597, 51.624372326479858 ] ] ], [ [ [ 24.333753570850888, 51.734553072239443 ], [ 24.333621395237621, 51.732758573211036 ], [ 24.327841341579148, 51.732922566666979 ], [ 24.327973289050288, 51.734717076191536 ], [ 24.333753570850888, 51.734553072239443 ] ] ], [ [ [ 24.333753570850888, 51.734553072239443 ], [ 24.333885760199703, 51.736347570476049 ], [ 24.336775994582588, 51.736265456774682 ], [ 24.33664369115375, 51.734470963793349 ], [ 24.333753570850888, 51.734553072239443 ] ] ], [ [ [ 25.080077242432285, 51.948392133280514 ], [ 25.085880008991442, 51.948190571312409 ], [ 25.085716813321291, 51.946397665871011 ], [ 25.079914276962409, 51.946599214926991 ], [ 25.080077242432285, 51.948392133280514 ] ] ], [ [ [ 25.094911164256786, 51.951473462522273 ], [ 25.095074756363179, 51.953266345816594 ], [ 25.115385961489817, 51.952556996549092 ], [ 25.117958484824396, 51.948869711885152 ], [ 25.094747589203909, 51.949680578312972 ], [ 25.094584031202189, 51.947887693188704 ], [ 25.085880008991442, 51.948190571312409 ], [ 25.086043221674672, 51.949983475840462 ], [ 25.091846150396119, 51.949781615514922 ], [ 25.092009610333278, 51.951574506197225 ], [ 25.094911164256786, 51.951473462522273 ] ] ], [ [ [ 25.126662288093986, 51.948564459666748 ], [ 25.126827129263983, 51.950357272373502 ], [ 25.118122980718109, 51.950662544147093 ], [ 25.118287493760565, 51.952455375489919 ], [ 25.135696326794793, 51.951844150620545 ], [ 25.135861547662444, 51.953636941886749 ], [ 25.138763074729372, 51.953534814789784 ], [ 25.138432420020465, 51.949949244418896 ], [ 25.13553112314969, 51.950051358432077 ], [ 25.135365936724753, 51.94825856532141 ], [ 25.126662288093986, 51.948564459666748 ] ] ], [ [ [ 28.344570059100832, 45.336670656086021 ], [ 28.342039482987687, 45.336834252385543 ], [ 28.340880152107911, 45.3279103913531 ], [ 28.338349945092638, 45.328073881443018 ], [ 28.338581689714292, 45.32985866674511 ], [ 28.336051382857764, 45.330022111352179 ], [ 28.336283071016144, 45.33180690528151 ], [ 28.331453789440324, 45.333918460571802 ], [ 28.331916961497946, 45.337488081439467 ], [ 28.327087032793152, 45.339599490678012 ], [ 28.327781549312292, 45.344953967012074 ], [ 28.332843565820035, 45.344627305334313 ], [ 28.335838130289044, 45.348033473844872 ], [ 28.340900329498798, 45.347706437904762 ], [ 28.341132312888604, 45.349491206832077 ], [ 28.343663458145283, 45.349327595284372 ], [ 28.343895541489477, 45.351112352596807 ], [ 28.346426743248728, 45.350948675283348 ], [ 28.346658926561599, 45.352733420976179 ], [ 28.349190184818461, 45.352569677890813 ], [ 28.349422468114344, 45.354354411959299 ], [ 28.35471753739418, 45.355811450887707 ], [ 28.354252636082421, 45.352242024798137 ], [ 28.351721421327785, 45.352405879164372 ], [ 28.351024467237799, 45.347051698418007 ], [ 28.348493465406008, 45.347215466737353 ], [ 28.347796941654192, 45.341861242164249 ], [ 28.345266152702898, 45.342024924461342 ], [ 28.344570059100832, 45.336670656086021 ] ] ], [ [ [ 28.354950020699047, 45.357596161693195 ], [ 28.35748144841887, 45.357432221255387 ], [ 28.3572488868645, 45.355647520594864 ], [ 28.35471753739418, 45.355811450887707 ], [ 28.354950020699047, 45.357596161693195 ] ] ], [ [ [ 28.36071090447809, 45.362622287740493 ], [ 28.363242523414346, 45.362458205550084 ], [ 28.363009739988609, 45.36067352967472 ], [ 28.360478199318358, 45.360837601711495 ], [ 28.36071090447809, 45.362622287740493 ] ] ], [ [ [ 28.497323966534356, 45.564262800950814 ], [ 28.492244160986957, 45.564598000173987 ], [ 28.492959834650822, 45.569950255695829 ], [ 28.490419661235077, 45.57011780240272 ], [ 28.490658184863783, 45.571901894873491 ], [ 28.506138383774857, 45.572679740929182 ], [ 28.505660365732769, 45.5691116820256 ], [ 28.503120304340086, 45.569279508773398 ], [ 28.502881407975792, 45.567495466631506 ], [ 28.500341403182578, 45.567663226994284 ], [ 28.497323966534356, 45.564262800950814 ] ] ], [ [ [ 28.506377426441841, 45.574463768073464 ], [ 28.508917702491797, 45.574295854158805 ], [ 28.508678580789709, 45.572511837402708 ], [ 28.506138383774857, 45.572679740929182 ], [ 28.506377426441841, 45.574463768073464 ] ] ], [ [ [ 26.584573428493961, 50.788750943173277 ], [ 26.587396162236786, 50.788615348280672 ], [ 26.587182208935829, 50.786826063081328 ], [ 26.584359581908593, 50.786961649385198 ], [ 26.584573428493961, 50.788750943173277 ] ] ], [ [ [ 26.67467927893151, 50.829378961446245 ], [ 26.673591500107154, 50.820433930902674 ], [ 26.670767267658317, 50.8205716729343 ], [ 26.670549885218144, 50.818782654423835 ], [ 26.673374010821938, 50.818644921117659 ], [ 26.671634893800253, 50.804332798736446 ], [ 26.674458142900132, 50.804195067155796 ], [ 26.675976681002048, 50.793323228993962 ], [ 26.678799245532979, 50.793185413692669 ], [ 26.678364313003112, 50.78960740850215 ], [ 26.68118664205571, 50.789469542640596 ], [ 26.67792946902496, 50.78602939840831 ], [ 26.67228517111775, 50.786304891183548 ], [ 26.672502368749466, 50.7880939142917 ], [ 26.649923440273007, 50.789193234507252 ], [ 26.650139806655677, 50.790982326019488 ], [ 26.644494640672416, 50.791256493217688 ], [ 26.644278487659761, 50.789467384340924 ], [ 26.62169779779844, 50.790561262492339 ], [ 26.621482520303935, 50.78877208311512 ], [ 26.613014719730323, 50.789181138933273 ], [ 26.612799784236792, 50.787391932434808 ], [ 26.604332106798736, 50.787800350053004 ], [ 26.604117513265248, 50.786011116475585 ], [ 26.590004814179306, 50.786690408738117 ], [ 26.590218874192946, 50.788479685344434 ], [ 26.587396162236786, 50.788615348280672 ], [ 26.587610137324418, 50.790404632275376 ], [ 26.590432956003966, 50.790268960745493 ], [ 26.590647059615282, 50.792058234941194 ], [ 26.596507183917684, 50.793575926329069 ], [ 26.59693592719395, 50.797154434283712 ], [ 26.602796883694868, 50.798671780970629 ], [ 26.603226185111271, 50.802250247231896 ], [ 26.606049641944214, 50.802114175158522 ], [ 26.606479244414444, 50.805692619344661 ], [ 26.609302892967186, 50.805556461951575 ], [ 26.609732796594464, 50.809134884048127 ], [ 26.612556636887515, 50.808998641316911 ], [ 26.613201977087172, 50.81436623948931 ], [ 26.616026115991154, 50.814229902764694 ], [ 26.62014278781519, 50.824828557891273 ], [ 26.622967524145903, 50.824692033089207 ], [ 26.623398765220394, 50.828270359402048 ], [ 26.626223693428972, 50.828133749171471 ], [ 26.626655236276719, 50.831712053317609 ], [ 26.629480356383652, 50.831575357640105 ], [ 26.629696267744922, 50.833364499230235 ], [ 26.635346655855233, 50.833090886139679 ], [ 26.635562803144079, 50.834880009178143 ], [ 26.647080339988168, 50.836121017750457 ], [ 26.646863742814006, 50.834331930655303 ], [ 26.655339215876491, 50.8339201563426 ], [ 26.655122319940464, 50.832131094115887 ], [ 26.663597273284825, 50.831718732749572 ], [ 26.663380078674908, 50.829929695425818 ], [ 26.67467927893151, 50.829378961446245 ] ] ], [ [ [ 27.205666393393496, 50.868847811342135 ], [ 27.20849079399224, 50.86869702627947 ], [ 27.208014165639469, 50.865122512988926 ], [ 27.205189978468567, 50.86527327896102 ], [ 27.205666393393496, 50.868847811342135 ] ] ], [ [ [ 27.119261179514915, 50.947223959447818 ], [ 27.122090788325508, 50.947075101964835 ], [ 27.121855109237153, 50.945287578590005 ], [ 27.119025607694585, 50.945436426642488 ], [ 27.119261179514915, 50.947223959447818 ] ] ], [ [ [ 27.822987729661126, 50.96567380637407 ], [ 27.82325047090864, 50.967458840916933 ], [ 27.826077360802969, 50.967292891816449 ], [ 27.825814512768439, 50.965507867773766 ], [ 27.822987729661126, 50.96567380637407 ] ] ], [ [ [ 27.823513238933273, 50.96924387393301 ], [ 27.82325047090864, 50.967458840916933 ], [ 27.820423554237177, 50.967624721987015 ], [ 27.820686215460583, 50.969409765499869 ], [ 27.823513238933273, 50.96924387393301 ] ] ], [ [ [ 27.305907614567918, 51.041659531869584 ], [ 27.305664067969055, 51.039872662416727 ], [ 27.308498311182124, 51.03971909092855 ], [ 27.308254681777154, 51.037932229820463 ], [ 27.311088792423586, 51.037778599665295 ], [ 27.310845080234099, 51.035991746904848 ], [ 27.313679058320556, 51.035838058091869 ], [ 27.316025231207501, 51.032110630164055 ], [ 27.321692632263357, 51.031802949581454 ], [ 27.324037969028431, 51.028075388939286 ], [ 27.315537550535726, 51.028536953881108 ], [ 27.313191493314623, 51.032264367882703 ], [ 27.307523942852871, 51.032571638167603 ], [ 27.307767497615846, 51.034358503439883 ], [ 27.302099632354217, 51.03466551963465 ], [ 27.302342996669111, 51.036452402976359 ], [ 27.293840689372377, 51.036912443466967 ], [ 27.294083755500889, 51.038699354578327 ], [ 27.285580901688498, 51.039158808567564 ], [ 27.285823669539269, 51.040945747414476 ], [ 27.280154760903088, 51.041251727415059 ], [ 27.280397338111445, 51.043038684273093 ], [ 27.286066462190984, 51.042732684879041 ], [ 27.286309279646972, 51.044519620961104 ], [ 27.289143912213248, 51.044366508930715 ], [ 27.289386862215114, 51.046153433925582 ], [ 27.295056268348343, 51.045846985177988 ], [ 27.295299458660185, 51.047633889365912 ], [ 27.298134232206362, 51.047480552637985 ], [ 27.297890934155387, 51.045693658168254 ], [ 27.300725575108299, 51.045540262736431 ], [ 27.300482194186426, 51.043753376602737 ], [ 27.305907614567918, 51.041659531869584 ] ] ], [ [ [ 27.0593170914056, 51.186145991128896 ], [ 27.067850613993528, 51.185702094907242 ], [ 27.067615019695353, 51.183914463781221 ], [ 27.076147998673566, 51.183469976138149 ], [ 27.07591210220609, 51.181682371894084 ], [ 27.098664778491848, 51.180494118078315 ], [ 27.098428036270118, 51.178706587917134 ], [ 27.106959563803528, 51.178259885444724 ], [ 27.107196632192132, 51.180047387254433 ], [ 27.110040534864432, 51.179898339337178 ], [ 27.109566204951214, 51.176323353295821 ], [ 27.106722519699503, 51.176472382295593 ], [ 27.104827040720973, 51.16217230889513 ], [ 27.101984200458883, 51.162321193476515 ], [ 27.101510790540221, 51.158746142844841 ], [ 27.104353413593891, 51.158597277157874 ], [ 27.102459874773746, 51.144297096685015 ], [ 27.105301605208016, 51.144148237812495 ], [ 27.106722873117537, 51.133274232015317 ], [ 27.109563904293182, 51.133125292386943 ], [ 27.111457569657048, 51.125826280758744 ], [ 27.116901652030808, 51.123740648395284 ], [ 27.116427741687648, 51.120165673855489 ], [ 27.119267917197622, 51.120016525665442 ], [ 27.119030890060433, 51.118229045845816 ], [ 27.121870932981022, 51.118079838452346 ], [ 27.121633821775475, 51.116292366756241 ], [ 27.124473732113174, 51.116143100168607 ], [ 27.124236536861055, 51.114355636598965 ], [ 27.127076314622386, 51.11420631082639 ], [ 27.126839035345458, 51.112418855386167 ], [ 27.129678680536934, 51.112269470437923 ], [ 27.129441317256973, 51.110482023130075 ], [ 27.132280829885111, 51.110332579015385 ], [ 27.132043382623884, 51.108545139842867 ], [ 27.137484478995475, 51.106458643116937 ], [ 27.135584238136328, 51.092159222306449 ], [ 27.138422595782149, 51.092009667159893 ], [ 27.13771008182831, 51.086647390616889 ], [ 27.140548090781447, 51.086497795341323 ], [ 27.139835471093615, 51.081135535150032 ], [ 27.142673131460491, 51.080985899766034 ], [ 27.144560083481181, 51.073686572643787 ], [ 27.149996591967277, 51.071599644877601 ], [ 27.14952101227626, 51.068024860500266 ], [ 27.152357819183489, 51.067875017391479 ], [ 27.152119957813781, 51.06608763268207 ], [ 27.154956632420529, 51.065937730549173 ], [ 27.154718687393249, 51.064150353995814 ], [ 27.157555229706031, 51.064000392848008 ], [ 27.157317201042879, 51.062213024453648 ], [ 27.160153611068214, 51.062063004300164 ], [ 27.159915498790856, 51.060275644067779 ], [ 27.16275177653527, 51.060125564917847 ], [ 27.162513580665379, 51.05833821285033 ], [ 27.165349726135386, 51.058188074713179 ], [ 27.165111446694649, 51.056400730813493 ], [ 27.167947459896769, 51.056250533698325 ], [ 27.170306531330162, 51.052525614330257 ], [ 27.175978004323756, 51.052224915759439 ], [ 27.178336237118732, 51.048499861780478 ], [ 27.184007132319447, 51.048198790494503 ], [ 27.183768219668913, 51.046411506563558 ], [ 27.189438801542121, 51.046110180501309 ], [ 27.189199697657628, 51.044322914315678 ], [ 27.197705063745776, 51.043870440439605 ], [ 27.197226282473174, 51.040295961357906 ], [ 27.179977916838219, 51.039412879442139 ], [ 27.179739233998323, 51.037625579191037 ], [ 27.168161608816249, 51.036439605475941 ], [ 27.164850640164907, 51.033015063793094 ], [ 27.159181393200516, 51.033315142118923 ], [ 27.158943562159436, 51.031527769800412 ], [ 27.156109009990431, 51.031677696796265 ], [ 27.155871311001714, 51.029890313625039 ], [ 27.15303684230738, 51.030040162682205 ], [ 27.152799275349402, 51.028252768664096 ], [ 27.149964890136218, 51.028402539790484 ], [ 27.149727455187353, 51.026615134931326 ], [ 27.146893153461829, 51.026764828134816 ], [ 27.146655850500462, 51.024977412440428 ], [ 27.143821632269081, 51.0251270277289 ], [ 27.143584461273576, 51.023339601205102 ], [ 27.140750326542832, 51.023489138586456 ], [ 27.140513287491579, 51.021701701239103 ], [ 27.134608361429276, 51.020213094146889 ], [ 27.1341348351575, 51.016638174850186 ], [ 27.128230746509605, 51.015149214342365 ], [ 27.127757795991599, 51.011574249152631 ], [ 27.124924294211972, 51.011723378210498 ], [ 27.124451655597166, 51.008148388754272 ], [ 27.12161834499349, 51.00829743051527 ], [ 27.120909890940606, 51.002934907945473 ], [ 27.118076879115822, 51.003083852987601 ], [ 27.11736896486601, 50.997721290050819 ], [ 27.114536251753076, 50.997870138404792 ], [ 27.11265040053274, 50.983569836270178 ], [ 27.109818523723479, 50.983718540838545 ], [ 27.109347516512397, 50.980143433094035 ], [ 27.112179178333623, 50.979994747371933 ], [ 27.110295251189438, 50.965694338345095 ], [ 27.113126029467569, 50.965545659684288 ], [ 27.112419631107368, 50.960183012524716 ], [ 27.115250063229293, 50.960034293842661 ], [ 27.114543559051103, 50.954671662928305 ], [ 27.117373645122179, 50.954522904245522 ], [ 27.119261179514915, 50.947223959447818 ], [ 27.113601889805537, 50.947521469671628 ], [ 27.113366532530858, 50.945733918018107 ], [ 27.090729272405252, 50.946921153594893 ], [ 27.090494797363551, 50.945133525389281 ], [ 27.082005751690758, 50.945577584402528 ], [ 27.081771622422838, 50.943789926733501 ], [ 27.073282683652526, 50.944233343345807 ], [ 27.073048900119385, 50.942445656256126 ], [ 27.070219313435736, 50.942593315927489 ], [ 27.071154161463955, 50.949744093761417 ], [ 27.073984177372552, 50.949596396662344 ], [ 27.074451959151624, 50.953171758911914 ], [ 27.071621728565969, 50.95331947472912 ], [ 27.073492951488358, 50.967620945585857 ], [ 27.070661837881829, 50.967768667991137 ], [ 27.07136361807849, 50.97313172577369 ], [ 27.068532158226748, 50.973279407938719 ], [ 27.069233830879508, 50.978642481871717 ], [ 27.066402024677153, 50.978790123775937 ], [ 27.06450523220904, 50.986088518878823 ], [ 27.059074244126588, 50.988171256524389 ], [ 27.059307871916204, 50.989958975975732 ], [ 27.062140395002515, 50.989811483025889 ], [ 27.062607937341287, 50.993386899261601 ], [ 27.059775199065321, 50.993534410909596 ], [ 27.06164546239517, 51.007836097713131 ], [ 27.058811839040999, 51.007983615767131 ], [ 27.059513258711124, 51.013346754533607 ], [ 27.056679288336245, 51.013494232215201 ], [ 27.057380599741482, 51.018857387120619 ], [ 27.054546282240192, 51.019004824409137 ], [ 27.052646494825577, 51.026303122705983 ], [ 27.049811698408316, 51.026450460462613 ], [ 27.050045288759371, 51.028238198862553 ], [ 27.047210360651917, 51.028385477491803 ], [ 27.047677397280697, 51.031960969003904 ], [ 27.044842229626958, 51.032108197830972 ], [ 27.045075675875395, 51.033895950940774 ], [ 27.039638307640843, 51.035977992258552 ], [ 27.040804937037635, 51.044916824712921 ], [ 27.037968942538189, 51.045063913366057 ], [ 27.036532370991289, 51.055937600827789 ], [ 27.03369568093947, 51.056084608373695 ], [ 27.034162137936299, 51.05966017224614 ], [ 27.031325207991703, 51.059807129887297 ], [ 27.0315583642166, 51.061594919166382 ], [ 27.0374658125079, 51.063088686003944 ], [ 27.037932676438764, 51.066664220677886 ], [ 27.043840965380518, 51.068157634680304 ], [ 27.047613747218591, 51.075161292335366 ], [ 27.0504515304482, 51.075013907851904 ], [ 27.051153661311428, 51.080377068066049 ], [ 27.053991745006353, 51.080229586940689 ], [ 27.054694415820371, 51.085592707183082 ], [ 27.057532800048314, 51.085445129384993 ], [ 27.059408509139807, 51.099746650196678 ], [ 27.062247735139145, 51.099598928851748 ], [ 27.062482414994353, 51.101386603618799 ], [ 27.059643080728236, 51.101534334334517 ], [ 27.061520517708264, 51.115835759707778 ], [ 27.058680292890017, 51.115983496736632 ], [ 27.057247830023798, 51.126857290880395 ], [ 27.054406906776123, 51.127004946743753 ], [ 27.052504096255348, 51.134303332858984 ], [ 27.047055639256243, 51.136386091057588 ], [ 27.047524465706317, 51.139961517389146 ], [ 27.044682687075419, 51.140108963883378 ], [ 27.044917027773053, 51.141896684420566 ], [ 27.042075116618349, 51.142044071522328 ], [ 27.042309372767214, 51.143831800089579 ], [ 27.039467329082253, 51.143979127789635 ], [ 27.039701500660506, 51.145766864383987 ], [ 27.034251102659841, 51.147849086160363 ], [ 27.038498436853043, 51.158428317258881 ], [ 27.03565547640946, 51.158575582191062 ], [ 27.03752931773543, 51.172877502927705 ], [ 27.034685463768568, 51.173024773823506 ], [ 27.0353882240112, 51.178388000340895 ], [ 27.038232404237462, 51.17824070139951 ], [ 27.038935706877655, 51.183603887973767 ], [ 27.04178018943686, 51.183456492126879 ], [ 27.043188096473042, 51.194182773422582 ], [ 27.046033207969334, 51.194035252548453 ], [ 27.048408461470167, 51.190312278456886 ], [ 27.059552383442771, 51.187933649102298 ], [ 27.0593170914056, 51.186145991128896 ] ] ], [ [ [ 29.171695633157057, 51.060542878375244 ], [ 29.168871818238511, 51.06074160312572 ], [ 29.168241287050627, 51.057182616075714 ], [ 29.162593985030828, 51.05757981241846 ], [ 29.162909022561539, 51.05935933199094 ], [ 29.160085217443722, 51.059557841196479 ], [ 29.160400181007475, 51.061337371353538 ], [ 29.163224092153282, 51.061138849616711 ], [ 29.165745803596515, 51.075374920519458 ], [ 29.168570531242977, 51.075176230791897 ], [ 29.168885995693881, 51.076955718345005 ], [ 29.166061161929612, 51.077154420616537 ], [ 29.167007429568311, 51.082492909215588 ], [ 29.16983258174875, 51.082294169306458 ], [ 29.17014817468203, 51.08407364906035 ], [ 29.172973400890818, 51.083874828878052 ], [ 29.172342034851006, 51.080315892523096 ], [ 29.169517020942486, 51.080514687602466 ], [ 29.169201492258953, 51.07873520394859 ], [ 29.172026400033019, 51.078536421419265 ], [ 29.169502477771196, 51.064300582380675 ], [ 29.172326504751435, 51.064101832539777 ], [ 29.171695633157057, 51.060542878375244 ] ] ], [ [ [ 29.309653047566613, 51.191292318299936 ], [ 29.308686624512088, 51.185955854672777 ], [ 29.311517082615762, 51.185753400736516 ], [ 29.310550635283541, 51.180416957444052 ], [ 29.313380740709587, 51.180214473972633 ], [ 29.314921823991028, 51.172896739156826 ], [ 29.320258639790371, 51.170712759859889 ], [ 29.319613981798618, 51.1671552032726 ], [ 29.322443209996841, 51.166952537863004 ], [ 29.322120823779731, 51.16517376935905 ], [ 29.324949912625964, 51.16497104889779 ], [ 29.324627452781929, 51.163192291188714 ], [ 29.327456402284938, 51.162989515685041 ], [ 29.329640071968569, 51.159229202124429 ], [ 29.326811368252294, 51.159432019853838 ], [ 29.32648890053256, 51.1576532689269 ], [ 29.3236602703995, 51.157856006020779 ], [ 29.323337941974, 51.156077240285214 ], [ 29.317358713340333, 51.154703692058298 ], [ 29.316714646354345, 51.15114609938675 ], [ 29.313886343440828, 51.151348581832814 ], [ 29.313564465571258, 51.149569769706602 ], [ 29.293766172359305, 51.150985158391521 ], [ 29.293445072181353, 51.14920625489188 ], [ 29.276154040085569, 51.14863774152721 ], [ 29.275833643864431, 51.146858757607355 ], [ 29.264200168900764, 51.145885241445114 ], [ 29.260732244486107, 51.142528334395834 ], [ 29.255075853726229, 51.142930475833658 ], [ 29.254756332912898, 51.141151395006901 ], [ 29.251928195114349, 51.141352351294522 ], [ 29.251608813269907, 51.139573255796364 ], [ 29.248780749346096, 51.139774131573112 ], [ 29.248461506449573, 51.137995021409829 ], [ 29.245633516409153, 51.138195816683158 ], [ 29.245314412439569, 51.136416691861065 ], [ 29.242486496291235, 51.136617406638436 ], [ 29.242167531227572, 51.134838267163786 ], [ 29.239339688979982, 51.135038901452674 ], [ 29.239020862801301, 51.133259747331778 ], [ 29.236193094463101, 51.133460301139621 ], [ 29.232728164256578, 51.130102422318416 ], [ 29.227072890829444, 51.130503140245573 ], [ 29.22360884409273, 51.127144948889232 ], [ 29.217953801643077, 51.127545209390526 ], [ 29.217635882305448, 51.12576595685821 ], [ 29.214808418862788, 51.125965972766629 ], [ 29.214490638271929, 51.124186705635971 ], [ 29.211663248820123, 51.124386641112778 ], [ 29.211345606955074, 51.122607359390088 ], [ 29.208518291502759, 51.122807214442723 ], [ 29.208200788342527, 51.121027918134274 ], [ 29.205373546898333, 51.121227692770233 ], [ 29.205056182421938, 51.119448381882272 ], [ 29.202229014994476, 51.119648076109016 ], [ 29.201911789180965, 51.117868750647823 ], [ 29.195940589239061, 51.116488557875371 ], [ 29.195306724419531, 51.112929846737373 ], [ 29.189336342765891, 51.111549276160233 ], [ 29.189969717765816, 51.115108041584776 ], [ 29.192796695362766, 51.114908656330385 ], [ 29.193113537584779, 51.116688023514243 ], [ 29.190286453654878, 51.116887421359479 ], [ 29.192821502673162, 51.131122389030736 ], [ 29.189993535402483, 51.131321819808264 ], [ 29.189066901545743, 51.142197477334541 ], [ 29.186238230908213, 51.1423968479846 ], [ 29.184676898972359, 51.149713742045677 ], [ 29.17933525440862, 51.151891662804793 ], [ 29.179968772019141, 51.155450493124121 ], [ 29.177139226404726, 51.155649680376918 ], [ 29.17745592705241, 51.157429105183923 ], [ 29.172113045498776, 51.159606749157717 ], [ 29.172429597480001, 51.16138619520877 ], [ 29.175259527487583, 51.1611871060243 ], [ 29.175892941554942, 51.164745967107265 ], [ 29.181870100007764, 51.166126937110747 ], [ 29.185968878002896, 51.173045146219465 ], [ 29.188799425350531, 51.172845697227643 ], [ 29.189751553805774, 51.178183793689648 ], [ 29.192582388887704, 51.177984238948547 ], [ 29.193217516478605, 51.181542934901117 ], [ 29.21303394870294, 51.18014397266473 ], [ 29.213352308132119, 51.18192322931376 ], [ 29.221844898173163, 51.181322617013649 ], [ 29.222163610201278, 51.183101833748978 ], [ 29.230656227849448, 51.182500572032481 ], [ 29.230975292504969, 51.184279748810454 ], [ 29.242618277952772, 51.185256188817846 ], [ 29.24608852777321, 51.188613552142357 ], [ 29.251750638036945, 51.188211590467418 ], [ 29.252070579973672, 51.18999067053727 ], [ 29.254901692883827, 51.189789575086408 ], [ 29.255221774172099, 51.191568640469086 ], [ 29.258052961159294, 51.191367464368113 ], [ 29.258373181820172, 51.193146515057286 ], [ 29.261204442875684, 51.192945258298707 ], [ 29.261524802930253, 51.1947242942881 ], [ 29.264356138045365, 51.194522956864454 ], [ 29.264676637514658, 51.19630197814773 ], [ 29.267508046680664, 51.196100560051534 ], [ 29.267828685585741, 51.197879566622426 ], [ 29.273812504397412, 51.19925548023464 ], [ 29.274454372811253, 51.202813432497656 ], [ 29.280117816124609, 51.202410018737794 ], [ 29.280439012983557, 51.204188966395975 ], [ 29.286102538787926, 51.203785255291088 ], [ 29.289577385200651, 51.207141110601455 ], [ 29.295241141332465, 51.206736940674354 ], [ 29.295562970443985, 51.208515818547845 ], [ 29.298394906053609, 51.208313618864544 ], [ 29.298716874781771, 51.210092481964821 ], [ 29.30154888433373, 51.209890201537071 ], [ 29.301870992699612, 51.211669049857846 ], [ 29.304703076185135, 51.211466688678208 ], [ 29.308179869324654, 51.214821899016911 ], [ 29.311012100650984, 51.21461937631107 ], [ 29.310044715816556, 51.209282952450991 ], [ 29.307212804861653, 51.209485436778301 ], [ 29.306568259608056, 51.205927785270077 ], [ 29.309399957034671, 51.205725326523606 ], [ 29.306822236674915, 51.191494742682842 ], [ 29.309653047566613, 51.191292318299936 ] ] ], [ [ [ 27.2129531810717, 51.390458431873739 ], [ 27.230090952465599, 51.389545032816748 ], [ 27.228629512478953, 51.378822874253274 ], [ 27.231485060695988, 51.378670456673184 ], [ 27.232878726985238, 51.367795877962784 ], [ 27.235733566145129, 51.367643380007699 ], [ 27.237613431529915, 51.36034280156332 ], [ 27.243078212438235, 51.358250550209704 ], [ 27.242590499524919, 51.354676572346825 ], [ 27.245444470253705, 51.354523865388522 ], [ 27.245200541680362, 51.352736884090454 ], [ 27.248054377651325, 51.352584117637953 ], [ 27.247810364455361, 51.350797144665748 ], [ 27.25066406567527, 51.350644318728392 ], [ 27.250419967878827, 51.348857354084991 ], [ 27.253273534354456, 51.348704468672118 ], [ 27.253029351979645, 51.34691751236047 ], [ 27.255882783717745, 51.346764567481408 ], [ 27.258247462328864, 51.343037675529253 ], [ 27.249687824930376, 51.343496451870067 ], [ 27.24993184750976, 51.345283420655726 ], [ 27.241371655604741, 51.345741603559922 ], [ 27.241615374303663, 51.347528600074533 ], [ 27.218786217779016, 51.348747454555749 ], [ 27.219029084081509, 51.350534527132879 ], [ 27.210467409300236, 51.350990484839222 ], [ 27.210224872091729, 51.34920338329318 ], [ 27.187393521367646, 51.350416148349154 ], [ 27.187151886719967, 51.348628968378989 ], [ 27.178590049388088, 51.349082584500721 ], [ 27.18003825424729, 51.359805816829123 ], [ 27.182892883361173, 51.359654623032284 ], [ 27.183376036376732, 51.363229003691231 ], [ 27.180521187664414, 51.36338021670479 ], [ 27.182453914368317, 51.377677761682371 ], [ 27.179598161972802, 51.377828982311698 ], [ 27.18032301459677, 51.383190568014442 ], [ 27.177466907599221, 51.383341748183945 ], [ 27.178191653961161, 51.388703350445596 ], [ 27.175335192252636, 51.388854490134491 ], [ 27.175818260734605, 51.392428904042177 ], [ 27.172961554212915, 51.392579993625702 ], [ 27.173203015704793, 51.394367208139954 ], [ 27.178916623918848, 51.394064940440877 ], [ 27.18225704835362, 51.397488069893186 ], [ 27.187970947456861, 51.397185347781097 ], [ 27.188213033621391, 51.398972510135359 ], [ 27.191070055860724, 51.398821035460003 ], [ 27.190827859672876, 51.397033882733645 ], [ 27.196541609378134, 51.396730744663074 ], [ 27.196299218081172, 51.394943609837632 ], [ 27.204869325659324, 51.394488411747389 ], [ 27.204626629323535, 51.392701304485527 ], [ 27.213196182352707, 51.39224551153734 ], [ 27.2129531810717, 51.390458431873739 ] ] ], [ [ [ 29.344273541788006, 51.255481583608571 ], [ 29.347108008971329, 51.255278072885872 ], [ 29.346459330842958, 51.251720812105205 ], [ 29.343625077669238, 51.251924297110769 ], [ 29.344273541788006, 51.255481583608571 ] ] ], [ [ [ 29.344922138309432, 51.259038862033684 ], [ 29.347756819544607, 51.258835325589978 ], [ 29.348081274509145, 51.260613948912805 ], [ 29.353750751678941, 51.260206646094566 ], [ 29.353101446750561, 51.256649448900447 ], [ 29.350266938788458, 51.256853108603693 ], [ 29.349942443043435, 51.255074494106175 ], [ 29.347108008971329, 51.255278072885872 ], [ 29.344922138309432, 51.259038862033684 ] ] ], [ [ [ 29.356910249770138, 51.261781475274859 ], [ 29.356585440550667, 51.26000289258576 ], [ 29.353750751678941, 51.260206646094566 ], [ 29.354075453859366, 51.261985241659197 ], [ 29.356910249770138, 51.261781475274859 ] ] ], [ [ [ 29.356910249770138, 51.261781475274859 ], [ 29.35723509215023, 51.263560055941085 ], [ 29.360069961945548, 51.263356208607945 ], [ 29.359745012520275, 51.261577640822409 ], [ 29.356910249770138, 51.261781475274859 ] ] ], [ [ [ 29.379032731452813, 51.272802595041043 ], [ 29.381868011103329, 51.27259819377381 ], [ 29.381542112922084, 51.270819728458818 ], [ 29.378706940349048, 51.271024116810175 ], [ 29.379032731452813, 51.272802595041043 ] ] ], [ [ [ 29.382193942560814, 51.274376657056685 ], [ 29.385029296018686, 51.274172174786031 ], [ 29.384703257477611, 51.272393724424212 ], [ 29.381868011103329, 51.27259819377381 ], [ 29.382193942560814, 51.274376657056685 ] ] ], [ [ [ 26.96126771047124, 51.489971428959137 ], [ 26.969859383173425, 51.489532848507594 ], [ 26.969625050285487, 51.487744987628496 ], [ 26.992534227909935, 51.486572450535654 ], [ 26.992299033106814, 51.484784662953722 ], [ 26.998025863888227, 51.484490851153303 ], [ 26.998261280174017, 51.486278620039307 ], [ 27.021168517969777, 51.485100513492895 ], [ 27.021404844403325, 51.48688820609572 ], [ 27.029994989283669, 51.486445239424668 ], [ 27.030231672256779, 51.488232902516792 ], [ 27.038821929823069, 51.487789281167245 ], [ 27.039058969376544, 51.489576914704898 ], [ 27.044785907103613, 51.489280800265519 ], [ 27.044548646105817, 51.487493185567942 ], [ 27.041685300181399, 51.487641268169959 ], [ 27.041211072925215, 51.484066015940385 ], [ 27.038347923980883, 51.484214010104154 ], [ 27.03406398296648, 51.473636033129175 ], [ 27.031201449213945, 51.473783831666069 ], [ 27.029309342502373, 51.459482480060075 ], [ 27.026447669125531, 51.459630133857765 ], [ 27.02597510706304, 51.456054763908014 ], [ 27.028836559364436, 51.455907128894374 ], [ 27.026946400180744, 51.441605671199241 ], [ 27.029806944313311, 51.441458041797269 ], [ 27.029098204647028, 51.436095001459307 ], [ 27.031958393212779, 51.435947330742614 ], [ 27.031249541247313, 51.4305843066469 ], [ 27.034109374355367, 51.430436594636504 ], [ 27.033636707270894, 51.426861257395963 ], [ 27.030777094860877, 51.427008950619395 ], [ 27.027445329655674, 51.423581194278839 ], [ 27.021726424667815, 51.423876195906608 ], [ 27.021490617502465, 51.422088485106002 ], [ 27.018631238920513, 51.422235872367189 ], [ 27.018395566334195, 51.420448150870442 ], [ 27.015536273811549, 51.420595459312928 ], [ 27.015300735781935, 51.418807727125952 ], [ 27.012441529325169, 51.41895495675778 ], [ 27.012206125829941, 51.417167213886465 ], [ 27.009347005445601, 51.417314364715708 ], [ 27.009111736462458, 51.415526611165959 ], [ 27.006252702157106, 51.415673683200659 ], [ 27.006017567663719, 51.41388591897838 ], [ 27.000064757290261, 51.412392051807487 ], [ 26.999595050294708, 51.408816479390595 ], [ 26.99364309784108, 51.407322255836483 ], [ 26.993173976734514, 51.40374663818195 ], [ 26.990315593393216, 51.403893297711328 ], [ 26.9898467892356, 51.400317656143216 ], [ 26.986988602207614, 51.400464227615963 ], [ 26.986285907376086, 51.395100727445488 ], [ 26.983428026821684, 51.395247201566463 ], [ 26.982725879293827, 51.389883661633874 ], [ 26.97986830514342, 51.390030038434283 ], [ 26.97963441425345, 51.388242179857549 ], [ 26.973919414072213, 51.38853470670422 ], [ 26.974153084673709, 51.390322583881577 ], [ 26.965580073714026, 51.390760881648141 ], [ 26.965813437862725, 51.392548785385294 ], [ 26.957239880344552, 51.392986486465027 ], [ 26.957472937947607, 51.394774416726996 ], [ 26.948898834080016, 51.395211521006765 ], [ 26.949131585044615, 51.396999477758577 ], [ 26.940556935036788, 51.397435985125256 ], [ 26.940789379270107, 51.399223968331889 ], [ 26.932214183331396, 51.399659878672423 ], [ 26.932446320740624, 51.401447888298868 ], [ 26.909577199397859, 51.402607334821766 ], [ 26.909808478486319, 51.404395416887773 ], [ 26.904090739368993, 51.404684602537877 ], [ 26.903859680864635, 51.402896502080459 ], [ 26.880988656620666, 51.404050393301787 ], [ 26.881449032388275, 51.407626739711482 ], [ 26.878589826998187, 51.407770681897127 ], [ 26.879280237280806, 51.413135219322193 ], [ 26.876420677131808, 51.413279119500487 ], [ 26.877110969451731, 51.418643672801636 ], [ 26.879970860779206, 51.418499745160851 ], [ 26.880201116008262, 51.420287917865167 ], [ 26.885921048371952, 51.4199998357916 ], [ 26.889242223095575, 51.423431977070109 ], [ 26.89496245474065, 51.423143441347349 ], [ 26.895193333285228, 51.424931564334052 ], [ 26.898053523894074, 51.424787183044096 ], [ 26.898284536648315, 51.426575295554585 ], [ 26.901144813914339, 51.426430835576625 ], [ 26.901375960900602, 51.428218937605052 ], [ 26.904236324817369, 51.42807439893101 ], [ 26.904467606058031, 51.429862490471457 ], [ 26.90732805661909, 51.429717873093281 ], [ 26.907559472136509, 51.431505954139865 ], [ 26.910420009335397, 51.431361258049442 ], [ 26.910651559151955, 51.433149328596308 ], [ 26.913512182982227, 51.433004553785551 ], [ 26.913743867120292, 51.434792613826801 ], [ 26.919697193131078, 51.436290877541779 ], [ 26.920161122711846, 51.439866954268354 ], [ 26.926115308840796, 51.44136486221003 ], [ 26.926579823879376, 51.444940894230577 ], [ 26.929441101821155, 51.44479570722558 ], [ 26.929905933634853, 51.448371715572257 ], [ 26.932767408735629, 51.448226440546449 ], [ 26.93346516771334, 51.453590415580223 ], [ 26.936326950574593, 51.453445043266193 ], [ 26.9370252569869, 51.458808978834199 ], [ 26.939887347678777, 51.458663509200726 ], [ 26.941751438730595, 51.472967205985391 ], [ 26.9446143906994, 51.472821592683331 ], [ 26.94484762082978, 51.474609539647219 ], [ 26.941984558152097, 51.474755162215011 ], [ 26.943850378508813, 51.489058765084103 ], [ 26.940986405710319, 51.489204392160573 ], [ 26.941686152537411, 51.494568249508596 ], [ 26.938821823221385, 51.49471383473324 ], [ 26.939288219611129, 51.498289751639973 ], [ 26.942152770638607, 51.498144147883416 ], [ 26.941919449564185, 51.496356199348462 ], [ 26.94764825774228, 51.496064801383952 ], [ 26.947414739025074, 51.494276870088399 ], [ 26.953143229245317, 51.493985212049502 ], [ 26.95290951294005, 51.492197298008058 ], [ 26.961501735114602, 51.491759316436969 ], [ 26.96126771047124, 51.489971428959137 ] ] ], [ [ [ 27.754723853726802, 51.473780584309445 ], [ 27.75498873856144, 51.475565717087171 ], [ 27.757847329280164, 51.475400259499921 ], [ 27.757582334437348, 51.473615137233438 ], [ 27.754723853726802, 51.473780584309445 ] ] ], [ [ [ 27.692355358834742, 51.48097360847877 ], [ 27.695214656595624, 51.480809665545941 ], [ 27.694952055764492, 51.47902431453803 ], [ 27.692092868103639, 51.479188247054054 ], [ 27.692355358834742, 51.48097360847877 ] ] ], [ [ [ 27.782576962125091, 51.48656932729525 ], [ 27.788028878545678, 51.48445194150819 ], [ 27.78723018368926, 51.47909691374057 ], [ 27.784371536099798, 51.47926309596275 ], [ 27.782509642796061, 51.466767903669499 ], [ 27.776793805187697, 51.467099912532319 ], [ 27.777059487990762, 51.468884965686343 ], [ 27.771343321185125, 51.469216718521096 ], [ 27.771608811391626, 51.471001791221617 ], [ 27.763034026506546, 51.471498932428787 ], [ 27.763299214075076, 51.473284035185003 ], [ 27.760440787890463, 51.473449620858098 ], [ 27.760705892737775, 51.475234732609039 ], [ 27.766422937825318, 51.474903470922527 ], [ 27.766953669402426, 51.478473647757767 ], [ 27.76981237103028, 51.47830789190575 ], [ 27.771140228061629, 51.487233254617109 ], [ 27.768280976189878, 51.487399063132152 ], [ 27.769343313361141, 51.494539367946089 ], [ 27.775062670547676, 51.494207597280884 ], [ 27.774796825034805, 51.492422544447685 ], [ 27.777656352490027, 51.492256565645206 ], [ 27.777390424233825, 51.490471521828276 ], [ 27.780249814231418, 51.490305484237858 ], [ 27.782576962125091, 51.48656932729525 ] ] ], [ [ [ 27.728248586407275, 51.489713102062261 ], [ 27.727984611804747, 51.487927875016268 ], [ 27.730844135028118, 51.487763047725899 ], [ 27.730580077475441, 51.485977829637164 ], [ 27.733439463418609, 51.485812943478848 ], [ 27.733175322937967, 51.484027734350221 ], [ 27.736034571608279, 51.483862789333344 ], [ 27.735770348221845, 51.482077589167673 ], [ 27.738629459626658, 51.481912585301622 ], [ 27.740959738371725, 51.478177149164686 ], [ 27.723806146218614, 51.479166422665244 ], [ 27.724069874980465, 51.480951667752862 ], [ 27.718351573603595, 51.481280891908114 ], [ 27.718088064994369, 51.479495625902963 ], [ 27.695214656595624, 51.480809665545941 ], [ 27.695477284447776, 51.482595015047842 ], [ 27.698336665295074, 51.482430992351148 ], [ 27.698862222325239, 51.486001665990074 ], [ 27.704844382724158, 51.487458684542482 ], [ 27.705370542631321, 51.491029307409534 ], [ 27.708230392986735, 51.490865024496529 ], [ 27.708756881536079, 51.494435620446438 ], [ 27.711616925133921, 51.49427124728264 ], [ 27.711880320230339, 51.496056532546547 ], [ 27.717600546449642, 51.49572755720942 ], [ 27.719933194768377, 51.491992456169839 ], [ 27.725652817526562, 51.49166310647572 ], [ 27.725388925896343, 51.48987787047529 ], [ 27.728248586407275, 51.489713102062261 ] ] ], [ [ [ 28.77327386245366, 51.426544374109454 ], [ 28.7761229230663, 51.426354250682181 ], [ 28.775818761018986, 51.42457315852122 ], [ 28.772969809098203, 51.424763269902343 ], [ 28.77327386245366, 51.426544374109454 ] ] ], [ [ [ 29.135487142205918, 51.405408328374477 ], [ 29.138332371506262, 51.405209463319991 ], [ 29.138014375064103, 51.403429939445104 ], [ 29.135169253932855, 51.40362879191278 ], [ 29.135487142205918, 51.405408328374477 ] ] ], [ [ [ 28.007103174411025, 51.539930587911172 ], [ 28.00490112008513, 51.525657226498133 ], [ 28.007761338648063, 51.525485560847194 ], [ 28.008969856753215, 51.51460886857646 ], [ 28.011829358319382, 51.514437129738596 ], [ 28.01127880747563, 51.510868819670101 ], [ 28.014138060701477, 51.510697033358248 ], [ 28.015895643914657, 51.503388625731354 ], [ 28.021337569486107, 51.501260673867193 ], [ 28.020786535562308, 51.497692428722104 ], [ 28.023644905809796, 51.497520441747511 ], [ 28.0233693214543, 51.495736327695298 ], [ 28.026227553461212, 51.495564282396302 ], [ 28.025951887564716, 51.493780177667745 ], [ 28.028809981338728, 51.493608074053753 ], [ 28.028534233923306, 51.491823978651595 ], [ 28.031392189472076, 51.491651816732016 ], [ 28.031116360559793, 51.489867730659064 ], [ 28.033974177891007, 51.489695510443276 ], [ 28.033698267503919, 51.487911433702287 ], [ 28.036555946625239, 51.487739155199677 ], [ 28.038861422434014, 51.48399869294461 ], [ 28.044576199486567, 51.483653833639522 ], [ 28.046880825309895, 51.479913244920041 ], [ 28.052594992783099, 51.479568014218316 ], [ 28.05231845583549, 51.477784006097636 ], [ 28.058032290074898, 51.477438520556312 ], [ 28.057755562076444, 51.475654532760544 ], [ 28.066325770833327, 51.475135818488589 ], [ 28.066048742124138, 51.473351862013288 ], [ 28.071761852825922, 51.473005728585633 ], [ 28.071207442060313, 51.46943785474128 ], [ 28.068351120335745, 51.469610934063013 ], [ 28.067797042871931, 51.466043031784196 ], [ 28.06494091201381, 51.466216019977459 ], [ 28.06411033828611, 51.460864121513154 ], [ 28.061254507915258, 51.4610370076213 ], [ 28.060424519083064, 51.455685061721709 ], [ 28.05756898913452, 51.455857845776606 ], [ 28.056739584907675, 51.450505852473711 ], [ 28.053884355316491, 51.450678534507155 ], [ 28.05360805362422, 51.448894522558106 ], [ 28.047897728421983, 51.449239657348656 ], [ 28.044490662406496, 51.445844026631185 ], [ 28.038780605310468, 51.446188702930684 ], [ 28.038504936514165, 51.444404631426615 ], [ 28.03564997502917, 51.444576854968993 ], [ 28.035374444104288, 51.442792770928584 ], [ 28.032519563858983, 51.442964914429126 ], [ 28.032244170783535, 51.441180817858516 ], [ 28.029389371785577, 51.441352881325038 ], [ 28.029114116537585, 51.43956877223038 ], [ 28.026259398794615, 51.439740755670748 ], [ 28.025984281352084, 51.437956634058118 ], [ 28.023129644871734, 51.438128537480154 ], [ 28.022854665212702, 51.436344403355719 ], [ 28.016870794172842, 51.434903823546072 ], [ 28.016321414076486, 51.431335503689098 ], [ 28.010338390829229, 51.429894555524051 ], [ 28.009789617905838, 51.426326182516419 ], [ 28.003807442281854, 51.424884866130078 ], [ 28.003259276229755, 51.421316440028811 ], [ 28.000405537175862, 51.421487750918786 ], [ 27.999857702581551, 51.417919296699786 ], [ 27.997004154258736, 51.418090516781945 ], [ 27.996182941557812, 51.41273779091491 ], [ 27.993329693348283, 51.412908909347358 ], [ 27.995793105785278, 51.428967141757575 ], [ 27.99864733898966, 51.428795925547426 ], [ 27.999469311224694, 51.434148608438321 ], [ 27.996614749490984, 51.434319857256114 ], [ 27.998807037930071, 51.448593695206775 ], [ 27.995951571461291, 51.448764961875611 ], [ 27.994740160488348, 51.459641601450237 ], [ 27.991883979754299, 51.459812795035866 ], [ 27.990123512332019, 51.467120935928335 ], [ 27.984683918582721, 51.469247335990872 ], [ 27.985231575583896, 51.472815874956574 ], [ 27.982374514045834, 51.472986867836816 ], [ 27.982922064082796, 51.476555422161503 ], [ 27.980064754801464, 51.476726367543847 ], [ 27.978301976648172, 51.484034420126939 ], [ 27.972859829122712, 51.486160363400977 ], [ 27.973406894381203, 51.489728982304371 ], [ 27.970548703551486, 51.489899726695782 ], [ 27.970822168474253, 51.49168404461178 ], [ 27.967963839608274, 51.491854730589601 ], [ 27.968237222736594, 51.493639057760362 ], [ 27.965378755826755, 51.493809685315206 ], [ 27.965652057138541, 51.495594021738007 ], [ 27.962793452177223, 51.495764590860439 ], [ 27.963066671650367, 51.497548936532439 ], [ 27.960207928629984, 51.497719447213086 ], [ 27.960481066242394, 51.499503802131549 ], [ 27.95503622172355, 51.501629012291978 ], [ 27.955855227455725, 51.506982127755386 ], [ 27.95871457664137, 51.506811701513932 ], [ 27.960900708824703, 51.521086519831421 ], [ 27.963760910427943, 51.5209159376247 ], [ 27.964581504480027, 51.526268935848179 ], [ 27.961720972498746, 51.52643955056805 ], [ 27.963909580971801, 51.540714229473963 ], [ 27.961048139319125, 51.540884861549863 ], [ 27.961869001538314, 51.546237872509792 ], [ 27.959007200954236, 51.546408467716368 ], [ 27.959827985893046, 51.55176149693262 ], [ 27.956965826265932, 51.551932055249864 ], [ 27.955197530214669, 51.559239980953528 ], [ 27.963785333062621, 51.558728175930668 ], [ 27.96405920749023, 51.56051249864754 ], [ 27.978372199749156, 51.559658047454533 ], [ 27.978646654158769, 51.561442314286907 ], [ 27.990096980662397, 51.560757460178806 ], [ 27.990371904733749, 51.562541681900662 ], [ 28.001822219603167, 51.561855673456925 ], [ 28.002097613367546, 51.56363984999215 ], [ 28.01354791581397, 51.562952687173897 ], [ 28.012996274054039, 51.559384419826308 ], [ 28.01013396166114, 51.559556292817987 ], [ 28.007929412385671, 51.545283072073119 ], [ 28.00506795373547, 51.545454788350554 ], [ 28.004242046377009, 51.540102271463574 ], [ 28.007103174411025, 51.539930587911172 ] ] ], [ [ [ 28.203916275432132, 51.506339671400482 ], [ 28.206774045258641, 51.506163201630095 ], [ 28.206208434709275, 51.502596401840457 ], [ 28.203350884421656, 51.502772849206096 ], [ 28.203916275432132, 51.506339671400482 ] ] ], [ [ [ 29.180605507983675, 51.512157163677912 ], [ 29.203417001486748, 51.510553209001692 ], [ 29.203095269718062, 51.508774007590425 ], [ 29.208797595715716, 51.508372356784115 ], [ 29.209119544981199, 51.510151532755231 ], [ 29.231928396842374, 51.508542077909127 ], [ 29.232251249034647, 51.510321149958855 ], [ 29.240804348474999, 51.509716431911478 ], [ 29.241127559959015, 51.511495463670137 ], [ 29.24968068713823, 51.510890088680164 ], [ 29.250004257943008, 51.5126690801035 ], [ 29.252855342679442, 51.512467138183986 ], [ 29.249620041074266, 51.494677261931187 ], [ 29.25499637289742, 51.492494454663571 ], [ 29.256551800822837, 51.485176586322716 ], [ 29.259401123393452, 51.484974561457591 ], [ 29.259077507284434, 51.483195604005324 ], [ 29.26192668814469, 51.482993523271645 ], [ 29.264128269090897, 51.479233504161179 ], [ 29.269826030822053, 51.478829050630551 ], [ 29.269502080279473, 51.477050138375049 ], [ 29.272350802854426, 51.476847821452715 ], [ 29.270407146168001, 51.466174382703315 ], [ 29.2732551849118, 51.465972074003552 ], [ 29.274807216188673, 51.458654133264574 ], [ 29.28334973307016, 51.458046743506209 ], [ 29.283674001888503, 51.459825598920681 ], [ 29.300758788207446, 51.458608890629577 ], [ 29.300433869396706, 51.456830112227067 ], [ 29.306128315283562, 51.456424019852285 ], [ 29.305803213157994, 51.454645265139725 ], [ 29.308650277839778, 51.454442128953097 ], [ 29.306699714864529, 51.443769635508289 ], [ 29.286774110426769, 51.445189609513356 ], [ 29.28644989079427, 51.443410763689101 ], [ 29.277910172325129, 51.444018257279076 ], [ 29.277586310645997, 51.442239371 ], [ 29.269046618326094, 51.442846209196546 ], [ 29.268723114571657, 51.441067282506765 ], [ 29.25701378963322, 51.440096409334693 ], [ 29.256690785128328, 51.438317427501502 ], [ 29.253844347043174, 51.438519257225309 ], [ 29.253521483870415, 51.436740260621683 ], [ 29.247828724979112, 51.437143688876553 ], [ 29.247506111359055, 51.435364664744327 ], [ 29.244659790576968, 51.43556626328531 ], [ 29.244337318239857, 51.433787224400582 ], [ 29.241491072661418, 51.4339887416374 ], [ 29.241168741585795, 51.43220968800658 ], [ 29.238322571219886, 51.432411123946807 ], [ 29.238000381384293, 51.43063205557624 ], [ 29.235154286239769, 51.430833410227429 ], [ 29.234832237622783, 51.429054327123517 ], [ 29.231986217708528, 51.429255600493221 ], [ 29.231664310288657, 51.427476502662309 ], [ 29.228818365613527, 51.427677694758103 ], [ 29.225329104852264, 51.424320565770216 ], [ 29.208253846088976, 51.425525715168185 ], [ 29.207932903156497, 51.423746509643273 ], [ 29.199395154461502, 51.424348120972063 ], [ 29.199074569036995, 51.422568875391121 ], [ 29.190536849455849, 51.423169831791647 ], [ 29.190216621510263, 51.421390546198722 ], [ 29.17851320685136, 51.420411472893214 ], [ 29.175028110205705, 51.417052647461453 ], [ 29.169336671306407, 51.417452155666396 ], [ 29.169017331885492, 51.415672773607859 ], [ 29.166171671575295, 51.415872412263418 ], [ 29.165852473061189, 51.414093015603889 ], [ 29.163006888260021, 51.414292573089547 ], [ 29.162687830631263, 51.412513161835371 ], [ 29.159842321347892, 51.412712638158673 ], [ 29.159523404583034, 51.410933212316209 ], [ 29.156677970826255, 51.411132607484724 ], [ 29.156359194903818, 51.409353167060345 ], [ 29.153513836682404, 51.40955248108164 ], [ 29.153195201580953, 51.407773026081678 ], [ 29.147186217477365, 51.406391941143738 ], [ 29.146549543030325, 51.40283297092251 ], [ 29.140859463631244, 51.403231018456268 ], [ 29.138650400516902, 51.406988985240716 ], [ 29.141495705424205, 51.406790039068873 ], [ 29.141813875193861, 51.408569546442273 ], [ 29.144659255699402, 51.408370519145485 ], [ 29.144977566249548, 51.410150011965243 ], [ 29.147823022344539, 51.40995090353595 ], [ 29.148141473696626, 51.411730381795699 ], [ 29.150987005372322, 51.411531192226334 ], [ 29.151305597547811, 51.413310655919744 ], [ 29.15415120479544, 51.413111385202704 ], [ 29.154469937815808, 51.414890834323423 ], [ 29.160480252878454, 51.416271483957765 ], [ 29.161118315106044, 51.419830321907817 ], [ 29.167129463309518, 51.421210590456141 ], [ 29.16776815466951, 51.424769366094452 ], [ 29.170614356142472, 51.424569664245219 ], [ 29.171253394913499, 51.428128406738693 ], [ 29.174099780189469, 51.427928611039157 ], [ 29.175058908763958, 51.433266672083846 ], [ 29.177905586156466, 51.433066769861107 ], [ 29.178865334542731, 51.438404775225671 ], [ 29.181712304111279, 51.43820476644747 ], [ 29.184273943011434, 51.452439259419712 ], [ 29.187121746749586, 51.452239080698028 ], [ 29.18776270154703, 51.455797658874786 ], [ 29.184914680959984, 51.455997862945594 ], [ 29.187478946708104, 51.470232198134035 ], [ 29.18463002541969, 51.470432434978058 ], [ 29.185591841771618, 51.475770316149017 ], [ 29.182742561979662, 51.475970522357976 ], [ 29.183704348496558, 51.481308423803746 ], [ 29.180854710088294, 51.481508599359039 ], [ 29.179287012194823, 51.488825981932521 ], [ 29.173907060227311, 51.491005430250823 ], [ 29.174547875227152, 51.494564103016607 ], [ 29.171697344822537, 51.49476409242839 ], [ 29.172017692924729, 51.49654343852206 ], [ 29.16916702096044, 51.49674337186611 ], [ 29.169487293211436, 51.49852272865332 ], [ 29.166636479678616, 51.498722605920264 ], [ 29.166956676056817, 51.500501973398528 ], [ 29.164105720946637, 51.50070179457898 ], [ 29.16442584143045, 51.50248117274581 ], [ 29.161574744734043, 51.502680937830398 ], [ 29.161894789301865, 51.504460326683287 ], [ 29.159043551010406, 51.504660035662631 ], [ 29.156832032416283, 51.508418498281372 ], [ 29.151128956587272, 51.508817622989817 ], [ 29.148916600396291, 51.512575972562303 ], [ 29.14321289248684, 51.512974735134001 ], [ 29.143851819231102, 51.516533668188259 ], [ 29.146703907278631, 51.516334296037385 ], [ 29.147023528694689, 51.518113746992114 ], [ 29.149875692805107, 51.517914293410705 ], [ 29.15336760084579, 51.521273616499329 ], [ 29.159072200421381, 51.520874314766019 ], [ 29.158752077892402, 51.519094918309357 ], [ 29.164456328324516, 51.518695366684746 ], [ 29.164136020942035, 51.5169159935718 ], [ 29.172691823502745, 51.516316188190025 ], [ 29.172371222497805, 51.51453685110306 ], [ 29.18092640251076, 51.513936464706319 ], [ 29.180605507983675, 51.512157163677912 ] ] ], [ [ [ 26.302782009362076, 51.627851489894731 ], [ 26.299487861666385, 51.624401931135615 ], [ 26.293736501205323, 51.62466210958636 ], [ 26.293527620229227, 51.622872206318455 ], [ 26.290652019760483, 51.623002181956537 ], [ 26.29148722453786, 51.630161821275912 ], [ 26.294363273783045, 51.630031812474222 ], [ 26.291904956536769, 51.63374163402284 ], [ 26.297657482319973, 51.63348151302727 ], [ 26.297866605220655, 51.635271401080217 ], [ 26.30361926895047, 51.635010982596555 ], [ 26.303828637986054, 51.636800852884704 ], [ 26.309581439570106, 51.636540136886076 ], [ 26.309791054777552, 51.638329989389035 ], [ 26.312667535299816, 51.638199517732147 ], [ 26.312248102078911, 51.634619828212621 ], [ 26.315124336418219, 51.634489302980654 ], [ 26.314495012634321, 51.629119784996981 ], [ 26.302782009362076, 51.627851489894731 ] ] ], [ [ [ 27.968445037055734, 51.589061446295652 ], [ 27.971309459101967, 51.58889052119747 ], [ 27.970760613927926, 51.585321946694513 ], [ 27.967896412929402, 51.585492850066345 ], [ 27.968445037055734, 51.589061446295652 ] ] ], [ [ [ 27.974448428409595, 51.590503800598619 ], [ 27.971583924105815, 51.590674806065081 ], [ 27.969268185265051, 51.59441432872584 ], [ 27.974997664376879, 51.594072343825289 ], [ 27.974448428409595, 51.590503800598619 ] ] ], [ [ [ 28.245549990710664, 51.640631268613319 ], [ 28.248415929830013, 51.640453458264084 ], [ 28.247558571363605, 51.635103872163526 ], [ 28.250424149302475, 51.634926026210344 ], [ 28.249852503159122, 51.631359649706042 ], [ 28.252717830554712, 51.631181756865296 ], [ 28.253867570872178, 51.620304760475264 ], [ 28.262461299045537, 51.619770660245187 ], [ 28.262175144542994, 51.61798751596919 ], [ 28.265039551208165, 51.617809354968635 ], [ 28.264753315759783, 51.616026220333431 ], [ 28.267617582510372, 51.615848001208064 ], [ 28.267331266138321, 51.614064876216368 ], [ 28.27019539298232, 51.613886598975647 ], [ 28.269908995708782, 51.612103483630193 ], [ 28.272772982654189, 51.611925148283539 ], [ 28.27248650450133, 51.610142042587036 ], [ 28.275350351556149, 51.6099636491439 ], [ 28.275063792546149, 51.608180553099075 ], [ 28.277927499718377, 51.6080021015689 ], [ 28.277640859873394, 51.606219015178468 ], [ 28.28308113394429, 51.604078861161462 ], [ 28.280787549182055, 51.589814277432701 ], [ 28.283650064844981, 51.589635731104828 ], [ 28.283076743383287, 51.586069591020966 ], [ 28.277065727404672, 51.584643473714344 ], [ 28.27649302377354, 51.581077278190108 ], [ 28.273631000174653, 51.581255629123618 ], [ 28.273058634808685, 51.577689404220862 ], [ 28.270196802101747, 51.57786766315602 ], [ 28.269338805444498, 51.572518279241031 ], [ 28.266477273757257, 51.572696434881742 ], [ 28.265619872396126, 51.5673470019183 ], [ 28.262758641664075, 51.567525054296659 ], [ 28.260474412460265, 51.553259735500525 ], [ 28.257614032886387, 51.553437628155216 ], [ 28.257043489399837, 51.549871259109189 ], [ 28.259903648943997, 51.549693389045757 ], [ 28.257621769063864, 51.535427936240175 ], [ 28.260481019599673, 51.5352500872607 ], [ 28.261628744369663, 51.524373144630161 ], [ 28.258770182423188, 51.524550995091452 ], [ 28.258485145529988, 51.522767807204332 ], [ 28.249909613358312, 51.523300909423305 ], [ 28.249624935277993, 51.521517686018903 ], [ 28.24390798709242, 51.521872718863385 ], [ 28.243623557952805, 51.520089471248959 ], [ 28.237906712426572, 51.520444204698059 ], [ 28.23448013423555, 51.517054899816685 ], [ 28.228763552708347, 51.517409172969543 ], [ 28.22847976037318, 51.515625864089166 ], [ 28.225621535646393, 51.515802885606831 ], [ 28.225337882308835, 51.514019563824171 ], [ 28.222479738226294, 51.51419650489693 ], [ 28.222196223864316, 51.512413170218174 ], [ 28.21933816043391, 51.512590030853843 ], [ 28.219054785025481, 51.510806683285224 ], [ 28.216196802255098, 51.510983463491613 ], [ 28.215913565778198, 51.509200103039291 ], [ 28.213055663675718, 51.509376802824242 ], [ 28.212772566108331, 51.507593429494406 ], [ 28.206774045258641, 51.506163201630095 ], [ 28.207622679218321, 51.51151338888544 ], [ 28.210480749340505, 51.51133681629338 ], [ 28.212745932541022, 51.525603819652858 ], [ 28.21560485235446, 51.525427088111108 ], [ 28.215888241232349, 51.527210444842289 ], [ 28.213029211519618, 51.527387187605825 ], [ 28.215296492780766, 51.541654071463512 ], [ 28.212436554303459, 51.541830834752972 ], [ 28.213286935985916, 51.547180922475405 ], [ 28.210426638293871, 51.547357650149031 ], [ 28.211276952390975, 51.552707756599418 ], [ 28.208416295372164, 51.552884448637492 ], [ 28.206688889023685, 51.56019461315703 ], [ 28.201249720994745, 51.562331144102679 ], [ 28.201816153666933, 51.56589794658985 ], [ 28.198954609179786, 51.566074439826203 ], [ 28.199237759081473, 51.567857849793889 ], [ 28.196376075273289, 51.568034284889201 ], [ 28.196659144141286, 51.569817704407065 ], [ 28.193797321004176, 51.569994081351901 ], [ 28.194080308816343, 51.571777510417206 ], [ 28.19121834634241, 51.571953829202151 ], [ 28.191501253076627, 51.573737267812163 ], [ 28.188639151257988, 51.573913528427788 ], [ 28.188921976892097, 51.575696976579763 ], [ 28.18605973572086, 51.575873179016646 ], [ 28.18376276306849, 51.579616248184209 ], [ 28.186625253860171, 51.579440092745564 ], [ 28.186908056607113, 51.581223547129689 ], [ 28.192633171351062, 51.580871005701781 ], [ 28.192916223773807, 51.58265443603586 ], [ 28.195778847703167, 51.582478050036066 ], [ 28.196062039556796, 51.584261467508988 ], [ 28.198924744602902, 51.584085000909795 ], [ 28.199208075909564, 51.585868405515392 ], [ 28.202070862064513, 51.585691858308934 ], [ 28.202354332846362, 51.587475250040974 ], [ 28.205217200102243, 51.587298622219407 ], [ 28.205500810381437, 51.589082001071709 ], [ 28.208363758730346, 51.588905292627196 ], [ 28.20864750852904, 51.590688658593521 ], [ 28.214657537814599, 51.592118352878337 ], [ 28.21522562487776, 51.595685031567122 ], [ 28.221236507529476, 51.597114353310232 ], [ 28.221805211584773, 51.600680977036454 ], [ 28.224668785981837, 51.600503842854032 ], [ 28.225237827954743, 51.604070437411067 ], [ 28.228101593786178, 51.603893211289012 ], [ 28.23267448476372, 51.614415524241245 ], [ 28.235538854371473, 51.61423809163739 ], [ 28.2378202550548, 51.628504052628038 ], [ 28.24068547912745, 51.628326460322072 ], [ 28.240970897004214, 51.630109686642776 ], [ 28.238105562402378, 51.630287290233973 ], [ 28.240389080093781, 51.644553130907411 ], [ 28.237522831421533, 51.644730755286545 ], [ 28.236369099870362, 51.655607755874385 ], [ 28.23350212834379, 51.655785308891581 ], [ 28.234072991231354, 51.659351800004544 ], [ 28.231205768842347, 51.659529306028325 ], [ 28.231776527991947, 51.663095813023936 ], [ 28.228909054691112, 51.663273272038779 ], [ 28.229479710037626, 51.666839794914132 ], [ 28.235500663639691, 51.66826799854276 ], [ 28.236071938762738, 51.671834466257188 ], [ 28.238939907061731, 51.67165681164029 ], [ 28.239225699624527, 51.673440031696323 ], [ 28.242093749253169, 51.673262296188184 ], [ 28.245533886232913, 51.676650880972325 ], [ 28.248402098496815, 51.676472983658073 ], [ 28.246113452789505, 51.662207474352904 ], [ 28.243246126761314, 51.662385281227778 ], [ 28.242960289514986, 51.660602073725684 ], [ 28.245827504813811, 51.660424278151787 ], [ 28.243540982093581, 51.646158648269974 ], [ 28.246407282506297, 51.645980873544389 ], [ 28.245549990710664, 51.640631268613319 ] ] ], [ [ [ 27.203671460094043, 51.723954732847609 ], [ 27.206548835681428, 51.723802204476407 ], [ 27.205320892835552, 51.714867185416772 ], [ 27.187814780768932, 51.713993946149415 ], [ 27.18756996600138, 51.712206878597563 ], [ 27.175818499783176, 51.711027508989943 ], [ 27.172453384682086, 51.707605019780829 ], [ 27.166700292243092, 51.707908269867836 ], [ 27.166456362817438, 51.706121129113036 ], [ 27.163579890768226, 51.706272639335999 ], [ 27.163336098584288, 51.70448548755904 ], [ 27.160459713334038, 51.704636918024214 ], [ 27.160216058369066, 51.702849755231099 ], [ 27.157339759924668, 51.70300110594664 ], [ 27.157096242155902, 51.701213932143382 ], [ 27.154220030524218, 51.701365203117369 ], [ 27.153976649928904, 51.699578018309985 ], [ 27.15110052511681, 51.699729209550568 ], [ 27.150857281672202, 51.69794201374507 ], [ 27.14486218621758, 51.696456950260909 ], [ 27.144376272919835, 51.692882513331931 ], [ 27.138382048030618, 51.691397088452995 ], [ 27.137896733175307, 51.687822604897669 ], [ 27.135021266435558, 51.687973378377592 ], [ 27.134536275761064, 51.684398870170895 ], [ 27.131661007776898, 51.684549554375003 ], [ 27.131176341171791, 51.680975021532547 ], [ 27.128301271922787, 51.681125616479989 ], [ 27.127574795504927, 51.675763778250825 ], [ 27.113200752057757, 51.676515558385674 ], [ 27.112959202598955, 51.67472822836546 ], [ 27.104334812362683, 51.67517842715673 ], [ 27.104093623449895, 51.673391067100532 ], [ 27.095469344392107, 51.673840606787827 ], [ 27.095228515984335, 51.672053216739819 ], [ 27.08947909583059, 51.672352540539805 ], [ 27.08923851602728, 51.67056513007288 ], [ 27.077499717274751, 51.669375449080476 ], [ 27.078220114312472, 51.674737794746811 ], [ 27.075345155658649, 51.674887080873276 ], [ 27.07606544045138, 51.680249442984916 ], [ 27.073190121246448, 51.68039868757738 ], [ 27.074390532756205, 51.689335978452924 ], [ 27.077266411741494, 51.689186686300843 ], [ 27.077746974159027, 51.692761574220178 ], [ 27.080623052282863, 51.692612192934092 ], [ 27.081344418379761, 51.697974486169215 ], [ 27.084220807691676, 51.697825006204013 ], [ 27.084942733816881, 51.703187258749779 ], [ 27.08781943438759, 51.703037680073763 ], [ 27.08974656329859, 51.717336884663979 ], [ 27.092624135822177, 51.717187159538184 ], [ 27.09334755700791, 51.722549310389169 ], [ 27.090469647973528, 51.722699064148237 ], [ 27.092398971610837, 51.73699815011134 ], [ 27.089520139739946, 51.73714791004771 ], [ 27.090243711157783, 51.74251007367225 ], [ 27.087364517418035, 51.742659792027702 ], [ 27.08808797656647, 51.748021972152905 ], [ 27.085208420846019, 51.748171648906222 ], [ 27.083292902905576, 51.755470886379349 ], [ 27.077773620850152, 51.757557388380562 ], [ 27.078255402164508, 51.761132231229226 ], [ 27.075374959800563, 51.761281693701228 ], [ 27.075615775421483, 51.763069122637383 ], [ 27.072735195660538, 51.763218524357377 ], [ 27.07297592374994, 51.765005961475239 ], [ 27.070095206585183, 51.765155302433719 ], [ 27.070335847120166, 51.766942747730241 ], [ 27.067454992544786, 51.767092027917712 ], [ 27.065055018867106, 51.770816162441541 ], [ 27.079460292103402, 51.770069314795172 ], [ 27.07970134497327, 51.77185672746937 ], [ 27.105630275499266, 51.770507886984326 ], [ 27.105872365913616, 51.772295212296783 ], [ 27.128919499378235, 51.771091386428957 ], [ 27.12916251479362, 51.77287863362357 ], [ 27.152208937297846, 51.771670232562059 ], [ 27.152452877680599, 51.773457401343983 ], [ 27.178379182200285, 51.772092487012166 ], [ 27.178624159958773, 51.773879567398929 ], [ 27.201668938630153, 51.772661454301598 ], [ 27.201177209736219, 51.769087447469147 ], [ 27.204057467795192, 51.768934886597037 ], [ 27.201844936352842, 51.752851875136862 ], [ 27.204724157887856, 51.752699331558887 ], [ 27.202758295064545, 51.738403305418416 ], [ 27.205636593238911, 51.738250769432142 ], [ 27.203671460094043, 51.723954732847609 ] ] ], [ [ [ 28.24868831200806, 51.678256164780962 ], [ 28.251556605577573, 51.678078186551829 ], [ 28.251270281240735, 51.676295016742131 ], [ 28.248402098496815, 51.676472983658073 ], [ 28.24868831200806, 51.678256164780962 ] ] ], [ [ [ 28.683191218450382, 45.274669935439242 ], [ 28.682949120983888, 45.272886549994581 ], [ 28.677655641463161, 45.271444895402631 ], [ 28.677171870284447, 45.267878074384313 ], [ 28.671878989429157, 45.266436109164815 ], [ 28.668387191859157, 45.259472956126437 ], [ 28.66586193136196, 45.259643499384872 ], [ 28.665137714397147, 45.254293105890362 ], [ 28.662612664188558, 45.254463562184171 ], [ 28.661888883024822, 45.249113122953524 ], [ 28.659364043063643, 45.249283492307335 ], [ 28.658158579785106, 45.240366009571893 ], [ 28.645535981557444, 45.241216763392885 ], [ 28.645776641336894, 45.243000315685585 ], [ 28.564976254591542, 45.248412723475887 ], [ 28.565214453063984, 45.250196608958433 ], [ 28.55763801142049, 45.250701147830647 ], [ 28.557875999147697, 45.252485062979055 ], [ 28.550299124272922, 45.252989134753953 ], [ 28.55053690119211, 45.254773079541728 ], [ 28.54548538475392, 45.255108871307726 ], [ 28.543434747516571, 45.258844631389444 ], [ 28.538382786978797, 45.259180132391919 ], [ 28.538620242008012, 45.260964124471471 ], [ 28.533568037229454, 45.261299424662909 ], [ 28.533805358994286, 45.263083435947664 ], [ 28.523700372303054, 45.263753413037641 ], [ 28.523937405268619, 45.265537464232374 ], [ 28.516358199276922, 45.266039396378687 ], [ 28.51683186509991, 45.269607556272732 ], [ 28.519358444785848, 45.269440280270992 ], [ 28.522359067854332, 45.27284106122444 ], [ 28.527412427537708, 45.272506190724201 ], [ 28.527175228127369, 45.270722156019417 ], [ 28.534754867963741, 45.270219465734989 ], [ 28.534517457429811, 45.268435460591164 ], [ 28.554728231043555, 45.267092598262494 ], [ 28.554490220738092, 45.265308674645077 ], [ 28.559542536288518, 45.264972425867732 ], [ 28.559780702060543, 45.266756328686036 ], [ 28.579989694880386, 45.265409034715077 ], [ 28.580228504740841, 45.267192852655413 ], [ 28.58780674204251, 45.266686672240944 ], [ 28.588045807391627, 45.268470457325741 ], [ 28.595624076704684, 45.267963747123112 ], [ 28.595863397564603, 45.269747499318065 ], [ 28.60596775426162, 45.269071068528028 ], [ 28.606207408369055, 45.270854777334527 ], [ 28.621603880226953, 45.271622051285455 ], [ 28.621844045465458, 45.273405694119575 ], [ 28.632188936167669, 45.274510521626297 ], [ 28.635196275713934, 45.277907852630186 ], [ 28.640248758217602, 45.277567960657407 ], [ 28.640489557402031, 45.279351523745795 ], [ 28.643015842614044, 45.279181484167452 ], [ 28.643256742039171, 45.280965035176877 ], [ 28.645783082457548, 45.28079492969318 ], [ 28.646024082137544, 45.282578468618844 ], [ 28.648550477757176, 45.282408297223739 ], [ 28.648791577706209, 45.284191824060876 ], [ 28.651318028521956, 45.284021586748302 ], [ 28.651559228754206, 45.285805101492116 ], [ 28.654085734760923, 45.285634798256012 ], [ 28.657094997324347, 45.289031422278875 ], [ 28.674780837564217, 45.287837213251379 ], [ 28.674538892538308, 45.286053796554889 ], [ 28.689696835745234, 45.28502809200284 ], [ 28.688485118743877, 45.276111302023111 ], [ 28.683191218450382, 45.274669935439242 ] ] ], [ [ [ 29.161697054414567, 45.428446006776753 ], [ 29.164226780538751, 45.4282639828077 ], [ 29.163968244667803, 45.426482731227402 ], [ 29.166497868682988, 45.426300663039392 ], [ 29.166239279072471, 45.424519420995679 ], [ 29.1687688009842, 45.424337308596158 ], [ 29.168510157648267, 45.422556076091134 ], [ 29.171039577462057, 45.422373919487491 ], [ 29.170780880414874, 45.420592696523272 ], [ 29.175580663026469, 45.418447037312042 ], [ 29.175063078373416, 45.414884627847904 ], [ 29.177592114056381, 45.414702349935069 ], [ 29.177333280166078, 45.412921153893826 ], [ 29.179862213783036, 45.412738831809222 ], [ 29.179603326242407, 45.410957645316635 ], [ 29.184401946123611, 45.408811691720004 ], [ 29.183883980741797, 45.405249355228548 ], [ 29.181355406900352, 45.405431743103385 ], [ 29.180578873855975, 45.400088191724649 ], [ 29.178050509253868, 45.400270490404729 ], [ 29.177791791105882, 45.398489291928009 ], [ 29.175263480116843, 45.39867152394757 ], [ 29.172218092390047, 45.395291253464677 ], [ 29.167161660736177, 45.3956553954987 ], [ 29.164116919514306, 45.392274862017779 ], [ 29.159060654133555, 45.392638626705804 ], [ 29.156016559342927, 45.389257830335268 ], [ 29.150960460372026, 45.389621217737925 ], [ 29.15070268914824, 45.387839894926337 ], [ 29.145646649340865, 45.388203038315908 ], [ 29.145389057767261, 45.38642169137082 ], [ 29.14033307718778, 45.386784590764265 ], [ 29.140075665244339, 45.385003219702014 ], [ 29.129706649693262, 45.383946891405152 ], [ 29.130220827282042, 45.387509724807707 ], [ 29.132748925834147, 45.387328524393283 ], [ 29.133520605917262, 45.392672728181168 ], [ 29.136048913818495, 45.392491438776439 ], [ 29.136821043845796, 45.397835593675659 ], [ 29.13934956113625, 45.397654215255713 ], [ 29.141410256637236, 45.411905130521149 ], [ 29.143939372674627, 45.411723607006778 ], [ 29.144197145910649, 45.413504952544912 ], [ 29.141667951988495, 45.413686487272258 ], [ 29.143730382668963, 45.427937279995426 ], [ 29.141200541290708, 45.428118848978336 ], [ 29.140217576256052, 45.438988520090241 ], [ 29.147808503825289, 45.438443611227115 ], [ 29.147550392824343, 45.436662289540187 ], [ 29.155140869137664, 45.436116914940825 ], [ 29.15488254836669, 45.434335625235271 ], [ 29.15994258916561, 45.433971787220706 ], [ 29.159684136642408, 45.432190518281331 ], [ 29.162214042827205, 45.432008527297981 ], [ 29.161697054414567, 45.428446006776753 ] ] ], [ [ [ 28.708053328030687, 45.717542140254658 ], [ 28.715689915656601, 45.717023526985784 ], [ 28.715196153979004, 45.713457303995789 ], [ 28.712650806903163, 45.713630209912068 ], [ 28.712404040317708, 45.711847085327527 ], [ 28.704768098394219, 45.712365433771332 ], [ 28.705261177935455, 45.715931745461077 ], [ 28.707806674026489, 45.715758997486489 ], [ 28.708053328030687, 45.717542140254658 ] ] ], [ [ [ 29.341398340216415, 45.742960669644503 ], [ 29.341131320201377, 45.741180315825574 ], [ 29.343673975513902, 45.740993331422111 ], [ 29.34153808482052, 45.726750529457377 ], [ 29.344080082692617, 45.726563581426909 ], [ 29.343546202470772, 45.723002886309203 ], [ 29.341004362620684, 45.723189811253668 ], [ 29.341271211201242, 45.724970171240933 ], [ 29.338729267305037, 45.725157051758551 ], [ 29.338996061906837, 45.726937421515004 ], [ 29.336454013958754, 45.727124257598334 ], [ 29.336720754567388, 45.728904637121872 ], [ 29.334178602561678, 45.729091428763397 ], [ 29.334445289162776, 45.730871818051938 ], [ 29.331903033093667, 45.731058565244162 ], [ 29.329893884077414, 45.734806075843316 ], [ 29.324808930641176, 45.735179336390416 ], [ 29.325075376062557, 45.736959766484738 ], [ 29.322532782763147, 45.737146324284112 ], [ 29.323598498167001, 45.744268073080043 ], [ 29.32614140783285, 45.744081469193794 ], [ 29.328274672378999, 45.758324789773368 ], [ 29.33081819008342, 45.758138037638332 ], [ 29.331085039966517, 45.7599184332216 ], [ 29.33362861178507, 45.759731613511448 ], [ 29.33336168274046, 45.757951229464233 ], [ 29.340992010355293, 45.757390468722022 ], [ 29.340724868919651, 45.755610117531148 ], [ 29.345811470344568, 45.755236019968798 ], [ 29.343941074611195, 45.742773673694572 ], [ 29.341398340216415, 45.742960669644503 ] ] ], [ [ [ 29.799238583176869, 46.019777507333202 ], [ 29.814267287065871, 46.016810036681051 ], [ 29.813982540069532, 46.015031986196824 ], [ 29.816534532982807, 46.01483357646751 ], [ 29.816249732946225, 46.013055536298992 ], [ 29.818801619257663, 46.012857082481716 ], [ 29.818516766195344, 46.011079052630912 ], [ 29.821068545911125, 46.010880554733262 ], [ 29.820783639837593, 46.009102535202175 ], [ 29.823335312963923, 46.008903993231712 ], [ 29.823050353893688, 46.007125984022373 ], [ 29.82560192043675, 46.006927397986644 ], [ 29.825316908384298, 46.005149399101072 ], [ 29.827868368350298, 46.004950769007642 ], [ 29.827583303330137, 46.003172780447862 ], [ 29.830134656725267, 46.002974106304286 ], [ 29.829849538751876, 46.00119612807228 ], [ 29.832400785582358, 46.000997409886139 ], [ 29.834381531105901, 45.997242722192446 ], [ 29.839483571722049, 45.996845053409309 ], [ 29.839198215253216, 45.99506711843874 ], [ 29.841749115599423, 45.994868211889269 ], [ 29.841463706245662, 45.993090287257182 ], [ 29.844014500047866, 45.992891336700296 ], [ 29.843729037823671, 45.991113422408709 ], [ 29.846279725088067, 45.990914427851969 ], [ 29.845994210007916, 45.989136523902879 ], [ 29.848544790740714, 45.988937485353816 ], [ 29.848259222819081, 45.987159591749247 ], [ 29.850809697026477, 45.986960509215436 ], [ 29.850524076277843, 45.985182625957407 ], [ 29.853074443966058, 45.984983499446386 ], [ 29.855053305220856, 45.981228593497278 ], [ 29.860153587694096, 45.980830108367037 ], [ 29.859867728914335, 45.979052268450864 ], [ 29.862417750214426, 45.978852953813764 ], [ 29.862131838675857, 45.977075124254768 ], [ 29.867231641399918, 45.97667635086313 ], [ 29.866659580491078, 45.973120735123558 ], [ 29.869209282314312, 45.972921288682954 ], [ 29.868637169742151, 45.969365689794138 ], [ 29.858438837970152, 45.970163039838766 ], [ 29.858153140350524, 45.968385188311323 ], [ 29.842570121670597, 45.967801525876403 ], [ 29.842284955267207, 45.966023596826282 ], [ 29.831801684362876, 45.965040570642067 ], [ 29.828682681637414, 45.9616831659837 ], [ 29.8235837202255, 45.962080119610278 ], [ 29.823299218048238, 45.96030209708865 ], [ 29.820749776819465, 45.960500477331394 ], [ 29.820465380962016, 45.958722440649908 ], [ 29.81791599259007, 45.958920752438715 ], [ 29.817631703037986, 45.957142701602457 ], [ 29.815082367529037, 45.957340944943304 ], [ 29.814798184267847, 45.955562879957363 ], [ 29.812248901628081, 45.955761054856254 ], [ 29.811964824643344, 45.953982975725701 ], [ 29.809415594878924, 45.954181082188597 ], [ 29.809131624156176, 45.952402988918536 ], [ 29.803749458802784, 45.951020889155693 ], [ 29.803181968983012, 45.9474646441709 ], [ 29.80063297743574, 45.947662533154421 ], [ 29.800349352066409, 45.945884395580144 ], [ 29.797800413414986, 45.946082216155709 ], [ 29.798651130816832, 45.951416659741604 ], [ 29.796101926840585, 45.951614460715597 ], [ 29.79695264537434, 45.956948923668669 ], [ 29.794403175996994, 45.957146705026119 ], [ 29.796104855129713, 45.967815652428349 ], [ 29.79355488138032, 45.968013450756111 ], [ 29.794405841941014, 45.973347935206647 ], [ 29.791855602563494, 45.973545713884725 ], [ 29.792422883591716, 45.977102051677818 ], [ 29.794973282318086, 45.976904248596895 ], [ 29.795540829393239, 45.980460554324132 ], [ 29.792990271289025, 45.98065838181099 ], [ 29.793557765680092, 45.984214704282877 ], [ 29.796108483191091, 45.984016852387043 ], [ 29.796392350118747, 45.98579499854393 ], [ 29.793841552893479, 45.985992862645411 ], [ 29.796112811436512, 46.000218060561636 ], [ 29.793561349528876, 46.000415966025088 ], [ 29.792713468824626, 46.011282779609047 ], [ 29.790161474682659, 46.011480645672158 ], [ 29.790729397970235, 46.015036976232956 ], [ 29.788177217446105, 46.01523481036832 ], [ 29.788745087867916, 46.018791157675217 ], [ 29.786192720927499, 46.018988959870782 ], [ 29.786760538443989, 46.02254532392174 ], [ 29.784207985053147, 46.022743094165463 ], [ 29.78477574962476, 46.02629947495852 ], [ 29.782223009749334, 46.026497213238329 ], [ 29.782506852191471, 46.028275412962074 ], [ 29.787612465037622, 46.027879855632413 ], [ 29.789597093827638, 46.02412566426657 ], [ 29.794702226794257, 46.023729817569837 ], [ 29.794418038338513, 46.021951675041919 ], [ 29.79952290463056, 46.021555627347006 ], [ 29.799238583176869, 46.019777507333202 ] ] ], [ [ [ 29.75468101008158, 46.210448773708613 ], [ 29.759518947432277, 46.208275012121071 ], [ 29.75894919845264, 46.204718501841114 ], [ 29.761510342157155, 46.204520698687276 ], [ 29.76065567811531, 46.199185955518665 ], [ 29.763216552964241, 46.198988132259288 ], [ 29.762361888702202, 46.193653408469459 ], [ 29.764922494773106, 46.193455565119613 ], [ 29.764352691633739, 46.189899097429226 ], [ 29.766913109609842, 46.189701221793783 ], [ 29.766343252686688, 46.186144770857759 ], [ 29.768903482602507, 46.185946862948818 ], [ 29.768048656889597, 46.180612208803467 ], [ 29.770608618209558, 46.18041428084711 ], [ 29.769184042989171, 46.171523213324775 ], [ 29.766624484409643, 46.171721080222888 ], [ 29.766909265216032, 46.173499309772041 ], [ 29.754110667172817, 46.174487855265681 ], [ 29.754395072070388, 46.176266143901721 ], [ 29.744155388845499, 46.177056008887433 ], [ 29.745860447154513, 46.187725993043735 ], [ 29.748420891714119, 46.18752853872391 ], [ 29.748989620077619, 46.191085160454463 ], [ 29.746429014270255, 46.191282639146223 ], [ 29.748704355128112, 46.205509147105367 ], [ 29.746143077207137, 46.205706666575892 ], [ 29.746996530502049, 46.211041612084472 ], [ 29.744434983637898, 46.211239111375356 ], [ 29.74557297407485, 46.218352394044132 ], [ 29.748134843871316, 46.218154845993546 ], [ 29.747850225272202, 46.216376540384893 ], [ 29.7504119874846, 46.216178947763552 ], [ 29.750127314991794, 46.214400652436105 ], [ 29.752688969626373, 46.21420301525167 ], [ 29.75468101008158, 46.210448773708613 ] ] ], [ [ [ 29.546997912775488, 46.258688766385127 ], [ 29.546440904894848, 46.255130276230716 ], [ 29.549005844423341, 46.254937074415331 ], [ 29.548170286554814, 46.249599361069848 ], [ 29.550734956586872, 46.249406138123639 ], [ 29.55017788735395, 46.245847677151886 ], [ 29.544770512095969, 46.244454761288296 ], [ 29.54421392469569, 46.240896241485395 ], [ 29.541649607311626, 46.241089290981456 ], [ 29.541371434030967, 46.23931001638131 ], [ 29.536520893778942, 46.241475219260693 ], [ 29.536242882549196, 46.239695920830229 ], [ 29.515727627636782, 46.241237262367726 ], [ 29.515450290913066, 46.23945786690954 ], [ 29.50775688129448, 46.240034895285632 ], [ 29.507479813875989, 46.238255462351034 ], [ 29.497221892463923, 46.239023989215653 ], [ 29.497498635668986, 46.240803469612679 ], [ 29.494934008930958, 46.240995470891271 ], [ 29.495210697192885, 46.242774961307745 ], [ 29.492645963265588, 46.242966917516362 ], [ 29.4906343337781, 46.246717839530305 ], [ 29.485504411025186, 46.247101514682761 ], [ 29.483492158861839, 46.250852353317171 ], [ 29.473507335806168, 46.253398475046716 ], [ 29.473783450686177, 46.255178061040446 ], [ 29.489175635486994, 46.254027776408932 ], [ 29.489452263279858, 46.255807289526444 ], [ 29.497148246581553, 46.255231342757654 ], [ 29.497425143895775, 46.257010818467798 ], [ 29.505121135291667, 46.256434323531352 ], [ 29.505398302147395, 46.258213761798544 ], [ 29.51593709965611, 46.259223645963978 ], [ 29.516214643400989, 46.261003033022106 ], [ 29.518780060160555, 46.260810490684527 ], [ 29.519057711247807, 46.262589864007026 ], [ 29.524188628381111, 46.262204584681335 ], [ 29.524466467962927, 46.263983932364638 ], [ 29.527031968320088, 46.263791195368526 ], [ 29.527309915278313, 46.265570529301804 ], [ 29.529875470531994, 46.265377723443926 ], [ 29.530153524881463, 46.267157043622085 ], [ 29.532719135025534, 46.266964168896358 ], [ 29.532997296781101, 46.268743475314281 ], [ 29.535562961809447, 46.268550531714588 ], [ 29.538685327504709, 46.271916090769565 ], [ 29.543538311845808, 46.269750616039673 ], [ 29.54270285286281, 46.264412839821631 ], [ 29.545268250489539, 46.264219692241255 ], [ 29.544432784775267, 46.258881935125757 ], [ 29.546997912775488, 46.258688766385127 ] ] ], [ [ [ 30.190741357049802, 46.366782121499874 ], [ 30.193307004241127, 46.366574094144731 ], [ 30.193006471084971, 46.364798017545901 ], [ 30.195572008941749, 46.364589946164948 ], [ 30.195271423181929, 46.362813880334258 ], [ 30.1978368517108, 46.362605764935111 ], [ 30.197536213362014, 46.360829709874523 ], [ 30.200101532569583, 46.360621550464849 ], [ 30.199800841646574, 46.358845506176316 ], [ 30.202366051539439, 46.358637302763753 ], [ 30.202065308056898, 46.356861269249251 ], [ 30.204630408641684, 46.356653021841446 ], [ 30.20432961261432, 46.354876999102927 ], [ 30.206894603897641, 46.354668707707532 ], [ 30.206593755340165, 46.352892695746959 ], [ 30.209158637328638, 46.352684360371597 ], [ 30.211121555382359, 46.348923989444501 ], [ 30.216250853819741, 46.348507086011267 ], [ 30.218213153229186, 46.344746639199911 ], [ 30.223341957748548, 46.344329446368732 ], [ 30.223040685056532, 46.342553514044106 ], [ 30.228169214194335, 46.34213611976277 ], [ 30.227867808245072, 46.340360211099068 ], [ 30.235560146188753, 46.339733732386641 ], [ 30.235258526202212, 46.337957860269846 ], [ 30.242950365633721, 46.337330909183493 ], [ 30.242648531680466, 46.335555073639519 ], [ 30.245212340425926, 46.335345989286651 ], [ 30.244608596344801, 46.331794337751781 ], [ 30.24204494917479, 46.33200339633067 ], [ 30.239330236357436, 46.316020745834003 ], [ 30.236767287482415, 46.316229631739482 ], [ 30.236164492221114, 46.312677883087396 ], [ 30.238727279675352, 46.312469022931154 ], [ 30.236919091723568, 46.30181380451922 ], [ 30.232095588887965, 46.304007214317032 ], [ 30.232697938667815, 46.307559009404642 ], [ 30.230135336481627, 46.307767717510394 ], [ 30.230436473279198, 46.309543624815724 ], [ 30.227873762005199, 46.309752289064171 ], [ 30.2281748464972, 46.311528207163455 ], [ 30.225612026128797, 46.311736827546994 ], [ 30.225913058300559, 46.313512756438307 ], [ 30.223350128831147, 46.313721332949278 ], [ 30.223651108668033, 46.315497272630644 ], [ 30.221088070090996, 46.31570580526143 ], [ 30.221388997578337, 46.317481755730896 ], [ 30.218825849887079, 46.317690244473873 ], [ 30.216864290942393, 46.321450622616794 ], [ 30.211737530698418, 46.321867367751508 ], [ 30.209775354008347, 46.325627670134622 ], [ 30.204648100516689, 46.32604412607099 ], [ 30.204948604452255, 46.32782015612473 ], [ 30.199821075994592, 46.328236410650469 ], [ 30.200121446663701, 46.330012464304218 ], [ 30.195293880621069, 46.332204594623875 ], [ 30.196194762660809, 46.33753281400336 ], [ 30.19363049513149, 46.337740806653841 ], [ 30.19423106309976, 46.341292968259346 ], [ 30.191666605522755, 46.341500929753145 ], [ 30.192267125066707, 46.345053108767843 ], [ 30.189702477406783, 46.345261039092961 ], [ 30.190302948487417, 46.348813235515038 ], [ 30.187738110709319, 46.349021134659459 ], [ 30.188638787069578, 46.354349452315461 ], [ 30.186073678211816, 46.354557333082809 ], [ 30.184709191948283, 46.361869654283247 ], [ 30.179878256619048, 46.36406137891607 ], [ 30.1804784847977, 46.36761366234802 ], [ 30.175646873260252, 46.369805255852306 ], [ 30.175946896153086, 46.371581418045118 ], [ 30.178512875380839, 46.371373706237215 ], [ 30.179113168165262, 46.374925998846187 ], [ 30.1816792811006, 46.374718204546582 ], [ 30.182580175884208, 46.380046589607417 ], [ 30.185146503575215, 46.379838699984056 ], [ 30.186511018336407, 46.372526338487688 ], [ 30.191342346484696, 46.370334294171073 ], [ 30.190741357049802, 46.366782121499874 ] ] ], [ [ [ 29.918039738261086, 46.384955408149011 ], [ 29.915471261458944, 46.385157317803461 ], [ 29.916054771872403, 46.388712203660205 ], [ 29.921483982394644, 46.390085692535628 ], [ 29.921192023182797, 46.388308277489209 ], [ 29.923760607471259, 46.388106228864189 ], [ 29.923176609158613, 46.384551417780003 ], [ 29.920608187496779, 46.38475344147399 ], [ 29.920316311016162, 46.382976020505538 ], [ 29.917747943085878, 46.383177974719658 ], [ 29.918039738261086, 46.384955408149011 ] ] ], [ [ [ 29.233960881324169, 46.557257672350921 ], [ 29.234232104958767, 46.559038258564847 ], [ 29.236813406996845, 46.558851131388074 ], [ 29.236542100693313, 46.557070556743632 ], [ 29.233960881324169, 46.557257672350921 ] ] ], [ [ [ 32.505524069841194, 46.327838816497952 ], [ 32.508069016746404, 46.327579200724422 ], [ 32.507694234946946, 46.325816190667091 ], [ 32.505149366417591, 46.326075790554249 ], [ 32.505524069841194, 46.327838816497952 ] ] ], [ [ [ 32.505524069841194, 46.327838816497952 ], [ 32.500434070780734, 46.32835788142755 ], [ 32.500808652512404, 46.330120936246928 ], [ 32.505898808350473, 46.329601839552367 ], [ 32.505524069841194, 46.327838816497952 ] ] ], [ [ [ 32.475572118084877, 46.370517464295119 ], [ 32.47444932976741, 46.365227854018521 ], [ 32.47699629383682, 46.36496877043129 ], [ 32.475873585364702, 46.359679181801731 ], [ 32.478420278698017, 46.359420090162033 ], [ 32.479469854826561, 46.352108244601773 ], [ 32.484188098074995, 46.349826760096541 ], [ 32.483439523436864, 46.346300451335004 ], [ 32.485985526944582, 46.346041248307699 ], [ 32.485611213728482, 46.3442781054666 ], [ 32.488157103702029, 46.344018862719452 ], [ 32.487782747074249, 46.342255732860721 ], [ 32.490328523521704, 46.34199645040124 ], [ 32.489954123496069, 46.34023333352642 ], [ 32.492499786425505, 46.339974011362131 ], [ 32.492125343015836, 46.338210907472821 ], [ 32.494670892435323, 46.337951545611247 ], [ 32.494296405655476, 46.336188454708967 ], [ 32.49684184157308, 46.335929053157663 ], [ 32.496467311436845, 46.334165975243991 ], [ 32.499012633860659, 46.333906534010445 ], [ 32.500808652512404, 46.330120936246928 ], [ 32.493173155703381, 46.330899164690457 ], [ 32.49354753729353, 46.332662264248285 ], [ 32.485911489734292, 46.333440040322238 ], [ 32.486285671109201, 46.335203184594945 ], [ 32.465920708855847, 46.337274936078167 ], [ 32.466294297642001, 46.339038204266231 ], [ 32.463748441373284, 46.339296938945658 ], [ 32.463374931059157, 46.337533654922524 ], [ 32.453191470138719, 46.338567974454861 ], [ 32.454684465437339, 46.345621346559241 ], [ 32.45213819879816, 46.345879850752091 ], [ 32.452511456514671, 46.347643202425388 ], [ 32.455057801673703, 46.347384682409782 ], [ 32.458045750921912, 46.361491265841529 ], [ 32.46059268948413, 46.361232563575463 ], [ 32.461340183928684, 46.364759149037312 ], [ 32.458793088203215, 46.365017882974215 ], [ 32.461783838173467, 46.379124236534423 ], [ 32.459236078472394, 46.379383041528776 ], [ 32.460357951873128, 46.384672924195492 ], [ 32.457809921146136, 46.384931721040303 ], [ 32.458931873951748, 46.390221625350925 ], [ 32.461480140728675, 46.389962780979296 ], [ 32.461854273800469, 46.39172606082078 ], [ 32.477518250279765, 46.391934911925269 ], [ 32.473472000828359, 46.38514131406906 ], [ 32.47601989980015, 46.384882167330368 ], [ 32.473024883199741, 46.370776539817307 ], [ 32.475572118084877, 46.370517464295119 ] ] ], [ [ [ 29.598785126897301, 46.946118202089735 ], [ 29.596187699320932, 46.946314725671591 ], [ 29.595900787599795, 46.94453592522251 ], [ 29.590706018618768, 46.944928773179655 ], [ 29.590419302369668, 46.943149946546434 ], [ 29.582627196309964, 46.94373874478346 ], [ 29.582340759587005, 46.941959879854224 ], [ 29.571665166063305, 46.940965164078435 ], [ 29.571951239200125, 46.942744079381562 ], [ 29.569353790953446, 46.942939983492579 ], [ 29.569639807250944, 46.944718909015435 ], [ 29.564730536175912, 46.946889514360201 ], [ 29.565302368559234, 46.950447404382025 ], [ 29.560392397293281, 46.952617867594675 ], [ 29.560964056555626, 46.956175794689202 ], [ 29.558365883247106, 46.956371491902331 ], [ 29.558651669568778, 46.958150464715459 ], [ 29.561249927039341, 46.957954755402739 ], [ 29.56153582476237, 46.959733714226914 ], [ 29.569330686196935, 46.959146199897134 ], [ 29.569616863675751, 46.960925120507085 ], [ 29.577411732201757, 46.960337044718507 ], [ 29.57769818945701, 46.962115927077697 ], [ 29.588091301993497, 46.961330960697111 ], [ 29.588378123206503, 46.963109792630988 ], [ 29.59357468385755, 46.962716935103785 ], [ 29.593287694332922, 46.960938127456366 ], [ 29.59819684683815, 46.958766275617741 ], [ 29.597048598487518, 46.951651115620713 ], [ 29.599646278334408, 46.951454555588839 ], [ 29.598785126897301, 46.946118202089735 ] ] ], [ [ [ 31.474984354759549, 47.085544990144079 ], [ 31.47757421269004, 47.085305418821491 ], [ 31.477223442514067, 47.083536461852269 ], [ 31.482402892888231, 47.083057175752359 ], [ 31.482051990419944, 47.081288245708599 ], [ 31.487231142007381, 47.080808758548692 ], [ 31.486880107288453, 47.079039855440477 ], [ 31.502064767743772, 47.075831282322596 ], [ 31.501713303173904, 47.074062462638501 ], [ 31.522424989206126, 47.072139798094121 ], [ 31.522072896303825, 47.070371094072776 ], [ 31.527250318493426, 47.069889881562034 ], [ 31.52760257677668, 47.071658555994354 ], [ 31.54831158951967, 47.069731284202312 ], [ 31.54866454265208, 47.071499837568197 ], [ 31.553841626471879, 47.071017414189868 ], [ 31.553488508022554, 47.069248890483074 ], [ 31.55090006551643, 47.069490116128371 ], [ 31.5505470632142, 47.06772157501527 ], [ 31.547958669870422, 47.067962728262337 ], [ 31.547605783700408, 47.066194169748499 ], [ 31.542076374478789, 47.06490768316236 ], [ 31.541371100030741, 47.061370493993998 ], [ 31.53360651019192, 47.062093085129973 ], [ 31.533958882772755, 47.063861725428019 ], [ 31.531370536650606, 47.064102488813454 ], [ 31.531018246716634, 47.062333833712785 ], [ 31.510310936464791, 47.064257749773404 ], [ 31.509959341206784, 47.06248897381505 ], [ 31.502193797267861, 47.063209447965626 ], [ 31.501842483379122, 47.061440625148187 ], [ 31.494076887493986, 47.062160536759897 ], [ 31.493725854961248, 47.060391667119994 ], [ 31.483371591615299, 47.061350684055888 ], [ 31.48372229339024, 47.063119612669865 ], [ 31.475955998380751, 47.063838314856007 ], [ 31.476306485300459, 47.065607285118141 ], [ 31.468539642834624, 47.066325513059731 ], [ 31.46888991482292, 47.068094524944776 ], [ 31.448176211071054, 47.070007382092626 ], [ 31.448525854227764, 47.071776509076912 ], [ 31.440757419302905, 47.072492923739233 ], [ 31.440408024487613, 47.070723752694924 ], [ 31.422281095623674, 47.072393266791146 ], [ 31.423327640600217, 47.077701080403024 ], [ 31.425917549700085, 47.077462707337794 ], [ 31.426964641255296, 47.082770454209076 ], [ 31.424374483630366, 47.083008871263758 ], [ 31.426119884642166, 47.091855138788503 ], [ 31.4313009954523, 47.091378100325997 ], [ 31.431650340868334, 47.093147316899284 ], [ 31.452374119956541, 47.091236738414381 ], [ 31.452724161579745, 47.093005834939461 ], [ 31.460495279271328, 47.092288372273387 ], [ 31.460845602723232, 47.094057422130795 ], [ 31.466026347308176, 47.09357879590906 ], [ 31.465675858144134, 47.091809775487242 ], [ 31.468266097681632, 47.091570390597276 ], [ 31.47015509406851, 47.08779295846071 ], [ 31.475335075417501, 47.087313959298378 ], [ 31.474984354759549, 47.085544990144079 ] ] ], [ [ [ 31.315743871908545, 47.188425765518666 ], [ 31.315397213783335, 47.186655921982236 ], [ 31.299473793881223, 47.186302836918586 ], [ 31.299127702305878, 47.184532901197656 ], [ 31.293935340902323, 47.185004662251977 ], [ 31.293589449129108, 47.183234695006625 ], [ 31.288397123050711, 47.183706195245605 ], [ 31.288051431061088, 47.181936196493581 ], [ 31.283204665466403, 47.184177463689508 ], [ 31.285970049458758, 47.198337596341112 ], [ 31.291163842848118, 47.197866095781194 ], [ 31.290817887737582, 47.196096116916038 ], [ 31.31159107642511, 47.194207911998568 ], [ 31.311244486320629, 47.192438046861128 ], [ 31.313840903177155, 47.192201774959251 ], [ 31.31314765492872, 47.188662066284287 ], [ 31.315743871908545, 47.188425765518666 ] ] ], [ [ [ 31.907983998420988, 47.278867373728801 ], [ 31.915770590072679, 47.278116815134204 ], [ 31.915402853852534, 47.276350474444286 ], [ 31.923188881504434, 47.275599441872721 ], [ 31.922820930773348, 47.273833144593425 ], [ 31.938391543015296, 47.272329611770729 ], [ 31.939512742090812, 47.265014035384063 ], [ 31.936918094925936, 47.265264764761959 ], [ 31.93581337626259, 47.259966100761169 ], [ 31.933218943340758, 47.260216726192432 ], [ 31.932482805241552, 47.256684239050671 ], [ 31.929888503476132, 47.256934775953297 ], [ 31.930256471983775, 47.258701036283455 ], [ 31.927662052201132, 47.258951530834622 ], [ 31.928029972595876, 47.26071780381961 ], [ 31.925435434787762, 47.260968256011473 ], [ 31.923576475336979, 47.264751249764018 ], [ 31.918386892628629, 47.265251926902437 ], [ 31.91652730328639, 47.269034859484471 ], [ 31.911337178506717, 47.269535251519258 ], [ 31.911704691842889, 47.271301618497262 ], [ 31.90651426110092, 47.271801810157982 ], [ 31.906881643058465, 47.273568205140442 ], [ 31.899095485670099, 47.274318105323061 ], [ 31.899462653033993, 47.27608454365533 ], [ 31.894271540622402, 47.276584218849287 ], [ 31.894638576507337, 47.278350685160362 ], [ 31.892042884786722, 47.278600451403847 ], [ 31.893878171465055, 47.287432818870961 ], [ 31.896474279261074, 47.287182975882097 ], [ 31.898335799925153, 47.283400197659525 ], [ 31.908351520052221, 47.28063375780436 ], [ 31.907983998420988, 47.278867373728801 ] ] ], [ [ [ 32.729066035880415, 47.256158953122828 ], [ 32.73165304826513, 47.255890349607192 ], [ 32.731872818033665, 47.24505387681603 ], [ 32.734459263301041, 47.244785257533614 ], [ 32.73367032973136, 47.241262661968122 ], [ 32.736256573582168, 47.240994018365456 ], [ 32.735073207360614, 47.235710151443293 ], [ 32.732487209533367, 47.235978745681663 ], [ 32.731698649454415, 47.232456119535556 ], [ 32.734284483302346, 47.232187558201431 ], [ 32.732313326546517, 47.22338102158708 ], [ 32.724556942537959, 47.224186287276126 ], [ 32.724950853371404, 47.225947650041981 ], [ 32.717193887786586, 47.226752450236233 ], [ 32.717587589998082, 47.228513859250519 ], [ 32.709830042932502, 47.229318193835361 ], [ 32.710223536443294, 47.23107964907404 ], [ 32.707637530883389, 47.231347662585954 ], [ 32.707412247506156, 47.242184483334377 ], [ 32.704825675206791, 47.242452480887884 ], [ 32.703812994162327, 47.249766401236819 ], [ 32.699032417670772, 47.252063761615638 ], [ 32.701000032412665, 47.26087131705836 ], [ 32.703587537598189, 47.260603327118886 ], [ 32.704768800397581, 47.265887774566316 ], [ 32.702181048741522, 47.266155813767867 ], [ 32.70454408879155, 47.276724724895764 ], [ 32.707132333585747, 47.276456587141517 ], [ 32.706738318063081, 47.274695126003287 ], [ 32.711914531221105, 47.274158711413996 ], [ 32.712308711146413, 47.275920139685965 ], [ 32.730424855551703, 47.274040768372473 ], [ 32.729635382561298, 47.270518139043219 ], [ 32.732223089305279, 47.270249461143422 ], [ 32.729066035880415, 47.256158953122828 ] ] ], [ [ [ 31.862927810570881, 47.355271723141662 ], [ 31.86329481134004, 47.357038351358327 ], [ 31.871094068739957, 47.356289898601325 ], [ 31.869992419083552, 47.350990143797041 ], [ 31.867392952238163, 47.351239640022008 ], [ 31.867760050298031, 47.353006243009531 ], [ 31.862927810570881, 47.355271723141662 ] ] ], [ [ [ 32.315003105373592, 49.445782990318733 ], [ 32.314591973939883, 49.44401972895372 ], [ 32.320000317334113, 49.443483480028661 ], [ 32.319589040043091, 49.441720248781202 ], [ 32.327700973435164, 49.440915458928693 ], [ 32.327289457278198, 49.439152274413921 ], [ 32.335400748385197, 49.438346974959664 ], [ 32.334988993454132, 49.436583837203926 ], [ 32.340396132971279, 49.436046693391255 ], [ 32.339984232368501, 49.434283585796479 ], [ 32.342687648548178, 49.434014937301946 ], [ 32.342275695320062, 49.432251843251542 ], [ 32.344978978117531, 49.431983149248893 ], [ 32.346858063279136, 49.428188262285651 ], [ 32.352264055010274, 49.427650630181546 ], [ 32.354142436864173, 49.423855677602084 ], [ 32.359547814387199, 49.423317739387699 ], [ 32.35872305090011, 49.419791750259684 ], [ 32.36142549320715, 49.419522721292708 ], [ 32.361013079178967, 49.417759738744166 ], [ 32.363715388171151, 49.417490664334224 ], [ 32.363302921668044, 49.415727695345943 ], [ 32.366005097355469, 49.415458575501489 ], [ 32.365592578394526, 49.413695620075131 ], [ 32.368294620787317, 49.413426454804643 ], [ 32.367882049385614, 49.411663512941828 ], [ 32.370583958493889, 49.411394302253761 ], [ 32.370171334668512, 49.409631373956195 ], [ 32.372873110502397, 49.409362117858947 ], [ 32.374749348218501, 49.405567000468324 ], [ 32.380152326406794, 49.405028244638601 ], [ 32.382027862099434, 49.401233062043083 ], [ 32.392419172114408, 49.3983918973519 ], [ 32.392005955838457, 49.396629100510872 ], [ 32.39470681084353, 49.396359386066393 ], [ 32.396580943309395, 49.392564073362493 ], [ 32.401982079995079, 49.392024401155027 ], [ 32.403855511257461, 49.388229023547538 ], [ 32.409256034181553, 49.38768904612035 ], [ 32.408842371408454, 49.385926350614362 ], [ 32.414242546951208, 49.385386158637345 ], [ 32.413828739373038, 49.383623493435216 ], [ 32.421928420798437, 49.382812790751167 ], [ 32.421514375834271, 49.381050172579208 ], [ 32.429613414492003, 49.380238962322245 ], [ 32.429199132233435, 49.378476391206654 ], [ 32.450794042469603, 49.376310571683263 ], [ 32.450379060170491, 49.374548131382774 ], [ 32.453078148658022, 49.374277141951097 ], [ 32.453493223509454, 49.376039565494132 ], [ 32.475085208177845, 49.373869286462273 ], [ 32.475501063969944, 49.375631572681378 ], [ 32.48359766435042, 49.37481664594889 ], [ 32.484013838408053, 49.37657887864588 ], [ 32.486712716249926, 49.376307095765732 ], [ 32.485880223862182, 49.37278266084072 ], [ 32.490861117254056, 49.37047678801224 ], [ 32.49002849940122, 49.366952401481264 ], [ 32.495008612320341, 49.364646406115504 ], [ 32.494175869155043, 49.361122067985718 ], [ 32.496873803540979, 49.360850110089714 ], [ 32.496457400659452, 49.359087953126419 ], [ 32.499155201884605, 49.358815950171099 ], [ 32.49873874734741, 49.35705380688141 ], [ 32.501436415421963, 49.356781758875194 ], [ 32.501019909246054, 49.355019629260767 ], [ 32.503717444180189, 49.354747536212088 ], [ 32.503300886382476, 49.352985420274528 ], [ 32.505998288186376, 49.352713282191822 ], [ 32.50558167878382, 49.350951179932807 ], [ 32.508278947467652, 49.350678996824442 ], [ 32.50786228647717, 49.34891690824562 ], [ 32.510559422051116, 49.348644680120053 ], [ 32.512422947848343, 49.344848270875076 ], [ 32.517816645839886, 49.344303572777974 ], [ 32.519679473949004, 49.340507100133195 ], [ 32.525072558059065, 49.339962098467787 ], [ 32.524655454839184, 49.338200111999285 ], [ 32.530048191219841, 49.33765489678877 ], [ 32.529630944289984, 49.335892940865605 ], [ 32.53502333293126, 49.335347512155245 ], [ 32.534605942340519, 49.333585586787564 ], [ 32.542693942427228, 49.3327670308595 ], [ 32.542276316016391, 49.331005152923758 ], [ 32.550363671900286, 49.330186091559909 ], [ 32.549945809760764, 49.32842426108207 ], [ 32.571509556118578, 49.326237514722514 ], [ 32.571090997614178, 49.324475816211368 ], [ 32.576481340836764, 49.323928545881259 ], [ 32.576900083596492, 49.325690210573903 ], [ 32.59846055503823, 49.323498524302401 ], [ 32.598880075627299, 49.32526005039248 ], [ 32.606964852193791, 49.324437098619725 ], [ 32.60738469007287, 49.326198570677015 ], [ 32.615469373481552, 49.325375012501134 ], [ 32.615889528660254, 49.327136430485588 ], [ 32.62127929639022, 49.326587049150014 ], [ 32.621699676806237, 49.328348429999011 ], [ 32.624394591104718, 49.328073629772341 ], [ 32.623974118616843, 49.326312265900775 ], [ 32.629363639751226, 49.325762514251061 ], [ 32.631216964677783, 49.321964910424917 ], [ 32.636605870920356, 49.321414856470952 ], [ 32.636185061571346, 49.319653567939227 ], [ 32.641573619246103, 49.319103301184406 ], [ 32.641152667017494, 49.31734204344535 ], [ 32.649234918929906, 49.316516231655079 ], [ 32.648813731892204, 49.314755021726555 ], [ 32.656895337395916, 49.313928705861173 ], [ 32.656473915640618, 49.312167543769043 ], [ 32.678022315345203, 49.309961457783388 ], [ 32.677600199386134, 49.308200428743348 ], [ 32.680293471915654, 49.307924407607693 ], [ 32.680715679774828, 49.309685419598928 ], [ 32.702261109231571, 49.307474895110929 ], [ 32.702684093431316, 49.309235767353051 ], [ 32.710763223420685, 49.308405752519 ], [ 32.71118652454669, 49.310166570270319 ], [ 32.719265557890274, 49.309335949539019 ], [ 32.719689175951686, 49.311096712759593 ], [ 32.730885035183313, 49.311748978877965 ], [ 32.73442634325945, 49.314993040452428 ], [ 32.739812479086332, 49.314438232064141 ], [ 32.740236905803819, 49.316198862481095 ], [ 32.742930003369864, 49.315921348723492 ], [ 32.743354563411103, 49.317681958756339 ], [ 32.746047711347586, 49.317404366238961 ], [ 32.746472404729332, 49.319164955881369 ], [ 32.749165603025915, 49.318887284598119 ], [ 32.749590429764936, 49.320647853843731 ], [ 32.752283678411274, 49.320370103788569 ], [ 32.752708638524339, 49.322130652631046 ], [ 32.755401937510101, 49.321852823797911 ], [ 32.755827031013972, 49.323613352230922 ], [ 32.758520380328804, 49.323335444613768 ], [ 32.758945607240257, 49.325095952630917 ], [ 32.764757817151519, 49.326300388615266 ], [ 32.765608846283634, 49.329821319689565 ], [ 32.771421749640112, 49.331025361984196 ], [ 32.772273395880475, 49.3345462047794 ], [ 32.77496718046563, 49.334267868778298 ], [ 32.775819176983106, 49.337788664146089 ], [ 32.778513103747486, 49.337510232121929 ], [ 32.779365450640299, 49.341030980042703 ], [ 32.782059519588316, 49.340752451978652 ], [ 32.783338628143461, 49.346033497757794 ], [ 32.786032931216965, 49.345754856430702 ], [ 32.78731269073068, 49.351035821167407 ], [ 32.790007227965631, 49.350757066547246 ], [ 32.793422491202051, 49.364839357487838 ], [ 32.796117722647345, 49.364560403423305 ], [ 32.796544910405892, 49.366320657830087 ], [ 32.793849586932808, 49.366599629122476 ], [ 32.797267856450681, 49.380681684262932 ], [ 32.794571754654761, 49.380960731694792 ], [ 32.794439962998659, 49.391801327919566 ], [ 32.791743224791162, 49.392080355276292 ], [ 32.79259815886595, 49.395600900369296 ], [ 32.789901194496366, 49.395879900434764 ], [ 32.790756111438341, 49.399400466887144 ], [ 32.788058920860522, 49.399679439649333 ], [ 32.788486349840355, 49.40143973519293 ], [ 32.799275230040841, 49.400323404570422 ], [ 32.798847432237892, 49.398563177978524 ], [ 32.804241436908491, 49.39800467654478 ], [ 32.80466941909166, 49.399764868639124 ], [ 32.826244500061378, 49.397528254556761 ], [ 32.826673261487734, 49.39928830522328 ], [ 32.832066796877783, 49.398728499636135 ], [ 32.831637851158938, 49.396968483541933 ], [ 32.828941196580011, 49.397248399920485 ], [ 32.828083615243465, 49.393728323274516 ], [ 32.825387102997333, 49.394008143345665 ], [ 32.820119916218239, 49.383727385403041 ], [ 32.817423872817336, 49.38400697837384 ], [ 32.81399944424745, 49.369925967753822 ], [ 32.811304095449842, 49.37020536093609 ], [ 32.810020901129704, 49.364924875991427 ], [ 32.812715973887379, 49.364645534564893 ], [ 32.809295225750517, 49.350564234944052 ], [ 32.811989520997315, 49.35028496982833 ], [ 32.812118865188694, 49.339444737456787 ], [ 32.814812525506063, 49.339165452531226 ], [ 32.81579630500557, 49.331845574570423 ], [ 32.820755143069675, 49.329526728057061 ], [ 32.819900190372472, 49.326006505079619 ], [ 32.822593040846414, 49.325727094457164 ], [ 32.822165535350614, 49.323966995293098 ], [ 32.824858252281047, 49.323687540335577 ], [ 32.824430696774087, 49.321927455139537 ], [ 32.827123280171421, 49.321647955855376 ], [ 32.826695674670027, 49.319887884628926 ], [ 32.829388124544657, 49.319608341026481 ], [ 32.828960469065557, 49.317848283771198 ], [ 32.831652785427892, 49.31756869585886 ], [ 32.83122507998781, 49.315808652576301 ], [ 32.83391726284826, 49.315529020362476 ], [ 32.835753751520926, 49.311729299214896 ], [ 32.84113754150993, 49.311169796085011 ], [ 32.842973338443151, 49.307370015288292 ], [ 32.848356510969538, 49.306810212015016 ], [ 32.847928372666644, 49.30505027317318 ], [ 32.853311194666446, 49.304490258348622 ], [ 32.852882914896995, 49.302730350778305 ], [ 32.860956559349312, 49.301889919011849 ], [ 32.860528046553313, 49.300130060017175 ], [ 32.868601039640751, 49.299289126558328 ], [ 32.868172293909907, 49.297529316164862 ], [ 32.878935332314533, 49.29640727981522 ], [ 32.8785062621847, 49.294647535365499 ], [ 32.881196825533621, 49.294366889875469 ], [ 32.880338627843742, 49.290847425693151 ], [ 32.883028966234733, 49.290566753366889 ], [ 32.882170753039027, 49.287047310594943 ], [ 32.887121711341031, 49.284726159131267 ], [ 32.886263383473377, 49.281206765800256 ], [ 32.888953138728588, 49.280925995711769 ], [ 32.888523946155104, 49.279166311407657 ], [ 32.891213568063428, 49.278885497201884 ], [ 32.890784325924038, 49.277125826915515 ], [ 32.893473814495849, 49.276844968600805 ], [ 32.893044522807195, 49.275085312333729 ], [ 32.895733878052923, 49.274804409918453 ], [ 32.895304536831645, 49.273044767672204 ], [ 32.897993758761707, 49.272763821164737 ], [ 32.897564368024405, 49.271004192940893 ], [ 32.900253456649246, 49.270723202349586 ], [ 32.902083482023158, 49.266922953308573 ], [ 32.907461084203604, 49.266360734436354 ], [ 32.909290420527732, 49.262560426673083 ], [ 32.914667405784677, 49.261997908811949 ], [ 32.914237585049435, 49.260238385428018 ], [ 32.919614219925833, 49.2596756567348 ], [ 32.919184258489011, 49.257916164747442 ], [ 32.927248622290293, 49.257071663469787 ], [ 32.926818428912306, 49.255312220258531 ], [ 32.932194279076157, 49.254748947309444 ], [ 32.931763945112991, 49.252989535520577 ], [ 32.934451715970631, 49.252707824383563 ], [ 32.93402133272204, 49.250948426645415 ], [ 32.936708970349649, 49.250666671535619 ], [ 32.938535560470619, 49.246866119143469 ], [ 32.943910260880024, 49.246302371746452 ], [ 32.945736163251667, 49.24250176112136 ], [ 32.951110246883644, 49.241937715315451 ], [ 32.950679435095068, 49.240178422644753 ], [ 32.956053168342194, 49.239614166364809 ], [ 32.955622216235142, 49.23785490516191 ], [ 32.963682227470201, 49.237008113143162 ], [ 32.963251043957861, 49.235248900830555 ], [ 32.971310403439674, 49.234401609365214 ], [ 32.97087898861345, 49.232642445968303 ], [ 32.992368033876822, 49.230380444985641 ], [ 32.991935932467811, 49.228621417741884 ], [ 32.997307590616302, 49.228055339686051 ], [ 32.997739874132876, 49.229814332019942 ], [ 33.008483048910335, 49.228681370958299 ], [ 33.009438035449257, 49.221362337404464 ], [ 33.012123317524136, 49.221078952655915 ], [ 33.011690656512556, 49.219320051691341 ], [ 33.014375805438242, 49.219036623185957 ], [ 33.013510427958913, 49.21551884612559 ], [ 33.016195352786063, 49.2152353913498 ], [ 33.01576263633784, 49.213476515254698 ], [ 33.020699321435181, 49.211150612520328 ], [ 33.019833735641868, 49.207632913438921 ], [ 33.022518170244879, 49.207349344958786 ], [ 33.021219835088573, 49.20207282355814 ], [ 33.023903954851093, 49.201789246336723 ], [ 33.024856782212041, 49.194470338840986 ], [ 33.027540454236167, 49.194186709206981 ], [ 33.0271076562411, 49.192427901007818 ], [ 33.029791195280495, 49.192144227697838 ], [ 33.028925544126928, 49.188626636178242 ], [ 33.031608859389443, 49.188342936690439 ], [ 33.031176006250448, 49.18658415337071 ], [ 33.03385918856258, 49.186300410225975 ], [ 33.033426286798679, 49.184541641030791 ], [ 33.036109336170895, 49.184257854237444 ], [ 33.03567638579856, 49.182499099168361 ], [ 33.038359302241282, 49.18221526873473 ], [ 33.037926303276983, 49.180456527793254 ], [ 33.040609086800657, 49.180172653727645 ], [ 33.040176039260842, 49.178413926915326 ], [ 33.04510811149396, 49.176087335239842 ], [ 33.044241864384894, 49.172569934769527 ], [ 33.046924158513932, 49.172285947363115 ], [ 33.046057898704269, 49.168768568415246 ], [ 33.048739969290942, 49.168484554918813 ], [ 33.049689258797251, 49.16116582201758 ], [ 33.054619203346995, 49.158838991669164 ], [ 33.053752808747838, 49.155321705563402 ], [ 33.05643407621222, 49.155037570314349 ], [ 33.056000851567568, 49.153278939711591 ], [ 33.058681986274088, 49.152994760917245 ], [ 33.058248713216713, 49.151236144453165 ], [ 33.060929715175803, 49.150951922121848 ], [ 33.062743893110628, 49.147150465755843 ], [ 33.057382293603276, 49.147718901399045 ], [ 33.056949147036768, 49.145960274809767 ], [ 33.045793062234971, 49.145337643565767 ], [ 33.042247034880482, 49.142104045593499 ], [ 33.036885570005168, 49.142671486642691 ], [ 33.036453225777819, 49.140912724099053 ], [ 33.033772520773482, 49.141196335576467 ], [ 33.033340309170519, 49.13943755218969 ], [ 33.030659652654094, 49.139721085147485 ], [ 33.030227573659097, 49.137962280923873 ], [ 33.027546965640987, 49.138245735368002 ], [ 33.027115019237556, 49.136486910313906 ], [ 33.02443445972817, 49.136770286250304 ], [ 33.024002645899927, 49.135011440372047 ], [ 33.021322134909653, 49.135294737806639 ], [ 33.020890453640177, 49.133535871110574 ], [ 33.015098028531469, 49.132343342990595 ], [ 33.014235238110238, 49.128825523011685 ], [ 33.008443495259819, 49.12763260111398 ], [ 33.007581318720653, 49.124114691255237 ], [ 33.004901231518524, 49.124397561399519 ], [ 33.004039403758952, 49.120879603276698 ], [ 33.001359455635232, 49.121162377535683 ], [ 33.000928695140914, 49.119403376025097 ], [ 32.992888870814966, 49.120251280399621 ], [ 32.993319359793823, 49.122010334171314 ], [ 32.979918362315978, 49.123422374617 ], [ 32.980348440516963, 49.125181512082392 ], [ 32.958903944156724, 49.127437741613988 ], [ 32.959333339606765, 49.129197014824761 ], [ 32.956652498816588, 49.12947878612448 ], [ 32.956223193965798, 49.127719495544426 ], [ 32.934775688947056, 49.129971328415834 ], [ 32.93434715079335, 49.128211895693056 ], [ 32.917832360996556, 49.128138560891671 ], [ 32.917404450065405, 49.126379017588178 ], [ 32.912042200242738, 49.126940528003203 ], [ 32.911614512256605, 49.12518094677263 ], [ 32.906252277204189, 49.125742178211226 ], [ 32.905824812145617, 49.123982559072992 ], [ 32.884374933421, 49.126224902604775 ], [ 32.883948235299336, 49.124465141908956 ], [ 32.875904117171572, 49.125304960704135 ], [ 32.875477732646075, 49.123545144932095 ], [ 32.867433513002716, 49.124384361959088 ], [ 32.867007442065088, 49.122624491150454 ], [ 32.855855931340976, 49.121982579562101 ], [ 32.856707306081226, 49.125502462352344 ], [ 32.854025650703939, 49.125781834641622 ], [ 32.854877009773482, 49.129301738766131 ], [ 32.849938771922005, 49.131620350446418 ], [ 32.850790016646904, 49.135140303796213 ], [ 32.848107783146673, 49.135419578795563 ], [ 32.848533376894842, 49.137179567775583 ], [ 32.845851011157372, 49.137458798842054 ], [ 32.846276555551583, 49.139218801765146 ], [ 32.843594057566584, 49.139497988890419 ], [ 32.84401955259036, 49.14125800575502 ], [ 32.841336922347587, 49.141537148930773 ], [ 32.841762367984394, 49.143297179735313 ], [ 32.83907960547355, 49.143576278953212 ], [ 32.839505001706897, 49.145336323696114 ], [ 32.836822106917751, 49.145615378947838 ], [ 32.834989724030258, 49.149414521519745 ], [ 32.829623363855696, 49.149972394913753 ], [ 32.827790295340996, 49.153771478450487 ], [ 32.822423323093759, 49.154329053435639 ], [ 32.822848290227746, 49.156089202241006 ], [ 32.817480970531463, 49.156646566760472 ], [ 32.817905797197838, 49.158406746679304 ], [ 32.802226621616747, 49.161837753670902 ], [ 32.803075390209131, 49.165358303330102 ], [ 32.800391056180707, 49.165636595058118 ], [ 32.799403986146977, 49.172956023074931 ], [ 32.794458630736614, 49.175272763129087 ], [ 32.795307250037148, 49.178793404487472 ], [ 32.792622113291259, 49.179071571306523 ], [ 32.793046393894429, 49.180831904261183 ], [ 32.790361124705157, 49.181110026954549 ], [ 32.790785355566811, 49.182870373812129 ], [ 32.78809995392389, 49.183148452371476 ], [ 32.788524135027465, 49.184908813130377 ], [ 32.785838600920641, 49.185186847547357 ], [ 32.786262732249526, 49.186947222206022 ], [ 32.783577065668524, 49.187225212472292 ], [ 32.784001147206133, 49.188985601029138 ], [ 32.781315348140716, 49.189263547136377 ], [ 32.779477430215636, 49.193062267878076 ], [ 32.77410526075515, 49.193617922079717 ], [ 32.77226665473534, 49.197416582985348 ], [ 32.766893872560111, 49.197971937742928 ], [ 32.767317522463834, 49.19973243003858 ], [ 32.761944392609927, 49.200287573681038 ], [ 32.762367901360491, 49.202048096988577 ], [ 32.746669975924306, 49.205472780862031 ], [ 32.747093019662209, 49.20723340038451 ], [ 32.728282115435505, 49.209172252002375 ], [ 32.729127048279999, 49.212693720675475 ], [ 32.724174113443929, 49.215007957754736 ], [ 32.725018928129067, 49.218529475370424 ], [ 32.722330952041261, 49.218806171210765 ], [ 32.722753329815468, 49.220566942253043 ], [ 32.72006522113481, 49.220843593752058 ], [ 32.720487548720513, 49.222604378642195 ], [ 32.717799307436763, 49.222880985791519 ], [ 32.718221584817286, 49.224641784527925 ], [ 32.715533210920213, 49.224918347319182 ], [ 32.715955438078872, 49.226679159900272 ], [ 32.713266931558238, 49.226955678325105 ], [ 32.713689108478384, 49.2287165047493 ], [ 32.711000469323942, 49.22899297879934 ], [ 32.709155900583475, 49.232791102837524 ], [ 32.703778050496695, 49.233343811929053 ], [ 32.701932791125145, 49.237141875180207 ], [ 32.696554328025023, 49.237694283699035 ], [ 32.696976070476815, 49.239455213420172 ], [ 32.691597259698298, 49.240007410126829 ], [ 32.692018860250627, 49.241768370721495 ], [ 32.686639701802882, 49.24232035557079 ], [ 32.687061160406969, 49.244081347028924 ], [ 32.681681654299197, 49.244633119975681 ], [ 32.682102970906307, 49.246394142287222 ], [ 32.676723117147716, 49.246945703286229 ], [ 32.677144291709055, 49.248706756441123 ], [ 32.671764090308876, 49.249258105447218 ], [ 32.672185122775687, 49.251019189435375 ], [ 32.664114237590013, 49.251845802600336 ], [ 32.664535036281542, 49.253606934422741 ], [ 32.648811896900895, 49.257019832043461 ], [ 32.64923222776865, 49.25878105945705 ], [ 32.62770389067159, 49.260980107103286 ], [ 32.628123528899089, 49.262741467129935 ], [ 32.625432210538271, 49.263016087999972 ], [ 32.625012664044412, 49.26125471101291 ], [ 32.60348137681634, 49.263449325446139 ], [ 32.603062605277927, 49.261687809725899 ], [ 32.597679557822715, 49.262235813609266 ], [ 32.598516774690893, 49.265758909571332 ], [ 32.593551682726812, 49.268068311808619 ], [ 32.594388777703941, 49.271591456387398 ], [ 32.591696651872823, 49.271865327319823 ], [ 32.592115168859756, 49.273626911762136 ], [ 32.589422910308919, 49.273900737990765 ], [ 32.589841376335201, 49.275662336172637 ], [ 32.587148985054469, 49.275936117689056 ], [ 32.587567400103275, 49.277697729608853 ], [ 32.584874876082473, 49.277971466404701 ], [ 32.58529324013702, 49.279733092060837 ], [ 32.582600583365966, 49.280006784127707 ], [ 32.583018896409463, 49.281768423518542 ], [ 32.580326106877962, 49.28204207084805 ], [ 32.578469657562394, 49.285838993411126 ], [ 32.573083506538559, 49.286386047410438 ], [ 32.571226362671091, 49.290182907502569 ], [ 32.565839598775305, 49.290729659077243 ], [ 32.566257472586237, 49.292491400898491 ], [ 32.560870361406934, 49.293037939534344 ], [ 32.561288092095225, 49.294799711958383 ], [ 32.555900633642182, 49.295346037610216 ], [ 32.556318221158897, 49.297107840626857 ], [ 32.550930415441961, 49.297653953249466 ], [ 32.551347859738158, 49.299415786848577 ], [ 32.545959706767135, 49.299961686396735 ], [ 32.5463770077939, 49.301723550568127 ], [ 32.54098850757866, 49.302269236996629 ], [ 32.541405665287016, 49.304031131730149 ], [ 32.536016817837456, 49.304576604993812 ], [ 32.536433832178446, 49.306338530279284 ], [ 32.528349979035006, 49.307156327759486 ], [ 32.528766757859344, 49.308918300429305 ], [ 32.513013665824239, 49.312314399925462 ], [ 32.513429973341523, 49.314076467286036 ], [ 32.508039492778551, 49.314620716877286 ], [ 32.508455656676745, 49.316382814730773 ], [ 32.500369354138058, 49.317198776296813 ], [ 32.500785282178256, 49.318960921440372 ], [ 32.49269833699838, 49.319776377418215 ], [ 32.493114029089305, 49.321538569825776 ], [ 32.482330497537262, 49.322625046587511 ], [ 32.4827458613453, 49.324387303017247 ], [ 32.461176110795606, 49.326557424140105 ], [ 32.461590777042225, 49.328319811589722 ], [ 32.455783267392974, 49.327099336247009 ], [ 32.456197749041763, 49.328861757198233 ], [ 32.453501174215717, 49.329132637258297 ], [ 32.453915604097268, 49.330895071835251 ], [ 32.451218896411916, 49.331165906805637 ], [ 32.451633274509319, 49.332928355006672 ], [ 32.448936433954565, 49.333199144878975 ], [ 32.449350760250859, 49.334961606702471 ], [ 32.446653786816562, 49.335232351468278 ], [ 32.444785177614136, 49.33902801562683 ], [ 32.439390658644506, 49.339569262819673 ], [ 32.437521350916974, 49.34336486278341 ], [ 32.432126219272128, 49.343905805669877 ], [ 32.432540101474167, 49.345668369028253 ], [ 32.427144622980855, 49.346209097832592 ], [ 32.427558360814601, 49.347971691514324 ], [ 32.419464562101496, 49.348782370688156 ], [ 32.419878063055791, 49.350545011388981 ], [ 32.411783622731214, 49.351355183581163 ], [ 32.412196886714696, 49.353117871274925 ], [ 32.401403363421792, 49.354197300889233 ], [ 32.401816297828695, 49.355960052232568 ], [ 32.393720453379629, 49.356769024308385 ], [ 32.394133150609314, 49.358531822582506 ], [ 32.372541714777022, 49.360686489552585 ], [ 32.372953711854024, 49.362449417992778 ], [ 32.362156655267043, 49.363525331212188 ], [ 32.361745028588096, 49.36176233622853 ], [ 32.348248264180839, 49.363105750397857 ], [ 32.348659427748885, 49.364868828478691 ], [ 32.343260254849412, 49.365405793557443 ], [ 32.343671273382633, 49.367168901777184 ], [ 32.335571934236249, 49.367973934318613 ], [ 32.335982715011056, 49.369737089263147 ], [ 32.32788273579294, 49.370541613636163 ], [ 32.328293278717972, 49.372304815279172 ], [ 32.306690824033033, 49.374447617854322 ], [ 32.307100665333294, 49.376210948997446 ], [ 32.301289808786059, 49.374982698291639 ], [ 32.30169946457773, 49.376746062540342 ], [ 32.298998804002977, 49.3770135262628 ], [ 32.299408407152733, 49.378776904002756 ], [ 32.296707613682663, 49.379044322234293 ], [ 32.297117164173464, 49.380807713463767 ], [ 32.294416237798046, 49.381075086195921 ], [ 32.294825735612797, 49.382838490913308 ], [ 32.29212467632199, 49.383105818137672 ], [ 32.290242321638821, 49.386899949737412 ], [ 32.284839631233098, 49.387434360038831 ], [ 32.282956573961101, 49.391228425502675 ], [ 32.277553271578384, 49.391762529485895 ], [ 32.277962320011071, 49.393526034668213 ], [ 32.27255867154998, 49.394059923360231 ], [ 32.272967574283058, 49.395823458532725 ], [ 32.264861522405383, 49.396623875419863 ], [ 32.265270186472101, 49.3983874570797 ], [ 32.25986576579551, 49.398920790842951 ], [ 32.260274284045536, 49.400684402466027 ], [ 32.255277889732461, 49.402981162361954 ], [ 32.256094754584289, 49.40650843639574 ], [ 32.251097576479836, 49.408805070636504 ], [ 32.251914309561386, 49.412332392409425 ], [ 32.249211228213305, 49.412598833076842 ], [ 32.249619561781728, 49.414362505896712 ], [ 32.246916347381926, 49.414628900905782 ], [ 32.247324627946284, 49.416392587176503 ], [ 32.244621280484758, 49.416658936518736 ], [ 32.245029508027912, 49.418422636238603 ], [ 32.242326027494641, 49.418688939905593 ], [ 32.24273420199944, 49.420452653072921 ], [ 32.240030588384371, 49.420718911056177 ], [ 32.240438709833676, 49.422482637669255 ], [ 32.237734963126798, 49.422748849960307 ], [ 32.235847166981557, 49.426542510107417 ], [ 32.230439101139787, 49.427074689682534 ], [ 32.228550600079757, 49.430868282909408 ], [ 32.223141921759094, 49.431400155184484 ], [ 32.223957300965544, 49.434927805641287 ], [ 32.221252715510943, 49.43519368139021 ], [ 32.221660371915576, 49.436957518535955 ], [ 32.218955653302586, 49.437223348527489 ], [ 32.219363256500777, 49.438987199102918 ], [ 32.216658404719368, 49.439252983328565 ], [ 32.217065954693929, 49.441016847331987 ], [ 32.212063348319496, 49.443312155881515 ], [ 32.212470791795248, 49.445076046735785 ], [ 32.223291397412019, 49.444012836840393 ], [ 32.223699253780673, 49.445776658845219 ], [ 32.240337976849432, 49.44594359836519 ], [ 32.240746472578138, 49.447707315449478 ], [ 32.251975503949701, 49.448405066684771 ], [ 32.255498651587956, 49.451665674399415 ], [ 32.274433997934388, 49.449797177138457 ], [ 32.274843772519347, 49.451560683897895 ], [ 32.282958597834856, 49.450758916492205 ], [ 32.283368692162, 49.452522370569639 ], [ 32.29148343501604, 49.451719993613636 ], [ 32.29189384909656, 49.453483394968792 ], [ 32.302713315342402, 49.452412621873577 ], [ 32.302302528625965, 49.450649286791965 ], [ 32.307711833764145, 49.450113560187837 ], [ 32.309594414528462, 49.446319023718011 ], [ 32.315003105373592, 49.445782990318733 ] ] ], [ [ [ 31.805288960574249, 49.430211671822384 ], [ 31.804503759592709, 49.426678991890569 ], [ 31.807211712792775, 49.42642290231791 ], [ 31.806426478669188, 49.422890242738283 ], [ 31.809134205984957, 49.422634122474477 ], [ 31.807563825721282, 49.415568832621609 ], [ 31.81027113995037, 49.415312713433124 ], [ 31.809485993846749, 49.411780083158753 ], [ 31.806778866830715, 49.41203617059778 ], [ 31.80481714374762, 49.403204465690202 ], [ 31.802110446109207, 49.403460411378823 ], [ 31.801326213533009, 49.399927677756438 ], [ 31.798619664511005, 49.400183529327634 ], [ 31.798227699494952, 49.39841714239008 ], [ 31.792422933667808, 49.397162205162026 ], [ 31.791639570084833, 49.393629353669404 ], [ 31.788933279836066, 49.393884954674078 ], [ 31.788541749228408, 49.392118508823792 ], [ 31.783129240506007, 49.392629492002662 ], [ 31.783911966017001, 49.396162444212685 ], [ 31.778890162754003, 49.398439744680218 ], [ 31.779672744511252, 49.401972743194477 ], [ 31.776965887923183, 49.402228095559039 ], [ 31.777357142832759, 49.403994606390711 ], [ 31.77465015424346, 49.404249912170222 ], [ 31.775041353961328, 49.406016435992797 ], [ 31.772334233361146, 49.406271695178802 ], [ 31.772725377869943, 49.408038231990496 ], [ 31.770018125249255, 49.408293444574518 ], [ 31.770409214531604, 49.410059994373569 ], [ 31.765385347228658, 49.412336842486233 ], [ 31.766949492710321, 49.419403128567595 ], [ 31.769657384082123, 49.419147945940907 ], [ 31.770831177548459, 49.424447583293841 ], [ 31.773539311592614, 49.424192290737501 ], [ 31.7766718687189, 49.438324405608768 ], [ 31.779380714235817, 49.438068923907231 ], [ 31.780164425757224, 49.441601892566794 ], [ 31.78558237642541, 49.441090678312079 ], [ 31.785974477503451, 49.442857126685645 ], [ 31.794101395965178, 49.442089789044822 ], [ 31.794493816915502, 49.443856187000101 ], [ 31.799911757397069, 49.443344284386633 ], [ 31.799519148901307, 49.44157791816712 ], [ 31.802227967531753, 49.441321888999717 ], [ 31.801050092148746, 49.436022820867905 ], [ 31.803758590979559, 49.435766776842506 ], [ 31.802580781444455, 49.430467730691355 ], [ 31.805288960574249, 49.430211671822384 ] ] ], [ [ [ 31.53004496520877, 49.894117226044862 ], [ 31.532781457509738, 49.893865851283259 ], [ 31.531614121234508, 49.888562494245036 ], [ 31.534350285504779, 49.888311102740026 ], [ 31.533183006604791, 49.88300776767624 ], [ 31.53591884294622, 49.882756359442752 ], [ 31.537098036787388, 49.875433860471709 ], [ 31.539833410365187, 49.875182387544179 ], [ 31.539444259296545, 49.873414639479833 ], [ 31.54217949794759, 49.873163118580436 ], [ 31.541401118628286, 49.869627645420969 ], [ 31.544136125991404, 49.869376092205222 ], [ 31.543746897762951, 49.867608367111146 ], [ 31.546481770232859, 49.867356765943541 ], [ 31.546092484187692, 49.865589053723738 ], [ 31.548827221774189, 49.86533740461293 ], [ 31.548437877930333, 49.863569705269263 ], [ 31.553517546867965, 49.861298576787057 ], [ 31.551570635361472, 49.852460181086798 ], [ 31.548836648953017, 49.852711847786992 ], [ 31.548447478516845, 49.850944144666236 ], [ 31.537511532875268, 49.851950113272636 ], [ 31.537122786010496, 49.850182344815941 ], [ 31.531654774842774, 49.850684916476204 ], [ 31.532043329149591, 49.852452716190655 ], [ 31.526963371754878, 49.854722893019741 ], [ 31.527740287443095, 49.858258541103211 ], [ 31.530474774379439, 49.858007351705417 ], [ 31.531252036558147, 49.861542957472899 ], [ 31.528517356958098, 49.861794178119546 ], [ 31.531627174069488, 49.875936615466593 ], [ 31.528891684947489, 49.876187897529569 ], [ 31.530058212278302, 49.881491312739435 ], [ 31.527322395349977, 49.881742578062152 ], [ 31.528488979891822, 49.887046015242284 ], [ 31.525752835055357, 49.887297263809813 ], [ 31.524571865005935, 49.894619784567709 ], [ 31.521835257122188, 49.894870968324568 ], [ 31.522224060197271, 49.896638810992862 ], [ 31.519487317266385, 49.896889946700483 ], [ 31.520264845862155, 49.900425654984794 ], [ 31.517527871313654, 49.900676758256353 ], [ 31.51791659681205, 49.90244462387134 ], [ 31.512830909888752, 49.904714564667202 ], [ 31.515940862916985, 49.91885761782067 ], [ 31.518678880672095, 49.918606485724403 ], [ 31.519067894835981, 49.92037433929616 ], [ 31.516329780410629, 49.920625487018938 ], [ 31.518274946106381, 49.929464791503449 ], [ 31.526490624108586, 49.928710922634998 ], [ 31.526101223723899, 49.926943114181057 ], [ 31.537054533931027, 49.925937125838217 ], [ 31.533937626754089, 49.911795059079694 ], [ 31.531200130279558, 49.912046526573491 ], [ 31.530421482641415, 49.908510950855558 ], [ 31.533158785916065, 49.908259514650346 ], [ 31.53004496520877, 49.894117226044862 ] ] ], [ [ [ 31.232606560511286, 49.991366709163664 ], [ 31.22986190331866, 49.991611341712613 ], [ 31.230241329767388, 49.993380807208204 ], [ 31.227496537459412, 49.99362539093196 ], [ 31.225510283608767, 49.997408894566703 ], [ 31.2431197687329, 50.001248814272842 ], [ 31.241599975960707, 49.994171233498783 ], [ 31.238855237007286, 49.994416088736394 ], [ 31.238095761828571, 49.990877251882331 ], [ 31.235351180017656, 49.991122012552879 ], [ 31.2349715964023, 49.989352574889821 ], [ 31.232227074315372, 49.989597256255195 ], [ 31.232606560511286, 49.991366709163664 ] ] ], [ [ [ 29.694107846042026, 50.752252170955551 ], [ 29.696909244664386, 50.752041677705904 ], [ 29.696577401835381, 50.75026452342891 ], [ 29.693776106802051, 50.75047500343954 ], [ 29.694107846042026, 50.752252170955551 ] ] ], [ [ [ 29.738659978592146, 50.777730618230322 ], [ 29.741462564539475, 50.777518978916547 ], [ 29.740794934193588, 50.773965108019802 ], [ 29.737992555613374, 50.774176720710742 ], [ 29.735324212681761, 50.759961045329817 ], [ 29.729721012566671, 50.760383857800704 ], [ 29.729387828576225, 50.758606862193268 ], [ 29.720983086661587, 50.759240540994327 ], [ 29.720650247130354, 50.757463503403685 ], [ 29.715047124834449, 50.757885596021275 ], [ 29.714714526134376, 50.75610852975764 ], [ 29.709111476574847, 50.75653032914898 ], [ 29.705645426389896, 50.753186910365748 ], [ 29.700042589710463, 50.753608256702968 ], [ 29.699710609746532, 50.751831117787226 ], [ 29.696909244664386, 50.752041677705904 ], [ 29.697241121033606, 50.753818829865729 ], [ 29.69443961881213, 50.754029336355416 ], [ 29.69643095981246, 50.764692284302733 ], [ 29.699233083840738, 50.764481698352263 ], [ 29.699897339965034, 50.768035970900861 ], [ 29.702699637763097, 50.767825291749865 ], [ 29.703696584897525, 50.773156644917357 ], [ 29.706499160179369, 50.772945859288441 ], [ 29.711297748341277, 50.783397496841829 ], [ 29.719707038587533, 50.782764300602153 ], [ 29.720040142029394, 50.784541334984461 ], [ 29.725646374636955, 50.784118843923387 ], [ 29.725313063699513, 50.78234183611783 ], [ 29.728116025709511, 50.782130503784067 ], [ 29.728449440388083, 50.7839074982951 ], [ 29.742464263212813, 50.782849769253055 ], [ 29.74179643033888, 50.779295911163416 ], [ 29.73899374069283, 50.779507563790069 ], [ 29.738659978592146, 50.777730618230322 ] ] ], [ [ [ 30.514041856806347, 50.815694490868523 ], [ 30.508444230245548, 50.816155037054983 ], [ 30.508080865996817, 50.814381934907793 ], [ 30.505282100688468, 50.81461209395696 ], [ 30.504918876113123, 50.812838974937435 ], [ 30.502120177133637, 50.813069053146748 ], [ 30.501757092211779, 50.811295917261326 ], [ 30.498958459570801, 50.811525914637834 ], [ 30.498595514282545, 50.809752761892931 ], [ 30.492635642380044, 50.808439344577756 ], [ 30.493361084378297, 50.811985710217158 ], [ 30.496159790289664, 50.811755845623814 ], [ 30.497248536990082, 50.817075332654689 ], [ 30.500047515295805, 50.816845358356602 ], [ 30.504299456586683, 50.823707817620324 ], [ 30.507098773706812, 50.823477652722367 ], [ 30.506735365734865, 50.821704545814434 ], [ 30.509534543117706, 50.821474328956718 ], [ 30.509171068801169, 50.819701234079695 ], [ 30.511970106456371, 50.819470965271307 ], [ 30.514041856806347, 50.815694490868523 ] ] ], [ [ [ 30.408357550155902, 51.01004463738559 ], [ 30.408719651606855, 51.011818194978787 ], [ 30.414342431929182, 51.011361182899734 ], [ 30.413980121924901, 51.009587654046761 ], [ 30.408357550155902, 51.01004463738559 ] ] ], [ [ [ 30.417516218021301, 51.012906088563554 ], [ 30.423138986563146, 51.012448646233814 ], [ 30.422776327019157, 51.010675162923668 ], [ 30.417153767021766, 51.011132576486617 ], [ 30.417516218021301, 51.012906088563554 ] ] ], [ [ [ 30.195543974017234, 51.503091284969969 ], [ 30.198387243454466, 51.50286642014148 ], [ 30.200509621427493, 51.499092559195802 ], [ 30.206195545873037, 51.498642545264012 ], [ 30.208317100708356, 51.494868583983816 ], [ 30.214002373881456, 51.494418217676902 ], [ 30.21364153826724, 51.492643816600605 ], [ 30.247024646371198, 51.486387594508621 ], [ 30.246662632724902, 51.48461335735513 ], [ 30.249504340686748, 51.484387310796869 ], [ 30.249142256705969, 51.482613085554412 ], [ 30.251983820293091, 51.482386985119902 ], [ 30.254100860634605, 51.478612416075705 ], [ 30.259783373324826, 51.478159931622379 ], [ 30.259420971166499, 51.476385756413606 ], [ 30.262262064638808, 51.47615942627727 ], [ 30.261899592245644, 51.474385262991554 ], [ 30.264740541377353, 51.474158879022532 ], [ 30.266856190771684, 51.470384150436821 ], [ 30.272537474655039, 51.469931099115875 ], [ 30.272174684449976, 51.468156985916231 ], [ 30.277855605530068, 51.467703690790252 ], [ 30.277492637976611, 51.465929603836457 ], [ 30.283173196230173, 51.465476064953315 ], [ 30.282810051385255, 51.46370200425784 ], [ 30.291330288792334, 51.463021228246468 ], [ 30.290603467440228, 51.459473185677531 ], [ 30.293443257983125, 51.459246152845623 ], [ 30.293079795872867, 51.457472142325024 ], [ 30.298759051239731, 51.45701790113273 ], [ 30.298395412024721, 51.455243916906063 ], [ 30.301234876853137, 51.455016708561246 ], [ 30.300871167690676, 51.453242736295216 ], [ 30.306185885461929, 51.451014198187181 ], [ 30.305458224647484, 51.447466299127385 ], [ 30.311136037452819, 51.447011520915154 ], [ 30.310408097153129, 51.443463669727237 ], [ 30.313246733708624, 51.443236207291612 ], [ 30.312882712314387, 51.441462292475919 ], [ 30.31855965982162, 51.441007192275251 ], [ 30.318195461613978, 51.439233303795675 ], [ 30.32103377257015, 51.439005666046214 ], [ 30.320305273802752, 51.435457910655217 ], [ 30.323143333603383, 51.435230233641221 ], [ 30.325252578441063, 51.431454781167723 ], [ 30.330928084182947, 51.430999144692024 ], [ 30.330199027617819, 51.427451485168788 ], [ 30.335873956792959, 51.426995634313364 ], [ 30.335509270566313, 51.425221829728784 ], [ 30.352532522638725, 51.423852732429317 ], [ 30.352167232485083, 51.42207901183815 ], [ 30.346493177930995, 51.422535620613409 ], [ 30.34612813875707, 51.420761868812178 ], [ 30.343291162407283, 51.420990056877486 ], [ 30.342561409536309, 51.417442517288393 ], [ 30.345398172220857, 51.417214358017453 ], [ 30.344668354733624, 51.413666837634644 ], [ 30.347504866542465, 51.413438639224708 ], [ 30.347421852800021, 51.399020425848143 ], [ 30.350257436116301, 51.398792206802099 ], [ 30.349162922433489, 51.393470980297792 ], [ 30.351998148459352, 51.393242736562406 ], [ 30.351268445511014, 51.389695269035343 ], [ 30.356573350345876, 51.387464926999506 ], [ 30.357218233791894, 51.376594307579403 ], [ 30.34871565765458, 51.377279057179244 ], [ 30.348351122492964, 51.375505303042985 ], [ 30.345516962611832, 51.37573340284878 ], [ 30.344423899884855, 51.370412082909894 ], [ 30.341590022479746, 51.370640071734769 ], [ 30.34122584910347, 51.368866279254433 ], [ 30.335194272747238, 51.367548201061837 ], [ 30.334466537768634, 51.364000546657756 ], [ 30.331632975053832, 51.364228274537986 ], [ 30.331269269740954, 51.362454429388833 ], [ 30.328435776432439, 51.362682075095236 ], [ 30.324875372683174, 51.359361898106286 ], [ 30.330541970403797, 51.358906731926432 ], [ 30.332647849716562, 51.355131368836254 ], [ 30.338313799037092, 51.354675853306475 ], [ 30.337949959822414, 51.352902039303579 ], [ 30.343615547836361, 51.352446281364401 ], [ 30.343251532877193, 51.350672493712764 ], [ 30.346084164784756, 51.350444527449142 ], [ 30.34818841540331, 51.346668968441932 ], [ 30.353853067968231, 51.346212754597055 ], [ 30.353488738841175, 51.344439017289254 ], [ 30.356320903035176, 51.344210823117251 ], [ 30.355956504699371, 51.342437097802815 ], [ 30.358788525385503, 51.342208850271092 ], [ 30.360891398358934, 51.338433134749017 ], [ 30.366554828585773, 51.337976358568206 ], [ 30.366190116443718, 51.33620268364939 ], [ 30.369021669486852, 51.335974208366224 ], [ 30.368656888234458, 51.334200545452624 ], [ 30.371488297803968, 51.333972016853046 ], [ 30.373589794156945, 51.330196145143525 ], [ 30.379252002255502, 51.329738807027205 ], [ 30.378886907558222, 51.327965194560939 ], [ 30.381717849555475, 51.327736438366827 ], [ 30.383818251703438, 51.323960440020286 ], [ 30.389479524728305, 51.323502646871724 ], [ 30.389114116869731, 51.321729084894848 ], [ 30.394409445604644, 51.319497514373843 ], [ 30.393678391439114, 51.315950436121064 ], [ 30.396508472949215, 51.315721360427148 ], [ 30.398607187519893, 51.311945186945664 ], [ 30.404266739776368, 51.311486755057103 ], [ 30.403900918621289, 51.309713265272741 ], [ 30.415219151421539, 51.308795647590799 ], [ 30.414852943245567, 51.307022213229814 ], [ 30.431828536615157, 51.305643844597718 ], [ 30.432195381078074, 51.307417192080266 ], [ 30.437853825420977, 51.306957165914312 ], [ 30.438220919333702, 51.308730481978067 ], [ 30.463683020779879, 51.30665688673367 ], [ 30.462946962246264, 51.303110513528914 ], [ 30.460118201664798, 51.303341154366983 ], [ 30.458646958160003, 51.296248320597172 ], [ 30.46393566513559, 51.294013902139632 ], [ 30.462832102657277, 51.288694331133478 ], [ 30.460004226990613, 51.288924923290018 ], [ 30.459268917696882, 51.285378501385594 ], [ 30.45361347758767, 51.285839424921264 ], [ 30.453246090830426, 51.284066181276437 ], [ 30.450418420530472, 51.284296527194286 ], [ 30.449683970953423, 51.280750003585226 ], [ 30.454971470316949, 51.278516065836669 ], [ 30.454604127324945, 51.276742826984126 ], [ 30.45177691781635, 51.276973182389796 ], [ 30.453869553526562, 51.273196341986129 ], [ 30.465177171066472, 51.272274361224532 ], [ 30.465544862460487, 51.274047546847754 ], [ 30.471198658268364, 51.273586122280243 ], [ 30.471566598681598, 51.275359276395832 ], [ 30.477220456240765, 51.274897552667923 ], [ 30.47758864569948, 51.276670675254785 ], [ 30.483242564908235, 51.276208652348416 ], [ 30.483611003438671, 51.277981743385453 ], [ 30.492091918282984, 51.277288158953773 ], [ 30.492460711697923, 51.279061203849579 ], [ 30.500941606004705, 51.278366968044111 ], [ 30.501310754325985, 51.280139966754881 ], [ 30.506964707546242, 51.27967677613578 ], [ 30.506595347676281, 51.277903806604854 ], [ 30.509422162121282, 51.277672124620914 ], [ 30.509052734092048, 51.275899167233327 ], [ 30.514706038650928, 51.27543562994974 ], [ 30.516793256858442, 51.27165792553614 ], [ 30.522445912773115, 51.271194041716036 ], [ 30.52207606898331, 51.269421149991658 ], [ 30.533010277387429, 51.266719795357041 ], [ 30.535095630860276, 51.262941862054419 ], [ 30.540746914177387, 51.262477150633977 ], [ 30.541117384613539, 51.264249947352276 ], [ 30.54959434371801, 51.263552330396443 ], [ 30.549965168760064, 51.265325080709601 ], [ 30.558442105138194, 51.264626812725076 ], [ 30.558813284807655, 51.266399516589324 ], [ 30.570487400234569, 51.267240132341506 ], [ 30.571230793563277, 51.270785410291573 ], [ 30.577254402859317, 51.272091509896242 ], [ 30.576882438176984, 51.270318904019092 ], [ 30.579708203714905, 51.270085549704717 ], [ 30.579336171261154, 51.268312956044952 ], [ 30.582161793323657, 51.268079548981831 ], [ 30.581789693119013, 51.266306967541617 ], [ 30.584615171716159, 51.26607350773903 ], [ 30.586696103278243, 51.262294868992882 ], [ 30.59234644879098, 51.261827671060836 ], [ 30.594426573735952, 51.258048937795586 ], [ 30.60535295335221, 51.255341119613817 ], [ 30.601782908979732, 51.252030085435415 ], [ 30.596133921839908, 51.252497675481507 ], [ 30.595761491338472, 51.250725162432062 ], [ 30.590112563645391, 51.251192453462544 ], [ 30.586543928535395, 51.247880876071896 ], [ 30.580895195691014, 51.248347703914071 ], [ 30.580523406180401, 51.246575109891587 ], [ 30.577699088510947, 51.246808408028748 ], [ 30.577327442292461, 51.245035796837115 ], [ 30.574503192300842, 51.24526901289434 ], [ 30.574131689353948, 51.243496384540123 ], [ 30.571307507050214, 51.243729518524546 ], [ 30.570936147354416, 51.241956873014338 ], [ 30.568112032748598, 51.242189924933143 ], [ 30.567740816283408, 51.240417262273496 ], [ 30.564916769385533, 51.240650232133824 ], [ 30.564545696130416, 51.238877552331331 ], [ 30.558526875433142, 51.237570548966467 ], [ 30.557785339348158, 51.234025118360087 ], [ 30.551767324489447, 51.232717720824049 ], [ 30.551026436276992, 51.229172216807925 ], [ 30.548202938919442, 51.229404747197705 ], [ 30.547462412185599, 51.225859204035899 ], [ 30.544639087990102, 51.226091637784577 ], [ 30.543528896382071, 51.220773260657566 ], [ 30.540705850716609, 51.221005583155268 ], [ 30.539596313780091, 51.215687139985754 ], [ 30.536773546592713, 51.215919351264823 ], [ 30.533817277770144, 51.201736610964055 ], [ 30.53099531549163, 51.201968638004473 ], [ 30.530256834372121, 51.198422899135494 ], [ 30.533078586129154, 51.19819090130833 ], [ 30.530125320627654, 51.184007964425604 ], [ 30.532946193211139, 51.183776016139397 ], [ 30.533552392594697, 51.172906870005157 ], [ 30.536372559415259, 51.172674874823393 ], [ 30.535634437304211, 51.169129174184476 ], [ 30.53845435647262, 51.16889714097632 ], [ 30.536978141874251, 51.161805768634906 ], [ 30.539797603377949, 51.161573726624574 ], [ 30.538690520945856, 51.156255215384114 ], [ 30.541509629958256, 51.156023149984613 ], [ 30.540402569872953, 51.150704660444539 ], [ 30.543221326505428, 51.150472571672552 ], [ 30.542114288831137, 51.145154103832319 ], [ 30.54493269319503, 51.144921991704599 ], [ 30.541981401777996, 51.130739419515308 ], [ 30.544798929715839, 51.130507357070378 ], [ 30.543692498796016, 51.12518889576463 ], [ 30.546509674865227, 51.124956810001308 ], [ 30.545403266478097, 51.119638370388991 ], [ 30.54822009078978, 51.119406261323995 ], [ 30.546744984582663, 51.112315032516754 ], [ 30.543928579219159, 51.112547083177787 ], [ 30.542822956544452, 51.107228591982341 ], [ 30.545639047803512, 51.106996585112782 ], [ 30.542691528307888, 51.092813950650985 ], [ 30.545506745041212, 51.0925819934697 ], [ 30.544401728062994, 51.08726350881475 ], [ 30.547216593685707, 51.087031528374617 ], [ 30.546111599262911, 51.081713065400024 ], [ 30.548926113885795, 51.081481061717696 ], [ 30.550266952092464, 51.074157789432391 ], [ 30.553080973985519, 51.073925710125579 ], [ 30.552712553139813, 51.072152918182631 ], [ 30.555526433201987, 51.071920786486018 ], [ 30.554789494669134, 51.068375224426291 ], [ 30.560048102806284, 51.066138062990909 ], [ 30.55967951808843, 51.064365305020772 ], [ 30.556866130505576, 51.064597512261571 ], [ 30.555760913732794, 51.059279179794743 ], [ 30.552947802002194, 51.059511276279146 ], [ 30.550003034770938, 51.045328831545909 ], [ 30.547190720528175, 51.045560744378825 ], [ 30.545719649271913, 51.038469404787783 ], [ 30.548531546347142, 51.038237550276968 ], [ 30.54559035830647, 51.024054870017025 ], [ 30.54840138429752, 51.023823065224427 ], [ 30.546563831233346, 51.014958883256533 ], [ 30.549374299201205, 51.014727084467495 ], [ 30.549979645277428, 51.003858294452407 ], [ 30.552789414232905, 51.003626449430051 ], [ 30.554129001494598, 50.996303322230034 ], [ 30.559379869956373, 50.994066633932746 ], [ 30.558644679459736, 50.990521064944382 ], [ 30.561453571436068, 50.990289054756325 ], [ 30.561085928049245, 50.98851628116315 ], [ 30.563894678839226, 50.988284218777338 ], [ 30.563526968723504, 50.986511457314364 ], [ 30.566335578336968, 50.986279342739884 ], [ 30.565967801512478, 50.984506593409229 ], [ 30.568776269959237, 50.984274426655226 ], [ 30.568408426446098, 50.982501689459035 ], [ 30.571216753735978, 50.982269470534632 ], [ 30.570848843554309, 50.980496745475016 ], [ 30.573657029697145, 50.980264474389308 ], [ 30.575729054414246, 50.976486737450429 ], [ 30.58134482490853, 50.976021919947968 ], [ 30.58341605598466, 50.972244089785747 ], [ 30.589031187463181, 50.97177893032368 ], [ 30.588662736594348, 50.970006295208009 ], [ 30.594277511276445, 50.969540898095119 ], [ 30.593908890088908, 50.967768289758276 ], [ 30.602330460906824, 50.967069737621053 ], [ 30.601961565679606, 50.965297170709789 ], [ 30.610382489203541, 50.964598062152334 ], [ 30.61001332003622, 50.962825536696741 ], [ 30.632466641778873, 50.960958430097037 ], [ 30.632096680213586, 50.959186019471495 ], [ 30.643322028248182, 50.958250924675987 ], [ 30.643692404570668, 50.960023276553358 ], [ 30.66614213078795, 50.958149769657268 ], [ 30.66651337394126, 50.959922001350165 ], [ 30.674931712841534, 50.959218292301387 ], [ 30.674560158760833, 50.957446104812284 ], [ 30.671754187006801, 50.957680726405584 ], [ 30.670640061099029, 50.952364104744937 ], [ 30.667834362638715, 50.952598615496768 ], [ 30.664865840979498, 50.938420730135824 ], [ 30.662060933549238, 50.938655056474872 ], [ 30.66020734425836, 50.929793723535994 ], [ 30.663011734151894, 50.929559470772865 ], [ 30.660047112165394, 50.915381326268033 ], [ 30.662850637074758, 50.915147124619786 ], [ 30.661739211661036, 50.909830323472718 ], [ 30.658935996899288, 50.910064481002813 ], [ 30.659306331217831, 50.911836765246456 ], [ 30.650896152243664, 50.912538882694193 ], [ 30.651266213820215, 50.914311208543332 ], [ 30.642855387977349, 50.915012771118157 ], [ 30.643225176712612, 50.916785138542807 ], [ 30.620793836247959, 50.918653160676662 ], [ 30.621162834734783, 50.92042564294605 ], [ 30.615554419409268, 50.920892012021326 ], [ 30.615185627879988, 50.919119500460475 ], [ 30.592751303800082, 50.920982196090023 ], [ 30.592383377502422, 50.919209565062033 ], [ 30.583970202372523, 50.91990693326936 ], [ 30.583602623805909, 50.918134255975382 ], [ 30.566408971144863, 50.917754339321043 ], [ 30.566042087977664, 50.915981569624471 ], [ 30.554457920510544, 50.915135857613087 ], [ 30.550920951774984, 50.911821758923168 ], [ 30.545312408786778, 50.912284697967195 ], [ 30.54494639850035, 50.910511816612775 ], [ 30.542142175008422, 50.910743171693262 ], [ 30.538606419004346, 50.907428632009761 ], [ 30.532998201163171, 50.907890951054355 ], [ 30.534094878760072, 50.913209776770337 ], [ 30.536899316748009, 50.912978606985405 ], [ 30.539826246078011, 50.927161918667011 ], [ 30.542631475711421, 50.926930566023294 ], [ 30.543363785401336, 50.930476340452294 ], [ 30.540558348511151, 50.930707722168542 ], [ 30.54348823981697, 50.944890838437914 ], [ 30.540681936429962, 50.945122269803001 ], [ 30.542513804324699, 50.953986710742065 ], [ 30.539706945111529, 50.954218148123601 ], [ 30.539098268358465, 50.965086941765271 ], [ 30.536290712098186, 50.96531833295758 ], [ 30.534948509254932, 50.972641340173638 ], [ 30.529698612844985, 50.974876848787922 ], [ 30.530431189138632, 50.978422728774653 ], [ 30.527622757285741, 50.978653954709436 ], [ 30.527988997115884, 50.980426905573736 ], [ 30.525180424238179, 50.980658079263755 ], [ 30.525546597190807, 50.982431042217669 ], [ 30.52273788327852, 50.982662163653835 ], [ 30.523103989333507, 50.984435138695261 ], [ 30.520295134376838, 50.984666207868401 ], [ 30.520661173514043, 50.986439194995178 ], [ 30.517852177503222, 50.986670211896218 ], [ 30.518218149702506, 50.98844321110623 ], [ 30.51540901262775, 50.988674175726025 ], [ 30.513331477983467, 50.992451122716602 ], [ 30.507712602479565, 50.992912775958978 ], [ 30.505634272508633, 50.99668962883981 ], [ 30.500014758573343, 50.997150939155404 ], [ 30.500380187609331, 50.998924027751286 ], [ 30.494760317445447, 50.999385099716406 ], [ 30.495125575284632, 51.00115821486861 ], [ 30.486695180254767, 51.001849364945258 ], [ 30.48706016270938, 51.00362252112236 ], [ 30.478629122533324, 51.004313112943407 ], [ 30.478993829503782, 51.006086310115151 ], [ 30.470562144335947, 51.006776343554215 ], [ 30.470926575722608, 51.008549581690261 ], [ 30.448439624660537, 51.010386843804937 ], [ 30.448803259256039, 51.012160195051401 ], [ 30.445992120242142, 51.012389566237388 ], [ 30.445628589882805, 51.010616200567831 ], [ 30.425950315712679, 51.012219824698654 ], [ 30.426313116282692, 51.013993291216003 ], [ 30.437921736648551, 51.014850684892181 ], [ 30.441459918249972, 51.018168276962463 ], [ 30.447082932359951, 51.01770964877835 ], [ 30.44744661009539, 51.019483004801927 ], [ 30.450258166155038, 51.019253575912785 ], [ 30.450621985033397, 51.02102691509576 ], [ 30.453433608508583, 51.020797404859643 ], [ 30.453797568550094, 51.022570727195514 ], [ 30.456609259431065, 51.022341135605338 ], [ 30.456973360655955, 51.024114441087605 ], [ 30.459785118932967, 51.023884768136213 ], [ 30.460149361361459, 51.025658056758452 ], [ 30.462961187024757, 51.025428302438726 ], [ 30.463325570677092, 51.027201574194422 ], [ 30.469313949019906, 51.028515076304174 ], [ 30.470043318302476, 51.032061549889008 ], [ 30.476032494250276, 51.03337466131746 ], [ 30.476762502728697, 51.03692106249413 ], [ 30.479574873854766, 51.036690872275194 ], [ 30.480305239055234, 51.040237234798163 ], [ 30.483117781878736, 51.040006948675725 ], [ 30.488123524637267, 51.050415451082046 ], [ 30.490936619698388, 51.050184944104537 ], [ 30.493863847430241, 51.064369832637965 ], [ 30.496677741018257, 51.064139142647861 ], [ 30.497776377280555, 51.069458392173956 ], [ 30.494962170172506, 51.069689125699277 ], [ 30.497892665101357, 51.083873800088405 ], [ 30.495077584319699, 51.084104582711731 ], [ 30.494460643047709, 51.094973876011828 ], [ 30.491644860059004, 51.095204611619899 ], [ 30.490294396998081, 51.10252773273281 ], [ 30.485028030251001, 51.104762120717041 ], [ 30.4857605872484, 51.108308385585374 ], [ 30.482943922490698, 51.108538954409696 ], [ 30.483310151977662, 51.11031209770325 ], [ 30.480493345273562, 51.110542613920153 ], [ 30.480859507142451, 51.112315769287164 ], [ 30.478042558482112, 51.112546232887503 ], [ 30.478408652712574, 51.11431940032579 ], [ 30.475591562086162, 51.114549811300385 ], [ 30.47595758865781, 51.116322990807816 ], [ 30.473140356055481, 51.11655334914748 ], [ 30.473506314947993, 51.11832654072191 ], [ 30.470688940359896, 51.118556846417462 ], [ 30.468603138442266, 51.122333518800886 ], [ 30.462967784134012, 51.122793852405692 ], [ 30.46088118032414, 51.126570429499516 ], [ 30.455245183716926, 51.127030418050467 ], [ 30.455610594072098, 51.128803698877867 ], [ 30.449974239213049, 51.129263447677111 ], [ 30.450339476796081, 51.131036755018641 ], [ 30.44188435155532, 51.131725917737995 ], [ 30.442249311345236, 51.13349926603636 ], [ 30.433793537657802, 51.134187867384931 ], [ 30.43415821955411, 51.135961256609605 ], [ 30.41160702095388, 51.137794685299646 ], [ 30.411970899705889, 51.139568187521732 ], [ 30.403513275036808, 51.140254657397755 ], [ 30.403149711433709, 51.138481111963777 ], [ 30.400330534397167, 51.13870978639936 ], [ 30.400693992940838, 51.140483346229139 ], [ 30.395055318000761, 51.140940522188387 ], [ 30.395418603309892, 51.142714108398167 ], [ 30.389779570600215, 51.143171044170586 ], [ 30.390142682619238, 51.144944656748109 ], [ 30.38168354162665, 51.145629599174804 ], [ 30.382046375175634, 51.147403252478178 ], [ 30.365488706962115, 51.150545144534874 ], [ 30.365850983269581, 51.152318879198099 ], [ 30.36303065943882, 51.152546698274897 ], [ 30.36339286736797, 51.154320444894459 ], [ 30.360572401542349, 51.154548211028654 ], [ 30.360934541072716, 51.156321969602381 ], [ 30.358113933242478, 51.156549682784764 ], [ 30.358476004353573, 51.158323453310445 ], [ 30.35565525450895, 51.158551113531828 ], [ 30.353558299522636, 51.162326297681567 ], [ 30.347916194943384, 51.162781338910776 ], [ 30.345818434633347, 51.166556426202121 ], [ 30.340175688354524, 51.167011120790626 ], [ 30.340537206457007, 51.16878497967874 ], [ 30.334894102583082, 51.169239433562609 ], [ 30.335255446788146, 51.171013318692047 ], [ 30.318685370817583, 51.174149118425149 ], [ 30.319046156316322, 51.175923084576496 ], [ 30.296467983838362, 51.177735315797449 ], [ 30.296827962762325, 51.179509393726399 ], [ 30.294005420975292, 51.179735633688551 ], [ 30.293645547480089, 51.177961541509383 ], [ 30.271064740321361, 51.17976892125656 ], [ 30.270705746936425, 51.177994712869705 ], [ 30.253410916796476, 51.177573035815584 ], [ 30.253052629130135, 51.175798737523351 ], [ 30.241403910686572, 51.174924664539425 ], [ 30.237865864241407, 51.171600802888392 ], [ 30.232220761448076, 51.172050320850211 ], [ 30.231863357577787, 51.170275913991588 ], [ 30.229040857125238, 51.17050055771913 ], [ 30.228683595045936, 51.16872613437112 ], [ 30.22586116372365, 51.168950696552137 ], [ 30.225504043414748, 51.167176256721213 ], [ 30.222681681232377, 51.167400737362982 ], [ 30.222324702673319, 51.165626281055616 ], [ 30.219502409640512, 51.16585068016532 ], [ 30.215966653816054, 51.162526035732128 ], [ 30.213144499111284, 51.16275027179941 ], [ 30.21350108879632, 51.164524775166683 ], [ 30.205034090873479, 51.165197121380956 ], [ 30.205390400447552, 51.166971664775566 ], [ 30.19692276007893, 51.167643446717193 ], [ 30.197278789441842, 51.169418030108304 ], [ 30.17469597902253, 51.171206595131849 ], [ 30.175051200450959, 51.172981288890469 ], [ 30.166581733608357, 51.173650930426248 ], [ 30.166226828811414, 51.171876194475878 ], [ 30.14364084097485, 51.173658825383782 ], [ 30.143286816748603, 51.171883974798362 ], [ 30.125993092035849, 51.171443094009042 ], [ 30.125639773250146, 51.169668154759144 ], [ 30.119993117991893, 51.170112244509653 ], [ 30.11964004630229, 51.168337274978583 ], [ 30.102347450325567, 51.167892785685225 ], [ 30.101995083926479, 51.166117727724526 ], [ 30.096348488222407, 51.166560654326695 ], [ 30.095996368837032, 51.164785566166152 ], [ 30.087526523492265, 51.165449408275109 ], [ 30.087878326075622, 51.16722453827186 ], [ 30.08223137237097, 51.167666790239593 ], [ 30.08011092061027, 51.171438151770111 ], [ 30.074463329783651, 51.171880054605815 ], [ 30.074814711481771, 51.173655247412718 ], [ 30.069166766350616, 51.174096908144314 ], [ 30.069517972440739, 51.175872126510008 ], [ 30.0610454697519, 51.176534153129857 ], [ 30.061396394473924, 51.178309410947158 ], [ 30.052923253339678, 51.178970871729291 ], [ 30.053273896593637, 51.180746168967154 ], [ 30.030676438662468, 51.182507204651614 ], [ 30.031026271508821, 51.184282610630625 ], [ 30.028201323194082, 51.184502450068699 ], [ 30.02785159612986, 51.18272703023176 ], [ 30.002426413216753, 51.184702421104276 ], [ 30.002775188028984, 51.186477965477074 ], [ 29.994299170314822, 51.187135254642328 ], [ 29.99464766309103, 51.188910838203597 ], [ 29.9720425424638, 51.190660746674908 ], [ 29.972390223664878, 51.192436438322133 ], [ 29.969564318328874, 51.192654886546599 ], [ 29.969216743029776, 51.19087918112605 ], [ 29.946609074826654, 51.192624223463795 ], [ 29.946262382207642, 51.190848405773544 ], [ 29.937784241796599, 51.191501640075749 ], [ 29.937437902252551, 51.189725778964174 ], [ 29.931785844212492, 51.190160903042695 ], [ 29.932824332924394, 51.195488562015861 ], [ 29.93565069742456, 51.195270992621843 ], [ 29.936343411420513, 51.198822726694729 ], [ 29.933516834963068, 51.199040323531072 ], [ 29.93420947803012, 51.202592076137307 ], [ 29.937036266486373, 51.202374451854496 ], [ 29.937382746932251, 51.204150311091404 ], [ 29.934555852461035, 51.204367949099016 ], [ 29.937328118065309, 51.218574852568175 ], [ 29.934500339791693, 51.218792532741446 ], [ 29.933751934561801, 51.229665393967885 ], [ 29.930923448810475, 51.229883021140822 ], [ 29.929481056619405, 51.237204145004917 ], [ 29.924169466944342, 51.239415083563749 ], [ 29.924862388870501, 51.242966902830354 ], [ 29.922033018313432, 51.243184355188994 ], [ 29.92237942595877, 51.244960275201365 ], [ 29.919549913823257, 51.245177673536567 ], [ 29.919896250478615, 51.246953605038819 ], [ 29.917066596755248, 51.247170949341324 ], [ 29.917412862399804, 51.24894689233119 ], [ 29.914583067079178, 51.249164182591748 ], [ 29.914929261692084, 51.250940137066927 ], [ 29.912099324764792, 51.251157373276278 ], [ 29.91244544832519, 51.252933339234453 ], [ 29.909615369781822, 51.253150521383361 ], [ 29.90747718349288, 51.256919615818759 ], [ 29.90181642462835, 51.257353696038244 ], [ 29.899677422559062, 51.261122687806242 ], [ 29.894016026629263, 51.261556416053523 ], [ 29.894361581774643, 51.26333246676122 ], [ 29.883383106163365, 51.265975267544349 ], [ 29.883728305952943, 51.267751368515619 ], [ 29.880897094982874, 51.267967900723384 ], [ 29.881587387193349, 51.271520123358442 ], [ 29.878755928062809, 51.271736615068754 ], [ 29.879101020457075, 51.27351273673105 ], [ 29.876269419633694, 51.273729174269903 ], [ 29.876614440700436, 51.275505307380541 ], [ 29.873782698174821, 51.275721690738663 ], [ 29.874127647893143, 51.277497835295357 ], [ 29.871295763655919, 51.277714164463468 ], [ 29.871640642004913, 51.279490320463921 ], [ 29.868808616046675, 51.279706595432764 ], [ 29.869153423005429, 51.281482762874653 ], [ 29.866321255316794, 51.281698983634968 ], [ 29.864178345551515, 51.285467519376311 ], [ 29.858513408051149, 51.285899676134242 ], [ 29.85636968058488, 51.289668108541292 ], [ 29.850704105786285, 51.290099912550467 ], [ 29.851048342188019, 51.291876164421573 ], [ 29.845382413627807, 51.292307724113684 ], [ 29.845726471815226, 51.294084001025112 ], [ 29.837226995744949, 51.29473087215964 ], [ 29.837570768969375, 51.29650718770624 ], [ 29.829070657165364, 51.297153488470549 ], [ 29.829414145326457, 51.298929842620829 ], [ 29.82091339795593, 51.299575572889488 ], [ 29.821256600953379, 51.301351965612014 ], [ 29.798585547252607, 51.303071032554698 ], [ 29.798927931084531, 51.304847531621498 ], [ 29.793259604486625, 51.305276646011073 ], [ 29.792917434247993, 51.303500119851968 ], [ 29.770243586430283, 51.305213750812499 ], [ 29.769902305583312, 51.303437114277983 ], [ 29.752555492504225, 51.302942682273255 ], [ 29.752214922233499, 51.301165960435192 ], [ 29.740537501389891, 51.300242573730401 ], [ 29.737023294679084, 51.296902148952107 ], [ 29.731355001683724, 51.297328220026778 ], [ 29.731015318069744, 51.295551395292534 ], [ 29.728181226393147, 51.295764315433338 ], [ 29.727841684259371, 51.293987475096877 ], [ 29.725007664752166, 51.294200313831681 ], [ 29.724668264077607, 51.292423457899403 ], [ 29.721834316749053, 51.292636215235589 ], [ 29.721495057512701, 51.290859343713961 ], [ 29.718661182372045, 51.291072019658884 ], [ 29.718322064552883, 51.289295132554301 ], [ 29.715488261609373, 51.289507727115407 ], [ 29.715149285186406, 51.287730824434298 ], [ 29.712315554449294, 51.287943337618948 ], [ 29.70880436718647, 51.284601917368462 ], [ 29.703137160046627, 51.285026550325782 ], [ 29.70279871446694, 51.283249587549911 ], [ 29.680129359715043, 51.284945294043396 ], [ 29.679791802994384, 51.283168222048644 ], [ 29.662452099379674, 51.282659913102385 ], [ 29.662115252352997, 51.28088275671378 ], [ 29.650443819053084, 51.279949975679337 ], [ 29.646937623848562, 51.276606443428356 ], [ 29.641270466192651, 51.277028035188479 ], [ 29.637765159735224, 51.2736841840549 ], [ 29.629264704238803, 51.274315778277227 ], [ 29.629600204783536, 51.276093091759719 ], [ 29.626766544323704, 51.276303500529593 ], [ 29.626431150595053, 51.27452617375986 ], [ 29.623597562729657, 51.274736501276848 ], [ 29.623932849637669, 51.276513841329653 ], [ 29.621099120735963, 51.276724114157993 ], [ 29.620763940653159, 51.274946760826275 ], [ 29.598093733702594, 51.27662639015621 ], [ 29.597759442502301, 51.274848928634519 ], [ 29.589257872265701, 51.275477628225282 ], [ 29.588923935726726, 51.273700124889352 ], [ 29.580422379357231, 51.274328172932428 ], [ 29.580088797452877, 51.272550627826085 ], [ 29.568420219433907, 51.271609420511339 ], [ 29.564920451706129, 51.26826310277287 ], [ 29.55925309211673, 51.268680676069422 ], [ 29.559585824006923, 51.270458319866336 ], [ 29.551084209405538, 51.271084209449079 ], [ 29.551416654620756, 51.272861890684808 ], [ 29.542914414018099, 51.273487207808564 ], [ 29.543246572458909, 51.275264926451335 ], [ 29.537578028722347, 51.275681490824113 ], [ 29.537910007219427, 51.277459233691474 ], [ 29.529406616723527, 51.278083609587966 ], [ 29.529738308271479, 51.279861389810286 ], [ 29.521234292206831, 51.280485192905395 ], [ 29.521565696706229, 51.282263010450826 ], [ 29.498885976937913, 51.283923596688666 ], [ 29.499216559232121, 51.285701517063792 ], [ 29.493546077546629, 51.286116009324047 ], [ 29.493215709306892, 51.284338062762806 ], [ 29.490380524896054, 51.284545193716554 ], [ 29.490710786101786, 51.286323153364542 ], [ 29.473698329668217, 51.287564588232812 ], [ 29.473368710761122, 51.285786550152039 ], [ 29.450684407750039, 51.28743788009934 ], [ 29.450355679061431, 51.2856597356188 ], [ 29.439013149967796, 51.286483714550911 ], [ 29.438684883191407, 51.284705515950542 ], [ 29.430177955665453, 51.285322746226448 ], [ 29.429850043682833, 51.283544506573087 ], [ 29.412508691592141, 51.282998731178097 ], [ 29.412181489114325, 51.281220409550158 ], [ 29.40051219278228, 51.280262264591308 ], [ 29.39702341049885, 51.276910356035188 ], [ 29.391352508381516, 51.277319848900909 ], [ 29.391026189057403, 51.275541428464486 ], [ 29.385029296018686, 51.274172174786031 ], [ 29.385681472979009, 51.277729069409553 ], [ 29.391678861026918, 51.279098267301649 ], [ 29.392331666299416, 51.28265509799531 ], [ 29.395167455361523, 51.282450346793496 ], [ 29.395820608250506, 51.286007143462029 ], [ 29.398656578236324, 51.285802298271875 ], [ 29.399310078853144, 51.289359060897411 ], [ 29.402146229776537, 51.289154121700143 ], [ 29.403127052548076, 51.294489211486585 ], [ 29.40596349160662, 51.294284165305378 ], [ 29.406944936571346, 51.299619197846134 ], [ 29.409781663822862, 51.299414044648884 ], [ 29.41240117934322, 51.313640604460943 ], [ 29.415238731195529, 51.313435279339231 ], [ 29.415566428496337, 51.315213577137861 ], [ 29.412728769342255, 51.315418915237792 ], [ 29.415350694720335, 51.329645327813807 ], [ 29.412512143262298, 51.329850701569562 ], [ 29.411640120400399, 51.340725886395063 ], [ 29.408800857334686, 51.340931201596078 ], [ 29.409456431138089, 51.34448783761863 ], [ 29.406616919600786, 51.344693110536738 ], [ 29.407272412443263, 51.348249764335485 ], [ 29.410112138991174, 51.348044465459886 ], [ 29.410767980929858, 51.351601085118212 ], [ 29.407928039328866, 51.351806409955238 ], [ 29.410551888021185, 51.366032910612276 ], [ 29.407711052227118, 51.366238271037545 ], [ 29.406838186691338, 51.377113508533526 ], [ 29.403996637812167, 51.377318810238812 ], [ 29.404652692103106, 51.380875468297404 ], [ 29.401810894243823, 51.381080727634156 ], [ 29.402466867302, 51.384637403474535 ], [ 29.399624820412654, 51.384842620427989 ], [ 29.400608708395964, 51.390177657791789 ], [ 29.397766304644367, 51.390382845323948 ], [ 29.398750171265927, 51.395717903223975 ], [ 29.395907410539817, 51.395923061316608 ], [ 29.396891255715822, 51.401258139752613 ], [ 29.394048137902903, 51.401463268387502 ], [ 29.394703986770416, 51.40502000307832 ], [ 29.391860619650057, 51.405225089264142 ], [ 29.392188486537393, 51.407003466518091 ], [ 29.395031961549456, 51.40679836735918 ], [ 29.395359969898031, 51.408576729596739 ], [ 29.401047034994118, 51.408166300105378 ], [ 29.404547282034446, 51.411517623191251 ], [ 29.410234577118636, 51.411106731295781 ], [ 29.413735721054831, 51.414457736996404 ], [ 29.42543989163266, 51.415412976601125 ], [ 29.425110636059529, 51.413634754605113 ], [ 29.439328521512454, 51.412604487475598 ], [ 29.438998760206335, 51.410826328589216 ], [ 29.450372029630387, 51.410000935929261 ], [ 29.450041870650615, 51.408222827186727 ], [ 29.455728086980351, 51.407809746663062 ], [ 29.455397746124159, 51.406031661982425 ], [ 29.463926493580239, 51.40541156758966 ], [ 29.463595863099343, 51.403633520060012 ], [ 29.472123982658953, 51.403012849613582 ], [ 29.471793062653571, 51.401234839266976 ], [ 29.483162983541568, 51.400406374068517 ], [ 29.482831666360482, 51.398628414040537 ], [ 29.497042765953658, 51.397591360361169 ], [ 29.49737462182372, 51.39936925480859 ], [ 29.500216847663328, 51.399161625940906 ], [ 29.500880876747551, 51.402717382337499 ], [ 29.503723284094495, 51.402509658866904 ], [ 29.505384490274082, 51.411398947754385 ], [ 29.508227402478681, 51.411191090232528 ], [ 29.508892338573791, 51.414746764919087 ], [ 29.511735432363292, 51.414538812737881 ], [ 29.513398907328639, 51.423427897212441 ], [ 29.516242506249615, 51.423219810877221 ], [ 29.516575411268764, 51.424997608353998 ], [ 29.521929601870173, 51.422803433053041 ], [ 29.52492891634483, 51.438803298105611 ], [ 29.519573090356602, 51.440997691689681 ], [ 29.521906528861404, 51.45344208396218 ], [ 29.524751928799798, 51.453233705303234 ], [ 29.525419148874875, 51.456789200774622 ], [ 29.528264730740734, 51.456580727287573 ], [ 29.528598500087021, 51.458358458697056 ], [ 29.531444155828808, 51.458149903556361 ], [ 29.532112013216732, 51.461705333707336 ], [ 29.534957850896578, 51.461496683706933 ], [ 29.536962892733545, 51.472162844666045 ], [ 29.534116406401473, 51.472371573879208 ], [ 29.538969167259236, 51.482828930131795 ], [ 29.544663335179909, 51.482411107647351 ], [ 29.546840823397918, 51.478646819509912 ], [ 29.55253435285028, 51.478228638847618 ], [ 29.554711010068321, 51.474464242614509 ], [ 29.560403901056105, 51.474045703902362 ], [ 29.562579727578729, 51.47028119969076 ], [ 29.573628430639822, 51.467665616318762 ], [ 29.573292800458042, 51.465888098000661 ], [ 29.576138590307636, 51.465678436555848 ], [ 29.575802886447327, 51.463900929389531 ], [ 29.581158261358432, 51.461703944915428 ], [ 29.584675753523605, 51.465049041471104 ], [ 29.596394650503957, 51.465986301779566 ], [ 29.596731179499081, 51.467763711761016 ], [ 29.599576910053461, 51.467553476099724 ], [ 29.599913581558798, 51.469330870664564 ], [ 29.60594207738605, 51.470687533211233 ], [ 29.606616025077205, 51.474242258513662 ], [ 29.609462084357329, 51.474031764250938 ], [ 29.610473589029251, 51.479363796339278 ], [ 29.607627205497007, 51.479574330549994 ], [ 29.610325206281729, 51.49379309589105 ], [ 29.621713993469225, 51.492950121705796 ], [ 29.622051831806765, 51.494727404484919 ], [ 29.628084323436543, 51.496082733628633 ], [ 29.629437027143748, 51.503191728146554 ], [ 29.632284717328314, 51.502980596209532 ], [ 29.632961493584052, 51.506535053961038 ], [ 29.635809365554152, 51.506323826776089 ], [ 29.635470851855818, 51.50454661232979 ], [ 29.641166275262982, 51.504123979110922 ], [ 29.640488919077391, 51.50056959728618 ], [ 29.643336362320003, 51.500358204641216 ], [ 29.64299762808859, 51.498581023897295 ], [ 29.645844928440702, 51.498369576117724 ], [ 29.64618377085451, 51.500146743485047 ], [ 29.652217577261222, 51.501500754108356 ], [ 29.653235066263147, 51.506832156650702 ], [ 29.661778173323373, 51.506196790356384 ], [ 29.663946579766588, 51.502430705528504 ], [ 29.672488620177258, 51.501794597534186 ], [ 29.674188570034069, 51.510679777785121 ], [ 29.677036388148668, 51.51046753766532 ], [ 29.677376590865542, 51.512244553843367 ], [ 29.680224482338204, 51.512032231773418 ], [ 29.683753281885295, 51.515373813349157 ], [ 29.689449323302053, 51.514948772838075 ], [ 29.689790063588131, 51.516725728803529 ], [ 29.701523368383945, 51.517651671659827 ], [ 29.701864611490816, 51.51942856947791 ], [ 29.707902377544553, 51.520779494615724 ], [ 29.708585471664165, 51.524333225556049 ], [ 29.711433879658973, 51.524120110539592 ], [ 29.712459108235858, 51.529450650283913 ], [ 29.718156468775835, 51.529024133708418 ], [ 29.71849849827462, 51.530800948978921 ], [ 29.732741827367587, 51.529733390524797 ], [ 29.733084433349159, 51.531510136090873 ], [ 29.741630334345281, 51.53086873797173 ], [ 29.742421190736795, 51.519994620140729 ], [ 29.745269069609012, 51.519780696365352 ], [ 29.744583232012811, 51.51622731223604 ], [ 29.747430859388011, 51.516013347022771 ], [ 29.747087885129051, 51.514236665228886 ], [ 29.741050088760311, 51.512887789065473 ], [ 29.740022130972189, 51.507557642938522 ], [ 29.745716339428327, 51.507129916299576 ], [ 29.742974933453613, 51.492916314068893 ], [ 29.734436161933221, 51.493557476827341 ], [ 29.733409685822437, 51.488227218501883 ], [ 29.736255653994505, 51.488013606558276 ], [ 29.734545021228591, 51.479129866832068 ], [ 29.737390414482334, 51.478916254006229 ], [ 29.736706190693145, 51.475362769943693 ], [ 29.739551333048688, 51.475149115729032 ], [ 29.741027549854984, 51.467828507033268 ], [ 29.746374445465278, 51.46562426484055 ], [ 29.744663217138477, 51.456740732670426 ], [ 29.753194883004014, 51.456099149855291 ], [ 29.752852419055827, 51.454322477465304 ], [ 29.758539805510935, 51.453894440915079 ], [ 29.75819716108084, 51.452117793409379 ], [ 29.766727654470575, 51.451475266673391 ], [ 29.766384721877984, 51.449698657607804 ], [ 29.783444114481647, 51.448411840682979 ], [ 29.78310057071894, 51.446635310778113 ], [ 29.7887865384191, 51.446205852434744 ], [ 29.788442814444437, 51.444429347489475 ], [ 29.794128426120327, 51.443999643093314 ], [ 29.793784521990279, 51.442223163120417 ], [ 29.796627167399578, 51.442008222064246 ], [ 29.798003425738035, 51.449114074469854 ], [ 29.795160349651152, 51.449329069876299 ], [ 29.796192589992199, 51.45465847695106 ], [ 29.793349155570422, 51.454873444810566 ], [ 29.794037276390856, 51.458426399087607 ], [ 29.799724540960781, 51.457996340681269 ], [ 29.800068869692538, 51.459772787348555 ], [ 29.811443406871621, 51.458911796205314 ], [ 29.81178820183456, 51.460688186252945 ], [ 29.814631855685416, 51.46047275403695 ], [ 29.813942085580813, 51.456919998978975 ], [ 29.816785488681948, 51.456704525679655 ], [ 29.815405941119813, 51.449599043671256 ], [ 29.81824887816456, 51.449383556545342 ], [ 29.818593819796519, 51.451159916723412 ], [ 29.824279803335894, 51.450728710331354 ], [ 29.824624995617171, 51.452505041055176 ], [ 29.830311053224833, 51.45207353420507 ], [ 29.830656496183611, 51.453849835453489 ], [ 29.833499579649789, 51.453633965939019 ], [ 29.833845165637477, 51.455410251339664 ], [ 29.839531441834247, 51.45497828011468 ], [ 29.843066451058093, 51.458314674313293 ], [ 29.848752945624074, 51.457882238640615 ], [ 29.848406750463642, 51.456106025945289 ], [ 29.851249836939846, 51.455889719327779 ], [ 29.850211141003019, 51.450561108992567 ], [ 29.870109493358036, 51.44904533793472 ], [ 29.869762578928928, 51.447269225859479 ], [ 29.881131855074059, 51.446401623847429 ], [ 29.8821739960066, 51.451729788919046 ], [ 29.879331407466218, 51.451946832955649 ], [ 29.881068481778254, 51.46082713222242 ], [ 29.883911608481228, 51.460610019591329 ], [ 29.884259237657123, 51.462386059056662 ], [ 29.889945599666706, 51.461951601470531 ], [ 29.890293479749541, 51.46372761125356 ], [ 29.887450208870419, 51.46394488792405 ], [ 29.888841654456328, 51.471048959731249 ], [ 29.891685356102865, 51.470831628124422 ], [ 29.892381507959588, 51.474383623199898 ], [ 29.88669363815637, 51.474818273041244 ], [ 29.887389501528386, 51.478370314156585 ], [ 29.893426002952275, 51.479711599108029 ], [ 29.894470818708854, 51.485039554964537 ], [ 29.900159839114721, 51.484604466873726 ], [ 29.900508397928881, 51.486380420199481 ], [ 29.909041984293307, 51.485727234230339 ], [ 29.909390902172341, 51.487503144036381 ], [ 29.920768948410167, 51.486631217571713 ], [ 29.921118333160731, 51.48840707002887 ], [ 29.923962863123563, 51.488188903782174 ], [ 29.924661955508363, 51.491740574398541 ], [ 29.930351339238563, 51.491303981709237 ], [ 29.930701154708192, 51.49307978605998 ], [ 29.933545900663386, 51.492861373397922 ], [ 29.935690584518944, 51.489091336674349 ], [ 29.941379466172801, 51.488654224901452 ], [ 29.941029291248487, 51.486878471302063 ], [ 29.946717814025266, 51.486441113857317 ], [ 29.94636745945887, 51.484665385652761 ], [ 29.949211559329108, 51.484446618275392 ], [ 29.947459785723133, 51.475568012654257 ], [ 29.952796338411272, 51.473354711041956 ], [ 29.952095520978421, 51.469803303861447 ], [ 29.949252354258356, 51.47002209722222 ], [ 29.94890210694555, 51.468246376432155 ], [ 29.94605901202058, 51.468465087692678 ], [ 29.945358840124289, 51.464913611728761 ], [ 29.939323156305729, 51.463575005187529 ], [ 29.93862362964391, 51.460023460503152 ], [ 29.935780965361641, 51.460241897898982 ], [ 29.935081796967069, 51.456690316635417 ], [ 29.932239312084938, 51.456908658173695 ], [ 29.931191150331884, 51.451581228076293 ], [ 29.928348952388635, 51.451799459985935 ], [ 29.92730143481684, 51.44647196836025 ], [ 29.924459523756564, 51.446690090673791 ], [ 29.921668574153102, 51.432483237626386 ], [ 29.918827487248315, 51.432701181515391 ], [ 29.917433298077373, 51.425597646253593 ], [ 29.920273955309597, 51.425379757434442 ], [ 29.917486428010626, 51.411172689787563 ], [ 29.920326190803276, 51.410954842906875 ], [ 29.921075480611677, 51.400081698465989 ], [ 29.923914528570304, 51.399863797887733 ], [ 29.925359770256126, 51.392542408341228 ], [ 29.930688262476313, 51.390330543503723 ], [ 29.929991233273487, 51.3867788702685 ], [ 29.932829388498114, 51.38656079365672 ], [ 29.932480820165932, 51.384784967456383 ], [ 29.93531883264529, 51.384566836538276 ], [ 29.934970192799753, 51.382791021875853 ], [ 29.937808062543361, 51.382572836660692 ], [ 29.937459351205504, 51.380797033538478 ], [ 29.940297078222912, 51.380578794035593 ], [ 29.93994829541376, 51.378803002455868 ], [ 29.942785879714496, 51.378584708674559 ], [ 29.94243702545511, 51.376808928639647 ], [ 29.945274467048709, 51.376590580589237 ], [ 29.947413843159321, 51.372820652852759 ], [ 29.953088119921819, 51.372383671691999 ], [ 29.955226675422992, 51.368613641236628 ], [ 29.960900310138829, 51.368176307090224 ], [ 29.960550884959098, 51.366400612426411 ], [ 29.963387541808427, 51.366181857130528 ], [ 29.963038045335139, 51.364406174031537 ], [ 29.96587455952309, 51.3641873645347 ], [ 29.965524991777226, 51.362411693002791 ], [ 29.968361363313345, 51.362192829314274 ], [ 29.968011724315929, 51.360417169351791 ], [ 29.970847953209748, 51.360198251480874 ], [ 29.970498242981762, 51.358422603090055 ], [ 29.973334329242842, 51.358203631046088 ], [ 29.97547063881699, 51.354433342780915 ], [ 29.98114220513958, 51.353995114076852 ], [ 29.983277695352754, 51.350224723524597 ], [ 29.988948619781553, 51.349786142338324 ], [ 29.988598340024858, 51.34801057952555 ], [ 29.985763002527257, 51.348229890256533 ], [ 29.985062763923931, 51.344678730176376 ], [ 29.979042556985849, 51.343341481312933 ], [ 29.978342959980594, 51.339790252370449 ], [ 29.975508049414429, 51.340009290066995 ], [ 29.974808808780104, 51.336458024466189 ], [ 29.971974076114034, 51.336676966573954 ], [ 29.970925803039943, 51.331350009839802 ], [ 29.968091355023571, 51.331568842564181 ], [ 29.967043723053159, 51.326241824158522 ], [ 29.964209559631289, 51.326460547531873 ], [ 29.961418295193948, 51.312254955860055 ], [ 29.958584949697787, 51.312473500936377 ], [ 29.958236308449521, 51.310697778084538 ], [ 29.961069547299783, 51.310479246800746 ], [ 29.958280844461502, 51.296273493570588 ], [ 29.961113194983579, 51.296055004740865 ], [ 29.960067698307153, 51.290727851640384 ], [ 29.962899693685706, 51.290509336335305 ], [ 29.961854197310323, 51.285182204416152 ], [ 29.964685837657356, 51.284963662653212 ], [ 29.966123093037446, 51.277642289436585 ], [ 29.9714366330508, 51.275429308287634 ], [ 29.970739316973496, 51.271877963694621 ], [ 29.973570070124087, 51.271659247292796 ], [ 29.973221359012456, 51.269883585426946 ], [ 29.976051970235993, 51.269664815047349 ], [ 29.975703188300656, 51.267889164737156 ], [ 29.978533657606643, 51.267670340389067 ], [ 29.978184804868459, 51.26589470163681 ], [ 29.981015132266354, 51.265675823329467 ], [ 29.980666208746143, 51.263900196137399 ], [ 29.983496394245453, 51.263681263880088 ], [ 29.983147399964071, 51.261905648250526 ], [ 29.98597744357426, 51.261686662052476 ], [ 29.985628378552512, 51.259911057987679 ], [ 29.98845828028308, 51.259692017858157 ], [ 29.990589697962299, 51.255921750380281 ], [ 29.996248898367622, 51.255483386719639 ], [ 29.998379501524862, 51.251713017644526 ], [ 30.004038063311679, 51.251274302964084 ], [ 30.00368843245198, 51.249498784428809 ], [ 30.009346639303839, 51.249059826577032 ], [ 30.008996831656987, 51.247284333471413 ], [ 30.025619550290859, 51.244190505964816 ], [ 30.025269176927047, 51.242415091487651 ], [ 30.04789631607807, 51.240653636032953 ], [ 30.047545129437527, 51.238878330374348 ], [ 30.053201344502746, 51.238437317622804 ], [ 30.053552743337484, 51.240212595469451 ], [ 30.07617701977005, 51.23844572690254 ], [ 30.076529303068142, 51.240220891053063 ], [ 30.093849595677451, 51.240667892835717 ], [ 30.094202587170233, 51.242442968667298 ], [ 30.105867726474894, 51.243331137451932 ], [ 30.109402887944494, 51.24665924252448 ], [ 30.1150590800967, 51.246215193015232 ], [ 30.115412958003155, 51.247990161756817 ], [ 30.118241106085101, 51.247768021528898 ], [ 30.118595126109778, 51.2495429739648 ], [ 30.124605794462312, 51.250873384652628 ], [ 30.124251526225404, 51.249098462545675 ], [ 30.127079672165873, 51.248876105365966 ], [ 30.126371031826555, 51.245326282285681 ], [ 30.131672313134466, 51.243106534152119 ], [ 30.1309634652171, 51.239556753347912 ], [ 30.133790972735763, 51.239334263392578 ], [ 30.133436496920801, 51.237559383561674 ], [ 30.136263862353342, 51.237336840020092 ], [ 30.13590931665604, 51.23556197191462 ], [ 30.138736540012044, 51.235339374796027 ], [ 30.138381924453121, 51.233564518418241 ], [ 30.141209005742237, 51.233341867731873 ], [ 30.140854320342385, 51.23156702308399 ], [ 30.143681259574212, 51.231344318839085 ], [ 30.14332650435416, 51.229569485923356 ], [ 30.146153301538305, 51.229346728129144 ], [ 30.148270236866473, 51.22557428616885 ], [ 30.153923226963844, 51.225128488864591 ], [ 30.156039351322185, 51.221355947347448 ], [ 30.161691701044084, 51.220909800866217 ], [ 30.161336385337091, 51.219135054766149 ], [ 30.166988378703156, 51.218688666192207 ], [ 30.166632887504594, 51.216913945913724 ], [ 30.183231274155649, 51.213798605482758 ], [ 30.182875220583991, 51.212023965065718 ], [ 30.2054774670646, 51.210232805965994 ], [ 30.205120603772279, 51.208458276106732 ], [ 30.207945615547686, 51.208234091538813 ], [ 30.2083025845625, 51.210008607269593 ], [ 30.230902215943022, 51.208212587646528 ], [ 30.231260066972364, 51.209986987861306 ], [ 30.23973464533633, 51.20931232435273 ], [ 30.240092849863323, 51.21108667971194 ], [ 30.248567417269179, 51.210411366261752 ], [ 30.248925975316915, 51.212185676721695 ], [ 30.260584327717719, 51.213058508510976 ], [ 30.264127531391473, 51.216381437850906 ], [ 30.269777540807162, 51.215930102927594 ], [ 30.270136984776297, 51.217704304527139 ], [ 30.272962040319843, 51.217478521606559 ], [ 30.273321626563888, 51.219252706622882 ], [ 30.276146751214075, 51.219026841980963 ], [ 30.276506479753667, 51.220801010407577 ], [ 30.279331673500781, 51.220575064037106 ], [ 30.279691544356513, 51.222349215867489 ], [ 30.282516807190802, 51.222123187761206 ], [ 30.282876820383308, 51.22389732298884 ], [ 30.285702152295041, 51.223671213139561 ], [ 30.286062307844965, 51.225445331757939 ], [ 30.292073476789657, 51.226766968804021 ], [ 30.292794394125643, 51.230315137199803 ], [ 30.298806372257339, 51.231636383036765 ], [ 30.299527932773337, 51.235184480166367 ], [ 30.302353821430899, 51.234957932943885 ], [ 30.303075740385022, 51.238505992047415 ], [ 30.305901803845696, 51.238279348746516 ], [ 30.31089573909, 51.248696586905695 ], [ 30.313722363831776, 51.248469722800237 ], [ 30.316615816118336, 51.262661407455994 ], [ 30.31944325099326, 51.262434361364946 ], [ 30.319805204182845, 51.264208296945895 ], [ 30.316977663394372, 51.264435357347161 ], [ 30.319873768525039, 51.278626870899309 ], [ 30.317045343169241, 51.278853978208275 ], [ 30.316389236414121, 51.289724724971826 ], [ 30.313560101032518, 51.289951782910535 ], [ 30.312179054784654, 51.297274644873291 ], [ 30.306881662201025, 51.299502527558204 ], [ 30.307605595750822, 51.30305050161769 ], [ 30.304775569951225, 51.303277389074211 ], [ 30.305137485880813, 51.305051386846309 ], [ 30.3023073170225, 51.305278220922773 ], [ 30.302669163644243, 51.30705223062256 ], [ 30.299838851717361, 51.307279011309703 ], [ 30.300200629010526, 51.309053032934955 ], [ 30.297370174005259, 51.309279760223532 ], [ 30.297731881949087, 51.311053793772047 ], [ 30.294901283855602, 51.311280467652765 ], [ 30.295262922429352, 51.313054513122317 ], [ 30.29243218123781, 51.313281133585967 ], [ 30.290324365892648, 51.317055827316658 ], [ 30.284662274218498, 51.317508786795401 ], [ 30.282553645473726, 51.321283382128833 ], [ 30.276890907633163, 51.321735992320967 ], [ 30.277251986403826, 51.323510125905685 ], [ 30.271588888669484, 51.323962493659607 ], [ 30.271949791571579, 51.325736653408327 ], [ 30.263454549994112, 51.326414739674945 ], [ 30.263815170602921, 51.328188939826198 ], [ 30.255319278996161, 51.328866458982134 ], [ 30.25567961721006, 51.33064069950494 ], [ 30.2330214391468, 51.332444548979424 ], [ 30.233380962697531, 51.334218900922536 ], [ 30.230548418905869, 51.33444409127268 ], [ 30.230189001803144, 51.332669725126046 ], [ 30.207528184491352, 51.334468693574259 ], [ 30.207169655716402, 51.33269421160977 ], [ 30.189815292246976, 51.332265935844028 ], [ 30.189457475430352, 51.330491364286843 ], [ 30.183792105921199, 51.330939529705411 ], [ 30.183434538559155, 51.329164927546664 ], [ 30.177769236154418, 51.329612793456576 ], [ 30.177411918219867, 51.327838160717349 ], [ 30.171389614486845, 51.326511063838744 ], [ 30.172103787973448, 51.330060388111477 ], [ 30.169271009242934, 51.330284083713146 ], [ 30.169985115394461, 51.333833426912712 ], [ 30.16467591725381, 51.336055367410943 ], [ 30.165389815744859, 51.339604753104425 ], [ 30.162556395086344, 51.33982831575026 ], [ 30.16291329237832, 51.34160301921829 ], [ 30.16007972873367, 51.341826528118396 ], [ 30.16043655584555, 51.343601243366706 ], [ 30.157602849205045, 51.343824698511803 ], [ 30.157959606115966, 51.345599425538182 ], [ 30.152648450497551, 51.347820913328377 ], [ 30.153718409006569, 51.353145158099572 ], [ 30.156552721609263, 51.352921768210301 ], [ 30.157266422610647, 51.356471224936207 ], [ 30.160100912141495, 51.356247738963241 ], [ 30.161172056876012, 51.361571864336454 ], [ 30.164006830046951, 51.361348268152234 ], [ 30.165078622933958, 51.366672330291252 ], [ 30.167913679799351, 51.366448623863342 ], [ 30.170774253318541, 51.380645907651108 ], [ 30.173610127854641, 51.380422020313581 ], [ 30.173967970639293, 51.382196656187276 ], [ 30.171131989287446, 51.382420557654704 ], [ 30.173995192266467, 51.396617673875063 ], [ 30.171158319450033, 51.396841620440803 ], [ 30.172232302926378, 51.402165543004735 ], [ 30.169395072767973, 51.402389463985912 ], [ 30.171901565372185, 51.414811967404695 ], [ 30.169063549745676, 51.415035919324666 ], [ 30.168374062011175, 51.42590774209858 ], [ 30.165535330843749, 51.426131642755323 ], [ 30.166251597518809, 51.429680965359687 ], [ 30.163412615538999, 51.429904826224806 ], [ 30.162005712360241, 51.437227349357677 ], [ 30.156684614219017, 51.439449548769517 ], [ 30.157400535883674, 51.442998951837538 ], [ 30.154560657364538, 51.443222639267226 ], [ 30.154918565857688, 51.444997351437607 ], [ 30.15207854353319, 51.445220984883832 ], [ 30.152436381373729, 51.446995708851084 ], [ 30.149596215234077, 51.447219288304531 ], [ 30.149953982400959, 51.448994024066387 ], [ 30.14711367243634, 51.449217549517762 ], [ 30.147471368908551, 51.450992297071956 ], [ 30.14463091510919, 51.451215768511901 ], [ 30.144988540865661, 51.452990527856223 ], [ 30.142147943221751, 51.453213945275422 ], [ 30.140022241005049, 51.456986862714487 ], [ 30.134340433740512, 51.457433413266152 ], [ 30.132213909452346, 51.461206229791522 ], [ 30.126531453637316, 51.46165242779459 ], [ 30.126888510764442, 51.463427274237254 ], [ 30.121205694165191, 51.463873227747662 ], [ 30.121562573029173, 51.465648100042223 ], [ 30.115879395669811, 51.466093809012222 ], [ 30.1162360962138, 51.467868707146017 ], [ 30.099541136900744, 51.470979262190156 ], [ 30.099897265717271, 51.47275424007141 ], [ 30.077158771525134, 51.474531411921191 ], [ 30.077514076820595, 51.476306499766096 ], [ 30.07182887460586, 51.476750138571624 ], [ 30.072184001191438, 51.478525252147051 ], [ 30.063655602831055, 51.479190240630615 ], [ 30.064010443093885, 51.480965393924187 ], [ 30.055481395346121, 51.481629810214763 ], [ 30.055835949183869, 51.483405003195067 ], [ 30.033089365836322, 51.485173888521956 ], [ 30.033443095042134, 51.486949190981804 ], [ 30.030599501511642, 51.487170008397968 ], [ 30.030245879941319, 51.485394691985817 ], [ 30.007496691127002, 51.487158661662932 ], [ 30.011046238264662, 51.4904892300979 ], [ 30.016734110725682, 51.490048455102382 ], [ 30.017793685937917, 51.495374592960992 ], [ 30.020637891040373, 51.495154061219601 ], [ 30.021698114800135, 51.50048013678429 ], [ 30.018853586527911, 51.500700710339046 ], [ 30.019206959053378, 51.502476078246076 ], [ 30.013517578513124, 51.502917048267982 ], [ 30.013870771686438, 51.50469244176788 ], [ 30.042317304069165, 51.502484719435529 ], [ 30.041963033466917, 51.500709465450093 ], [ 30.050495963418797, 51.500045858555879 ], [ 30.050141405971697, 51.49827064421801 ], [ 30.055829629135168, 51.497827926098175 ], [ 30.056184401959342, 51.499603112459994 ], [ 30.078936702867779, 51.497829396434796 ], [ 30.078581068730355, 51.496054322144232 ], [ 30.092799536147972, 51.494943600684088 ], [ 30.092443400291184, 51.493168594269761 ], [ 30.103817087918578, 51.492278844548366 ], [ 30.103460558142533, 51.490503892040991 ], [ 30.109146967968027, 51.490058635791705 ], [ 30.108790259539173, 51.488283709104749 ], [ 30.120162210950863, 51.487392434007454 ], [ 30.120519349577208, 51.489167304387649 ], [ 30.126562711447427, 51.49049606915122 ], [ 30.126920138267636, 51.49227090671971 ], [ 30.124076955638774, 51.492494006582966 ], [ 30.125149132813309, 51.497818547672352 ], [ 30.122305590887265, 51.498041621568348 ], [ 30.12302034331935, 51.501591332233318 ], [ 30.120176549608708, 51.501814366053104 ], [ 30.120891233069134, 51.505364095638036 ], [ 30.123735242043455, 51.505141033634075 ], [ 30.124092746277285, 51.506915880859779 ], [ 30.132624876574646, 51.506246242913164 ], [ 30.13190925889425, 51.502696630754336 ], [ 30.134753013856351, 51.502473309780896 ], [ 30.134395152326121, 51.500698514330324 ], [ 30.13723876306603, 51.500475139208952 ], [ 30.139366293625745, 51.496702154423083 ], [ 30.145052901638543, 51.496255119403038 ], [ 30.147179608328845, 51.492482033561181 ], [ 30.16387818076447, 51.489364399460861 ], [ 30.167827674736063, 51.508885439275261 ], [ 30.170671527456467, 51.508661228506526 ], [ 30.174234341375637, 51.511986142449473 ], [ 30.182766214097317, 51.511312810789924 ], [ 30.182406373897564, 51.509538258009236 ], [ 30.188093889755056, 51.509089057328715 ], [ 30.18773387120585, 51.507314530584217 ], [ 30.190577466303345, 51.507089842064907 ], [ 30.19021737702295, 51.505315327172077 ], [ 30.195904241553414, 51.504865773808703 ], [ 30.195543974017234, 51.503091284969969 ] ] ], [ [ [ 30.848363907435587, 51.249380805410603 ], [ 30.847981825311734, 51.247609629152329 ], [ 30.850803909617852, 51.247369809556794 ], [ 30.850421761193545, 51.245598645800364 ], [ 30.856065603023094, 51.245118835077946 ], [ 30.855683283207451, 51.243347698921205 ], [ 30.858505040736176, 51.243107707809799 ], [ 30.860561815968325, 51.239325429790249 ], [ 30.857740307472664, 51.239565457923646 ], [ 30.856975729614778, 51.236023197676289 ], [ 30.854154392408692, 51.23626312839982 ], [ 30.853390180015435, 51.232720827606357 ], [ 30.850569014089004, 51.232960660938652 ], [ 30.849805167048089, 51.229418319618517 ], [ 30.846984172391384, 51.229658055578206 ], [ 30.84622069059056, 51.226115673750861 ], [ 30.843399867193678, 51.226355312356581 ], [ 30.84225525032566, 51.22104167500931 ], [ 30.839434703173115, 51.221281201210921 ], [ 30.838290750014288, 51.215967495419811 ], [ 30.835470479055591, 51.216206909249742 ], [ 30.832803344775837, 51.203808066693355 ], [ 30.826783501198587, 51.202515178491232 ], [ 30.826022307922361, 51.198972563511084 ], [ 30.823202970125148, 51.199211625382794 ], [ 30.822442141171205, 51.195668970032152 ], [ 30.819622974482989, 51.195907934699633 ], [ 30.818482335279114, 51.190593887290092 ], [ 30.815663444532266, 51.190832739747947 ], [ 30.814523467202211, 51.185518624134765 ], [ 30.811704852346246, 51.185757364415387 ], [ 30.81018584177064, 51.178671780911721 ], [ 30.807367607536644, 51.178910394039541 ], [ 30.802273232129227, 51.168520307790708 ], [ 30.799455549373846, 51.168758696740831 ], [ 30.798697365931115, 51.165215768826776 ], [ 30.790244715158689, 51.165930443288225 ], [ 30.789865995282351, 51.164158930544644 ], [ 30.778217412445393, 51.163339255681805 ], [ 30.774643640564026, 51.160033860200585 ], [ 30.769008801609473, 51.160509183996162 ], [ 30.768630968324171, 51.158737556327004 ], [ 30.765813596030046, 51.158975102669203 ], [ 30.7654359057973, 51.157203457512118 ], [ 30.76261859987747, 51.157440921843445 ], [ 30.762241052677002, 51.15566925920502 ], [ 30.759423813141606, 51.155906641532589 ], [ 30.759046408953157, 51.154134961419409 ], [ 30.756229235812356, 51.154372261750268 ], [ 30.755851974615634, 51.152600564168914 ], [ 30.753034867879574, 51.15283778251019 ], [ 30.752657749654315, 51.151066067467212 ], [ 30.746646760162889, 51.149768525711295 ], [ 30.745893133716876, 51.146225023279541 ], [ 30.739882943368293, 51.144927086421568 ], [ 30.741012697644596, 51.150242433283239 ], [ 30.738195609042759, 51.150479286467494 ], [ 30.740078773800398, 51.159338221659588 ], [ 30.742896386007455, 51.15910129397836 ], [ 30.744027057989449, 51.16441657993898 ], [ 30.741209131497538, 51.164653552331828 ], [ 30.744225102301851, 51.178827655769823 ], [ 30.741406298974326, 51.179064680307128 ], [ 30.740849785001615, 51.189932287550675 ], [ 30.738030275689781, 51.190169267243952 ], [ 30.738784481409656, 51.193712826699539 ], [ 30.735964723902747, 51.193949769038284 ], [ 30.737096004866576, 51.199265133906053 ], [ 30.734275894123542, 51.199502053782219 ], [ 30.733718081206867, 51.210369746547705 ], [ 30.730897263655848, 51.210606621449166 ], [ 30.72958455752223, 51.217930724337791 ], [ 30.724318813080369, 51.220176104468507 ], [ 30.725072773948476, 51.223719791384625 ], [ 30.727894442224798, 51.223483013872837 ], [ 30.728271585288844, 51.225254838626732 ], [ 30.736736675562966, 51.224544057853485 ], [ 30.737114172433323, 51.22631583533903 ], [ 30.742757584447165, 51.225841615391943 ], [ 30.743135329996168, 51.227613360493386 ], [ 30.748778798750926, 51.227138841684791 ], [ 30.752356712744664, 51.230444874375699 ], [ 30.758000371572816, 51.229969892297206 ], [ 30.758378758157516, 51.231741555071565 ], [ 30.761200635049128, 51.231503948201869 ], [ 30.764779782686606, 51.234809532157065 ], [ 30.776446725689087, 51.235629608762643 ], [ 30.776825897227297, 51.237401171539311 ], [ 30.779647963743326, 51.237163101264237 ], [ 30.780027278995565, 51.238934646501846 ], [ 30.78567150669689, 51.238458274207254 ], [ 30.789252939936706, 51.24176298002287 ], [ 30.797719507330601, 51.241047625381512 ], [ 30.798099569382678, 51.242819072945409 ], [ 30.809768727088059, 51.24363565001655 ], [ 30.810149287133665, 51.245407032359104 ], [ 30.812971559886719, 51.245168132201023 ], [ 30.813352263794005, 51.246939496938815 ], [ 30.81899690355019, 51.246461464773603 ], [ 30.819377856517736, 51.248232796857216 ], [ 30.822200223495255, 51.24799366484109 ], [ 30.822581320370293, 51.249764979301496 ], [ 30.825403753791434, 51.2495257649744 ], [ 30.825784994594358, 51.251297061804962 ], [ 30.828607494448843, 51.251057765159779 ], [ 30.82898887920004, 51.252829044353867 ], [ 30.831811445477555, 51.252589665383503 ], [ 30.835397279596567, 51.255892709533157 ], [ 30.841042638970801, 51.255413554980777 ], [ 30.840660755870523, 51.253642341229366 ], [ 30.843483272142752, 51.253402678133888 ], [ 30.843101322680905, 51.251631476878117 ], [ 30.848363907435587, 51.249380805410603 ] ] ], [ [ [ 29.977299080262334, 51.480479609411844 ], [ 29.971260526090315, 51.479142806114574 ], [ 29.972314390220564, 51.484469623725907 ], [ 29.975158274606038, 51.484250227728701 ], [ 29.978705309695258, 51.487581908411087 ], [ 29.987237285198834, 51.48692302246684 ], [ 29.989377156830209, 51.483152223280776 ], [ 29.983689711923553, 51.483591629944193 ], [ 29.983337957200387, 51.481816081814088 ], [ 29.977650583657955, 51.482255187551445 ], [ 29.977299080262334, 51.480479609411844 ] ] ], [ [ [ 30.00465287997719, 51.48737885058771 ], [ 30.007496691127002, 51.487158661662932 ], [ 30.007143966912146, 51.485383231511577 ], [ 30.004300263430846, 51.485603406522706 ], [ 30.00465287997719, 51.48737885058771 ] ] ], [ [ [ 31.890785190390041, 51.616291983806832 ], [ 31.890357556940028, 51.614526810266476 ], [ 31.887522197905778, 51.61479299155237 ], [ 31.887949725432961, 51.616558181834257 ], [ 31.885114216870473, 51.616824312347063 ], [ 31.885541682064254, 51.618589516303004 ], [ 31.882706023961894, 51.618855596033427 ], [ 31.883133426801908, 51.620620813661532 ], [ 31.880297619148052, 51.620886842600278 ], [ 31.878316280468415, 51.624683297003408 ], [ 31.881152343672213, 51.624417302135214 ], [ 31.88157977132861, 51.62618252730941 ], [ 31.892924011990168, 51.625117805511934 ], [ 31.892496160404061, 51.623352647304962 ], [ 31.898167806977501, 51.622819914709709 ], [ 31.897739787120681, 51.621054786940753 ], [ 31.894904091610361, 51.621321170246631 ], [ 31.893620611731521, 51.616025718267217 ], [ 31.890785190390041, 51.616291983806832 ] ] ], [ [ [ 32.163998855024793, 52.072487662630863 ], [ 32.166860421460314, 52.072213110765759 ], [ 32.166414856199779, 52.070449731785018 ], [ 32.163553398103041, 52.070724266332924 ], [ 32.163998855024793, 52.072487662630863 ] ] ], [ [ [ 33.688688184553108, 52.355389621400192 ], [ 33.68296073864483, 52.356014710553339 ], [ 33.683471106659624, 52.35776816563088 ], [ 33.692062519631165, 52.35683037078055 ], [ 33.692573262923801, 52.358583762848951 ], [ 33.698300824372716, 52.357958186436448 ], [ 33.697789865896482, 52.356204833703984 ], [ 33.694926219008828, 52.356517636291308 ], [ 33.691041190478359, 52.353323574524801 ], [ 33.688177653795215, 52.353636201593737 ], [ 33.688688184553108, 52.355389621400192 ] ] ], [ [ [ 33.698811835356153, 52.359711535125577 ], [ 33.701675644916172, 52.359398625093711 ], [ 33.701164526341415, 52.357645296080058 ], [ 33.698300824372716, 52.357958186436448 ], [ 33.698811835356153, 52.359711535125577 ] ] ], [ [ [ 33.711289798693123, 52.361966014184752 ], [ 33.707403106452723, 52.358772600732244 ], [ 33.701675644916172, 52.359398625093711 ], [ 33.705562011880595, 52.36259225348892 ], [ 33.711289798693123, 52.361966014184752 ] ] ], [ [ [ 33.711289798693123, 52.361966014184752 ], [ 33.711801397685235, 52.36371927199685 ], [ 33.717529189401318, 52.363092720898827 ], [ 33.717017375229474, 52.361339502482792 ], [ 33.711289798693123, 52.361966014184752 ] ] ], [ [ [ 32.010592089051443, 46.604155024666802 ], [ 32.009867596948986, 46.600623061943359 ], [ 32.012429704129438, 46.600373373522032 ], [ 32.013542561452432, 46.593059793193845 ], [ 32.01830358588132, 46.590794322036444 ], [ 32.017578930569144, 46.587262443789037 ], [ 32.020140340903275, 46.587012637173984 ], [ 32.019777984363444, 46.585246709291397 ], [ 32.022339280570989, 46.584996861663626 ], [ 32.021976878112149, 46.58323094638304 ], [ 32.024538060201039, 46.582981057750182 ], [ 32.024175611837428, 46.581215155073238 ], [ 32.026736679815606, 46.580965225442931 ], [ 32.026374185561451, 46.579199335371264 ], [ 32.028935139436825, 46.578949364751097 ], [ 32.028572599306365, 46.577183487286383 ], [ 32.031133439086851, 46.576933475683973 ], [ 32.030770853094317, 46.575167610827869 ], [ 32.033331578787866, 46.574917558250853 ], [ 32.032968946947491, 46.573151706004971 ], [ 32.035529558562011, 46.572901612460981 ], [ 32.035166880888013, 46.571135772826956 ], [ 32.037727378431427, 46.570885638323595 ], [ 32.037364654938038, 46.569119811303104 ], [ 32.04212253854471, 46.566853605043413 ], [ 32.041034195661439, 46.561556191500422 ], [ 32.043594191233225, 46.561305964852373 ], [ 32.042868640149322, 46.557774372880367 ], [ 32.045428441822629, 46.557524120652822 ], [ 32.044702867481654, 46.553992548464329 ], [ 32.047262475293635, 46.553742270668621 ], [ 32.046536877728613, 46.550210718264651 ], [ 32.049096291716424, 46.549960414912107 ], [ 32.048007911762198, 46.54466311189379 ], [ 32.050567052143315, 46.5444127983436 ], [ 32.051674824316905, 46.537099442473391 ], [ 32.056429388328532, 46.534832934410105 ], [ 32.055703675138609, 46.531301480944371 ], [ 32.058262120562411, 46.531051049977371 ], [ 32.05789923539524, 46.5292853345046 ], [ 32.060457566953573, 46.529034862692974 ], [ 32.060094636168778, 46.527269159846448 ], [ 32.062652853869551, 46.527018647197771 ], [ 32.062289877481284, 46.525252956979145 ], [ 32.064847981332449, 46.525002403501041 ], [ 32.064484959354886, 46.523236725911936 ], [ 32.067042949364343, 46.522986131612001 ], [ 32.066679881811638, 46.52122046665405 ], [ 32.069237757987302, 46.520969831539887 ], [ 32.068874644873645, 46.519204179214739 ], [ 32.071432407223419, 46.518953503293972 ], [ 32.071069248562964, 46.517187863603247 ], [ 32.073626897094762, 46.516937146883429 ], [ 32.075457977911832, 46.513155147900612 ], [ 32.080572785600651, 46.512653495156627 ], [ 32.077303641059551, 46.496763119059793 ], [ 32.074746970829551, 46.497013835144706 ], [ 32.07365810903859, 46.491716947777796 ], [ 32.076214540549451, 46.491466277796789 ], [ 32.073311773075403, 46.477341247500306 ], [ 32.075867534234327, 46.477090644334545 ], [ 32.076246663362191, 46.466246281961787 ], [ 32.078801879505448, 46.465995658824617 ], [ 32.078076460560865, 46.462464433316796 ], [ 32.080631483746657, 46.462213784849737 ], [ 32.079906042221033, 46.458682579139534 ], [ 32.084652840196945, 46.456415599304336 ], [ 32.083927285464526, 46.452884438660291 ], [ 32.086481809382562, 46.452633698902446 ], [ 32.086119003739483, 46.450868129848438 ], [ 32.065682494018922, 46.452872356066599 ], [ 32.065320357567231, 46.451106661427794 ], [ 32.049630396925345, 46.450841596034955 ], [ 32.049268804914156, 46.449075803955743 ], [ 32.038688630670705, 46.448309187044771 ], [ 32.035411671624978, 46.445027090535902 ], [ 32.030302409765142, 46.44552616990012 ], [ 32.029941509383342, 46.443760259799923 ], [ 32.027386907014808, 46.444009700119082 ], [ 32.027026119939336, 46.442243772014713 ], [ 32.024471563094032, 46.442493140999254 ], [ 32.024110889310776, 46.440727194896191 ], [ 32.021556377996561, 46.440976492551691 ], [ 32.02119581749141, 46.439210528455448 ], [ 32.018641351716113, 46.439459754787563 ], [ 32.018280904474977, 46.437693772703589 ], [ 32.015726484246429, 46.437942927717899 ], [ 32.015366150255183, 46.436176927651722 ], [ 32.009897225714262, 46.434909005706373 ], [ 32.009177044466959, 46.43137693097443 ], [ 32.00370872121713, 46.430108654665787 ], [ 32.002989060342678, 46.426576502682082 ], [ 32.000435026720481, 46.426825270685221 ], [ 31.999715659734825, 46.423293077396451 ], [ 31.997161751063871, 46.423541758876524 ], [ 31.996083191941871, 46.418243402963689 ], [ 31.993529487563251, 46.418491982694597 ], [ 31.992451470250256, 46.413193556787 ], [ 31.989897970130976, 46.413442034795182 ], [ 31.989538777830308, 46.411675872200227 ], [ 31.984431835061962, 46.412172629735984 ], [ 31.984072835130611, 46.410406433990211 ], [ 31.978965916167866, 46.41090293705328 ], [ 31.978607108589344, 46.409136708173975 ], [ 31.973500213505687, 46.409632956777074 ], [ 31.970229677283303, 46.406348439972462 ], [ 31.965122897481468, 46.406844291707564 ], [ 31.964764587536351, 46.405077978727682 ], [ 31.96221122648576, 46.405325805388209 ], [ 31.961853029503825, 46.40355947452845 ], [ 31.95929971413889, 46.40380722999047 ], [ 31.95894163010605, 46.402040881256298 ], [ 31.956388360434573, 46.40228856552541 ], [ 31.956030389336728, 46.400522198922324 ], [ 31.953477165366483, 46.400769812004157 ], [ 31.953119307189525, 46.399003427537572 ], [ 31.950566128928283, 46.399250969437759 ], [ 31.950208383658104, 46.397484567113167 ], [ 31.94474453191626, 46.396213017213867 ], [ 31.944029526486162, 46.392680138489595 ], [ 31.93856627556389, 46.391408235240547 ], [ 31.937851788629498, 46.387875279816534 ], [ 31.935298997603734, 46.38812243557922 ], [ 31.934584803367343, 46.384589439153729 ], [ 31.932032137364065, 46.384836508625966 ], [ 31.931318235746019, 46.381303471215318 ], [ 31.928765694759594, 46.381550454412142 ], [ 31.927695331383092, 46.376250832839979 ], [ 31.925142994653594, 46.376497714636834 ], [ 31.924073170380332, 46.371198023636872 ], [ 31.921521037874676, 46.371444804060154 ], [ 31.918670279167493, 46.357312056384558 ], [ 31.916118746803093, 46.357558659838311 ], [ 31.914694486603434, 46.350492161587496 ], [ 31.917245702334043, 46.350245618614572 ], [ 31.914398152471655, 46.336112615294418 ], [ 31.916948701885385, 46.335866137341128 ], [ 31.917364009129937, 46.32501992061561 ], [ 31.919914017415898, 46.324773421581696 ], [ 31.919202390166156, 46.321240202895709 ], [ 31.921752207020198, 46.320993678225342 ], [ 31.919973327933, 46.312160660515858 ], [ 31.922522716427267, 46.311914155569184 ], [ 31.91967761306465, 46.297781309779502 ], [ 31.922226336621538, 46.297534869903593 ], [ 31.921159736373053, 46.292235054170078 ], [ 31.923708189871977, 46.291988603815639 ], [ 31.922641653005797, 46.286688809473546 ], [ 31.925189836525874, 46.286442348653701 ], [ 31.924123363075793, 46.281142575702908 ], [ 31.926671276696112, 46.280896104430795 ], [ 31.927797028331831, 46.273583297097922 ], [ 31.9325364518747, 46.271323650113544 ], [ 31.931825338996681, 46.267790549144003 ], [ 31.934372567614531, 46.267543960613573 ], [ 31.934016982395114, 46.265777421253652 ], [ 31.93656409890599, 46.265530792094637 ], [ 31.936208468253923, 46.263764265192357 ], [ 31.938755472665505, 46.263517595412289 ], [ 31.938399796594783, 46.261751080969297 ], [ 31.940946688914746, 46.261504370575707 ], [ 31.940590967439338, 46.259737868593675 ], [ 31.943137747675376, 46.259491117594138 ], [ 31.942781980809272, 46.257724628074683 ], [ 31.945328648969056, 46.257477836476724 ], [ 31.947163535211846, 46.253698062643331 ], [ 31.952256389914947, 46.253204261385541 ], [ 31.954090679907416, 46.249424430832477 ], [ 31.959183019672086, 46.248930355892874 ], [ 31.958826868717985, 46.247163958998911 ], [ 31.963918917642619, 46.24666969156366 ], [ 31.963562642747842, 46.244903322297965 ], [ 31.971200229764481, 46.244161548932915 ], [ 31.970843752331561, 46.24239522246512 ], [ 31.978480802815202, 46.241652993453222 ], [ 31.978124122916761, 46.239886709807394 ], [ 31.985760636769314, 46.239144025256799 ], [ 31.985403754477961, 46.23737778445701 ], [ 32.005765690923042, 46.235394964750874 ], [ 32.005408213462417, 46.23362884280359 ], [ 32.010855840263048, 46.234898703324461 ], [ 32.010498205689814, 46.233132611793067 ], [ 32.015588063912723, 46.232636158226583 ], [ 32.015230305757349, 46.230870094432966 ], [ 32.030140408925384, 46.227613514781559 ], [ 32.029782246714824, 46.225847536954745 ], [ 32.032326688803572, 46.22559893865904 ], [ 32.031610308037543, 46.222067005386918 ], [ 32.036340480612658, 46.219803762716253 ], [ 32.035623987254937, 46.216271874213099 ], [ 32.038167936334624, 46.216023185303548 ], [ 32.037809661532357, 46.214257252245709 ], [ 32.04035349861671, 46.214008522990078 ], [ 32.039995178929622, 46.21224260247655 ], [ 32.04253890402633, 46.211993832882371 ], [ 32.042180539468319, 46.21022792491479 ], [ 32.044724152585111, 46.209979114989572 ], [ 32.044365743170076, 46.208213219569558 ], [ 32.046909244314676, 46.207964369320827 ], [ 32.046550790056486, 46.206198486450027 ], [ 32.049094179236619, 46.205949595885301 ], [ 32.050920413469726, 46.202168936924643 ], [ 32.056006710443135, 46.201670939023117 ], [ 32.057832351280325, 46.197890224658344 ], [ 32.062918133327919, 46.197391954524868 ], [ 32.062559298377273, 46.195626164956622 ], [ 32.06764478937405, 46.195127703212528 ], [ 32.067285831359236, 46.193361941481172 ], [ 32.074913580842534, 46.192613878220769 ], [ 32.07455442149552, 46.190848159617872 ], [ 32.082181633479465, 46.190099642518881 ], [ 32.081822272872735, 46.188333967068367 ], [ 32.102159398025918, 46.186335601458282 ], [ 32.101799444938422, 46.184570045731803 ], [ 32.119592113157111, 46.182818669613411 ], [ 32.119231646156557, 46.181053218463504 ], [ 32.126856334874503, 46.180301842523221 ], [ 32.126495666998551, 46.178536434676872 ], [ 32.146826059196513, 46.176530447905733 ], [ 32.146464799676608, 46.174765160213575 ], [ 32.156628872107731, 46.173760897484385 ], [ 32.156990444230608, 46.175526123656503 ], [ 32.164613377802588, 46.174772298318999 ], [ 32.164251571268245, 46.173007118321102 ], [ 32.166792403301535, 46.172755747731102 ], [ 32.166068735535077, 46.169225410297678 ], [ 32.170788046260952, 46.166957422398447 ], [ 32.170064269195919, 46.163427130095563 ], [ 32.172604609158626, 46.163175670241849 ], [ 32.172242693325728, 46.161410535374493 ], [ 32.174782921359778, 46.161159035516896 ], [ 32.174420961313686, 46.159393913307952 ], [ 32.176961077426867, 46.159142373453946 ], [ 32.176599073181372, 46.15737726390504 ], [ 32.179139077381457, 46.157125684062144 ], [ 32.178777028950343, 46.155360587174826 ], [ 32.18131692124512, 46.15510896735055 ], [ 32.180954828642179, 46.153343883126468 ], [ 32.1834946090394, 46.153092223328308 ], [ 32.185309959880634, 46.149310393111698 ], [ 32.190389039254242, 46.14880685829214 ], [ 32.192203799953901, 46.145024974314758 ], [ 32.197282364066709, 46.144521168992426 ], [ 32.196919894864422, 46.142756178963502 ], [ 32.206713557294478, 46.13998303474537 ], [ 32.205625519393152, 46.134688225087956 ], [ 32.203086779622303, 46.134940299650125 ], [ 32.202361746389748, 46.131410381887861 ], [ 32.204900330324321, 46.131158338199299 ], [ 32.202000929631872, 46.117038680422198 ], [ 32.204538856630201, 46.116786704887815 ], [ 32.204902687770179, 46.105945000210475 ], [ 32.2074400800714, 46.10569300668854 ], [ 32.208528118736517, 46.098381243695421 ], [ 32.213239710932136, 46.096112199218759 ], [ 32.21251501087913, 46.092582381819085 ], [ 32.215051723337865, 46.092330275295396 ], [ 32.214689346362398, 46.090565377899189 ], [ 32.21722594722474, 46.09031323157074 ], [ 32.216863526383598, 46.088548346857969 ], [ 32.219400015657293, 46.088296160732234 ], [ 32.219037550964174, 46.086531288704492 ], [ 32.221573928656987, 46.086279062788932 ], [ 32.22121142012562, 46.084514203447839 ], [ 32.223747686245275, 46.084261937749936 ], [ 32.223385133889366, 46.082497091097068 ], [ 32.225921288443658, 46.082244785624312 ], [ 32.225558692276898, 46.080479951661282 ], [ 32.228094735273572, 46.08022760642114 ], [ 32.22990534300915, 46.076445591570895 ], [ 32.234976948930935, 46.075940686861522 ], [ 32.236786969337857, 46.072158619014346 ], [ 32.24185806133783, 46.071653444964397 ], [ 32.24149509107577, 46.069888705405731 ], [ 32.246565892215578, 46.069383341539513 ], [ 32.246202800639558, 46.06761863015759 ], [ 32.253808515157075, 46.066860216928617 ], [ 32.253445224717858, 46.065095549214341 ], [ 32.258515376240766, 46.064589695495201 ], [ 32.258151964580215, 46.062825055981953 ], [ 32.263221825193426, 46.062319012579728 ], [ 32.262858292350543, 46.060554401276896 ], [ 32.277702629694303, 46.057270519268052 ], [ 32.277338699555713, 46.055505995430984 ], [ 32.297613291001596, 46.053477341208186 ], [ 32.297248774863831, 46.051712938781819 ], [ 32.299782868218337, 46.051459124470597 ], [ 32.300147461836339, 46.053223511358816 ], [ 32.320419602353972, 46.051190888391616 ], [ 32.320784849772124, 46.052955148063468 ], [ 32.328386572370142, 46.05219195845379 ], [ 32.32875208625552, 46.05395616861346 ], [ 32.336353734075942, 46.053192436338598 ], [ 32.336719514438208, 46.054956596950952 ], [ 32.341787263806815, 46.054447135418357 ], [ 32.341421328564081, 46.052683005988293 ], [ 32.346488786408202, 46.052173355256009 ], [ 32.348290231543871, 46.04839027356951 ], [ 32.353357174677861, 46.047880354717158 ], [ 32.352990954875807, 46.04611629487686 ], [ 32.358057606475903, 46.045606186929454 ], [ 32.357691266085929, 46.043842155501999 ], [ 32.365290754864219, 46.0430766273995 ], [ 32.364924216560148, 46.041312640014418 ], [ 32.372523165345171, 46.040546663225946 ], [ 32.372156429199109, 46.038782719906735 ], [ 32.392418167375851, 46.03673781806507 ], [ 32.392050846878327, 46.034973997071766 ], [ 32.397115784148504, 46.034462252541765 ], [ 32.39748325925126, 46.036226042217898 ], [ 32.417742254446374, 46.034176737756255 ], [ 32.418110382161665, 46.035940399203547 ], [ 32.43367227537081, 46.036164580405028 ], [ 32.434040935450284, 46.037928141988019 ], [ 32.439105391914069, 46.037414511326524 ], [ 32.439474240928497, 46.039178038643577 ], [ 32.444538714252417, 46.038664156506044 ], [ 32.444907752217141, 46.040427649540092 ], [ 32.452504435713969, 46.03965636659008 ], [ 32.452135165980977, 46.037892920744476 ], [ 32.454667247661391, 46.037635732150498 ], [ 32.456460549825621, 46.03385165127478 ], [ 32.461524231950555, 46.033337062064312 ], [ 32.46331695080837, 46.029552930762407 ], [ 32.468380117271607, 46.029038074632545 ], [ 32.468010479343889, 46.027274724749759 ], [ 32.473073353501007, 46.026759680229034 ], [ 32.472703595697496, 46.024996359004291 ], [ 32.480297416708581, 46.024223427254093 ], [ 32.479927461910769, 46.022460150461143 ], [ 32.487520740881834, 46.021686771393291 ], [ 32.487150589161899, 46.019923539055526 ], [ 32.507397196452004, 46.017858903532122 ], [ 32.50702646234005, 46.016095794630388 ], [ 32.517148627997202, 46.015062221693753 ], [ 32.517519670471764, 46.016825267371708 ], [ 32.537762957095751, 46.014755358890902 ], [ 32.538134650763844, 46.016518275090242 ], [ 32.553688313212234, 46.016726260724504 ], [ 32.554060538565274, 46.018489076065457 ], [ 32.559121059780026, 46.017970295878769 ], [ 32.559493473944308, 46.019733076607231 ], [ 32.569987164861416, 46.020457508291685 ], [ 32.573263161005869, 46.023723172745399 ], [ 32.578323812113219, 46.023203496916686 ], [ 32.578696904630064, 46.024966154920321 ], [ 32.581227255050415, 46.024706218760542 ], [ 32.581600459408747, 46.026468857973683 ], [ 32.584130852077948, 46.026208851013664 ], [ 32.584504168291275, 46.027971471430831 ], [ 32.587034603201381, 46.0277113936652 ], [ 32.587408031283218, 46.029473995280924 ], [ 32.589938508426279, 46.029213846704266 ], [ 32.590312048390146, 46.030976429513132 ], [ 32.592842567758211, 46.030716210120048 ], [ 32.593216219617602, 46.032478774116548 ], [ 32.595746781202728, 46.032218483901666 ], [ 32.596120544971164, 46.033981029080337 ], [ 32.601555670451759, 46.035222762518949 ], [ 32.602303680582679, 46.03874777466816 ], [ 32.607739387757505, 46.039989152321972 ], [ 32.611767663843843, 46.046778294498914 ], [ 32.614298709827722, 46.046517531408718 ], [ 32.613924204477783, 46.044755105070401 ], [ 32.618986037478315, 46.044233446021394 ], [ 32.619360697005476, 46.045995840460648 ], [ 32.639607247526065, 46.043906880061002 ], [ 32.639982558597886, 46.045669143856117 ], [ 32.655542272556865, 46.045862186570858 ], [ 32.655918115997025, 46.047624348580037 ], [ 32.66097944577141, 46.047100804651386 ], [ 32.661355478362772, 46.048862931724557 ], [ 32.666416821979524, 46.048339136187131 ], [ 32.666793043737066, 46.050101228307234 ], [ 32.687037630757182, 46.048003722262884 ], [ 32.687414503894978, 46.049765683218418 ], [ 32.702974301034473, 46.049952013941741 ], [ 32.703351706593367, 46.051713872696958 ], [ 32.71385098568166, 46.052424084181801 ], [ 32.717137114486682, 46.055684577950757 ], [ 32.722198059915073, 46.055158252443761 ], [ 32.722576145419168, 46.056919986865559 ], [ 32.72510664227142, 46.05665672570629 ], [ 32.725484840042121, 46.05841844108204 ], [ 32.728015378645232, 46.058155108950515 ], [ 32.728393688696002, 46.059916805274717 ], [ 32.730924269041942, 46.059653402165566 ], [ 32.734211848118321, 46.062913263545205 ], [ 32.739273140430825, 46.062386118502573 ], [ 32.738894451747036, 46.060624492517121 ], [ 32.741424967932964, 46.060360853789895 ], [ 32.741803733626909, 46.062122463660955 ], [ 32.762047207262299, 46.060011249509252 ], [ 32.762426624262112, 46.06177272737996 ], [ 32.775078030852342, 46.060451354726446 ], [ 32.775457868122174, 46.062212748868951 ], [ 32.791019183720373, 46.062386488648023 ], [ 32.791399553639998, 46.064147779812053 ], [ 32.79645990494636, 46.063618091505816 ], [ 32.796840464247936, 46.065379347317752 ], [ 32.801900827567017, 46.064849407238711 ], [ 32.802281576265294, 46.066610627681484 ], [ 32.807341951524357, 46.066080435818371 ], [ 32.806961048922915, 46.064319247773113 ], [ 32.814551114658052, 46.063523597260684 ], [ 32.814170016756677, 46.061762454844207 ], [ 32.834408013183321, 46.059638437278117 ], [ 32.834026335556551, 46.057877421649053 ], [ 32.836555848209372, 46.057611688992601 ], [ 32.836937602723616, 46.05937268838494 ], [ 32.874877172366133, 46.055379878355112 ], [ 32.874494265027167, 46.053619122896308 ], [ 32.879552114580292, 46.053085849323843 ], [ 32.879935175560121, 46.054846572203914 ], [ 32.882464123618057, 46.05457983695733 ], [ 32.882080985823912, 46.052819130371411 ], [ 32.907367733787403, 46.050148928575133 ], [ 32.907751639500859, 46.051909472044166 ], [ 32.927979077185142, 46.049769237483773 ], [ 32.928363632762789, 46.051529647193455 ], [ 32.943918218924239, 46.051682382399946 ], [ 32.9443033066391, 46.053442687841802 ], [ 32.954801656582291, 46.054129983479726 ], [ 32.958100995652906, 46.057382026760251 ], [ 32.963157628499154, 46.056845019926051 ], [ 32.963543396965669, 46.058605198459681 ], [ 32.966071736222077, 46.058336596538531 ], [ 32.966457617363695, 46.060096755616335 ], [ 32.968985997408716, 46.059828082553508 ], [ 32.969371991238802, 46.061588222169966 ], [ 32.971900412064244, 46.061319477960119 ], [ 32.972286518596185, 46.063079598109709 ], [ 32.974814980193848, 46.062810782747533 ], [ 32.975201199441024, 46.064570883424764 ], [ 32.97772970180273, 46.064301996904959 ], [ 32.978116033778512, 46.066062078104295 ], [ 32.980644576896033, 46.06579312042151 ], [ 32.983946162952094, 46.069044195513399 ], [ 32.989003376141106, 46.068505940722069 ], [ 32.989390123134278, 46.070265947017859 ], [ 32.991918752439155, 46.069996721071107 ], [ 32.992305612217031, 46.071756707862747 ], [ 32.994834282234109, 46.071487410730711 ], [ 32.998137050918551, 46.074737957456712 ], [ 33.003194517682203, 46.074199023675042 ], [ 33.003581792651957, 46.0759589354643 ], [ 33.011167952453711, 46.07515007483947 ], [ 33.011555493772029, 46.076909934166878 ], [ 33.019141558897253, 46.076100531466558 ], [ 33.019529366571334, 46.077860338297079 ], [ 33.02458671618767, 46.077320429846424 ], [ 33.024974713484205, 46.079080200633378 ], [ 33.032560697032544, 46.07826987797251 ], [ 33.032948960704829, 46.080029596203026 ], [ 33.040534848945406, 46.079218731444783 ], [ 33.040923379000589, 46.080978397083811 ], [ 33.048509171698733, 46.08016699022405 ], [ 33.048897968143905, 46.081926603236539 ], [ 33.059401297795887, 46.082603438987192 ], [ 33.062708372755679, 46.085851653918326 ], [ 33.065237023576664, 46.085580735760004 ], [ 33.064847658062909, 46.083821231201163 ], [ 33.072433162725908, 46.083008198012209 ], [ 33.072043603356015, 46.081248739991096 ], [ 33.079628551345152, 46.080435264010987 ], [ 33.079238798192279, 46.078675852550383 ], [ 33.099463114996496, 46.07650430885365 ], [ 33.099072784868035, 46.074745026847005 ], [ 33.109183764482552, 46.073658008781123 ], [ 33.109574401149075, 46.075417224434098 ], [ 33.129795226821621, 46.073240431121299 ], [ 33.130186512797891, 46.074999510793184 ], [ 33.137768951250855, 46.074182261432775 ], [ 33.138160503464313, 46.075941288102058 ], [ 33.145742843569785, 46.075123496896857 ], [ 33.14613466202718, 46.076882470528531 ], [ 33.156636405678825, 46.077550154385719 ], [ 33.1570286034829, 46.079309055157466 ], [ 33.159556060970061, 46.079036080196325 ], [ 33.15994837188348, 46.080794961175229 ], [ 33.165003330437571, 46.080248813960061 ], [ 33.16539583106136, 46.082007658473586 ], [ 33.167923332109147, 46.081734486213243 ], [ 33.168315945871406, 46.083493310918648 ], [ 33.170843486950332, 46.08322006732849 ], [ 33.171236213864368, 46.084978872220226 ], [ 33.173763794966092, 46.084705557295003 ], [ 33.174156635045215, 46.086464342367513 ], [ 33.176684256161415, 46.086190956101944 ], [ 33.179997936990553, 46.089435009155942 ], [ 33.185053302621782, 46.08888789657103 ], [ 33.185446558874567, 46.090646605457245 ], [ 33.190501931227523, 46.090099240837347 ], [ 33.190895377297956, 46.091857913175225 ], [ 33.201005988698086, 46.0907624612178 ], [ 33.197856995610941, 46.076693529011045 ], [ 33.200383944396464, 46.07641966310517 ], [ 33.200549732281679, 46.065594111623483 ], [ 33.203076148799425, 46.065320236754459 ], [ 33.20402856658216, 46.058011957327835 ], [ 33.208687052977041, 46.055705506386197 ], [ 33.207900059139639, 46.05218837305204 ], [ 33.210425794050039, 46.051914396829289 ], [ 33.21003227564637, 46.050155842150069 ], [ 33.212557897526658, 46.049881828075279 ], [ 33.212164339341093, 46.048123286961513 ], [ 33.214689848199633, 46.047849235042108 ], [ 33.214296250245418, 46.04609070749521 ], [ 33.216821646090516, 46.045816617738573 ], [ 33.216428008380944, 46.044058103759987 ], [ 33.218953291220963, 46.043783976173543 ], [ 33.218559613769251, 46.042025475764682 ], [ 33.221084783612518, 46.041751310355828 ], [ 33.220691066431961, 46.039992823518133 ], [ 33.22321612328679, 46.039718620294259 ], [ 33.222822366390631, 46.037960147029139 ], [ 33.225347310265363, 46.037685905997662 ], [ 33.227084508282232, 46.033894721359225 ], [ 33.232133907516321, 46.033346033586461 ], [ 33.233870531654397, 46.029554806637613 ], [ 33.238919405773387, 46.029005858724176 ], [ 33.238525297925122, 46.027247486831818 ], [ 33.243573872835292, 46.026698354383349 ], [ 33.243179649103084, 46.02494001282745 ], [ 33.250752007626936, 46.024115955669828 ], [ 33.250357591799499, 46.022357661218741 ], [ 33.257929391406428, 46.021533163929142 ], [ 33.2575347835568, 46.019774916605449 ], [ 33.277724024034441, 46.017573994340466 ], [ 33.277328843238216, 46.015815878096049 ], [ 33.287422276911222, 46.01471417699274 ], [ 33.287817762430258, 46.01647222603691 ], [ 33.308003473422609, 46.014266075763274 ], [ 33.308399605018124, 46.016023987065132 ], [ 33.315968867519878, 46.01519573192693 ], [ 33.316365264388494, 46.016953589522899 ], [ 33.326457402908225, 46.015848419873365 ], [ 33.326060701514969, 46.014090629675167 ], [ 33.328583567825639, 46.013814218042853 ], [ 33.328186827200113, 46.012056441502963 ], [ 33.33070958051244, 46.011779992306565 ], [ 33.330312800667841, 46.010022229426433 ], [ 33.332835440990216, 46.009745742673346 ], [ 33.334564291037317, 46.005953733595582 ], [ 33.339609082874453, 46.005400555504487 ], [ 33.341337361242175, 46.001608505346894 ], [ 33.346381627419738, 46.001055068361268 ], [ 33.345984499591175, 45.999297407548426 ], [ 33.351028466035231, 45.99874378677216 ], [ 33.35063122306213, 45.996986156512271 ], [ 33.358196667721394, 45.996155368161595 ], [ 33.357799233635717, 45.994397785352419 ], [ 33.365364117834694, 45.993566558350587 ], [ 33.364966492709456, 45.99180902301454 ], [ 33.385137282940228, 45.989590161228946 ], [ 33.384739087068318, 45.98783275796437 ], [ 33.387260193452718, 45.987555172608445 ], [ 33.387658465268053, 45.989312558948413 ], [ 33.407826590942229, 45.987089784678851 ], [ 33.408225507217317, 45.988847032278784 ], [ 33.415788170700914, 45.988012544685212 ], [ 33.416187351787379, 45.989769738180541 ], [ 33.423749909189624, 45.988934710815634 ], [ 33.424149355093171, 45.990691850171551 ], [ 33.434632335568537, 45.991334720222632 ], [ 33.435032159334838, 45.99309178517732 ], [ 33.437553016746584, 45.992813065882402 ], [ 33.437952953566004, 45.994570110604585 ], [ 33.44299470870569, 45.994012475083586 ], [ 33.446315971069453, 45.997247553575953 ], [ 33.4538786687447, 45.996410427977743 ], [ 33.454279172506631, 45.998167360940911 ], [ 33.461841762969065, 45.997329695488403 ], [ 33.462242531630132, 45.999086574141458 ], [ 33.469805014646376, 45.998248368832705 ], [ 33.470206048212141, 46.000005193140765 ], [ 33.475247669041622, 45.999446084000091 ], [ 33.475648891638691, 46.001202870972222 ], [ 33.486133552839959, 46.001840648388765 ], [ 33.489457700386488, 46.005074148172596 ], [ 33.494499406075235, 46.004514142360215 ], [ 33.494901309057326, 46.006270796888153 ], [ 33.497422181775363, 46.005990695459694 ], [ 33.497824197980471, 46.007747329647948 ], [ 33.500345109228782, 46.007467156843489 ], [ 33.500747238670009, 46.009223770686482 ], [ 33.503268188440131, 46.008943526500865 ], [ 33.50367043113058, 46.010700119993047 ], [ 33.506191419414023, 46.010419804421097 ], [ 33.506593775366817, 46.012176377556898 ], [ 33.509114802155104, 46.011895990593402 ], [ 33.509517271383345, 46.013652543367257 ], [ 33.514962022957313, 46.014848087651323 ], [ 33.515767452010707, 46.018361108439585 ], [ 33.521212773344722, 46.019556288859093 ], [ 33.522018730585479, 46.023069221556391 ], [ 33.52454010158295, 46.02278844333906 ], [ 33.525346360448673, 46.026301328686735 ], [ 33.527867845822875, 46.026020461923416 ], [ 33.532809880811399, 46.036277912625373 ], [ 33.535331746838729, 46.035996834472066 ], [ 33.538561904287889, 46.050047675678833 ], [ 33.541084340603035, 46.049766406106038 ], [ 33.54229649698636, 46.05503536583722 ], [ 33.539773832639938, 46.055316686833834 ], [ 33.541390262881713, 46.062341988946088 ], [ 33.543913231361728, 46.062060599369673 ], [ 33.544317508888355, 46.063816899516745 ], [ 33.546840515836529, 46.063535438409069 ], [ 33.547244906996909, 46.065291718109272 ], [ 33.552695541070861, 46.066484840527245 ], [ 33.553504815619604, 46.069997314807416 ], [ 33.558956020542176, 46.071190072483063 ], [ 33.563099283704886, 46.077932943347705 ], [ 33.568146177628947, 46.07736900507529 ], [ 33.567740952996175, 46.075612871965838 ], [ 33.570264267382036, 46.075330838421884 ], [ 33.569859004353752, 46.073574719190468 ], [ 33.572382205005084, 46.07329264844455 ], [ 33.571976903594411, 46.071536543092499 ], [ 33.574499990519762, 46.071254435152035 ], [ 33.574094650739859, 46.069498343680742 ], [ 33.576617623947762, 46.069216198553093 ], [ 33.57832968883173, 46.065421874950815 ], [ 33.583375142742852, 46.064857381628187 ], [ 33.585086637226667, 46.061063019268111 ], [ 33.590131560994962, 46.060498268608335 ], [ 33.58972587760249, 46.058742280968488 ], [ 33.594770498608632, 46.05817734733661 ], [ 33.594364700982965, 46.056421390800253 ], [ 33.601931121762135, 46.055573634454092 ], [ 33.601525133997413, 46.053817726248568 ], [ 33.60656907400962, 46.053252318140011 ], [ 33.603321315049605, 46.039205208551131 ], [ 33.600799971163916, 46.039487802006526 ], [ 33.59998856028578, 46.035975956992317 ], [ 33.602509752423131, 46.035693397966774 ], [ 33.599265009344776, 46.021646022962962 ], [ 33.601785557090352, 46.02136354734769 ], [ 33.600569172540553, 46.016095778641798 ], [ 33.60308945522867, 46.015813300392054 ], [ 33.601873182230733, 46.010545553475339 ], [ 33.604393199939274, 46.010263072602562 ], [ 33.605291403723484, 46.002956966192507 ], [ 33.609925143533154, 46.000636004270632 ], [ 33.609114253696369, 45.997124260939358 ], [ 33.611633590686054, 45.996841683633946 ], [ 33.611228126538137, 45.995085824206534 ], [ 33.613747350184568, 45.994803209906188 ], [ 33.613341847996175, 45.993047364376785 ], [ 33.615860958307877, 45.992764713088832 ], [ 33.615455418092054, 45.991008881458804 ], [ 33.617974415077569, 45.990726193190632 ], [ 33.617568836847354, 45.988970375461335 ], [ 33.620087720515201, 45.988687650220278 ], [ 33.61968210428364, 45.986931846393063 ], [ 33.622200874642367, 45.98664908418651 ], [ 33.621795220422506, 45.984893294262768 ], [ 33.624313877480638, 45.984610495098075 ], [ 33.62390818528548, 45.982854719079114 ], [ 33.626426729051566, 45.982571882963619 ], [ 33.628133661270098, 45.978777499586698 ], [ 33.633170258014687, 45.978211625433055 ], [ 33.634876623093156, 45.974417204140437 ], [ 33.639912691427938, 45.973851073993224 ], [ 33.639506658407328, 45.972095401999965 ], [ 33.644542424862564, 45.971529089751527 ], [ 33.644136278411317, 45.969773448922723 ], [ 33.651689418712458, 45.968923626256633 ], [ 33.650470525694985, 45.963656839061692 ], [ 33.652987937138356, 45.963373508346628 ], [ 33.653880043954359, 45.956067831997032 ], [ 33.65850770092149, 45.953745491379124 ], [ 33.657695067163814, 45.950234387998094 ], [ 33.66232208274085, 45.947911959086859 ], [ 33.661103075263277, 45.942645372584622 ], [ 33.663619430382035, 45.942361907140857 ], [ 33.66240053590051, 45.937095342421671 ], [ 33.66491662710898, 45.93681187469948 ], [ 33.665807412518831, 45.929506358056578 ], [ 33.670432429962872, 45.927183817946464 ], [ 33.669619795981127, 45.92367286290073 ], [ 33.67213520890197, 45.923389299850136 ], [ 33.671728873106062, 45.921633834591823 ], [ 33.674244173014849, 45.921350234781237 ], [ 33.673837799584199, 45.919594783456667 ], [ 33.676352986489455, 45.919311146893442 ], [ 33.675946575437031, 45.917555709503972 ], [ 33.678461649347263, 45.91727203619547 ], [ 33.680163675352603, 45.91347749318075 ], [ 33.675133866391086, 45.914044824712832 ], [ 33.674727568389052, 45.912289377311851 ], [ 33.672212682674093, 45.912572944793759 ], [ 33.671806497628403, 45.910817476788601 ], [ 33.669291649530606, 45.91110097299584 ], [ 33.668885577428291, 45.909345484392063 ], [ 33.666370766956177, 45.909628909329811 ], [ 33.665964807784277, 45.907873400132978 ], [ 33.663450034946372, 45.908156753806331 ], [ 33.663044188691941, 45.906401224021984 ], [ 33.660529453496721, 45.906684506436093 ], [ 33.660123720146814, 45.904928956069817 ], [ 33.654688742260184, 45.90373973619802 ], [ 33.653877764700596, 45.900228549844392 ], [ 33.651363217750344, 45.900511601272861 ], [ 33.650957860625404, 45.898755985868824 ], [ 33.635870241424378, 45.900453056999503 ], [ 33.636275146903984, 45.902208775763057 ], [ 33.633760336965921, 45.902491449144549 ], [ 33.633355506775374, 45.900735713165297 ], [ 33.613236278704719, 45.902995017871049 ], [ 33.612832088467165, 45.901239140969238 ], [ 33.602771875828708, 45.902367427956875 ], [ 33.602368024357098, 45.900611479022693 ], [ 33.594822697558236, 45.90145707539444 ], [ 33.594419109526768, 45.899701071649169 ], [ 33.586873671848721, 45.900546130198038 ], [ 33.58647034725233, 45.898790071676366 ], [ 33.576006555553811, 45.898159860820563 ], [ 33.575603607112882, 45.89640372712244 ], [ 33.573088462878026, 45.896685037621133 ], [ 33.57268562714961, 45.89492888349379 ], [ 33.567655377286286, 45.895491308096283 ], [ 33.56725272960044, 45.893735116415932 ], [ 33.564737623991149, 45.894016230525821 ], [ 33.561417599057961, 45.890784828873549 ], [ 33.556387502572349, 45.891346718401572 ], [ 33.554676828248411, 45.895140146512695 ], [ 33.549646206484645, 45.895701780204497 ], [ 33.547934966527599, 45.899495169892724 ], [ 33.542903819449393, 45.900056547643182 ], [ 33.543305788042694, 45.901812903888001 ], [ 33.538274341007316, 45.902374099554983 ], [ 33.538676196069787, 45.904130486713719 ], [ 33.531128519681403, 45.904971925904874 ], [ 33.531530185742071, 45.906728361055563 ], [ 33.523981947664957, 45.907569364717794 ], [ 33.524383424651077, 45.909325847838254 ], [ 33.504252547596167, 45.911566280442976 ], [ 33.504653458018822, 45.913322896814378 ], [ 33.499620215631062, 45.913882497954248 ], [ 33.499219456204358, 45.912125847483395 ], [ 33.479085603687793, 45.914361950689468 ], [ 33.478685485547771, 45.912605160692607 ], [ 33.47113490456023, 45.913442755150676 ], [ 33.470735050137918, 45.911685910856484 ], [ 33.4631843617776, 45.912522967038726 ], [ 33.462784771067462, 45.910766068481927 ], [ 33.452317718143476, 45.910124347630649 ], [ 33.449002510005442, 45.906889024275266 ], [ 33.443968766130816, 45.907446113676201 ], [ 33.443569852437598, 45.905689083245342 ], [ 33.441053000506841, 45.905967529756445 ], [ 33.440654199374407, 45.904210479117133 ], [ 33.438137385974187, 45.904488854515776 ], [ 33.437738697389506, 45.902731783673566 ], [ 33.435221922528193, 45.903010087964915 ], [ 33.434823346478204, 45.901252996925336 ], [ 33.432306610164169, 45.901531230114557 ], [ 33.431908146635841, 45.899774118883165 ], [ 33.42939144887746, 45.90005228097543 ], [ 33.428993097857742, 45.898295149557747 ], [ 33.426476438663379, 45.89857324055825 ], [ 33.426078200139209, 45.896816088959781 ], [ 33.420646871434379, 45.895614885932467 ], [ 33.419850881224825, 45.892100498819218 ], [ 33.414420119767307, 45.890898934056743 ], [ 33.413624653158593, 45.88738445985345 ], [ 33.411108337937087, 45.887662161615012 ], [ 33.410313169949845, 45.884147640665809 ], [ 33.407796968839342, 45.884425254451877 ], [ 33.406604719989936, 45.879153398105267 ], [ 33.404088708473694, 45.879430907013429 ], [ 33.402897017883966, 45.874158970947924 ], [ 33.400381195934834, 45.874436375004201 ], [ 33.397205579081628, 45.860377602042007 ], [ 33.394690323851457, 45.860654816765532 ], [ 33.393103700678992, 45.853625285558543 ], [ 33.395618654283254, 45.853348138421886 ], [ 33.393635826156107, 45.844561236620819 ], [ 33.391121249437745, 45.844838299297088 ], [ 33.390724869511146, 45.843080892414392 ], [ 33.385695756503637, 45.843634821820885 ], [ 33.382388947442273, 45.840396780755569 ], [ 33.377359915413557, 45.840950318305033 ], [ 33.376964022519999, 45.839192817412624 ], [ 33.374449526780403, 45.839469488231877 ], [ 33.374053745962556, 45.837711967270096 ], [ 33.371539288870977, 45.837988567167777 ], [ 33.371143620115831, 45.836231026142173 ], [ 33.368629201680534, 45.836507555123461 ], [ 33.368233644975071, 45.834749994039548 ], [ 33.365719265204362, 45.835026452109631 ], [ 33.365323820535558, 45.833268870972873 ], [ 33.362809479437736, 45.833545258136951 ], [ 33.359504623741344, 45.830306351990259 ], [ 33.354476059638216, 45.830858788672842 ], [ 33.354081026347735, 45.829101130572681 ], [ 33.349052466381075, 45.829653317370322 ], [ 33.345748626856057, 45.826413902927086 ], [ 33.340720148579905, 45.826965698094874 ], [ 33.340325601888139, 45.825207946289638 ], [ 33.337811383202684, 45.825483745974843 ], [ 33.337416948449317, 45.823725974167822 ], [ 33.334902768526661, 45.824001702986351 ], [ 33.33450844569866, 45.822243911183008 ], [ 33.331994304547059, 45.822519569140027 ], [ 33.331600093631401, 45.820761757345942 ], [ 33.329085991259134, 45.82103734444663 ], [ 33.328691892242787, 45.819279512667244 ], [ 33.326177828658111, 45.819555028916795 ], [ 33.325783841528057, 45.817797177157644 ], [ 33.320361955497731, 45.816590125390611 ], [ 33.31957446522329, 45.81307433880901 ], [ 33.317060593379523, 45.813349625750149 ], [ 33.313759642094901, 45.810108992225992 ], [ 33.306218150044046, 45.810934265978645 ], [ 33.30661142727795, 45.812692251100309 ], [ 33.286498574639332, 45.814890736969261 ], [ 33.286891285494036, 45.816648852987022 ], [ 33.281862557191737, 45.8171979673183 ], [ 33.281469997092465, 45.815439817814998 ], [ 33.261354230920894, 45.817633978209507 ], [ 33.260962310368399, 45.815875691736267 ], [ 33.245482979228782, 45.815760550356416 ], [ 33.245091583829804, 45.81400215736538 ], [ 33.240062295122115, 45.814549407342469 ], [ 33.239671086866871, 45.812790977828342 ], [ 33.229612375671344, 45.813884761914643 ], [ 33.229221505400567, 45.812126262544425 ], [ 33.213742422042138, 45.812006613186902 ], [ 33.213352076874024, 45.810248007576121 ], [ 33.202902814149432, 45.809580752355281 ], [ 33.199608230316713, 45.806336062182091 ], [ 33.194578765757164, 45.806881239562721 ], [ 33.194189093438879, 45.805122504972168 ], [ 33.19167438236893, 45.80539499587816 ], [ 33.191284821643663, 45.803636241541071 ], [ 33.188770149873093, 45.803908661720889 ], [ 33.188380700727762, 45.802149887642777 ], [ 33.18586606826473, 45.802422237101638 ], [ 33.185476730686297, 45.800663443287995 ], [ 33.182962137538979, 45.800935722031106 ], [ 33.182572911514356, 45.799176908487389 ], [ 33.180058357690903, 45.799449116519988 ], [ 33.179669243207009, 45.79769028325169 ], [ 33.177154728715614, 45.797962420578969 ], [ 33.176765725759402, 45.796203567591562 ], [ 33.171347923363754, 45.794988757450056 ], [ 33.170570399550812, 45.791470969518159 ], [ 33.165153164467867, 45.790255800920832 ], [ 33.164376158649326, 45.786737927970513 ], [ 33.161861991766642, 45.787009678688797 ], [ 33.161085280899449, 45.78349176014094 ], [ 33.158571228793619, 45.783763423618808 ], [ 33.157406658819632, 45.778486472765458 ], [ 33.15489279687263, 45.778758032448934 ], [ 33.153728777055093, 45.77348100393651 ], [ 33.151215105239075, 45.773752459851423 ], [ 33.148500845713151, 45.761439168765619 ], [ 33.145987665351946, 45.761710454723179 ], [ 33.145600133148065, 45.759951384180013 ], [ 33.14057381525496, 45.760493760846536 ], [ 33.140186469633555, 45.758734654112367 ], [ 33.13516015869066, 45.759276781491771 ], [ 33.134772999637775, 45.757517638583508 ], [ 33.129746695716712, 45.758059516686373 ], [ 33.126459731460145, 45.754811980382179 ], [ 33.121433513534427, 45.755353468069949 ], [ 33.121046838773914, 45.753594233255491 ], [ 33.118533751339562, 45.753864879504526 ], [ 33.118147187763142, 45.752105625086827 ], [ 33.115634139801216, 45.752376200772254 ], [ 33.115247687395865, 45.750616926756791 ], [ 33.112734678914492, 45.750887431883839 ], [ 33.1123483376671, 45.749128138276077 ], [ 33.109835368674361, 45.749398572849969 ], [ 33.109449138571904, 45.747639259655365 ], [ 33.106936209075904, 45.747909623681309 ], [ 33.10655009010533, 45.746150290905341 ], [ 33.104037200114128, 45.746420584388574 ], [ 33.100752445038097, 45.743172083060053 ], [ 33.098239634080791, 45.743442235473502 ], [ 33.09862545551465, 45.745201623881563 ], [ 33.091086582024765, 45.746011806279213 ], [ 33.091472213263003, 45.74777124104903 ], [ 33.071366374649678, 45.749929480586943 ], [ 33.071751438813045, 45.751689043993281 ], [ 33.069237972818556, 45.751958597072488 ], [ 33.068852984028844, 45.750199017216083 ], [ 33.048744574042459, 45.752353363325483 ], [ 33.048360224045105, 45.750593648922084 ], [ 33.032894009318163, 45.750447222250415 ], [ 33.032510183026851, 45.748687403262927 ], [ 33.022071683124807, 45.7480018953095 ], [ 33.018791196358812, 45.744750521435122 ], [ 33.013763858813398, 45.745287180154264 ], [ 33.013380702726714, 45.743527234251772 ], [ 33.010867056044091, 45.743795466087576 ], [ 33.010484010911952, 45.742035500767507 ], [ 33.007970404105073, 45.742303662134091 ], [ 33.007587469914398, 45.740543677401881 ], [ 33.005073902991292, 45.740811768304468 ], [ 33.004691079728985, 45.739051764165595 ], [ 33.002177552697695, 45.739319784609449 ], [ 33.001794840350662, 45.737559761069342 ], [ 32.999281353219168, 45.73782771105968 ], [ 32.998898751774313, 45.736067668123795 ], [ 32.993489406687132, 45.734843294438768 ], [ 32.992724682798389, 45.73132312798095 ], [ 32.98731590538754, 45.730098398062673 ], [ 32.986551695798461, 45.72657814803491 ], [ 32.984038559053865, 45.726845713166306 ], [ 32.98327464197282, 45.723325418342903 ], [ 32.980761620542459, 45.723592896731084 ], [ 32.979616236689218, 45.718312382783687 ], [ 32.977103405925234, 45.718579758119866 ], [ 32.975958566777237, 45.713299167948861 ], [ 32.973445926651266, 45.713566440258823 ], [ 32.971157655681985, 45.703005080315535 ], [ 32.968645432099962, 45.703272200697775 ], [ 32.968264252685103, 45.701511947147289 ], [ 32.965752069052428, 45.701778997178195 ], [ 32.965371000282374, 45.70001872430192 ], [ 32.962858856607035, 45.700285703986701 ], [ 32.962477898468713, 45.698525411790087 ], [ 32.957072883502221, 45.697298848630794 ], [ 32.956311444980969, 45.693778183971148 ], [ 32.950906997002569, 45.692551265291812 ], [ 32.950146071371861, 45.689030517399637 ], [ 32.947634278157174, 45.689297112877277 ], [ 32.946873644166331, 45.685776320376036 ], [ 32.94436196621654, 45.686042829275287 ], [ 32.943221505451149, 45.680761569117777 ], [ 32.940710018011799, 45.68102797518722 ], [ 32.939570100159209, 45.675746639139483 ], [ 32.937058803201872, 45.676012942404867 ], [ 32.934021173568233, 45.661929117192706 ], [ 32.931510443056375, 45.662195236426065 ], [ 32.931130972919348, 45.660434728498288 ], [ 32.93364162825241, 45.660168625512703 ], [ 32.932882643169371, 45.656647633137055 ], [ 32.925351022681497, 45.657445682668921 ], [ 32.924971808395838, 45.655685133248845 ], [ 32.917440097023096, 45.656482648212268 ], [ 32.91706114339577, 45.654722047096989 ], [ 32.914550577839705, 45.654987761218528 ], [ 32.914929456290572, 45.656748378558774 ], [ 32.907397323359582, 45.657545245645977 ], [ 32.907776011364298, 45.659305908647738 ], [ 32.900243336861976, 45.660102338394786 ], [ 32.900621834349643, 45.661863047035354 ], [ 32.880532556954513, 45.663984612834739 ], [ 32.880910487636392, 45.665745448042358 ], [ 32.878399094944378, 45.666010416855492 ], [ 32.878021239517935, 45.664249565467138 ], [ 32.857929439262179, 45.666367241374608 ], [ 32.857552221005633, 45.664606257678145 ], [ 32.842105621514015, 45.664431064453318 ], [ 32.841728924901176, 45.662669977957258 ], [ 32.83670565719143, 45.663198111142748 ], [ 32.836329146092496, 45.661436989421986 ], [ 32.825906317895601, 45.660731353544293 ], [ 32.822642547905971, 45.657472671204403 ], [ 32.815107764775071, 45.658263461495423 ], [ 32.814731995587863, 45.656502199044063 ], [ 32.804309998280942, 45.655794435219505 ], [ 32.801047734258738, 45.652534974939776 ], [ 32.796024625454606, 45.653061228994225 ], [ 32.795649522645675, 45.651299842149527 ], [ 32.793137991358051, 45.651562872027114 ], [ 32.792762998631751, 45.649801466165847 ], [ 32.790251507864767, 45.650064425925528 ], [ 32.789876625207981, 45.648303001053108 ], [ 32.78736517496948, 45.648565890700176 ], [ 32.786990402369085, 45.646804446821982 ], [ 32.784478992666926, 45.647067266361731 ], [ 32.784104330109841, 45.64530580348319 ], [ 32.781592960951855, 45.645568552920864 ], [ 32.781218408424969, 45.643807071047348 ], [ 32.778707079819, 45.644069750388255 ], [ 32.778332637309205, 45.6423082495252 ], [ 32.775821349263083, 45.642570858774619 ], [ 32.775447016757269, 45.640809338927376 ], [ 32.772935769278853, 45.6410718780906 ], [ 32.77256154676391, 45.639310339264576 ], [ 32.770050339861022, 45.63957280834687 ], [ 32.769676227323856, 45.637811250547486 ], [ 32.76427993270346, 45.63657440172301 ], [ 32.763532182132636, 45.633051207327775 ], [ 32.75813645499106, 45.631814005349597 ], [ 32.757389213423245, 45.628290729273552 ], [ 32.754878360033075, 45.628552816004252 ], [ 32.754131407525954, 45.625029496176957 ], [ 32.751620669999376, 45.625291496859198 ], [ 32.750874006477105, 45.621768133297081 ], [ 32.748363384810048, 45.622030047945344 ], [ 32.747617010196819, 45.618506640664855 ], [ 32.745106504385248, 45.618768469293663 ], [ 32.743987427594469, 45.613483288430778 ], [ 32.741477112846617, 45.613745015063422 ], [ 32.740358572881981, 45.60845975990118 ], [ 32.737848449168858, 45.608721384563303 ], [ 32.734867797740428, 45.594627114321852 ], [ 32.732358240838678, 45.594888557158285 ], [ 32.731985889955112, 45.593126744259195 ], [ 32.734495371715376, 45.592865317396033 ], [ 32.733006012787563, 45.585818100492915 ], [ 32.73049683152788, 45.586079463472721 ], [ 32.730869044376419, 45.587841288047287 ], [ 32.728359753498488, 45.588102613027608 ], [ 32.727987615769173, 45.586340772486793 ], [ 32.725478365517951, 45.586602027533189 ], [ 32.72585042812414, 45.588363884037072 ], [ 32.72334106825997, 45.588625101073696 ], [ 32.722969080780771, 45.586863228609879 ], [ 32.70289356217372, 45.588950894076099 ], [ 32.702522210277465, 45.587188891138744 ], [ 32.694993548050967, 45.587970827165982 ], [ 32.694622456036129, 45.586208773541991 ], [ 32.687093709670748, 45.586990175904845 ], [ 32.686722877529071, 45.585228071628656 ], [ 32.676313871331359, 45.58450695111901 ], [ 32.675943408571314, 45.582744777429063 ], [ 32.673433845749628, 45.583004873218705 ], [ 32.673063492493235, 45.58124268073815 ], [ 32.668044414183839, 45.581762678555627 ], [ 32.667674245580621, 45.580000451402846 ], [ 32.665164730111066, 45.580260353437126 ], [ 32.661915246701824, 45.576995674971016 ], [ 32.656896344912795, 45.577515145567553 ], [ 32.656526579853029, 45.575752846232135 ], [ 32.651507691268819, 45.57627206912381 ], [ 32.648259219223313, 45.573006897062747 ], [ 32.643240425739037, 45.573525732563247 ], [ 32.642871139250701, 45.571763345268572 ], [ 32.640361766312388, 45.57202266618026 ], [ 32.639992589212184, 45.570260260154363 ], [ 32.637483257206959, 45.570519511228433 ], [ 32.637114189481757, 45.56875708647673 ], [ 32.634604898417351, 45.569016267718467 ], [ 32.634235940054047, 45.567253824246286 ], [ 32.631726689938169, 45.567512935661 ], [ 32.631357840923705, 45.56575047347372 ], [ 32.628848631764036, 45.56600951506671 ], [ 32.628479892085274, 45.564247034169682 ], [ 32.623092966309329, 45.563002408310304 ], [ 32.622355958375913, 45.559477368835751 ], [ 32.61696959954309, 45.558232391852222 ], [ 32.616233097022615, 45.554707271874008 ], [ 32.613724243015362, 45.55496593281552 ], [ 32.612988027249962, 45.551440769736033 ], [ 32.610479289355048, 45.551699345090235 ], [ 32.609375446882652, 45.546411531541786 ], [ 32.606866900195321, 45.546670005523566 ], [ 32.605763589873895, 45.541382118775921 ], [ 32.603255234364859, 45.541640491410867 ], [ 32.600315173224878, 45.527539207706859 ], [ 32.59780738410624, 45.527797400097292 ], [ 32.597440104729664, 45.526034710969135 ], [ 32.599947818819636, 45.525776534360482 ], [ 32.597377290886733, 45.513437740815249 ], [ 32.594870101814351, 45.513695806978191 ], [ 32.593402276949128, 45.506644941791734 ], [ 32.590895353751712, 45.506902890969194 ], [ 32.587961934807623, 45.492800897322866 ], [ 32.585455577105598, 45.493058666518323 ], [ 32.585089127477097, 45.491295888706986 ], [ 32.58759541027348, 45.491038135267857 ], [ 32.584664435892115, 45.476935936092232 ], [ 32.587170085758615, 45.476678254826588 ], [ 32.587477997753126, 45.465843939540584 ], [ 32.589983130845496, 45.465586245123596 ], [ 32.591023174030518, 45.458277512397366 ], [ 32.593527940167647, 45.45801977337107 ], [ 32.593161686186171, 45.456257035868774 ], [ 32.595666343650194, 45.455999258797753 ], [ 32.594933787916631, 45.45247380674332 ], [ 32.597438261973167, 45.452216007393233 ], [ 32.595973258484705, 45.445165132060133 ], [ 32.593469083331122, 45.445422868386295 ], [ 32.592370910793363, 45.440134634660289 ], [ 32.589866925865962, 45.440392269960043 ], [ 32.588403468891315, 45.433341188744201 ], [ 32.585899748838926, 45.433598707301428 ], [ 32.586265487603619, 45.435361497622928 ], [ 32.578753900288838, 45.436133777933968 ], [ 32.579119448835321, 45.437896612614779 ], [ 32.571607332861262, 45.438668456187138 ], [ 32.571972691120088, 45.44043133520438 ], [ 32.564460046574531, 45.441202741931619 ], [ 32.564825214476208, 45.442965665262442 ], [ 32.549798564293987, 45.444507120651636 ], [ 32.550163317497208, 45.446270135377233 ], [ 32.530125294707538, 45.448322521737587 ], [ 32.530489483409134, 45.450085659106939 ], [ 32.527984503933865, 45.450341980901605 ], [ 32.527620390034031, 45.448578827861446 ], [ 32.50757993937782, 45.450627339085841 ], [ 32.507216457693261, 45.448864057972123 ], [ 32.499700957545933, 45.449631314494873 ], [ 32.499337734002211, 45.447867983648898 ], [ 32.491822155594718, 45.448634708722864 ], [ 32.491459190182923, 45.446871328178929 ], [ 32.483943533739996, 45.447637521811302 ], [ 32.483580826451181, 45.445874091603741 ], [ 32.473197405968499, 45.445131371403065 ], [ 32.469967637065317, 45.441859384510245 ], [ 32.464957294569992, 45.442369247779851 ], [ 32.464595245425336, 45.440605697151845 ], [ 32.462090098717461, 45.440860532432886 ], [ 32.461728157940541, 45.439096963418443 ], [ 32.459223052550236, 45.439351729273483 ], [ 32.458861220128, 45.437588141877931 ], [ 32.456356156062817, 45.437842838312307 ], [ 32.455994431982198, 45.436079232540955 ], [ 32.45348940924967, 45.436333859559944 ], [ 32.453127793497586, 45.434570235418114 ], [ 32.450622812105259, 45.434824793027047 ], [ 32.450261304668643, 45.433061150520039 ], [ 32.444890066800482, 45.431806396662175 ], [ 32.444167518568968, 45.428279035425021 ], [ 32.438796845798926, 45.427023933388135 ], [ 32.438074797497244, 45.423496493183592 ], [ 32.435570172537446, 45.42375067272954 ], [ 32.434848407548536, 45.420223190270846 ], [ 32.432343898765275, 45.42047728490612 ], [ 32.431261726243719, 45.415185993678222 ], [ 32.428757408413396, 45.415439987882486 ], [ 32.427675760779437, 45.410148624963036 ], [ 32.425171633872353, 45.410402518761735 ], [ 32.422289306531781, 45.396291970868006 ], [ 32.419785744166802, 45.396545686686608 ], [ 32.419425678046366, 45.39478184015541 ], [ 32.421929165701201, 45.394528139854003 ], [ 32.419049238988329, 45.380417391579485 ], [ 32.421552095886447, 45.38016376162647 ], [ 32.4204724491672, 45.374872231666735 ], [ 32.422975048836079, 45.374618594502692 ], [ 32.42189547801275, 45.369327086049161 ], [ 32.424397820526956, 45.369073441686432 ], [ 32.425460571446997, 45.361764484158051 ], [ 32.427962549004206, 45.361510794405831 ], [ 32.427602668121374, 45.35974698810714 ], [ 32.430104537809228, 45.359493260158999 ], [ 32.429384726836453, 45.355965670248423 ], [ 32.43188641411524, 45.355711919631119 ], [ 32.431526484041044, 45.353948136020108 ], [ 32.43616956377241, 45.351676749381646 ], [ 32.435449572051006, 45.348149230327365 ], [ 32.43795086130973, 45.347895380719642 ], [ 32.439011937512014, 45.340586530104531 ], [ 32.443653642964598, 45.338314973991629 ], [ 32.442933521688694, 45.334787540154707 ], [ 32.445434156378049, 45.334533584566636 ], [ 32.445074071256521, 45.332769878998853 ], [ 32.447574598194947, 45.332515885291379 ], [ 32.447214471948378, 45.330752192469113 ], [ 32.449714891143351, 45.330498160649512 ], [ 32.449354723784758, 45.328734480574312 ], [ 32.451855035243739, 45.328480410649824 ], [ 32.451494826786075, 45.326716743323225 ], [ 32.453995030516566, 45.326462635301141 ], [ 32.453634780972806, 45.324698980724705 ], [ 32.45613487698224, 45.324444834612265 ], [ 32.457914242984238, 45.320663379520553 ], [ 32.462913970832915, 45.320154881360565 ], [ 32.464692775182506, 45.316373378631241 ], [ 32.469692005566976, 45.315864621009176 ], [ 32.469331402096351, 45.314101061316343 ], [ 32.47433035040762, 45.313592120402802 ], [ 32.473969631619468, 45.311828589035564 ], [ 32.481467580914781, 45.311064822400844 ], [ 32.481106672534231, 45.30930133493851 ], [ 32.488604098548272, 45.308537132745606 ], [ 32.488243000644111, 45.306773689211042 ], [ 32.508234072832678, 45.304733584121927 ], [ 32.507872414146803, 45.302970262521022 ], [ 32.517866850944529, 45.301948986916535 ], [ 32.518228806624457, 45.30371224607461 ], [ 32.538216667533931, 45.301666999592385 ], [ 32.538579250537509, 45.303430130894085 ], [ 32.553932245787436, 45.303656888077327 ], [ 32.554295341148013, 45.305419919811982 ], [ 32.564651978372382, 45.306157505168898 ], [ 32.567877372185087, 45.309426903047068 ], [ 32.572874154385879, 45.308913690290289 ], [ 32.573237903574665, 45.310676600967362 ], [ 32.575736318450808, 45.310419898601388 ], [ 32.576100175477258, 45.312182790752075 ], [ 32.578598630929378, 45.311926019159436 ], [ 32.578962595806424, 45.313688892778451 ], [ 32.581461091826981, 45.313432051953924 ], [ 32.581825164567519, 45.315194907035945 ], [ 32.584323701148982, 45.31493799697423 ], [ 32.584687881765923, 45.316700833513963 ], [ 32.587186458900767, 45.316443854209822 ], [ 32.587550747407022, 45.318206672201988 ], [ 32.590049365087687, 45.317949623650122 ], [ 32.59041376149618, 45.319712423089364 ], [ 32.595775622788459, 45.320960899102559 ], [ 32.596504880999433, 45.324486420893365 ], [ 32.601867302440809, 45.325734548421643 ], [ 32.60259705992182, 45.329259990230319 ], [ 32.605096028702434, 45.329002563894754 ], [ 32.605826069635619, 45.33252796284404 ], [ 32.611189422568309, 45.333775550285957 ], [ 32.615150026050415, 45.34056847944337 ], [ 32.619783121865879, 45.338290319279679 ], [ 32.61868659207024, 45.333002486986885 ], [ 32.621185581008142, 45.332744692119064 ], [ 32.620089132577156, 45.327456881404125 ], [ 32.622587865027867, 45.327199080261011 ], [ 32.623624511705628, 45.319890897385839 ], [ 32.62825563714037, 45.317612595854321 ], [ 32.627524584684359, 45.314087471950501 ], [ 32.630022662657417, 45.313829567030652 ], [ 32.629657112942979, 45.312067016556291 ], [ 32.632155082974769, 45.31180907389448 ], [ 32.631789492894832, 45.310046536327199 ], [ 32.634287354992942, 45.309788555930709 ], [ 32.633921724560395, 45.308026031272007 ], [ 32.636419478732371, 45.307768013148078 ], [ 32.63605380796011, 45.306005501399497 ], [ 32.638551454213527, 45.30574744555539 ], [ 32.638185743114434, 45.303984946718444 ], [ 32.640683281456838, 45.303726853161386 ], [ 32.642449168768707, 45.299943762965675 ], [ 32.647443780049734, 45.299427371572449 ], [ 32.649209108460816, 45.295644235747588 ], [ 32.654203220571034, 45.295127586694726 ], [ 32.653837159909436, 45.293365184009872 ], [ 32.658830988619762, 45.292848352713357 ], [ 32.658464813684141, 45.291085978746054 ], [ 32.665955080878277, 45.290310378328726 ], [ 32.665588717678595, 45.288548048888856 ], [ 32.673078458182559, 45.287772014925366 ], [ 32.672711906787683, 45.286009730035651 ], [ 32.692682465730243, 45.283938081861137 ], [ 32.6923153563082, 45.282175920679833 ], [ 32.69481144967488, 45.281916740114966 ], [ 32.695178633065723, 45.283678885459786 ], [ 32.715146750180637, 45.281603391611988 ], [ 32.715514559154116, 45.283365407265421 ], [ 32.723002264574518, 45.282586168387233 ], [ 32.723370329351674, 45.284348133544405 ], [ 32.73085795064182, 45.283568366494919 ], [ 32.731226271230732, 45.285330281121738 ], [ 32.741578236081423, 45.286051628875022 ], [ 32.744811604219564, 45.289315010240273 ], [ 32.749803432666518, 45.288794237519163 ], [ 32.750172406970542, 45.290556029273901 ], [ 32.752668344014708, 45.290295546917598 ], [ 32.753037426334117, 45.292057319857939 ], [ 32.755533403225684, 45.291796768196001 ], [ 32.755902593573303, 45.293558522316594 ], [ 32.758398610304631, 45.293297901343777 ], [ 32.758767908693315, 45.295059636639387 ], [ 32.761263965256802, 45.294798946350468 ], [ 32.76163337169934, 45.296560662815708 ], [ 32.764129468087347, 45.296299903205487 ], [ 32.764498982596585, 45.298061600835062 ], [ 32.769860917404401, 45.299301552418392 ], [ 32.770600412917133, 45.302824869392566 ], [ 32.773096702687596, 45.302563885845842 ], [ 32.776332886276961, 45.305826090452676 ], [ 32.783821891794851, 45.305042563511385 ], [ 32.784192128932354, 45.306804132058694 ], [ 32.791681048557066, 45.306020076635072 ], [ 32.792051541764678, 45.307781594374795 ], [ 32.799540375273416, 45.306997010463157 ], [ 32.799911124559003, 45.308758477361181 ], [ 32.810267131578755, 45.309472954068013 ], [ 32.810638245163219, 45.311234351172885 ], [ 32.813134539310347, 45.310972454876044 ], [ 32.813505761120688, 45.312733833058154 ], [ 32.818498394443118, 45.312209848286308 ], [ 32.818869798439522, 45.31397119153754 ], [ 32.821366137596925, 45.313709103056198 ], [ 32.821737649847421, 45.315470427369952 ], [ 32.824234028640291, 45.315208269485098 ], [ 32.824605649157704, 45.31696957485606 ], [ 32.82710206757838, 45.316707347562541 ], [ 32.827473796375536, 45.318468633985368 ], [ 32.829970254416352, 45.318206337277942 ], [ 32.830342091506076, 45.319967604747291 ], [ 32.832838589159323, 45.319705238620756 ], [ 32.833210534554411, 45.32146648713131 ], [ 32.835707071812422, 45.321204051580459 ], [ 32.83894786442513, 45.324463986723458 ], [ 32.848934123883211, 45.323413368662401 ], [ 32.848561666016018, 45.321652222241958 ], [ 32.851058070946486, 45.32138945027998 ], [ 32.852809333189498, 45.317604387446302 ], [ 32.857801675296606, 45.317078640791422 ], [ 32.859552380585107, 45.313293534454473 ], [ 32.864544220568938, 45.312767531778981 ], [ 32.864171417334198, 45.31100648300675 ], [ 32.869162971838897, 45.310480298998016 ], [ 32.868790055269834, 45.308719279406489 ], [ 32.876276907132358, 45.307929651423045 ], [ 32.875903803407148, 45.306168677095435 ], [ 32.883390123652745, 45.305378617204937 ], [ 32.883016832840596, 45.303617688163762 ], [ 32.902978245898197, 45.301508643713298 ], [ 32.902604399010841, 45.299747840483136 ], [ 32.90509934659687, 45.299483986067614 ], [ 32.905473267284151, 45.30124477318806 ], [ 32.920442670446548, 45.299660430390446 ], [ 32.920068307040758, 45.297899739993653 ], [ 32.922563012876431, 45.29763551240309 ], [ 32.921814242199062, 45.294114154962074 ], [ 32.926428774147602, 45.291824953504708 ], [ 32.925679915826514, 45.288303642773833 ], [ 32.928174149248221, 45.288039335970396 ], [ 32.927799698198704, 45.286278692283759 ], [ 32.930293823340087, 45.286014348337147 ], [ 32.929919333135039, 45.284253717816284 ], [ 32.93241335000382, 45.283989336733733 ], [ 32.932038820656004, 45.282228719380079 ], [ 32.934532729259892, 45.281964301168806 ], [ 32.93415816078204, 45.28020369698384 ], [ 32.936651961128767, 45.279939241651071 ], [ 32.936277353533647, 45.278178650636256 ], [ 32.938771045630936, 45.277914158189233 ], [ 32.940515296995393, 45.27412848612186 ], [ 32.945502213659744, 45.273599299568552 ], [ 32.947245910381625, 45.269813585074608 ], [ 32.952232324977373, 45.269284143706791 ], [ 32.953975467262566, 45.265498386872466 ], [ 32.958961379818732, 45.264968690792699 ], [ 32.958586277951078, 45.263208240503793 ], [ 32.961079108725492, 45.26294332880488 ], [ 32.960703967873137, 45.261182891704195 ], [ 32.963196690452378, 45.26091794296412 ], [ 32.962821510628018, 45.259157519053133 ], [ 32.965314125019795, 45.258892533279095 ], [ 32.967056154718051, 45.255106702231224 ], [ 32.972040916177725, 45.254576529396864 ], [ 32.971665545969785, 45.252816161245185 ], [ 32.97415780122266, 45.252551011223915 ], [ 32.975899091180601, 45.248765127493662 ], [ 32.980883134431394, 45.248234626289126 ], [ 32.982623870907119, 45.244448700595427 ], [ 32.987607412309295, 45.243917945142663 ], [ 32.987231700699766, 45.242157675387269 ], [ 32.992214956535847, 45.241626739691078 ], [ 32.991839132628272, 45.239866499348366 ], [ 32.99931353602144, 45.239069745773918 ], [ 32.9989375263997, 45.237309551064534 ], [ 33.003920141731804, 45.236778148713739 ], [ 33.003544019900055, 45.235017983439867 ], [ 33.0060352021071, 45.234752218775014 ], [ 33.005282915630787, 45.231231911673476 ], [ 33.007773916307052, 45.230966126318208 ], [ 33.007397751677644, 45.229205984491323 ], [ 33.009888644259725, 45.228940162233677 ], [ 33.0095124409101, 45.227180033631043 ], [ 33.012003225405728, 45.226914174478232 ], [ 33.01162698334857, 45.2251540591013 ], [ 33.014117659765489, 45.224888163060541 ], [ 33.013741379013453, 45.223128060910739 ], [ 33.016231947359387, 45.222862127989231 ], [ 33.015855627925163, 45.221102039068036 ], [ 33.018346088207821, 45.220836069272984 ], [ 33.020083685570619, 45.217049924460817 ], [ 33.025064139226295, 45.216517784329682 ], [ 33.026801184555111, 45.212731598131796 ], [ 33.031781136638827, 45.212199204459644 ], [ 33.031404477354222, 45.210439214191197 ], [ 33.036384143941554, 45.209906640715523 ], [ 33.036007372772417, 45.208146679939368 ], [ 33.045588966413078, 45.205321062457408 ], [ 33.047324360643543, 45.201534742377063 ], [ 33.052302954685345, 45.201001556162012 ], [ 33.051925809589527, 45.199241697171075 ], [ 33.054414981233855, 45.198975040770321 ], [ 33.054037797656193, 45.197215195036584 ], [ 33.056526861307631, 45.196948501872079 ], [ 33.056149639260767, 45.195188669396977 ], [ 33.060750182112407, 45.192895353590487 ], [ 33.059995618981716, 45.189375738667387 ], [ 33.062484285505469, 45.189108951533896 ], [ 33.06210698289329, 45.187349155826574 ], [ 33.06459554146528, 45.18708233196022 ], [ 33.064218200436834, 45.185322549516648 ], [ 33.068817614324416, 45.183029022435782 ], [ 33.068062813448229, 45.17950950759375 ], [ 33.072661607338077, 45.177215889758536 ], [ 33.071906722524226, 45.173696421950922 ], [ 33.074394595203763, 45.173429447108795 ], [ 33.074017131834026, 45.171669724964822 ], [ 33.07650489662857, 45.171402713437239 ], [ 33.076127394923155, 45.169643004564293 ], [ 33.078615051840458, 45.169375956358444 ], [ 33.078237511811928, 45.167616260757981 ], [ 33.080725060859741, 45.167349175881064 ], [ 33.080347482520729, 45.165589493554485 ], [ 33.082834923706763, 45.165322372013676 ], [ 33.082457307069866, 45.163562702962466 ], [ 33.084944640401858, 45.163295544764971 ], [ 33.086676517770485, 45.159509051647312 ], [ 33.091650718274352, 45.158974535726976 ], [ 33.093382046069699, 45.155188002129172 ], [ 33.098355745664044, 45.154653233831759 ], [ 33.097977791690347, 45.152893663803525 ], [ 33.102951206032415, 45.152358716432879 ], [ 33.102573140854545, 45.150599176011909 ], [ 33.117113641890832, 45.147233716374672 ], [ 33.116735208478303, 45.145474267862497 ], [ 33.136624048446883, 45.143330214622644 ], [ 33.13624506633596, 45.141570893863424 ], [ 33.141216781677755, 45.141034384409544 ], [ 33.1415959096352, 45.142793672441108 ], [ 33.144081787874235, 45.142525322030679 ], [ 33.143702586999353, 45.140766050367525 ], [ 33.1486740929126, 45.140229223663418 ], [ 33.149053439610732, 45.141988462580485 ], [ 33.158996323941494, 45.140914109219246 ], [ 33.158616685643452, 45.139154935831215 ], [ 33.161102246477981, 45.138886231713236 ], [ 33.160722570241489, 45.137127071663201 ], [ 33.163208023244067, 45.136858331077292 ], [ 33.162828309081661, 45.135099184366638 ], [ 33.165313654260082, 45.13483040732001 ], [ 33.164933902184295, 45.133071273950158 ], [ 33.167419139546297, 45.132802460449966 ], [ 33.167039349569691, 45.131043340422359 ], [ 33.169524479123055, 45.130774490475794 ], [ 33.169144651258151, 45.129015383791845 ], [ 33.171629673010642, 45.128746497406077 ], [ 33.17124980726998, 45.126987404067194 ], [ 33.173734721229359, 45.126718481249412 ], [ 33.173354817625487, 45.12495940125703 ], [ 33.17583962379949, 45.124690442014391 ], [ 33.175459682344943, 45.122931375369959 ], [ 33.17794438074138, 45.122662379709638 ], [ 33.179668974956911, 45.118875254399413 ], [ 33.184637905710403, 45.118337064641977 ], [ 33.186361952631977, 45.114549899964999 ], [ 33.19591825069017, 45.111713872761904 ], [ 33.195537864161494, 45.109954935501719 ], [ 33.198021811081297, 45.109685563125645 ], [ 33.197641386819981, 45.107926639229618 ], [ 33.202609030192619, 45.107387768995359 ], [ 33.204331619557962, 45.103600496322713 ], [ 33.209298762022847, 45.103061375199751 ], [ 33.208918079250552, 45.101302524281216 ], [ 33.213884936248789, 45.10076322499328 ], [ 33.213504143136049, 45.099004403893694 ], [ 33.22095394786583, 45.098195108647452 ], [ 33.220572971789103, 45.096436333828699 ], [ 33.228022243138803, 45.095626613235233 ], [ 33.227641084166663, 45.093867884719252 ], [ 33.247503683589748, 45.09170644127569 ], [ 33.24712197872725, 45.089947841478349 ], [ 33.257052145669313, 45.088865920408757 ], [ 33.257434140912537, 45.090624454235908 ], [ 33.277293368785159, 45.088457950167722 ], [ 33.27767597978545, 45.090216348813279 ], [ 33.292952440026113, 45.09034745467806 ], [ 33.293335556782516, 45.092105747922382 ], [ 33.298300024806068, 45.091562863402139 ], [ 33.298683321901791, 45.093321120448309 ], [ 33.308995747674118, 45.093992840651381 ], [ 33.312245428858859, 45.097237408454973 ], [ 33.317209983532017, 45.096693653809794 ], [ 33.317593929571309, 45.098451782476971 ], [ 33.320076226501335, 45.098179809546721 ], [ 33.320460280399637, 45.09993791852289 ], [ 33.322942614563864, 45.09966587632367 ], [ 33.323326776333616, 45.101423965603495 ], [ 33.325809147724243, 45.101151854130258 ], [ 33.326193417377894, 45.102909923708395 ], [ 33.328675825987055, 45.102637742956077 ], [ 33.329060203537061, 45.104395792827191 ], [ 33.33154264935694, 45.104123542790738 ], [ 33.33192713481575, 45.105881572949471 ], [ 33.334409617838482, 45.10560925362384 ], [ 33.334794211218544, 45.107367264064862 ], [ 33.337276731436319, 45.107094875444972 ], [ 33.337661432750089, 45.108852866162934 ], [ 33.340143990155042, 45.108580408243739 ], [ 33.343396311217766, 45.11182380326558 ], [ 33.355809115885776, 45.110460293663792 ], [ 33.356194431325768, 45.112218158687199 ], [ 33.376053656436085, 45.11003367054375 ], [ 33.376439587671726, 45.111791399297339 ], [ 33.391719353346637, 45.111908346455216 ], [ 33.392105790741823, 45.113665968938854 ], [ 33.397070251258562, 45.113118588062683 ], [ 33.397456869227526, 45.114876174044532 ], [ 33.402421332589718, 45.114328549129446 ], [ 33.402808131145498, 45.116086098593009 ], [ 33.413124045286587, 45.116747629534906 ], [ 33.416380726482402, 45.119988410217893 ], [ 33.423827490990725, 45.119165587459698 ], [ 33.423440005584361, 45.117408181077188 ], [ 33.425922116674954, 45.117133818216246 ], [ 33.425534594397611, 45.115376425394373 ], [ 33.428016597369151, 45.115102026596979 ], [ 33.427629038233256, 45.113344647337136 ], [ 33.430110933093644, 45.113070212610431 ], [ 33.429723337111611, 45.111312846913989 ], [ 33.432205123868748, 45.111038376265114 ], [ 33.431817491052982, 45.109281024133466 ], [ 33.434299169714784, 45.109006517569597 ], [ 33.436005364206075, 45.105217311534446 ], [ 33.44096825355301, 45.104668102163465 ], [ 33.440192657854993, 45.101153509608338 ], [ 33.442673904214381, 45.100878859455989 ], [ 33.44228608741615, 45.099121575168958 ], [ 33.44476722571968, 45.09884688913737 ], [ 33.444379372162167, 45.097089618423382 ], [ 33.446860402417734, 45.096814896519696 ], [ 33.446472512113338, 45.095057639380158 ], [ 33.448953434328857, 45.094782881611522 ], [ 33.448565507289985, 45.093025638047813 ], [ 33.451046321473335, 45.092750844421374 ], [ 33.450658357712371, 45.090993614434851 ], [ 33.453139063871461, 45.090718784957794 ], [ 33.452751063400811, 45.088961568549827 ], [ 33.455231661543529, 45.088686703229264 ], [ 33.456936040656942, 45.084897409997652 ], [ 33.461896769259184, 45.084347483450209 ], [ 33.463600605376918, 45.080558153836336 ], [ 33.473132440205212, 45.077700512267214 ], [ 33.472744002856984, 45.0759434276465 ], [ 33.475223846026545, 45.075668189756762 ], [ 33.474446933833541, 45.072154044530301 ], [ 33.47901767691932, 45.069846434359228 ], [ 33.478240689816893, 45.066332337167204 ], [ 33.480720064615674, 45.066057025510368 ], [ 33.480331552358024, 45.064299988924077 ], [ 33.482810819232967, 45.064024641514557 ], [ 33.482422270436615, 45.062267618526761 ], [ 33.484901429395649, 45.061992235371669 ], [ 33.48451284407296, 45.060235225983732 ], [ 33.486991895123978, 45.059959807090237 ], [ 33.486603273287315, 45.058202811303531 ], [ 33.489082216438227, 45.057927356678768 ], [ 33.488693558099925, 45.056170374494641 ], [ 33.49117239335861, 45.055894884145751 ], [ 33.492873694600895, 45.052105434524933 ], [ 33.497830897889791, 45.051554258481765 ], [ 33.497442057959184, 45.049797333902568 ], [ 33.499920533879383, 45.049521683937556 ], [ 33.499531657506651, 45.047764772968485 ], [ 33.502010025564012, 45.047489087312954 ], [ 33.503710423743946, 45.043699584871753 ], [ 33.508666692732646, 45.043148018372285 ], [ 33.507888612972614, 45.039634308526985 ], [ 33.505410640567256, 45.039910084412099 ], [ 33.505021726374451, 45.03815320791491 ], [ 33.50749962667507, 45.037877448827892 ], [ 33.504389021752736, 45.023822456643131 ], [ 33.506866309752489, 45.023546779471445 ], [ 33.505700205696883, 45.018276155275579 ], [ 33.508177241899944, 45.018000476054908 ], [ 33.507011242906216, 45.012729873600939 ], [ 33.509488027385508, 45.012454192342567 ], [ 33.510410034355743, 45.005151078537338 ], [ 33.51288645953602, 45.004875359649724 ], [ 33.51249779129548, 45.003118523453821 ], [ 33.514974108835538, 45.00284276897046 ], [ 33.514196735457411, 44.999329120622662 ], [ 33.518760198639598, 44.997020726344935 ], [ 33.516039758000382, 44.984723069735288 ], [ 33.518515249302261, 44.984447326104373 ], [ 33.51734966538325, 44.979176904483047 ], [ 33.514874389716965, 44.979452597730138 ], [ 33.514486004906644, 44.977695767364928 ], [ 33.516961208706682, 44.977420090910471 ], [ 33.513854838063494, 44.963365467797296 ], [ 33.516329431544236, 44.963089873332855 ], [ 33.516474845687334, 44.952273327095547 ], [ 33.518948937225822, 44.951997728748459 ], [ 33.518172697299697, 44.948484103726948 ], [ 33.520646609722213, 44.948208486667582 ], [ 33.519870368698356, 44.944694882500627 ], [ 33.522344102039021, 44.944419246739187 ], [ 33.523265171092774, 44.937116446518459 ], [ 33.52573854637194, 44.936840773383388 ], [ 33.525350406492656, 44.935084004174733 ], [ 33.527823674479883, 44.934808295575102 ], [ 33.527047358130659, 44.931294781197927 ], [ 33.529520447156131, 44.931019053935884 ], [ 33.529132270700629, 44.929262308768052 ], [ 33.533689914438483, 44.926954016351523 ], [ 33.530584922376327, 44.912900183695648 ], [ 33.528112620915863, 44.913175847489775 ], [ 33.527336871893596, 44.909662323921104 ], [ 33.529809030155086, 44.909386693706466 ], [ 33.526706883506705, 44.89533260652582 ], [ 33.529178433684194, 44.895057058408625 ], [ 33.528015500489332, 44.889786773606033 ], [ 33.530486800545688, 44.889511223666119 ], [ 33.529323972564235, 44.884240960602504 ], [ 33.531795022571771, 44.88396540885114 ], [ 33.531019838549639, 44.880451917813829 ], [ 33.526077988981456, 44.881002902031895 ], [ 33.522832397879625, 44.877764711488204 ], [ 33.517890621252491, 44.878315315689761 ], [ 33.517503510932293, 44.876558475177639 ], [ 33.515032640882239, 44.876833682282708 ], [ 33.514645637521404, 44.875076821833943 ], [ 33.512174803486289, 44.875351960024688 ], [ 33.511787907072588, 44.873595079644602 ], [ 33.509317109060248, 44.873870148926002 ], [ 33.508930319581502, 44.87211324861989 ], [ 33.506459557599712, 44.87238824899692 ], [ 33.506072875043721, 44.870631328770081 ], [ 33.503602149100274, 44.870906260247736 ], [ 33.503215573454845, 44.869149320105493 ], [ 33.497887760967181, 44.867942016330225 ], [ 33.497115072652491, 44.864428053251856 ], [ 33.491787796500439, 44.863220397504897 ], [ 33.491015606407636, 44.859706348519197 ], [ 33.488545203691586, 44.859980902120768 ], [ 33.48777329801058, 44.856466807041834 ], [ 33.485303002823194, 44.856741275060465 ], [ 33.484145623840647, 44.85147005859038 ], [ 33.481675507612714, 44.851744424324529 ], [ 33.480518661023943, 44.846473129298495 ], [ 33.478048723730019, 44.846747392773075 ], [ 33.474965924861451, 44.832690333584807 ], [ 33.472496523408317, 44.83296441132164 ], [ 33.471726319427241, 44.829450081605714 ], [ 33.474195578150137, 44.829176037263267 ], [ 33.471500475936033, 44.816875900892249 ], [ 33.469031716577078, 44.817149828385318 ], [ 33.46826214737294, 44.813635441985703 ], [ 33.465793495390528, 44.813909284036313 ], [ 33.464639619802028, 44.808637630783863 ], [ 33.462171146490171, 44.808911370727067 ], [ 33.461017801792615, 44.8036396391349 ], [ 33.458549507125838, 44.803913276995587 ], [ 33.455476040202846, 44.789855054443784 ], [ 33.453008280404404, 44.7901285069265 ], [ 33.452624326583468, 44.788371198313072 ], [ 33.45509201515042, 44.788097762491489 ], [ 33.452021080446187, 44.774039313870702 ], [ 33.454488164243124, 44.773765959300434 ], [ 33.452569616322933, 44.764979410211076 ], [ 33.455036309192259, 44.764706086922338 ], [ 33.455201015006502, 44.753888949069839 ], [ 33.457667210915304, 44.75361562175862 ], [ 33.456900032366129, 44.750101042441635 ], [ 33.459366050980819, 44.749827696481439 ], [ 33.460297530140707, 44.742525235530508 ], [ 33.464845142886446, 44.740221176850177 ], [ 33.464077887440752, 44.736706686857033 ], [ 33.466543268235675, 44.736433249742547 ], [ 33.466159622156418, 44.734676016697655 ], [ 33.468624896820074, 44.734402544321966 ], [ 33.468241214840461, 44.732645324799662 ], [ 33.472787727936932, 44.73034106829455 ], [ 33.470102189053293, 44.71804065502608 ], [ 33.472566719573358, 44.717767176902612 ], [ 33.471416088008219, 44.712495574101659 ], [ 33.473880370623455, 44.712222094084801 ], [ 33.472729842104521, 44.706950513012309 ], [ 33.475193876886387, 44.706677031113372 ], [ 33.474043451430177, 44.701405471769306 ], [ 33.471579629332709, 44.701678903684204 ], [ 33.470429732204188, 44.696407266108963 ], [ 33.467966087676778, 44.696680596200707 ], [ 33.465284717247854, 44.684379882169019 ], [ 33.462821533645538, 44.684653043878015 ], [ 33.462438691695901, 44.682895769832349 ], [ 33.45997554390641, 44.683168863069781 ], [ 33.459592807801705, 44.681411569251267 ], [ 33.454283989420055, 44.680200236745186 ], [ 33.453518975505389, 44.676685566919026 ], [ 33.448210688714347, 44.675473884687257 ], [ 33.444219101591173, 44.668717046474342 ], [ 33.439293625998936, 44.669262259994632 ], [ 33.438911700343027, 44.667504821667983 ], [ 33.433986226625372, 44.668049794709397 ], [ 33.433604477499898, 44.666292320051582 ], [ 33.426216217478718, 44.667109341182645 ], [ 33.425834715678299, 44.665351813616915 ], [ 33.415602313396782, 44.664682786258368 ], [ 33.412377371260447, 44.661439546007138 ], [ 33.402145580187479, 44.660769191107278 ], [ 33.398921593441386, 44.657525457729101 ], [ 33.393996206726264, 44.658068610941477 ], [ 33.393615798572526, 44.656310862764805 ], [ 33.391153123830662, 44.656582345088644 ], [ 33.390772821279, 44.654824577262794 ], [ 33.388310182562094, 44.655095991220335 ], [ 33.387929985600408, 44.653338203750586 ], [ 33.385467382916119, 44.653609549346804 ], [ 33.385087291532308, 44.651851742238335 ], [ 33.382624724888224, 44.652123019478189 ], [ 33.382244739070231, 44.650365192736324 ], [ 33.379782208473976, 44.65063640162478 ], [ 33.379402328209693, 44.648878555254733 ], [ 33.37409760046846, 44.647662902004399 ], [ 33.373338296806764, 44.644147127688996 ], [ 33.3680341006935, 44.642931125737057 ], [ 33.367275288463645, 44.639415266802175 ], [ 33.36481307979156, 44.639686100988371 ], [ 33.364054547897332, 44.636170196673817 ], [ 33.361592446088352, 44.636440946041859 ], [ 33.360455120650592, 44.631167016893045 ], [ 33.357993196461607, 44.63143766495817 ], [ 33.357235294341713, 44.627921663760219 ], [ 33.354773477001686, 44.628192227039882 ], [ 33.350039598982214, 44.617914463015772 ], [ 33.347578136783042, 44.618184823801336 ], [ 33.347199657678459, 44.616426750612817 ], [ 33.341898467832465, 44.61520917467157 ], [ 33.341141965477227, 44.611692946995475 ], [ 33.335841306732675, 44.610475022954944 ], [ 33.335085294660303, 44.606958710951275 ], [ 33.332624154486773, 44.607228697580283 ], [ 33.331868422039463, 44.603712340358626 ], [ 33.329407388699487, 44.603982242308192 ], [ 33.328651935806271, 44.600465839884663 ], [ 33.326191009296856, 44.600735657168656 ], [ 33.321465366235778, 44.590455944358681 ], [ 33.319004794693171, 44.59072555947504 ], [ 33.31598771548768, 44.576659285079316 ], [ 33.313527674499532, 44.576928716999795 ], [ 33.313150765325283, 44.575170402478435 ], [ 33.315610735709626, 44.574900986984879 ], [ 33.312596137697454, 44.560834491932049 ], [ 33.315055509039297, 44.560565156124596 ], [ 33.315254497214021, 44.5497459657634 ], [ 33.317713376540389, 44.549476625121741 ], [ 33.316960061352574, 44.54596003250964 ], [ 33.31941876526367, 44.545690673045264 ], [ 33.320370653545901, 44.53838817132776 ], [ 33.324910575322527, 44.536091078068409 ], [ 33.324157178259391, 44.532574573966855 ], [ 33.326615251269466, 44.532305122885198 ], [ 33.326238533932589, 44.530546882665909 ], [ 33.328696502096477, 44.530277396381216 ], [ 33.32831974875706, 44.528519169527037 ], [ 33.330777612082279, 44.528249648046327 ], [ 33.33040082275236, 44.526491434558679 ], [ 33.33285858124642, 44.526221877888972 ], [ 33.332481755938019, 44.524463677769241 ], [ 33.334939409608452, 44.524194085917564 ], [ 33.334562548333565, 44.522435899167128 ], [ 33.337020097187882, 44.522166272140481 ], [ 33.338723710832426, 44.51838027655851 ], [ 33.343638354885286, 44.517840830248403 ], [ 33.345341440070193, 44.514054799143793 ], [ 33.350255596071548, 44.513515109065771 ], [ 33.349878414472919, 44.511757022084254 ], [ 33.354792292006216, 44.511217158579029 ], [ 33.354415004212314, 44.509459101436548 ], [ 33.361785351100245, 44.508648968736942 ], [ 33.36140788684331, 44.506890957907288 ], [ 33.368777712566335, 44.506080410498249 ], [ 33.368400071912433, 44.504322446002924 ], [ 33.388050860375408, 44.502158849632416 ], [ 33.387672692104637, 44.500401013944668 ], [ 33.390128815077674, 44.50013034894048 ], [ 33.390507053594327, 44.5018881681289 ], [ 33.392963212273514, 44.501617435085997 ], [ 33.392584903514752, 44.499859632399883 ], [ 33.397875425988815, 44.5010758143899 ], [ 33.397496976757104, 44.499318044717384 ], [ 33.399952961550419, 44.499047173579498 ], [ 33.39881761050713, 44.493773895547797 ], [ 33.401273350095309, 44.493503022418516 ], [ 33.400138099397871, 44.488229766099728 ], [ 33.402593593851407, 44.487958890990342 ], [ 33.403535308382722, 44.480657044766481 ], [ 33.408067072935879, 44.478357464552829 ], [ 33.407310196017889, 44.474842046068794 ], [ 33.409765061199735, 44.474571080582521 ], [ 33.409386604429322, 44.472813383217648 ], [ 33.411841364943641, 44.472542382772467 ], [ 33.411462872601454, 44.470784698832404 ], [ 33.413917528455784, 44.470513663435327 ], [ 33.413539000553783, 44.468755992921452 ], [ 33.415993551755648, 44.468484922579485 ], [ 33.415614988305762, 44.466727265493184 ], [ 33.418069434862701, 44.466456160213347 ], [ 33.417690835876861, 44.464698516555991 ], [ 33.420145177796407, 44.464427376345249 ], [ 33.421842110554323, 44.460640954188257 ], [ 33.426750341326802, 44.460098482642401 ], [ 33.428446748187127, 44.456312026020946 ], [ 33.433354491371894, 44.455769311995745 ], [ 33.432975574822798, 44.454011768580685 ], [ 33.437883039646046, 44.453468881928828 ], [ 33.437504017636151, 44.451711368499971 ], [ 33.44486474543104, 44.450896702515585 ], [ 33.444485547996848, 44.449139235634284 ], [ 33.451845754411508, 44.448324156610077 ], [ 33.451466381618886, 44.446566736297704 ], [ 33.471091515518367, 44.444391063199056 ], [ 33.470711617669295, 44.442633772366207 ], [ 33.473164533563498, 44.442361598562051 ], [ 33.473544501354056, 44.444118872808126 ], [ 33.493167139611749, 44.441939500059569 ], [ 33.493547701510408, 44.443696638380359 ], [ 33.508644657954093, 44.443816887074867 ], [ 33.509025708783753, 44.445573919403579 ], [ 33.513931023881241, 44.445027846388861 ], [ 33.514312249283499, 44.446784842313477 ], [ 33.5388374363921, 44.444051229418555 ], [ 33.538455512150271, 44.442294400040076 ], [ 33.540907769507292, 44.442020773002795 ], [ 33.541289763612234, 44.443777585710286 ], [ 33.560907126625899, 44.441586587942922 ], [ 33.561289714386938, 44.443343264024513 ], [ 33.568645859526264, 44.442520742842952 ], [ 33.569028691689901, 44.444277365665222 ], [ 33.59109586969344, 44.441806880482403 ], [ 33.591479365151642, 44.443563349657282 ], [ 33.593931168866618, 44.443288578007795 ], [ 33.593164073320281, 44.439775669966224 ], [ 33.595615702470305, 44.439500880486719 ], [ 33.595232137366395, 44.437744438456981 ], [ 33.597683661760236, 44.437469614418212 ], [ 33.597300061851229, 44.435713185963046 ], [ 33.59975148149649, 44.435438327371983 ], [ 33.599367846794266, 44.433681912492773 ], [ 33.601819161698558, 44.433407019356359 ], [ 33.601435492214932, 44.43165061805442 ], [ 33.603886702385857, 44.431375690379689 ], [ 33.603502998132676, 44.429619302656356 ], [ 33.605954103577865, 44.429344340450271 ], [ 33.607637591537198, 44.425556609014365 ], [ 33.612539348580924, 44.425006495253974 ], [ 33.614222313781639, 44.42121873137171 ], [ 33.619123582031705, 44.420668377086159 ], [ 33.618739564723676, 44.418912090795558 ], [ 33.621190076657065, 44.418636853539951 ], [ 33.620038025702691, 44.413368025920974 ], [ 33.622488293615767, 44.413092787715264 ], [ 33.62133634866602, 44.407823981830312 ], [ 33.623786372628871, 44.407548742685542 ], [ 33.622634533698779, 44.402279958534656 ], [ 33.625084313781507, 44.402004718461932 ], [ 33.624316456866659, 44.398492213357059 ], [ 33.626766062739762, 44.398216955603047 ], [ 33.627679782845682, 44.390916732477265 ], [ 33.630129040398316, 44.390641439390677 ], [ 33.629745095593869, 44.388885219680681 ], [ 33.632194248595177, 44.388609892174358 ], [ 33.631426324815337, 44.385097476767903 ], [ 33.633875303723052, 44.38482213161921 ], [ 33.633491324761543, 44.38306593592344 ], [ 33.635940199142823, 44.382790556370935 ], [ 33.635556185629454, 44.381034374271401 ], [ 33.63800495549193, 44.380758960322048 ], [ 33.637620907438482, 44.379002791820085 ], [ 33.640069572789734, 44.378727343480854 ], [ 33.639685490208002, 44.376971188577791 ], [ 33.644198390308993, 44.374664047454758 ], [ 33.643430122095985, 44.371151788873853 ], [ 33.647942431278622, 44.368844567865047 ], [ 33.647174095111978, 44.365332357337998 ], [ 33.64962209909406, 44.365056770723619 ], [ 33.649237914042175, 44.36330067747469 ], [ 33.651685813577984, 44.363025056516186 ], [ 33.651301594072663, 44.361268976872879 ], [ 33.653749389169818, 44.360993321577226 ], [ 33.653365135222828, 44.359237255540904 ], [ 33.655812825888916, 44.358961565915067 ], [ 33.655428537512023, 44.357205513487052 ], [ 33.657876123754626, 44.356929789537965 ], [ 33.657491800959619, 44.355173750719608 ], [ 33.659939282786354, 44.354897992454262 ], [ 33.661617911407411, 44.351110163077145 ], [ 33.66651242243298, 44.350558458227425 ], [ 33.668190530960239, 44.34677059721907 ], [ 33.67308455439035, 44.34621865304215 ], [ 33.674762143019024, 44.34243076048471 ], [ 33.679655678886107, 44.34187857708006 ], [ 33.679270907471476, 44.340122684000185 ], [ 33.684164164532717, 44.339570329953666 ], [ 33.68377928949964, 44.337814467319163 ], [ 33.69111870430077, 44.33698560375867 ], [ 33.690733656378022, 44.335229788404732 ], [ 33.698072547764902, 44.334400515859102 ], [ 33.697687327018095, 44.33264474780681 ], [ 33.717255606302764, 44.330431243316561 ], [ 33.716869866496772, 44.328675606844854 ], [ 33.721761446796123, 44.328121754149521 ], [ 33.722147325095776, 44.329877356897455 ], [ 33.741712794748864, 44.327659770520341 ], [ 33.742099262043943, 44.329415235041012 ], [ 33.7543268836856, 44.32802750133137 ], [ 33.753940070346182, 44.326272121294537 ], [ 33.756385419881902, 44.325994438455588 ], [ 33.75677230241876, 44.327749801586819 ], [ 33.761663034243092, 44.327194249111322 ], [ 33.761276013322814, 44.325438919800114 ], [ 33.763721257216304, 44.325161083987666 ], [ 33.764108347322555, 44.326916396384412 ], [ 33.783669583201352, 44.324691739097716 ], [ 33.784057261934379, 44.326446912841924 ], [ 33.791392350950325, 44.325611774401111 ], [ 33.79178027244199, 44.327366894076498 ], [ 33.799115251222297, 44.326531246035806 ], [ 33.799503415477083, 44.328286311609681 ], [ 33.806838283812652, 44.327450153968144 ], [ 33.807226690834995, 44.329205165407863 ], [ 33.812116564643489, 44.328647438209515 ], [ 33.81250514529907, 44.3304024124606 ], [ 33.822673637700483, 44.331041181664773 ], [ 33.825896547926341, 44.334271766225335 ], [ 33.83078647955837, 44.333713189646801 ], [ 33.834009978295342, 44.336943472336003 ], [ 33.838899973966527, 44.336384521969045 ], [ 33.842124061241144, 44.33961450268697 ], [ 33.847014120800992, 44.339055178489893 ], [ 33.847403883554165, 44.340809905737338 ], [ 33.849848929278743, 44.340530150173208 ], [ 33.853073848010148, 44.343759720257644 ], [ 33.857964038613694, 44.343199886199713 ], [ 33.85835418436691, 44.34495453554365 ], [ 33.87057938521852, 44.34355397339538 ], [ 33.870188893815161, 44.341799409275545 ], [ 33.872633758298939, 44.341519161030611 ], [ 33.873024318820789, 44.343273708096795 ], [ 33.877914079410544, 44.342713024647104 ], [ 33.877523380663284, 44.340958511697004 ], [ 33.882412860851147, 44.340397658585367 ], [ 33.882803697808427, 44.342152137407624 ], [ 33.892582507841901, 44.341029751624909 ], [ 33.892191394510803, 44.33927534109359 ], [ 33.897080447889323, 44.338713876746219 ], [ 33.896689231985192, 44.336959497099009 ], [ 33.901578004863936, 44.336397863212021 ], [ 33.901186686421653, 44.334643514457042 ], [ 33.908519371577299, 44.333800733001929 ], [ 33.908127881588513, 44.33204643224208 ], [ 33.915460039128007, 44.331203243880807 ], [ 33.915068377658493, 44.329448991136921 ], [ 33.934618677734314, 44.327198386188634 ], [ 33.934226499865566, 44.325444267077444 ], [ 33.939113580349307, 44.324881141222605 ], [ 33.939505896184748, 44.326635226074892 ], [ 33.959053342316601, 44.324380550606158 ], [ 33.959446245590975, 44.326134495002385 ], [ 33.966776155406755, 44.325288100921767 ], [ 33.967169301274808, 44.327041990527825 ], [ 33.974499096187721, 44.326195087196325 ], [ 33.974892484653374, 44.327948921979591 ], [ 33.979778973636769, 44.327384031113979 ], [ 33.980172535764972, 44.329137828226479 ], [ 33.990339233673879, 44.32976109253125 ], [ 33.990733143162025, 44.33151481425427 ], [ 33.993176397570437, 44.331232037544581 ], [ 33.993570411818972, 44.332985738751127 ], [ 33.998456951023961, 44.332419998364841 ], [ 34.00168871650758, 44.335644341109074 ], [ 34.011461772785395, 44.334511908996205 ], [ 34.011856377132531, 44.336265479748235 ], [ 34.019185999416145, 44.335415570064725 ], [ 34.019580846432234, 44.337169085801399 ], [ 34.026910352378046, 44.336318666798569 ], [ 34.027305442066833, 44.338072127487287 ], [ 34.032191737599817, 44.337504892780395 ], [ 34.032587001051461, 44.339258315640649 ], [ 34.042755011518778, 44.339876517627403 ], [ 34.043150622530746, 44.341629864782739 ], [ 34.045593779307161, 44.341345916032246 ], [ 34.045989495205077, 44.343099242580806 ], [ 34.050875838642078, 44.342531158023007 ], [ 34.051271728350962, 44.344284446685947 ], [ 34.053714914994067, 44.344000310873007 ], [ 34.05411090961401, 44.345753578914767 ], [ 34.056554129166976, 44.345469374982862 ], [ 34.059789685641427, 44.348691577126282 ], [ 34.064676220309373, 44.348122845916933 ], [ 34.067912364143723, 44.351344743820626 ], [ 34.072798958216673, 44.350775638383517 ], [ 34.073195615403755, 44.352528768637647 ], [ 34.083365615297467, 44.353142936131036 ], [ 34.086603035655955, 44.356364139780105 ], [ 34.091489675865752, 44.355794184087365 ], [ 34.091886959810402, 44.357547179694386 ], [ 34.094330294650405, 44.357262108262994 ], [ 34.094727683631525, 44.359015083176736 ], [ 34.097171051254826, 44.358729943574446 ], [ 34.100409544771637, 44.361950623523164 ], [ 34.117512817444343, 44.359952624265766 ], [ 34.117910935044584, 44.361705432947971 ], [ 34.132968452088988, 44.361743476742248 ], [ 34.133367055452446, 44.3634961744403 ], [ 34.143538430308496, 44.364104538883907 ], [ 34.146779600283139, 44.367323533947051 ], [ 34.151665953292259, 44.366750892861091 ], [ 34.152065183877944, 44.368503455266399 ], [ 34.154508374826861, 44.368217041089231 ], [ 34.154907710589171, 44.369969582697685 ], [ 34.157350934116778, 44.369683100291162 ], [ 34.157750375067316, 44.371435621097532 ], [ 34.160193631165768, 44.371149070456866 ], [ 34.160593177316088, 44.372901570455888 ], [ 34.163036465977505, 44.372614951576352 ], [ 34.163436117339188, 44.374367430762767 ], [ 34.165879438555741, 44.37408074363961 ], [ 34.166279195140341, 44.375833202008124 ], [ 34.16872254890415, 44.375546446636591 ], [ 34.171965764091659, 44.37876447727426 ], [ 34.176852565393155, 44.378190642685439 ], [ 34.177252706607582, 44.379943021129819 ], [ 34.1796961215883, 44.379656010160083 ], [ 34.180096368073805, 44.381408367761594 ], [ 34.182539815560574, 44.38112128852368 ], [ 34.182940167328731, 44.382873625277043 ], [ 34.185383647313671, 44.382586477766154 ], [ 34.185784104376033, 44.384338793666132 ], [ 34.188227616851279, 44.384051577877543 ], [ 34.188628179219442, 44.385803872918821 ], [ 34.1910717241771, 44.3855165888478 ], [ 34.191472391862625, 44.387268863025135 ], [ 34.193915969294821, 44.386981510666907 ], [ 34.194316742309269, 44.388733763975019 ], [ 34.196760352208116, 44.388446343324873 ], [ 34.197161230563083, 44.390198575758497 ], [ 34.202449531436201, 44.391375741117237 ], [ 34.203251746042746, 44.394880119042753 ], [ 34.20854056172346, 44.396056931027708 ], [ 34.209343270846745, 44.399561218548669 ], [ 34.211787180793657, 44.399273421394625 ], [ 34.212590173743514, 44.402777660276364 ], [ 34.215034185040494, 44.402489777302129 ], [ 34.215837461886906, 44.405993967527998 ], [ 34.218281574535489, 44.405705998719959 ], [ 34.223137185238812, 44.415930257656747 ], [ 34.225581638512537, 44.415642082123874 ], [ 34.228799617096236, 44.429658121767233 ], [ 34.231244585677956, 44.429369755246682 ], [ 34.230409484487012, 44.436666059356227 ], [ 34.237745108603818, 44.435800596856616 ], [ 34.238147874049794, 44.437552520101129 ], [ 34.243038245045348, 44.436975255593723 ], [ 34.243441185170823, 44.438727140334656 ], [ 34.25362501631421, 44.439323741655087 ], [ 34.256876891988142, 44.442538371269066 ], [ 34.261767301844728, 44.441960253974244 ], [ 34.262170871786587, 44.44371200210503 ], [ 34.264616090685017, 44.443422849568023 ], [ 34.265019766348779, 44.445174576690512 ], [ 34.267465017555445, 44.444885355701444 ], [ 34.267868798952705, 44.446637061810357 ], [ 34.270314082459656, 44.446347772364504 ], [ 34.270717969602003, 44.448099457454553 ], [ 34.273163285401296, 44.447810099547155 ], [ 34.273567278300305, 44.449561763613062 ], [ 34.276012626383967, 44.4492723372394 ], [ 34.276416725051206, 44.451023980275828 ], [ 34.278862105411285, 44.450734485431163 ], [ 34.279266309858343, 44.452486107432854 ], [ 34.281711722486875, 44.452196544112439 ], [ 34.282116032725334, 44.453948145074079 ], [ 34.284561477614368, 44.453658513273204 ], [ 34.284965893655801, 44.455410093189499 ], [ 34.287411370797329, 44.455120392903396 ], [ 34.287815892653335, 44.456871951769095 ], [ 34.29026140203942, 44.456582182993039 ], [ 34.29066602972155, 44.458333720802806 ], [ 34.295961878715318, 44.459505494510445 ], [ 34.296771594272883, 44.463008482415717 ], [ 34.299217269386396, 44.462718490528388 ], [ 34.299622251445456, 44.464469961678432 ], [ 34.302067958773414, 44.464179901278293 ], [ 34.302473046714724, 44.465931351349866 ], [ 34.304918786249111, 44.465641222432161 ], [ 34.30532398008426, 44.467392651419964 ], [ 34.307769751817133, 44.467102453979983 ], [ 34.308175051557676, 44.468853861878678 ], [ 34.310620855481019, 44.468563595911682 ], [ 34.311026261138544, 44.470314982716026 ], [ 34.313472097244379, 44.470024648217276 ], [ 34.313877608830481, 44.471776013921939 ], [ 34.316323477110814, 44.471485610886717 ], [ 34.316729094637054, 44.473236955486399 ], [ 34.319174995083884, 44.472946483909972 ], [ 34.319580718561859, 44.474697807399359 ], [ 34.322026651167192, 44.474407267276987 ], [ 34.32243248060847, 44.476158569650799 ], [ 34.32487844536432, 44.475867960977766 ], [ 34.325284380780481, 44.477619242230688 ], [ 34.330582448114292, 44.478789079340388 ], [ 34.331394779856339, 44.482291553855326 ], [ 34.336693362793945, 44.483461035633965 ], [ 34.337506192541795, 44.486963418631376 ], [ 34.339952456080887, 44.486672431794794 ], [ 34.340765571875863, 44.490174765532871 ], [ 34.343211936606863, 44.489883692434312 ], [ 34.344432094967409, 44.495137113903702 ], [ 34.346878629990897, 44.494845936848435 ], [ 34.348099328683134, 44.500099273923247 ], [ 34.350546034021363, 44.499807992886751 ], [ 34.351767273245912, 44.505061245530307 ], [ 34.354214148921159, 44.504769860488025 ], [ 34.354621371860254, 44.506520920035044 ], [ 34.35706827962187, 44.506229466359372 ], [ 34.357475608739897, 44.507980504720045 ], [ 34.35992254857986, 44.507688982406307 ], [ 34.360329983888427, 44.509439999575363 ], [ 34.362776955798672, 44.509148408618771 ], [ 34.363184497309362, 44.510899404590852 ], [ 34.365631501281861, 44.510607744986714 ], [ 34.366039149006248, 44.512358719756548 ], [ 34.368486185032971, 44.512066991500106 ], [ 34.371748867242104, 44.515277080498279 ], [ 34.37664303035406, 44.514693298406023 ], [ 34.377051065929237, 44.516444191812639 ], [ 34.381945218845921, 44.515860170503402 ], [ 34.385208836968758, 44.519069753364548 ], [ 34.390103043602025, 44.518485355474283 ], [ 34.390511536276243, 44.520236149701084 ], [ 34.392958652993755, 44.519943856602964 ], [ 34.393367251968073, 44.521694629578505 ], [ 34.395814400653975, 44.521402267792674 ], [ 34.396223105939974, 44.523153019511575 ], [ 34.398670286586182, 44.522860589033364 ], [ 34.39907909819545, 44.524611319490319 ], [ 34.401526310793919, 44.524318820314939 ], [ 34.40193522873804, 44.526069529504639 ], [ 34.404382473280677, 44.525776961627429 ], [ 34.404791497571225, 44.527527649544517 ], [ 34.407238774049993, 44.527235012960752 ], [ 34.40764790469855, 44.528985679599948 ], [ 34.412951790450265, 44.530150845649757 ], [ 34.413770514488469, 44.533652090268326 ], [ 34.419074916219202, 44.53481689977599 ], [ 34.419894140393744, 44.538318052167206 ], [ 34.422341714751106, 44.538025036407753 ], [ 34.42642870082409, 44.544734089914307 ], [ 34.431734310322391, 44.545898146920933 ], [ 34.432554609933383, 44.549399107642657 ], [ 34.437860735604716, 44.550562807790563 ], [ 34.438681535937903, 44.554063676115398 ], [ 34.441129578270399, 44.553770176577643 ], [ 34.441950666383391, 44.557270995152841 ], [ 34.444398809769076, 44.556977409008972 ], [ 34.445630929767766, 44.562228556922541 ], [ 34.448079243424765, 44.561934866333687 ], [ 34.449311907478837, 44.567185928965117 ], [ 34.451760391429175, 44.566892133906649 ], [ 34.455049695186858, 44.580894669316415 ], [ 34.457498695757685, 44.580600680561851 ], [ 34.460790949468254, 44.594602846674725 ], [ 34.463240466959881, 44.594308664113598 ], [ 34.465299689801498, 44.603059813505062 ], [ 34.467749516459818, 44.60276549061804 ], [ 34.468573606731411, 44.606265889827689 ], [ 34.471023534577839, 44.605971480168101 ], [ 34.47226015939107, 44.611221998766204 ], [ 34.474710257787507, 44.61092748444775 ], [ 34.475947428462433, 44.616177917471404 ], [ 34.478397697430836, 44.615883298469392 ], [ 34.480873468978338, 44.626383961305073 ], [ 34.483324116737968, 44.626089183934504 ], [ 34.484562717975578, 44.63133941369022 ], [ 34.487013536391167, 44.631044531568719 ], [ 34.487839597364605, 44.634544631161582 ], [ 34.49029051702653, 44.634249662164358 ], [ 34.491116867299233, 44.637749711719437 ], [ 34.493567888208567, 44.637454655832826 ], [ 34.494807904124343, 44.642704649739265 ], [ 34.497259095728836, 44.642409489039736 ], [ 34.498499658776289, 44.647659397142121 ], [ 34.500951021097855, 44.647364131604988 ], [ 34.502605910286825, 44.654363887485445 ], [ 34.505057512826589, 44.654068499163074 ], [ 34.506299283815778, 44.659318224838046 ], [ 34.508751057129828, 44.659022731622677 ], [ 34.509579231941899, 44.662522495029343 ], [ 34.512031106546331, 44.662226914831272 ], [ 34.512445320024284, 44.663976773242275 ], [ 34.514897226412543, 44.663681123986812 ], [ 34.515311547120071, 44.665430960885743 ], [ 34.517763485283986, 44.665135242568219 ], [ 34.518177913232712, 44.666885057949735 ], [ 34.520629883164048, 44.666589270565382 ], [ 34.521044418365612, 44.668339064424096 ], [ 34.523496420056162, 44.668043207968239 ], [ 34.523911062522188, 44.669792980298823 ], [ 34.526363095963738, 44.669497054766715 ], [ 34.526777845705865, 44.671246805563769 ], [ 34.529229910890194, 44.6709508109507 ], [ 34.529644767920061, 44.672700540208915 ], [ 34.532096864838934, 44.672404476510188 ], [ 34.532511829168179, 44.67415418422415 ], [ 34.534963957813403, 44.673858051435055 ], [ 34.535379029453644, 44.6756077375994 ], [ 34.537831189816977, 44.675311535715231 ], [ 34.538246368779845, 44.677061200324587 ], [ 34.543566070925088, 44.678218232301155 ], [ 34.544396896042308, 44.681717471679207 ], [ 34.559526164717568, 44.681687648031122 ], [ 34.559942089032496, 44.683437150796166 ], [ 34.57016704947381, 44.683999191441956 ], [ 34.573451937519614, 44.687201006447516 ], [ 34.578356411423215, 44.686606796135841 ], [ 34.578772973945512, 44.688356158409604 ], [ 34.581225223510572, 44.688058958546129 ], [ 34.58164189348193, 44.68980829918744 ], [ 34.584094174614854, 44.689511030172632 ], [ 34.584510952046891, 44.691260349176112 ], [ 34.58696326473941, 44.690963011005259 ], [ 34.587380149643749, 44.692712308365536 ], [ 34.589832493887592, 44.69241490103397 ], [ 34.590249486275873, 44.694164176745637 ], [ 34.592701862062796, 44.693866700248627 ], [ 34.593118961946622, 44.695615954306341 ], [ 34.598441015507618, 44.696770026195622 ], [ 34.599275683332401, 44.700268444048319 ], [ 34.601728223224129, 44.699970741971313 ], [ 34.602145683679502, 44.701719927418836 ], [ 34.604598255082905, 44.701422156153662 ], [ 34.605015823090248, 44.703171319924287 ], [ 34.607468425997062, 44.702873479466213 ], [ 34.607886101567999, 44.704622621554577 ], [ 34.610338735969933, 44.704324711898892 ], [ 34.610756519116109, 44.706073832299587 ], [ 34.613209185004855, 44.705775853441622 ], [ 34.613627075737881, 44.707524952149292 ], [ 34.616079773105191, 44.707226904084337 ], [ 34.619368606215843, 44.710426919122355 ], [ 34.624274088730132, 44.709830495002507 ], [ 34.624692371831962, 44.711579510511513 ], [ 34.62959784104828, 44.710982845681777 ], [ 34.632887616225631, 44.714182348138365 ], [ 34.63779313490037, 44.713585304126234 ], [ 34.638211880016627, 44.715334218256501 ], [ 34.640664651689761, 44.715035601447269 ], [ 34.641083504479184, 44.716784493834922 ], [ 34.643536307542945, 44.716485807783641 ], [ 34.643955268017159, 44.718234678423272 ], [ 34.646408102463248, 44.717935923125246 ], [ 34.646827170633863, 44.719684772011483 ], [ 34.649280036453966, 44.719385947462058 ], [ 34.6496992123326, 44.721134774589494 ], [ 34.652152109518418, 44.720835880783959 ], [ 34.652571393116666, 44.722584686147215 ], [ 34.657896672881698, 44.723735474342718 ], [ 34.658735709232452, 44.727232994336497 ], [ 34.664061507172413, 44.728383421973554 ], [ 34.664901051040324, 44.731880847538839 ], [ 34.684525523983851, 44.729485204096193 ], [ 34.684945909657429, 44.73123376615294 ], [ 34.700083914965234, 44.731183226433409 ], [ 34.700504794400096, 44.732931672101245 ], [ 34.710737222768223, 44.733479547376724 ], [ 34.714032650299899, 44.736675968934613 ], [ 34.718938376797453, 44.736075203799729 ], [ 34.719359896260706, 44.737823507394886 ], [ 34.721812771451198, 44.737523029937975 ], [ 34.722234398816205, 44.739271311645844 ], [ 34.724687305127745, 44.738970764853953 ], [ 34.725109040406089, 44.74071902466914 ], [ 34.727561977830341, 44.740418408537607 ], [ 34.727983821033646, 44.742166646454706 ], [ 34.730436789562212, 44.741865960978828 ], [ 34.730858740702054, 44.743614176992423 ], [ 34.733311740326592, 44.743313422167532 ], [ 34.733733799414573, 44.745061616272238 ], [ 34.736186830126712, 44.744760792093693 ], [ 34.73660899717445, 44.746508964284104 ], [ 34.739062058965807, 44.746208070747187 ], [ 34.739484333984869, 44.747956221017894 ], [ 34.741937426847102, 44.747655258117959 ], [ 34.742359809849084, 44.749403386463563 ], [ 34.744812933773801, 44.749102354195927 ], [ 34.745235424770328, 44.750850460611034 ], [ 34.750564364776359, 44.751996272433132 ], [ 34.751409817312251, 44.755492393821008 ], [ 34.756739275089778, 44.756637844017185 ], [ 34.757585236820582, 44.760133870222667 ], [ 34.760038655012551, 44.759832454511738 ], [ 34.764184976897226, 44.766522849603291 ], [ 34.771545719191707, 44.765617922955158 ], [ 34.771122217157547, 44.763870017855844 ], [ 34.790748609555621, 44.761454776740749 ], [ 34.790324589887753, 44.759707014309761 ], [ 34.795230662980643, 44.759102729467109 ], [ 34.795654821656179, 44.760850455277478 ], [ 34.81527812467273, 44.758431125217392 ], [ 34.81570287788017, 44.760178700711919 ], [ 34.823061187022319, 44.759270553836657 ], [ 34.823486187317066, 44.761018070584903 ], [ 34.830844356616637, 44.760109408861375 ], [ 34.831269603999729, 44.761856866830414 ], [ 34.841505796117353, 44.76239191003156 ], [ 34.841931398782911, 44.764139287090998 ], [ 34.844384097892352, 44.763836038249018 ], [ 34.844809808762633, 44.765583393205546 ], [ 34.849715229613864, 44.764976705522336 ], [ 34.85014111815422, 44.766724019990285 ], [ 34.852593839877557, 44.766420581143755 ], [ 34.853019836647313, 44.768167873493965 ], [ 34.855472589041945, 44.767864365179172 ], [ 34.855898694052684, 44.769611635406235 ], [ 34.85835147711019, 44.769308057618552 ], [ 34.861656825612712, 44.772498884416308 ], [ 34.871467970102117, 44.771283710932231 ], [ 34.871041370776865, 44.769536558581144 ], [ 34.890661239808459, 44.767103907415773 ], [ 34.890234123969492, 44.765356898678988 ], [ 34.895138563756959, 44.764748262146547 ], [ 34.89556581839031, 44.766495234014933 ], [ 34.915182576628339, 44.764058498508184 ], [ 34.915610425206779, 44.765805319024651 ], [ 34.922966275322267, 44.764890645686712 ], [ 34.923394370934574, 44.766637407040029 ], [ 34.930750078479377, 44.765722219001972 ], [ 34.931178421126276, 44.767468921159271 ], [ 34.941414421834402, 44.767994506569273 ], [ 34.941843119869837, 44.769741127230894 ], [ 34.944294996468322, 44.769435702926245 ], [ 34.944723802868594, 44.771182301315655 ], [ 34.949627577681056, 44.770571262633254 ], [ 34.950056561804118, 44.772317820241049 ], [ 34.952508459999613, 44.772012205858012 ], [ 34.952937552512061, 44.773758741178774 ], [ 34.955389481004026, 44.773453057261655 ], [ 34.955818681917407, 44.775199570289935 ], [ 34.95827064069735, 44.774893816834144 ], [ 34.961581356832369, 44.778080952992475 ], [ 34.968937297556124, 44.777163122275937 ], [ 34.968507671774425, 44.775416709425798 ], [ 34.973411298105965, 44.774804604236536 ], [ 34.973841062554357, 44.776550980020943 ], [ 34.993454557675236, 44.774100370503902 ], [ 34.993884915776526, 44.775846594110689 ], [ 35.001239538408917, 44.774926718303995 ], [ 35.001670143571268, 44.776672882415284 ], [ 35.009024621465215, 44.775752491930049 ], [ 35.009455473689059, 44.777498596512984 ], [ 35.019692341072677, 44.778016647421481 ], [ 35.023006330386188, 44.781201511716247 ], [ 35.025457825631079, 44.78089428359138 ], [ 35.02502644003647, 44.779148301977514 ], [ 35.027477826754215, 44.77884104146473 ], [ 35.027909281625071, 44.780587004477098 ], [ 35.04751951585488, 44.778126936214214 ], [ 35.04795156408467, 44.779872746486667 ], [ 35.063090507574024, 44.779771137333753 ], [ 35.063523049887969, 44.781516828129568 ], [ 35.073759969158182, 44.782029736210916 ], [ 35.077076928877496, 44.785212589956103 ], [ 35.081979059550314, 44.784595718180242 ], [ 35.082412243965948, 44.78634126302029 ], [ 35.08486331942327, 44.786032732022832 ], [ 35.085296612474167, 44.787778254348559 ], [ 35.08774771774241, 44.787469653716691 ], [ 35.088181119440058, 44.78921515352264 ], [ 35.090632254510652, 44.788906483251807 ], [ 35.091065764866499, 44.790651960532514 ], [ 35.09351692973086, 44.790343220618063 ], [ 35.093950548756418, 44.792088675368127 ], [ 35.09640174340597, 44.791779865805523 ], [ 35.096835471112684, 44.793525298019439 ], [ 35.099286695538851, 44.793216418804057 ], [ 35.102605731235855, 44.796398266728986 ], [ 35.109959464641875, 44.795471058240366 ], [ 35.109525311853787, 44.793725727224732 ], [ 35.1119764081214, 44.7934165745191 ], [ 35.112410630129105, 44.795161886825696 ], [ 35.132018531535344, 44.792686681301809 ], [ 35.132453346691548, 44.794431839968517 ], [ 35.147593296821661, 44.794318226269624 ], [ 35.148028606207347, 44.796063264734599 ], [ 35.152930126370585, 44.795443230259757 ], [ 35.153365613701467, 44.797188227336932 ], [ 35.163604258990908, 44.797692390335712 ], [ 35.166926803977859, 44.800871842540467 ], [ 35.171828322707754, 44.800250944915753 ], [ 35.172264452757027, 44.801995795065935 ], [ 35.174715221793818, 44.801685251080258 ], [ 35.175151460677419, 44.803430078558961 ], [ 35.177602259205635, 44.803119464858277 ], [ 35.178038606935033, 44.804864269660108 ], [ 35.180489434946047, 44.804553586239855 ], [ 35.180925891532674, 44.806298368359286 ], [ 35.183376749017867, 44.805987615214889 ], [ 35.183813314473177, 44.807732374646477 ], [ 35.18626420142391, 44.807421551773366 ], [ 35.186700875759342, 44.809166288511683 ], [ 35.192039521249896, 44.810289147600571 ], [ 35.192913345246602, 44.813778526377256 ], [ 35.198252504416793, 44.81490101955162 ], [ 35.199126843632165, 44.818390299681425 ], [ 35.201578016147877, 44.818079090447696 ], [ 35.202452652814685, 44.82156831733375 ], [ 35.204903923940293, 44.821257019506113 ], [ 35.205778858130273, 44.824746193130686 ], [ 35.208230227865634, 44.824434806695542 ], [ 35.209543135253604, 44.829668481358624 ], [ 35.211994672811926, 44.829356987461374 ], [ 35.213308146190272, 44.834590570460129 ], [ 35.215759851591372, 44.834278969075918 ], [ 35.219264754190874, 44.848234867688248 ], [ 35.221716973735568, 44.847923064509345 ], [ 35.220141378474104, 44.851723803244376 ], [ 35.222593736571298, 44.851411962344628 ], [ 35.223032177816613, 44.853156405393854 ], [ 35.227936912902699, 44.852532532919106 ], [ 35.228375532606883, 44.854276934320566 ], [ 35.233280246634884, 44.85365282017969 ], [ 35.23661031859789, 44.8568293644392 ], [ 35.241515070184391, 44.856204868901678 ], [ 35.241954156051499, 44.857949164151563 ], [ 35.244406541204803, 44.85763682102646 ], [ 35.244845736298863, 44.859381093463661 ], [ 35.247298150772608, 44.859068680467388 ], [ 35.247737455105081, 44.86081293008646 ], [ 35.250189898890561, 44.86050044721442 ], [ 35.250629312472903, 44.862244674009858 ], [ 35.253081785561434, 44.86193212125751 ], [ 35.253521308405077, 44.863676325223871 ], [ 35.255973810787957, 44.863363702586625 ], [ 35.256413442904361, 44.86510788371838 ], [ 35.261758276918961, 44.866226587062691 ], [ 35.262638018330286, 44.869714854022419 ], [ 35.267983366627512, 44.870833190300942 ], [ 35.268863625392555, 44.874321357970942 ], [ 35.271316412704508, 44.874008347987001 ], [ 35.272196970270898, 44.877496462053017 ], [ 35.274649856131582, 44.877183363216332 ], [ 35.275971200903776, 44.882415447972406 ], [ 35.27842425462967, 44.882102241330685 ], [ 35.279746168114414, 44.887334233797795 ], [ 35.282199389725186, 44.887020919326204 ], [ 35.284403727652474, 44.895740733164509 ], [ 35.286857255869656, 44.895427272932807 ], [ 35.287298313179015, 44.897171204909242 ], [ 35.289751870618382, 44.89685767470327 ], [ 35.290193037426022, 44.898601583773697 ], [ 35.292646624078834, 44.89828798358888 ], [ 35.293087900396223, 44.900031869747828 ], [ 35.295541516253735, 44.899718199579574 ], [ 35.295982902092334, 44.901462062821544 ], [ 35.298436547145798, 44.901148322665328 ], [ 35.298878042517067, 44.902892162984834 ], [ 35.301331716757744, 44.902578352836073 ], [ 35.301773321673132, 44.90432217022763 ], [ 35.304227025092267, 44.904008290081762 ], [ 35.304668739563233, 44.905752084539877 ], [ 35.307122472152074, 44.905438134392348 ], [ 35.310459991556385, 44.908611634332495 ], [ 35.31536753313641, 44.907983402981053 ], [ 35.314925460792224, 44.906239692387267 ], [ 35.322286263366813, 44.905297019708549 ], [ 35.321844023206459, 44.903553362142844 ], [ 35.341470504399503, 44.901037476149106 ], [ 35.341027749938547, 44.899293966709202 ], [ 35.343480809572782, 44.898979270509635 ], [ 35.343923633331357, 44.900722760925305 ], [ 35.363547213881191, 44.898203203807931 ], [ 35.363990632198039, 44.899946537943116 ], [ 35.379150913413007, 44.899797830818414 ], [ 35.379594827999355, 44.901541042622384 ], [ 35.389849744477829, 44.902021720413053 ], [ 35.393191107492427, 44.905192173369308 ], [ 35.398096541928986, 44.904560424345725 ], [ 35.398541102882611, 44.906303486597039 ], [ 35.400993828690844, 44.905987516555676 ], [ 35.401438499331434, 44.907730555710238 ], [ 35.403891253935946, 44.907414515613695 ], [ 35.404336034274927, 44.909157531665954 ], [ 35.406788817666879, 44.908841421509678 ], [ 35.407233707715662, 44.910584414454163 ], [ 35.409686519886264, 44.910268234233605 ], [ 35.410131519656254, 44.912011204064818 ], [ 35.412584360596703, 44.911694953775459 ], [ 35.413029470099346, 44.913437900487885 ], [ 35.418380457501172, 44.91454811327273 ], [ 35.419271156016556, 44.918033910178252 ], [ 35.424622656948387, 44.91914375410343 ], [ 35.425513875641343, 44.922629450424779 ], [ 35.42796699882124, 44.922312811458099 ], [ 35.428858518220082, 44.925798453449467 ], [ 35.431311739390587, 44.925481725240537 ], [ 35.43264953050749, 44.930710100677416 ], [ 35.435102918951863, 44.930393264068151 ], [ 35.436441283117112, 44.935621545890434 ], [ 35.438894838854544, 44.935304600855957 ], [ 35.442466150937925, 44.949246355481741 ], [ 35.44492022061926, 44.948929206196105 ], [ 35.445366886778316, 44.950671888247143 ], [ 35.442912747753503, 44.950989056696308 ], [ 35.446486985621938, 44.964930521418005 ], [ 35.448941679600331, 44.96461319962043 ], [ 35.449388711713226, 44.966355845406412 ], [ 35.451843434402832, 44.966038453403108 ], [ 35.452290576595615, 44.967781075979964 ], [ 35.454745327987588, 44.967463613766405 ], [ 35.455192580271707, 44.969206213128651 ], [ 35.460549531514133, 44.970313654194662 ], [ 35.461444517240587, 44.973798755989868 ], [ 35.46680198296422, 44.974905827273332 ], [ 35.467697490730011, 44.978390828047729 ], [ 35.470152524314202, 44.978072976310756 ], [ 35.47104833393032, 44.981557922510177 ], [ 35.47350346558278, 44.981239981320087 ], [ 35.474847694062817, 44.986467312661603 ], [ 35.47730299321222, 44.986149262790896 ], [ 35.478647797098766, 44.99137650007038 ], [ 35.481103263764183, 44.991058341494096 ], [ 35.484691759002743, 45.004997308946372 ], [ 35.487147740562676, 45.004678945491158 ], [ 35.488494308623224, 45.009905933722763 ], [ 35.486038118578954, 45.010224354880428 ], [ 35.489630208988231, 45.024162965624832 ], [ 35.487173421837312, 45.02448148959536 ], [ 35.488520921724692, 45.029708459417634 ], [ 35.486063884982876, 45.030026989998454 ], [ 35.487411544256545, 45.035253981033676 ], [ 35.484954257851214, 45.035572518215261 ], [ 35.485852762713563, 45.039057197104832 ], [ 35.483395296187801, 45.03937572163489 ], [ 35.483844540373596, 45.041118074236294 ], [ 35.486302076515109, 45.040799530463474 ], [ 35.486751431236186, 45.042541859764093 ], [ 35.489208996075156, 45.042223245602131 ], [ 35.489658461343005, 45.04396555159645 ], [ 35.495023252903664, 45.04507039476939 ], [ 35.495922666649747, 45.048554909436433 ], [ 35.498380387154086, 45.048236064819932 ], [ 35.498830225095794, 45.049978296797406 ], [ 35.501287974263114, 45.049659381769629 ], [ 35.501737922807642, 45.051401590417065 ], [ 35.504195700629033, 45.051082604973487 ], [ 35.507553736038965, 45.05424789639212 ], [ 35.512469365238559, 45.053609592664905 ], [ 35.51582799871192, 45.056774560128744 ], [ 35.520743660324115, 45.056135872374831 ], [ 35.524102891871316, 45.059300515783825 ], [ 35.529018585731272, 45.05866144396736 ], [ 35.529469517716961, 45.060403431253043 ], [ 35.531927372678688, 45.060083799322172 ], [ 35.532378415362714, 45.061825763221449 ], [ 35.534836298876193, 45.061506060836912 ], [ 35.535287452270012, 45.063248001344242 ], [ 35.537745364326305, 45.062928228501498 ], [ 35.538196628441391, 45.064670145611316 ], [ 35.540654569031481, 45.06435030230584 ], [ 35.541105943879302, 45.066092196012612 ], [ 35.543563912994237, 45.065772282239891 ], [ 35.544015398586239, 45.067514152538045 ], [ 35.549383018702436, 45.068615960456746 ], [ 35.550286474071683, 45.07209960329368 ], [ 35.555654610154107, 45.073201039679617 ], [ 35.556558591005818, 45.076684580611307 ], [ 35.559016841898732, 45.07636427575008 ], [ 35.559921126738338, 45.079847761610395 ], [ 35.562379475758725, 45.079527366898922 ], [ 35.567552462727292, 45.089657048013919 ], [ 35.570011147353362, 45.0893364348414 ], [ 35.573633585797531, 45.103269552811767 ], [ 35.576092786801404, 45.102948733521146 ], [ 35.575639767898032, 45.101207127517192 ], [ 35.578098857915748, 45.100886276409447 ], [ 35.577192804485115, 45.097403090825644 ], [ 35.579651713825399, 45.097082227283494 ], [ 35.579198679310821, 45.095340647703992 ], [ 35.581657477693241, 45.095019752360407 ], [ 35.581204414757586, 45.093278188048586 ], [ 35.583663102191139, 45.092957260910524 ], [ 35.583210010845903, 45.091215711867441 ], [ 35.585668587339612, 45.090894752941878 ], [ 35.585215467596214, 45.089153219168573 ], [ 35.58767393315911, 45.088832228462493 ], [ 35.587220785029025, 45.087090709960009 ], [ 35.589679139670103, 45.086769687480384 ], [ 35.591231002023974, 45.082965642045842 ], [ 35.596147226396596, 45.082323418891882 ], [ 35.597698573038421, 45.078519358684979 ], [ 35.602614271284217, 45.077876906283421 ], [ 35.602160842201073, 45.076135502939991 ], [ 35.607076236112555, 45.075492884830453 ], [ 35.606622709153157, 45.073751516168286 ], [ 35.613995281568222, 45.072787263832105 ], [ 35.613541587209454, 45.071045949266733 ], [ 35.620913579184815, 45.07008129518529 ], [ 35.620459717497049, 45.068340034736195 ], [ 35.640115987998435, 45.065765531065757 ], [ 35.639661611514583, 45.064024421910915 ], [ 35.644575126634464, 45.063380324049696 ], [ 35.645029642101726, 45.065121394321075 ], [ 35.664682603056775, 45.062542804600497 ], [ 35.665137715697739, 45.06428371507814 ], [ 35.680331684324351, 45.064088301036008 ], [ 35.680787296547898, 45.06582908634477 ], [ 35.691068552890108, 45.066277810345809 ], [ 35.694436976074769, 45.069436023313976 ], [ 35.699349723152174, 45.068789508364581 ], [ 35.69980598741266, 45.070530140538736 ], [ 35.702262368101273, 45.070206786987583 ], [ 35.702718743323771, 45.071947395483456 ], [ 35.705175151911355, 45.071623971372908 ], [ 35.705631638107242, 45.073364556184927 ], [ 35.708088074584701, 45.073041061510516 ], [ 35.708544671765395, 45.074781622633111 ], [ 35.711001136123691, 45.074458057390352 ], [ 35.711457844300583, 45.076198594817953 ], [ 35.71391433653065, 45.07587495900237 ], [ 35.714371155715106, 45.07761547272942 ], [ 35.719741153957685, 45.078708479382705 ], [ 35.720655278023266, 45.082189407827059 ], [ 35.726025790213036, 45.083282041440171 ], [ 35.726940441730335, 45.086762866646268 ], [ 35.729397212080961, 45.086438838795715 ], [ 35.730312169029041, 45.089919608181312 ], [ 35.732769036657892, 45.089595490165564 ], [ 35.737972566759431, 45.09971329416036 ], [ 35.740429767903123, 45.099388956634535 ], [ 35.744094930444462, 45.113311196408283 ], [ 35.746552645939587, 45.112986651191491 ], [ 35.747011048493817, 45.114726892731042 ], [ 35.744553263468283, 45.115051457530924 ], [ 35.74822143023718, 45.128973395629508 ], [ 35.74576304699896, 45.129298066019409 ], [ 35.746056665809995, 45.140064197845568 ], [ 35.743597781402535, 45.140388883522412 ], [ 35.74297382950887, 45.147674599288649 ], [ 35.738514003347866, 45.15006417062397 ], [ 35.739431546092561, 45.153544756053797 ], [ 35.736972006966511, 45.153869374240749 ], [ 35.737430771332399, 45.155609680255132 ], [ 35.734971120730421, 45.155934266857635 ], [ 35.735429857186119, 45.157674588266531 ], [ 35.732970095099077, 45.157999143277593 ], [ 35.733428803633167, 45.159739480080027 ], [ 35.730968930051901, 45.160064003492678 ], [ 35.731427610652915, 45.161804355687579 ], [ 35.728967625568323, 45.162128847494856 ], [ 35.727424806328351, 45.165934058252901 ], [ 35.729884972664749, 45.165609578478474 ], [ 35.730802486913035, 45.169090292704006 ], [ 35.733262750948199, 45.168765722564928 ], [ 35.733721640517665, 45.170506053806484 ], [ 35.74894211491155, 45.17029764975188 ], [ 35.749401506584761, 45.17203785502025 ], [ 35.759701689756199, 45.172477721258439 ], [ 35.763081462470964, 45.175632702945052 ], [ 35.76800178115581, 45.174982047520807 ], [ 35.771382153579317, 45.178136701787125 ], [ 35.776302499692022, 45.177485660703347 ], [ 35.775842201324842, 45.17574567270583 ], [ 35.780301844436764, 45.173354513246899 ], [ 35.778920908458097, 45.168134629185467 ], [ 35.776461188722877, 45.168460179472042 ], [ 35.775080839045359, 45.16324019857386 ], [ 35.772621286436106, 45.163565638785578 ], [ 35.768942754415754, 45.149645347438138 ], [ 35.766483717136822, 45.149970579476069 ], [ 35.76556464204932, 45.146490425325865 ], [ 35.768023540079184, 45.146165232529533 ], [ 35.764348356309938, 45.13224460471443 ], [ 35.766806655759765, 45.131919517728697 ], [ 35.765428943190045, 45.126699271790216 ], [ 35.767886992155631, 45.126374192540325 ], [ 35.766509447206978, 45.121153967620145 ], [ 35.768967245761324, 45.120828896115384 ], [ 35.76958830494609, 45.113543571703758 ], [ 35.774043928119184, 45.111153308478912 ], [ 35.773125635734509, 45.107673252402236 ], [ 35.775582780637897, 45.107348113906447 ], [ 35.775123627663831, 45.105608099178596 ], [ 35.777580661314843, 45.105282929244524 ], [ 35.777121480674737, 45.103542929929887 ], [ 35.779578403082475, 45.103217728564523 ], [ 35.77911919478769, 45.101477744664123 ], [ 35.781576005961277, 45.101152511874375 ], [ 35.781116770023196, 45.099412543389235 ], [ 35.78357346997177, 45.099087279182086 ], [ 35.783114206401748, 45.097347326113209 ], [ 35.785570795134412, 45.097022030495623 ], [ 35.787108662669937, 45.093216843589651 ], [ 35.79202135352579, 45.09256607573478 ], [ 35.793558707716294, 45.088760875967374 ], [ 35.798470870222722, 45.088109880562691 ], [ 35.79801132993299, 45.086370043860185 ], [ 35.802923186470622, 45.085718883719217 ], [ 35.802463549289385, 45.083979082083367 ], [ 35.816737687700801, 45.080284807768628 ], [ 35.816277718222103, 45.078545115596533 ], [ 35.835919798700402, 45.075936460384227 ], [ 35.835459316796275, 45.074196921331243 ], [ 35.837914319162969, 45.073870629788331 ], [ 35.838374870329901, 45.075610149161093 ], [ 35.858013934767826, 45.072997825290308 ], [ 35.858475081810461, 45.074737182879396 ], [ 35.865839246828592, 45.073756661833329 ], [ 35.866300643498768, 45.075495956049572 ], [ 35.87366463852895, 45.07451491748423 ], [ 35.874126284824037, 45.076254148294701 ], [ 35.884406599046592, 45.076684452653623 ], [ 35.884868606179623, 45.078423596036686 ], [ 35.887323226852452, 45.078096218437793 ], [ 35.887785345212428, 45.079835337826566 ], [ 35.892694598890536, 45.079180390376592 ], [ 35.893156897695206, 45.080919466017477 ], [ 35.89561153068108, 45.080591896161522 ], [ 35.898991122193664, 45.083742334878821 ], [ 35.906355057835064, 45.082759048490658 ], [ 35.905892328919549, 45.081020080159355 ], [ 35.925527085276592, 45.078395901222592 ], [ 35.92506384508863, 45.076657086837201 ], [ 35.929971974787762, 45.076000572697907 ], [ 35.930435353266979, 45.077739347502465 ], [ 35.950066739478146, 45.075111097254286 ], [ 35.95053071311645, 45.076849709337651 ], [ 35.965717326481943, 45.076614754937275 ], [ 35.966181799133992, 45.078353239483057 ], [ 35.97108913212233, 45.077694938824138 ], [ 35.971553785189023, 45.079433379396512 ], [ 35.981833192260467, 45.079854445269767 ], [ 35.98521697282915, 45.083001636658864 ], [ 35.990124266877274, 45.082342465160778 ], [ 35.990589572611754, 45.084080749544505 ], [ 35.993043225275287, 45.083751067644705 ], [ 35.993508642392463, 45.085489327852954 ], [ 35.995962321830618, 45.085159575225987 ], [ 35.99642785034176, 45.086897811253145 ], [ 35.998881556545321, 45.086567987894611 ], [ 35.999347196461663, 45.088306199735079 ], [ 36.001800929421407, 45.087976305640531 ], [ 36.002266680754246, 45.089714493288731 ], [ 36.004720440460957, 45.089384528453763 ], [ 36.005186303221556, 45.091122691904083 ], [ 36.010559877038609, 45.092200689242084 ], [ 36.011492090708956, 45.095676915001235 ], [ 36.016866174878764, 45.096754536782313 ], [ 36.017798919225072, 45.100230657028632 ], [ 36.020252950719858, 45.099900298611693 ], [ 36.021186002881528, 45.10337636175759 ], [ 36.023640130175203, 45.103045912653265 ], [ 36.025040233892717, 45.108259915206816 ], [ 36.029948775869386, 45.107598744885657 ], [ 36.029481893971287, 45.105860788199514 ], [ 36.036844181266645, 45.10486871097757 ], [ 36.03637713451581, 45.103130809743014 ], [ 36.043738832434769, 45.102138334582015 ], [ 36.043271620901955, 45.100400488818082 ], [ 36.06290039381436, 45.097751810747496 ], [ 36.062432672367628, 45.096014120234322 ], [ 36.064886008715291, 45.09568282668446 ], [ 36.065353799188678, 45.097420497236932 ], [ 36.084979511119016, 45.094768159631833 ], [ 36.085447896200442, 45.096505666043939 ], [ 36.092807043023818, 45.095510141101101 ], [ 36.093275677646041, 45.097247583186018 ], [ 36.100634648156799, 45.096251541027044 ], [ 36.101103532316408, 45.097988918751923 ], [ 36.111384375038348, 45.098397364659661 ], [ 36.114775918621014, 45.101539539296951 ], [ 36.119681811365211, 45.100874589119158 ], [ 36.120151348866386, 45.102611809258796 ], [ 36.122604300212075, 45.10227923795 ], [ 36.123073949349617, 45.104016433686439 ], [ 36.125526926987881, 45.103683791550431 ], [ 36.125996687773025, 45.105420962878007 ], [ 36.12844969169457, 45.105088249910395 ], [ 36.128919564138521, 45.106825396823538 ], [ 36.131372594334053, 45.106492613019945 ], [ 36.131842578448023, 45.108229735513007 ], [ 36.134295634908263, 45.107896880869056 ], [ 36.134765730703485, 45.109633978936465 ], [ 36.140142129868536, 45.110705130746027 ], [ 36.139671853411116, 45.108968077164931 ], [ 36.147030716989114, 45.107968843576039 ], [ 36.144208714460902, 45.097546791114652 ], [ 36.14666116991291, 45.09721373205317 ], [ 36.146292291219744, 45.086458652689082 ], [ 36.148744247886633, 45.086125612465601 ], [ 36.149315604123927, 45.078844614619982 ], [ 36.153748582753309, 45.076441493406556 ], [ 36.152808370142878, 45.072967585139708 ], [ 36.155259674111726, 45.072634482410734 ], [ 36.154789563034541, 45.070897541762498 ], [ 36.157240755499679, 45.070564408382666 ], [ 36.156770618313708, 45.068827483412385 ], [ 36.159221699284423, 45.068494319388577 ], [ 36.158751536000821, 45.066757410097196 ], [ 36.161202505486415, 45.066424215436342 ], [ 36.160732316116359, 45.064687321824827 ], [ 36.16318317412609, 45.064354096533812 ], [ 36.162712958680764, 45.062617218603116 ], [ 36.165163705223911, 45.062283962688916 ], [ 36.166673831237922, 45.058476967343296 ], [ 36.171574835809992, 45.057810282386434 ], [ 36.173084454605508, 45.05400327804265 ], [ 36.177984928022731, 45.053336369369561 ], [ 36.177514444943704, 45.05159961001582 ], [ 36.182414610088173, 45.050932538865958 ], [ 36.18194403232603, 45.049195815287199 ], [ 36.189293753547396, 45.048194888936088 ], [ 36.18882301246267, 45.046458221231809 ], [ 36.196172143067642, 45.045456899380255 ], [ 36.195701238730862, 45.043720287569293 ], [ 36.215296489971792, 45.041048029158731 ], [ 36.214825079339441, 45.039311573836841 ], [ 36.217274224651732, 45.038977333882343 ], [ 36.217745703892959, 45.040713769080384 ], [ 36.237337874255829, 45.038037866734228 ], [ 36.23780994503813, 45.039774136420398 ], [ 36.240258842196887, 45.039439400798415 ], [ 36.239786702841954, 45.037703151262555 ], [ 36.242235488585287, 45.03736838520382 ], [ 36.241763323510746, 45.035632151398765 ], [ 36.244211997847948, 45.035297354910135 ], [ 36.243739807064898, 45.033561136836795 ], [ 36.246188370005271, 45.03322630992519 ], [ 36.24571615352481, 45.031490107584567 ], [ 36.248164605077662, 45.031155250256866 ], [ 36.247692362910918, 45.029419063649861 ], [ 36.250140703085535, 45.029084175912956 ], [ 36.251644370543275, 45.025276931764488 ], [ 36.256540562581577, 45.024606984142117 ], [ 36.258043724879791, 45.020799731938695 ], [ 36.262939385816807, 45.020129561703648 ], [ 36.262466878437458, 45.018393494117788 ], [ 36.267362230978669, 45.017723162081445 ], [ 36.266889629543336, 45.015987130413414 ], [ 36.281101278216362, 45.012239127773398 ], [ 36.280628351937345, 45.010503208338697 ], [ 36.300204345307577, 45.007817919442559 ], [ 36.299730914791098, 45.006082157179414 ], [ 36.304624347141434, 45.005410370461618 ], [ 36.305097914393855, 45.007146092294427 ], [ 36.324670472386259, 45.004456764591737 ], [ 36.325144629388241, 45.006192320132499 ], [ 36.340297262217163, 45.005908512912477 ], [ 36.34077191518908, 45.007643938020891 ], [ 36.351031918936535, 45.008031948546616 ], [ 36.354428342546079, 45.011165595060774 ], [ 36.359320925094877, 45.010491405280355 ], [ 36.359796228494304, 45.01222667059173 ], [ 36.362242523435597, 45.011889479741839 ], [ 36.362717938238738, 45.013624720288597 ], [ 36.36516425838068, 45.013287458699971 ], [ 36.365639784598578, 45.015022674476477 ], [ 36.368086129931861, 45.01468534214483 ], [ 36.368561767575535, 45.016420533145499 ], [ 36.371008138090801, 45.016083130066477 ], [ 36.371483887171301, 45.017818296285697 ], [ 36.373930282859206, 45.017480822455013 ], [ 36.374406143387574, 45.01921596388717 ], [ 36.379774982231176, 45.020275920593022 ], [ 36.380727192313344, 45.023746099786749 ], [ 36.386096534491394, 45.024805678707203 ], [ 36.387049276920926, 45.028275749686493 ], [ 36.389495934967023, 45.027937881385192 ], [ 36.390448986843985, 45.031407893740699 ], [ 36.392895738335021, 45.031069934324407 ], [ 36.39432584526859, 45.036274858148438 ], [ 36.396772758541005, 45.0359367872679 ], [ 36.398203459611381, 45.041141609599023 ], [ 36.400650534681219, 45.040803427229356 ], [ 36.402559015109283, 45.047743045952174 ], [ 36.40745358233022, 45.047066367004675 ], [ 36.407930947357244, 45.048801219723941 ], [ 36.418197517508801, 45.049181941431627 ], [ 36.421600329899924, 45.052312762870471 ], [ 36.426494837683094, 45.051635214323305 ], [ 36.426972854508648, 45.053369906428799 ], [ 36.429420111739759, 45.05303103606478 ], [ 36.42989824027304, 45.054765703272174 ], [ 36.432345522503667, 45.054426762050852 ], [ 36.432823762755717, 45.056161404354519 ], [ 36.435271069976473, 45.055822392271558 ], [ 36.43574942195832, 45.057557009665892 ], [ 36.438196754159776, 45.057217926716994 ], [ 36.438675217882455, 45.058952519196353 ], [ 36.441122575055225, 45.058613365377241 ], [ 36.441601150529756, 45.060347932935997 ], [ 36.444048532664432, 45.060008708242336 ], [ 36.44452721990185, 45.061743250874848 ], [ 36.44990085803061, 45.062799106547416 ], [ 36.450858723053983, 45.066268087544294 ], [ 36.456232864670554, 45.067323564424171 ], [ 36.457191263827497, 45.07079243656792 ], [ 36.459638907369637, 45.07045281659277 ], [ 36.460597617130368, 45.073921629752427 ], [ 36.463045353958208, 45.073581918441135 ], [ 36.464004374395088, 45.077050672597835 ], [ 36.466452204506297, 45.076710869936939 ], [ 36.467891266540398, 45.081913905829197 ], [ 36.47033925832946, 45.081573991365907 ], [ 36.47129898737213, 45.085042618375894 ], [ 36.473747072446223, 45.084702612530997 ], [ 36.474707112412297, 45.088171180477097 ], [ 36.477155290769097, 45.087831083237198 ], [ 36.478595882542244, 45.093033839711786 ], [ 36.483972940313656, 45.094087573143639 ], [ 36.484933913484788, 45.097555963784771 ], [ 36.487382371675615, 45.097215592279269 ], [ 36.488343656060096, 45.100683923780934 ], [ 36.490792207524215, 45.100343460826686 ], [ 36.492234666449832, 45.105545862508322 ], [ 36.494683379631404, 45.105205287615284 ], [ 36.49612643650697, 45.110407586854222 ], [ 36.498575311421703, 45.110066899997456 ], [ 36.502425931437315, 45.123939333437932 ], [ 36.504875310534516, 45.12359843212802 ], [ 36.506320219203495, 45.128800457884701 ], [ 36.503870634579933, 45.129141420687475 ], [ 36.507725099313198, 45.143013452442581 ], [ 36.505274922641135, 45.143354528701174 ], [ 36.505716564509001, 45.154099632401568 ], [ 36.503265888830654, 45.154440730522332 ], [ 36.50423005566131, 45.157908760994182 ], [ 36.501779198997987, 45.15824984952539 ], [ 36.501256608256881, 45.165527057617297 ], [ 36.496836176512488, 45.167943217773967 ], [ 36.497800406781131, 45.171411348335795 ], [ 36.495348894506719, 45.17175237791443 ], [ 36.495831006605002, 45.173486456848153 ], [ 36.493379381878654, 45.173827456289686 ], [ 36.493861469048376, 45.175561551159134 ], [ 36.491409731860593, 45.175902520456681 ], [ 36.491891794090677, 45.177636631260974 ], [ 36.489439944431957, 45.177977570407599 ], [ 36.489921981711312, 45.179711697145812 ], [ 36.487470019572108, 45.180052606134616 ], [ 36.487952031889648, 45.181786748805827 ], [ 36.485499957260473, 45.182127627629917 ], [ 36.484011719837049, 45.185936809420149 ], [ 36.479107076805086, 45.186618395691895 ], [ 36.480552813887883, 45.191821014873611 ], [ 36.483005363584702, 45.1914801856 ], [ 36.484451700907591, 45.196682702233687 ], [ 36.486904413171793, 45.196341760780591 ], [ 36.488351350949003, 45.201544174823361 ], [ 36.490804225796396, 45.201203121165697 ], [ 36.492251764242177, 45.206405432574684 ], [ 36.494704801688599, 45.206064266687449 ], [ 36.496635741809854, 45.213000535851791 ], [ 36.499089010697311, 45.212659237190174 ], [ 36.502953546828365, 45.226531391760417 ], [ 36.505407322632067, 45.226189878164135 ], [ 36.506374033249678, 45.229657829963173 ], [ 36.503920119697611, 45.22999938462722 ], [ 36.507788167667243, 45.243871172874428 ], [ 36.505333658958321, 45.244212841095674 ], [ 36.506784695029992, 45.24941474770597 ], [ 36.504329935559213, 45.249756426785495 ], [ 36.505297374769256, 45.253224382695535 ], [ 36.507752272152139, 45.252882662528471 ], [ 36.508720025111778, 45.256350559012262 ], [ 36.514114044201342, 45.257400784404169 ], [ 36.51508233689583, 45.260868571156756 ], [ 36.517537447189653, 45.260526595881032 ], [ 36.518506053823245, 45.26399432315452 ], [ 36.520961258068738, 45.263652255967443 ], [ 36.522414705072443, 45.268853750739829 ], [ 36.524870072257642, 45.268511571057566 ], [ 36.526324122532387, 45.273712962762694 ], [ 36.528779652673059, 45.273370670560183 ], [ 36.532659610823352, 45.287240681479332 ], [ 36.535115649090422, 45.286898173797972 ], [ 36.536086217568091, 45.290365589334527 ], [ 36.540998437972682, 45.289680339135188 ], [ 36.540512993589701, 45.287946674860208 ], [ 36.547880786181608, 45.28691848022418 ], [ 36.548366437666864, 45.28865208269103 ], [ 36.568012494435166, 45.285907829932725 ], [ 36.568498742162539, 45.28764126283459 ], [ 36.588142523140647, 45.284893594214239 ], [ 36.588629366895809, 45.286626857351919 ], [ 36.595995261975936, 45.285595581781713 ], [ 36.59256608876683, 45.282472942799366 ], [ 36.595021204990132, 45.282129174823183 ], [ 36.592586836679629, 45.273463076357181 ], [ 36.595041564051293, 45.273119360912006 ], [ 36.592607956722752, 45.264453249947678 ], [ 36.595062295424121, 45.264109587034049 ], [ 36.593115929725279, 45.257176697534661 ], [ 36.595569948783329, 45.256833066502779 ], [ 36.594110431957468, 45.251633412724679 ], [ 36.591656619419844, 45.25197698180888 ], [ 36.590197706657598, 45.24677722443969 ], [ 36.587744056433458, 45.247120680882958 ], [ 36.586771806347436, 45.243654111561817 ], [ 36.581378727535785, 45.242607456920105 ], [ 36.580407017506836, 45.239140777331883 ], [ 36.575014445052631, 45.238093740994785 ], [ 36.574043274899758, 45.234626951199452 ], [ 36.568651208772252, 45.233579533265591 ], [ 36.567680578314402, 45.230112633323067 ], [ 36.565227376200475, 45.230455508004567 ], [ 36.564742195861974, 45.228722030507676 ], [ 36.562289018482787, 45.229064833891059 ], [ 36.561318927538984, 45.225597823861236 ], [ 36.555927873972365, 45.224549643029739 ], [ 36.554958322361678, 45.221082522972566 ], [ 36.552505356812333, 45.221425071305006 ], [ 36.551536118805735, 45.217957891654052 ], [ 36.549083246802937, 45.218300348128153 ], [ 36.548114322327379, 45.214833108902525 ], [ 36.545661543873635, 45.215175473531772 ], [ 36.54469293285608, 45.211708174750513 ], [ 36.542240247953892, 45.212050447548357 ], [ 36.541271950321288, 45.208583089230537 ], [ 36.538819358973178, 45.208925270210472 ], [ 36.537851374652504, 45.205457852375133 ], [ 36.53539887686096, 45.205799941550595 ], [ 36.530044261350213, 45.195739369619275 ], [ 36.5324963906642, 45.195397454460654 ], [ 36.530562278025954, 45.1884623712793 ], [ 36.533014088624356, 45.188120487684564 ], [ 36.531563758912363, 45.182919188783103 ], [ 36.534015319583887, 45.182577316207421 ], [ 36.532565178778491, 45.177376037673035 ], [ 36.535016489596032, 45.177034176124941 ], [ 36.533566537682411, 45.171832917957872 ], [ 36.536017598718843, 45.171491067445942 ], [ 36.534567835682175, 45.166289829646338 ], [ 36.537018647010306, 45.165947990179163 ], [ 36.536570249201247, 45.155203747269276 ], [ 36.539020561331284, 45.154861929917331 ], [ 36.538054386504086, 45.151394483372421 ], [ 36.540504517689101, 45.151052656543627 ], [ 36.540056309959894, 45.140308576021752 ], [ 36.542505942340632, 45.139966771361145 ], [ 36.541540057525438, 45.136499374723378 ], [ 36.543989509099553, 45.136157560613455 ], [ 36.542540804979161, 45.130956492903152 ], [ 36.544990007311554, 45.130614689899566 ], [ 36.544024286642092, 45.127147329589654 ], [ 36.546473308254782, 45.126805517155006 ], [ 36.545024850368726, 45.121604503935956 ], [ 36.547473622863642, 45.121262702625486 ], [ 36.546508066360865, 45.117795378642718 ], [ 36.548956658222949, 45.117453567919462 ], [ 36.54799114002963, 45.113986266685778 ], [ 36.55043955129441, 45.113644446558652 ], [ 36.548991397155589, 45.108443521953028 ], [ 36.551439559477778, 45.108101712977287 ], [ 36.550474205495185, 45.104634448069604 ], [ 36.552922187306855, 45.104292629708183 ], [ 36.551956871672417, 45.100825387549143 ], [ 36.554404673009074, 45.100483559810982 ], [ 36.552956822741557, 45.095282723816482 ], [ 36.555404375310637, 45.094940907256913 ], [ 36.554439223930871, 45.091473701422714 ], [ 36.55688659611166, 45.09113187550463 ], [ 36.555921483118709, 45.087664692418656 ], [ 36.558368674946649, 45.087322857150916 ], [ 36.556921128674261, 45.082122109765194 ], [ 36.55936807190951, 45.081780285703211 ], [ 36.558403123215051, 45.078313138940977 ], [ 36.560849886184101, 45.077971305547585 ], [ 36.559884975915061, 45.074504181533143 ], [ 36.562331558653362, 45.074162338817203 ], [ 36.560884316499646, 45.068961680037951 ], [ 36.563330650819957, 45.068619848554974 ], [ 36.562365904893142, 45.065152760863135 ], [ 36.564812059069268, 45.064810920075814 ], [ 36.563847351606391, 45.061343855131383 ], [ 36.566293325673726, 45.061002005048607 ], [ 36.56484638776201, 45.055801434873487 ], [ 36.5672921135859, 45.055459596050824 ], [ 36.566327570508903, 45.051992567427895 ], [ 36.56877311631051, 45.051650719327959 ], [ 36.567808611735913, 45.048183713451991 ], [ 36.570253977550607, 45.047841856083686 ], [ 36.569289511493899, 45.044374872954684 ], [ 36.571734697357037, 45.044033006326899 ], [ 36.570770269833659, 45.040566045944892 ], [ 36.573215275780591, 45.04022417006648 ], [ 36.57225088680601, 45.036757232431448 ], [ 36.574695712872106, 45.036415347311298 ], [ 36.573731362461764, 45.032948432423275 ], [ 36.576176008682353, 45.032606538070262 ], [ 36.575211696851675, 45.029139645929199 ], [ 36.577656163262098, 45.028797742352218 ], [ 36.576691890026524, 45.025330872958151 ], [ 36.579136176662097, 45.024988960166056 ], [ 36.577689890227099, 45.019788683313848 ], [ 36.58013392909973, 45.019446781864758 ], [ 36.579169820431012, 45.01597994878864 ], [ 36.581613679615089, 45.015638038142598 ], [ 36.580649609579744, 45.012171227813049 ], [ 36.583093289110558, 45.011829307978935 ], [ 36.582129257723992, 45.00836252039602 ], [ 36.58457275763682, 45.008020591382689 ], [ 36.58360876491443, 45.004553826546342 ], [ 36.58605208524456, 45.004211888362669 ], [ 36.585088131201715, 45.000745146272919 ], [ 36.587531271984417, 45.000403198927792 ], [ 36.586567356636507, 44.996936479584654 ], [ 36.589010317907039, 44.99659452308687 ], [ 36.588046441269427, 44.993127826490344 ], [ 36.590489223063031, 44.992785860848848 ], [ 36.589525385151092, 44.989319186998927 ], [ 36.591967987503011, 44.988977212222515 ], [ 36.591004188332093, 44.985510561119234 ], [ 36.593446611277571, 44.98516857721679 ], [ 36.592482850863028, 44.981701948860142 ], [ 36.594925094437272, 44.981359955840524 ], [ 36.593961372794453, 44.977893350230495 ], [ 36.596403437032677, 44.977551348102558 ], [ 36.595439754176908, 44.974084765239162 ], [ 36.597881639114341, 44.973742754011788 ], [ 36.596917995060949, 44.970276193895039 ], [ 36.599359700732776, 44.96993417357703 ], [ 36.59839609549708, 44.966467636206943 ], [ 36.600837621938496, 44.966125606807161 ], [ 36.599874055535786, 44.962659092183721 ], [ 36.602315402781983, 44.962317053711054 ], [ 36.601351875227614, 44.958850561834296 ], [ 36.603793043313736, 44.958508514297549 ], [ 36.602829554622971, 44.95504204516746 ], [ 36.605270543584211, 44.954699988575506 ], [ 36.604307093772334, 44.951233542192092 ], [ 36.606747903643843, 44.950891476553771 ], [ 36.605784492726158, 44.94742505291704 ], [ 36.608225123543058, 44.947082978241205 ], [ 36.607261751534843, 44.943616577351179 ], [ 36.60970220333229, 44.943274493646634 ], [ 36.60825726907737, 44.938074919544313 ], [ 36.605817020380307, 44.938416941583355 ], [ 36.604372681342213, 44.933217264507903 ], [ 36.601932592142198, 44.9335591747693 ], [ 36.600970052579804, 44.930092659351629 ], [ 36.598530055190096, 44.930434478401523 ], [ 36.594165998903989, 44.923842997158367 ], [ 36.588805568145155, 44.922792855317901 ], [ 36.584443401640364, 44.916200783116793 ], [ 36.579083806913424, 44.915150050926066 ], [ 36.57812325853611, 44.911683138209476 ], [ 36.57276416151862, 44.91063202778674 ], [ 36.571804144331743, 44.907165005620172 ], [ 36.566445544993222, 44.906113517062828 ], [ 36.565486058819523, 44.902646385505378 ], [ 36.563046801037558, 44.902987284059058 ], [ 36.562567190671345, 44.901253690943612 ], [ 36.560127957129367, 44.901594518910834 ], [ 36.559648457772909, 44.899860900746745 ], [ 36.554290675088758, 44.898808701731689 ], [ 36.553332163704546, 44.895341360684732 ], [ 36.550893070560882, 44.895681956444065 ], [ 36.55041394751327, 44.893948258611474 ], [ 36.547974878646251, 44.894288783805301 ], [ 36.547495866554797, 44.892555060948133 ], [ 36.545056821973773, 44.892895515580697 ], [ 36.544577920827614, 44.891161767704503 ], [ 36.542138900541936, 44.891502151780053 ], [ 36.541660110330191, 44.889768378890473 ], [ 36.539221114349189, 44.890108692413236 ], [ 36.538742435060989, 44.888374894515877 ], [ 36.536303463394027, 44.888715137490152 ], [ 36.535824895018507, 44.886981314590557 ], [ 36.533385947674894, 44.887321487020571 ], [ 36.532907490201183, 44.885587639124381 ], [ 36.530468567190269, 44.885927741014378 ], [ 36.529990220607495, 44.884193868127163 ], [ 36.527551321938617, 44.884533899481397 ], [ 36.527073086235902, 44.882800001608778 ], [ 36.524634211918389, 44.883139962431507 ], [ 36.524156087084869, 44.881406039579062 ], [ 36.521717237128058, 44.881745929874548 ], [ 36.52123922315284, 44.880011982047847 ], [ 36.518800397566046, 44.880351801820339 ], [ 36.51832249443828, 44.878617829024989 ], [ 36.515883693230826, 44.878957578278758 ], [ 36.515405900939626, 44.877223580520344 ], [ 36.512967124120841, 44.877563259259645 ], [ 36.509573119583841, 44.874434797105074 ], [ 36.504695620363613, 44.875113822460513 ], [ 36.504218228126746, 44.873379729435548 ], [ 36.501779481346723, 44.873719146566479 ], [ 36.49838630689495, 44.870590232345656 ], [ 36.493508867940101, 44.871268734535292 ], [ 36.493031875659632, 44.869534546320459 ], [ 36.490593159068176, 44.869873701880842 ], [ 36.487200814655523, 44.866744335784965 ], [ 36.482323436265581, 44.867422314884394 ], [ 36.478931675893719, 44.864292617360753 ], [ 36.468700602258302, 44.863913216786436 ], [ 36.465309764033009, 44.860782976893525 ], [ 36.460432372426659, 44.861459950749904 ], [ 36.45995653638218, 44.859725481931505 ], [ 36.455079107840177, 44.860402214681059 ], [ 36.454603450092534, 44.858667700660064 ], [ 36.449725984684711, 44.859344192307717 ], [ 36.449250505226047, 44.857609633100353 ], [ 36.444373003022172, 44.858285883651064 ], [ 36.44389770184462, 44.856551279273546 ], [ 36.439020162914495, 44.857227288732339 ], [ 36.438545040010176, 44.855492639200904 ], [ 36.433667464423579, 44.856168407572731 ], [ 36.433192519784605, 44.854433712903642 ], [ 36.428314907611295, 44.855109240193485 ], [ 36.427840141229773, 44.85337450040295 ], [ 36.420523603780367, 44.854387354548415 ], [ 36.420049083304214, 44.852652549348797 ], [ 36.412732362431349, 44.853664891526677 ], [ 36.412258087864885, 44.851930020950363 ], [ 36.404941183782768, 44.852941851148266 ], [ 36.404467155130298, 44.851206915227756 ], [ 36.397150068053108, 44.852218233433319 ], [ 36.396676285318932, 44.850483232201071 ], [ 36.389359015460883, 44.851494038401952 ], [ 36.388885478649208, 44.849758971890402 ], [ 36.379128789748115, 44.851105930521861 ], [ 36.378655566565726, 44.849370778509858 ], [ 36.366459080500334, 44.851053247308045 ], [ 36.365986238693026, 44.849317989611258 ], [ 36.361107480131508, 44.849990585603074 ], [ 36.360634816555894, 44.848255282981967 ], [ 36.358195440834706, 44.848591485516373 ], [ 36.354811094399572, 44.8454569383847 ], [ 36.349932400069541, 44.846129011785315 ], [ 36.349460135675066, 44.844393614914765 ], [ 36.347020792125214, 44.844729556166129 ], [ 36.34654863819307, 44.842994134633265 ], [ 36.344109319641262, 44.843330005517323 ], [ 36.340726049575657, 44.840194889007947 ], [ 36.335847469817985, 44.840866299176945 ], [ 36.335375714934379, 44.839130783491839 ], [ 36.332936428740567, 44.839466393144427 ], [ 36.32955398906676, 44.836330827174237 ], [ 36.324675474211553, 44.837001714931887 ], [ 36.321293619040489, 44.833865819254243 ], [ 36.311065516836649, 44.833470911285609 ], [ 36.307684584844488, 44.83033447598558 ], [ 36.3028060652139, 44.831004359465879 ], [ 36.302335464292774, 44.829268566206913 ], [ 36.297456909778916, 44.82993820872359 ], [ 36.296986486926862, 44.828202370739483 ], [ 36.292107897599294, 44.828871772297774 ], [ 36.291637652808177, 44.827135889604776 ], [ 36.286759028736505, 44.827805050209889 ], [ 36.286288961998203, 44.826069122824265 ], [ 36.281410303251988, 44.826738042481416 ], [ 36.280940414558373, 44.825002070419323 ], [ 36.276061721207192, 44.825670749133813 ], [ 36.275592010550099, 44.823934732411516 ], [ 36.270713282663507, 44.824603170188553 ], [ 36.27024375003483, 44.822867108822273 ], [ 36.262925542776223, 44.82386932882175 ], [ 36.262456255936883, 44.822133202721574 ], [ 36.257577374244136, 44.82280105827914 ], [ 36.257108265420563, 44.821064887574181 ], [ 36.242002348456182, 44.821330833583723 ], [ 36.241533731213629, 44.819594533554358 ], [ 36.231775253509369, 44.820928196848286 ], [ 36.231306949865051, 44.819191812137404 ], [ 36.221548065091994, 44.820524591993461 ], [ 36.221080075070645, 44.818788122655377 ], [ 36.211320783704352, 44.82012001901316 ], [ 36.210853107330635, 44.818383465102237 ], [ 36.196213307189183, 44.82037968298966 ], [ 36.195746080182467, 44.81864300450647 ], [ 36.171343708244599, 44.821965815963146 ], [ 36.170877202230571, 44.820228933020218 ], [ 36.136707736513785, 44.824872147496677 ], [ 36.137173291592084, 44.826609310095151 ], [ 36.115202229834985, 44.829589209911575 ], [ 36.115667215244414, 44.831326547666478 ], [ 36.101017537068543, 44.833311003624907 ], [ 36.100552959755127, 44.831573546330098 ], [ 36.098111267411177, 44.831904092974924 ], [ 36.097646800209425, 44.830166611442301 ], [ 36.092763425354271, 44.830827513958447 ], [ 36.092299136283103, 44.829089988287983 ], [ 36.089857453791048, 44.829420344164049 ], [ 36.089393274808508, 44.827682794270821 ], [ 36.086951618295885, 44.828013079928191 ], [ 36.086487549390895, 44.82627550581774 ], [ 36.084045918866821, 44.826605721260748 ], [ 36.080676506718859, 44.823460645643436 ], [ 36.075793307665521, 44.82412074537995 ], [ 36.075329636956532, 44.822383078768063 ], [ 36.072888042448788, 44.822713033276365 ], [ 36.069519462644116, 44.819567511796627 ], [ 36.064636335808302, 44.820227089716539 ], [ 36.064173063194531, 44.818489330679562 ], [ 36.061731504850684, 44.818819024292466 ], [ 36.061268342235174, 44.817081241084956 ], [ 36.056385235739377, 44.817740437623819 ], [ 36.053017828392555, 44.814594261938602 ], [ 36.048134742400805, 44.815253077129881 ], [ 36.047672045781773, 44.81351518174715 ], [ 36.037443260443141, 44.813094149816614 ], [ 36.034077119732956, 44.809947230329698 ], [ 36.029193991495596, 44.810605182272795 ], [ 36.028731938742411, 44.808867130884416 ], [ 36.021407136581075, 44.809853621863951 ], [ 36.020945329835939, 44.808115506739746 ], [ 36.016062055290199, 44.80877287610523 ], [ 36.015600426494188, 44.807034717081457 ], [ 36.010717120765541, 44.807691845495803 ], [ 36.010255669910087, 44.805953642588662 ], [ 36.005372333067903, 44.806610530057554 ], [ 36.004911060144416, 44.804872283283295 ], [ 35.997585945640481, 44.805857177564398 ], [ 35.997124918712778, 44.804118867155843 ], [ 35.989799632473499, 44.805103248999572 ], [ 35.989338851544474, 44.803364874989249 ], [ 35.982013393783966, 44.804348744385358 ], [ 35.981552858856489, 44.802610306805846 ], [ 35.974227229788866, 44.803593663744117 ], [ 35.973766940865772, 44.801855162627966 ], [ 35.95377093769806, 44.802736410636292 ], [ 35.953311277030359, 44.800997743081886 ], [ 35.923544661470387, 44.803182183359816 ], [ 35.92308590178073, 44.801443270792795 ], [ 35.918200956274461, 44.802096378020771 ], [ 35.917742374494352, 44.800357421840907 ], [ 35.912857399066517, 44.801010288119066 ], [ 35.912398995187239, 44.799271288342588 ], [ 35.907513989907073, 44.799923913676786 ], [ 35.907055763919871, 44.798184870319957 ], [ 35.902170728856667, 44.798837254716027 ], [ 35.901712680752787, 44.797098167795056 ], [ 35.896827615975774, 44.797750311258866 ], [ 35.896369745746455, 44.796011180789989 ], [ 35.889042041876905, 44.796988958988962 ], [ 35.888584417702681, 44.795249765337928 ], [ 35.883699210752226, 44.795901326142264 ], [ 35.883241764438438, 44.794162088982553 ], [ 35.875913847618321, 44.795138993194939 ], [ 35.875456647356785, 44.793399692908679 ], [ 35.868128562139823, 44.794376084508379 ], [ 35.867671607933012, 44.792636721128162 ], [ 35.857900520582774, 44.793937792255811 ], [ 35.857443880653946, 44.792198346202099 ], [ 35.847672403841656, 44.793498532109048 ], [ 35.847216078213449, 44.791759003436397 ], [ 35.837444212416216, 44.793058304066406 ], [ 35.836988201111204, 44.791318692829456 ], [ 35.822329571716537, 44.793266013115144 ], [ 35.821874011286205, 44.791526280227252 ], [ 35.799883893881713, 44.794443679154661 ], [ 35.799428989306158, 44.792703766094917 ], [ 35.757884148977283, 44.798202921920343 ], [ 35.7583378917479, 44.799943166772877 ], [ 35.738782714400614, 44.802526110861145 ], [ 35.739235951107624, 44.804266507420579 ], [ 35.724567430561571, 44.806201710211027 ], [ 35.725020297749651, 44.807942219407714 ], [ 35.712795058431027, 44.809553595716203 ], [ 35.713247624360228, 44.811294198019823 ], [ 35.703466419815101, 44.812582466782473 ], [ 35.703918752828933, 44.814323142701809 ], [ 35.696582212916283, 44.815288871578133 ], [ 35.697034381428487, 44.817029601652663 ], [ 35.682811581003946, 44.82070065262694 ], [ 35.683263420305266, 44.822441490954098 ], [ 35.678371285076977, 44.82308456667117 ], [ 35.678823028246654, 44.824825439691416 ], [ 35.671484312178777, 44.825789731909779 ], [ 35.671935890588863, 44.827530659015551 ], [ 35.667043071069841, 44.828173306202849 ], [ 35.667494553262188, 44.82991426798251 ], [ 35.662601432596965, 44.830556751452377 ], [ 35.663052818535789, 44.832297747898593 ], [ 35.65815939672256, 44.832940067611858 ], [ 35.658610686372015, 44.834681098717304 ], [ 35.653716963408968, 44.835323254634716 ], [ 35.654168156733263, 44.837064320392095 ], [ 35.64927413261865, 44.837706312474452 ], [ 35.649725229581932, 44.839447412876368 ], [ 35.644830904313963, 44.840089241084492 ], [ 35.645281904880413, 44.841830376123667 ], [ 35.640387278457354, 44.842472040418308 ], [ 35.638841615643564, 44.846275170524308 ], [ 35.633946468772756, 44.846916608237258 ], [ 35.634397248656377, 44.848657827785466 ], [ 35.631949545098905, 44.848978489977796 ], [ 35.631048163702481, 44.845496008061502 ], [ 35.628600556663898, 44.845816580855583 ], [ 35.627699476377366, 44.842334043824408 ], [ 35.625251965858489, 44.842654527233748 ], [ 35.62390085832611, 44.837430632894126 ], [ 35.621453513030026, 44.837751007588849 ], [ 35.620553116507509, 44.834268352189056 ], [ 35.618105867726001, 44.834588637531134 ], [ 35.617205772069319, 44.831105927074539 ], [ 35.614758619803197, 44.831426123077513 ], [ 35.613858824940728, 44.827943357582164 ], [ 35.611411769190838, 44.82826346425955 ], [ 35.610062589227454, 44.823039227350257 ], [ 35.604719259614107, 44.82193771365661 ], [ 35.603820366704468, 44.818454783153172 ], [ 35.601373600508111, 44.81877462193475 ], [ 35.597130046463597, 44.812128345555912 ], [ 35.591787911849252, 44.811026050478517 ], [ 35.590890139042564, 44.807542908374089 ], [ 35.585548512797303, 44.806440244115109 ], [ 35.584651258970354, 44.802957000382136 ], [ 35.579310141054208, 44.801853967039825 ], [ 35.578413406027721, 44.798370621735437 ], [ 35.575967206172443, 44.79868980454301 ], [ 35.575518968326257, 44.796948106508587 ], [ 35.570178523871867, 44.795844541028778 ], [ 35.569282526043125, 44.792361047541114 ], [ 35.566836478617319, 44.792680001375089 ], [ 35.566388609308902, 44.790938229269571 ], [ 35.563942589837993, 44.791257113212843 ], [ 35.563494829790308, 44.78951531778462 ], [ 35.561048838283064, 44.789834131841666 ], [ 35.560601187484842, 44.788092313096215 ], [ 35.558155223950088, 44.788411057271531 ], [ 35.557707682390081, 44.786669215214374 ], [ 35.555261746836635, 44.786987889512417 ], [ 35.55481431450356, 44.785246024149032 ], [ 35.552368406940204, 44.785564628574292 ], [ 35.551921083822812, 44.783822739910157 ], [ 35.549475204258364, 44.784141274467117 ], [ 35.54902799034538, 44.782399362507718 ], [ 35.546582138788622, 44.782717827200891 ], [ 35.546135034068811, 44.780975891951691 ], [ 35.543689210528548, 44.781294286785545 ], [ 35.543242214990606, 44.779552328252073 ], [ 35.540796419475633, 44.779870653231072 ], [ 35.540349533108326, 44.778128671418791 ], [ 35.537903765627433, 44.778446926547431 ], [ 35.537456988419493, 44.776704921461842 ], [ 35.535011248981469, 44.777023106744601 ], [ 35.534564580921618, 44.775281078391167 ], [ 35.532118869535253, 44.775599193832555 ], [ 35.531672310612215, 44.773857142216769 ], [ 35.529226627286299, 44.774175187821257 ], [ 35.528780177488855, 44.772433112948598 ], [ 35.526334522232155, 44.772751088720668 ], [ 35.525888181549, 44.771008990596627 ], [ 35.523442554370291, 44.771326896540771 ], [ 35.522996322790185, 44.769584775170834 ], [ 35.520550723698264, 44.769902611291542 ], [ 35.517213016805712, 44.766736065137607 ], [ 35.512321890544172, 44.767371407489854 ], [ 35.511876054796119, 44.765629197227462 ], [ 35.509430499549737, 44.765946773282977 ], [ 35.50609362809805, 44.762779789354127 ], [ 35.501202589708562, 44.763414611631291 ], [ 35.497866307433, 44.760247306305381 ], [ 35.492975300840854, 44.760881748162468 ], [ 35.49253014744545, 44.759139383527589 ], [ 35.490084652128274, 44.759456509358088 ], [ 35.489639607730716, 44.757714121538456 ], [ 35.484748633097354, 44.758348183011144 ], [ 35.481413529141832, 44.755180235187964 ], [ 35.476522586628604, 44.755813916311915 ], [ 35.4760780063461, 44.754071420686806 ], [ 35.47118703960291, 44.754704861021871 ], [ 35.47074263687049, 44.752962323108001 ], [ 35.465851645966126, 44.753595522660731 ], [ 35.465407420774341, 44.751852942474329 ], [ 35.460516405777604, 44.752485901251298 ], [ 35.460072358116982, 44.750743278808592 ], [ 35.455181319096653, 44.7513759968164 ], [ 35.454737448957765, 44.749633332133641 ], [ 35.449846385982596, 44.750265809378845 ], [ 35.44940269335595, 44.748523102472241 ], [ 35.444511606494714, 44.749155338961479 ], [ 35.444068091370845, 44.747412589847237 ], [ 35.439176980692309, 44.74804458558711 ], [ 35.438733643061717, 44.746301794281464 ], [ 35.431396881067307, 44.747249350813696 ], [ 35.430953789546322, 44.745506498249547 ], [ 35.423616871400775, 44.746453541740557 ], [ 35.423174025990356, 44.744710627950568 ], [ 35.415836951907586, 44.745657158392952 ], [ 35.415394352608729, 44.743914183409842 ], [ 35.410502906243266, 44.744544912321857 ], [ 35.410060484408838, 44.742801895232681 ], [ 35.407614769616266, 44.743117164652695 ], [ 35.407172456589976, 44.741374124524064 ], [ 35.404726770284093, 44.741689324239047 ], [ 35.404284566054621, 44.73994626107644 ], [ 35.401838908244166, 44.740261391090897 ], [ 35.401396812800201, 44.73851830489977 ], [ 35.396063596030579, 44.737405246631013 ], [ 35.390084603833451, 44.723774865126835 ], [ 35.387639471814481, 44.724089602223486 ], [ 35.386315332302232, 44.718859984010429 ], [ 35.383870366007464, 44.719174613415845 ], [ 35.378778985076714, 44.709029620374174 ], [ 35.376334350172911, 44.709344034471265 ], [ 35.375452682668666, 44.705857440777969 ], [ 35.373008144875662, 44.706171766257427 ], [ 35.371686149329776, 44.700941788980337 ], [ 35.369241777196976, 44.701256006861186 ], [ 35.368360783875083, 44.697769297539793 ], [ 35.365916508846887, 44.698083426835048 ], [ 35.36503581249795, 44.694596663692153 ], [ 35.362591634574763, 44.694910704415335 ], [ 35.361711235127679, 44.691423887468666 ], [ 35.359267154309848, 44.691737839633269 ], [ 35.358387051693541, 44.688250968900554 ], [ 35.355943067981443, 44.688564832520072 ], [ 35.351739866350847, 44.681904704855363 ], [ 35.346412689735551, 44.680788494432662 ], [ 35.342211330921323, 44.674127813655268 ], [ 35.339767764256834, 44.674441253700991 ], [ 35.339328542912277, 44.672697663079987 ], [ 35.336885004877566, 44.673011033601803 ], [ 35.336006818718197, 44.669523802635617 ], [ 35.333563377805554, 44.669837084696738 ], [ 35.333124412969504, 44.66809344435849 ], [ 35.327798760562871, 44.666976136736324 ], [ 35.326921303916826, 44.663488760620332 ], [ 35.32447801744113, 44.66380181523386 ], [ 35.324039417300867, 44.662058102340978 ], [ 35.318714438493664, 44.660940267339249 ], [ 35.317837711029895, 44.657452746190174 ], [ 35.315394579055003, 44.657765573421507 ], [ 35.314956343445026, 44.656021788032341 ], [ 35.312513240164805, 44.65633454578775 ], [ 35.312075112776299, 44.654590737556262 ], [ 35.309632038199361, 44.654903425840281 ], [ 35.309194019021035, 44.65315959477195 ], [ 35.306750973155992, 44.653472213589069 ], [ 35.306313062176571, 44.651728359689308 ], [ 35.303870045031985, 44.652040909044061 ], [ 35.303432242240191, 44.650297032318342 ], [ 35.300989253824696, 44.65060951221524 ], [ 35.300551559209254, 44.648865612668942 ], [ 35.298108599531417, 44.649178023112547 ], [ 35.297671013081015, 44.647434100751106 ], [ 35.295228082149443, 44.647746441745916 ], [ 35.294790603852825, 44.646002496574816 ], [ 35.2923477016761, 44.64631476812535 ], [ 35.291910331521969, 44.644570800149999 ], [ 35.289467458108675, 44.644883002260791 ], [ 35.289030196085754, 44.643139011486603 ], [ 35.286587351444474, 44.643451144162213 ], [ 35.286150197541474, 44.641707130594618 ], [ 35.283707381680784, 44.642019193839545 ], [ 35.283270335886428, 44.640275157483991 ], [ 35.280827548814941, 44.640587151302739 ], [ 35.280390611117923, 44.638843092164642 ], [ 35.277947852844179, 44.63915501656178 ], [ 35.274631572229673, 44.635978684939722 ], [ 35.269746131305268, 44.636602205518997 ], [ 35.269309586275433, 44.634858059213492 ], [ 35.266866874836964, 44.635169724817835 ], [ 35.266430437857984, 44.633425555755451 ], [ 35.263987755261475, 44.633737151956886 ], [ 35.263551426322067, 44.631992960143045 ], [ 35.261108772576087, 44.632304486946076 ], [ 35.260672551664953, 44.630560272386198 ], [ 35.25822992677805, 44.630871729795395 ], [ 35.257793813883929, 44.629127492494909 ], [ 35.255351217864678, 44.629438880514769 ], [ 35.25491521297625, 44.627694620479112 ], [ 35.252472645833201, 44.628005939114175 ], [ 35.252036748939183, 44.626261656348774 ], [ 35.249594210680904, 44.626572905603567 ], [ 35.249158421770026, 44.624828600113844 ], [ 35.246715912405051, 44.625139779992899 ], [ 35.24628023146601, 44.623395451784255 ], [ 35.243837751002893, 44.623706562292135 ], [ 35.243402178024404, 44.621962211370011 ], [ 35.240959726471708, 44.622273252511214 ], [ 35.240524261442488, 44.620528878881039 ], [ 35.238081838808746, 44.620839850660126 ], [ 35.237646481717491, 44.619095454327315 ], [ 35.235204088011258, 44.619406356748812 ], [ 35.234768838846669, 44.617661937718765 ], [ 35.232326474076466, 44.61797277078719 ], [ 35.231891332827281, 44.616228329065365 ], [ 35.229448997001661, 44.616539092785295 ], [ 35.229013963656584, 44.614794628377084 ], [ 35.226571656784067, 44.61510532275301 ], [ 35.223259635850219, 44.611926950935633 ], [ 35.218375098523794, 44.612548011791006 ], [ 35.217940457247053, 44.610803460573592 ], [ 35.215498197849946, 44.611113896397626 ], [ 35.215063664430751, 44.609369322519449 ], [ 35.212621434030787, 44.609679689018243 ], [ 35.209310489325617, 44.606500770479357 ], [ 35.204426105165616, 44.607121175655635 ], [ 35.203991963673843, 44.605376515063696 ], [ 35.201549780926577, 44.605686623067015 ], [ 35.198239667658569, 44.602507272679908 ], [ 35.193355378981174, 44.603127160921694 ], [ 35.19292162931108, 44.601382413691191 ], [ 35.190479494358243, 44.601692263241276 ], [ 35.19004585246384, 44.599947493395781 ], [ 35.185161601372336, 44.600567003362393 ], [ 35.18185266159194, 44.597387018796567 ], [ 35.176968448244885, 44.598006150524753 ], [ 35.17653526645659, 44.596261275408224 ], [ 35.166333773095012, 44.595753903478602 ], [ 35.163026104335415, 44.592573197152149 ], [ 35.158141888433121, 44.593191471407103 ], [ 35.157709342773003, 44.591446449862019 ], [ 35.150382929872144, 44.592373425970358 ], [ 35.149950628765453, 44.590628344482639 ], [ 35.145066294230347, 44.59124603837671 ], [ 35.144634169230329, 44.589500915663166 ], [ 35.139749814734728, 44.590118369942978 ], [ 35.13931786583148, 44.58837320601976 ], [ 35.134433491443239, 44.588990420692376 ], [ 35.134001718626827, 44.587245215575635 ], [ 35.126675068552558, 44.588170602335005 ], [ 35.12624354026832, 44.586425337377037 ], [ 35.118916743124814, 44.587350213038526 ], [ 35.118485459372621, 44.585604888271952 ], [ 35.111158515371876, 44.586529252829806 ], [ 35.110727476151666, 44.584783868287246 ], [ 35.103400385505687, 44.585707721735751 ], [ 35.102969590817288, 44.583962277449757 ], [ 35.093199863215993, 44.58519329939466 ], [ 35.09276938154683, 44.583447776775614 ], [ 35.082999302790256, 44.584677914868912 ], [ 35.082569134158376, 44.582932313971561 ], [ 35.067913255872796, 44.584775891677801 ], [ 35.067483537328847, 44.583030175371192 ], [ 35.047940730422049, 44.58548529646805 ], [ 35.04751159913441, 44.583739427730826 ], [ 34.996201316533401, 44.590168315066478 ], [ 34.99662900737215, 44.591914573057018 ], [ 34.977077176273795, 44.59435794522188 ], [ 34.97750435667448, 44.596104347394864 ], [ 34.965282857873113, 44.597629900251661 ], [ 34.965709733607838, 44.599376391041275 ], [ 34.955931561864773, 44.600595994650938 ], [ 34.956358201503392, 44.602342555536914 ], [ 34.946579134835929, 44.603561421621713 ], [ 34.947005538269906, 44.605308052566095 ], [ 34.939670625314299, 44.606221724906618 ], [ 34.940096861203386, 44.607968407430924 ], [ 34.930316160141793, 44.609186000730588 ], [ 34.930742159631599, 44.610932753247795 ], [ 34.928296818813259, 44.611237043153551 ], [ 34.927870888114242, 44.609490272206301 ], [ 34.92053483989379, 44.610402782159788 ], [ 34.920109154268616, 44.608655952192009 ], [ 34.91521839967178, 44.609264001578786 ], [ 34.914792890315184, 44.607517131033859 ], [ 34.909902118688763, 44.608124940592965 ], [ 34.909476785590464, 44.606378029487026 ], [ 34.902140544761032, 44.607289307963384 ], [ 34.901715456720574, 44.605542337915594 ], [ 34.896824574004825, 44.606149566330096 ], [ 34.896399662204736, 44.604402555760444 ], [ 34.889063255046807, 44.605312962529744 ], [ 34.888638588296097, 44.603565893073913 ], [ 34.881302040339769, 44.604475787852948 ], [ 34.880877618637577, 44.602728659543658 ], [ 34.871095290151899, 44.603941068384735 ], [ 34.870671182334483, 44.602193862896513 ], [ 34.860888512623951, 44.603405385972103 ], [ 34.860464718708208, 44.601658103359973 ], [ 34.84823585940984, 44.603171272986017 ], [ 34.847812448275818, 44.601423894975007 ], [ 34.833136960653803, 44.603237912621282 ], [ 34.832714001226861, 44.601490420982813 ], [ 34.808252469649055, 44.60450953677104 ], [ 34.804961817540118, 44.601315772058065 ], [ 34.800069249461529, 44.601918810757432 ], [ 34.796779187073227, 44.59872473264074 ], [ 34.791886664601094, 44.599327393378957 ], [ 34.791464999540231, 44.597579590697819 ], [ 34.789018749734517, 44.597880826584088 ], [ 34.78859719191594, 44.596133001958052 ], [ 34.783704715207314, 44.596735284773366 ], [ 34.780415832207723, 44.593540580147696 ], [ 34.775523401419626, 44.594142485078393 ], [ 34.775102303099764, 44.592394558169829 ], [ 34.764896473642573, 44.591849681744883 ], [ 34.764475727548621, 44.590101674557943 ], [ 34.762029508500198, 44.590402292826568 ], [ 34.761608869573358, 44.588654263742718 ], [ 34.756716454640262, 44.589255311379453 ], [ 34.756295991797536, 44.587507242189979 ], [ 34.748957289573916, 44.58840837784075 ], [ 34.748537071739946, 44.586660250357347 ], [ 34.738331972591716, 44.586112776247205 ], [ 34.737912106878383, 44.584364568646912 ], [ 34.735465850513236, 44.58466458765043 ], [ 34.735046091901623, 44.582916358199839 ], [ 34.72973402001454, 44.581767937876933 ], [ 34.728894969262747, 44.578271387947353 ], [ 34.726448874212544, 44.578571181750831 ], [ 34.726029474960768, 44.576822883123597 ], [ 34.723583410719208, 44.577122607931962 ], [ 34.723164118513338, 44.575374287477324 ], [ 34.717852897317727, 44.574225187850566 ], [ 34.717014779110563, 44.570728456010464 ], [ 34.714568876266128, 44.571027955703237 ], [ 34.714149943209051, 44.569279566146648 ], [ 34.711704071204657, 44.569578996866859 ], [ 34.711285245137695, 44.567830585505718 ], [ 34.708839403981621, 44.568129947258029 ], [ 34.708420684893291, 44.566381514097671 ], [ 34.705974874593764, 44.566680806886701 ], [ 34.705556262472584, 44.564932351932498 ], [ 34.703110483037861, 44.56523157576293 ], [ 34.702691977872362, 44.563483099020246 ], [ 34.700246229310693, 44.563782253896719 ], [ 34.699827831089358, 44.562033755370919 ], [ 34.697382113408992, 44.562332841298094 ], [ 34.69696382212036, 44.560584320994501 ], [ 34.694518135329524, 44.56088333797706 ], [ 34.694099950962112, 44.559134795901059 ], [ 34.691654295069043, 44.559433743943607 ], [ 34.691236217611362, 44.557685180100563 ], [ 34.688790592624322, 44.55798405920779 ], [ 34.68837262206489, 44.556235473603046 ], [ 34.685927027992079, 44.556534283779605 ], [ 34.685509164319406, 44.554785676418504 ], [ 34.683063601169088, 44.555084417669043 ], [ 34.682645844371692, 44.553335788556971 ], [ 34.680200312152074, 44.553634460886151 ], [ 34.676919617856512, 44.550435740842971 ], [ 34.672028639247536, 44.551032759035508 ], [ 34.671611271904361, 44.549284046603553 ], [ 34.666303087741944, 44.54813207311485 ], [ 34.665468818255803, 44.544634557731449 ], [ 34.66302347179311, 44.544932816630308 ], [ 34.661772558508154, 44.539686462095787 ], [ 34.659327380797968, 44.539984615942437 ], [ 34.658077015128008, 44.534738174544032 ], [ 34.655632006149027, 44.535036223363051 ], [ 34.654382187892239, 44.529789695138192 ], [ 34.651937347623154, 44.53008763895415 ], [ 34.651104462418054, 44.526589899230771 ], [ 34.648659721997632, 44.526887756131401 ], [ 34.647410884483364, 44.521641065217807 ], [ 34.6449663127433, 44.521938817158485 ], [ 34.64413408116571, 44.518440969017568 ], [ 34.641689609265271, 44.518738634075028 ], [ 34.640857666553529, 44.515240735370227 ], [ 34.638413294491855, 44.515538313558032 ], [ 34.63758164057549, 44.512040364306387 ], [ 34.635137368351749, 44.512337855638108 ], [ 34.634306003160319, 44.508839855856685 ], [ 34.631861830773673, 44.509137260345916 ], [ 34.627755893733458, 44.502438426922126 ], [ 34.622452710772997, 44.501283746001661 ], [ 34.619132470080842, 44.487290881444913 ], [ 34.616689040815018, 44.4875878486232 ], [ 34.613786290080469, 44.475343777019859 ], [ 34.611343304211317, 44.475640567422495 ], [ 34.609271384053194, 44.466894604066169 ], [ 34.606828704011633, 44.467191253769158 ], [ 34.605172119930039, 44.46019434641299 ], [ 34.602729676959719, 44.460490873455896 ], [ 34.601073969211107, 44.453493836687727 ], [ 34.598631763258652, 44.453790241108102 ], [ 34.597390583020292, 44.448542371905297 ], [ 34.594948545404733, 44.44883867171459 ], [ 34.590025947365071, 44.438638869956414 ], [ 34.587584246359, 44.438934960617019 ], [ 34.586757842904433, 44.435436212395835 ], [ 34.584316241576929, 44.43573221647582 ], [ 34.583077123538828, 44.430484013417683 ], [ 34.580635690475603, 44.430779912978544 ], [ 34.579809936449649, 44.427281057142544 ], [ 34.577368603055703, 44.42757687015483 ], [ 34.576543136118389, 44.424077964118275 ], [ 34.574101902392776, 44.424373690595537 ], [ 34.573276722474056, 44.420874734375346 ], [ 34.570835588415811, 44.421170374331126 ], [ 34.570010695445625, 44.417671367944266 ], [ 34.567569661053781, 44.417966921392072 ], [ 34.563479800952486, 44.411264225139377 ], [ 34.558186126980743, 44.410105340925362 ], [ 34.557362306312086, 44.406606141172183 ], [ 34.554921602048545, 44.406901366635964 ], [ 34.554098068005985, 44.403402116797231 ], [ 34.548805247537551, 44.402242678133661 ], [ 34.54798221181958, 44.398743335295869 ], [ 34.542689902130888, 44.397583540257152 ], [ 34.541867364559906, 44.394084104474615 ], [ 34.539427021632463, 44.394378933626093 ], [ 34.539015877350948, 44.392629192508764 ], [ 34.536575565601837, 44.39292395315865 ], [ 34.53616452714418, 44.39117419059945 ], [ 34.530873064568006, 44.390013722417308 ], [ 34.530051448173815, 44.386514108011426 ], [ 34.527611298503309, 44.38680864531036 ], [ 34.527200614733189, 44.385058814906941 ], [ 34.524760496271583, 44.385353283726872 ], [ 34.524349918269841, 44.383603431904199 ], [ 34.52190983102517, 44.383897832249787 ], [ 34.521499358780368, 44.382147959013132 ], [ 34.519059302760681, 44.382442290889045 ], [ 34.518648936261393, 44.38069239624371 ], [ 34.516208911474735, 44.380986659654639 ], [ 34.515798650709527, 44.379236743605944 ], [ 34.513358657163948, 44.379530938556528 ], [ 34.512948502121361, 44.377781001109781 ], [ 34.510508539824926, 44.37807512760471 ], [ 34.510098490493547, 44.376325168765213 ], [ 34.507658559454264, 44.376619226809133 ], [ 34.507248615822661, 44.374869246582172 ], [ 34.504808716048565, 44.375163236179773 ], [ 34.504398878105306, 44.373413234570648 ], [ 34.501959009604441, 44.373707155726613 ], [ 34.501549277338093, 44.371957132740626 ], [ 34.499109440118481, 44.372250985459623 ], [ 34.498699813517604, 44.370500941102044 ], [ 34.49626000758731, 44.370794725388734 ], [ 34.495850486640464, 44.369044659664901 ], [ 34.493410712007481, 44.369338375523959 ], [ 34.493001296703248, 44.367588288439165 ], [ 34.490561553375613, 44.367881935875275 ], [ 34.490152243702539, 44.366131827434785 ], [ 34.487712531688288, 44.36642540645262 ], [ 34.484454548497048, 44.363218636130036 ], [ 34.479575212641308, 44.363805469923918 ], [ 34.479166288259421, 44.362055279640614 ], [ 34.476726633114275, 44.362348602835731 ], [ 34.473469477300235, 44.359141413078966 ], [ 34.468590255352673, 44.359727735286718 ], [ 34.468181716152792, 44.357977463234619 ], [ 34.465742118012933, 44.358270530651545 ], [ 34.462485789493876, 44.355062921653165 ], [ 34.457606681726766, 44.355648732363889 ], [ 34.456790410521897, 44.352148021353514 ], [ 34.454350937985744, 44.352440815262426 ], [ 34.453942926409916, 44.350690436709286 ], [ 34.451503485294687, 44.350983162252909 ], [ 34.450687710149964, 44.347482359064401 ], [ 34.448248368916765, 44.347774998481874 ], [ 34.447840605326704, 44.346024573853178 ], [ 34.442554359041715, 44.344859201735645 ], [ 34.441739290663151, 44.341358263890186 ], [ 34.439300112201707, 44.341650680512863 ], [ 34.438892701934122, 44.339900188575179 ], [ 34.43645355493009, 44.340192536863782 ], [ 34.436046250076402, 44.338442023670915 ], [ 34.433607134537773, 44.338734303630147 ], [ 34.433199935086513, 44.33698376918742 ], [ 34.430760851021248, 44.337275980821936 ], [ 34.43035375696099, 44.33552542513462 ], [ 34.425068694601812, 44.334359066521642 ], [ 34.424254964907234, 44.330857866699851 ], [ 34.421816043736072, 44.331149855660094 ], [ 34.421409302701036, 44.329399232771607 ], [ 34.418970413033414, 44.329691153429785 ], [ 34.418563777333929, 44.327940509319177 ], [ 34.416124919177818, 44.328232361680001 ], [ 34.415718388802418, 44.32648169635258 ], [ 34.413279562165776, 44.326773480420727 ], [ 34.412873137103048, 44.325022793881779 ], [ 34.41043434199382, 44.325314509661915 ], [ 34.410028022232332, 44.323563801916713 ], [ 34.407589258658483, 44.323855449413557 ], [ 34.407183044186787, 44.322104720467372 ], [ 34.404744312156282, 44.322396299685586 ], [ 34.401493498557308, 44.319186289155681 ], [ 34.396616123874111, 44.319769123934279 ], [ 34.39621029361362, 44.318018313723712 ], [ 34.393771619427291, 44.318309637563502 ], [ 34.393365894409101, 44.316558806177007 ], [ 34.390927251807597, 44.316850061757712 ], [ 34.390521632020253, 44.315099209200511 ], [ 34.388083021011553, 44.315390396526816 ], [ 34.384833517675666, 44.31217974699809 ], [ 34.379956385287969, 44.312761798091529 ], [ 34.379551149530215, 44.311010864383299 ], [ 34.377112596568118, 44.311301796405637 ], [ 34.373863919263307, 44.308090729344876 ], [ 34.368986903137603, 44.308672269890081 ], [ 34.365738809829267, 44.305460895956358 ], [ 34.360861846875039, 44.306042062472827 ], [ 34.360457273725245, 44.304290987795369 ], [ 34.35801880556884, 44.304581477554109 ], [ 34.357614337541648, 44.302830381765133 ], [ 34.352333133400442, 44.301660039762666 ], [ 34.351524654458252, 44.298157760304314 ], [ 34.349086349803109, 44.298448027818026 ], [ 34.345032037873025, 44.291733503258087 ], [ 34.339752028096221, 44.290562415219327 ], [ 34.335699501686634, 44.28384737027082 ], [ 34.330420344095657, 44.282675732683053 ], [ 34.329613701969294, 44.27917312355931 ], [ 34.324335054636698, 44.278001132626024 ], [ 34.323528905470653, 44.274498432403568 ], [ 34.318250768345578, 44.273326088222433 ], [ 34.317445111963103, 44.26982329695489 ], [ 34.315007635098027, 44.270112691538145 ], [ 34.314604930070033, 44.268361273153083 ], [ 34.312167484994639, 44.268650599623555 ], [ 34.311764884840237, 44.266899160216809 ], [ 34.306487594797701, 44.265726148414977 ], [ 34.305682850428539, 44.262223182103369 ], [ 34.303245569094791, 44.262512286700584 ], [ 34.302843319996761, 44.260760780818771 ], [ 34.30040607048241, 44.261049817325912 ], [ 34.300003926202571, 44.259298290444782 ], [ 34.297566708515454, 44.259587258866546 ], [ 34.297164669042353, 44.257835710991344 ], [ 34.294727483190364, 44.25812461133242 ], [ 34.294325548512568, 44.256373042468404 ], [ 34.291888394503559, 44.256661874733496 ], [ 34.291486564609635, 44.254910284885931 ], [ 34.289049442451471, 44.255199049079749 ], [ 34.288647717329958, 44.253447438253872 ], [ 34.286210627030499, 44.253736134381114 ], [ 34.285809006669979, 44.251984502582182 ], [ 34.283371948237075, 44.252273130647552 ], [ 34.282970432626108, 44.250521477880838 ], [ 34.280533406067626, 44.250810037889039 ], [ 34.280131995194751, 44.249058364159744 ], [ 34.277695000518541, 44.249346856115508 ], [ 34.277293694372347, 44.247595161428912 ], [ 34.27485673158624, 44.247883585336901 ], [ 34.274455530155265, 44.24613186969826 ], [ 34.272018599267128, 44.246420225563227 ], [ 34.271617502539947, 44.244668488977787 ], [ 34.269180603557629, 44.244956776804393 ], [ 34.265941857100195, 44.241741460607059 ], [ 34.261068150436699, 44.242317713615492 ], [ 34.260667436050724, 44.240565896716575 ], [ 34.258230596473375, 44.240853929937543 ], [ 34.257829986743637, 44.239102092116724 ], [ 34.255393179113099, 44.239390057318964 ], [ 34.25215549790061, 44.23617421612083 ], [ 34.247281974148883, 44.236749823960274 ], [ 34.244044875630102, 44.233533677637645 ], [ 34.239171407188998, 44.23410891243396 ], [ 34.235934891341294, 44.230892461085823 ], [ 34.231061478361916, 44.231467322879013 ], [ 34.230661805780962, 44.229715286348977 ], [ 34.228225113184315, 44.230002624002566 ], [ 34.227825545162581, 44.22825056660426 ], [ 34.222952187795983, 44.22882505543437 ], [ 34.219716837222215, 44.225607994331988 ], [ 34.214843535619366, 44.226182110239101 ], [ 34.21444441779542, 44.224429955378042 ], [ 34.209571107920006, 44.225003834317583 ], [ 34.209172162904252, 44.223251641180561 ], [ 34.204298844821871, 44.223825283161062 ], [ 34.203900072603119, 44.222073051764028 ], [ 34.199026746379289, 44.222646456794074 ], [ 34.198628146946334, 44.220894187152922 ], [ 34.193754812646617, 44.221467355241082 ], [ 34.19335638598826, 44.219715047371771 ], [ 34.18848304367819, 44.220287978526599 ], [ 34.18808478978319, 44.218535632445054 ], [ 34.180774710207309, 44.219394597996185 ], [ 34.180376697377071, 44.217642196318806 ], [ 34.17550326701361, 44.218214552572292 ], [ 34.175105426926329, 44.216462112721359 ], [ 34.167795215567594, 44.217320215935594 ], [ 34.167397616532647, 44.215567720544001 ], [ 34.152379476698648, 44.215529855187256 ], [ 34.151982359758478, 44.213777248811645 ], [ 34.142234860941727, 44.214919257490969 ], [ 34.141838053386223, 44.213166578321022 ], [ 34.132090251721991, 44.214307708846519 ], [ 34.131693753563518, 44.212554956936984 ], [ 34.119508533589183, 44.213980145963703 ], [ 34.119112413205706, 44.212227304046486 ], [ 34.104489373008633, 44.213935758450212 ], [ 34.104093698818971, 44.212182809303819 ], [ 34.091907186157869, 44.21360504414492 ], [ 34.091511889827949, 44.21185200517224 ], [ 34.086637170328963, 44.212420510505154 ], [ 34.086242046674549, 44.210667433617957 ], [ 34.083804701519419, 44.210951593136812 ], [ 34.080577454374108, 44.207729469162594 ], [ 34.075702858398259, 44.208297466216372 ], [ 34.075308115896426, 44.206544310207519 ], [ 34.072870832552958, 44.20682821560213 ], [ 34.069644409448195, 44.203605679334061 ], [ 34.064769937261403, 44.204173168200192 ], [ 34.061544097132902, 44.200950328817619 ], [ 34.051401179398518, 44.200331031378191 ], [ 34.048176264208344, 44.197107694988006 ], [ 34.043301903605801, 44.197674202205675 ], [ 34.042908268164304, 44.195920812597038 ], [ 34.038033901424491, 44.196487083051771 ], [ 34.037640438509747, 44.194733655678874 ], [ 34.032766065697942, 44.195299689379446 ], [ 34.032372775298512, 44.193546224258242 ], [ 34.027498396480034, 44.194112021213499 ], [ 34.027105278584436, 44.192358518359868 ], [ 34.022230893824577, 44.192924078578628 ], [ 34.021837948421371, 44.1911705380085 ], [ 34.016963557785388, 44.191735861499616 ], [ 34.016570784863092, 44.189982283228922 ], [ 34.009259136724289, 44.190829837506755 ], [ 34.008866604684265, 44.189076204370508 ], [ 34.003992131229225, 44.189640953257005 ], [ 34.003599771649071, 44.18788728245881 ], [ 33.996287999578172, 44.188733974846066 ], [ 33.995895880866932, 44.1869802492375 ], [ 33.988583993666488, 44.187826434800947 ], [ 33.988192115820333, 44.186072654414467 ], [ 33.980880113697545, 44.186918333154154 ], [ 33.980488476712608, 44.18516449802221 ], [ 33.970738916511188, 44.186291292705214 ], [ 33.970347588825184, 44.18453738572795 ], [ 33.960597733908607, 44.18566330221541 ], [ 33.960206715532941, 44.183909323447679 ], [ 33.945581278892028, 44.18559657714421 ], [ 33.945190706770894, 44.183842492435637 ], [ 33.928126563071196, 44.185808532187735 ], [ 33.927736505758617, 44.18405432457569 ], [ 33.869219349905549, 44.190775783876354 ], [ 33.869607762329217, 44.192530400525825 ], [ 33.852535946866148, 44.194485447839106 ], [ 33.852148014615118, 44.192730712204231 ], [ 33.8472701729984, 44.193288806956417 ], [ 33.846882413202358, 44.191534034107349 ], [ 33.842004567901405, 44.192091892118974 ], [ 33.841616980548608, 44.190337082071608 ], [ 33.836739131628548, 44.190894703351766 ], [ 33.836351716707242, 44.189139856122083 ], [ 33.82903488521962, 44.189975856910522 ], [ 33.828647711336608, 44.188220955555465 ], [ 33.821330769137496, 44.189056449170344 ], [ 33.820943836288421, 44.187301493722423 ], [ 33.813626783585086, 44.188136480164644 ], [ 33.813240091765529, 44.186381470656357 ], [ 33.805922928765206, 44.187215949926888 ], [ 33.805536477970769, 44.185460886390743 ], [ 33.798219204880674, 44.18629485849052 ], [ 33.797832995106944, 44.184539740959025 ], [ 33.785637181455407, 44.185928595592621 ], [ 33.785251350002156, 44.184173390286709 ], [ 33.773055003196667, 44.185560892409072 ], [ 33.772669550096751, 44.183805599412018 ], [ 33.75559367439574, 44.18574585359049 ], [ 33.755208737053756, 44.183990439248269 ], [ 33.691770851544319, 44.191174887302708 ], [ 33.692154001679789, 44.19293073916198 ], [ 33.675070062556934, 44.19485926642367 ], [ 33.675452765876805, 44.196615232562102 ], [ 33.663248564245698, 44.197991311705309 ], [ 33.663630958184442, 44.199747358485801 ], [ 33.648984355913278, 44.201397076891247 ], [ 33.649366371451563, 44.203153220990444 ], [ 33.632276606302788, 44.205075696590356 ], [ 33.632658174336264, 44.206831954634822 ], [ 33.620449813641066, 44.208203709565709 ], [ 33.620831071774504, 44.209960048018239 ], [ 33.611063483352467, 44.211056603225487 ], [ 33.61144450038968, 44.212813005328051 ], [ 33.60167608170967, 44.213908813295298 ], [ 33.602056857547772, 44.215665279008128 ], [ 33.594729972950446, 44.216486650729905 ], [ 33.595110576476586, 44.218243163338208 ], [ 33.580835682866137, 44.221641242052129 ], [ 33.581215941573291, 44.223397848388124 ], [ 33.576330349480358, 44.223944664174489 ], [ 33.576710504718044, 44.225701300688392 ], [ 33.571824636215332, 44.22624794610239 ], [ 33.572204687948904, 44.228004612785917 ], [ 33.564875418734808, 44.228824248892828 ], [ 33.565255297865434, 44.230580962382113 ], [ 33.548151976784915, 44.232491780228983 ], [ 33.548531406884941, 44.234248607019381 ], [ 33.536313367605025, 44.235612031461244 ], [ 33.536692486665864, 44.237368938208249 ], [ 33.526917157719943, 44.238458826814771 ], [ 33.527296034738676, 44.240215796856745 ], [ 33.517519877534532, 44.241304936216643 ], [ 33.517898512408244, 44.243061969513633 ], [ 33.510565825158977, 44.243878338427024 ], [ 33.51094428696792, 44.245635418360784 ], [ 33.503611082154713, 44.246451378037122 ], [ 33.50398937083385, 44.248208504586444 ], [ 33.489699524295119, 44.251596368955838 ], [ 33.490077466519416, 44.253353588672731 ], [ 33.485187662875134, 44.253896793929229 ], [ 33.48556550102208, 44.255654043648498 ], [ 33.480675421298308, 44.256197077882945 ], [ 33.481053155333214, 44.257954357596262 ], [ 33.476162799535459, 44.258497220771055 ], [ 33.476540429423622, 44.260254530470085 ], [ 33.471649797557312, 44.260797222547545 ], [ 33.472027323264037, 44.262554562223947 ], [ 33.467136415334693, 44.263097083166443 ], [ 33.467513836825283, 44.264854452811896 ], [ 33.462622652838419, 44.265396802581812 ], [ 33.462999970078137, 44.267154202187953 ], [ 33.453593986908103, 44.269995817617925 ], [ 33.451902180276562, 44.273781693600405 ], [ 33.447009960778018, 44.274323460481348 ], [ 33.445317633637416, 44.27810930292916 ], [ 33.440424930695237, 44.278650829280139 ], [ 33.438732082851693, 44.282436638110696 ], [ 33.433838896435503, 44.282977923832497 ], [ 33.43421558665883, 44.284735513350931 ], [ 33.431768872575816, 44.285006096036213 ], [ 33.430075329890244, 44.288791863356053 ], [ 33.425181452506251, 44.289332839077126 ], [ 33.425557967943433, 44.291090485305084 ], [ 33.423110908362588, 44.291360912955767 ], [ 33.421416670451684, 44.295146638615847 ], [ 33.39449484765472, 44.298117767022489 ], [ 33.394870562728684, 44.299875618107983 ], [ 33.380183768773918, 44.3014937230027 ], [ 33.380559100939337, 44.303251669672029 ], [ 33.368318817751259, 44.304598765120701 ], [ 33.368693836368394, 44.306356790859709 ], [ 33.34948154617301, 44.310267766665604 ], [ 33.349856076457989, 44.312025917558671 ], [ 33.34251005067091, 44.312832479178702 ], [ 33.342884406255031, 44.314590676199884 ], [ 33.328564987769319, 44.317960806904296 ], [ 33.328938993756132, 44.319719096117552 ], [ 33.32404064559644, 44.320256031197324 ], [ 33.324414546353921, 44.322014350107025 ], [ 33.317066559501832, 44.322819417455563 ], [ 33.317440285314653, 44.324577782415744 ], [ 33.312541317691895, 44.32511427041652 ], [ 33.312914938192357, 44.326872665051276 ], [ 33.308015694932031, 44.327408980703034 ], [ 33.308389210085267, 44.329167405003936 ], [ 33.303489691193377, 44.329703548269038 ], [ 33.303863100964563, 44.331462002227653 ], [ 33.298963306447156, 44.331997973068411 ], [ 33.299336610801419, 44.333756456676298 ], [ 33.28990939381675, 44.336586394182916 ], [ 33.288205251230153, 44.340371245564214 ], [ 33.278776269871415, 44.343200425533844 ], [ 33.279149116418488, 44.344959040944111 ], [ 33.276698443340941, 44.345226585680024 ], [ 33.274993252129541, 44.349011366093301 ], [ 33.270091456733901, 44.349546264192462 ], [ 33.270464126007774, 44.351304935774721 ], [ 33.268013107492642, 44.351572324132746 ], [ 33.268385740918504, 44.353331008997074 ], [ 33.263483462249312, 44.353865664304259 ], [ 33.263855989962742, 44.355624378753433 ], [ 33.261404729803544, 44.35589164569064 ], [ 33.261777221635469, 44.357650373417087 ], [ 33.259325857635737, 44.357917605302745 ], [ 33.25761926575975, 44.361702297409003 ], [ 33.252716088385924, 44.362236569566917 ], [ 33.25308840260702, 44.363995353409756 ], [ 33.250636693075705, 44.364262428728551 ], [ 33.251008971357962, 44.366021225841031 ], [ 33.248557157958828, 44.366288266075415 ], [ 33.248929400290301, 44.368047076456101 ], [ 33.246477483015958, 44.368314081599124 ], [ 33.246849689384739, 44.37007290524663 ], [ 33.244397668227769, 44.370339875291236 ], [ 33.244769838621934, 44.372098712204185 ], [ 33.242317713574977, 44.372365647143418 ], [ 33.242689847982575, 44.374124497320402 ], [ 33.240237619038226, 44.374391397147257 ], [ 33.24060971744732, 44.376150260586861 ], [ 33.238157384598182, 44.37641712529436 ], [ 33.238529446996864, 44.378176001995172 ], [ 33.23607701023554, 44.378442831576329 ], [ 33.236449036611845, 44.38020172153697 ], [ 33.233996495930981, 44.380468515984774 ], [ 33.234368486272956, 44.382227419203851 ], [ 33.231915841665142, 44.382494178511323 ], [ 33.232287795960858, 44.384253094987407 ], [ 33.22983504741871, 44.384519819147549 ], [ 33.230206965656208, 44.386278748879256 ], [ 33.22567303890667, 44.388571034715461 ], [ 33.226416765013212, 44.392088944179989 ], [ 33.223963634593588, 44.392355579120533 ], [ 33.22433547851854, 44.394114545598377 ], [ 33.221882244125325, 44.394381145361535 ], [ 33.222254051941981, 44.396140125090035 ], [ 33.21771904290167, 44.398432212034017 ], [ 33.218462547960634, 44.401950221474507 ], [ 33.216008931527547, 44.402216731920717 ], [ 33.216380664875878, 44.403975748382713 ], [ 33.211844817153732, 44.406267693353563 ], [ 33.21258817312011, 44.409785776248434 ], [ 33.210134174516561, 44.410052197303322 ], [ 33.210505833278809, 44.411811250489755 ], [ 33.208051730630579, 44.412077636314166 ], [ 33.206340732852851, 44.41586213299891 ], [ 33.196894626007648, 44.418686227020508 ], [ 33.195182750188543, 44.422470659326798 ], [ 33.18573487409639, 44.425293990190909 ], [ 33.18610599845897, 44.427053200966618 ], [ 33.183651031699803, 44.427319133890109 ], [ 33.181938100601251, 44.431103492729399 ], [ 33.177027716811487, 44.431635165799371 ], [ 33.175314257780336, 44.435419487779896 ], [ 33.170403389801706, 44.435950916447425 ], [ 33.170774191942861, 44.437710225752738 ], [ 33.16831863690021, 44.437975878967485 ], [ 33.168689402642649, 44.439735201485668 ], [ 33.166233743473072, 44.440000819349116 ], [ 33.164519402409823, 44.44378508652364 ], [ 33.159607633666312, 44.444316129232028 ], [ 33.15997821984373, 44.446075507579387 ], [ 33.157522214399037, 44.446340967770659 ], [ 33.157892764119978, 44.448100359323156 ], [ 33.155436654521139, 44.448365784130161 ], [ 33.15580716777356, 44.450125188886425 ], [ 33.153350954013177, 44.450390578302112 ], [ 33.153721430785062, 44.452149996260715 ], [ 33.151265112855754, 44.452415350278088 ], [ 33.151635553135087, 44.454174781437601 ], [ 33.149179131029463, 44.454440100049645 ], [ 33.149549534804208, 44.456199544408676 ], [ 33.147093008514894, 44.456464827608379 ], [ 33.147463375773022, 44.4582242851655 ], [ 33.145006745292626, 44.458489532945819 ], [ 33.1453770760221, 44.460249003699623 ], [ 33.142920341343235, 44.460514216053582 ], [ 33.143290635532026, 44.462273700002648 ], [ 33.140833796647307, 44.462538876923183 ], [ 33.141204054283378, 44.464298374066082 ], [ 33.136660284938152, 44.466588131914236 ], [ 33.137400687751573, 44.470107175982236 ], [ 33.134943465791707, 44.470372262734728 ], [ 33.135313647519446, 44.47213179646662 ], [ 33.132856321314485, 44.472396847755576 ], [ 33.133226466438991, 44.474156394676292 ], [ 33.13076903598153, 44.474421410494671 ], [ 33.131139144490746, 44.476180970602783 ], [ 33.126594042670717, 44.478470469093871 ], [ 33.127334146972181, 44.481989639069425 ], [ 33.122788447631279, 44.484279051308278 ], [ 33.123528472925415, 44.487798268053659 ], [ 33.121070380113977, 44.488063138736308 ], [ 33.12144037298853, 44.489822758800209 ], [ 33.116893830591721, 44.492112026852048 ], [ 33.115915094004549, 44.499415407250801 ], [ 33.11136760088376, 44.501704560287443 ], [ 33.112107388508697, 44.505223917301613 ], [ 33.109648457997345, 44.505488623231287 ], [ 33.110388239729218, 44.5090080006403 ], [ 33.107929134242418, 44.509272687155722 ], [ 33.106949399427137, 44.516576170245962 ], [ 33.102400248951909, 44.518865150748368 ], [ 33.103509835073503, 44.524144343682082 ], [ 33.101050029355683, 44.524408952438222 ], [ 33.101789781229549, 44.527928431808874 ], [ 33.099329800371628, 44.52819302109959 ], [ 33.100069546195286, 44.531712520860019 ], [ 33.097609390164322, 44.531977090675106 ], [ 33.098719050523805, 44.537256366436473 ], [ 33.096258648584552, 44.537520932909658 ], [ 33.097368401277052, 44.542800230329078 ], [ 33.094907753358839, 44.543064793448828 ], [ 33.09601759836417, 44.548344112526273 ], [ 33.093556704396349, 44.54860867228102 ], [ 33.094666641694296, 44.553888013016447 ], [ 33.092205501606145, 44.554152569394638 ], [ 33.093685608730091, 44.561191713302314 ], [ 33.091224151655005, 44.561456282436545 ], [ 33.093074693245669, 44.570255226103747 ], [ 33.090612848233114, 44.570519824128894 ], [ 33.092463882259636, 44.579318774137207 ], [ 33.090001649126833, 44.579583401044729 ], [ 33.09333500704804, 44.595421468878129 ], [ 33.090872101959121, 44.59568618926604 ], [ 33.097174733699326, 44.62560215597852 ], [ 33.09963884539917, 44.625337160844026 ], [ 33.102980144927322, 44.641174531159926 ], [ 33.105444862129694, 44.64090933849176 ], [ 33.107674351734602, 44.651467353907798 ], [ 33.1101394614941, 44.651202012150605 ], [ 33.111998660987986, 44.660000195181951 ], [ 33.114464092330593, 44.659734720465337 ], [ 33.115580234126043, 44.665013545795389 ], [ 33.118045844840402, 44.664747970476249 ], [ 33.119534795622855, 44.671786297524591 ], [ 33.122000656907012, 44.671520605368372 ], [ 33.12311794153306, 44.676799270571436 ], [ 33.125583982256231, 44.676533477757339 ], [ 33.12632915162132, 44.680052540474001 ], [ 33.128795300609056, 44.679786663198918 ], [ 33.129913524233494, 44.685065186116518 ], [ 33.132379852698413, 44.684799208139957 ], [ 33.133125648263174, 44.688318175961072 ], [ 33.135592085007751, 44.688052113490699 ], [ 33.136711248232949, 44.693330494007178 ], [ 33.13917786449278, 44.693064330791707 ], [ 33.139924286658939, 44.696583203640166 ], [ 33.142391011213519, 44.696316955898041 ], [ 33.143137712632111, 44.699835784237862 ], [ 33.145604545484744, 44.699569451955163 ], [ 33.146351526227164, 44.703088235770259 ], [ 33.148818467381133, 44.702821818933018 ], [ 33.152780316581747, 44.709592751519075 ], [ 33.158088561587881, 44.710818837792083 ], [ 33.15883659181133, 44.714337449375918 ], [ 33.164145372828713, 44.7155631881853 ], [ 33.164893893855542, 44.719081716583027 ], [ 33.170203210947037, 44.720307107828525 ], [ 33.170952222961539, 44.723825552987591 ], [ 33.176262076190007, 44.725050596568877 ], [ 33.177011579376568, 44.728568958436746 ], [ 33.179479318391849, 44.728301760487291 ], [ 33.179854192812243, 44.730060920588592 ], [ 33.182321968804757, 44.729793654253534 ], [ 33.182696948898005, 44.7315527950282 ], [ 33.188007697562846, 44.732777178623884 ], [ 33.188758114890362, 44.736295379807437 ], [ 33.191226073102484, 44.73602789197075 ], [ 33.191601404673811, 44.737786971705013 ], [ 33.194069399835278, 44.737519415458614 ], [ 33.194444837138235, 44.739278475844003 ], [ 33.196912869241494, 44.739010851182847 ], [ 33.197288412288309, 44.740769892214146 ], [ 33.199756481325799, 44.740502199133196 ], [ 33.200132130128701, 44.742261220805119 ], [ 33.202600236092849, 44.741993459299373 ], [ 33.202975990664065, 44.743752461606697 ], [ 33.205444133547317, 44.743484631671109 ], [ 33.205819993899063, 44.745243614608583 ], [ 33.208288173693823, 44.744975716238137 ], [ 33.208664139838334, 44.746734679800511 ], [ 33.211132356537064, 44.746466712990177 ], [ 33.211508428486546, 44.748225657172199 ], [ 33.213976682081658, 44.747957621916953 ], [ 33.214352859848347, 44.749716546713394 ], [ 33.216821150332265, 44.749448443008198 ], [ 33.217197433928376, 44.751207348413772 ], [ 33.21966576129352, 44.750939176253603 ], [ 33.220042150731295, 44.7526980622631 ], [ 33.222510514970082, 44.752429821642949 ], [ 33.222887010261736, 44.754188688251098 ], [ 33.2253554113666, 44.753920379165919 ], [ 33.225732012524354, 44.755679226367455 ], [ 33.228200450487677, 44.755410848812232 ], [ 33.231422445264649, 44.758660038944257 ], [ 33.23635943404495, 44.758122957816717 ], [ 33.236736424244775, 44.759881730388599 ], [ 33.239204938193375, 44.759613095285317 ], [ 33.23958203431053, 44.761371848425597 ], [ 33.244896374701405, 44.762593106443923 ], [ 33.246405814116542, 44.769627945169745 ], [ 33.243936940993102, 44.769896782827487 ], [ 33.245069169467776, 44.775172928991765 ], [ 33.242600047529578, 44.775441763703867 ], [ 33.244109884055696, 44.782476648081975 ], [ 33.24164044178486, 44.782745496230859 ], [ 33.243528158652069, 44.791539114966426 ], [ 33.241058324445852, 44.791807992936995 ], [ 33.243702081380235, 44.80411904565662 ], [ 33.241231712005309, 44.804387986238524 ], [ 33.251821718051012, 44.853631158257286 ], [ 33.254294092677618, 44.853361758099837 ], [ 33.256946347943732, 44.865672061077916 ], [ 33.259419189868026, 44.865402493616493 ], [ 33.265109409128357, 44.891780961500707 ], [ 33.267583293032523, 44.891511095043683 ], [ 33.270241912853152, 44.903820695025196 ], [ 33.272716264851979, 44.903550661009547 ], [ 33.27461668427987, 44.912343057839422 ], [ 33.277091360810985, 44.912072889123102 ], [ 33.27861261197571, 44.919106685292412 ], [ 33.281087541228679, 44.918836398302254 ], [ 33.282229061933783, 44.924111663648887 ], [ 33.284704172035788, 44.923841274832419 ], [ 33.28622697643975, 44.930874852865585 ], [ 33.288702339366061, 44.930604345706456 ], [ 33.289845025519831, 44.935879447369182 ], [ 33.29232056936219, 44.935608838327823 ], [ 33.293082678912022, 44.939125524342444 ], [ 33.295558331718233, 44.93885482989721 ], [ 33.295939510942787, 44.940613151769931 ], [ 33.29098802638763, 44.941154521257829 ], [ 33.290606991123695, 44.939396166381464 ], [ 33.273276197624213, 44.941289193111679 ], [ 33.272895701276823, 44.93953071973857 ], [ 33.20851108663247, 44.946539039880847 ], [ 33.208889709547108, 44.948297940614474 ], [ 33.191550865140066, 44.950178851754053 ], [ 33.191929017953413, 44.951937864146686 ], [ 33.179542726367714, 44.953279879333465 ], [ 33.179920553143646, 44.955038970529664 ], [ 33.160477389017132, 44.958942814408729 ], [ 33.160854707677089, 44.960702030337053 ], [ 33.153421034382639, 44.961505496155041 ], [ 33.153798171050205, 44.963264758056802 ], [ 33.146363969261877, 44.964067800062324 ], [ 33.146740923869174, 44.965827107915551 ], [ 33.139306193666982, 44.966629726002623 ], [ 33.139682966146118, 44.968389079785318 ], [ 33.129769218888953, 44.969458566751733 ], [ 33.130145736892658, 44.971217982747859 ], [ 33.125188511103595, 44.971752443470415 ], [ 33.125564919122716, 44.973511889046087 ], [ 33.111067986790957, 44.976873647534717 ], [ 33.111444030078452, 44.978633184815287 ], [ 33.106485817248767, 44.979166902012231 ], [ 33.106861750414893, 44.980926468836046 ], [ 33.101903254699309, 44.981460008206092 ], [ 33.102279077707713, 44.983219604564475 ], [ 33.097320299112951, 44.983752966069133 ], [ 33.097696011927269, 44.98551259195343 ], [ 33.092736950460115, 44.986045775554217 ], [ 33.093112553043973, 44.987805430955731 ], [ 33.085673484772435, 44.988604860511103 ], [ 33.086048904687665, 44.990364561676671 ], [ 33.061623774371107, 44.994785928926987 ], [ 33.061998538958377, 44.996545786480226 ], [ 33.052077050210372, 44.997609044900237 ], [ 33.052451559380501, 44.999368964333961 ], [ 33.045009863829605, 45.000165903841527 ], [ 33.045384189970925, 45.001925868909836 ], [ 33.030873360272771, 45.005278482214493 ], [ 33.031247320152566, 45.007038538485652 ], [ 33.026285169845821, 45.007569033116653 ], [ 33.026659019037574, 45.009329118773437 ], [ 33.01921531811751, 45.010124514038928 ], [ 33.019588984026271, 45.011884645250049 ], [ 33.014626199795245, 45.012414677587806 ], [ 33.014999754929256, 45.014174838161928 ], [ 33.01003668812713, 45.014704691989657 ], [ 33.010410132449955, 45.016464881918033 ], [ 33.005446783083791, 45.016994557197258 ], [ 33.005820116558986, 45.018754776471205 ], [ 33.000856484635875, 45.019284273163407 ], [ 33.001229707226997, 45.021044521774115 ], [ 32.991674707408897, 45.023863257182455 ], [ 32.989938447876511, 45.027648391593999 ], [ 32.980381629746404, 45.030466337512351 ], [ 32.980754370053674, 45.032226716545104 ], [ 32.97827175792461, 45.032491007883131 ], [ 32.978644459836332, 45.03425140007672 ], [ 32.973678987330395, 45.034779856693177 ], [ 32.971941270117981, 45.038564878074261 ], [ 32.966975301091864, 45.039093082496237 ], [ 32.967347742290642, 45.040853546405202 ], [ 32.964864633641398, 45.041117585548747 ], [ 32.965237036374312, 45.042878062608473 ], [ 32.962753820718348, 45.043142065071308 ], [ 32.961015188066142, 45.046927024412206 ], [ 32.956048294423766, 45.047454829762025 ], [ 32.956420508912259, 45.049215362373076 ], [ 32.95393693793504, 45.049479201935739 ], [ 32.954309113897409, 45.051239747689635 ], [ 32.951825435885532, 45.051503550537838 ], [ 32.952197573309206, 45.05326410943313 ], [ 32.949713788255067, 45.053527875559716 ], [ 32.947974055332097, 45.057312762166404 ], [ 32.943006022769907, 45.057840094652832 ], [ 32.943377971676348, 45.059600709057605 ], [ 32.938409656519184, 45.06012786236623 ], [ 32.938781493986951, 45.061888505993281 ], [ 32.933812896242117, 45.062415480085626 ], [ 32.934184622234653, 45.064176152926194 ], [ 32.929215741909474, 45.064702947763713 ], [ 32.929587356390229, 45.066463649808995 ], [ 32.924618193492066, 45.066990265353212 ], [ 32.924989696424497, 45.068750996594417 ], [ 32.915421914286156, 45.071564450077204 ], [ 32.913679446805723, 45.075349107562381 ], [ 32.904109844018336, 45.078161767516448 ], [ 32.904480861611354, 45.079922628558258 ], [ 32.90199548375427, 45.080185477405202 ], [ 32.90025191757298, 45.083970050783805 ], [ 32.89528069921667, 45.084495548106183 ], [ 32.893536583380119, 45.088280079302777 ], [ 32.888564868189576, 45.08880532324828 ], [ 32.888935545685122, 45.09056628186196 ], [ 32.886449563875246, 45.090828840471637 ], [ 32.886820202494519, 45.092589812176996 ], [ 32.884334113533157, 45.092852333880273 ], [ 32.882589077971971, 45.096636801349938 ], [ 32.877616437272771, 45.09716164413782 ], [ 32.877986886138267, 45.098922671131369 ], [ 32.875500441554415, 45.099185029117351 ], [ 32.875870851483064, 45.100946069194613 ], [ 32.873384299719895, 45.101208390240345 ], [ 32.873754670699043, 45.102969443399843 ], [ 32.871268011748974, 45.103231727498184 ], [ 32.871638343765987, 45.104992793738447 ], [ 32.869151577621437, 45.105255040882177 ], [ 32.869521870663711, 45.107016120201727 ], [ 32.867034997317077, 45.107278330383693 ], [ 32.86740525137197, 45.109039422781059 ], [ 32.864918270815679, 45.109301595994026 ], [ 32.865288485870529, 45.111062701467738 ], [ 32.862801398096991, 45.111324837704544 ], [ 32.863171574139187, 45.113085956253151 ], [ 32.860684379140821, 45.113348055506577 ], [ 32.861054516157708, 45.115109187128596 ], [ 32.858567213926911, 45.115371249391472 ], [ 32.858937311905862, 45.117132394085417 ], [ 32.856449902435067, 45.117394419350546 ], [ 32.856819961363399, 45.119155577114959 ], [ 32.854332444645017, 45.119417565375159 ], [ 32.854702464510105, 45.121178736208563 ], [ 32.85009709008942, 45.123463785586267 ], [ 32.850837007580324, 45.126986176592823 ], [ 32.848349095882817, 45.12724806978698 ], [ 32.848719032569342, 45.129009276891786 ], [ 32.846231013583782, 45.129271133050104 ], [ 32.846600911153892, 45.131032353218679 ], [ 32.84199440972931, 45.133317187629792 ], [ 32.842734082411184, 45.136839677288087 ], [ 32.840245668278271, 45.137101438280034 ], [ 32.8406154825039, 45.138862694706631 ], [ 32.836008107300948, 45.141147374968092 ], [ 32.836747613127791, 45.144669937129159 ], [ 32.832139617690729, 45.14695452421148 ], [ 32.832879034859708, 45.150477132748868 ], [ 32.830389937412654, 45.150738740285078 ], [ 32.830020285090093, 45.148977421501954 ], [ 32.825042134588927, 45.149500445388938 ], [ 32.821814245607463, 45.146239135573538 ], [ 32.816836184004913, 45.14676177712559 ], [ 32.813608915479989, 45.143500168730966 ], [ 32.803284085257268, 45.142782982010473 ], [ 32.800057803655911, 45.139520883466787 ], [ 32.795079931004473, 45.140042516306586 ], [ 32.794711503748424, 45.138280966859021 ], [ 32.789733641856081, 45.138802355527659 ], [ 32.789365395156715, 45.137040771329225 ], [ 32.77904163776585, 45.136321197264152 ], [ 32.775817076068776, 45.133058225812206 ], [ 32.770839325675823, 45.133578744071123 ], [ 32.767615384296299, 45.130315474606469 ], [ 32.762637723833627, 45.130835610811722 ], [ 32.759414402734059, 45.127572043438576 ], [ 32.74909225058019, 45.126849493755692 ], [ 32.745869916223761, 45.123585437312023 ], [ 32.740892447461711, 45.124104565507132 ], [ 32.740525892724484, 45.122342663523028 ], [ 32.735548435408859, 45.122861547686021 ], [ 32.735182061054594, 45.121099611120165 ], [ 32.730204615253584, 45.121618251262134 ], [ 32.729838421268163, 45.11985628013101 ], [ 32.722372219325777, 45.120633794701696 ], [ 32.722006279001093, 45.118871773191913 ], [ 32.717028788977906, 45.119389819154364 ], [ 32.716663028994972, 45.117627763119437 ], [ 32.711685550723779, 45.118145565092576 ], [ 32.71131997106842, 45.116383474548876 ], [ 32.703853720860394, 45.117159731907549 ], [ 32.703488394831723, 45.115397591066291 ], [ 32.696022061473663, 45.116173323201252 ], [ 32.695656989063529, 45.114411132096301 ], [ 32.68819057277539, 45.115186339013746 ], [ 32.687825753975645, 45.113424097678966 ], [ 32.680359254977361, 45.114198779385113 ], [ 32.679994689779839, 45.112436487854374 ], [ 32.670039180610949, 45.113468590319727 ], [ 32.66967494234391, 45.111706232865664 ], [ 32.657230167084677, 45.112995087318687 ], [ 32.656866329102165, 45.111232648254095 ], [ 32.641931932014771, 45.112777426502333 ], [ 32.641568567707679, 45.111014890189345 ], [ 32.611697037136622, 45.114098520875991 ], [ 32.611334586922553, 45.112335793269686 ], [ 32.598887061774043, 45.113618302749941 ], [ 32.599249144916215, 45.115381108744316 ], [ 32.564390608096026, 45.118965285127331 ], [ 32.56475169624531, 45.120728307378847 ], [ 32.549809883174717, 45.122261286401219 ], [ 32.550170563633003, 45.124024399549555 ], [ 32.537717770206868, 45.125300497339872 ], [ 32.538078116305243, 45.127063685690544 ], [ 32.52811498903435, 45.128083668620668 ], [ 32.528475074178687, 45.129846916523093 ], [ 32.521002159225795, 45.130611391710325 ], [ 32.521362056885579, 45.132374683548498 ], [ 32.511397411147698, 45.133393300935673 ], [ 32.511757047661284, 45.13515665225178 ], [ 32.506774378483762, 45.135665672668203 ], [ 32.507133900970523, 45.137429052309642 ], [ 32.499659427588178, 45.13819223028085 ], [ 32.500018762386432, 45.139955653789826 ], [ 32.495035467079056, 45.140464203950003 ], [ 32.49539468776328, 45.142227655760948 ], [ 32.487919275276866, 45.142990128188046 ], [ 32.488278308154086, 45.144753623829438 ], [ 32.480802376492946, 45.145515663457601 ], [ 32.480443564606709, 45.143752121222441 ], [ 32.450537743549063, 45.146795298400477 ], [ 32.450895671139016, 45.148559026729842 ], [ 32.425969781910979, 45.151089300189803 ], [ 32.426327005156686, 45.152853180488542 ], [ 32.411369445808162, 45.15436887818116 ], [ 32.411726259387201, 45.156132848416128 ], [ 32.401753599098427, 45.157142308683703 ], [ 32.402110150425074, 45.158906337900632 ], [ 32.382518653255289, 45.162686971035903 ], [ 32.382874679757542, 45.164451118088067 ], [ 32.368267410836154, 45.16772566095235 ], [ 32.368623059862195, 45.169489894895641 ], [ 32.363634873177872, 45.169992964826911 ], [ 32.363990407262953, 45.171757226798981 ], [ 32.356507659293698, 45.17251147741873 ], [ 32.356863004488169, 45.174275782787596 ], [ 32.351874193905743, 45.17477838029771 ], [ 32.352229424071943, 45.176542713671829 ], [ 32.347240334391095, 45.177045128300904 ], [ 32.347595449492246, 45.178809489671181 ], [ 32.342606080722312, 45.179311721380799 ], [ 32.342961080721636, 45.181076110738118 ], [ 32.337971432872003, 45.181578159489924 ], [ 32.338326317732708, 45.183342576825169 ], [ 32.333336390812732, 45.183844442580771 ], [ 32.333691160498049, 45.18560888788484 ], [ 32.324065123957872, 45.188376543517663 ], [ 32.322278795481303, 45.192156243546997 ], [ 32.31728781786277, 45.19265748384656 ], [ 32.315500929908318, 45.196437135260481 ], [ 32.310509459680368, 45.196938116109592 ], [ 32.308722012044747, 45.200717718820627 ], [ 32.303730049184161, 45.201218440117323 ], [ 32.304084118406223, 45.202983062911379 ], [ 32.301588013812612, 45.203233358652746 ], [ 32.299799816729504, 45.207012899579439 ], [ 32.294807147583363, 45.207513284852993 ], [ 32.295161018539815, 45.209277960722901 ], [ 32.292664560791728, 45.209528088417414 ], [ 32.293018390328655, 45.211292776871502 ], [ 32.290521825752492, 45.211542866364653 ], [ 32.290875613856969, 45.213307567401394 ], [ 32.288378942445391, 45.213557618685897 ], [ 32.288732689104485, 45.215322332303735 ], [ 32.286235910850202, 45.215572345372344 ], [ 32.284446394676095, 45.219351785190469 ], [ 32.279452378067624, 45.219851604892334 ], [ 32.279805926133342, 45.221616371534687 ], [ 32.277308794624687, 45.221866216378785 ], [ 32.277662301183078, 45.223630995593709 ], [ 32.275165062805272, 45.223880802187885 ], [ 32.275518527843388, 45.22564559397383 ], [ 32.273021182589098, 45.225895362310823 ], [ 32.273374606093988, 45.227660166666226 ], [ 32.268732976885438, 45.229924405462917 ], [ 32.269439690352684, 45.233454061729503 ], [ 32.266941950184773, 45.233703730528738 ], [ 32.267295281677541, 45.235468569871117 ], [ 32.264797434593774, 45.235718200381939 ], [ 32.265150724498639, 45.23748305228812 ], [ 32.262652770491684, 45.237732644503261 ], [ 32.263006018795636, 45.239497508971709 ], [ 32.260507957858202, 45.239747062883907 ], [ 32.260861164548288, 45.241511939913025 ], [ 32.256217886915927, 45.243775822387761 ], [ 32.25692416641764, 45.247305623970334 ], [ 32.254425710337152, 45.24755507819502 ], [ 32.254778824759825, 45.249319990188454 ], [ 32.250134664435876, 45.251583708176383 ], [ 32.250840759230762, 45.255113579673043 ], [ 32.248341907874, 45.255362934132421 ], [ 32.24869492989901, 45.257127881079676 ], [ 32.244049886486792, 45.259391434414688 ], [ 32.242962441188006, 45.266700591496587 ], [ 32.238316398127061, 45.268964007809849 ], [ 32.237228242880619, 45.276273209143469 ], [ 32.232581199606791, 45.278536488250573 ], [ 32.233286869273108, 45.282066558553659 ], [ 32.230786682357156, 45.282315643736403 ], [ 32.231492333652277, 45.285845733717807 ], [ 32.228991965132373, 45.286094795708053 ], [ 32.229697598026156, 45.289624905366736 ], [ 32.227197047868124, 45.289873944153705 ], [ 32.228255518532947, 45.295169134103524 ], [ 32.225754712177419, 45.295418164916974 ], [ 32.22646037347365, 45.298948308524515 ], [ 32.223959385394927, 45.299197316111716 ], [ 32.22357523755565, 45.31003681885322 ], [ 32.221073736757724, 45.310285810431502 ], [ 32.221779473115575, 45.313816002258598 ], [ 32.219277790458385, 45.314064970575501 ], [ 32.220689356674214, 45.321125382773779 ], [ 32.218187342860411, 45.321374358292964 ], [ 32.218508802607417, 45.335744218625074 ], [ 32.216006126098506, 45.33599320851156 ], [ 32.216712180047487, 45.339523446625833 ], [ 32.214209321441885, 45.339772413199725 ], [ 32.214915356701944, 45.343302670987654 ], [ 32.212412315965345, 45.343551614238052 ], [ 32.213118332506184, 45.3470818916986 ], [ 32.210615109604319, 45.347330811614668 ], [ 32.211674155325461, 45.352626253263146 ], [ 32.209170675456051, 45.352875165068454 ], [ 32.209876719846804, 45.356405476472382 ], [ 32.20737305772672, 45.356654364920374 ], [ 32.208432145142098, 45.361949857482685 ], [ 32.205928225928986, 45.362198737795175 ], [ 32.206987383177442, 45.367494251765052 ], [ 32.204483206796887, 45.367743123929451 ], [ 32.205542433848699, 45.373038659306808 ], [ 32.203038000226222, 45.373287523310566 ], [ 32.204450461414673, 45.380348260292358 ], [ 32.201945695591228, 45.380597131355294 ], [ 32.203358380643174, 45.387657886084952 ], [ 32.200853282490996, 45.387906764194604 ], [ 32.202972842263833, 45.398497906713651 ], [ 32.200467261746596, 45.398746822327226 ], [ 32.203294575146529, 45.412868316378599 ], [ 32.200788361969344, 45.413117299967489 ], [ 32.20751021204034, 45.446655444901388 ], [ 32.210017851727969, 45.446406171586268 ], [ 32.212852249574752, 45.460527081586626 ], [ 32.215360457746009, 45.460277632155822 ], [ 32.217488087539842, 45.470868109277866 ], [ 32.219996714083685, 45.470618514178724 ], [ 32.221771019620505, 45.479443760831792 ], [ 32.22427998946381, 45.479194035279903 ], [ 32.225345193557985, 45.484489104855435 ], [ 32.227854356264451, 45.48423927938083 ], [ 32.228920082617201, 45.489534278644584 ], [ 32.231429438217283, 45.489284353221784 ], [ 32.232495687036462, 45.494579282140315 ], [ 32.235005235560656, 45.494329256743796 ], [ 32.239649042908958, 45.50466877801567 ], [ 32.242158977372824, 45.504418552595183 ], [ 32.242870822665267, 45.507948367106636 ], [ 32.245380874795451, 45.507698056955874 ], [ 32.246093002872023, 45.511227829932565 ], [ 32.248603172673427, 45.51097743503697 ], [ 32.249671838647153, 45.516272028086526 ], [ 32.252182201492879, 45.516021533101558 ], [ 32.252894961483328, 45.51955121750548 ], [ 32.258272469840193, 45.520814811298344 ], [ 32.258985729805055, 45.524344417976593 ], [ 32.261496370340367, 45.524093683956565 ], [ 32.262209913465362, 45.527623249020309 ], [ 32.264720671696374, 45.527372430182858 ], [ 32.270088100618928, 45.541239462482444 ], [ 32.272599395995798, 45.540988412519752 ], [ 32.273671433122999, 45.546282535756326 ], [ 32.276182921709065, 45.546031385543365 ], [ 32.27761307078422, 45.55309011670596 ], [ 32.280124828093598, 45.552838850841155 ], [ 32.280840252723543, 45.556368169228392 ], [ 32.283352127819306, 45.556116818438184 ], [ 32.288011946709965, 45.566453118204684 ], [ 32.290524208437098, 45.566201566734897 ], [ 32.291240617694058, 45.5697307488972 ], [ 32.293752997241064, 45.569479112448285 ], [ 32.294469690590212, 45.57300825282563 ], [ 32.29698218796193, 45.572756531383 ], [ 32.297699165478747, 45.576285629959344 ], [ 32.300211780679994, 45.576033823508503 ], [ 32.300929042439975, 45.579562880267829 ], [ 32.303441775475591, 45.579310988794184 ], [ 32.304159321554266, 45.582840003720442 ], [ 32.306672172429053, 45.582588027209489 ], [ 32.310621086563437, 45.589393869935797 ], [ 32.316006485022093, 45.590653953073435 ], [ 32.316725102414708, 45.594182806022857 ], [ 32.32211107233794, 45.595442540525134 ], [ 32.322830192377126, 45.598971315159126 ], [ 32.328216733839035, 45.600230700921713 ], [ 32.328936356721492, 45.603759397187325 ], [ 32.331449923556711, 45.603506786227271 ], [ 32.331809860745174, 45.605271114758096 ], [ 32.337197167301419, 45.606529994061404 ], [ 32.337917511376354, 45.610058575442331 ], [ 32.340431280479905, 45.609805739920553 ], [ 32.340791578332251, 45.611570010989837 ], [ 32.343305389631681, 45.611317105755703 ], [ 32.343665796591964, 45.613081358582029 ], [ 32.346179650079719, 45.612828383630166 ], [ 32.346540166161184, 45.614592618208192 ], [ 32.349054061829698, 45.614339573533215 ], [ 32.349414687045602, 45.616103789857625 ], [ 32.354803339258218, 45.6173616893823 ], [ 32.355525059813928, 45.620890046209823 ], [ 32.358039157646843, 45.620636776838339 ], [ 32.358400143862632, 45.622400935593873 ], [ 32.360914283848871, 45.622147596473674 ], [ 32.361275379262509, 45.623911736952984 ], [ 32.363789561394469, 45.623658328078704 ], [ 32.364150766019229, 45.625422450276446 ], [ 32.366664990289344, 45.625168971642687 ], [ 32.367026304138484, 45.626933075553509 ], [ 32.369540570539144, 45.626679527154941 ], [ 32.372777834487223, 45.629954061925723 ], [ 32.377806502185699, 45.629446631779956 ], [ 32.37816821947488, 45.631210665274153 ], [ 32.380682578631678, 45.630956853290549 ], [ 32.381044405201088, 45.63272086847229 ], [ 32.383558806447674, 45.632466986701147 ], [ 32.383920742310551, 45.634230983565139 ], [ 32.386435185639307, 45.63397703200107 ], [ 32.389673870701877, 45.637250949391962 ], [ 32.394702892004119, 45.63674271279865 ], [ 32.395065231524683, 45.638506639129531 ], [ 32.397579767405581, 45.638252423891963 ], [ 32.400819352430126, 45.641525936465271 ], [ 32.405848558665681, 45.641017172453786 ], [ 32.406211301976349, 45.642781028175499 ], [ 32.408725930271643, 45.642526549210608 ], [ 32.411966415385272, 45.64579965676036 ], [ 32.416995806278578, 45.645290365223175 ], [ 32.420236930751216, 45.648563174166327 ], [ 32.430659371691249, 45.649307299680295 ], [ 32.433901514103944, 45.652579617780411 ], [ 32.438931122062229, 45.652069302084314 ], [ 32.439295043740515, 45.653832948331349 ], [ 32.444324667934829, 45.653322384354766 ], [ 32.444688774830837, 45.655085996562654 ], [ 32.449718415190866, 45.654575184293854 ], [ 32.450082707319638, 45.656338762445813 ], [ 32.455112363775015, 45.655827701873065 ], [ 32.455476841151558, 45.657591245952275 ], [ 32.46302129908365, 45.656824201228147 ], [ 32.46338603742462, 45.658587695576458 ], [ 32.468415658109713, 45.658076029839492 ], [ 32.468780581727444, 45.659839490074148 ], [ 32.479204979487037, 45.660578839679971 ], [ 32.47957027370321, 45.662342231636927 ], [ 32.482085124680097, 45.662086053373258 ], [ 32.48281596629419, 45.665612797472946 ], [ 32.485330934743132, 45.665356533609682 ], [ 32.485696482164776, 45.667119885745834 ], [ 32.491092201426994, 45.66837048183217 ], [ 32.491823768909882, 45.671897109240639 ], [ 32.494338938344072, 45.671640619863922 ], [ 32.494704848767896, 45.673403913635099 ], [ 32.497220059944894, 45.673147354300681 ], [ 32.497586080080062, 45.674910629549089 ], [ 32.500101332992166, 45.674654000251635 ], [ 32.500467462851923, 45.676417256971881 ], [ 32.502982757491452, 45.676160557706034 ], [ 32.503348997089034, 45.677923795892731 ], [ 32.505864333448294, 45.677667026653161 ], [ 32.506230682796939, 45.679430246300932 ], [ 32.508746060868241, 45.679173407082281 ], [ 32.509112519981208, 45.680936608185782 ], [ 32.511627939756849, 45.680679698982694 ], [ 32.511994508647369, 45.682442881536517 ], [ 32.514509970119647, 45.682185902343662 ], [ 32.514876648800971, 45.683949066342464 ], [ 32.51739215196217, 45.68369201715447 ], [ 32.517758940447564, 45.685455162592852 ], [ 32.520274485289967, 45.685198043404391 ], [ 32.520641383592661, 45.686961170277002 ], [ 32.523156970108587, 45.686703981082715 ], [ 32.523523978241819, 45.688467089384154 ], [ 32.526039606423559, 45.688209830178707 ], [ 32.526406724400573, 45.689972919903582 ], [ 32.528922394240404, 45.689715590681629 ], [ 32.52928962207443, 45.69147866182459 ], [ 32.531805333564641, 45.691221262580761 ], [ 32.532172671268953, 45.692984315136421 ], [ 32.534688424401814, 45.692726845865408 ], [ 32.537939224242038, 45.695995355889735 ], [ 32.542970862885404, 45.695480082918777 ], [ 32.543338606046149, 45.69724306392505 ], [ 32.545854449903494, 45.696985330251131 ], [ 32.546222302990245, 45.69874829264441 ], [ 32.548738188448873, 45.698490488920697 ], [ 32.551990151505549, 45.701758484068023 ], [ 32.557022054586227, 45.70124254209852 ], [ 32.560274658013363, 45.704510236757024 ], [ 32.565306658930766, 45.703993905926573 ], [ 32.565675213399949, 45.705756743604688 ], [ 32.568191238288819, 45.705498480964899 ], [ 32.568559902768989, 45.707261299989469 ], [ 32.573592001363956, 45.706744580249705 ], [ 32.576845885653867, 45.71001167361031 ], [ 32.587279438439097, 45.710739938842707 ], [ 32.587648770438243, 45.712502635758938 ], [ 32.590164900021563, 45.712243859760896 ], [ 32.590903818506881, 45.715769213334063 ], [ 32.596305940133973, 45.717014075985503 ], [ 32.600301489867377, 45.723805560812252 ], [ 32.602818012650133, 45.72354645680938 ], [ 32.603187998295056, 45.725309051570832 ], [ 32.605704562518476, 45.725049877419664 ], [ 32.606444788555009, 45.728575026614671 ], [ 32.611848433342757, 45.729818990572042 ], [ 32.612589169019117, 45.733344059071051 ], [ 32.615106009167327, 45.733084642728578 ], [ 32.615476504452076, 45.734847156794032 ], [ 32.620880914527504, 45.736090608887793 ], [ 32.621622380592953, 45.739615559129433 ], [ 32.624139420805541, 45.739355916366151 ], [ 32.62451028135284, 45.741118371283434 ], [ 32.62702736295973, 45.740858658322125 ], [ 32.627398333814455, 45.742621094474181 ], [ 32.632803702355311, 45.743863875317551 ], [ 32.633546119860782, 45.747388669635576 ], [ 32.636063401464114, 45.747128730159474 ], [ 32.636434737817964, 45.748891107089435 ], [ 32.638952060787084, 45.748631097389826 ], [ 32.639323507511889, 45.750393455531672 ], [ 32.641840871838966, 45.750133375603227 ], [ 32.642212428947985, 45.751895714951559 ], [ 32.644729834625224, 45.751635564788941 ], [ 32.645101502131709, 45.753397885338373 ], [ 32.647618949151273, 45.753137664936247 ], [ 32.647990727068482, 45.754899966681357 ], [ 32.650508215422548, 45.754639676034394 ], [ 32.650880103763718, 45.756401958969761 ], [ 32.653397633444477, 45.756141598072638 ], [ 32.653769632222861, 45.75790386219289 ], [ 32.656287203222476, 45.757643431040279 ], [ 32.659549144454544, 45.760907401400267 ], [ 32.664584417090033, 45.760386203699724 ], [ 32.664956823147094, 45.76214839541197 ], [ 32.667474483453596, 45.761887699118361 ], [ 32.667847000003576, 45.763649871989671 ], [ 32.670364701587033, 45.763389105418092 ], [ 32.670737328643199, 45.765151259443059 ], [ 32.673255071495788, 45.764890422588167 ], [ 32.676518441293545, 45.768153766933878 ], [ 32.681554057376651, 45.76763175771363 ], [ 32.681927091927982, 45.769393839213073 ], [ 32.684444923878807, 45.76913273712983 ], [ 32.687709197858361, 45.772395671117806 ], [ 32.692744991963245, 45.771873131370789 ], [ 32.696009907832, 45.775135762907858 ], [ 32.701045797317477, 45.774612833185842 ], [ 32.701419536620087, 45.776374788311266 ], [ 32.703937505178686, 45.776113225947263 ], [ 32.704685239789583, 45.779637095459492 ], [ 32.707203325423045, 45.779375446771304 ], [ 32.707951350840389, 45.7828992726065 ], [ 32.710469553552841, 45.782637537579511 ], [ 32.714484796908941, 45.789423236772286 ], [ 32.719896143570445, 45.790661199720283 ], [ 32.723913269428259, 45.797446405099009 ], [ 32.726431981633439, 45.797184254179278 ], [ 32.726806815309885, 45.798946040293657 ], [ 32.732219307574773, 45.800183294413962 ], [ 32.732969453023358, 45.803706787860833 ], [ 32.738382518196133, 45.804943687410031 ], [ 32.739133176771333, 45.808467099086933 ], [ 32.741652246497267, 45.808204564046541 ], [ 32.742027704103272, 45.809966249432364 ], [ 32.744546814922728, 45.809703643960155 ], [ 32.744922383419116, 45.811465310357704 ], [ 32.750336407706968, 45.812701535500452 ], [ 32.751088023269702, 45.816224789364902 ], [ 32.753607333323536, 45.815961956505767 ], [ 32.753983269510094, 45.817723562959671 ], [ 32.756502620628453, 45.817460659643316 ], [ 32.756878667769016, 45.819222247085918 ], [ 32.759398059943969, 45.818959273306987 ], [ 32.75977421805181, 45.820720841732893 ], [ 32.762293651275435, 45.820457797486121 ], [ 32.762669920363827, 45.822219346889867 ], [ 32.765189394628187, 45.821956232169896 ], [ 32.765565774710367, 45.823717762546046 ], [ 32.768085290007541, 45.823454577347569 ], [ 32.771357939528407, 45.826714325313084 ], [ 32.736079904066258, 45.830395178414442 ], [ 32.735704366652648, 45.82863346120169 ], [ 32.733184320984762, 45.828895955066038 ], [ 32.733559782318935, 45.830657688319867 ], [ 32.705836140667451, 45.833541704204499 ], [ 32.706210799701083, 45.835303610771533 ], [ 32.691086579367308, 45.836874029239539 ], [ 32.691460816338825, 45.838636028859234 ], [ 32.678855961517378, 45.839943292875525 ], [ 32.679229852399033, 45.841705369473985 ], [ 32.669145037873193, 45.842750263845666 ], [ 32.669518658716434, 45.844512401393715 ], [ 32.651868362243512, 45.846338980037032 ], [ 32.65149527497217, 45.844576730841816 ], [ 32.626278379054753, 45.847181335929442 ], [ 32.625906088996906, 45.845418924610684 ], [ 32.590597686021013, 45.849055987968008 ], [ 32.590968907899203, 45.850818621653332 ], [ 32.565743711242021, 45.853410136318722 ], [ 32.566114204136802, 45.855172925579772 ], [ 32.541254559666172, 45.859522085198286 ], [ 32.5416243574699, 45.861285026869353 ], [ 32.531531019041964, 45.862318110550916 ], [ 32.531900545507703, 45.86408111253467 ], [ 32.519282716443456, 45.86537131719475 ], [ 32.518913572260352, 45.863608236309446 ], [ 32.493676102722759, 45.86618439074114 ], [ 32.493307757688228, 45.864421149444659 ], [ 32.460494916676922, 45.867761776248486 ], [ 32.460862266900364, 45.86952522188686 ], [ 32.435616920581666, 45.872088805182756 ], [ 32.435983539254565, 45.873852404813761 ], [ 32.420834232861033, 45.875388023757779 ], [ 32.421200425994883, 45.877151714511761 ], [ 32.408574683024945, 45.878429970808135 ], [ 32.408940527056146, 45.88019373694916 ], [ 32.40136444241093, 45.88096008101666 ], [ 32.401730090525525, 45.882723891230782 ], [ 32.391627860904386, 45.883744979610505 ], [ 32.391993236341392, 45.885508849488907 ], [ 32.384415976688942, 45.886274137857875 ], [ 32.384781156048206, 45.888038051753931 ], [ 32.379729326103266, 45.888548001470795 ], [ 32.380094386039708, 45.890311943763962 ], [ 32.359520646676621, 45.890585610020096 ], [ 32.359885092694441, 45.892349677001107 ], [ 32.324513602409141, 45.895907274535283 ], [ 32.324877007334464, 45.897671556441388 ], [ 32.307188234506299, 45.899446436348285 ], [ 32.307551135441223, 45.901210824101867 ], [ 32.294914898772468, 45.902477028486274 ], [ 32.295277449196874, 45.904241490964338 ], [ 32.287695071055161, 45.90500060211221 ], [ 32.288057424605071, 45.906765108282521 ], [ 32.277946806721893, 45.907776550631652 ], [ 32.278308886411565, 45.909541115944158 ], [ 32.270725337864164, 45.910299168187166 ], [ 32.271087220518318, 45.91206377713619 ], [ 32.256280205871839, 45.915343192002645 ], [ 32.256641694240862, 45.917107888154149 ], [ 32.251584960291382, 45.91761241626876 ], [ 32.251946328398361, 45.919377140547553 ], [ 32.214015377077509, 45.923154333811077 ], [ 32.21437562355807, 45.924919286587695 ], [ 32.191612729954592, 45.927179810360769 ], [ 32.191972316363213, 45.928944898807281 ], [ 32.176795082057041, 45.930449534690993 ], [ 32.177154239345519, 45.932214712538176 ], [ 32.164505237235439, 45.933467141297875 ], [ 32.16486404233725, 45.935232393111072 ], [ 32.157274007968979, 45.935983236780167 ], [ 32.157632615062305, 45.93774853184938 ], [ 32.147511792289102, 45.938748948358835 ], [ 32.147870124117333, 45.940514301972499 ], [ 32.074475951856272, 45.947741446279082 ], [ 32.074832076887127, 45.949507239845566 ], [ 32.059643116978599, 45.950996824248769 ], [ 32.059998811310045, 45.952762706375914 ], [ 32.04734004507965, 45.954002588568194 ], [ 32.047695385858638, 45.955768543968119 ], [ 32.027793771582708, 45.959515687113168 ], [ 32.028148559593994, 45.961281758529751 ], [ 32.02055141015596, 45.962023841417214 ], [ 32.020905999039954, 45.963789955625685 ], [ 32.015840912381556, 45.964284432337841 ], [ 32.016195379505099, 45.966050574170481 ], [ 32.008597269027469, 45.966791921335414 ], [ 32.008951536899296, 45.968558105921126 ], [ 32.001352896374428, 45.969299002416349 ], [ 32.001706964923237, 45.971065229731309 ], [ 31.978908561585136, 45.973285078154497 ], [ 31.979261965726703, 45.975051438831542 ], [ 31.956460191657705, 45.977266956053221 ], [ 31.956812930966827, 45.979033449845964 ], [ 31.941609800182864, 45.980508069217422 ], [ 31.94196210700278, 45.982274650735377 ], [ 31.929291538457029, 45.983502057926593 ], [ 31.929643490184887, 45.985268712027796 ], [ 31.922040521674411, 45.986004539109615 ], [ 31.922392273413905, 45.987771235670898 ], [ 31.912254211564086, 45.988751625664406 ], [ 31.912605685596343, 45.990518379680132 ], [ 31.905001561473028, 45.99125313745671 ], [ 31.90535283535619, 45.993019933875807 ], [ 31.900283099839086, 45.993509526284726 ], [ 31.9006342511857, 45.995276350082648 ], [ 31.893029168818252, 45.996010369448904 ], [ 31.893380119891315, 45.997777235611117 ], [ 31.888309745614112, 45.998266335637773 ], [ 31.887958949948789, 45.996499439495253 ], [ 31.865141343443064, 45.998697519908539 ], [ 31.86549143958792, 46.000464550801311 ], [ 31.837598800490319, 46.003145179018254 ], [ 31.837948073895298, 46.004912371639868 ], [ 31.822731775007522, 46.006371802588447 ], [ 31.823080614212685, 46.008139082085179 ], [ 31.810399079329027, 46.009353828301315 ], [ 31.81074756196703, 46.01112117967957 ], [ 31.7853812714486, 46.01354667218385 ], [ 31.785033567439928, 46.01177917208198 ], [ 31.729218009575369, 46.017095449246028 ], [ 31.729563999289589, 46.018863275390729 ], [ 31.711800670533851, 46.020549302204827 ], [ 31.712146146721192, 46.022317229196446 ], [ 31.69945669536979, 46.02351994621511 ], [ 31.699801813806207, 46.025287944419006 ], [ 31.687111165392587, 46.026489350102416 ], [ 31.687455925919945, 46.028257419445723 ], [ 31.613832030599255, 46.035198671944634 ], [ 31.614174558257545, 46.036967164593008 ], [ 31.598938188553756, 46.038397550618797 ], [ 31.599280279189887, 46.040166128509668 ], [ 31.586582033110066, 46.041356664089548 ], [ 31.586923764729129, 46.043125312514128 ], [ 31.566945420342044, 46.046796162815724 ], [ 31.56728658997838, 46.048564922937508 ], [ 31.552385430015281, 46.051758176925482 ], [ 31.552726193822302, 46.053527019447621 ], [ 31.547644994807627, 46.054001436414417 ], [ 31.547985633903906, 46.055770305546773 ], [ 31.540363361315251, 46.056481558065201 ], [ 31.540703797337024, 46.058250468345783 ], [ 31.527998980737841, 46.059434850825149 ], [ 31.528339056917325, 46.061203831297313 ], [ 31.505467676575787, 46.063332349655013 ], [ 31.505807079217245, 46.065101458279244 ], [ 31.490557591587766, 46.06651805623693 ], [ 31.490896555552002, 46.06828724932852 ], [ 31.480729281868239, 46.069230593915535 ], [ 31.48106796383567, 46.070999842431604 ], [ 31.47089986890871, 46.071942355120065 ], [ 31.471238268768715, 46.07371165901494 ], [ 31.463611629385749, 46.074418002884975 ], [ 31.46394982551136, 46.076187347665062 ], [ 31.45632266560391, 46.076893234206914 ], [ 31.456660657923997, 46.078662619847719 ], [ 31.4417425653889, 46.081842446999964 ], [ 31.442080149884646, 46.083611914288774 ], [ 31.436994367587456, 46.084081645898195 ], [ 31.437331826616006, 46.085851139558997 ], [ 31.432245760767188, 46.086320677346052 ], [ 31.432583094289612, 46.088090197369006 ], [ 31.427496744902108, 46.088559541294508 ], [ 31.427833952879475, 46.090329087669808 ], [ 31.42274731996627, 46.090798237694585 ], [ 31.423084402359638, 46.092567810412383 ], [ 31.417997485933729, 46.093036766497256 ], [ 31.418334442704154, 46.094806365547726 ], [ 31.41324724277856, 46.095275127653494 ], [ 31.413584073887087, 46.097044753026815 ], [ 31.403745528996684, 46.099751346830665 ], [ 31.401874631810248, 46.10352483255474 ], [ 31.396786361072699, 46.103992929796668 ], [ 31.394914866077475, 46.107766353513583 ], [ 31.389826091471367, 46.108234173862598 ], [ 31.387953998454105, 46.11200753548016 ], [ 31.382864719962619, 46.112475078831423 ], [ 31.383200780563264, 46.114244871389701 ], [ 31.380656015342154, 46.114478573796461 ], [ 31.380992028710008, 46.116248378257403 ], [ 31.378447153258289, 46.116482039260454 ], [ 31.376574052549817, 46.120255303475119 ], [ 31.371483829197043, 46.120722404053588 ], [ 31.371819622013177, 46.1224922585534 ], [ 31.369274384346149, 46.122725739527361 ], [ 31.369610129862579, 46.124495605920451 ], [ 31.367064781939352, 46.124729045455439 ], [ 31.367400480141999, 46.126498923740044 ], [ 31.364855021955318, 46.126732321828584 ], [ 31.365190672830124, 46.128502212002921 ], [ 31.362645104372735, 46.128735568637453 ], [ 31.362980707905614, 46.130505470699795 ], [ 31.360435029170276, 46.130738785872794 ], [ 31.360770585347147, 46.132508699821386 ], [ 31.35822479632661, 46.132741973525306 ], [ 31.358560305133391, 46.134511899358408 ], [ 31.356014405820417, 46.134745131585717 ], [ 31.356349867243029, 46.136515069301581 ], [ 31.35380385763035, 46.136748260044733 ], [ 31.354139271654702, 46.138518209641596 ], [ 31.351593151735088, 46.138751358893089 ], [ 31.351928518347083, 46.140521320369203 ], [ 31.34938228811329, 46.140754428121468 ], [ 31.349717607298849, 46.142524401475079 ], [ 31.347171266743619, 46.142757467720593 ], [ 31.347506538488634, 46.144527452949959 ], [ 31.344960087604711, 46.144760477681174 ], [ 31.343083927496899, 46.148533466969518 ], [ 31.337990552942436, 46.14899929448827 ], [ 31.338325603359266, 46.150769329638713 ], [ 31.335778790020814, 46.151002173935396 ], [ 31.333901824624846, 46.154775082580642 ], [ 31.328807725105477, 46.155240549102139 ], [ 31.32693015950235, 46.159013394798436 ], [ 31.321835555699138, 46.159478583296668 ], [ 31.322170210475164, 46.161248706335826 ], [ 31.319622782498662, 46.161481231059661 ], [ 31.319957389675121, 46.163251365951517 ], [ 31.317409851315059, 46.163483849077821 ], [ 31.317744410877836, 46.165253995820642 ], [ 31.315196762126984, 46.165486437341841 ], [ 31.313317979206076, 46.169259166281819 ], [ 31.308222208724903, 46.169723826960571 ], [ 31.308556546322205, 46.171494023515947 ], [ 31.30600853498613, 46.171726284273454 ], [ 31.306342824902519, 46.17349649267031 ], [ 31.30379470315016, 46.173728711787433 ], [ 31.304128945371502, 46.175498932024006 ], [ 31.301580713195623, 46.175731109493164 ], [ 31.301914907707772, 46.177501341567698 ], [ 31.299366565101128, 46.177733477381373 ], [ 31.299700711889958, 46.179503721292122 ], [ 31.297152258845326, 46.179735815442733 ], [ 31.29748635789667, 46.181506071187933 ], [ 31.294937794406799, 46.18173812366792 ], [ 31.295271845706523, 46.183508391245795 ], [ 31.292723171764194, 46.183740402047633 ], [ 31.293057175298138, 46.185510681456435 ], [ 31.290508390896111, 46.185742650572564 ], [ 31.290842346650102, 46.187512941810517 ], [ 31.28607835439793, 46.189747058020792 ], [ 31.286746106036052, 46.19328768538297 ], [ 31.284196911054281, 46.193519543640271 ], [ 31.284530754714861, 46.195289867936005 ], [ 31.281981449233772, 46.195521684474983 ], [ 31.282315245054296, 46.197292020593459 ], [ 31.277550050531516, 46.199525876425611 ], [ 31.278217482051883, 46.203066593525669 ], [ 31.275667765822273, 46.203298299099053 ], [ 31.276001449358684, 46.205068668258519 ], [ 31.271235320911529, 46.207302335120559 ], [ 31.271902527672854, 46.210843118285787 ], [ 31.26935240055829, 46.211074712811893 ], [ 31.269685971665748, 46.212845115000192 ], [ 31.267135733979831, 46.213076667750201 ], [ 31.267802811616658, 46.216617493335683 ], [ 31.26303535245297, 46.218850925319686 ], [ 31.261818487796834, 46.226164135917934 ], [ 31.257049966331405, 46.228397404537752 ], [ 31.257716751876877, 46.231938333721224 ], [ 31.255165533254356, 46.232169692510304 ], [ 31.255832285324836, 46.235710640477869 ], [ 31.25328087666982, 46.235941971641573 ], [ 31.253947595230173, 46.239482938391873 ], [ 31.251395996506854, 46.239714241918691 ], [ 31.252062681521906, 46.243255227450362 ], [ 31.249510892694495, 46.243486503328732 ], [ 31.250510916812516, 46.248798006180728 ], [ 31.24795885841694, 46.249029268608787 ], [ 31.24862553885643, 46.25257028687939 ], [ 31.246073290267244, 46.252801521634403 ], [ 31.247073307422493, 46.258113073592909 ], [ 31.244520789132817, 46.258344294870788 ], [ 31.245520849707361, 46.263655867767035 ], [ 31.242968061638486, 46.263887075554031 ], [ 31.243968165591077, 46.269198669387862 ], [ 31.241415107664263, 46.26942986367024 ], [ 31.242415254953599, 46.274741478441491 ], [ 31.239861927090114, 46.274972659205481 ], [ 31.241195577200521, 46.282054835332033 ], [ 31.238641899743371, 46.282286016769682 ], [ 31.240309269517351, 46.291138753755874 ], [ 31.237755162713029, 46.291369950059938 ], [ 31.24009023963735, 46.303763780099722 ], [ 31.237535543943157, 46.303995019676201 ], [ 31.240539326965568, 46.319929898379222 ], [ 31.237983882516808, 46.320161209651694 ], [ 31.238985469205794, 46.3254728351341 ], [ 31.236429754100225, 46.325704132810905 ], [ 31.237431384023871, 46.331015779237553 ], [ 31.234875398182442, 46.331247063304893 ], [ 31.235877071299274, 46.336558730675648 ], [ 31.233320814642909, 46.336790001119773 ], [ 31.234656499145284, 46.343872247384695 ], [ 31.232099891748216, 46.344103518404673 ], [ 31.233769804823652, 46.352956343062885 ], [ 31.231212766663216, 46.353187628858514 ], [ 31.233217219873694, 46.363811024174908 ], [ 31.230659670808659, 46.36404233894941 ], [ 31.234671013497085, 46.385289039717776 ], [ 31.232112473205085, 46.385520468788805 ], [ 31.233450274127417, 46.392602682062176 ], [ 31.236009134581444, 46.392371196088334 ], [ 31.238017260937966, 46.402994358200367 ], [ 31.225220241413574, 46.404151650945877 ], [ 31.224885875441146, 46.402381058837179 ], [ 31.166011308240737, 46.407686112336549 ], [ 31.166343830698615, 46.409457030559317 ], [ 31.158663075943704, 46.410146835512144 ], [ 31.158330794086265, 46.40837587488344 ], [ 31.155770560124392, 46.408605682830419 ], [ 31.155438389750863, 46.406834705685981 ], [ 31.152878204716323, 46.407064443054615 ], [ 31.149654062263405, 46.403752106035988 ], [ 31.144533856703237, 46.404211242045186 ], [ 31.14420210088808, 46.402440201274061 ], [ 31.14164203144594, 46.402669670494546 ], [ 31.138418833594358, 46.399356938154391 ], [ 31.133298859389079, 46.399815537945805 ], [ 31.132967517984746, 46.398044433625117 ], [ 31.130407564272495, 46.398273634757054 ], [ 31.127185310864537, 46.394960507309179 ], [ 31.122065568289038, 46.395418571002097 ], [ 31.118843987490834, 46.392105152069419 ], [ 31.108274181493847, 46.391249020877709 ], [ 31.105053674124619, 46.387935122648379 ], [ 31.099934235292416, 46.388392142602086 ], [ 31.099604105156676, 46.38662085046095 ], [ 31.09448470235214, 46.387077616555977 ], [ 31.094154763634311, 46.385306293964376 ], [ 31.08903539692955, 46.385762806214984 ], [ 31.088705649611629, 46.383991453190106 ], [ 31.083586319078723, 46.384447711610541 ], [ 31.083256763142678, 46.382676328169552 ], [ 31.07813746885374, 46.383132332774046 ], [ 31.077808104281544, 46.381360918934156 ], [ 31.072688846308619, 46.381816669737006 ], [ 31.072359673082254, 46.380045225515374 ], [ 31.064680794241088, 46.380728386372766 ], [ 31.064351892517795, 46.378956897787333 ], [ 31.059232645474847, 46.379412028142077 ], [ 31.058903935061249, 46.377640509216874 ], [ 31.051225072950061, 46.378322739440975 ], [ 31.05089663400695, 46.376551176212445 ], [ 31.045449150671033, 46.375234092644597 ], [ 31.043808375773285, 46.366376089824762 ], [ 31.041249192565232, 46.366603176326336 ], [ 31.032077349816731, 46.316996887235845 ], [ 31.029520377006534, 46.317223526728171 ], [ 31.02723174890227, 46.304821570330908 ], [ 31.024675304785415, 46.305048055971412 ], [ 31.023041892217982, 46.296189375992178 ], [ 31.020485816782536, 46.296415735706617 ], [ 31.015319125152899, 46.28246780718964 ], [ 31.012763627053705, 46.282693943023062 ], [ 31.008252405223018, 46.272289083945147 ], [ 31.005697324598753, 46.272515023839951 ], [ 31.005045831618364, 46.268971331225082 ], [ 31.002490879912358, 46.269197187078333 ], [ 31.00151410940402, 46.263881589051799 ], [ 30.998959366363227, 46.26410734699521 ], [ 30.998308498559865, 46.260563575592741 ], [ 30.995753884411879, 46.260789249529907 ], [ 30.995103298451024, 46.257245441082468 ], [ 30.992548813188503, 46.25747103102853 ], [ 30.991898508991586, 46.253927185551582 ], [ 30.989344152607195, 46.254152691521625 ], [ 30.988694130095627, 46.250608809030588 ], [ 30.986139902582025, 46.250834231039718 ], [ 30.985490161677266, 46.247290311550039 ], [ 30.982936063027111, 46.247515649613355 ], [ 30.979083455929885, 46.240652953832374 ], [ 30.973651359685867, 46.239331210168864 ], [ 30.973002683451924, 46.235787147463931 ], [ 30.970449020524796, 46.236012163732596 ], [ 30.969800625533644, 46.232468064103479 ], [ 30.967247091443948, 46.232692996496716 ], [ 30.966274966388767, 46.22737678822503 ], [ 30.968828261560908, 46.227151897326785 ], [ 30.963646947840896, 46.198798656800854 ], [ 30.961094925808382, 46.199023326524568 ], [ 30.958184573418325, 46.183074244821995 ], [ 30.955633236358754, 46.183298734123468 ], [ 30.953694844564069, 46.172665826475203 ], [ 30.951143953759733, 46.172890176869402 ], [ 30.949852616926442, 46.165801470547784 ], [ 30.947302013406077, 46.166025709682401 ], [ 30.946011479107209, 46.158936911403821 ], [ 30.943461162791863, 46.159161039317652 ], [ 30.942493818222399, 46.153844375127925 ], [ 30.93994370969066, 46.154068405636544 ], [ 30.938976875610958, 46.148751679445979 ], [ 30.936426974826784, 46.148975612575441 ], [ 30.931945144215398, 46.13856581009378 ], [ 30.929395658818198, 46.138789548543038 ], [ 30.928752092685897, 46.135244942831179 ], [ 30.92620273565009, 46.13546859773335 ], [ 30.925559448902998, 46.131923955349727 ], [ 30.923010220221133, 46.132147526719862 ], [ 30.922367212781385, 46.128602847679808 ], [ 30.919818112446066, 46.128826335532914 ], [ 30.919175384235757, 46.125281619851712 ], [ 30.916626412239545, 46.125505024202866 ], [ 30.915983963180846, 46.121960271895773 ], [ 30.913435119516308, 46.122183592760003 ], [ 30.909602343202089, 46.115317215721653 ], [ 30.904184397162201, 46.113991023964822 ], [ 30.900353479474102, 46.107124200002872 ], [ 30.897805198167966, 46.107347117367262 ], [ 30.89748476516532, 46.105574634914362 ], [ 30.894936532972242, 46.105797482582105 ], [ 30.894295915551567, 46.102252483431023 ], [ 30.891747811659528, 46.102475247706955 ], [ 30.891427627216693, 46.100702731015105 ], [ 30.886011491587471, 46.099375517866001 ], [ 30.885371589586555, 46.095830418329747 ], [ 30.88282371224814, 46.096052959892823 ], [ 30.882503885444336, 46.094280393026978 ], [ 30.879956057246332, 46.094502864930718 ], [ 30.879636339610201, 46.092730282109478 ], [ 30.874221222180484, 46.091402418190732 ], [ 30.873582253477352, 46.087857186488641 ], [ 30.871034651883409, 46.08807943577915 ], [ 30.870715291638149, 46.086306802854722 ], [ 30.868167739208658, 46.086528982513229 ], [ 30.867848488063625, 46.084756333655534 ], [ 30.865300984805486, 46.08497844368781 ], [ 30.864981842746456, 46.083205778902105 ], [ 30.862434388666589, 46.083427819313947 ], [ 30.862115355679343, 46.081655138605477 ], [ 30.859567950784641, 46.081877109402669 ], [ 30.859249026854958, 46.080104412776691 ], [ 30.85670167115234, 46.080326313965017 ], [ 30.856382856266002, 46.078553601426805 ], [ 30.853835549762351, 46.078775433012055 ], [ 30.85351684390514, 46.077002704566837 ], [ 30.850969586607377, 46.077224466554789 ], [ 30.850650989765064, 46.075451722207809 ], [ 30.84810378168007, 46.075673414604289 ], [ 30.847785293838456, 46.073900654360827 ], [ 30.845238134973119, 46.074122277171583 ], [ 30.844919756117985, 46.072349501036882 ], [ 30.842372646479213, 46.072571054267712 ], [ 30.839189155266151, 46.069246938002287 ], [ 30.83409510308967, 46.069689710231934 ], [ 30.833777130202343, 46.067916872839504 ], [ 30.828365331998157, 46.066586527186537 ], [ 30.827729851713663, 46.063040786695353 ], [ 30.825183037578778, 46.06326192256823 ], [ 30.824230277934284, 46.057943254135154 ], [ 30.821683671210817, 46.058164293273684 ], [ 30.821048805198398, 46.054618475871756 ], [ 30.818502326803191, 46.054839431892994 ], [ 30.817550488245491, 46.049520648147258 ], [ 30.815004217207097, 46.049741507480121 ], [ 30.814369965038377, 46.046195613238709 ], [ 30.811823822302298, 46.046416389489323 ], [ 30.811189847157607, 46.042870459100634 ], [ 30.808643832716239, 46.043091152284049 ], [ 30.807693330002056, 46.037772199136135 ], [ 30.805147522844504, 46.037992795697129 ], [ 30.801335396896455, 46.031121258878109 ], [ 30.795927925860358, 46.029789011920585 ], [ 30.792117646969228, 46.022917032140136 ], [ 30.786711172714696, 46.021584262529274 ], [ 30.786079351721884, 46.018038047978578 ], [ 30.783534284435902, 46.018258090699945 ], [ 30.782902739799308, 46.014711840135497 ], [ 30.780357800750249, 46.014931799919552 ], [ 30.780042151770353, 46.013158657754715 ], [ 30.774636881161406, 46.011825211216795 ], [ 30.774006046819025, 46.008278861626025 ], [ 30.771461334643092, 46.008498599722181 ], [ 30.771146040739779, 46.006725408062607 ], [ 30.765741578950902, 46.005391468735532 ], [ 30.765111454514624, 46.001845020225581 ], [ 30.762566969243895, 46.002064536711885 ], [ 30.762252030223159, 46.000291295611113 ], [ 30.759707594301286, 46.000510742744865 ], [ 30.759392763690606, 45.998737485917474 ], [ 30.756848377124392, 45.9989568637045 ], [ 30.756533654909585, 45.997183591155718 ], [ 30.753989317705823, 45.997402899601767 ], [ 30.753674703872711, 45.995629611336831 ], [ 30.751130416038205, 45.995848850447707 ], [ 30.750815910572616, 45.994075546471841 ], [ 30.748271672114132, 45.994294716253357 ], [ 30.74795727500188, 45.992521396571753 ], [ 30.745413085926224, 45.992740497029679 ], [ 30.74509879715314, 45.990967161647582 ], [ 30.742554657467096, 45.991186192787715 ], [ 30.742240477019003, 45.989412841710333 ], [ 30.739696386729346, 45.989631803538472 ], [ 30.739382314592056, 45.987858436771035 ], [ 30.73683827370558, 45.988077329292949 ], [ 30.736524309864926, 45.986303946840678 ], [ 30.733980318388404, 45.986522770062201 ], [ 30.733666462830204, 45.984749371930313 ], [ 30.731122520770398, 45.984968125857208 ], [ 30.730808773480479, 45.98319471205091 ], [ 30.728264880844176, 45.983413396688967 ], [ 30.727951241808373, 45.981639967213475 ], [ 30.725407398602346, 45.981858582568513 ], [ 30.725093867806454, 45.980085137429029 ], [ 30.722550074037471, 45.98030368350684 ], [ 30.719379592783618, 45.976975223063221 ], [ 30.714292173666184, 45.977411982318898 ], [ 30.713979046330561, 45.975638476784717 ], [ 30.711435371555545, 45.975856759241445 ], [ 30.711122352399453, 45.974083238068303 ], [ 30.708578727098985, 45.974301451272623 ], [ 30.705409437449514, 45.970972505988001 ], [ 30.700322355468007, 45.971408599600778 ], [ 30.697153725665022, 45.968079370703698 ], [ 30.692066783107542, 45.968515075754127 ], [ 30.688898813090553, 45.965185563354289 ], [ 30.683812010108841, 45.96562087989841 ], [ 30.683499984220266, 45.963847209216233 ], [ 30.67841322183585, 45.964282275710779 ], [ 30.675246305572141, 45.960952296973758 ], [ 30.670159683018959, 45.961386975047745 ], [ 30.669848138852423, 45.959613230880294 ], [ 30.667304862561178, 45.959830472822887 ], [ 30.666059293082601, 45.952735420756198 ], [ 30.663516302753088, 45.952952553431039 ], [ 30.661960391374535, 45.944083622238878 ], [ 30.659417765675105, 45.944300632330155 ], [ 30.658173876444707, 45.937205394548506 ], [ 30.655631536523238, 45.937422295455249 ], [ 30.654699161733326, 45.93210080410406 ], [ 30.652157028812542, 45.932317609205327 ], [ 30.65091458491311, 45.925222203430771 ], [ 30.648372737636478, 45.925438899417372 ], [ 30.647441446321555, 45.920117282141284 ], [ 30.644899805954683, 45.920333882379737 ], [ 30.644279247825107, 45.916786099954102 ], [ 30.641737735687258, 45.9170026177935 ], [ 30.640807352450533, 45.911680887819166 ], [ 30.63826604716726, 45.911897309956096 ], [ 30.637646094211547, 45.908349452433256 ], [ 30.635104917130771, 45.908565792205984 ], [ 30.634485237571482, 45.905017899339533 ], [ 30.63194418868537, 45.905234156763008 ], [ 30.631324782445944, 45.901686228567819 ], [ 30.628783861746605, 45.901902403657012 ], [ 30.628164728750491, 45.898354440147962 ], [ 30.625623936230053, 45.898570532917788 ], [ 30.625005076400718, 45.895022534109806 ], [ 30.622464412051325, 45.895238544575172 ], [ 30.618686975400728, 45.888358369297798 ], [ 30.613297174070041, 45.887015940897179 ], [ 30.61267934826633, 45.883467805382871 ], [ 30.610139117986062, 45.883683500053273 ], [ 30.609830327026998, 45.881909415767211 ], [ 30.607290146356672, 45.8821250414722 ], [ 30.606672808271778, 45.878576839854837 ], [ 30.601284205690906, 45.877233740540433 ], [ 30.600667355122145, 45.873685472870015 ], [ 30.598127480356919, 45.873900865200589 ], [ 30.597819176913998, 45.872126714861487 ], [ 30.592431380215725, 45.870783126971773 ], [ 30.591815231684752, 45.867234762478155 ], [ 30.58927558432233, 45.867449934781554 ], [ 30.588967631828343, 45.86567573604902 ], [ 30.586428034111076, 45.865890839440034 ], [ 30.586120188945813, 45.864116625308256 ], [ 30.583580640880314, 45.864331659792718 ], [ 30.583272903029656, 45.862557430266882 ], [ 30.577886325330287, 45.861213047624538 ], [ 30.577271307604857, 45.85766452487028 ], [ 30.571885328878817, 45.856319807314343 ], [ 30.570963575354128, 45.850996921232209 ], [ 30.568424511013266, 45.851211571634444 ], [ 30.56750325173558, 45.84588862653117 ], [ 30.564964393943146, 45.84610318166223 ], [ 30.560584706023505, 45.835671574398305 ], [ 30.558046261218024, 45.835885939064013 ], [ 30.557433047327585, 45.832337193222621 ], [ 30.554894730583598, 45.832551475882262 ], [ 30.553975360152659, 45.827228301439483 ], [ 30.551437249828439, 45.827442488924802 ], [ 30.550824636375346, 45.823893668859647 ], [ 30.548286654085867, 45.82410777437368 ], [ 30.547674312028544, 45.820558919368118 ], [ 30.545136457765853, 45.820772942925799 ], [ 30.544524387028204, 45.817224052994618 ], [ 30.541986660784303, 45.817437994610799 ], [ 30.541374861290272, 45.813889069768777 ], [ 30.538837263057154, 45.814102929458407 ], [ 30.538225734730677, 45.810553969720267 ], [ 30.535688264500365, 45.810767747498225 ], [ 30.531928678810441, 45.803883419273845 ], [ 30.526548928079759, 45.802536047449131 ], [ 30.525938426518156, 45.798986952548553 ], [ 30.52055927343644, 45.797639246883648 ], [ 30.519949256330996, 45.794090086618226 ], [ 30.514570700805621, 45.792742047219122 ], [ 30.513961167954673, 45.789192821638508 ], [ 30.511424486759935, 45.789405984017854 ], [ 30.511119841360706, 45.787631354908036 ], [ 30.505742089508392, 45.786282829286023 ], [ 30.505133254169813, 45.782733507955285 ], [ 30.502596800404138, 45.782946451215253 ], [ 30.502292503691478, 45.781171774248442 ], [ 30.499756099668598, 45.781384648853681 ], [ 30.499451909652365, 45.779609956655349 ], [ 30.496915555378802, 45.779822762611694 ], [ 30.496611472044918, 45.778048055186993 ], [ 30.494075167527225, 45.778260792500213 ], [ 30.493771190861633, 45.776486069854307 ], [ 30.491234936106292, 45.776698738530186 ], [ 30.490931066094927, 45.774924000668214 ], [ 30.485554942526207, 45.773574379058346 ], [ 30.484947657452878, 45.770024840378504 ], [ 30.482411630218834, 45.770237290098997 ], [ 30.481501150246348, 45.764912926933313 ], [ 30.478965329158463, 45.765125281897966 ], [ 30.47805533924749, 45.759800860432371 ], [ 30.475519724269027, 45.760013120666756 ], [ 30.474610224214995, 45.754688640931043 ], [ 30.47207481530921, 45.754900806460718 ], [ 30.471468780023933, 45.751351116593597 ], [ 30.468933499030385, 45.751563200499398 ], [ 30.468327733384747, 45.748013476055227 ], [ 30.465792580295329, 45.748225478352026 ], [ 30.465187084213643, 45.744675719345501 ], [ 30.462652059020265, 45.744887640048169 ], [ 30.461744261595694, 45.739562946546911 ], [ 30.45920944238156, 45.739774772629815 ], [ 30.458604541795584, 45.736224940318309 ], [ 30.453232879117433, 45.734873428492783 ], [ 30.452628460535145, 45.73132353138336 ], [ 30.45009394684482, 45.731535125858073 ], [ 30.44635153132732, 45.724646741141349 ], [ 30.440981245416555, 45.723294536349336 ], [ 30.440377846684882, 45.719744505581517 ], [ 30.435008156805573, 45.718391968552865 ], [ 30.434405239427683, 45.714841873139619 ], [ 30.431871336739103, 45.715053004712679 ], [ 30.431569998351392, 45.713277940853928 ], [ 30.426201110253306, 45.711924919710626 ], [ 30.425598886367048, 45.708374729521516 ], [ 30.42306521116647, 45.70858564278565 ], [ 30.422764219455257, 45.706810531556904 ], [ 30.420230594094189, 45.707021376395588 ], [ 30.41992970851906, 45.705246250087697 ], [ 30.417396133003958, 45.705457026506686 ], [ 30.417095353550863, 45.703681885124787 ], [ 30.411727678739236, 45.702328076276181 ], [ 30.411126572346294, 45.698777731152255 ], [ 30.408593224378421, 45.698988289383109 ], [ 30.408292791306312, 45.697213100716112 ], [ 30.405759493206332, 45.697423590554621 ], [ 30.405459166189928, 45.695648386835018 ], [ 30.402925917964286, 45.695858808287021 ], [ 30.402625696989549, 45.69408358951997 ], [ 30.400092498644671, 45.69429394259123 ], [ 30.399792383697598, 45.692518708781833 ], [ 30.397259235239886, 45.692728993478163 ], [ 30.396959226306443, 45.690953744631507 ], [ 30.394426127742317, 45.691163960958725 ], [ 30.394126224808485, 45.689388697079941 ], [ 30.391593176144379, 45.689598845043847 ], [ 30.391293379196121, 45.687823566138029 ], [ 30.388760380438434, 45.688033645744412 ], [ 30.385628155597729, 45.684693054126789 ], [ 30.380562329739497, 45.685112884527008 ], [ 30.380262928596544, 45.683337547647959 ], [ 30.377730051599766, 45.683547366801015 ], [ 30.377430756382488, 45.681772014919488 ], [ 30.374897929327997, 45.681981765739934 ], [ 30.374598740022389, 45.680206398861031 ], [ 30.372065962916555, 45.680416081354672 ], [ 30.368935174833457, 45.677074916797785 ], [ 30.363869792505884, 45.677493953102228 ], [ 30.363570998767948, 45.675718528362928 ], [ 30.361038343607742, 45.675927950502214 ], [ 30.357908468497371, 45.672586409947527 ], [ 30.352843330216164, 45.673004925623218 ], [ 30.34971410630089, 45.669663107463897 ], [ 30.34464911226684, 45.670081239184697 ], [ 30.344351003452537, 45.668305713885388 ], [ 30.341818542523907, 45.668514683767903 ], [ 30.341222564306886, 45.664963601220435 ], [ 30.335860078928409, 45.663605753218086 ], [ 30.332137191904732, 45.656712165803455 ], [ 30.329605164795218, 45.65692082409214 ], [ 30.329307668169562, 45.655145217948665 ], [ 30.323946373156787, 45.653786708776067 ], [ 30.323351830363741, 45.650235434792293 ], [ 30.320820031277957, 45.650443875560434 ], [ 30.320522879413002, 45.648668222636914 ], [ 30.317991130393175, 45.648876595192739 ], [ 30.317694084149366, 45.647100927374744 ], [ 30.315162385201852, 45.647309231724059 ], [ 30.314865444565164, 45.645533549016683 ], [ 30.309505361868879, 45.644174255527403 ], [ 30.308911930678725, 45.640622828526602 ], [ 30.306380459812519, 45.640830915476215 ], [ 30.306083863641767, 45.639055186073143 ], [ 30.303552442869407, 45.639263204843623 ], [ 30.303255952239574, 45.637487460572501 ], [ 30.300724581567387, 45.637695411169638 ], [ 30.300428196464459, 45.635919652035554 ], [ 30.297896875898779, 45.636127534465146 ], [ 30.297600596308754, 45.63435176047318 ], [ 30.295069325855923, 45.634559574741083 ], [ 30.294773151764794, 45.632783785896308 ], [ 30.292241931431143, 45.632991532008312 ], [ 30.291945862824893, 45.631215728315802 ], [ 30.289414692616752, 45.631423406277719 ], [ 30.289118729481391, 45.629647587742575 ], [ 30.286587609405043, 45.629855197560254 ], [ 30.286291751726569, 45.628079364187535 ], [ 30.283760681788372, 45.628286905866759 ], [ 30.280638262952305, 45.624942668175549 ], [ 30.275576296039382, 45.625357423663935 ], [ 30.275280832431591, 45.623581533039129 ], [ 30.272749885328881, 45.623788814988472 ], [ 30.272454527118114, 45.622012909550534 ], [ 30.269923630188956, 45.622220123386377 ], [ 30.266802383153173, 45.618875413819588 ], [ 30.261740762447534, 45.619289513726407 ], [ 30.26115086135292, 45.615737586489587 ], [ 30.25579468777844, 45.614375421857879 ], [ 30.255205263078821, 45.610823431396987 ], [ 30.252674745076565, 45.611030223937028 ], [ 30.248966302524256, 45.604132853869281 ], [ 30.243611500815192, 45.602770003086562 ], [ 30.243023083301935, 45.599217882251324 ], [ 30.237668875847227, 45.597854702314983 ], [ 30.237080934083977, 45.59430251840601 ], [ 30.234551028309184, 45.594508851779231 ], [ 30.234257176328089, 45.592732744065408 ], [ 30.228903768662139, 45.591369084314472 ], [ 30.228316512712258, 45.587816807916937 ], [ 30.225786835347918, 45.588022924559276 ], [ 30.225493326204667, 45.586246770618885 ], [ 30.222963699091302, 45.586452819265389 ], [ 30.222670295046317, 45.584676650603896 ], [ 30.217317892636828, 45.583312360555176 ], [ 30.216731532251263, 45.579759962351211 ], [ 30.214202133589463, 45.57996579436611 ], [ 30.213909072140485, 45.578189579545729 ], [ 30.211379723750813, 45.578395343592177 ], [ 30.211086767334063, 45.57661911407191 ], [ 30.208557469222757, 45.576824810155735 ], [ 30.208264617824245, 45.575048565940612 ], [ 30.205735369997569, 45.575254194067632 ], [ 30.205442623603307, 45.573477935162714 ], [ 30.202913426067507, 45.573683495338756 ], [ 30.202620784663523, 45.5719072217491 ], [ 30.200091637424826, 45.572112713979969 ], [ 30.199799100997133, 45.570336425710643 ], [ 30.197270004061782, 45.570541850002165 ], [ 30.196977572596403, 45.568765547058241 ], [ 30.194448525970639, 45.568970903416229 ], [ 30.194156199453595, 45.567194585802731 ], [ 30.191627203143664, 45.567399874233033 ], [ 30.19133498156096, 45.565623541955027 ], [ 30.188806035573091, 45.565828762463433 ], [ 30.185693011495236, 45.562481206526463 ], [ 30.180635293571154, 45.562891320616203 ], [ 30.180343464322277, 45.561114931745053 ], [ 30.177814642074122, 45.561319893250008 ], [ 30.177522917699804, 45.559543489738637 ], [ 30.1749941458087, 45.559748383346736 ], [ 30.171882290100019, 45.556400358140635 ], [ 30.166824920556813, 45.5568098185351 ], [ 30.16653358832454, 45.555033358523183 ], [ 30.164004940325484, 45.555237993208173 ], [ 30.160893992684201, 45.55188959615483 ], [ 30.155836871077238, 45.552298538783546 ], [ 30.155545930841019, 45.550522022344367 ], [ 30.153017406857398, 45.550726398167519 ], [ 30.15272657139014, 45.548949867131682 ], [ 30.147669597102222, 45.549358427809054 ], [ 30.144559945304739, 45.546009481667021 ], [ 30.139503118480135, 45.546417660450352 ], [ 30.139212752401395, 45.544641060508049 ], [ 30.13415597224289, 45.545048993104707 ], [ 30.131047356187885, 45.54169959523913 ], [ 30.125990723736056, 45.542107146029707 ], [ 30.125700826885691, 45.540330477288677 ], [ 30.123172547612583, 45.5405341572434 ], [ 30.122882755417759, 45.538757473957347 ], [ 30.117536660837477, 45.53738793263188 ], [ 30.116957522036518, 45.533834505916566 ], [ 30.114429471858159, 45.5340379699376 ], [ 30.114140020586415, 45.532261241054265 ], [ 30.111612020927005, 45.532464637291994 ], [ 30.111322674244828, 45.530687893884753 ], [ 30.105977584400936, 45.529317725107418 ], [ 30.105399336318058, 45.525764178238084 ], [ 30.102871565793084, 45.525967358641452 ], [ 30.10258255979274, 45.524190569704217 ], [ 30.100054839807456, 45.524393682351658 ], [ 30.09976593833073, 45.522616878911606 ], [ 30.097238268891285, 45.52281992380896 ], [ 30.096949471924209, 45.521043105871122 ], [ 30.094421853036781, 45.521246083024224 ], [ 30.094133160565359, 45.519469250593616 ], [ 30.091605592236078, 45.519672160008298 ], [ 30.091317004246367, 45.517895313090001 ], [ 30.088789486481385, 45.518098154772069 ], [ 30.088501002959404, 45.516321293371071 ], [ 30.085973535764854, 45.516524067326358 ], [ 30.085685156696645, 45.514747191447725 ], [ 30.083157740078679, 45.514949897682058 ], [ 30.082869465450269, 45.513173007330799 ], [ 30.080342099415038, 45.513375645850047 ], [ 30.080053929212447, 45.511598741031179 ], [ 30.077526613766082, 45.511801311841168 ], [ 30.074423321731185, 45.508449961927298 ], [ 30.06936886634432, 45.508854777523695 ], [ 30.069081086829083, 45.50707781686188 ], [ 30.066553896309781, 45.507280129359323 ], [ 30.065978572877679, 45.503726177172688 ], [ 30.068505608424523, 45.503523889606967 ], [ 30.067642592336558, 45.498192983899017 ], [ 30.070169368616039, 45.497990678522015 ], [ 30.069306361942878, 45.492659792422408 ], [ 30.071832879029209, 45.492457469248606 ], [ 30.072057961255464, 45.478039507116414 ], [ 30.074583805425281, 45.477837173329355 ], [ 30.072858413052526, 45.467175477270715 ], [ 30.075383766294703, 45.466973163134782 ], [ 30.073371488458726, 45.45453451505653 ], [ 30.075896273777438, 45.454332233050032 ], [ 30.072735928337266, 45.434785727539229 ], [ 30.075259837280974, 45.434583527515052 ], [ 30.078358395196148, 45.437935150440666 ], [ 30.088741960016751, 45.438902365691675 ], [ 30.091841548361582, 45.442253539204081 ], [ 30.096889735742479, 45.441848188227858 ], [ 30.097177734830925, 45.443625030986176 ], [ 30.102225969121779, 45.443219434698712 ], [ 30.102514149505666, 45.444996250483378 ], [ 30.107562430640318, 45.444590408869189 ], [ 30.107850792338244, 45.446367197663662 ], [ 30.118236037904833, 45.447331540181203 ], [ 30.118524762286697, 45.449108274945978 ], [ 30.126097353755803, 45.448498325792677 ], [ 30.126386336715566, 45.450275020987903 ], [ 30.131434750619498, 45.449868087747831 ], [ 30.131723914968514, 45.451644755879649 ], [ 30.139296565047069, 45.451033905292242 ], [ 30.139585988010499, 45.452810533796111 ], [ 30.147158626633427, 45.452199149838222 ], [ 30.147448308228373, 45.453975738679638 ], [ 30.155020935173624, 45.453363821331877 ], [ 30.155310875417147, 45.455140370476315 ], [ 30.16540764133094, 45.454323659316422 ], [ 30.165697917436738, 45.456100156145922 ], [ 30.178318651301222, 45.455077965105808 ], [ 30.178609340466789, 45.456854396960573 ], [ 30.191229782155702, 45.455830766164617 ], [ 30.191520884376374, 45.457607132954166 ], [ 30.211712795692755, 45.455966359396726 ], [ 30.212004542458679, 45.457742623105148 ], [ 30.257431356601948, 45.454037772979603 ], [ 30.257138221452717, 45.452261737447287 ], [ 30.282370743526467, 45.450195909958531 ], [ 30.28207686490153, 45.448419999611659 ], [ 30.294691713081427, 45.447385086635165 ], [ 30.294397476608204, 45.445609237976605 ], [ 30.304488553037814, 45.444780368655557 ], [ 30.304194035883327, 45.443004568991952 ], [ 30.314284364731364, 45.442174870941898 ], [ 30.313989566997758, 45.440399120319888 ], [ 30.32155679397162, 45.439776307847076 ], [ 30.321261792748306, 45.438000593523697 ], [ 30.328828541166892, 45.437377324689926 ], [ 30.328533336520358, 45.435601646690301 ], [ 30.343369989250267, 45.432578098689291 ], [ 30.343074377956743, 45.430802493412394 ], [ 30.348117946926486, 45.430386123475678 ], [ 30.34782220933436, 45.428610541775228 ], [ 30.352865514157248, 45.428193977725797 ], [ 30.352569650303519, 45.426418419611977 ], [ 30.357612690963226, 45.426001661487369 ], [ 30.357316700884898, 45.424226126970346 ], [ 30.362359477365086, 45.423809174808142 ], [ 30.362063361099171, 45.422033663898134 ], [ 30.367105873383512, 45.421616517735863 ], [ 30.366809630967008, 45.419841030443045 ], [ 30.371851879039188, 45.41942369031829 ], [ 30.371555510509111, 45.417648226652837 ], [ 30.381342719345277, 45.415037524638109 ], [ 30.381046098698988, 45.413262108257939 ], [ 30.383566840194693, 45.413053174809406 ], [ 30.383270170368718, 45.411277769221591 ], [ 30.388311416750682, 45.410859763390775 ], [ 30.388014620945881, 45.409084381465256 ], [ 30.390535125834646, 45.40887530909523 ], [ 30.392461787233888, 45.405115463267265 ], [ 30.397502351479197, 45.404697095654434 ], [ 30.399428426275978, 45.400937179945153 ], [ 30.404468517334813, 45.400518534680778 ], [ 30.404171322441105, 45.398743232538266 ], [ 30.406691249675998, 45.398533840512023 ], [ 30.406394005729084, 45.396758549182572 ], [ 30.408913828520486, 45.396549115198326 ], [ 30.410838911876322, 45.392789089051384 ], [ 30.415878112011637, 45.39236999845896 ], [ 30.415580644274389, 45.390594752480439 ], [ 30.418100126058032, 45.390385137835153 ], [ 30.417802609332632, 45.388609902679782 ], [ 30.420321986694223, 45.388400246110912 ], [ 30.420024420994416, 45.386625021780532 ], [ 30.422543693940234, 45.386415323295459 ], [ 30.42224607927977, 45.384640109792002 ], [ 30.424765247816115, 45.384430369398096 ], [ 30.424467584208731, 45.382655166723424 ], [ 30.426986648341899, 45.382445384428067 ], [ 30.426688935801341, 45.380670192584091 ], [ 30.429207895537616, 45.380460368394658 ], [ 30.428910134077626, 45.378685187383233 ], [ 30.43142898942331, 45.378475321307114 ], [ 30.431131179057605, 45.376700151130137 ], [ 30.433649930018984, 45.376490243174693 ], [ 30.43335207076133, 45.374715083834069 ], [ 30.435870717344695, 45.374505134006668 ], [ 30.4355728092088, 45.372729985504265 ], [ 30.440311832266268, 45.370534822600867 ], [ 30.43971584831997, 45.366984566873924 ], [ 30.442234105213988, 45.366774504405129 ], [ 30.441936078285515, 45.364999386341779 ], [ 30.444454230836687, 45.364789282033023 ], [ 30.444156155088614, 45.36301417481485 ], [ 30.446674203303257, 45.362804028673501 ], [ 30.446376078749292, 45.361028932302361 ], [ 30.448894022633691, 45.360818744335802 ], [ 30.448595849287543, 45.359043658813555 ], [ 30.453333201966196, 45.356848082762859 ], [ 30.452736687962609, 45.353297953035614 ], [ 30.457473400616511, 45.351102255280473 ], [ 30.458797321243583, 45.343791720752243 ], [ 30.461314409810722, 45.343581320841984 ], [ 30.461016027359854, 45.341806294176926 ], [ 30.463533011670819, 45.341595852500504 ], [ 30.462936177183028, 45.33804581879874 ], [ 30.467671228140745, 45.335849829052492 ], [ 30.467074254582023, 45.33229983461532 ], [ 30.469590773297721, 45.332089293602294 ], [ 30.468993758043137, 45.328539316707754 ], [ 30.471510096135805, 45.328328746923148 ], [ 30.470913039221184, 45.324778787572953 ], [ 30.473429196723959, 45.32456818902827 ], [ 30.47283209818513, 45.32101824722416 ], [ 30.475348075131077, 45.320807619930932 ], [ 30.474750935003872, 45.31725769567462 ], [ 30.477266731426102, 45.317047039644372 ], [ 30.476669549746305, 45.313497132937584 ], [ 30.479185165677915, 45.313286448181849 ], [ 30.478587942481312, 45.309736559026291 ], [ 30.481103377955353, 45.309525845556578 ], [ 30.480207522624177, 45.304201035008816 ], [ 30.482722701369461, 45.303990305806103 ], [ 30.481826867240173, 45.298665515300925 ], [ 30.484341789330152, 45.29845477037933 ], [ 30.483445976450149, 45.293129999917383 ], [ 30.485960641958325, 45.292919239291002 ], [ 30.485064850374993, 45.287594488872998 ], [ 30.48757925937478, 45.287383712555879 ], [ 30.486683489135451, 45.282058982182456 ], [ 30.489197641700258, 45.281848190188747 ], [ 30.488726147203622, 45.263888365522085 ], [ 30.491239482536002, 45.263677594108749 ], [ 30.487957670191978, 45.244153618740611 ], [ 30.490470140753661, 45.243942935448402 ], [ 30.486297076808807, 45.219094054386382 ], [ 30.483785670337696, 45.219304556234107 ], [ 30.480808993296783, 45.201554974766182 ], [ 30.478298318420386, 45.201765292668469 ], [ 30.476811396545475, 45.192890358823952 ], [ 30.474301073422478, 45.193100557595557 ], [ 30.472815221596452, 45.184225506861594 ], [ 30.470305250095301, 45.184435586553114 ], [ 30.469117368914912, 45.177335456688915 ], [ 30.46660767309886, 45.177545430273419 ], [ 30.462317865076145, 45.167104937078506 ], [ 30.459808568865288, 45.167314724381754 ], [ 30.459215579363473, 45.163764544435729 ], [ 30.456706407141564, 45.163974251542278 ], [ 30.452419808816924, 45.153533159648489 ], [ 30.44991103602143, 45.153742680612368 ], [ 30.44931894142162, 45.150192389981854 ], [ 30.446810292570508, 45.150401830802295 ], [ 30.446218459398011, 45.146851506080871 ], [ 30.443709934483394, 45.147060866772399 ], [ 30.443118362665491, 45.143510507974341 ], [ 30.440609961679446, 45.1437197885515 ], [ 30.440018651143436, 45.140169395691053 ], [ 30.437510374078062, 45.140378596168382 ], [ 30.433820383408346, 45.13348682870933 ], [ 30.428509095873753, 45.132129595712371 ], [ 30.427918774909156, 45.128579070884605 ], [ 30.42260806522108, 45.127221511491577 ], [ 30.422018211288972, 45.123670922826634 ], [ 30.416708079357353, 45.122313037140891 ], [ 30.416118692264643, 45.118762384686782 ], [ 30.413611179436547, 45.118970983405724 ], [ 30.413316602564233, 45.117195641240393 ], [ 30.408007247806765, 45.115837280175136 ], [ 30.407418533273844, 45.112286534190019 ], [ 30.40491124086396, 45.112494918655209 ], [ 30.404617000204862, 45.110719529741829 ], [ 30.402109756073028, 45.110927847080433 ], [ 30.401815618338695, 45.109152443282547 ], [ 30.399308422491053, 45.109360693500257 ], [ 30.399014387667982, 45.107585274822853 ], [ 30.396507240110694, 45.107793457925354 ], [ 30.396213308185366, 45.106018024373455 ], [ 30.390905328925342, 45.10465874083409 ], [ 30.390317903860666, 45.101107812205441 ], [ 30.387810976792473, 45.101315781193584 ], [ 30.387517380745553, 45.099540300992309 ], [ 30.385010501988599, 45.099748202892002 ], [ 30.384717008775546, 45.09797270783713 ], [ 30.382210178335988, 45.09818054265407 ], [ 30.381916787943293, 45.09640503275056 ], [ 30.379410005827268, 45.096612800490455 ], [ 30.379116718241434, 45.094837275743316 ], [ 30.376609984455058, 45.095044976411835 ], [ 30.373517032199338, 45.091701516009451 ], [ 30.368503730774705, 45.092116594815536 ], [ 30.368210827083743, 45.090341012792734 ], [ 30.365704211125642, 45.090548458003326 ], [ 30.365411410183807, 45.088772861160827 ], [ 30.362904842589685, 45.088980239324513 ], [ 30.362612144383487, 45.087204627667298 ], [ 30.360105625159473, 45.087411938789714 ], [ 30.359813029675376, 45.085636312322791 ], [ 30.357306558827595, 45.085843556409678 ], [ 30.354215253506304, 45.082499436123591 ], [ 30.34920247821066, 45.082913601918086 ], [ 30.348910266348113, 45.081137918304584 ], [ 30.346403913533834, 45.081344907049441 ], [ 30.343313493384638, 45.07800041720381 ], [ 30.33830095430471, 45.078414072392682 ], [ 30.33800912592303, 45.076638331704778 ], [ 30.335502891262827, 45.076845065167284 ], [ 30.335211165501306, 45.075069309712553 ], [ 30.330198765978928, 45.075482588386905 ], [ 30.327109608460081, 45.072137552978624 ], [ 30.322097348635936, 45.072550455194225 ], [ 30.321806081689779, 45.070774630046778 ], [ 30.316793864729558, 45.071187289790224 ], [ 30.313705716027954, 45.067841805658482 ], [ 30.308693639003181, 45.068254089028741 ], [ 30.308402830718496, 45.066478194294561 ], [ 30.3033907967191, 45.066890235237338 ], [ 30.303100166458947, 45.065114313103663 ], [ 30.298088175549751, 45.06552611163395 ], [ 30.29779772329622, 45.063750162117003 ], [ 30.290279761231314, 45.064367414921605 ], [ 30.289989562481896, 45.062591425371878 ], [ 30.284977604066846, 45.063002630596827 ], [ 30.284687583287543, 45.06122661370361 ], [ 30.279675668190176, 45.061637576561274 ], [ 30.279385825363029, 45.059861532340825 ], [ 30.274373953648116, 45.060272252846225 ], [ 30.274084288755223, 45.058496181314766 ], [ 30.264060524697413, 45.059316920592515 ], [ 30.263771188755118, 45.057540796502671 ], [ 30.256253310157941, 45.058155743283791 ], [ 30.255964227633559, 45.056379579310317 ], [ 30.248446334023374, 45.056993999829075 ], [ 30.248157504900533, 45.055217796005991 ], [ 30.240639596493885, 45.055831690281053 ], [ 30.240351020756183, 45.054055446642415 ], [ 30.227821015231079, 45.055077455361079 ], [ 30.227532843926831, 45.05330114677443 ], [ 30.212496407545004, 45.054525690670509 ], [ 30.212208716224072, 45.052749304663678 ], [ 30.184640250419331, 45.054989088173784 ], [ 30.184353416933046, 45.053212562216885 ], [ 30.154275958132789, 45.055648319377958 ], [ 30.154561884527997, 45.05742499537795 ], [ 30.126986689238322, 45.059651039522798 ], [ 30.127271810238692, 45.061427850677248 ], [ 30.114736192395483, 45.062437577969852 ], [ 30.115020961568725, 45.064214449358992 ], [ 30.104991688400553, 45.06502130273541 ], [ 30.105276181297711, 45.066798221865596 ], [ 30.092738616764773, 45.067805627709426 ], [ 30.093022757577859, 45.06958260694153 ], [ 30.085499674887799, 45.070186435301409 ], [ 30.085783614936027, 45.071963449774692 ], [ 30.080767943105265, 45.072365754947356 ], [ 30.081051758064607, 45.074142792247656 ], [ 30.073527825333237, 45.074745879328397 ], [ 30.073811439414392, 45.076522951828842 ], [ 30.059045593858613, 45.079504876551674 ], [ 30.059328805989836, 45.081282019377255 ], [ 30.054311948469802, 45.081683226964735 ], [ 30.054595035329605, 45.083460392559118 ], [ 30.049577920979136, 45.083861407225641 ], [ 30.049860882531416, 45.085638595578565 ], [ 30.044843511367606, 45.086039417287246 ], [ 30.045126347576261, 45.087816628388438 ], [ 30.040108719616203, 45.088217257102421 ], [ 30.04039143044514, 45.089994490941706 ], [ 30.035373545705966, 45.090394926624036 ], [ 30.03565613111908, 45.092172183191146 ], [ 30.030637989617901, 45.092572425805002 ], [ 30.030920449579085, 45.09434970508967 ], [ 30.021165730832497, 45.096926912956405 ], [ 30.021447939781474, 45.098704237645443 ], [ 30.018938497053536, 45.098904096467301 ], [ 30.019220656341417, 45.100681431529992 ], [ 30.014201540406081, 45.101081010425432 ], [ 30.01448357411028, 45.102858368170438 ], [ 30.011973900900816, 45.10305808823189 ], [ 30.010028043856281, 45.106812512720225 ], [ 30.005008262677499, 45.107211729699664 ], [ 30.00306182434829, 45.11096608140857 ], [ 29.998041582186271, 45.111365020678335 ], [ 29.998323215339035, 45.113142454826225 ], [ 29.995812979010857, 45.113341855015129 ], [ 29.996094562377795, 45.11511929951547 ], [ 29.993584223892295, 45.11531865749528 ], [ 29.993865757459741, 45.117096112346111 ], [ 29.989126257747472, 45.11927216684856 ], [ 29.989689151774723, 45.122827116006256 ], [ 29.987178430769216, 45.123026359593723 ], [ 29.987459841024624, 45.12480384355068 ], [ 29.984949017828384, 45.125003044897227 ], [ 29.985230378225836, 45.126780539197455 ], [ 29.98271945283296, 45.12697969829577 ], [ 29.983000763358802, 45.128757202937294 ], [ 29.980489735763374, 45.128956319780045 ], [ 29.980770996403944, 45.130733834760932 ], [ 29.976029845323474, 45.132909466968734 ], [ 29.976592193133403, 45.136464536345322 ], [ 29.97408078281677, 45.136663538641834 ], [ 29.97436191986753, 45.138441082698755 ], [ 29.969619879627427, 45.140616514811242 ], [ 29.970181980069505, 45.144171642320302 ], [ 29.965439304810488, 45.146346948466707 ], [ 29.966001257606539, 45.149902113429313 ], [ 29.963489183776371, 45.150100928721201 ], [ 29.963770123237278, 45.151878520563777 ], [ 29.961257947122043, 45.152077293526546 ], [ 29.961819752137423, 45.155632495931293 ], [ 29.957075806220796, 45.157807549896205 ], [ 29.957637463320779, 45.161362789731768 ], [ 29.955124827934451, 45.161561460151574 ], [ 29.953735184528721, 45.16887063047534 ], [ 29.923577551973001, 45.171250347103658 ], [ 29.923857456815849, 45.173028127601711 ], [ 29.750373374921114, 45.186559565066624 ], [ 29.750648035896383, 45.188338177950214 ], [ 29.755678437470184, 45.187949603984229 ], [ 29.755953276984631, 45.189728191037929 ], [ 29.758468515861477, 45.189533809948742 ], [ 29.758743457454248, 45.191312383147022 ], [ 29.761258747208213, 45.191117935319454 ], [ 29.7615337908931, 45.192896494657461 ], [ 29.764049131518384, 45.192701980085651 ], [ 29.764324277309157, 45.194480525558433 ], [ 29.766839668799946, 45.194285944236583 ], [ 29.767114916710412, 45.196064475839236 ], [ 29.769630359060915, 45.195869827761499 ], [ 29.769905709104837, 45.197648345489092 ], [ 29.775212198552929, 45.199037352890244 ], [ 29.775763332921571, 45.202594330941459 ], [ 29.781070408773832, 45.203983017563971 ], [ 29.781622003259489, 45.207539936292143 ], [ 29.784137852865403, 45.207344930299342 ], [ 29.784689703181293, 45.210901817471303 ], [ 29.787205680156315, 45.210706732650351 ], [ 29.791378718027982, 45.221182065107143 ], [ 29.793895102905172, 45.220986798506246 ], [ 29.796106605730241, 45.235213892955237 ], [ 29.798623577666753, 45.235018475187246 ], [ 29.798900208057834, 45.236796841476739 ], [ 29.796383159490272, 45.236992271294866 ], [ 29.796659739017127, 45.238770647752546 ], [ 29.79917686422263, 45.238575205883507 ], [ 29.79945354616407, 45.240353568407386 ], [ 29.796936344313714, 45.240549022328068 ], [ 29.799150114747444, 45.254775951155381 ], [ 29.796632273693479, 45.254971446660754 ], [ 29.797462633009665, 45.260306550062907 ], [ 29.794944536007151, 45.260502026869041 ], [ 29.795774897282747, 45.265837149484732 ], [ 29.793256544258817, 45.266032607576975 ], [ 29.791845060866457, 45.27334157766434 ], [ 29.78708424644023, 45.275510726919919 ], [ 29.787637593319666, 45.279067543493198 ], [ 29.785118599637467, 45.279262866351985 ], [ 29.785395234947067, 45.28104128386147 ], [ 29.782876138658835, 45.281236563853319 ], [ 29.78315272292966, 45.283014991524247 ], [ 29.780633524029554, 45.283210228641771 ], [ 29.780910057247755, 45.284988666472138 ], [ 29.77839075572993, 45.285183860708003 ], [ 29.778667237881645, 45.286962308695799 ], [ 29.776147833740239, 45.287157460042586 ], [ 29.77642426481161, 45.28893591818585 ], [ 29.7739047580408, 45.289131026636213 ], [ 29.77193785748095, 45.292883038927705 ], [ 29.766898407628958, 45.293273029256426 ], [ 29.76493091775108, 45.297024965413577 ], [ 29.75989100581539, 45.297414674138984 ], [ 29.760167027455953, 45.299193207062928 ], [ 29.75512685874471, 45.299582719989935 ], [ 29.755402752277192, 45.301361275061367 ], [ 29.740556624970303, 45.304307191905927 ], [ 29.740832108267622, 45.306085815225821 ], [ 29.720667325436828, 45.307639317152699 ], [ 29.720942218615935, 45.309418034416694 ], [ 29.718421428336551, 45.309611986671904 ], [ 29.718146612146818, 45.307833257446191 ], [ 29.697979983754802, 45.309382799910559 ], [ 29.697705809158414, 45.307603973254125 ], [ 29.682306538696245, 45.306984848342466 ], [ 29.682032877250183, 45.305205946445398 ], [ 29.676991119847923, 45.305592050451743 ], [ 29.676717637938317, 45.3038131228884 ], [ 29.669155041573283, 45.304391830642899 ], [ 29.669974870646207, 45.309728714882191 ], [ 29.665205723386872, 45.311893297865886 ], [ 29.665752146356834, 45.315451255332242 ], [ 29.663230716714111, 45.31564400920783 ], [ 29.663777087499188, 45.319201983067217 ], [ 29.661255478227286, 45.319394705684864 ], [ 29.662074994298809, 45.324731688291131 ], [ 29.659553128264481, 45.324924391525585 ], [ 29.660099445533135, 45.328482394473362 ], [ 29.657577399787854, 45.32867506642436 ], [ 29.656147651891494, 45.335983762136557 ], [ 29.651375806104376, 45.338147964610179 ], [ 29.651648821800773, 45.339927001619323 ], [ 29.656693966461905, 45.339541790476908 ], [ 29.656967161983548, 45.341320801878915 ], [ 29.659489773248996, 45.341128101797914 ], [ 29.659763071441724, 45.342907099467041 ], [ 29.662285734378731, 45.342714332411923 ], [ 29.66255913525649, 45.344493316343211 ], [ 29.665081849859249, 45.344300482308135 ], [ 29.665355353435981, 45.346079452496632 ], [ 29.667878119698699, 45.345886551475708 ], [ 29.668151725988345, 45.34766550791651 ], [ 29.670674543905225, 45.347472539903862 ], [ 29.670948252921729, 45.349251482592003 ], [ 29.676267855452032, 45.350644274498535 ], [ 29.676815710040138, 45.354202102982711 ], [ 29.682135904628197, 45.355594573633788 ], [ 29.68268422150912, 45.359152343328894 ], [ 29.685207452042359, 45.358959016421316 ], [ 29.685756025742084, 45.362516754849416 ], [ 29.688279385133615, 45.362323348977519 ], [ 29.689102669442573, 45.367659906914483 ], [ 29.691626234950604, 45.367466410128834 ], [ 29.692449981610693, 45.372802915550956 ], [ 29.694973753273569, 45.372609327826524 ], [ 29.6971721575209, 45.386839831663352 ], [ 29.699696521906567, 45.386646093235314 ], [ 29.700521578878416, 45.39198246564424 ], [ 29.697996982491183, 45.392176239925007 ], [ 29.700197645566089, 45.406406580105489 ], [ 29.697672404504157, 45.40660039483403 ], [ 29.69877304298965, 45.413715568083298 ], [ 29.696247466557971, 45.413909375429412 ], [ 29.697072982938252, 45.419245771690527 ], [ 29.694547148469997, 45.41943955968447 ], [ 29.695372663769472, 45.424775975059809 ], [ 29.692846571191055, 45.424969743686738 ], [ 29.69142087987872, 45.432278747147166 ], [ 29.686642962183356, 45.434444945561651 ], [ 29.687193071154848, 45.438002623507579 ], [ 29.684666333200877, 45.438196254790022 ], [ 29.684941348684433, 45.439975102918943 ], [ 29.682414507491309, 45.440168690881968 ], [ 29.682689471111605, 45.441947549094174 ], [ 29.680162526673453, 45.442141093730299 ], [ 29.680437438416469, 45.44391996202382 ], [ 29.677910390727437, 45.44411346332565 ], [ 29.678185250579144, 45.445892341698439 ], [ 29.675658099633381, 45.446085799658604 ], [ 29.675932907579753, 45.447864688108623 ], [ 29.673405653371397, 45.448058102719664 ], [ 29.671427756015195, 45.451809281097894 ], [ 29.66637280885163, 45.45219588158497 ], [ 29.666647383379015, 45.453974812177314 ], [ 29.664119793690482, 45.454168041397637 ], [ 29.664668864455589, 45.457725920862536 ], [ 29.669724328698383, 45.457339359434528 ], [ 29.672801661567643, 45.460703796264653 ], [ 29.677857282312502, 45.460316855282549 ], [ 29.678132295753478, 45.462095728880279 ], [ 29.680660145225961, 45.461902163489462 ], [ 29.680935262016135, 45.46368102328951 ], [ 29.683463163427824, 45.463487390646883 ], [ 29.68373838358124, 45.465266236644311 ], [ 29.68626633692627, 45.465072536743975 ], [ 29.686541660456967, 45.466851368933781 ], [ 29.689069665729484, 45.466657601769867 ], [ 29.689345092651521, 45.4684364201471 ], [ 29.691873149845637, 45.468242585713675 ], [ 29.692148680173037, 45.470021390273367 ], [ 29.694676789282909, 45.46982748856454 ], [ 29.694952423029736, 45.47160627930171 ], [ 29.700284534153472, 45.472997050943967 ], [ 29.700836241188796, 45.476554575234026 ], [ 29.706168947971566, 45.477945024218705 ], [ 29.709802075660004, 45.484865661041304 ], [ 29.715135766741376, 45.486255612919877 ], [ 29.715688663726993, 45.489812987516729 ], [ 29.718217498802417, 45.489618499414661 ], [ 29.71877065462116, 45.493175842539827 ], [ 29.72129961931017, 45.492981275092639 ], [ 29.721853034036002, 45.496538586732235 ], [ 29.724382128347862, 45.496343939925133 ], [ 29.725212677726866, 45.501679857326195 ], [ 29.727741979434626, 45.501485119133697 ], [ 29.728572995094755, 45.506820983641511 ], [ 29.731102504236954, 45.506626154038457 ], [ 29.73332030827763, 45.520854947425931 ], [ 29.735850413998506, 45.520659966266891 ], [ 29.73612783399836, 45.522438544972673 ], [ 29.733597650435215, 45.522633538158018 ], [ 29.735817321520074, 45.536862196450301 ], [ 29.733286489008915, 45.537057230443494 ], [ 29.732420538813166, 45.54792376822391 ], [ 29.729889186817342, 45.548118763503211 ], [ 29.728467643121643, 45.555428134813809 ], [ 29.723681553059677, 45.557596571484289 ], [ 29.724236365833349, 45.561153820308668 ], [ 29.721704364138574, 45.56134867787825 ], [ 29.721981731434671, 45.563127311496736 ], [ 29.719449625773276, 45.563322125599143 ], [ 29.719726940989705, 45.56510076935951 ], [ 29.71719473135574, 45.565295539987304 ], [ 29.71747199447838, 45.567074193887549 ], [ 29.714939680865925, 45.567268921033268 ], [ 29.715216891880633, 45.569047585071367 ], [ 29.712684474283758, 45.569242268727599 ], [ 29.71296163317643, 45.571020942901534 ], [ 29.710429111589196, 45.571215583060805 ], [ 29.708450647368327, 45.574967558462959 ], [ 29.703385162280021, 45.575356609231974 ], [ 29.701406099285599, 45.579108506593116 ], [ 29.696340146350913, 45.579497272205302 ], [ 29.696616888195567, 45.581276021009899 ], [ 29.691550675445423, 45.581664588471426 ], [ 29.691827286935791, 45.58344335937781 ], [ 29.684227539303816, 45.584025829975168 ], [ 29.684503942259404, 45.585804634946754 ], [ 29.67690372739461, 45.586386641550142 ], [ 29.677179921749271, 45.588165480561095 ], [ 29.65691091999188, 45.589715149376183 ], [ 29.657186514759136, 45.591494082127447 ], [ 29.652118849858851, 45.591880967556513 ], [ 29.65184341148041, 45.590102010937983 ], [ 29.639174189195298, 45.59106819233773 ], [ 29.639724309651314, 45.594626222942338 ], [ 29.637190231501364, 45.5948193163197 ], [ 29.638015370608272, 45.600156384079519 ], [ 29.635481032002723, 45.600349457603237 ], [ 29.634046587545491, 45.607658635245876 ], [ 29.629252043244961, 45.609823658655991 ], [ 29.629801895984361, 45.613381771339796 ], [ 29.627266906450068, 45.613574705772088 ], [ 29.627541793119889, 45.615353771243392 ], [ 29.625006699532971, 45.615546661949466 ], [ 29.62528153361853, 45.617325737472939 ], [ 29.62274633597308, 45.617518584445314 ], [ 29.623021117460162, 45.619297670018945 ], [ 29.62048581575031, 45.619490473250181 ], [ 29.620760544624709, 45.621269568871909 ], [ 29.618225138844533, 45.621462328354525 ], [ 29.618499815092047, 45.623241434022326 ], [ 29.615964305235682, 45.62343414974886 ], [ 29.616238928842101, 45.625213265460701 ], [ 29.613703314903635, 45.6254059374237 ], [ 29.613977885854748, 45.627185063177542 ], [ 29.609180863989561, 45.629349411576854 ], [ 29.611102663102411, 45.641803393657199 ], [ 29.61363903412888, 45.641610726046622 ], [ 29.614738084722379, 45.648727199079723 ], [ 29.612201399878771, 45.648919914247678 ], [ 29.614400108920229, 45.663152866802065 ], [ 29.629623599202763, 45.661995169004243 ], [ 29.629899024847468, 45.663774208328697 ], [ 29.637510657286043, 45.663194571422153 ], [ 29.637786344281849, 45.66497357313056 ], [ 29.642860793805109, 45.664586846067905 ], [ 29.642309131621602, 45.661028888514302 ], [ 29.644846160621743, 45.660835465271596 ], [ 29.644018625672501, 45.65549855082228 ], [ 29.646555393390283, 45.655305107675858 ], [ 29.647988489394173, 45.647995792395839 ], [ 29.652785264287946, 45.645829788272472 ], [ 29.652233334384899, 45.642271912956808 ], [ 29.654769449666041, 45.642078330639343 ], [ 29.654493445077517, 45.640299402137551 ], [ 29.65702945610775, 45.640105776095723 ], [ 29.656753398973319, 45.638326857680894 ], [ 29.65928930575858, 45.6381331879222 ], [ 29.659013196092431, 45.636354279596397 ], [ 29.661548998638658, 45.636160566128268 ], [ 29.661272836455009, 45.634381667893521 ], [ 29.663808534768108, 45.63418791072344 ], [ 29.663532320081185, 45.632409022581783 ], [ 29.666067914167087, 45.632215221717225 ], [ 29.665791646991078, 45.630436343670624 ], [ 29.668327136855719, 45.630242499119049 ], [ 29.670309830742536, 45.626490885088195 ], [ 29.675380367738803, 45.626102965650254 ], [ 29.675103864860773, 45.624324129868036 ], [ 29.677639016209532, 45.62413009867354 ], [ 29.677362460909276, 45.622351272997129 ], [ 29.679897508056339, 45.622157198150333 ], [ 29.679620900348045, 45.620378382581777 ], [ 29.68215584329937, 45.620184264090128 ], [ 29.68413730947691, 45.616432501155629 ], [ 29.68920675272086, 45.616044034032008 ], [ 29.691187618635922, 45.612292192669038 ], [ 29.696256593325565, 45.611903439889652 ], [ 29.695979567299663, 45.610124698870976 ], [ 29.701048281776256, 45.609735747713309 ], [ 29.700771125216935, 45.607957028817573 ], [ 29.70837376765347, 45.607373221198529 ], [ 29.708096402383404, 45.605594536443363 ], [ 29.715698576525423, 45.605010264656791 ], [ 29.715421002610881, 45.603231614068008 ], [ 29.73569169780491, 45.601671207214245 ], [ 29.735413524443882, 45.599892650995919 ], [ 29.750614983619453, 45.598720084809841 ], [ 29.750893625924103, 45.600498568703919 ], [ 29.771161402808939, 45.598931940152568 ], [ 29.771440696338786, 45.600710325536042 ], [ 29.773974129050021, 45.60051423495414 ], [ 29.775948662191599, 45.596761364556244 ], [ 29.781015084388834, 45.596368954123328 ], [ 29.780735530678754, 45.594590613344785 ], [ 29.78580169203347, 45.59419800502635 ], [ 29.785522008289131, 45.592419686566053 ], [ 29.79312081976077, 45.591830394047506 ], [ 29.792840927941619, 45.590052110032914 ], [ 29.80043926949898, 45.589462354291058 ], [ 29.80015916967136, 45.587684104747929 ], [ 29.820419635814584, 45.586109077898882 ], [ 29.820138937861355, 45.584330923580353 ], [ 29.822671300003758, 45.584133807672117 ], [ 29.822952075984674, 45.585911949835172 ], [ 29.843210651123382, 45.584332927976455 ], [ 29.843492077541566, 45.586110970863395 ], [ 29.85896729227791, 45.586702269184961 ], [ 29.859249239438519, 45.588480235070598 ], [ 29.869660484305914, 45.589465830130052 ], [ 29.872757542502889, 45.592823399242505 ], [ 29.877822278942737, 45.592426722104285 ], [ 29.878104877782569, 45.594204594774865 ], [ 29.880637284366262, 45.594006160760856 ], [ 29.883735253578394, 45.597363361895766 ], [ 29.888800246554002, 45.596966167523789 ], [ 29.889083236822611, 45.598743985459031 ], [ 29.891615771627333, 45.598545292806747 ], [ 29.891898866396811, 45.600323096564885 ], [ 29.89443145274435, 45.600124336179789 ], [ 29.894714652028796, 45.601902125755778 ], [ 29.897247289913096, 45.601703297631985 ], [ 29.897530593726625, 45.603481073020809 ], [ 29.900063283141627, 45.603282177152415 ], [ 29.900346691498328, 45.605059938349093 ], [ 29.90287943243796, 45.604860974730208 ], [ 29.903162945351962, 45.606638721729688 ], [ 29.908512199266269, 45.608018324014203 ], [ 29.909079669952611, 45.611573759261169 ], [ 29.914429521746502, 45.612953035557133 ], [ 29.914997464012206, 45.61650841007306 ], [ 29.917530618617182, 45.616309083037976 ], [ 29.918098823327643, 45.619864425234212 ], [ 29.920632107510034, 45.619665018112151 ], [ 29.921200574739927, 45.623220327974572 ], [ 29.923733988508761, 45.623020840750684 ], [ 29.924587123158677, 45.628353754114563 ], [ 29.927120744633328, 45.628154174470573 ], [ 29.927974353176509, 45.633487033470551 ], [ 29.930508182395187, 45.633287361381122 ], [ 29.932786269047853, 45.647508134839732 ], [ 29.935320696887999, 45.647308308694484 ], [ 29.935605655850932, 45.649085884319518 ], [ 29.933071149821735, 45.649285722784057 ], [ 29.935351156173983, 45.663506356399601 ], [ 29.932815997689445, 45.663706237860325 ], [ 29.93367120555855, 45.669038980370175 ], [ 29.931135785595021, 45.669238843204461 ], [ 29.931990998817763, 45.674571605190685 ], [ 29.929455317300274, 45.67477144938379 ], [ 29.92805964057375, 45.682081658637202 ], [ 29.923272435466277, 45.684258792416628 ], [ 29.923842351323522, 45.687814036479402 ], [ 29.921306014741688, 45.68801374438938 ], [ 29.921590934331224, 45.6897913758215 ], [ 29.919054492701555, 45.689991040400891 ], [ 29.919339360596503, 45.691768682202387 ], [ 29.916802813912902, 45.69196830344373 ], [ 29.917087630099083, 45.693745955612592 ], [ 29.914550978355418, 45.693945533508398 ], [ 29.914835742818635, 45.695723196042636 ], [ 29.912298986008807, 45.695922730585444 ], [ 29.912583698734895, 45.69770040348309 ], [ 29.910046836852779, 45.697899894665404 ], [ 29.9080791400763, 45.701654719357286 ], [ 29.903004969335857, 45.702053472560948 ], [ 29.903289448325193, 45.703831188828161 ], [ 29.900752244543195, 45.704030494205078 ], [ 29.901036671728495, 45.705808220825148 ], [ 29.895962027343906, 45.706206689102885 ], [ 29.893993128703606, 45.709961360845099 ], [ 29.896530647782004, 45.709762185676432 ], [ 29.896814997950845, 45.711539931062148 ], [ 29.901890113150422, 45.711141389073006 ], [ 29.902174646923264, 45.712919107950945 ], [ 29.904712243028179, 45.71271974112274 ], [ 29.904996881941429, 45.714497445772174 ], [ 29.907534529867526, 45.714298010952255 ], [ 29.907819273935399, 45.716075701368119 ], [ 29.910356973676588, 45.715876198550546 ], [ 29.910641822913259, 45.717653874727823 ], [ 29.913179574463392, 45.717454303906692 ], [ 29.913464528883093, 45.719231965840336 ], [ 29.916002332236069, 45.719032327009749 ], [ 29.916287391852986, 45.720809974694674 ], [ 29.92164831877129, 45.722188126412696 ], [ 29.922218885604931, 45.72574336281501 ], [ 29.927580413894727, 45.727121187311454 ], [ 29.928151455231582, 45.730676362757478 ], [ 29.930689674558394, 45.730476359131124 ], [ 29.931260979983861, 45.734031502135267 ], [ 29.933799329625273, 45.733831418120573 ], [ 29.934370899214635, 45.737386528668615 ], [ 29.936909379179678, 45.737186364250725 ], [ 29.941164126812588, 45.747651280882224 ], [ 29.943703024621136, 45.74745093091115 ], [ 29.945420755960402, 45.758115923382107 ], [ 29.950785954150241, 45.759492375087412 ], [ 29.951359114184672, 45.763047303613959 ], [ 29.953898639046635, 45.762846675122226 ], [ 29.954472063829769, 45.766401571096182 ], [ 29.957011719125209, 45.766200862087324 ], [ 29.961273211085288, 45.776664589778754 ], [ 29.963813284648772, 45.776463694922533 ], [ 29.964100434758567, 45.778241091101194 ], [ 29.969180658523854, 45.777839109228985 ], [ 29.96946799295069, 45.779616478667343 ], [ 29.972008143136094, 45.779415391643688 ], [ 29.972295583199607, 45.781192746725367 ], [ 29.974835785143473, 45.780991591505888 ], [ 29.975123330857883, 45.782768932225814 ], [ 29.977663584554037, 45.782567708804613 ], [ 29.977951235933599, 45.784345035157692 ], [ 29.980491541375827, 45.784143743528873 ], [ 29.980779298434786, 45.785921055510059 ], [ 29.983319655616896, 45.785719695667694 ], [ 29.983607518369492, 45.787496993271937 ], [ 29.988976356389067, 45.788871352145136 ], [ 29.989552531759788, 45.792425887848935 ], [ 29.997174223991632, 45.791820989583663 ], [ 29.996885886620305, 45.790043760002433 ], [ 30.004507099426842, 45.789438396780739 ], [ 30.004218552948497, 45.787661202546055 ], [ 30.016919639738145, 45.786651210120013 ], [ 30.016630726846191, 45.78487407616975 ], [ 30.021710814684891, 45.784469713591179 ], [ 30.021421771523062, 45.782692602590366 ], [ 30.029041464076375, 45.782085677769103 ], [ 30.028752212026706, 45.78030860220116 ], [ 30.036371424640553, 45.779701212849311 ], [ 30.036081963770631, 45.777924172739873 ], [ 30.056398040904529, 45.776302114177504 ], [ 30.056107978214492, 45.774525172059747 ], [ 30.063725823027976, 45.773916017719337 ], [ 30.064016121521057, 45.775692922292443 ], [ 30.084329805695312, 45.774065957907929 ], [ 30.084620760119215, 45.775842760219703 ], [ 30.087159926621514, 45.775639126307581 ], [ 30.086868893620743, 45.77386233654493 ], [ 30.091946987662602, 45.773454926626407 ], [ 30.091655824799005, 45.771678159974641 ], [ 30.096733652597258, 45.77127055226336 ], [ 30.096442359908622, 45.769493808732918 ], [ 30.104058661262407, 45.768882016960063 ], [ 30.103767160252879, 45.767105309131544 ], [ 30.111382980228051, 45.766493053666913 ], [ 30.111091270965254, 45.764716381565876 ], [ 30.13139829321803, 45.763081350157151 ], [ 30.131105983313461, 45.761304776802518 ], [ 30.133644159466673, 45.761100159865954 ], [ 30.13393654785305, 45.762876720611885 ], [ 30.154241598314638, 45.761237679620663 ], [ 30.154534641888546, 45.763014137360607 ], [ 30.170056289690319, 45.763558822162153 ], [ 30.170349858967359, 45.765335199972441 ], [ 30.180795918092947, 45.766289180348693 ], [ 30.183922025603973, 45.769636061124984 ], [ 30.188998350373751, 45.769224367311303 ], [ 30.192125113140985, 45.772570971494673 ], [ 30.197201586389667, 45.772158892867353 ], [ 30.197496105544271, 45.773935131737254 ], [ 30.200034379261719, 45.773728996209186 ], [ 30.200329004478089, 45.77550522034857 ], [ 30.20286732907114, 45.775299016439178 ], [ 30.203162060363429, 45.777075225842992 ], [ 30.205700435825776, 45.776868953546391 ], [ 30.205995273208146, 45.778645148209527 ], [ 30.20853369953344, 45.778438807519869 ], [ 30.208828643020055, 45.780214987437226 ], [ 30.211367120201956, 45.780008578348628 ], [ 30.211662169806999, 45.781784743515104 ], [ 30.214200697839161, 45.781578266021739 ], [ 30.214495853576782, 45.783354416432211 ], [ 30.217034432452877, 45.783147870528204 ], [ 30.217329694337231, 45.784924006177583 ], [ 30.222702372641077, 45.786286829997401 ], [ 30.223293348762017, 45.789839040181988 ], [ 30.228666627442131, 45.791201533222527 ], [ 30.229258083773612, 45.794753680206789 ], [ 30.231797073814825, 45.794546766670017 ], [ 30.232388798043846, 45.798098879993219 ], [ 30.234927917433588, 45.797891885251261 ], [ 30.235815947336505, 45.803220001657081 ], [ 30.238355274636309, 45.803012912938115 ], [ 30.239243789875495, 45.808340972672013 ], [ 30.244322832609434, 45.807926551503449 ], [ 30.24461921701241, 45.809702541794096 ], [ 30.252237808541171, 45.809080453795346 ], [ 30.252534456442405, 45.810856403716237 ], [ 30.262989493594262, 45.811802018525221 ], [ 30.266123235007644, 45.815146057645912 ], [ 30.271202507402236, 45.814730394126904 ], [ 30.271499816621866, 45.816506246289258 ], [ 30.274039489615674, 45.816298318134749 ], [ 30.274336905275771, 45.818074155432825 ], [ 30.27687662898358, 45.817866158740514 ], [ 30.277174151098308, 45.819641981169205 ], [ 30.27971392551374, 45.819433915933281 ], [ 30.280011554097278, 45.821209723487449 ], [ 30.282551379213913, 45.821001589702028 ], [ 30.282849114280452, 45.822777382376572 ], [ 30.285388990091889, 45.822569180035828 ], [ 30.2856868316556, 45.824344957825602 ], [ 30.288226758155425, 45.824136686923651 ], [ 30.28852470623049, 45.825912449823534 ], [ 30.293902765870271, 45.827271450317539 ], [ 30.294499116091341, 45.830822914463141 ], [ 30.299877776682894, 45.832181583085067 ], [ 30.300474609093786, 45.835732983465462 ], [ 30.303014946188913, 45.83552434396978 ], [ 30.303612047747542, 45.839075710381827 ], [ 30.306152514139626, 45.838866989426251 ], [ 30.306749884922031, 45.842418321855412 ], [ 30.30929048061947, 45.842209519424998 ], [ 30.3098881207017, 45.845760817856657 ], [ 30.312428845712923, 45.845551933936477 ], [ 30.313026755171041, 45.84910319835604 ], [ 30.315567609504459, 45.848894232931158 ], [ 30.316464919920637, 45.854221075412319 ], [ 30.319005982274962, 45.854012015591941 ], [ 30.319903781149499, 45.859338800789345 ], [ 30.322445051562173, 45.859129646547835 ], [ 30.32394233781292, 45.868007515979414 ], [ 30.329025581692807, 45.867588911246401 ], [ 30.332166745011893, 45.870930581062751 ], [ 30.337250135275223, 45.870511589924057 ], [ 30.337550126691234, 45.872287088942791 ], [ 30.340091858391787, 45.872077496761086 ], [ 30.340391956684236, 45.8738529807909 ], [ 30.342933739003829, 45.873643319892949 ], [ 30.343233944186917, 45.87541878892862 ], [ 30.345775777119055, 45.875209059308595 ], [ 30.34607608920701, 45.876984513345036 ], [ 30.348617972745224, 45.87677471499704 ], [ 30.348918391752239, 45.878550154029099 ], [ 30.351460325890056, 45.878340286947306 ], [ 30.351760851830349, 45.880115710969861 ], [ 30.35714550476667, 45.881471179589333 ], [ 30.357747012661466, 45.885021965478451 ], [ 30.363132267626153, 45.886377101079738 ], [ 30.363734259910132, 45.889927822678516 ], [ 30.366276604531304, 45.889717585946713 ], [ 30.366878867318679, 45.893268273291397 ], [ 30.369421341314037, 45.893057954830425 ], [ 30.370023874681145, 45.896608607906344 ], [ 30.372566478059028, 45.896398207701239 ], [ 30.373169282082216, 45.899948826493713 ], [ 30.375712014850961, 45.899738344529503 ], [ 30.37631508960661, 45.903288929023859 ], [ 30.378857951774542, 45.903078365285616 ], [ 30.379461297339045, 45.906628915467181 ], [ 30.38200428891448, 45.906418269939913 ], [ 30.382909756044693, 45.911744040576302 ], [ 30.385452955903673, 45.911533300267479 ], [ 30.38635891445216, 45.916859013095589 ], [ 30.388902322632045, 45.916648177979511 ], [ 30.391320089973561, 45.930849882626717 ], [ 30.393864101137968, 45.930638887719923 ], [ 30.394166528579667, 45.932414078356722 ], [ 30.391622438468648, 45.932625086257509 ], [ 30.394042247714502, 45.946826639663598 ], [ 30.391497497386606, 45.947037695620644 ], [ 30.392405157095045, 45.952363282463132 ], [ 30.394950144486337, 45.95215218750981 ], [ 30.39810066804754, 45.955491365330516 ], [ 30.403190816937922, 45.955068843719289 ], [ 30.406342001220562, 45.958407741226154 ], [ 30.411432295678647, 45.95798483191664 ], [ 30.411735572663208, 45.959759923821608 ], [ 30.414280756256968, 45.959548372231374 ], [ 30.414584140746172, 45.961323448999828 ], [ 30.417129374921128, 45.96111182843827 ], [ 30.417432866929225, 45.96288689006505 ], [ 30.419978151678833, 45.96267520052632 ], [ 30.420281751220095, 45.964450247006283 ], [ 30.422827086537783, 45.964238488484526 ], [ 30.423130793626484, 45.966013519812471 ], [ 30.425676179505697, 45.965801692301831 ], [ 30.425979994156084, 45.96757670847262 ], [ 30.431374839799137, 45.968927847469686 ], [ 30.431982927961695, 45.972477817035823 ], [ 30.437378377660536, 45.973828621432062 ], [ 30.437986953394212, 45.977378526059454 ], [ 30.440532750155139, 45.97716632738512 ], [ 30.440837159952611, 45.978941263454814 ], [ 30.443383007243302, 45.978728995748156 ], [ 30.443687524708917, 45.980503916627598 ], [ 30.449083996001278, 45.981854079777897 ], [ 30.449693490289217, 45.985403858622661 ], [ 30.455090565866861, 45.986753686872461 ], [ 30.455700548290149, 45.990303400633294 ], [ 30.458246806378146, 45.990090761492425 ], [ 30.45885706158132, 45.993640440567006 ], [ 30.461403449305415, 45.993427719252615 ], [ 30.462319284373958, 45.998752182622539 ], [ 30.467412448759418, 45.998326493417281 ], [ 30.467717942748372, 46.000101284074397 ], [ 30.47535771173618, 45.99946229099789 ], [ 30.475663471881532, 46.001237040180278 ], [ 30.486155850823096, 46.002158907605754 ], [ 30.489314881990069, 46.005494904121583 ], [ 30.494408263812673, 46.005067963825766 ], [ 30.494714692983059, 46.00684261253344 ], [ 30.497261419918829, 46.006629045250016 ], [ 30.497567957018116, 46.008403678670007 ], [ 30.500114734347651, 46.008190042241402 ], [ 30.500421379390094, 46.009964660368539 ], [ 30.502968207106772, 46.009750954788899 ], [ 30.503274960106676, 46.011525557617965 ], [ 30.505821838203847, 46.011311782881442 ], [ 30.506128699175477, 46.013086370407258 ], [ 30.50867562764649, 46.012872526508019 ], [ 30.508982596604135, 46.014647098725398 ], [ 30.514383681599096, 46.015993760319063 ], [ 30.51499808037963, 46.019542841343522 ], [ 30.517545239125649, 46.019328776742348 ], [ 30.517852560972987, 46.021103300856844 ], [ 30.520399770070089, 46.020889167065377 ], [ 30.520707199971039, 46.022663675849657 ], [ 30.52325445941257, 46.022449472862064 ], [ 30.523561997381396, 46.024223966310913 ], [ 30.528964313322092, 46.025569830832104 ], [ 30.529579850508174, 46.029118754206223 ], [ 30.532127340162539, 46.028904330394774 ], [ 30.532435231322399, 46.030678775654458 ], [ 30.534982771298353, 46.030464282619327 ], [ 30.535290770593704, 46.032238712521746 ], [ 30.537838360884592, 46.032024150257072 ], [ 30.53814646832971, 46.033798564797053 ], [ 30.543550015438768, 46.035143631728054 ], [ 30.544166691960783, 46.038692397171005 ], [ 30.549570844073042, 46.040037127757508 ], [ 30.550188011354351, 46.043585827359514 ], [ 30.552736011633478, 46.043370892397846 ], [ 30.553353453355541, 46.046919556901109 ], [ 30.555901583188511, 46.046704539430245 ], [ 30.556828201050358, 46.052027480273331 ], [ 30.559376539734711, 46.051812367036192 ], [ 30.560303656558574, 46.05713524869811 ], [ 30.56285220413141, 46.056920039668796 ], [ 30.564089083533609, 46.064017131941654 ], [ 30.569496177272818, 46.065360680810869 ], [ 30.570115166713784, 46.068909156600824 ], [ 30.57266418245808, 46.068693686569731 ], [ 30.573283446886677, 46.072242127163911 ], [ 30.575832592265975, 46.072026574518404 ], [ 30.576761945147958, 46.077349179340395 ], [ 30.579311299546948, 46.077133530790796 ], [ 30.580241152491464, 46.082456076261998 ], [ 30.582790715947212, 46.082240331782423 ], [ 30.583721069163794, 46.087562817872382 ], [ 30.586270841713418, 46.087346977436908 ], [ 30.586891381699452, 46.090895264062226 ], [ 30.589441283949061, 46.090679340937108 ], [ 30.589751677092231, 46.092453467697894 ], [ 30.592301629615047, 46.092237475164445 ], [ 30.592612131350773, 46.094011586454634 ], [ 30.595162134140075, 46.093795524507023 ], [ 30.59547274448267, 46.095569620321356 ], [ 30.598022797531709, 46.095353488953748 ], [ 30.598333516495483, 46.097127569287039 ], [ 30.600883619797525, 46.096911368493565 ], [ 30.601194447396828, 46.098685433340599 ], [ 30.603744600945134, 46.098469163115418 ], [ 30.604055537194263, 46.100243212470943 ], [ 30.609467039915959, 46.101584497560928 ], [ 30.610089376331054, 46.105132532093172 ], [ 30.612639760038959, 46.104916040212167 ], [ 30.612951051565627, 46.106690040879329 ], [ 30.618363369888147, 46.108030833887398 ], [ 30.618986417107415, 46.111578770972748 ], [ 30.624399341986898, 46.112919226186257 ], [ 30.625022882819906, 46.116467096789506 ], [ 30.627573676557368, 46.116250230857993 ], [ 30.628197493578526, 46.119798066012947 ], [ 30.630748417018282, 46.119581117231263 ], [ 30.631684600930448, 46.124902813484084 ], [ 30.634235733604079, 46.124685768477988 ], [ 30.635172420061025, 46.130007404938262 ], [ 30.637723762005546, 46.129790263681805 ], [ 30.640223520490242, 46.143981090853138 ], [ 30.642775469649607, 46.143763786453142 ], [ 30.643713602544139, 46.14908527031789 ], [ 30.646265761139091, 46.14886786958624 ], [ 30.647204397470588, 46.154189293544583 ], [ 30.64975676553815, 46.153971796455245 ], [ 30.651635310361982, 46.164614504713143 ], [ 30.654188126932755, 46.164396871056837 ], [ 30.654501400434626, 46.166170634675424 ], [ 30.65705426723401, 46.165952931393271 ], [ 30.657367649868817, 46.167726679411587 ], [ 30.662787025908223, 46.169064796359159 ], [ 30.663414257277868, 46.172612227760204 ], [ 30.668834241372018, 46.173950005873287 ], [ 30.669461968505708, 46.177497370387144 ], [ 30.672015245756075, 46.177279292044567 ], [ 30.672643250369106, 46.180826620889199 ], [ 30.678064241209626, 46.182163876015714 ], [ 30.678692741921278, 46.185711137894657 ], [ 30.681246329198437, 46.185492823654506 ], [ 30.681875107595413, 46.189040049821358 ], [ 30.684428824800182, 46.188821652444446 ], [ 30.685057880960539, 46.192368842884122 ], [ 30.687611728100816, 46.192150362355335 ], [ 30.688555773488055, 46.197471091082029 ], [ 30.691109830346186, 46.197252513933869 ], [ 30.691739501473858, 46.200799628445552 ], [ 30.694293688294206, 46.200580968110273 ], [ 30.694923637447594, 46.204128046846833 ], [ 30.697477954238028, 46.203909303309345 ], [ 30.698423339576827, 46.209229864403426 ], [ 30.700977866159771, 46.209011024180199 ], [ 30.701923757744151, 46.214331524909689 ], [ 30.704478494156582, 46.214112587974668 ], [ 30.707002815811538, 46.228300384460766 ], [ 30.709558161452829, 46.228081283373946 ], [ 30.710189698513751, 46.231628183316943 ], [ 30.70763419307708, 46.231847311375297 ], [ 30.707949926256539, 46.233620771500348 ], [ 30.710505511601713, 46.233401629954983 ], [ 30.710821354399254, 46.235175074370403 ], [ 30.716248628120788, 46.236510010495799 ], [ 30.716880782009031, 46.240056834231687 ], [ 30.722308665397144, 46.241391430328754 ], [ 30.722941317495575, 46.244938186695975 ], [ 30.725497313661485, 46.244718668942454 ], [ 30.726130244715147, 46.248265389377764 ], [ 30.728686371009488, 46.248045788245555 ], [ 30.729636230824838, 46.253365811632911 ], [ 30.73219256722631, 46.253146113586112 ], [ 30.732826116031948, 46.256692757649617 ], [ 30.738255998417671, 46.258026429987673 ], [ 30.738890046076303, 46.261573006543145 ], [ 30.741446692962565, 46.261353071744836 ], [ 30.742081019968545, 46.264899612292318 ], [ 30.744637797022332, 46.26467959403967 ], [ 30.745589751460408, 46.269999347471625 ], [ 30.748146738715228, 46.269779232203383 ], [ 30.749099202057671, 46.275098924862853 ], [ 30.751656399550495, 46.274878712552884 ], [ 30.754198257491886, 46.289064352708507 ], [ 30.756756065678509, 46.288843975528017 ], [ 30.757709996287101, 46.294163512930723 ], [ 30.76026801487663, 46.293943038626594 ], [ 30.760904278539901, 46.29748935854618 ], [ 30.763462427434668, 46.297268800666309 ], [ 30.764098971171499, 46.300815084463423 ], [ 30.766657250379289, 46.30059444299269 ], [ 30.767294074268356, 46.30414069065209 ], [ 30.769852483796946, 46.303919965575325 ], [ 30.770489587916959, 46.307466177081743 ], [ 30.773048127774125, 46.307245368383789 ], [ 30.773685512203787, 46.310791543721919 ], [ 30.776244182397289, 46.310570651387621 ], [ 30.780078593038183, 46.317441917512092 ], [ 30.78263752392764, 46.317220857859638 ], [ 30.782956621820642, 46.318993892356474 ], [ 30.785515602865459, 46.318772762630992 ], [ 30.785834811007867, 46.320545781266901 ], [ 30.788393842201053, 46.320324581462586 ], [ 30.788713160607312, 46.322097584232296 ], [ 30.791272241941904, 46.321876314343257 ], [ 30.791591670626499, 46.32364930124146 ], [ 30.794150802095494, 46.323427961261864 ], [ 30.794470341072898, 46.325200932283252 ], [ 30.79702952266933, 46.324979522207265 ], [ 30.797349171953986, 46.326752477346496 ], [ 30.799908403670869, 46.326530997168256 ], [ 30.800228163277257, 46.328303936420099 ], [ 30.805666646987, 46.32963368909256 ], [ 30.806306637704488, 46.333179501754138 ], [ 30.811745733141706, 46.334508912594742 ], [ 30.812386225678551, 46.338054657104415 ], [ 30.81494586838329, 46.337832799024085 ], [ 30.815586642077378, 46.34137850717422 ], [ 30.81814641512792, 46.341156565291008 ], [ 30.81910804280345, 46.346475069555247 ], [ 30.821668026485526, 46.346253030191001 ], [ 30.822630166761662, 46.351571473066606 ], [ 30.82519036111216, 46.351349336195106 ], [ 30.826153014203424, 46.356667717650588 ], [ 30.828713419259241, 46.356445483245587 ], [ 30.829676585380287, 46.361763803249524 ], [ 30.832237201178252, 46.361541471284809 ], [ 30.833200880543789, 46.366859729805753 ], [ 30.83576170712081, 46.366637300255078 ], [ 30.838333493641166, 46.38081911346422 ], [ 30.840894932988625, 46.380596517824301 ], [ 30.842181874981421, 46.38768731504647 ], [ 30.844743605703719, 46.38746460803425 ], [ 30.846353367669007, 46.396327984808543 ], [ 30.84891547031042, 46.39610515267325 ], [ 30.849881933026317, 46.401423110259202 ], [ 30.852444246740191, 46.401200180385111 ], [ 30.855023460955255, 46.415381190512306 ], [ 30.857586388388153, 46.415158094241896 ], [ 30.85790900746079, 46.416930696510171 ], [ 30.855345999484168, 46.417153806509432 ], [ 30.856959148216308, 46.426016852250775 ], [ 30.859522559020622, 46.425793673594193 ], [ 30.860168192602387, 46.429338848436977 ], [ 30.857604620616126, 46.429562054562595 ], [ 30.860187727534736, 46.443742772425303 ], [ 30.857623480075446, 46.443966031784079 ], [ 30.858592405554784, 46.449283804491834 ], [ 30.856027885625117, 46.449507048381825 ], [ 30.856996843133992, 46.454824841736915 ], [ 30.854432050654424, 46.455048070143938 ], [ 30.855401040146841, 46.460365884146086 ], [ 30.852835975037824, 46.460589097055951 ], [ 30.853804996467794, 46.465906931704858 ], [ 30.85123965864971, 46.466130129103362 ], [ 30.852208711971176, 46.471447984398736 ], [ 30.849643101364446, 46.471671166271726 ], [ 30.851904726745389, 46.484079511483543 ], [ 30.849338519962078, 46.48430273276135 ], [ 30.850308002682734, 46.489620601935179 ], [ 30.858007259201038, 46.488950644132437 ], [ 30.858330723678097, 46.490723221387277 ], [ 30.868920113640815, 46.491601614469673 ], [ 30.869243962619521, 46.493374132116571 ], [ 30.871810440861246, 46.493150430952291 ], [ 30.87213440125791, 46.494922932539971 ], [ 30.877267427768583, 46.494475332356892 ], [ 30.87759158046218, 46.496247804105145 ], [ 30.880158128713152, 46.496023905078829 ], [ 30.883373366993091, 46.49934483076666 ], [ 30.888506633966742, 46.498896693708893 ], [ 30.888831201928863, 46.50066910342759 ], [ 30.893964508159332, 46.500220711683681 ], [ 30.897180828373067, 46.503541160395855 ], [ 30.902314274225422, 46.503092372787123 ], [ 30.902639338482309, 46.504864706588613 ], [ 30.913231604025398, 46.505738671029768 ], [ 30.916449410654291, 46.509058455177197 ], [ 30.921583073832355, 46.508608762112985 ], [ 30.921908827026897, 46.510380989903076 ], [ 30.924475693398566, 46.510156044365168 ], [ 30.927694451169316, 46.513475435319471 ], [ 30.94342228189549, 46.513896172919054 ], [ 30.943748805198844, 46.515668280611123 ], [ 30.954343272668456, 46.516538169062763 ], [ 30.95756418346701, 46.519856537872045 ], [ 30.97329344968329, 46.520272947480997 ], [ 30.973621016914475, 46.522044890752284 ], [ 30.978755003236135, 46.521592535592042 ], [ 30.979082763132585, 46.523364448701678 ], [ 30.986783753301413, 46.522685448401099 ], [ 30.987111786755658, 46.524457317403304 ], [ 30.992245787219186, 46.524004338814755 ], [ 30.99257401337551, 46.525776177613146 ], [ 30.997708051718281, 46.52532294406187 ], [ 30.998036470595004, 46.527094752639194 ], [ 31.003170546744375, 46.526641264110708 ], [ 31.00349915835983, 46.528413042449678 ], [ 31.011200282659658, 46.527732342014382 ], [ 31.011529167902978, 46.529504076135254 ], [ 31.022126462428009, 46.530367300822306 ], [ 31.025352213785254, 46.533683348901263 ], [ 31.03048647787729, 46.533228585270024 ], [ 31.033712907301492, 46.536544341738711 ], [ 31.038847308296475, 46.536089181507123 ], [ 31.039177188720998, 46.537860761698617 ], [ 31.041744423415132, 46.537633082422047 ], [ 31.042074415846365, 46.539404646253743 ], [ 31.044641700286803, 46.539176896196444 ], [ 31.04786935540724, 46.542492153915042 ], [ 31.053004092064977, 46.542036313866156 ], [ 31.053334501493151, 46.543807814564211 ], [ 31.055901903953188, 46.543579795351803 ], [ 31.056232425450084, 46.545351279664231 ], [ 31.058799877616437, 46.545123189646176 ], [ 31.059130511196607, 46.54689465756762 ], [ 31.061698013061978, 46.546666496738041 ], [ 31.062028758740013, 46.548437948263128 ], [ 31.064596310297148, 46.548209716616185 ], [ 31.064927168087621, 46.549981151739509 ], [ 31.067494769329222, 46.549752849269382 ], [ 31.067825739246729, 46.551524267985585 ], [ 31.07039339016551, 46.551295894686405 ], [ 31.07362336702862, 46.554610238741795 ], [ 31.081326523996591, 46.553924523458129 ], [ 31.080995087058554, 46.552153179748167 ], [ 31.091265201564724, 46.551238154025164 ], [ 31.091596962082011, 46.553009441453447 ], [ 31.112136335228744, 46.551176552301541 ], [ 31.112468774090789, 46.552947724623955 ], [ 31.120170764335452, 46.552259412243195 ], [ 31.120503477164792, 46.554030539851766 ], [ 31.128205427494869, 46.553341674270563 ], [ 31.128538414305922, 46.555112757129351 ], [ 31.133673052517526, 46.554653201356594 ], [ 31.134006232468394, 46.556424253566028 ], [ 31.144608989884333, 46.557275397632303 ], [ 31.144942556169173, 46.559046388491105 ], [ 31.147509944883026, 46.558816256004178 ], [ 31.147843623502244, 46.560587230317644 ], [ 31.152978468203923, 46.560126766755197 ], [ 31.153312340035473, 46.561897710357705 ], [ 31.155879796004989, 46.56166737927478 ], [ 31.15621378020364, 46.563438306316876 ], [ 31.158781285529077, 46.563207904306424 ], [ 31.162017145759968, 46.566519235743996 ], [ 31.167152322250104, 46.566058091213719 ], [ 31.166817951536178, 46.56428722566482 ], [ 31.179654936272968, 46.56313344197666 ], [ 31.179320192860281, 46.561362644971865 ], [ 31.187021762296055, 46.560669736351542 ], [ 31.186686807980369, 46.558898979546228 ], [ 31.194387850584128, 46.558205602890311 ], [ 31.19405268543855, 46.556434886309681 ], [ 31.214586761084785, 46.554583499639214 ], [ 31.214250981306833, 46.552812894475537 ], [ 31.21681751755543, 46.552581230151468 ], [ 31.217153378097422, 46.554351821071613 ], [ 31.253082686753579, 46.551102367142533 ], [ 31.252745695902977, 46.549331975985119 ], [ 31.255311756270803, 46.549099461215803 ], [ 31.255648827829972, 46.55086983807923 ], [ 31.276176811494221, 46.549007565065246 ], [ 31.276514560433782, 46.550777825016553 ], [ 31.292247959797702, 46.551148825553327 ], [ 31.292586256564835, 46.552918994613385 ], [ 31.297718035677462, 46.552452093576036 ], [ 31.298056525704549, 46.554222231491366 ], [ 31.308320023575611, 46.553287692003444 ], [ 31.307981210872882, 46.551517611527387 ], [ 31.31567825689007, 46.550816155071757 ], [ 31.315339234184727, 46.549046115256949 ], [ 31.335862638212337, 46.547173187233078 ], [ 31.33552300250102, 46.545403260070806 ], [ 31.340653372255705, 46.544934490490995 ], [ 31.340993169171551, 46.546704388843253 ], [ 31.361514011080629, 46.544826930192237 ], [ 31.361854484756957, 46.54659671070047 ], [ 31.369549512871227, 46.545891686164801 ], [ 31.369890260375485, 46.547661420876885 ], [ 31.377585241135343, 46.546955843458882 ], [ 31.377926262480976, 46.548725532338871 ], [ 31.388527484803348, 46.549553540573967 ], [ 31.388868892744725, 46.55132316663537 ], [ 31.391433935088756, 46.551087591085789 ], [ 31.391775455785517, 46.552857200191198 ], [ 31.396905605031034, 46.552385850294286 ], [ 31.397247319070114, 46.554155427954697 ], [ 31.399812425953122, 46.553919653600104 ], [ 31.403061347645266, 46.557222912542585 ], [ 31.418452085376408, 46.555806563908767 ], [ 31.41879454068048, 46.557576018107255 ], [ 31.43452757067401, 46.557926909010909 ], [ 31.434870573936212, 46.559696271066038 ], [ 31.445473969073287, 46.560518674987087 ], [ 31.448725951892168, 46.563820360715532 ], [ 31.453856194953563, 46.563346371841412 ], [ 31.45419989155446, 46.565115622040068 ], [ 31.456765045053018, 46.564878528131636 ], [ 31.460017978799666, 46.568179812226354 ], [ 31.465148445969149, 46.56770528309184 ], [ 31.464804362315391, 46.565936096193028 ], [ 31.475064585196069, 46.564986417012776 ], [ 31.476940684408664, 46.56121062026353 ], [ 31.482070214094229, 46.560735386303278 ], [ 31.483945701650512, 46.556959526520764 ], [ 31.489074714489004, 46.556484011494518 ], [ 31.488729987937987, 46.554714957967249 ], [ 31.493858709871112, 46.5542392458824 ], [ 31.493513854861256, 46.552470219059224 ], [ 31.496078086619253, 46.552232292786485 ], [ 31.495043475185682, 46.546925241048299 ], [ 31.492479484780755, 46.547163123480161 ], [ 31.489722593527304, 46.53301075784254 ], [ 31.487159213961011, 46.533248466882966 ], [ 31.486814829012815, 46.531479395253925 ], [ 31.489378128196375, 46.531241700814533 ], [ 31.48662357338468, 46.517089154053991 ], [ 31.489186197346957, 46.516851519896527 ], [ 31.488153533380686, 46.511544317167058 ], [ 31.490715884007574, 46.511306670313864 ], [ 31.489683270925894, 46.505999488748223 ], [ 31.492245348297558, 46.505761829212936 ], [ 31.493430387529138, 46.498447952709327 ], [ 31.498209407362012, 46.49620345093377 ], [ 31.497520842922899, 46.492665408966893 ], [ 31.500082228993467, 46.492427625827951 ], [ 31.499737915196622, 46.490658615674676 ], [ 31.502299188652998, 46.490420790706686 ], [ 31.501954827085036, 46.48865179264336 ], [ 31.504515987934731, 46.488413925853948 ], [ 31.504171578610006, 46.486644939882339 ], [ 31.506732626860565, 46.486407031279136 ], [ 31.506388169793421, 46.48463805740095 ], [ 31.508949105452388, 46.484400106991565 ], [ 31.508604600657172, 46.482631145208551 ], [ 31.511165423732095, 46.482393153000615 ], [ 31.51303698151327, 46.478617231728151 ], [ 31.518158144928393, 46.478141023763762 ], [ 31.520029094167388, 46.474365040190037 ], [ 31.525149742436806, 46.47388855237125 ], [ 31.524804839028498, 46.47211968035171 ], [ 31.52992519726568, 46.471642996264471 ], [ 31.529580166159839, 46.469874150993554 ], [ 31.544594501871021, 46.46667407369754 ], [ 31.544249055405363, 46.46490531126291 ], [ 31.564725706805053, 46.462993966497564 ], [ 31.564379652716042, 46.461225318895345 ], [ 31.566939007677469, 46.460986161924133 ], [ 31.567285141765787, 46.462754794840919 ], [ 31.577522555822547, 46.461797544826801 ], [ 31.57682968032347, 46.458260394000419 ], [ 31.579388792401744, 46.458020970062684 ], [ 31.578695887347653, 46.454483838464981 ], [ 31.583467130341468, 46.452236340229788 ], [ 31.582774101086944, 46.448699252181882 ], [ 31.585332715642593, 46.448459732817916 ], [ 31.584986169990767, 46.446691199683052 ], [ 31.58754467202904, 46.446451638725698 ], [ 31.587198079067509, 46.444683117753868 ], [ 31.58975646859594, 46.444443515210772 ], [ 31.589409828339015, 46.442675006403682 ], [ 31.591968105365158, 46.442435362282424 ], [ 31.59162141782712, 46.440666865641845 ], [ 31.594179582358574, 46.440427179950042 ], [ 31.593832847553685, 46.438658695477649 ], [ 31.596390899597992, 46.438418968222905 ], [ 31.598255227809535, 46.434642266979544 ], [ 31.603370849369313, 46.434162589998074 ], [ 31.605234571452666, 46.430385827553444 ], [ 31.610349677891254, 46.429905871928135 ], [ 31.610002547336155, 46.428137477786848 ], [ 31.61511736357328, 46.427657326632563 ], [ 31.61477010606032, 46.425888959414088 ], [ 31.61988463208348, 46.425408612770632 ], [ 31.619537247652556, 46.423640272484832 ], [ 31.624651483449284, 46.423159730391973 ], [ 31.624303972140243, 46.421391417048632 ], [ 31.631974841447832, 46.420670226459137 ], [ 31.631627123549968, 46.418901954828094 ], [ 31.639297459368063, 46.418180302545991 ], [ 31.638949534954428, 46.416412072651816 ], [ 31.659401686180416, 46.414485311630401 ], [ 31.659053156813062, 46.412717197437743 ], [ 31.661609448651749, 46.412476114215295 ], [ 31.66195805770991, 46.414244213609976 ], [ 31.682407849504639, 46.412313406689968 ], [ 31.682757128782871, 46.41408138500271 ], [ 31.687869407894137, 46.413598091804396 ], [ 31.687519969292275, 46.41183014315255 ], [ 31.690075979922838, 46.411588427123135 ], [ 31.690425498180804, 46.413356360939559 ], [ 31.710873037080976, 46.411420491894852 ], [ 31.711223225363, 46.413188304319419 ], [ 31.718890748468471, 46.412461382136492 ], [ 31.71924120856324, 46.414229147360295 ], [ 31.726908674094346, 46.41350167512288 ], [ 31.72725940601395, 46.415269393110172 ], [ 31.737833633710615, 46.416066240215208 ], [ 31.741091841924245, 46.419358656780929 ], [ 31.74620362781604, 46.418872713772203 ], [ 31.749462506042541, 46.422164832184748 ], [ 31.754574412226695, 46.421678492572809 ], [ 31.754926138457996, 46.423446045897727 ], [ 31.757482121593505, 46.423202776930829 ], [ 31.757833960516773, 46.424970312721562 ], [ 31.760389990212744, 46.424726972666775 ], [ 31.760741941842195, 46.426494490917854 ], [ 31.763298018090953, 46.426251079769514 ], [ 31.763650082440762, 46.428018580475552 ], [ 31.766206205234674, 46.427775098228004 ], [ 31.76655838231904, 46.42954258138348 ], [ 31.769114551650407, 46.429299028031053 ], [ 31.769466841483542, 46.431066493630532 ], [ 31.774931722324084, 46.432346621626486 ], [ 31.775636786207397, 46.435881479953842 ], [ 31.781102271134298, 46.437161255787878 ], [ 31.781807852554593, 46.440696038577613 ], [ 31.784364413787358, 46.440452099683121 ], [ 31.785070287230848, 46.443986842064888 ], [ 31.78762697464002, 46.443742817050939 ], [ 31.792303002080271, 46.454102720405587 ], [ 31.794860101279816, 46.453858493139556 ], [ 31.797334773061568, 46.466229584192149 ], [ 31.805007545695439, 46.465496250329103 ], [ 31.805361442502871, 46.467263493555279 ], [ 31.813034154924722, 46.466529608737076 ], [ 31.813388324284254, 46.46829680430622 ], [ 31.815945908253248, 46.468052048590906 ], [ 31.815591659143319, 46.466284868037853 ], [ 31.818149130055733, 46.466040071128631 ], [ 31.817794834512547, 46.464272902961696 ], [ 31.820352192376095, 46.464028064866127 ], [ 31.822200706869253, 46.460248886423052 ], [ 31.827314937124235, 46.459758989339804 ], [ 31.829162847275182, 46.455979751999649 ], [ 31.834276558770288, 46.455489577926009 ], [ 31.833921871916377, 46.453722501785393 ], [ 31.839035290694547, 46.453232133083127 ], [ 31.838680477852492, 46.451465084386037 ], [ 31.846350116883894, 46.450729155203 ], [ 31.845995098450285, 46.448962149010747 ], [ 31.853664198231851, 46.448225759545537 ], [ 31.85330897428021, 46.44645879588245 ], [ 31.873757800543736, 46.444492740664124 ], [ 31.873401973175735, 46.44272589495197 ], [ 31.875957846462768, 46.442479900515515 ], [ 31.876313753413505, 46.444246731138286 ], [ 31.896760171621104, 46.442276634336253 ], [ 31.897116748599672, 46.444043341463406 ], [ 31.912807720298883, 46.444329934825326 ], [ 31.913164841656222, 46.446096545847347 ], [ 31.923744869376346, 46.446875170027099 ], [ 31.927015709700381, 46.45016109089741 ], [ 31.937596518549043, 46.450938327123687 ], [ 31.940868426630111, 46.454223754203028 ], [ 31.945980053401186, 46.453728600406592 ], [ 31.946338364644031, 46.455495010747576 ], [ 31.948894207079963, 46.455247334492775 ], [ 31.949252631550198, 46.457013726963446 ], [ 31.951808519859082, 46.456765979403208 ], [ 31.952167057570847, 46.458532353998066 ], [ 31.954722991744891, 46.458284535126779 ], [ 31.955081642712354, 46.460050891840361 ], [ 31.957637622743764, 46.459803001652411 ], [ 31.957996386981065, 46.461569340479215 ], [ 31.960552412862011, 46.461321378968968 ], [ 31.960911290383304, 46.463087699903525 ], [ 31.963467362105977, 46.462839667065332 ], [ 31.963826352925413, 46.464605970102149 ], [ 31.96929773799642, 46.465875975553104 ], [ 31.970016206672369, 46.469408507311897 ], [ 31.975488194619324, 46.470678158417847 ], [ 31.976207184274976, 46.474210613119297 ], [ 31.978763644270803, 46.473962193092682 ], [ 31.97948292829409, 46.477494606549982 ], [ 31.982039513695725, 46.477246099915234 ], [ 31.983118932129134, 46.482544654165025 ], [ 31.985675722564118, 46.482296045662906 ], [ 31.986755684314176, 46.487594529899617 ], [ 31.98931267981563, 46.487345819503609 ], [ 31.992194704519942, 46.501474869989487 ], [ 31.994752303510417, 46.501225981376081 ], [ 31.995112788718451, 46.502992085267934 ], [ 31.992555110028828, 46.503240989143642 ], [ 31.995439574268168, 46.517369845069332 ], [ 31.99288122381429, 46.517618814867973 ], [ 31.992486654547182, 46.528464440037787 ], [ 31.989927757527816, 46.528713388991207 ], [ 31.990649140944598, 46.532245635089446 ], [ 31.988090050357393, 46.532494558335117 ], [ 31.986973461043693, 46.539808007207291 ], [ 31.982215030314727, 46.542071863771305 ], [ 31.982936249789876, 46.545604194133396 ], [ 31.980376464461642, 46.545852999175786 ], [ 31.980737045184011, 46.547619175563192 ], [ 31.978177146032763, 46.547867939585949 ], [ 31.978537680765083, 46.549634128528815 ], [ 31.975977667782981, 46.549882851524302 ], [ 31.976338156511012, 46.551649053021016 ], [ 31.973778029690152, 46.551897734981637 ], [ 31.974138472399698, 46.553663949030501 ], [ 31.971578231732213, 46.553912589948617 ], [ 31.971938628409028, 46.555678816548003 ], [ 31.969378273887052, 46.555927416416026 ], [ 31.967538460701196, 46.559708466069992 ], [ 31.962417262296196, 46.560205445247782 ], [ 31.960576843191919, 46.563986437104205 ], [ 31.955455121493312, 46.56448313931709 ], [ 31.95581512778012, 46.566249459109805 ], [ 31.950693110552209, 46.566745966468794 ], [ 31.951052990675379, 46.568512314022854 ], [ 31.936045079966348, 46.571767011461681 ], [ 31.936404547522791, 46.573533444927662 ], [ 31.915911579744968, 46.575514880778698 ], [ 31.914067401672511, 46.579295438946737 ], [ 31.919191234402643, 46.578800470188256 ], [ 31.922471310869842, 46.582085931762812 ], [ 31.92759526125889, 46.581590563985564 ], [ 31.927954577597287, 46.58335704483477 ], [ 31.93051658217637, 46.58310926118142 ], [ 31.930876012459532, 46.584875724147118 ], [ 31.933438063322274, 46.584627868912577 ], [ 31.933797607564479, 46.586394313989267 ], [ 31.936359704703012, 46.586146387167886 ], [ 31.936719362918534, 46.587912814350055 ], [ 31.939281506324999, 46.587664815936208 ], [ 31.939641278528111, 46.589431225218334 ], [ 31.942203468194634, 46.589183155206349 ], [ 31.942563354399628, 46.590949546582941 ], [ 31.948047872702446, 46.592219565207436 ], [ 31.948768135108136, 46.595752273613208 ], [ 31.954253260632928, 46.597021936781069 ], [ 31.954974047121528, 46.600554568095532 ], [ 31.957536628274372, 46.600306109530024 ], [ 31.958257710826182, 46.603838699582084 ], [ 31.960820418364204, 46.603590154131183 ], [ 31.961902537349985, 46.608888973243864 ], [ 31.964465451462338, 46.608640325641446 ], [ 31.965548116741083, 46.613939074709812 ], [ 31.968111237461201, 46.613690324929209 ], [ 31.9706392077332, 46.626053871409553 ], [ 31.988584031050063, 46.62431029492145 ], [ 31.988945867406837, 46.626076398089815 ], [ 31.996636235724299, 46.625328258693926 ], [ 31.996998346844521, 46.627094313264863 ], [ 32.004688648952246, 46.626345620131268 ], [ 32.005051034847035, 46.628111626068815 ], [ 32.007614480866856, 46.627861933531115 ], [ 32.005077934642642, 46.615499942111789 ], [ 32.007640785189025, 46.615250300347206 ], [ 32.006553965131097, 46.609952309213504 ], [ 32.009116541109947, 46.609702656987544 ], [ 32.008029787559238, 46.604404687340967 ], [ 32.010592089051443, 46.604155024666802 ] ], [ [ 30.175582826793036, 45.313103101142225 ], [ 30.170547197204414, 45.313511033861133 ], [ 30.170258208406057, 45.311734517203959 ], [ 30.16522262436672, 45.312142205614698 ], [ 30.162127354799928, 45.308792852987388 ], [ 30.157091915819684, 45.30920016241911 ], [ 30.156803390779913, 45.307423577017161 ], [ 30.154285707580332, 45.307627136999109 ], [ 30.153997286020321, 45.305850537063627 ], [ 30.151479652559942, 45.306054029714907 ], [ 30.151191334465956, 45.304277415250858 ], [ 30.148673750750877, 45.304480840577227 ], [ 30.148385536109146, 45.302704211589649 ], [ 30.145868002145455, 45.302907569596904 ], [ 30.145579890942201, 45.301130926090735 ], [ 30.143062406735982, 45.301334216784653 ], [ 30.142774398957474, 45.299557558764917 ], [ 30.137451675474225, 45.298187265707519 ], [ 30.136876100339364, 45.294633889656012 ], [ 30.131553962686969, 45.293263271407945 ], [ 30.13097885460747, 45.289709833402434 ], [ 30.128461772412848, 45.289912762611536 ], [ 30.127886924558489, 45.286359291662322 ], [ 30.125369968702486, 45.286562141103694 ], [ 30.124508127281374, 45.281231882310458 ], [ 30.121991374290264, 45.281434639507111 ], [ 30.121130003191087, 45.27610432539587 ], [ 30.118613453028047, 45.276306990372838 ], [ 30.116318251439264, 45.262092632362297 ], [ 30.113802286462434, 45.262295142753779 ], [ 30.113515582921735, 45.260518326616406 ], [ 30.11603147144017, 45.260315828700783 ], [ 30.113738192426649, 45.246101328162858 ], [ 30.116253442848407, 45.245898875331648 ], [ 30.117048911335353, 45.235035558984571 ], [ 30.119563650160597, 45.234833071629339 ], [ 30.120931781616239, 45.2275233839473 ], [ 30.125673784111601, 45.225341469335646 ], [ 30.125100401956658, 45.221787930585982 ], [ 30.127614499827477, 45.221585311952467 ], [ 30.127327772483095, 45.219808552089127 ], [ 30.129841767385059, 45.219605891299267 ], [ 30.129554990446628, 45.217829141939596 ], [ 30.13206888238577, 45.217626439000725 ], [ 30.131782055867003, 45.215849700146656 ], [ 30.134295844849365, 45.215646955066113 ], [ 30.134008968763922, 45.213870226719592 ], [ 30.136522654795545, 45.213667439504732 ], [ 30.136235729157143, 45.211890721667679 ], [ 30.138749312244052, 45.211687892325855 ], [ 30.140688792511302, 45.207931616726405 ], [ 30.145715520230269, 45.207525734971 ], [ 30.147654417455716, 45.203769387620696 ], [ 30.152680680026108, 45.203363228274888 ], [ 30.15239335444187, 45.201586588033365 ], [ 30.157419357703841, 45.201180235339336 ], [ 30.157131906489717, 45.199403618140927 ], [ 30.164670482265915, 45.198793717258916 ], [ 30.164382829295491, 45.19701713563996 ], [ 30.171920935746105, 45.196406781128552 ], [ 30.171633081084558, 45.194630235114104 ], [ 30.191732910435753, 45.193000322390766 ], [ 30.191444473538706, 45.191223874776043 ], [ 30.193956755428044, 45.191019902726033 ], [ 30.194245268437903, 45.192796337776905 ], [ 30.214343165728668, 45.191162496996888 ], [ 30.214632314424044, 45.192938829412938 ], [ 30.229994696760194, 45.19348733715389 ], [ 30.230284355839263, 45.195263589934299 ], [ 30.240622916357527, 45.196220100468615 ], [ 30.243715281435676, 45.199567398321214 ], [ 30.248739807262705, 45.199157041338175 ], [ 30.249030106869974, 45.200933197675198 ], [ 30.251542405381915, 45.200727924728284 ], [ 30.251832808091816, 45.202504066405858 ], [ 30.254345155692224, 45.20229872626976 ], [ 30.254635661518392, 45.204074853282883 ], [ 30.257148058201189, 45.20386944595186 ], [ 30.25743866715727, 45.205645558295529 ], [ 30.259951112916323, 45.205440083763868 ], [ 30.260241825015967, 45.207216181433118 ], [ 30.262754319845161, 45.207010639695035 ], [ 30.263045135102011, 45.20878672268487 ], [ 30.268361190374073, 45.210151505872005 ], [ 30.268943260669687, 45.213703611079858 ], [ 30.274259897870213, 45.21506806861921 ], [ 30.274842435190507, 45.218620110985185 ], [ 30.2773553275543, 45.218414207771801 ], [ 30.277938125566099, 45.221966216671483 ], [ 30.28045114312264, 45.221760233525345 ], [ 30.281325771970128, 45.227088193611188 ], [ 30.283838990896808, 45.226882117828254 ], [ 30.284714092428032, 45.232210021580805 ], [ 30.287227512761064, 45.232003853136085 ], [ 30.289562921063208, 45.246211405544258 ], [ 30.292076923961321, 45.246005080897966 ], [ 30.292369048492844, 45.247781003099504 ], [ 30.289854969349737, 45.247987340451076 ], [ 30.292192334258985, 45.262194746515043 ], [ 30.289677617708559, 45.262401130893899 ], [ 30.288916124072522, 45.273263082260378 ], [ 30.28640089514295, 45.273469433575087 ], [ 30.285054405550419, 45.280779538959592 ], [ 30.280315307578629, 45.282968042353779 ], [ 30.28089960287209, 45.286519981272519 ], [ 30.278383730459137, 45.286726202783072 ], [ 30.27867584248752, 45.288502181894202 ], [ 30.276159866461079, 45.288708361404439 ], [ 30.276451929258862, 45.290484351181263 ], [ 30.273935849612762, 45.290690488683801 ], [ 30.274227863166242, 45.292466489124394 ], [ 30.271711679894342, 45.292672584611886 ], [ 30.272003644189795, 45.294448595714357 ], [ 30.269487357285932, 45.294654649179428 ], [ 30.269779272309655, 45.296430670941859 ], [ 30.26726288176766, 45.296636682377155 ], [ 30.265330069758775, 45.300394727272405 ], [ 30.260296846918507, 45.300806527249279 ], [ 30.258363450198612, 45.304564501284503 ], [ 30.253329758415511, 45.304976023547539 ], [ 30.253621273852538, 45.306752123925037 ], [ 30.248587320452543, 45.307163452545481 ], [ 30.248878709989967, 45.308939576231026 ], [ 30.241327346799714, 45.309556196508275 ], [ 30.241618533859054, 45.311332356147105 ], [ 30.234066696968476, 45.311948521550931 ], [ 30.234357681483957, 45.313724717117964 ], [ 30.214217645312324, 45.315365516103483 ], [ 30.214508044302452, 45.317141810711043 ], [ 30.21199034140071, 45.317346676700815 ], [ 30.211700019002908, 45.315570369475608 ], [ 30.191558035626528, 45.317207224123408 ], [ 30.191268353063762, 45.315430814069821 ], [ 30.183714893686773, 45.316043692722801 ], [ 30.183425467934597, 45.314267242914099 ], [ 30.175871995751464, 45.314879590671694 ], [ 30.175582826793036, 45.313103101142225 ] ] ], [ [ [ 34.174489627368096, 46.207900037564023 ], [ 34.179536072635514, 46.207307856690221 ], [ 34.179109546099184, 46.205556047050038 ], [ 34.186678689399997, 46.204667422927308 ], [ 34.186251975079436, 46.202915663718954 ], [ 34.193820534288953, 46.202026605524104 ], [ 34.193393632259053, 46.20027489676928 ], [ 34.213574105624701, 46.197901833409922 ], [ 34.213146637247725, 46.196150265307288 ], [ 34.215668942112195, 46.195853406488546 ], [ 34.216096486218184, 46.197604956546471 ], [ 34.233752038258942, 46.195525300970679 ], [ 34.233323964176115, 46.193773877312516 ], [ 34.235845951252301, 46.19347658496536 ], [ 34.235417841229157, 46.191725175764468 ], [ 34.237939712870734, 46.191427847307956 ], [ 34.237511566920226, 46.189676452565621 ], [ 34.240033323136224, 46.189379088007144 ], [ 34.241698564304201, 46.1855789412501 ], [ 34.246741575327569, 46.184984013610091 ], [ 34.248406251107475, 46.181183834542139 ], [ 34.253448721015815, 46.180588654313112 ], [ 34.253020244394442, 46.178837368052378 ], [ 34.258062403984084, 46.178242007429482 ], [ 34.257633815938625, 46.176490753730484 ], [ 34.26519653015324, 46.175597361072114 ], [ 34.26476775514687, 46.173846158042913 ], [ 34.272329884455715, 46.172952332564087 ], [ 34.271900922563262, 46.171201180226298 ], [ 34.292064244086703, 46.168815409629111 ], [ 34.291634717769725, 46.167064398631318 ], [ 34.294154878138116, 46.166765951988801 ], [ 34.294584479964186, 46.168516944851895 ], [ 34.314744931166516, 46.166127279478829 ], [ 34.315175176822827, 46.167878123508238 ], [ 34.33029429153347, 46.166083494248191 ], [ 34.329863593096107, 46.164332759246726 ], [ 34.337422384702656, 46.163434769275995 ], [ 34.336991499914042, 46.161684085175168 ], [ 34.357145914725947, 46.159287212646021 ], [ 34.356714466668073, 46.157536670490302 ], [ 34.359233513089293, 46.157236836466417 ], [ 34.359665036532149, 46.15898736040829 ], [ 34.379816569309398, 46.156586597600629 ], [ 34.380248735751543, 46.158336972047067 ], [ 34.387805125390955, 46.157435739992721 ], [ 34.388237557977725, 46.159186056024424 ], [ 34.395793812674064, 46.158284283126022 ], [ 34.396226511407612, 46.160034540708196 ], [ 34.406734297342553, 46.160581528541712 ], [ 34.410119310302925, 46.163780891046798 ], [ 34.415156813830059, 46.163178752865512 ], [ 34.415590200567529, 46.164928867779494 ], [ 34.418108967374039, 46.164627699396924 ], [ 34.41854246964585, 46.166377792329506 ], [ 34.421061271579703, 46.166076551651635 ], [ 34.421494889398708, 46.167826622597076 ], [ 34.426966331991011, 46.168973973288075 ], [ 34.425231338511459, 46.161973828511044 ], [ 34.427749869150063, 46.161672462437544 ], [ 34.427666172381528, 46.150870933963176 ], [ 34.430184170881631, 46.150569569737492 ], [ 34.429316946330545, 46.147069540636956 ], [ 34.431834754119592, 46.146768159050289 ], [ 34.432617953156047, 46.139466767372816 ], [ 34.43721907387112, 46.137113919209938 ], [ 34.436351810399955, 46.133613984786621 ], [ 34.438868930896248, 46.133312515551815 ], [ 34.438435284278931, 46.131562561100075 ], [ 34.4409522894003, 46.131261056246693 ], [ 34.440518607813942, 46.12951111640475 ], [ 34.443035497569475, 46.129209575940102 ], [ 34.442601781026859, 46.127459650709191 ], [ 34.445118555425651, 46.127158074640597 ], [ 34.444684803939566, 46.125408164021948 ], [ 34.447201462990719, 46.125106552356762 ], [ 34.446767676573934, 46.123356656351575 ], [ 34.449284220286536, 46.123055009097108 ], [ 34.450932971095085, 46.11925357809568 ], [ 34.455965557005769, 46.118650087384083 ], [ 34.45761374721463, 46.114848626471627 ], [ 34.462645791451266, 46.114244885760968 ], [ 34.462211680428076, 46.112495099496947 ], [ 34.467243413613126, 46.111891179957169 ], [ 34.466809192703217, 46.110141426652085 ], [ 34.474356265532172, 46.109235198370449 ], [ 34.473487494197862, 46.105735790668049 ], [ 34.470971993563033, 46.106037883938036 ], [ 34.467588142418457, 46.102840427457693 ], [ 34.462557240100608, 46.103444271397578 ], [ 34.459174029360916, 46.100246491891184 ], [ 34.454143185922725, 46.100849939421849 ], [ 34.453709546628879, 46.099100086880057 ], [ 34.45119413966129, 46.099401711551089 ], [ 34.450760615566772, 46.097651836995254 ], [ 34.448245243454068, 46.097953389502933 ], [ 34.447811834546108, 46.096203492938749 ], [ 34.445296497297385, 46.096504973288035 ], [ 34.444863203563237, 46.094755054721162 ], [ 34.442347901187546, 46.095056462917 ], [ 34.441914722614463, 46.093306522353167 ], [ 34.439399455120899, 46.093607858400539 ], [ 34.438966391696113, 46.091857895845422 ], [ 34.433503013102396, 46.09071036697388 ], [ 34.432637386870844, 46.087210350242124 ], [ 34.427174568253356, 46.086062448629917 ], [ 34.42630948256911, 46.082562336641061 ], [ 34.423794539625938, 46.082863275470999 ], [ 34.422929764201626, 46.079363112190094 ], [ 34.420414931181739, 46.079663960640808 ], [ 34.415307592660334, 46.069463957826635 ], [ 34.412793129412897, 46.069764589048937 ], [ 34.409339348946872, 46.055763173719832 ], [ 34.406825445187764, 46.056063605135435 ], [ 34.405962549698039, 46.052563178049517 ], [ 34.40847630364658, 46.05226278311887 ], [ 34.405025720627037, 46.03826107373277 ], [ 34.407538835660453, 46.03796077093002 ], [ 34.407464752710077, 46.027159196882607 ], [ 34.409977338977036, 46.026858895982066 ], [ 34.409115122733837, 46.02335849724205 ], [ 34.411627519510326, 46.023058179073345 ], [ 34.409041379928738, 46.012557004121177 ], [ 34.411553288255057, 46.01225674163237 ], [ 34.410260532857208, 46.007006159280621 ], [ 34.412772177119869, 46.006705897779817 ], [ 34.4101872948725, 45.996204743335454 ], [ 34.400142271366626, 45.99740502972859 ], [ 34.400572686653945, 45.999155304198574 ], [ 34.398061256473824, 45.999455259785556 ], [ 34.398491636899969, 46.001205548804315 ], [ 34.395980092178149, 46.0015054689054 ], [ 34.396410437730403, 46.003255772471704 ], [ 34.393898778457874, 46.003555657079595 ], [ 34.394329089123566, 46.005305975192201 ], [ 34.39181731529137, 46.005605824299586 ], [ 34.392247591057782, 46.007356156957293 ], [ 34.389735702656907, 46.00765597055684 ], [ 34.390165943511349, 46.009406317758383 ], [ 34.387653940532815, 46.00970609584283 ], [ 34.388084146462568, 46.011456457586974 ], [ 34.385572028897407, 46.01175620014903 ], [ 34.383920103771217, 46.015556674292476 ], [ 34.378895370420445, 46.016155963542772 ], [ 34.377242886808538, 46.019956407404869 ], [ 34.372217615363027, 46.020555446948194 ], [ 34.372647496843484, 46.02230591776793 ], [ 34.367621916530787, 46.022904778657747 ], [ 34.368051688153379, 46.024655282192747 ], [ 34.35340290550571, 46.028201292439043 ], [ 34.353832307550498, 46.029951897718497 ], [ 34.333724689635567, 46.032343044837589 ], [ 34.334153532239448, 46.034093791709573 ], [ 34.331639826273516, 46.034392461145401 ], [ 34.331211058591244, 46.032641696132188 ], [ 34.311100581097818, 46.03502896926296 ], [ 34.310672452612089, 46.033278055601087 ], [ 34.295160739238142, 46.033315115334084 ], [ 34.294733139787304, 46.031564085799182 ], [ 34.284249637652209, 46.031003816019449 ], [ 34.280881301870636, 46.027799114276419 ], [ 34.275853313986879, 46.028393992998126 ], [ 34.275426397653682, 46.026642822431931 ], [ 34.272912419355578, 46.026940162974519 ], [ 34.272485617539253, 46.025188970731193 ], [ 34.269971674673201, 46.02548623937723 ], [ 34.269544987360959, 46.023735025462422 ], [ 34.26703107993589, 46.024032222216903 ], [ 34.26660450711497, 46.022280986636297 ], [ 34.264090635139802, 46.022578111504174 ], [ 34.263664176797427, 46.020826854263426 ], [ 34.261150340281077, 46.021123907249738 ], [ 34.260723996404465, 46.019372628354468 ], [ 34.258210195355886, 46.019669609464209 ], [ 34.257783965932262, 46.017918308920066 ], [ 34.252330355290603, 46.016760733342458 ], [ 34.251478393639701, 46.013258042092197 ], [ 34.246025343173685, 46.012100096141168 ], [ 34.245173918008433, 46.008597311182754 ], [ 34.242660444325487, 46.008893896939604 ], [ 34.24180932674961, 46.005391061553333 ], [ 34.239295963519069, 46.005687557455317 ], [ 34.238019807524658, 46.000433223371097 ], [ 34.235506629665487, 46.000729611422393 ], [ 34.230443062787515, 45.990516964442392 ], [ 34.227930255597897, 45.990813136870521 ], [ 34.22750540998269, 45.989061609442501 ], [ 34.224992638332445, 45.98935771008157 ], [ 34.224567906944998, 45.987606161074432 ], [ 34.219117853125638, 45.986446576424868 ], [ 34.218268886497903, 45.982943388545515 ], [ 34.212819392387651, 45.981783434133469 ], [ 34.211970961048273, 45.978280152860933 ], [ 34.20945851696731, 45.978575858688103 ], [ 34.20861039247054, 45.975072527163192 ], [ 34.206098058836432, 45.975368143274629 ], [ 34.204826391118488, 45.970113065272685 ], [ 34.202314242773255, 45.9704085737241 ], [ 34.201890506871443, 45.968656855949277 ], [ 34.196866242152019, 45.969247675622924 ], [ 34.197289828366429, 45.970999429303689 ], [ 34.192265257047033, 45.971590069770677 ], [ 34.192688732771735, 45.973341855775864 ], [ 34.19017631342021, 45.973637113279793 ], [ 34.190599753492769, 45.975388913659771 ], [ 34.188087220051464, 45.975684135317074 ], [ 34.188510624459106, 45.977435950070543 ], [ 34.18599797691914, 45.977731135873867 ], [ 34.18642134564908, 45.979482964999583 ], [ 34.183908584001635, 45.979778114941645 ], [ 34.18224233861352, 45.983576930378156 ], [ 34.177216319631931, 45.984167032958695 ], [ 34.175549514047098, 45.98796581615067 ], [ 34.170522960122597, 45.988555667520345 ], [ 34.170946000363784, 45.990307604339932 ], [ 34.16591913976545, 45.9908972762301 ], [ 34.166342069258853, 45.992649245329531 ], [ 34.158801259596714, 45.993533403118711 ], [ 34.159224003312033, 45.995285422400784 ], [ 34.151682616175435, 45.996169149280796 ], [ 34.152105174038887, 45.997921218723917 ], [ 34.131992486009004, 46.000275596981311 ], [ 34.132414482726645, 46.002027805991382 ], [ 34.129900145638778, 46.002321878722697 ], [ 34.129478223978417, 46.000569651836393 ], [ 34.124449582636508, 46.001157599903877 ], [ 34.124465968411798, 46.011965122963019 ], [ 34.1219510994909, 46.012259069483761 ], [ 34.121123549187899, 46.01956212076923 ], [ 34.116514801702877, 46.021902203725219 ], [ 34.117358492779154, 46.025406826196473 ], [ 34.114842941457901, 46.025700682102659 ], [ 34.115264770480152, 46.027453005892006 ], [ 34.112749104876592, 46.027746825722602 ], [ 34.113170897818186, 46.029499163834913 ], [ 34.110655117923471, 46.029792947582592 ], [ 34.111076874771555, 46.03154530001661 ], [ 34.108560980576868, 46.031839047673998 ], [ 34.108982701318588, 46.033591414428436 ], [ 34.106466692815076, 46.033885125988249 ], [ 34.106888377437585, 46.035637507061807 ], [ 34.104372254616372, 46.035931182516684 ], [ 34.102699278304605, 46.03972962695871 ], [ 34.097666536250649, 46.040316779429254 ], [ 34.095992997018662, 46.044115190600237 ], [ 34.086347488218493, 46.047041298573241 ], [ 34.087611330694124, 46.052298849421717 ], [ 34.085094253937442, 46.052592181765654 ], [ 34.084262205825006, 46.059895621155462 ], [ 34.079648468154502, 46.062234725534758 ], [ 34.080491013178474, 46.065739849159932 ], [ 34.077973252673253, 46.066033090243565 ], [ 34.078394508419962, 46.067785664594332 ], [ 34.075876633451507, 46.068078869466298 ], [ 34.076297852881815, 46.069831458118358 ], [ 34.073779863441267, 46.070124626771324 ], [ 34.074201046542257, 46.071877229723398 ], [ 34.071682942620797, 46.072170362149997 ], [ 34.072104089379572, 46.073922979400827 ], [ 34.069585870968325, 46.074216075593725 ], [ 34.070006981371975, 46.075968707141968 ], [ 34.067488648462103, 46.076261767093825 ], [ 34.06581231273509, 46.080060096780969 ], [ 34.060775149807498, 46.080646017598724 ], [ 34.059098249464618, 46.084444313485527 ], [ 34.054060550316848, 46.085029981046553 ], [ 34.054481327773409, 46.086782719680791 ], [ 34.049443321457154, 46.0873682064761 ], [ 34.049863986952893, 46.08912097719837 ], [ 34.042306458188278, 46.089998855021072 ], [ 34.042726936157891, 46.091751675617168 ], [ 34.035168829610384, 46.09262911981164 ], [ 34.03558911997969, 46.094381990259791 ], [ 34.01543184892428, 46.096719602175398 ], [ 34.015851573724618, 46.098472611295833 ], [ 34.010811715068392, 46.099056508424432 ], [ 34.010392141456784, 46.097303463788947 ], [ 33.990231754326331, 46.099636744246503 ], [ 33.989812824538738, 46.097883554182381 ], [ 33.974272917270454, 46.097877833550299 ], [ 33.973854519021955, 46.0961245302001 ], [ 33.963355310222923, 46.095534980328516 ], [ 33.959999154879988, 46.092318983046397 ], [ 33.95495872230164, 46.092900357400559 ], [ 33.95454100880243, 46.091146916265316 ], [ 33.952020809985271, 46.091437504503197 ], [ 33.951603210905205, 46.08968404221303 ], [ 33.94908304896304, 46.089974558602471 ], [ 33.948665564289144, 46.08822107516302 ], [ 33.946145439230762, 46.08851151970908 ], [ 33.945728068950061, 46.086758015125973 ], [ 33.943207980784251, 46.087048387833761 ], [ 33.942790724883764, 46.085294862112647 ], [ 33.94027067361931, 46.085585162987236 ], [ 33.939853532086069, 46.083831616133722 ], [ 33.934396513117406, 46.082658434423408 ], [ 33.933562726143393, 46.079151252754791 ], [ 33.928522957691449, 46.07973133410335 ], [ 33.928106273497427, 46.0779777027767 ], [ 33.920546557606585, 46.078847365635269 ], [ 33.92013013897359, 46.07709367793133 ], [ 33.912570302062242, 46.077962800382366 ], [ 33.912154148986396, 46.076209056336012 ], [ 33.907114215809322, 46.076788165204476 ], [ 33.906698252641917, 46.075034382464693 ], [ 33.901658316283097, 46.075613239412469 ], [ 33.901242543011278, 46.073859417996388 ], [ 33.895787020155616, 46.072684162957593 ], [ 33.896618225517962, 46.076191879659518 ], [ 33.894098122249261, 46.076481118514714 ], [ 33.893240248827169, 46.083785836014933 ], [ 33.888614756121676, 46.086118093354784 ], [ 33.889445896240474, 46.089625902581581 ], [ 33.886925108787153, 46.089915047843427 ], [ 33.887340661008892, 46.091668964882963 ], [ 33.884819759239122, 46.091958073525994 ], [ 33.885235274315775, 46.093712004713751 ], [ 33.88271425822083, 46.094001076730613 ], [ 33.883129736139395, 46.095755022065312 ], [ 33.878502801686416, 46.09808701567129 ], [ 33.879333647395732, 46.10159495947687 ], [ 33.876812212492986, 46.101883939157538 ], [ 33.877643060971231, 46.105391904363621 ], [ 33.873015102755758, 46.107723783938212 ], [ 33.873845879520132, 46.111231798828577 ], [ 33.87132394983356, 46.111520703678202 ], [ 33.87173932026564, 46.113274723543448 ], [ 33.869217276159944, 46.113563591709216 ], [ 33.869632609336399, 46.115317625714304 ], [ 33.867110450802805, 46.115606457188811 ], [ 33.867525746710619, 46.117360505332428 ], [ 33.86500347374038, 46.117649300108326 ], [ 33.865418732366514, 46.119403362389122 ], [ 33.862896344950848, 46.119692120458993 ], [ 33.863311566282256, 46.121446196875681 ], [ 33.860789064412444, 46.121734918232207 ], [ 33.859096778806212, 46.125531798103651 ], [ 33.854051278629456, 46.126109039617191 ], [ 33.852358424333922, 46.129905883376026 ], [ 33.847312389101553, 46.130482869295129 ], [ 33.847727271890562, 46.132237051492531 ], [ 33.842680930565457, 46.132813855253012 ], [ 33.843095700005591, 46.134568069128129 ], [ 33.82836964754982, 46.138051597519443 ], [ 33.828784038192033, 46.139805909802007 ], [ 33.808593459770812, 46.142108763912255 ], [ 33.809007280771866, 46.143863212963531 ], [ 33.79133797284041, 46.145875478711197 ], [ 33.790924684206161, 46.144120907154118 ], [ 33.785876116759169, 46.14469531583579 ], [ 33.786702428148381, 46.148204525489263 ], [ 33.789226883232459, 46.147917313368112 ], [ 33.790466866708556, 46.153181049821846 ], [ 33.787942183342835, 46.153468314408222 ], [ 33.791249888276568, 46.167504934831953 ], [ 33.788724557410198, 46.16779228494773 ], [ 33.788680667855999, 46.178607112627958 ], [ 33.786154802953035, 46.178894458841512 ], [ 33.785283379067181, 46.186200177002085 ], [ 33.780644410645856, 46.188529370145183 ], [ 33.781471653179395, 46.19203862603203 ], [ 33.77894510070049, 46.192325876838439 ], [ 33.779358703408057, 46.194080517158092 ], [ 33.776832036177105, 46.194367730971265 ], [ 33.777245601075073, 46.196122385370671 ], [ 33.774718819083311, 46.196409562183192 ], [ 33.77513234615855, 46.198164230661057 ], [ 33.770491927096948, 46.200493155809525 ], [ 33.771318868345546, 46.204002545664466 ], [ 33.791535104044698, 46.201703917550624 ], [ 33.791949242910917, 46.203458467399187 ], [ 33.807524894693984, 46.203486543826699 ], [ 33.809222287839788, 46.199689757118648 ], [ 33.81427542188483, 46.199113792393689 ], [ 33.813860635085476, 46.197359396824723 ], [ 33.818913462296614, 46.196783249291848 ], [ 33.818498561592023, 46.195028885373731 ], [ 33.826077284252598, 46.194164308237823 ], [ 33.825662193461717, 46.192409993526866 ], [ 33.833240340015095, 46.191544978965858 ], [ 33.832825059212404, 46.189790713484108 ], [ 33.853031140668207, 46.187481753159986 ], [ 33.85261528908908, 46.18572762479819 ], [ 33.860191703287725, 46.184860919386573 ], [ 33.860607783317562, 46.186614994989618 ], [ 33.865658684973219, 46.186036884121343 ], [ 33.865242452664916, 46.184282843706463 ], [ 33.872818286466917, 46.183415322122023 ], [ 33.87240186449322, 46.181661331063509 ], [ 33.879977121496161, 46.180793372685784 ], [ 33.879560509931537, 46.179039431005634 ], [ 33.899758881852847, 46.176722623218332 ], [ 33.89934170044895, 46.174968819088114 ], [ 33.901866246435553, 46.174678991056709 ], [ 33.902283503890786, 46.176432777547653 ], [ 33.922479083243587, 46.174112055056916 ], [ 33.922896987792001, 46.17586569685092 ], [ 33.938460896678066, 46.175876298338544 ], [ 33.938879335043211, 46.177629827120235 ], [ 33.949394952944033, 46.178220099382806 ], [ 33.952756972148414, 46.181436013450707 ], [ 33.957805535069745, 46.180853881353116 ], [ 33.95822466115871, 46.18260727229962 ], [ 33.963692537319353, 46.183778239423859 ], [ 33.962015502904734, 46.176764810398112 ], [ 33.96453949605273, 46.176473589599063 ], [ 33.963281901408294, 46.17121353435676 ], [ 33.965805627711561, 46.17092231239058 ], [ 33.964548155794162, 46.165662278908172 ], [ 33.967071615331392, 46.165371055786011 ], [ 33.967918344588227, 46.158066493296779 ], [ 33.972545234418789, 46.155730622783693 ], [ 33.97170689675994, 46.152224023223113 ], [ 33.974229669255386, 46.151932706983871 ], [ 33.973810482975438, 46.150179419691796 ], [ 33.97633314067027, 46.149888066903841 ], [ 33.975913917481421, 46.148134793846395 ], [ 33.978436460384479, 46.14784340451709 ], [ 33.978017200299782, 46.14609014569556 ], [ 33.980539628419905, 46.145798719832285 ], [ 33.980120331452326, 46.144045475247971 ], [ 33.982642644798375, 46.143754012858125 ], [ 33.982223310960947, 46.142000782512319 ], [ 33.984745509541725, 46.141709283603227 ], [ 33.986428815133721, 46.137911330211509 ], [ 33.991472714327976, 46.137328132123137 ], [ 33.993155452601059, 46.133530143950196 ], [ 33.998198814920386, 46.132946691447337 ], [ 33.997779145418129, 46.131193567805731 ], [ 34.00282220033845, 46.130609933917846 ], [ 34.002402418328415, 46.12885684227934 ], [ 34.017109995581926, 46.125351757548913 ], [ 34.016689837273198, 46.123598765477212 ], [ 34.036856807131613, 46.121259886774546 ], [ 34.036436082459204, 46.119507033452706 ], [ 34.038956702325869, 46.119214447603582 ], [ 34.039377502650147, 46.120967283129346 ], [ 34.059541659766467, 46.11862450396508 ], [ 34.059963104267148, 46.120377193485112 ], [ 34.075506970160326, 46.120370306572056 ], [ 34.075928946638037, 46.122122882029963 ], [ 34.080969578652144, 46.121535888834032 ], [ 34.081391745520968, 46.123288425061808 ], [ 34.091895350115898, 46.123866178767372 ], [ 34.095260887518165, 46.127077224813064 ], [ 34.10030157540249, 46.126489330683981 ], [ 34.100724428364124, 46.128241727698963 ], [ 34.103244789032999, 46.127947681540761 ], [ 34.103667756851735, 46.129700057130627 ], [ 34.106188153859719, 46.129405938945915 ], [ 34.10661123654851, 46.131158293105017 ], [ 34.109131669886715, 46.130864102888744 ], [ 34.109554867458485, 46.132616435611411 ], [ 34.112075337117979, 46.132322173358496 ], [ 34.112498649585682, 46.134074484639072 ], [ 34.115019155557569, 46.133780150344485 ], [ 34.115442582934122, 46.135532440177286 ], [ 34.120907246077785, 46.136695823822279 ], [ 34.121754599873917, 46.140200314107886 ], [ 34.127219828620838, 46.14136332722147 ], [ 34.128067720963514, 46.144867724517617 ], [ 34.130588559613464, 46.144572994101388 ], [ 34.131436760674973, 46.148077341321077 ], [ 34.133957711224447, 46.147782520899888 ], [ 34.135230535097925, 46.153038961244476 ], [ 34.137751673200007, 46.152744032872782 ], [ 34.139025078631491, 46.158000387353489 ], [ 34.141546404311136, 46.157705351005042 ], [ 34.144519593264569, 46.169969927744624 ], [ 34.147041409337227, 46.169674711606987 ], [ 34.148316452051745, 46.174930851407915 ], [ 34.150838455811652, 46.174635527215415 ], [ 34.152114080994664, 46.179891581008242 ], [ 34.154636272466732, 46.179596148734582 ], [ 34.158040283798186, 46.193611991211533 ], [ 34.160563041865522, 46.193316360976873 ], [ 34.161414591556529, 46.196820249882677 ], [ 34.158891681900577, 46.197115916066494 ], [ 34.16229885646564, 46.211131472339162 ], [ 34.159775300614918, 46.211427228099275 ], [ 34.161053416436481, 46.216683056575647 ], [ 34.163577199887968, 46.216387246866404 ], [ 34.163151045825515, 46.214635325605535 ], [ 34.168198342205649, 46.214043579345777 ], [ 34.167772076012703, 46.212291690478658 ], [ 34.170295588948342, 46.211995753940897 ], [ 34.169869286506767, 46.210243879481531 ], [ 34.174916041876749, 46.209651879617972 ], [ 34.174489627368096, 46.207900037564023 ] ] ], [ [ [ 33.863637884278894, 46.330410858138094 ], [ 33.868701947039277, 46.329831237478352 ], [ 33.87039696080717, 46.326033425853531 ], [ 33.86533328284137, 46.326613085311848 ], [ 33.863637884278894, 46.330410858138094 ] ] ], [ [ [ 33.861105794446431, 46.330700586427433 ], [ 33.861524025596047, 46.332454611439672 ], [ 33.864056192160255, 46.332164865510663 ], [ 33.863637884278894, 46.330410858138094 ], [ 33.861105794446431, 46.330700586427433 ] ] ], [ [ [ 33.990614695643373, 46.317607876183473 ], [ 33.98808448568137, 46.317900354252032 ], [ 33.987240400422046, 46.314394072376189 ], [ 33.984710304186073, 46.314686460271055 ], [ 33.984288396985121, 46.312933296271773 ], [ 33.981758337975606, 46.313225611794664 ], [ 33.978384849099825, 46.310011463061258 ], [ 33.973324840795698, 46.310595750068629 ], [ 33.969952003157232, 46.307381281340049 ], [ 33.967422053920501, 46.307673252846783 ], [ 33.967843345119526, 46.309426537546614 ], [ 33.94760172783662, 46.311760486504625 ], [ 33.948022446039396, 46.313513909740983 ], [ 33.940430963452243, 46.314388292930481 ], [ 33.940010474904476, 46.312634816480603 ], [ 33.934949443864689, 46.313217430087754 ], [ 33.935369779286795, 46.31497094199765 ], [ 33.930308438563578, 46.31555337259654 ], [ 33.93072865996843, 46.317306916465824 ], [ 33.938320842075704, 46.31643313546158 ], [ 33.938741332359371, 46.318186622659972 ], [ 33.946333391820154, 46.317312296883429 ], [ 33.94675415098645, 46.319065727375772 ], [ 33.957297759311274, 46.319652480083469 ], [ 33.957718903134023, 46.321405832579366 ], [ 33.960249584182598, 46.321114009713348 ], [ 33.960670843788591, 46.322867340948314 ], [ 33.965732241340284, 46.322283495851259 ], [ 33.966153693309145, 46.324036788052148 ], [ 33.968684409792253, 46.323744765815078 ], [ 33.969105977572802, 46.325498036739383 ], [ 33.971636731370246, 46.325205942115403 ], [ 33.972058414975656, 46.326959191757481 ], [ 33.974589206078491, 46.326667024741468 ], [ 33.975011005521907, 46.32842025309558 ], [ 33.977541833921187, 46.328128013682409 ], [ 33.980916646061452, 46.331342094688523 ], [ 33.996101474145838, 46.329586970148277 ], [ 33.994834120562139, 46.324327722702634 ], [ 33.992303643818268, 46.324620326566702 ], [ 33.991459091112979, 46.321114108406775 ], [ 33.993989414802783, 46.320821540149844 ], [ 33.993567120898575, 46.319068443597864 ], [ 33.991036873725953, 46.31936099405285 ], [ 33.990614695643373, 46.317607876183473 ] ] ], [ [ [ 33.859410013438662, 46.33449834185943 ], [ 33.861942295709476, 46.334208632992613 ], [ 33.861524025596047, 46.332454611439672 ], [ 33.858991820068027, 46.332744302668864 ], [ 33.859410013438662, 46.33449834185943 ] ] ], [ [ [ 33.800255179417604, 46.359267880851526 ], [ 33.799838517899566, 46.357513436072793 ], [ 33.802372464209483, 46.357224937424611 ], [ 33.801955764614057, 46.355470506779973 ], [ 33.796887986989525, 46.356047414152876 ], [ 33.797721117347038, 46.359556342277166 ], [ 33.800255179417604, 46.359267880851526 ] ] ], [ [ [ 34.082838649802376, 46.451071212745894 ], [ 34.08537404811301, 46.450775991926143 ], [ 34.081958006590483, 46.436756621333082 ], [ 34.084492749884355, 46.436461489407378 ], [ 34.083212160269987, 46.431204220406457 ], [ 34.085746633197779, 46.430909087595573 ], [ 34.08446617105114, 46.425651840338908 ], [ 34.087000373692916, 46.425356706653979 ], [ 34.08782719596951, 46.418051948905656 ], [ 34.09246789865557, 46.415709186228632 ], [ 34.091614239383254, 46.412204444833023 ], [ 34.094147745399873, 46.411909217979449 ], [ 34.09372089865446, 46.410156859885078 ], [ 34.096254288148486, 46.40986159629314 ], [ 34.095827404422927, 46.408109252588787 ], [ 34.098360677403463, 46.407813952265911 ], [ 34.097933756710937, 46.406061622952848 ], [ 34.100466913187049, 46.405766285906488 ], [ 34.100039955540737, 46.404013970985993 ], [ 34.102572995521527, 46.403718597223573 ], [ 34.102146000934567, 46.401966296696969 ], [ 34.104678924429123, 46.401670886225943 ], [ 34.104251892914711, 46.399918600094466 ], [ 34.106784699932113, 46.399623152922217 ], [ 34.108463216722846, 46.395823139983825 ], [ 34.113528325117031, 46.395232044221963 ], [ 34.113101106235803, 46.393479819261863 ], [ 34.117738569751822, 46.391136348271949 ], [ 34.117311277156318, 46.389384152117749 ], [ 34.114779052388414, 46.389679782684624 ], [ 34.114351876220105, 46.387927564969921 ], [ 34.109287460615491, 46.388518626218982 ], [ 34.10886047749829, 46.386766368975756 ], [ 34.10632828668178, 46.38706179966389 ], [ 34.102942515696597, 46.383852578626815 ], [ 34.090281533198365, 46.385328459548909 ], [ 34.089855205807467, 46.383576065875658 ], [ 34.082258369725935, 46.384460884807027 ], [ 34.085241885267607, 46.396727942461574 ], [ 34.082708990387296, 46.397022898373969 ], [ 34.082733982920139, 46.407832496736461 ], [ 34.080200548194149, 46.408127450930095 ], [ 34.079372538844268, 46.415432220751882 ], [ 34.074731168537632, 46.417774493674621 ], [ 34.075583911726369, 46.421279472089822 ], [ 34.073049780546512, 46.421574333004941 ], [ 34.073476134915808, 46.42332683480624 ], [ 34.07094188717614, 46.423621658924205 ], [ 34.071368204441626, 46.425374175099655 ], [ 34.068833840133081, 46.425668962413035 ], [ 34.069260120281577, 46.427421492961358 ], [ 34.066725639395074, 46.427716243462726 ], [ 34.067151882413341, 46.429468788382643 ], [ 34.064617284939807, 46.429763502064539 ], [ 34.065043490814666, 46.431516061354735 ], [ 34.062508776745005, 46.431810738209741 ], [ 34.060826246336781, 46.435610539916489 ], [ 34.055756312043883, 46.436199691503035 ], [ 34.054073206124592, 46.439999458049755 ], [ 34.049002725909887, 46.440588352647339 ], [ 34.049428592002798, 46.442341019602331 ], [ 34.044357799114302, 46.442929730873736 ], [ 34.044783551010916, 46.444682430096854 ], [ 34.042248018074687, 46.444976721448768 ], [ 34.04395111474777, 46.451987554449751 ], [ 34.04141523421734, 46.452281862626513 ], [ 34.042692742604615, 46.457540003803508 ], [ 34.057908815882577, 46.455773010082652 ], [ 34.058335193440712, 46.457525609182497 ], [ 34.065942924470271, 46.456641318549238 ], [ 34.06636957274867, 46.458393860283081 ], [ 34.0739771767199, 46.457509022555634 ], [ 34.074404095721853, 46.459261506888254 ], [ 34.076939961092776, 46.458966433417949 ], [ 34.076512965118837, 46.457213967037518 ], [ 34.079048713711046, 46.456918856718701 ], [ 34.078621680583041, 46.455166404724409 ], [ 34.081157312405615, 46.454871257564506 ], [ 34.082838649802376, 46.451071212745894 ] ] ], [ [ [ 33.128668310175151, 46.658869140778172 ], [ 33.133378042296677, 46.656560289347411 ], [ 33.132179928217418, 46.651283635004546 ], [ 33.129625673735056, 46.6515585822183 ], [ 33.1284281337295, 46.646281848925035 ], [ 33.125874078728565, 46.646556689968399 ], [ 33.124278198696842, 46.6395209340196 ], [ 33.121724422096356, 46.639795652136925 ], [ 33.119730808546819, 46.631000801986531 ], [ 33.117177389195888, 46.631275380444549 ], [ 33.113990182593341, 46.617203321377687 ], [ 33.111437356991686, 46.617477709943124 ], [ 33.107059717318357, 46.598128113865002 ], [ 33.104507721507758, 46.598402262409437 ], [ 33.104110056896261, 46.596643172514788 ], [ 33.101558102592811, 46.596917248608072 ], [ 33.101160554049024, 46.595158138813893 ], [ 33.098608641261336, 46.595432142461398 ], [ 33.098211208771467, 46.59367301277338 ], [ 33.092710191328088, 46.592461653176301 ], [ 33.091915827718019, 46.588943311106867 ], [ 33.086415403254378, 46.587731585435662 ], [ 33.085621578068974, 46.584213157574759 ], [ 33.08307003052348, 46.584486765642346 ], [ 33.082276511667899, 46.580968291759788 ], [ 33.079725084438778, 46.58124181071247 ], [ 33.07893187183214, 46.577723290825752 ], [ 33.076380564915873, 46.577996720678492 ], [ 33.075587658477232, 46.57447815480505 ], [ 33.073036471870346, 46.574751495572876 ], [ 33.068900510872552, 46.567987477633423 ], [ 33.066349564873839, 46.568260640276378 ], [ 33.063006750754099, 46.565015010150368 ], [ 33.057904988042949, 46.56556099035074 ], [ 33.057509285616945, 46.563801583741302 ], [ 33.054958427332174, 46.56407447366179 ], [ 33.05161655319192, 46.560828418610356 ], [ 33.038862307581532, 46.562191588137466 ], [ 33.039257384853691, 46.563951117642056 ], [ 33.036706345881605, 46.56422360117201 ], [ 33.037496454058264, 46.567742684097993 ], [ 33.034945220570677, 46.568015145237716 ], [ 33.039867667616285, 46.578299857821065 ], [ 33.037315961502387, 46.578572418863068 ], [ 33.040479024701689, 46.592648608531171 ], [ 33.03792665094273, 46.592921247098197 ], [ 33.039113174927451, 46.598199816562946 ], [ 33.036560527487467, 46.598472449362184 ], [ 33.040121392928249, 46.614308138657734 ], [ 33.037567998193971, 46.614580865646502 ], [ 33.04073510474889, 46.628656954285084 ], [ 33.038181041095569, 46.628929758817378 ], [ 33.039369081958462, 46.634208290375064 ], [ 33.036814744105392, 46.634481089102017 ], [ 33.038002882305413, 46.639759642471702 ], [ 33.035448270171379, 46.640032435381151 ], [ 33.036636505686971, 46.645311010563248 ], [ 33.034081619190758, 46.645583797643027 ], [ 33.034873803890449, 46.649102865439218 ], [ 33.039983856039669, 46.648557168747367 ], [ 33.04038016233536, 46.65031666459852 ], [ 33.042935211716824, 46.650043715801274 ], [ 33.043331634298873, 46.651803191837303 ], [ 33.045886725569474, 46.651530170508266 ], [ 33.046283264451752, 46.653289626723485 ], [ 33.048838397602879, 46.653016532857237 ], [ 33.052186999346581, 46.65626221939371 ], [ 33.057297395874343, 46.655715685626674 ], [ 33.057694362840039, 46.657475065645322 ], [ 33.060249584324914, 46.65720169828063 ], [ 33.060646667648903, 46.658961058451489 ], [ 33.063201930968589, 46.658687618526862 ], [ 33.063599130664755, 46.660446958844268 ], [ 33.066154435810603, 46.660173446354293 ], [ 33.06950453133831, 46.663418482345364 ], [ 33.074615271574892, 46.662871111214962 ], [ 33.075012899579107, 46.664630375213115 ], [ 33.080123648759475, 46.664082747205093 ], [ 33.080521472300539, 46.665841974590371 ], [ 33.085632230348537, 46.665294089693788 ], [ 33.086030249441237, 46.667053280448719 ], [ 33.091141016280702, 46.666505138652646 ], [ 33.091539230939787, 46.66826429275968 ], [ 33.096650006494549, 46.667715894053188 ], [ 33.097048416734758, 46.669475011494825 ], [ 33.107668599521467, 46.670136524065732 ], [ 33.10806740096811, 46.671895568123986 ], [ 33.110622820307526, 46.671621011297127 ], [ 33.111021738283199, 46.673380035415093 ], [ 33.11613262283727, 46.672830720656783 ], [ 33.119486431826196, 46.676073917542958 ], [ 33.124597408004284, 46.675524200538753 ], [ 33.123798668749593, 46.672006329662267 ], [ 33.126353942447636, 46.671731420977473 ], [ 33.125155877409, 46.666454641247952 ], [ 33.127710876435792, 46.666179727111597 ], [ 33.128668310175151, 46.658869140778172 ] ] ], [ [ [ 34.180009893980724, 46.623550123803348 ], [ 34.179577113174069, 46.621798443354841 ], [ 34.177034717986231, 46.62209658547976 ], [ 34.176602055101391, 46.620344883262675 ], [ 34.174059697013682, 46.620642952198089 ], [ 34.173627152037334, 46.618891228218182 ], [ 34.171084831059041, 46.619189223969222 ], [ 34.16767781091891, 46.615983633315999 ], [ 34.160050949636627, 46.61687701634802 ], [ 34.160483026310374, 46.61862883818786 ], [ 34.155398095314233, 46.619224187810978 ], [ 34.154966173680705, 46.617472329752403 ], [ 34.134625456869976, 46.619851380701519 ], [ 34.134194195867238, 46.618099374282629 ], [ 34.126565994868784, 46.618990555397836 ], [ 34.126135006812241, 46.617238491145812 ], [ 34.123592270181724, 46.617535423284352 ], [ 34.125316153688125, 46.62454373092207 ], [ 34.132945173646846, 46.623652552394852 ], [ 34.133376477940054, 46.62540456605975 ], [ 34.149065705336646, 46.6253725146329 ], [ 34.149497555693443, 46.627124412523571 ], [ 34.160101182098835, 46.627685685946751 ], [ 34.163508693252979, 46.630891489596955 ], [ 34.171137415299491, 46.629997671656291 ], [ 34.170704823371217, 46.628245929562006 ], [ 34.173247572366236, 46.627947898225244 ], [ 34.174924908166638, 46.624146389268773 ], [ 34.180009893980724, 46.623550123803348 ] ] ], [ [ [ 33.955286328346908, 46.6676965717418 ], [ 33.952739465464738, 46.667989946047491 ], [ 33.951887292073877, 46.664483377096062 ], [ 33.946793758733406, 46.665069888377744 ], [ 33.946367887788803, 46.663316562887445 ], [ 33.938727523027261, 46.664195861539582 ], [ 33.93830192589062, 46.662442478974214 ], [ 33.930661436852539, 46.663321226417267 ], [ 33.930236113520088, 46.661567786812455 ], [ 33.925142411243023, 46.662153306271392 ], [ 33.924717283700012, 46.660399827486415 ], [ 33.919623578378655, 46.660985090084125 ], [ 33.919198646611868, 46.659231572136541 ], [ 33.913680202319476, 46.658063020789776 ], [ 33.914104938323234, 46.659816577882481 ], [ 33.911558024578127, 46.660108997796044 ], [ 33.911982722290944, 46.661862569182574 ], [ 33.907313200943918, 46.664200882173191 ], [ 33.908587183395269, 46.669461671542173 ], [ 33.906039760246912, 46.66975401453351 ], [ 33.90688912439812, 46.673261225487117 ], [ 33.904341505366361, 46.673553548752871 ], [ 33.903492426980058, 46.680860338852526 ], [ 33.921327390239938, 46.678812802541557 ], [ 33.921752681417281, 46.68056629959284 ], [ 33.929395874653082, 46.679687900395216 ], [ 33.929821439892891, 46.681441340426858 ], [ 33.937464509034733, 46.680562389678002 ], [ 33.937890348340787, 46.682315772654327 ], [ 33.940438036460556, 46.682022660553827 ], [ 33.940012119080983, 46.680269295427216 ], [ 33.947654710122173, 46.679389680703125 ], [ 33.947228598414874, 46.677636365611612 ], [ 33.959965062557934, 46.676169323974165 ], [ 33.959112178429471, 46.672662861853127 ], [ 33.956565121402633, 46.672956345062538 ], [ 33.955286328346908, 46.6676965717418 ] ] ], [ [ [ 32.977251979064754, 46.835429304219417 ], [ 32.971726386597247, 46.834213962822545 ], [ 32.970933188865885, 46.830694181826914 ], [ 32.968368903931058, 46.830966319716467 ], [ 32.967576015336405, 46.827446492953896 ], [ 32.965011852980602, 46.827718541316351 ], [ 32.963823039597322, 46.822438727869979 ], [ 32.961259079739854, 46.822710670091723 ], [ 32.960070841593947, 46.8174307786987 ], [ 32.957507084204622, 46.817702614806741 ], [ 32.956715271533909, 46.814182638386818 ], [ 32.943896725037455, 46.815540809236438 ], [ 32.943501274060189, 46.81378073330734 ], [ 32.927723335724139, 46.813648404254046 ], [ 32.927328438597762, 46.811888222571262 ], [ 32.922200792927889, 46.812430322799784 ], [ 32.921806092790845, 46.810670104864492 ], [ 32.916678458419298, 46.811211946966836 ], [ 32.916283955256404, 46.809451692796642 ], [ 32.913720162312714, 46.809722512913893 ], [ 32.912733928139488, 46.817034407377228 ], [ 32.910169741202715, 46.817305181228647 ], [ 32.910564152997075, 46.819065472696444 ], [ 32.907999848980616, 46.819336206840383 ], [ 32.908788623967588, 46.822856813605043 ], [ 32.904053867853975, 46.825158511145489 ], [ 32.904448188141075, 46.826918839901474 ], [ 32.907012886344155, 46.826648152087195 ], [ 32.908196309954164, 46.831929070119557 ], [ 32.910761211079304, 46.831658276340164 ], [ 32.912339949259326, 46.838699390782736 ], [ 32.914905133381829, 46.838428474442757 ], [ 32.915299990860674, 46.84018872873871 ], [ 32.925560675803013, 46.839104434051301 ], [ 32.925165498159778, 46.837344246066408 ], [ 32.930295457422915, 46.836801794098221 ], [ 32.930690795122374, 46.838561948907923 ], [ 32.951209783406277, 46.836389756734853 ], [ 32.95160579842441, 46.838149775598261 ], [ 32.967390486746581, 46.83827808397416 ], [ 32.967787056295165, 46.84003799682737 ], [ 32.978442647420927, 46.840708843021609 ], [ 32.98180142575054, 46.843956080049118 ], [ 32.986930938949385, 46.843411031478695 ], [ 32.986533697490181, 46.841651244573228 ], [ 32.983969039556591, 46.841923780329672 ], [ 32.983571915447662, 46.840163973631128 ], [ 32.978045720619853, 46.838948999880067 ], [ 32.977251979064754, 46.835429304219417 ] ] ], [ [ [ 32.98732821779317, 46.845170815254079 ], [ 32.989892998298942, 46.844898189895666 ], [ 32.989495639475422, 46.843138422788918 ], [ 32.986930938949385, 46.843411031478695 ], [ 32.98732821779317, 46.845170815254079 ] ] ], [ [ [ 32.992855217610661, 46.846385255569395 ], [ 32.992457741408728, 46.844625508267114 ], [ 32.989892998298942, 46.844898189895666 ], [ 32.99029039451846, 46.846657953870924 ], [ 32.992855217610661, 46.846385255569395 ] ] ], [ [ [ 32.992855217610661, 46.846385255569395 ], [ 32.993252731219947, 46.848144999738821 ], [ 32.995817596889857, 46.847872228488711 ], [ 32.995420003295479, 46.846112500996604 ], [ 32.992855217610661, 46.846385255569395 ] ] ], [ [ [ 33.093095353270883, 46.84829473302014 ], [ 33.092694577157943, 46.846535643932377 ], [ 33.085002836924261, 46.847360283007738 ], [ 33.085403373427305, 46.849119422499513 ], [ 33.077711054429805, 46.849943606009447 ], [ 33.078111388946205, 46.851702792706732 ], [ 33.08067561284529, 46.851428104303167 ], [ 33.081076064930329, 46.85318727104066 ], [ 33.099025136143709, 46.851262760373025 ], [ 33.09862412487071, 46.84950371125975 ], [ 33.093095353270883, 46.84829473302014 ] ] ], [ [ [ 33.057995975140784, 46.855657593258982 ], [ 33.078511761129704, 46.853461976234605 ], [ 33.078111388946205, 46.851702792706732 ], [ 33.057596242327193, 46.853898275525495 ], [ 33.057995975140784, 46.855657593258982 ] ] ], [ [ [ 33.043406174537466, 46.860820770661789 ], [ 33.051101033291395, 46.859998748131289 ], [ 33.050701465120873, 46.858239386441007 ], [ 33.05839574556969, 46.857416907831229 ], [ 33.057995975140784, 46.855657593258982 ], [ 33.055431332549482, 46.85593179228875 ], [ 33.05503167967683, 46.854172457794277 ], [ 33.037078688607636, 46.856090158611735 ], [ 33.037477781771251, 46.857849610341638 ], [ 33.040042687473139, 46.857575805115822 ], [ 33.043406174537466, 46.860820770661789 ] ] ], [ [ [ 33.805489272909199, 46.915562550508852 ], [ 33.805064271705973, 46.913808310699842 ], [ 33.802504234481091, 46.914099499452519 ], [ 33.802079352410594, 46.912345238399972 ], [ 33.796534633016655, 46.91117311272189 ], [ 33.795685385195391, 46.907664502189178 ], [ 33.790141259700896, 46.906492000606235 ], [ 33.789292567886932, 46.9029832982133 ], [ 33.786732885842568, 46.903274083397875 ], [ 33.785884511781731, 46.899765331613686 ], [ 33.783324948311495, 46.900056025478115 ], [ 33.78205292343835, 46.894792818520664 ], [ 33.779493557723775, 46.895083403364225 ], [ 33.778222128580154, 46.889820111940068 ], [ 33.775662960593941, 46.89011058778982 ], [ 33.772274866018428, 46.876074849333342 ], [ 33.769716291388647, 46.876365127719851 ], [ 33.769293037545353, 46.874610627078177 ], [ 33.771851533064655, 46.874320366387636 ], [ 33.768466299440405, 46.860284377787188 ], [ 33.771024122626798, 46.859994202823337 ], [ 33.770178053194542, 46.856485206331953 ], [ 33.767620388089469, 46.856775345918663 ], [ 33.76719749194698, 46.85502082477867 ], [ 33.749293278697621, 46.857050115797634 ], [ 33.74887097553092, 46.855295467477028 ], [ 33.746313151248408, 46.85558512532392 ], [ 33.747157639088897, 46.859094453824198 ], [ 33.744599617046752, 46.859384091179884 ], [ 33.745866408804218, 46.864648110949055 ], [ 33.743308109866575, 46.864937745460971 ], [ 33.742438749011463, 46.872246109984161 ], [ 33.737743505238868, 46.874579964208415 ], [ 33.73858799462954, 46.878089400071602 ], [ 33.741146966410611, 46.877799809476045 ], [ 33.744550863174155, 46.881019514413566 ], [ 33.749668925085878, 46.88043998329902 ], [ 33.750091625236124, 46.882194618463558 ], [ 33.75265067583571, 46.88190475145263 ], [ 33.753073494838965, 46.883659365478501 ], [ 33.755632584909876, 46.88336942493649 ], [ 33.756055522779896, 46.885124017817837 ], [ 33.758614652312922, 46.884834003739428 ], [ 33.759037709063435, 46.886588575470483 ], [ 33.761596878049374, 46.886298487850453 ], [ 33.762020053694137, 46.888053038425355 ], [ 33.764579262123775, 46.887762877258396 ], [ 33.765002556676563, 46.889517406671388 ], [ 33.770544505304599, 46.890691371920774 ], [ 33.771391609890124, 46.894200342588675 ], [ 33.776934152213897, 46.895373932344981 ], [ 33.777781812228369, 46.898882811323503 ], [ 33.780341376121747, 46.898592246916493 ], [ 33.781189353737865, 46.902101076547588 ], [ 33.783749036228457, 46.901810420834195 ], [ 33.785021538921725, 46.907073586008089 ], [ 33.787581419232005, 46.906782821247532 ], [ 33.788854518138095, 46.912045901888334 ], [ 33.791414596295382, 46.911755028053534 ], [ 33.794811914820279, 46.925789614476002 ], [ 33.797372587216827, 46.925498542828805 ], [ 33.798222474341102, 46.929007119054113 ], [ 33.800783265416541, 46.92871595599663 ], [ 33.79950825672443, 46.923453139668879 ], [ 33.802068770024533, 46.9231619739517 ], [ 33.801218805244574, 46.919653447773932 ], [ 33.803779120104409, 46.919362261657838 ], [ 33.80292915645046, 46.915853757013252 ], [ 33.805489272909199, 46.915562550508852 ] ] ], [ [ [ 33.796511531514106, 46.93280682395006 ], [ 33.79907252112654, 46.932515681313802 ], [ 33.798222474341102, 46.929007119054113 ], [ 33.795661643350378, 46.929298226193602 ], [ 33.796511531514106, 46.93280682395006 ] ] ], [ [ [ 34.282915298032634, 46.993615064918302 ], [ 34.285474147490284, 46.99331275516149 ], [ 34.28503229780749, 46.991561945462905 ], [ 34.287591026899669, 46.991259598388432 ], [ 34.289265823928474, 46.987455638639474 ], [ 34.294382759246915, 46.986850739565178 ], [ 34.296056966692291, 46.983046745055411 ], [ 34.301173337741155, 46.982441585451724 ], [ 34.30073114323644, 46.980690885973367 ], [ 34.298173057295138, 46.980993475206127 ], [ 34.297288950377826, 46.977492028247468 ], [ 34.294730980651757, 46.977794524981576 ], [ 34.293847197222789, 46.974293026312445 ], [ 34.291289343710822, 46.9745954305629 ], [ 34.286082038620954, 46.964392973040155 ], [ 34.283524575136909, 46.96469515559086 ], [ 34.279994976608542, 46.95068839218446 ], [ 34.27743810191182, 46.950990372035911 ], [ 34.276997166982348, 46.949239491518313 ], [ 34.279553962937086, 46.948937530041427 ], [ 34.276027341745845, 46.934930499240309 ], [ 34.263246097454832, 46.936439015731978 ], [ 34.263686386977469, 46.938189999367559 ], [ 34.258573442843861, 46.938793053343915 ], [ 34.258133310749344, 46.937042033012638 ], [ 34.237680513916523, 46.939451877001986 ], [ 34.237241052935097, 46.937700706322211 ], [ 34.22146124967513, 46.937754358329848 ], [ 34.221022343604417, 46.936003070427809 ], [ 34.215908710636214, 46.936604197457932 ], [ 34.215470003246594, 46.934852869286196 ], [ 34.210356363259898, 46.935453737137713 ], [ 34.209917854538475, 46.933702368714037 ], [ 34.204365897546026, 46.932551568738042 ], [ 34.20524255878248, 46.936054382376447 ], [ 34.207799481579123, 46.935754087584847 ], [ 34.208237952643294, 46.937505470609651 ], [ 34.213351832437205, 46.936904677496656 ], [ 34.213790502190662, 46.93865602027433 ], [ 34.216347459166848, 46.938355521946917 ], [ 34.216786248843256, 46.940106842752797 ], [ 34.219343243452876, 46.93980627047749 ], [ 34.219782153065815, 46.941557569305651 ], [ 34.22233918529934, 46.941256923077262 ], [ 34.22277821486238, 46.94300819992187 ], [ 34.225335284710283, 46.942707479735262 ], [ 34.225774434236989, 46.944458734590377 ], [ 34.228331541689727, 46.94415794044037 ], [ 34.228770811193691, 46.945909173300151 ], [ 34.231327956241728, 46.945608305181587 ], [ 34.231767345736529, 46.947359516040137 ], [ 34.237321258079547, 46.948508746728031 ], [ 34.238200558345348, 46.952011076710612 ], [ 34.243755059849825, 46.953159927081025 ], [ 34.244634922806007, 46.956662161577988 ], [ 34.247192413302464, 46.95636088687143 ], [ 34.248072598957322, 46.959863069903292 ], [ 34.250630205815561, 46.959561702848617 ], [ 34.251951030413167, 46.964814894617646 ], [ 34.254508832469739, 46.964513416853364 ], [ 34.255830265328399, 46.969766520253302 ], [ 34.258388262608925, 46.969464931752292 ], [ 34.261914533168849, 46.983472897575858 ], [ 34.264473120133296, 46.983171106494531 ], [ 34.265355259177277, 46.986673024131861 ], [ 34.262796514391525, 46.986974851947821 ], [ 34.266326094763478, 47.000982521005064 ], [ 34.263766677004696, 47.001284440060701 ], [ 34.264207981891929, 47.003035400362997 ], [ 34.269326933948989, 47.002431469752963 ], [ 34.268885471106451, 47.000680546204151 ], [ 34.279122562183993, 46.999472089594938 ], [ 34.278680824938277, 46.997721235872362 ], [ 34.281239915155645, 46.997419000773583 ], [ 34.282915298032634, 46.993615064918302 ] ] ], [ [ [ 33.922606759505165, 47.060818118175256 ], [ 33.923037803923222, 47.062571490615916 ], [ 33.925603705968847, 47.062276903306817 ], [ 33.925172581852756, 47.060523548821365 ], [ 33.922606759505165, 47.060818118175256 ] ] ], [ [ [ 34.032339057823442, 47.120284444554265 ], [ 34.034906602787139, 47.119987133465735 ], [ 34.034471018146618, 47.11823456834572 ], [ 34.037038442337249, 47.117937219234989 ], [ 34.036602818887772, 47.116184668614387 ], [ 34.039170122314871, 47.11588728148908 ], [ 34.038734460070273, 47.114134745369213 ], [ 34.041301642743406, 47.113837320236975 ], [ 34.040865941717463, 47.112084798619129 ], [ 34.043433003646179, 47.111787335487591 ], [ 34.042997263852747, 47.110034828373081 ], [ 34.045564205046574, 47.109737327249846 ], [ 34.047259429680949, 47.105934817428746 ], [ 34.052392788190382, 47.105339607158946 ], [ 34.054087416091406, 47.101537059593838 ], [ 34.059220209783369, 47.100941585295054 ], [ 34.058784116990417, 47.099189186995204 ], [ 34.063916587276339, 47.09859352464165 ], [ 34.063480376156313, 47.096841159003205 ], [ 34.071178534926695, 47.09594729934669 ], [ 34.070742125876976, 47.094194984532848 ], [ 34.075437339989449, 47.091846551938268 ], [ 34.074564408561052, 47.088341976775389 ], [ 34.079258944712123, 47.085993454340219 ], [ 34.078385941111307, 47.082488930014193 ], [ 34.080951190541519, 47.082190767575774 ], [ 34.082643241196749, 47.078388082892211 ], [ 34.067252330307582, 47.0801763352816 ], [ 34.067688411217745, 47.0819286791453 ], [ 34.062557620363123, 47.082524351271815 ], [ 34.062121698636545, 47.080771971120576 ], [ 34.041597533215494, 47.083152272523648 ], [ 34.041162289340981, 47.081399743732611 ], [ 34.025333198856636, 47.081429865560651 ], [ 34.024898514591577, 47.079677220924104 ], [ 34.01976705095921, 47.080270954286817 ], [ 34.019332566846366, 47.078518269864759 ], [ 34.014201099083344, 47.079111742777393 ], [ 34.013766815109356, 47.077359018587686 ], [ 34.006069546153746, 47.078248753184653 ], [ 34.006503591163074, 47.080001531590824 ], [ 34.003937673543732, 47.0802980157045 ], [ 34.003503708198778, 47.078545219232616 ], [ 33.982975536097541, 47.08091492856267 ], [ 33.982542248989965, 47.079161984090014 ], [ 33.974843750977683, 47.080049645438486 ], [ 33.974410743710884, 47.078296643281604 ], [ 33.966712118301352, 47.079183745649495 ], [ 33.966279390871755, 47.077430685844611 ], [ 33.955581938231042, 47.076859496057288 ], [ 33.952151190749163, 47.073648506622646 ], [ 33.947018801375762, 47.07423892258462 ], [ 33.946586794610326, 47.072485722452143 ], [ 33.944020618690644, 47.072780828284102 ], [ 33.943588732267031, 47.071027606592516 ], [ 33.941022595443869, 47.071322638333989 ], [ 33.940590829348245, 47.069569395089147 ], [ 33.938024731631067, 47.069864352745405 ], [ 33.937593085849599, 47.068111087953248 ], [ 33.935027027247841, 47.068405971529529 ], [ 33.934595501766722, 47.066652685195912 ], [ 33.932029482289842, 47.066947494697487 ], [ 33.931598077095231, 47.065194186828279 ], [ 33.926034870631923, 47.064030254229543 ], [ 33.926897321618, 47.067536945385314 ], [ 33.929463422237959, 47.067242248094736 ], [ 33.931620658280089, 47.07600882378361 ], [ 33.934187116982301, 47.075713980543867 ], [ 33.935482184943361, 47.080973829238332 ], [ 33.938048842305996, 47.080678875949275 ], [ 33.939776487297536, 47.087691885650628 ], [ 33.94234342313046, 47.087396804299779 ], [ 33.945801302583234, 47.101422508307444 ], [ 33.948368836245031, 47.101127226869671 ], [ 33.946666179186074, 47.1049288985568 ], [ 33.949233872535736, 47.104633581120474 ], [ 33.950099071625807, 47.10813992105961 ], [ 33.952666883981713, 47.1078445114454 ], [ 33.953099624451816, 47.109597658040627 ], [ 33.960803056756092, 47.108711038133819 ], [ 33.961236077529819, 47.11046412710656 ], [ 33.968939382697947, 47.109576947610307 ], [ 33.969372683778914, 47.111329978924275 ], [ 33.974508176416052, 47.110738209032277 ], [ 33.974941677966299, 47.112491200690165 ], [ 33.985646354797794, 47.113059830675283 ], [ 33.989082041945757, 47.116269385626381 ], [ 33.994217601943724, 47.115676685059604 ], [ 33.994651825669621, 47.11742953598074 ], [ 33.997219624227881, 47.117133083389966 ], [ 33.997653968654745, 47.118885912643798 ], [ 34.000221806186005, 47.118589385821565 ], [ 34.000656271327657, 47.120342193402173 ], [ 34.00322414782238, 47.120045592343232 ], [ 34.003658733692703, 47.12179837824474 ], [ 34.006226649141368, 47.12150170294381 ], [ 34.006661355754183, 47.123254467160336 ], [ 34.009229310147262, 47.122957717612167 ], [ 34.00966413751641, 47.12471046013777 ], [ 34.015235111237033, 47.125869459107498 ], [ 34.016105290023681, 47.129374853748857 ], [ 34.021676861659095, 47.130533472442842 ], [ 34.022547605619735, 47.13403877300675 ], [ 34.027684182046961, 47.13344440267629 ], [ 34.026813118633143, 47.129939174547459 ], [ 34.029381185657869, 47.129641941348616 ], [ 34.02851012646817, 47.12613673497777 ], [ 34.033210190437707, 47.123789600172444 ], [ 34.032339057823442, 47.120284444554265 ] ] ], [ [ [ 33.672057236600693, 47.159597710069342 ], [ 33.67463036985356, 47.159308299305984 ], [ 33.673781755922398, 47.155798149147763 ], [ 33.676354688288527, 47.155508717251273 ], [ 33.675506073465982, 47.15199858858329 ], [ 33.67807880498512, 47.151709135564431 ], [ 33.679802720011175, 47.147909554256714 ], [ 33.677230189299287, 47.148199028387118 ], [ 33.676805941439092, 47.146443969609471 ], [ 33.67123687377746, 47.145267615683252 ], [ 33.670388899487456, 47.141757410208228 ], [ 33.667816570429636, 47.142046644407493 ], [ 33.667392723599242, 47.140291518836364 ], [ 33.664820434979781, 47.14058067895742 ], [ 33.663973021892112, 47.13707038216301 ], [ 33.658405160472768, 47.135893273697484 ], [ 33.654139770060709, 47.129161351188408 ], [ 33.646423993384424, 47.130027614876703 ], [ 33.646846998261466, 47.131782888023444 ], [ 33.64170278708513, 47.132360150276405 ], [ 33.641279942950966, 47.130604841900229 ], [ 33.633563568467174, 47.131470259237041 ], [ 33.633986171452086, 47.133225620432924 ], [ 33.631413886570861, 47.133513997616539 ], [ 33.632681693307497, 47.138780113379759 ], [ 33.630109127369643, 47.139068486922497 ], [ 33.631377051346171, 47.144334624548385 ], [ 33.628804204267603, 47.144622994438485 ], [ 33.629649525223712, 47.148133770868995 ], [ 33.62707647738987, 47.148422119494384 ], [ 33.627921796786246, 47.151932917375341 ], [ 33.630495005566189, 47.151644533548058 ], [ 33.630917805518962, 47.15339990972987 ], [ 33.633491054921919, 47.153111451821509 ], [ 33.633913975221212, 47.154866806957358 ], [ 33.639483636518783, 47.156045002959985 ], [ 33.640329998483402, 47.15955562556919 ], [ 33.645900263820316, 47.160733444372354 ], [ 33.646747187233835, 47.16424397581941 ], [ 33.64932080061466, 47.163955112166342 ], [ 33.650168044772222, 47.167465594561442 ], [ 33.652741779239051, 47.167176639150853 ], [ 33.654013186657131, 47.172442283961857 ], [ 33.656587122742948, 47.17215321913632 ], [ 33.657859131486774, 47.177418779953236 ], [ 33.660433269219801, 47.177129605685366 ], [ 33.662130162973668, 47.184150234485131 ], [ 33.664704582952574, 47.183860933090926 ], [ 33.668977141552205, 47.190592007394606 ], [ 33.671551803799723, 47.190302522304016 ], [ 33.670277868021238, 47.185037256330197 ], [ 33.672852248483785, 47.184747767722804 ], [ 33.669456203439751, 47.170707047565067 ], [ 33.672029899583457, 47.170417643778094 ], [ 33.672057236600693, 47.159597710069342 ] ] ], [ [ [ 33.671551803799723, 47.190302522304016 ], [ 33.671976529157696, 47.192057604040734 ], [ 33.674551231944456, 47.191768044752159 ], [ 33.674126425994864, 47.190012980687449 ], [ 33.671551803799723, 47.190302522304016 ] ] ], [ [ [ 33.672826100049519, 47.195567757130107 ], [ 33.675400964040577, 47.195278162494184 ], [ 33.674976077958121, 47.193523105354537 ], [ 33.672401294572744, 47.193812682316207 ], [ 33.672826100049519, 47.195567757130107 ] ] ], [ [ [ 33.423257158281189, 47.291851656200016 ], [ 33.425839198507376, 47.291567237053322 ], [ 33.425421140946035, 47.289810504092998 ], [ 33.430584940132576, 47.289241529894881 ], [ 33.430166759404663, 47.287484828340482 ], [ 33.427584960911915, 47.287769326497717 ], [ 33.426748880684798, 47.284255878534161 ], [ 33.424167205339344, 47.284540285048038 ], [ 33.422913625251226, 47.279270035764526 ], [ 33.42033215436274, 47.279554333277467 ], [ 33.419079173562821, 47.274284001652987 ], [ 33.416497907102034, 47.274568190192561 ], [ 33.413159011291683, 47.260513685972889 ], [ 33.410578355517359, 47.260797678785046 ], [ 33.410161252229102, 47.259040833313996 ], [ 33.412741826767217, 47.258756857854799 ], [ 33.410239547243258, 47.248215818760379 ], [ 33.402499167288532, 47.249067262402754 ], [ 33.402082502168028, 47.247310358800327 ], [ 33.394342011504861, 47.24816123905704 ], [ 33.393925629341979, 47.246404280115371 ], [ 33.386185028224531, 47.247254596988256 ], [ 33.385768929013423, 47.245497582743937 ], [ 33.375032166953176, 47.244873386925839 ], [ 33.374616471187771, 47.243116296778759 ], [ 33.37203627864865, 47.243399342851781 ], [ 33.371620703368777, 47.241642232073815 ], [ 33.366460362929665, 47.242208119145651 ], [ 33.366044989333794, 47.24045097045348 ], [ 33.363464841454757, 47.240733811458817 ], [ 33.363049588313373, 47.238976642151904 ], [ 33.360469482412036, 47.23925940904622 ], [ 33.360054349710879, 47.237502219130384 ], [ 33.357474285796457, 47.237784911919164 ], [ 33.354064359739411, 47.234553088972866 ], [ 33.351484379826438, 47.234835633566867 ], [ 33.351899190482719, 47.236592881951239 ], [ 33.346738950665014, 47.237157835187887 ], [ 33.346324302437012, 47.235400552276708 ], [ 33.333423423509579, 47.236811854491144 ], [ 33.333837665586472, 47.238569223661699 ], [ 33.336418000920425, 47.238287059646495 ], [ 33.336832363388702, 47.240044408255024 ], [ 33.342407643191272, 47.241237185984701 ], [ 33.343236888959098, 47.244751797598575 ], [ 33.345817431789548, 47.244469394032315 ], [ 33.346232194709437, 47.24622667759823 ], [ 33.348812779604813, 47.245944199919506 ], [ 33.349227662984916, 47.247701462898533 ], [ 33.354803962788274, 47.248893527568214 ], [ 33.355634250706643, 47.252407967817398 ], [ 33.361211161439883, 47.253599656880198 ], [ 33.362042009937277, 47.257114008038386 ], [ 33.364622967579407, 47.25683112514038 ], [ 33.365454135722736, 47.260345428399724 ], [ 33.368035216672929, 47.260062454054065 ], [ 33.369282507427236, 47.265333832067419 ], [ 33.37186379299861, 47.26505074895843 ], [ 33.373111681440939, 47.270322045060311 ], [ 33.375693171662924, 47.270038853160486 ], [ 33.376525456571912, 47.273552999265455 ], [ 33.382105008485908, 47.274743408986659 ], [ 33.38293785485147, 47.278257465796621 ], [ 33.388518018183198, 47.279447499375934 ], [ 33.389351426222994, 47.282961466831502 ], [ 33.391933370412517, 47.282677851922173 ], [ 33.392767098777007, 47.286191771332604 ], [ 33.395349166298217, 47.285908064852741 ], [ 33.400434302243731, 47.296165771265358 ], [ 33.403016779238399, 47.295881846897238 ], [ 33.403434183351671, 47.297638729452601 ], [ 33.406016702292135, 47.297354730813375 ], [ 33.409434434048514, 47.30058436087689 ], [ 33.414599600160713, 47.300016009562668 ], [ 33.414181791455178, 47.298259203162146 ], [ 33.41676423385713, 47.297974959500095 ], [ 33.418510812275962, 47.294177105539653 ], [ 33.423675174000628, 47.293608403179803 ], [ 33.423257158281189, 47.291851656200016 ] ] ], [ [ [ 34.199794439583115, 47.187318024925538 ], [ 34.198910407814822, 47.183815284717419 ], [ 34.196341502659166, 47.184116578959127 ], [ 34.194656268257226, 47.18792063064641 ], [ 34.199794439583115, 47.187318024925538 ] ] ], [ [ [ 34.10051166788012, 47.213344096480476 ], [ 34.10182942382211, 47.218600286157951 ], [ 34.111675812917355, 47.215650604731721 ], [ 34.111236240499174, 47.213898614475369 ], [ 34.103522281060584, 47.214796860568327 ], [ 34.103082990336858, 47.213044811919282 ], [ 34.10051166788012, 47.213344096480476 ] ] ], [ [ [ 34.49991094173329, 47.416824124151468 ], [ 34.499455398261674, 47.415075003691832 ], [ 34.502032274810318, 47.414765780585931 ], [ 34.502487898703755, 47.416514882224419 ], [ 34.523102007291136, 47.414038916082134 ], [ 34.523558317394397, 47.415787863154527 ], [ 34.531288139670266, 47.414858388699635 ], [ 34.531744733950994, 47.416607275323472 ], [ 34.534321335676438, 47.416297318857623 ], [ 34.533408029413536, 47.412799579447956 ], [ 34.538104032967418, 47.410430735003835 ], [ 34.536277466363238, 47.403435344910832 ], [ 34.533701513164139, 47.403745282103351 ], [ 34.532332281001835, 47.398498642150869 ], [ 34.529756525721602, 47.398808466409356 ], [ 34.52610777427315, 47.384817104892626 ], [ 34.523532618244246, 47.385126722024339 ], [ 34.522165286220179, 47.379879840920957 ], [ 34.524740201517425, 47.379570280307043 ], [ 34.521095230202718, 47.365578577484399 ], [ 34.523669460944497, 47.365269111232976 ], [ 34.522303064339162, 47.360022215221683 ], [ 34.509432684209202, 47.361568701123772 ], [ 34.508977705276891, 47.359819633935025 ], [ 34.501255203292189, 47.360746793485781 ], [ 34.500800507737353, 47.358997666009728 ], [ 34.493077860754227, 47.35992426244276 ], [ 34.492623448575479, 47.358175074715895 ], [ 34.48187225874922, 47.357660406458329 ], [ 34.478390138176046, 47.354470313970815 ], [ 34.473241706529777, 47.355087050080066 ], [ 34.472788026802334, 47.353337715492344 ], [ 34.47021382705455, 47.35364598031925 ], [ 34.469760270258874, 47.351896623120851 ], [ 34.467186107972871, 47.352204812879656 ], [ 34.466732674095105, 47.350455433076583 ], [ 34.464158549280846, 47.35076354777248 ], [ 34.463705238307199, 47.349014145370766 ], [ 34.461131150974673, 47.349322185008937 ], [ 34.460677962891317, 47.347572760014579 ], [ 34.4581039130505, 47.347880724600223 ], [ 34.457650847843624, 47.346131277019261 ], [ 34.452049918332783, 47.344997510892064 ], [ 34.451144321999635, 47.341498521581094 ], [ 34.445543991257686, 47.340364368870333 ], [ 34.444638971475889, 47.336865281629812 ], [ 34.442065269583289, 47.33717283358952 ], [ 34.441160580609541, 47.333673693574276 ], [ 34.43858699642233, 47.333981151807031 ], [ 34.437230522933824, 47.328732356904958 ], [ 34.434657136593231, 47.329039702718454 ], [ 34.433301286756084, 47.323790817229472 ], [ 34.430728098236642, 47.324098050651237 ], [ 34.427115011856529, 47.310100704727894 ], [ 34.424542421581727, 47.310407732333502 ], [ 34.42363973538459, 47.306908320239643 ], [ 34.421067262741126, 47.307215254223749 ], [ 34.420616063455128, 47.305465523763544 ], [ 34.409875231775672, 47.304942813500567 ], [ 34.410326068310688, 47.306692622468482 ], [ 34.405180815948249, 47.307305834283184 ], [ 34.403509445989307, 47.311112074263995 ], [ 34.398363618544501, 47.311725023113233 ], [ 34.398814181931925, 47.313474913941135 ], [ 34.393668024491639, 47.314087674984577 ], [ 34.394118470053797, 47.315837599304537 ], [ 34.386398675272325, 47.316756374659619 ], [ 34.386848922809449, 47.318506351104169 ], [ 34.379128505825975, 47.319424675709051 ], [ 34.379578555256892, 47.321174704256038 ], [ 34.358988270135015, 47.323621241201899 ], [ 34.359437720300235, 47.325371414901653 ], [ 34.354289564965867, 47.325982523114284 ], [ 34.354738897001113, 47.32773273023011 ], [ 34.349590411822945, 47.328343650295203 ], [ 34.350039625685675, 47.330093890818581 ], [ 34.34231633967493, 47.331009904104214 ], [ 34.342765355041564, 47.332760196615752 ], [ 34.335041447356659, 47.333675758460089 ], [ 34.335490264146038, 47.335426102937525 ], [ 34.31746577060747, 47.33756057100144 ], [ 34.31970767714099, 47.346312886638358 ], [ 34.322283133391238, 47.346008038956242 ], [ 34.32273172188669, 47.34775847219111 ], [ 34.320156185257424, 47.348063338438415 ], [ 34.323745772736196, 47.362066816842898 ], [ 34.321169550503569, 47.362371775224673 ], [ 34.322516102608503, 47.36762307298946 ], [ 34.319939596686517, 47.367928030650738 ], [ 34.321286288313971, 47.373179350117937 ], [ 34.318709498617288, 47.373484307047661 ], [ 34.319607343708221, 47.376985204940723 ], [ 34.322184294408181, 47.376680210863157 ], [ 34.321735270190182, 47.374929782380782 ], [ 34.342348706859966, 47.372487946093777 ], [ 34.34189908117694, 47.370737662533706 ], [ 34.347051855606999, 47.370126676240908 ], [ 34.347501642192128, 47.37187692259306 ], [ 34.368111686511497, 47.369430571453442 ], [ 34.368562158973447, 47.371180665043191 ], [ 34.376290466297746, 47.37026229655271 ], [ 34.376741222469988, 47.372012330419707 ], [ 34.384469388553597, 47.371093398290718 ], [ 34.384920428438036, 47.372843372398464 ], [ 34.395675780126446, 47.37336716088361 ], [ 34.396127226668035, 47.375117052711879 ], [ 34.398703268003842, 47.374810347573472 ], [ 34.399154837502422, 47.376560216912026 ], [ 34.404306953239335, 47.375946600070002 ], [ 34.404758726101569, 47.377696428231296 ], [ 34.407334800480818, 47.377389516521646 ], [ 34.407786696329751, 47.379139322176798 ], [ 34.410362808499833, 47.378832335375428 ], [ 34.410814827349355, 47.380582118518383 ], [ 34.41339097730031, 47.380275056620093 ], [ 34.41384311916427, 47.382024817244861 ], [ 34.416419306886134, 47.381717680244407 ], [ 34.416871571778437, 47.383467418344999 ], [ 34.419447797261206, 47.3831602062372 ], [ 34.419900185195722, 47.384909921807562 ], [ 34.425505260394722, 47.386044965283261 ], [ 34.426410571191269, 47.389544302435453 ], [ 34.432016246974072, 47.390678959057688 ], [ 34.432922135561142, 47.394178198331659 ], [ 34.435498710530304, 47.393870573156669 ], [ 34.436404930813808, 47.397369759631317 ], [ 34.438981623915936, 47.3970620405765 ], [ 34.440341516126367, 47.402310735301278 ], [ 34.442918407806189, 47.402002903612157 ], [ 34.44427892612358, 47.407251507552068 ], [ 34.446856016406599, 47.406943563201004 ], [ 34.450486591433879, 47.420939521264785 ], [ 34.453064282827398, 47.420631370441782 ], [ 34.454426696380324, 47.425879734968426 ], [ 34.457004586507111, 47.425571471394115 ], [ 34.457458890562705, 47.427320899771182 ], [ 34.465192545407653, 47.426395713947372 ], [ 34.464737999783083, 47.424646341890274 ], [ 34.472471027256638, 47.423720704266344 ], [ 34.472016282996059, 47.421971384700349 ], [ 34.479748683021981, 47.421045295396425 ], [ 34.47929374020719, 47.419296028343695 ], [ 34.49991094173329, 47.416824124151468 ] ] ], [ [ [ 34.074411458165805, 47.510326639654913 ], [ 34.0769975277192, 47.510026527671876 ], [ 34.076554561889473, 47.508274379288729 ], [ 34.079140508120325, 47.507974228711021 ], [ 34.078697502762665, 47.506222094952818 ], [ 34.081283325680786, 47.505921905788178 ], [ 34.082982896053572, 47.502117454407994 ], [ 34.088154006793339, 47.50151686489945 ], [ 34.089852967996563, 47.497712374657581 ], [ 34.095023501793875, 47.497111517190007 ], [ 34.094580136305233, 47.495359493215936 ], [ 34.099750339725496, 47.494758444953966 ], [ 34.099306853485416, 47.493006453943721 ], [ 34.107061600136753, 47.492104510153588 ], [ 34.106617911877734, 47.490352570451336 ], [ 34.114372037088074, 47.489450170096958 ], [ 34.113928146891951, 47.487698281725372 ], [ 34.134603317008207, 47.485289527176121 ], [ 34.134158818696683, 47.483537781969964 ], [ 34.141911070713952, 47.482633616700369 ], [ 34.142355812722357, 47.484385306780197 ], [ 34.157859668941001, 47.482575332361669 ], [ 34.157414439672245, 47.480823752622328 ], [ 34.162581892799267, 47.480220010284668 ], [ 34.162136543239157, 47.478468463634556 ], [ 34.154385543989527, 47.479373936762741 ], [ 34.154830649992519, 47.481125538613711 ], [ 34.149662944435931, 47.481728940229623 ], [ 34.14921800082908, 47.479977301594339 ], [ 34.128546146790448, 47.482388489141435 ], [ 34.128101894958299, 47.480636699797827 ], [ 34.112153005659174, 47.480690691293624 ], [ 34.111709325214235, 47.478938784451337 ], [ 34.100929044891402, 47.478389447313241 ], [ 34.097458440888296, 47.475185933184243 ], [ 34.092290109807685, 47.475786692058314 ], [ 34.091847165754444, 47.474034642180669 ], [ 34.089263018663367, 47.474334918077702 ], [ 34.088820197729, 47.472582846207445 ], [ 34.086236090036131, 47.472883046978772 ], [ 34.085793392206504, 47.471130953121872 ], [ 34.083209323921693, 47.471431078772795 ], [ 34.082766749182682, 47.469678962935284 ], [ 34.080182720315761, 47.469979013471111 ], [ 34.079740268653254, 47.468226875659006 ], [ 34.077156279214037, 47.468526851085016 ], [ 34.076713950613886, 47.466774691304288 ], [ 34.074130000612215, 47.467074591625831 ], [ 34.073687795060309, 47.465322409882489 ], [ 34.071103884506009, 47.465622235104853 ], [ 34.067635971393308, 47.462417555882858 ], [ 34.065052139763196, 47.462717230922777 ], [ 34.065494018018583, 47.464469474848556 ], [ 34.062910063377721, 47.464769111347991 ], [ 34.062468266369656, 47.463016849150257 ], [ 34.04179577658546, 47.465411749436264 ], [ 34.041354671432458, 47.463659337521257 ], [ 34.033602043389664, 47.464556432720741 ], [ 34.033161223778265, 47.462803962436183 ], [ 34.017215040359524, 47.46284392555247 ], [ 34.018095662304781, 47.466349088437489 ], [ 34.020680163271706, 47.466050454600712 ], [ 34.024204967481616, 47.48007081443793 ], [ 34.026790077557862, 47.479771977969648 ], [ 34.027671858045274, 47.483276994957613 ], [ 34.025086585211298, 47.483575867883104 ], [ 34.026409324473008, 47.488833420652455 ], [ 34.028994841496676, 47.488534493032368 ], [ 34.029435919392185, 47.490286985080481 ], [ 34.032021476112575, 47.489987982333638 ], [ 34.032462677135022, 47.491740452487697 ], [ 34.038075233790266, 47.492894669846478 ], [ 34.038958170177992, 47.496399518881994 ], [ 34.044571336430103, 47.4975533516821 ], [ 34.045454849100935, 47.501058105726699 ], [ 34.048040767012296, 47.500758690744085 ], [ 34.048924609701487, 47.504263393604404 ], [ 34.051510648695107, 47.503963885186934 ], [ 34.052836970609825, 47.509220857170128 ], [ 34.055423212143786, 47.508921237028339 ], [ 34.05675015487391, 47.514178121164136 ], [ 34.059336598975371, 47.513878389270275 ], [ 34.061106767756513, 47.520887443586346 ], [ 34.068866826691611, 47.519987686907712 ], [ 34.067981169651489, 47.516483276844774 ], [ 34.070567609231723, 47.516183280692168 ], [ 34.070124762070847, 47.514431088441981 ], [ 34.07271107829893, 47.514131053671491 ], [ 34.074411458165805, 47.510326639654913 ] ] ], [ [ [ 34.298792076130496, 47.482253724005787 ], [ 34.296209716463984, 47.482558702088525 ], [ 34.295759889554525, 47.480808117535581 ], [ 34.293177568400367, 47.481113020347557 ], [ 34.2922782040173, 47.477611802750452 ], [ 34.286664301771751, 47.476470712406979 ], [ 34.285765516099268, 47.472969397873676 ], [ 34.283183472514352, 47.473274037779753 ], [ 34.278804972126899, 47.46657579818789 ], [ 34.273641320643414, 47.467184646166416 ], [ 34.274090198681058, 47.468935394624829 ], [ 34.266344160598493, 47.469848297127676 ], [ 34.266792838073066, 47.471599097444411 ], [ 34.261628438797842, 47.472207452744847 ], [ 34.2620769966409, 47.473958286367001 ], [ 34.264659298473674, 47.473654118529964 ], [ 34.265107979703565, 47.475404929854008 ], [ 34.267690320168455, 47.475100686781865 ], [ 34.268139124799212, 47.476851475801794 ], [ 34.270721503886278, 47.476547157489314 ], [ 34.271170431931957, 47.47829792419909 ], [ 34.273752849631215, 47.477993530640994 ], [ 34.274201901105833, 47.479744275034605 ], [ 34.276784357407365, 47.479439806225642 ], [ 34.277233532324956, 47.481190528297027 ], [ 34.282847859069562, 47.482332064648638 ], [ 34.283746745216256, 47.485833415691999 ], [ 34.289361677735315, 47.486974565390241 ], [ 34.290261142838162, 47.490475819501519 ], [ 34.292843954076133, 47.490170937208653 ], [ 34.293743751239006, 47.493672139050801 ], [ 34.296326682073357, 47.493367162885079 ], [ 34.297676939819389, 47.498618881542171 ], [ 34.300260071317147, 47.498313792899879 ], [ 34.299359694841591, 47.494812688086256 ], [ 34.301942621689122, 47.494507579903782 ], [ 34.300592132783848, 47.489255950074366 ], [ 34.303174773994286, 47.488950840952448 ], [ 34.301824424704094, 47.483699232837509 ], [ 34.29924202653519, 47.484004286196274 ], [ 34.298792076130496, 47.482253724005787 ] ] ], [ [ [ 34.460248079048512, 47.68314773987332 ], [ 34.465428990488256, 47.682528383917152 ], [ 34.468936964152626, 47.685717157521864 ], [ 34.474117941619724, 47.685097384175393 ], [ 34.473658965091154, 47.683348155345968 ], [ 34.471068579716146, 47.683658051631191 ], [ 34.467560654691866, 47.680469346109426 ], [ 34.459789597571472, 47.681398408915037 ], [ 34.460248079048512, 47.68314773987332 ] ] ], [ [ [ 34.487988524561999, 47.687045210774997 ], [ 34.48280765517908, 47.687665629473486 ], [ 34.479298745294585, 47.684477382906842 ], [ 34.474117941619724, 47.685097384175393 ], [ 34.474576961596341, 47.686846609116209 ], [ 34.477167466801326, 47.686536618086976 ], [ 34.477626611878179, 47.688285820253569 ], [ 34.480217155264853, 47.687975753354571 ], [ 34.48067642545606, 47.68972493274083 ], [ 34.483267007014156, 47.68941478996684 ], [ 34.483726402333836, 47.69116394656664 ], [ 34.486317022053122, 47.690853727912398 ], [ 34.486776542515408, 47.692602861719642 ], [ 34.489367200385608, 47.692292567179933 ], [ 34.48982684600464, 47.694041678188498 ], [ 34.492417542015502, 47.693731307758043 ], [ 34.492877312805383, 47.69548039596183 ], [ 34.495468046946648, 47.695169949635407 ], [ 34.498978736356889, 47.698357535376537 ], [ 34.504160313541647, 47.6977362821208 ], [ 34.502779890776402, 47.692489256209058 ], [ 34.500189368892684, 47.692799854565436 ], [ 34.499269468056113, 47.689301779936116 ], [ 34.494088620201836, 47.689922730057766 ], [ 34.493628898329725, 47.688173649066989 ], [ 34.488448039669422, 47.68879433347275 ], [ 34.487988524561999, 47.687045210774997 ] ] ], [ [ [ 34.131453372316976, 48.822769630458424 ], [ 34.13410566900842, 48.822462058735141 ], [ 34.133639852930365, 48.820710712652954 ], [ 34.130987643623087, 48.821018265530505 ], [ 34.131453372316976, 48.822769630458424 ] ] ], [ [ [ 34.128801030716353, 48.823077142578171 ], [ 34.12926671692199, 48.824828522497974 ], [ 34.131919145919987, 48.824520991534669 ], [ 34.131453372316976, 48.822769630458424 ], [ 34.128801030716353, 48.823077142578171 ] ] ], [ [ [ 34.127079886719024, 48.826887388762216 ], [ 34.129732448034517, 48.826579898566976 ], [ 34.12926671692199, 48.824828522497974 ], [ 34.126614243017094, 48.825135993851816 ], [ 34.127079886719024, 48.826887388762216 ] ] ], [ [ [ 34.127079886719024, 48.826887388762216 ], [ 34.121774629381861, 48.827502190303832 ], [ 34.122240143135393, 48.829253619039349 ], [ 34.127545575325605, 48.828638779822661 ], [ 34.127079886719024, 48.826887388762216 ] ] ], [ [ [ 34.170256393215922, 44.776686879223675 ], [ 34.169850892958003, 44.774934570511405 ], [ 34.177231052562, 44.774067876978513 ], [ 34.176825378361997, 44.772315617485873 ], [ 34.184204993664935, 44.771448512740626 ], [ 34.183799145590825, 44.76969630248842 ], [ 34.203475926623398, 44.767381896412502 ], [ 34.203069553395579, 44.765629823319308 ], [ 34.205528913886802, 44.765340308310343 ], [ 34.205935357371978, 44.767092363815095 ], [ 34.223150333360458, 44.765064193404562 ], [ 34.22274339818744, 44.763312261101426 ], [ 34.242414865914249, 44.760991403232204 ], [ 34.244058609570757, 44.757197506549176 ], [ 34.241599983760125, 44.757487810185658 ], [ 34.241192598456294, 44.755736008463984 ], [ 34.236275375660036, 44.75631642606379 ], [ 34.235868167882664, 44.754564585622703 ], [ 34.233409570915136, 44.754854699591625 ], [ 34.233002470473672, 44.753102838066155 ], [ 34.230543906530272, 44.753392882944269 ], [ 34.230136913412892, 44.751641000339724 ], [ 34.227678382501757, 44.751930976131867 ], [ 34.227271496696652, 44.750179072453605 ], [ 34.224812998825861, 44.750468979164523 ], [ 34.224406220321221, 44.748717054417924 ], [ 34.221947755498924, 44.749006892052428 ], [ 34.221541084282919, 44.747254946242847 ], [ 34.216217689877006, 44.74608244743456 ], [ 34.215404813619784, 44.742578468142455 ], [ 34.210081943426701, 44.7414056123514 ], [ 34.209269570277058, 44.737901541984698 ], [ 34.206811411129536, 44.738190999138297 ], [ 34.202729474468036, 44.731472082060201 ], [ 34.185523028350765, 44.733495989007338 ], [ 34.185928416858914, 44.735248197832817 ], [ 34.183470134940372, 44.735537139111884 ], [ 34.183064816597415, 44.733784912732176 ], [ 34.158480665708183, 44.736671318992869 ], [ 34.158885282176982, 44.738423720752166 ], [ 34.151509105890398, 44.739288691279555 ], [ 34.151913548633217, 44.741041142170033 ], [ 34.144536829416822, 44.741905701759968 ], [ 34.144941098365862, 44.743658201760795 ], [ 34.125267661823393, 44.745961567546324 ], [ 34.125671405552183, 44.747714204097917 ], [ 34.123211989777857, 44.748001910460111 ], [ 34.122808316332893, 44.746249256425131 ], [ 34.103132226236625, 44.748548912268596 ], [ 34.102729152011754, 44.746796115067731 ], [ 34.095350221742606, 44.747657583217013 ], [ 34.09494739525487, 44.745904730255852 ], [ 34.092487748578804, 44.7461917657659 ], [ 34.092890504746272, 44.747944636172896 ], [ 34.090430750973198, 44.748231637578307 ], [ 34.091236232976023, 44.751737403077733 ], [ 34.086718989237944, 44.754064233520353 ], [ 34.085869622285529, 44.761362818462182 ], [ 34.088329978873887, 44.76107584965451 ], [ 34.088732818240523, 44.76282874518801 ], [ 34.091193208421629, 44.762541707357727 ], [ 34.091596154965146, 44.764294582044442 ], [ 34.094056578730928, 44.764007475186723 ], [ 34.09445963246322, 44.76576032902129 ], [ 34.096920089805643, 44.76547315313131 ], [ 34.100187009795029, 44.768691553295568 ], [ 34.107568472692947, 44.76782945664533 ], [ 34.107971988837555, 44.769582212958511 ], [ 34.115353331228157, 44.768719599688843 ], [ 34.115757095375329, 44.770472300167825 ], [ 34.123138317043527, 44.769609170279566 ], [ 34.123542329196617, 44.7713618148912 ], [ 34.133788053541913, 44.771962754289611 ], [ 34.134192420991432, 44.77371532207939 ], [ 34.136652817884134, 44.773427250199809 ], [ 34.137057292632697, 44.775179797062812 ], [ 34.141978116338521, 44.7746034635786 ], [ 34.142382768766488, 44.776355971996956 ], [ 34.144843195561563, 44.776067710386677 ], [ 34.145247955314183, 44.777820197863569 ], [ 34.147708415515453, 44.777531867165195 ], [ 34.148113282604591, 44.77928433369528 ], [ 34.150573776203984, 44.778995933904042 ], [ 34.150978750641535, 44.78074837948197 ], [ 34.153439277630937, 44.780459910593024 ], [ 34.156710108970032, 44.78367620087954 ], [ 34.159170702715215, 44.783387593780724 ], [ 34.16082063663476, 44.779594194508178 ], [ 34.170256393215922, 44.776686879223675 ] ] ], [ [ [ 34.466098570796312, 44.905351156971108 ], [ 34.468561196435196, 44.90505526236354 ], [ 34.468144820358184, 44.903305154568436 ], [ 34.470607337532762, 44.903009226324663 ], [ 34.470190929051164, 44.90125913290688 ], [ 34.472653337769763, 44.900963171033887 ], [ 34.472236896895382, 44.899213091994639 ], [ 34.474699197166338, 44.898917096499467 ], [ 34.474282723911017, 44.897167031839963 ], [ 34.47674491574265, 44.896871002729647 ], [ 34.476328410118178, 44.895120952451109 ], [ 34.478790493518822, 44.894824889732682 ], [ 34.480419360187724, 44.891028736003804 ], [ 34.485343055273852, 44.890436424618905 ], [ 34.486971397025123, 44.886640245637921 ], [ 34.491894582405145, 44.886047696836414 ], [ 34.491477774426997, 44.884297754432694 ], [ 34.496400666912578, 44.883705035422452 ], [ 34.495983756329977, 44.881955125392942 ], [ 34.503367598608918, 44.88106571432909 ], [ 34.50295051515009, 44.879315854671759 ], [ 34.510333803831614, 44.878426033859085 ], [ 34.509916547565247, 44.876676224594462 ], [ 34.529603078773626, 44.874301246604027 ], [ 34.529185298475454, 44.872551577824389 ], [ 34.531645873088706, 44.872254491842227 ], [ 34.53206372363298, 44.874004142598722 ], [ 34.551747508972966, 44.871625456950085 ], [ 34.552165959522817, 44.87337495980308 ], [ 34.567346526058707, 44.873338066023841 ], [ 34.567765474289644, 44.875087453290327 ], [ 34.572686001502731, 44.874491541028355 ], [ 34.573105128378351, 44.87624088852921 ], [ 34.578025642997773, 44.875644734237959 ], [ 34.577606375729104, 44.873895422894684 ], [ 34.582526596921731, 44.873299098906806 ], [ 34.582107227546935, 44.871549820106658 ], [ 34.589487061779273, 44.870655002459451 ], [ 34.589067520172641, 44.868905774303158 ], [ 34.596446799392098, 44.868010547905229 ], [ 34.596027085622381, 44.866261370413262 ], [ 34.593567434315126, 44.86655981255506 ], [ 34.592308733141273, 44.861312203997173 ], [ 34.589849253954327, 44.861610540413032 ], [ 34.586494962087947, 44.847616613217738 ], [ 34.584036005493751, 44.847914753506572 ], [ 34.583616961193734, 44.846165478208071 ], [ 34.586075847706681, 44.845867356001278 ], [ 34.584399772449466, 44.838870290891514 ], [ 34.581941166202888, 44.839168340780645 ], [ 34.581522312986621, 44.837419047367305 ], [ 34.576605125990504, 44.838014956808088 ], [ 34.576186451083103, 44.836265623630233 ], [ 34.568810594348136, 44.837159048106727 ], [ 34.568392167799729, 44.835409657120664 ], [ 34.563474879247615, 44.836004980321071 ], [ 34.563056630988648, 44.83425554961002 ], [ 34.555680622229545, 44.835148094738145 ], [ 34.556098660272909, 44.836897579590861 ], [ 34.553639844332409, 44.837195009863848 ], [ 34.554057850426936, 44.838944509148398 ], [ 34.551598926264838, 44.839241906048741 ], [ 34.552016900398769, 44.840991419763917 ], [ 34.549557868006751, 44.841288783284604 ], [ 34.547934579715573, 44.84508518413606 ], [ 34.543016043837362, 44.84567972618418 ], [ 34.541392232667718, 44.849476102573632 ], [ 34.536473187520251, 44.850070408106959 ], [ 34.536890861369884, 44.851820030010629 ], [ 34.531971523463234, 44.852414165796695 ], [ 34.532389095092825, 44.854163820140407 ], [ 34.525009591952809, 44.855054691948702 ], [ 34.525426991139099, 44.856804396737189 ], [ 34.518046934617907, 44.857694859389611 ], [ 34.518464161292314, 44.859444614602374 ], [ 34.498781773915383, 44.861817060614058 ], [ 34.499198476826905, 44.863566956172114 ], [ 34.494277359044368, 44.864159588735546 ], [ 34.493860796634898, 44.862409657221463 ], [ 34.474175367181921, 44.864777983545608 ], [ 34.473759404919917, 44.863027904747476 ], [ 34.458578657014506, 44.863051688222669 ], [ 34.458163192385072, 44.861301494633103 ], [ 34.447904353684422, 44.860732700883617 ], [ 34.444613369189931, 44.857527338691135 ], [ 34.439691641230503, 44.85811755655098 ], [ 34.43927682028243, 44.856367223269103 ], [ 34.436815969795937, 44.856662237006162 ], [ 34.436401257012271, 44.854911882259444 ], [ 34.433940438965898, 44.855206826570438 ], [ 34.433525834334858, 44.853456450364284 ], [ 34.431065048736862, 44.853751325253995 ], [ 34.430650552246618, 44.852000927593799 ], [ 34.425314690067701, 44.850840050019592 ], [ 34.426143364023218, 44.854340920459208 ], [ 34.423682464919381, 44.854635640770347 ], [ 34.422878767304987, 44.861932150863915 ], [ 34.418370481064713, 44.864271964090847 ], [ 34.419199121970529, 44.867772927853267 ], [ 34.416737579183973, 44.868067567182351 ], [ 34.417151886016967, 44.869818061616165 ], [ 34.414690235027507, 44.870112667265673 ], [ 34.415104509313444, 44.871863176027617 ], [ 34.412642750112781, 44.872157747990506 ], [ 34.413056991839852, 44.873908271079365 ], [ 34.410595124419721, 44.874202809348596 ], [ 34.411009333576089, 44.875953346763126 ], [ 34.408547357928192, 44.876247851331705 ], [ 34.408961534502041, 44.877998403070706 ], [ 34.406499450618107, 44.878292873931578 ], [ 34.406913594597597, 44.880043439993827 ], [ 34.404451402469348, 44.880337877139986 ], [ 34.402817292217037, 44.88413345565364 ], [ 34.397892437118934, 44.884722143444172 ], [ 34.396257801085127, 44.888517695893661 ], [ 34.39133243728115, 44.889106145492512 ], [ 34.391746277157807, 44.890856818871896 ], [ 34.38230840974969, 44.893783911313925 ], [ 34.384790777552197, 44.904288284407777 ], [ 34.382327323648752, 44.904582368079033 ], [ 34.382346714089884, 44.915380859894881 ], [ 34.399593325214539, 44.913320801040562 ], [ 34.39917892301527, 44.911570191636798 ], [ 34.404106044414938, 44.910981174221831 ], [ 34.404520587713492, 44.912731747873153 ], [ 34.424228122233927, 44.910373469370008 ], [ 34.424643267686001, 44.912123896332858 ], [ 34.432033179109716, 44.911238636168527 ], [ 34.432448574042041, 44.912989005842576 ], [ 34.439838355482685, 44.912103227260815 ], [ 34.440253999897557, 44.913853539612823 ], [ 34.450522756645874, 44.914421944098706 ], [ 34.453818114049326, 44.917626766488397 ], [ 34.461207829786794, 44.916739533689523 ], [ 34.460375223036053, 44.913239213835432 ], [ 34.464884840835509, 44.910897409620787 ], [ 34.464052180345391, 44.907397140106625 ], [ 34.466514914456887, 44.907101279142303 ], [ 34.466098570796312, 44.905351156971108 ] ] ], [ [ [ 35.983580933741088, 45.200280188459459 ], [ 35.986039657472375, 45.199949998358804 ], [ 35.989432704337325, 45.203096278100723 ], [ 35.994350217223477, 45.202435562910956 ], [ 35.994939514665035, 45.195152308517244 ], [ 35.987564143124018, 45.196143218993953 ], [ 35.988031219647645, 45.197881490249394 ], [ 35.983113953714643, 45.198541881719109 ], [ 35.983580933741088, 45.200280188459459 ] ] ], [ [ [ 36.24395447236752, 45.220831944016339 ], [ 36.244905092773926, 45.224304260625907 ], [ 36.250294014542035, 45.225368416842336 ], [ 36.245935745077702, 45.218759887682943 ], [ 36.241022665699667, 45.219431619479607 ], [ 36.241497841849743, 45.221167804674366 ], [ 36.24395447236752, 45.220831944016339 ] ] ], [ [ [ 34.790406768808381, 45.874410647278239 ], [ 34.792908406427337, 45.874102719992948 ], [ 34.792467555407008, 45.87235530869512 ], [ 34.789965991471909, 45.872663217315981 ], [ 34.790406768808381, 45.874410647278239 ] ] ], [ [ [ 34.694735072424322, 46.048303186741222 ], [ 34.697245576576428, 46.047996465315556 ], [ 34.697993929000148, 46.040697446623206 ], [ 34.702573562945673, 46.038335851490018 ], [ 34.701692535575908, 46.034839773607239 ], [ 34.704202355495504, 46.034532968130193 ], [ 34.703761828487124, 46.032784942082934 ], [ 34.706271533236972, 46.032478101660431 ], [ 34.70583097254692, 46.03073009041276 ], [ 34.708340562136222, 46.030423215052096 ], [ 34.707899967777074, 46.02867521860518 ], [ 34.710409442214988, 46.02836830831361 ], [ 34.709968814199335, 46.026620326668642 ], [ 34.712478173495043, 46.026313381453463 ], [ 34.712037511835433, 46.024565414611651 ], [ 34.714546755998128, 46.024258434480132 ], [ 34.7161744608362, 46.020455530170054 ], [ 34.721192447929475, 46.019841376767943 ], [ 34.722819598675663, 46.016038445624027 ], [ 34.727837043838754, 46.015424045658165 ], [ 34.727396065495121, 46.013676190106274 ], [ 34.732413198939774, 46.013061613401 ], [ 34.73197211274065, 46.011313791297866 ], [ 34.739497284151312, 46.010391580960672 ], [ 34.739056015846948, 46.008643810957054 ], [ 34.74407244426844, 46.008028773934726 ], [ 34.743631068201779, 46.006281037400875 ], [ 34.746139146945382, 46.005973457324302 ], [ 34.745256368678788, 46.002478010081987 ], [ 34.749830630315849, 46.000115072076945 ], [ 34.748947799863387, 45.996619676488542 ], [ 34.751455384999787, 45.996312029287203 ], [ 34.751013956747258, 45.994564344407245 ], [ 34.753521426872368, 45.994256662412866 ], [ 34.753079965207569, 45.992508992361401 ], [ 34.755587320330591, 45.99220127558123 ], [ 34.755145825266041, 45.990453620359432 ], [ 34.757653065396148, 45.990145868800766 ], [ 34.757211536944389, 45.988398228409778 ], [ 34.759718662090762, 45.988090442079894 ], [ 34.759277100264285, 45.986342816520938 ], [ 34.761784110436089, 45.986034995427055 ], [ 34.761342515247435, 45.98428738470129 ], [ 34.763849410453872, 45.98397952885071 ], [ 34.763407781915539, 45.982231932959294 ], [ 34.765914562165754, 45.981924042359282 ], [ 34.76547290029027, 45.980176461303408 ], [ 34.767979565593471, 45.979868535961209 ], [ 34.767537870393333, 45.978120969742065 ], [ 34.770044420758673, 45.977813009664928 ], [ 34.76960269224638, 45.976065458283671 ], [ 34.772109127683052, 45.975757463478907 ], [ 34.773731891289223, 45.971954375709579 ], [ 34.77874426168426, 45.971338193848261 ], [ 34.780366473405941, 45.967535080005824 ], [ 34.78537830256122, 45.966918652600562 ], [ 34.784936259558684, 45.965171212794715 ], [ 34.789947777277369, 45.96455460929252 ], [ 34.789505627018521, 45.962807203025996 ], [ 34.797022375168282, 45.961881953656139 ], [ 34.796580043671092, 45.960134599635502 ], [ 34.801590856804332, 45.95951753736643 ], [ 34.801148418143725, 45.957770216906049 ], [ 34.798643106011554, 45.958078756010231 ], [ 34.797758499257171, 45.954584066149657 ], [ 34.795253294272641, 45.954892514513098 ], [ 34.794368998872059, 45.951397771885105 ], [ 34.791863901034802, 45.951706129522087 ], [ 34.786707743562438, 45.941529889503187 ], [ 34.784203007947596, 45.941838028368849 ], [ 34.780671191677406, 45.927858271686873 ], [ 34.778167006782844, 45.928166207854524 ], [ 34.777725787064618, 45.926418702351434 ], [ 34.780229898049342, 45.926110784850657 ], [ 34.776701015337387, 45.912130752235534 ], [ 34.779204494562606, 45.91182293075839 ], [ 34.777440734913426, 45.904832897174934 ], [ 34.779943878086108, 45.904525097073616 ], [ 34.779062094804218, 45.901030094624815 ], [ 34.776559099264858, 45.901337857410681 ], [ 34.776999896744933, 45.90308537920685 ], [ 34.774496786703629, 45.90339310739644 ], [ 34.774937551047778, 45.905140644019774 ], [ 34.772434326495386, 45.90544833760584 ], [ 34.772875057691145, 45.907195889055188 ], [ 34.770371718618541, 45.907503548030469 ], [ 34.768749627913188, 45.911306319759753 ], [ 34.763742450956826, 45.911921445946632 ], [ 34.762119809993685, 45.915724191712975 ], [ 34.757112093493802, 45.916339072766647 ], [ 34.757552510969035, 45.918086735607055 ], [ 34.752544484020021, 45.918701440757324 ], [ 34.752984794336982, 45.9204491370458 ], [ 34.745472227272032, 45.921370850894739 ], [ 34.745912356458597, 45.923118599248191 ], [ 34.738399201826354, 45.92403988916243 ], [ 34.738839149808591, 45.925787689559975 ], [ 34.71880169201841, 45.928242265235163 ], [ 34.719241088787243, 45.929990210655582 ], [ 34.714670459760043, 45.932351337179135 ], [ 34.718054361676963, 45.935540680405097 ], [ 34.715549160155284, 45.935847283365071 ], [ 34.719065585458345, 45.949830915943814 ], [ 34.716559750899201, 45.950137614291023 ], [ 34.716692011400546, 45.960932047019085 ], [ 34.714185650961731, 45.961238750164021 ], [ 34.713438226510434, 45.968537331076412 ], [ 34.708864406703576, 45.970898629533586 ], [ 34.709743923426473, 45.974394639063625 ], [ 34.707236881329095, 45.974701258694516 ], [ 34.707676626458039, 45.976449276346955 ], [ 34.705169469526503, 45.976755861131082 ], [ 34.705609181091553, 45.978503893572061 ], [ 34.703101909316707, 45.978810443502191 ], [ 34.703541587305345, 45.980558490730509 ], [ 34.701034200678038, 45.980865005799359 ], [ 34.701473845077722, 45.982613067813837 ], [ 34.698966343588815, 45.982919548014102 ], [ 34.699405954387011, 45.984667624813589 ], [ 34.69689833802736, 45.984974070138044 ], [ 34.695269727529571, 45.988776678528524 ], [ 34.690253994648344, 45.989389376154584 ], [ 34.688624830625471, 45.993191957556135 ], [ 34.683608556901603, 45.993804408590783 ], [ 34.684047850908044, 45.995552596443233 ], [ 34.679031266137258, 45.996164870646467 ], [ 34.679470452129465, 45.997913091839415 ], [ 34.671945047513233, 45.998831157577406 ], [ 34.672384051116609, 46.000579430661276 ], [ 34.657770298170732, 46.004162609206567 ], [ 34.658208936773697, 46.005910986009191 ], [ 34.640644974091892, 46.008049407579655 ], [ 34.642397850695623, 46.015043395866094 ], [ 34.644907407519035, 46.014737993600527 ], [ 34.646222713920857, 46.019983389559556 ], [ 34.643712933761066, 46.020288847408857 ], [ 34.6472216064601, 46.034276551856948 ], [ 34.644711189873135, 46.034582104385109 ], [ 34.646027388125894, 46.039827486759478 ], [ 34.643516707387164, 46.04013304129397 ], [ 34.645271908540678, 46.047126905650074 ], [ 34.647782887463364, 46.046821276963037 ], [ 34.64822186381641, 46.048569715053738 ], [ 34.653243848929101, 46.047958259738259 ], [ 34.653683015021173, 46.049706656950804 ], [ 34.656194021191126, 46.049400830316735 ], [ 34.656633302477665, 46.051149205189375 ], [ 34.659144342563522, 46.050843306383236 ], [ 34.659583739057148, 46.052591658910309 ], [ 34.662094813049769, 46.052285687927181 ], [ 34.662534324763087, 46.054034018102968 ], [ 34.665045432653287, 46.053727974937942 ], [ 34.665485059598915, 46.055476282756743 ], [ 34.667996201377527, 46.055170167404924 ], [ 34.66843594356807, 46.056918452861019 ], [ 34.67389818620196, 46.058054268665131 ], [ 34.674778172348503, 46.061550746294081 ], [ 34.680240970846924, 46.062686187571202 ], [ 34.681121499639907, 46.066182568063489 ], [ 34.683632959881528, 46.065876054523201 ], [ 34.68407335997604, 46.067624220474201 ], [ 34.686584854054416, 46.067317634709383 ], [ 34.689977528189246, 46.070507241411413 ], [ 34.692489089913586, 46.070200511182804 ], [ 34.69160771993004, 46.066704302292024 ], [ 34.694119091714661, 46.066397555644109 ], [ 34.69235654271781, 46.059405166592292 ], [ 34.694867575500055, 46.059098440744293 ], [ 34.694735072424322, 46.048303186741222 ] ] ], [ [ [ 34.158529593397141, 46.216978812008918 ], [ 34.158955635289637, 46.218730765655124 ], [ 34.161479534213363, 46.2184349922397 ], [ 34.161053416436481, 46.216683056575647 ], [ 34.158529593397141, 46.216978812008918 ] ] ], [ [ [ 35.207522798875843, 46.316063918796402 ], [ 35.21003991026268, 46.315744530595794 ], [ 35.209578951531952, 46.314000426080163 ], [ 35.207061914990639, 46.314319794946755 ], [ 35.207522798875843, 46.316063918796402 ] ] ], [ [ [ 34.657318654944866, 46.41329870549977 ], [ 34.659846261142995, 46.412990953635763 ], [ 34.660291265213672, 46.414739191808067 ], [ 34.667874063608842, 46.41381555427769 ], [ 34.666538491550831, 46.408570996414113 ], [ 34.669065780306951, 46.40826306467806 ], [ 34.667730352701348, 46.403018528364917 ], [ 34.67025737220515, 46.402710598395139 ], [ 34.669367142076247, 46.399214259054183 ], [ 34.671893968335262, 46.398906312173864 ], [ 34.671448839386365, 46.397158155439008 ], [ 34.666395297367835, 46.397773957545581 ], [ 34.665950361628511, 46.396025759606346 ], [ 34.658369966302075, 46.396948999616427 ], [ 34.657925299694277, 46.395200741817455 ], [ 34.650344760268254, 46.39612343725635 ], [ 34.649900362790937, 46.394375119632699 ], [ 34.644846615219336, 46.394989941165306 ], [ 34.644402410922432, 46.393241582403945 ], [ 34.63934865011835, 46.39385614947048 ], [ 34.638904638990162, 46.39210774958876 ], [ 34.636377772637502, 46.392414933039184 ], [ 34.637265684249869, 46.39591176627323 ], [ 34.634738624722623, 46.396218932715527 ], [ 34.636070573708174, 46.401464209858233 ], [ 34.633543244981126, 46.401771377925257 ], [ 34.632791776755198, 46.409072290223101 ], [ 34.628180231441846, 46.411434981263788 ], [ 34.629068208380637, 46.414931924559902 ], [ 34.626540182408142, 46.415239005809788 ], [ 34.626984156736277, 46.416987490371937 ], [ 34.624456013428912, 46.417294535915133 ], [ 34.624899952965663, 46.419043035298607 ], [ 34.62237169231404, 46.419350045127693 ], [ 34.622815597046483, 46.421098559331313 ], [ 34.620287219041195, 46.421405533438929 ], [ 34.61864642867306, 46.425209544680492 ], [ 34.623703530337444, 46.424595576293008 ], [ 34.623259543052718, 46.422847069719879 ], [ 34.630844657644857, 46.421925765341591 ], [ 34.630400483393707, 46.420177310873491 ], [ 34.637984998102183, 46.419255573262681 ], [ 34.637540636961056, 46.417507170920935 ], [ 34.657763583007977, 46.415046962350111 ], [ 34.657318654944866, 46.41329870549977 ] ] ], [ [ [ 34.616117815932242, 46.42551644732297 ], [ 34.616561616174145, 46.427265005979784 ], [ 34.619090305028344, 46.426958084707216 ], [ 34.61864642867306, 46.425209544680492 ], [ 34.616117815932242, 46.42551644732297 ] ] ], [ [ [ 35.492074770197391, 46.39676584120501 ], [ 35.494592384493991, 46.396439758752521 ], [ 35.49506374746575, 46.398181616666832 ], [ 35.515203688155594, 46.395570866709733 ], [ 35.515675692771708, 46.397312562532044 ], [ 35.531251758139234, 46.397093700421223 ], [ 35.531724298528999, 46.398835269222978 ], [ 35.536758770409165, 46.39818128248146 ], [ 35.537231503975896, 46.399922807494491 ], [ 35.547773297501124, 46.400355552661104 ], [ 35.551236875181871, 46.403511055551533 ], [ 35.55627133169429, 46.402856159344466 ], [ 35.556744763372713, 46.404597528829079 ], [ 35.559262000591673, 46.404269980445328 ], [ 35.559735550802912, 46.406011325865705 ], [ 35.562252818884026, 46.405683704024725 ], [ 35.562726487640539, 46.407425025374955 ], [ 35.56524378657388, 46.407097330071991 ], [ 35.565717573888122, 46.408838627346199 ], [ 35.568234903663758, 46.408510858576555 ], [ 35.568708809548191, 46.410252131768843 ], [ 35.571226170156208, 46.409924289527765 ], [ 35.57170019462329, 46.411665538632256 ], [ 35.57421758605377, 46.411337622915021 ], [ 35.577683413028659, 46.414492059638931 ], [ 35.582718275205572, 46.413835880614428 ], [ 35.586184743745463, 46.416989980612179 ], [ 35.591219641171207, 46.416333400302243 ], [ 35.591694408152286, 46.418074489192904 ], [ 35.594211865644112, 46.417746098709372 ], [ 35.59468675128506, 46.419487163468489 ], [ 35.59720423951736, 46.419158699479411 ], [ 35.597679243830619, 46.420899740101063 ], [ 35.600196762793438, 46.420571202601728 ], [ 35.600671885791449, 46.422312219080041 ], [ 35.603189435474846, 46.421983608065702 ], [ 35.603664677170052, 46.423724600394792 ], [ 35.606182257564086, 46.423395915860752 ], [ 35.606657617968963, 46.425136884034721 ], [ 35.609175229063645, 46.424808125976213 ], [ 35.609650708190621, 46.426549069989193 ], [ 35.612168349976031, 46.426220238401534 ], [ 35.612643947837554, 46.427961158247584 ], [ 35.615161620303724, 46.427632253126063 ], [ 35.615637336912236, 46.429373148799314 ], [ 35.621148609214956, 46.430455989430278 ], [ 35.622100561560707, 46.433937679750912 ], [ 35.627612387538086, 46.435020133727051 ], [ 35.632035719997461, 46.441653933920556 ], [ 35.637071836928293, 46.440995067973326 ], [ 35.637548473363474, 46.442735785655984 ], [ 35.648097456026719, 46.443157963807728 ], [ 35.651569662073967, 46.446309410434409 ], [ 35.656605758706718, 46.445649633788058 ], [ 35.65708309488398, 46.447390194741836 ], [ 35.659601151637972, 46.447060205986475 ], [ 35.660078606737621, 46.448800742680632 ], [ 35.662596694011469, 46.448470680320149 ], [ 35.663074268045953, 46.450211192748782 ], [ 35.66559238582964, 46.449881056778459 ], [ 35.666070078811416, 46.451621544935676 ], [ 35.668588227094929, 46.451291335350788 ], [ 35.669066039036416, 46.453031799230679 ], [ 35.671584217809766, 46.452701516026536 ], [ 35.672062148723406, 46.454441955623189 ], [ 35.674580357976552, 46.454111598795059 ], [ 35.675058407874772, 46.455852014102568 ], [ 35.680573086675736, 46.456931470568044 ], [ 35.681529706770597, 46.460412199658521 ], [ 35.687044939172743, 46.461491268676632 ], [ 35.688002124023328, 46.464971891852201 ], [ 35.690520635009236, 46.464641126866766 ], [ 35.691478146640371, 46.468121692723315 ], [ 35.693996762800865, 46.467790834087758 ], [ 35.699389830956392, 46.477901275252378 ], [ 35.701908807015087, 46.47757018926908 ], [ 35.70574455254328, 46.491491590541955 ], [ 35.708264082640831, 46.491160290779405 ], [ 35.708743825514091, 46.492900426355114 ], [ 35.70622422058581, 46.493231746134448 ], [ 35.706703933056545, 46.494971897377255 ], [ 35.709223612821781, 46.494640557579871 ], [ 35.709703444568952, 46.49638068445325 ], [ 35.70718368996053, 46.496712044269842 ], [ 35.708623227322214, 46.501932458841914 ], [ 35.711143206497518, 46.501601038960217 ], [ 35.71162321605285, 46.503341148423267 ], [ 35.714143225631602, 46.503009654786013 ], [ 35.71762364272859, 46.506158233162303 ], [ 35.722663738946068, 46.505494897107539 ], [ 35.7231441814071, 46.507234913366581 ], [ 35.725664237631101, 46.506903144704147 ], [ 35.726144799464578, 46.508643136559073 ], [ 35.728664886040463, 46.508311294121782 ], [ 35.729145567258854, 46.510051261566645 ], [ 35.731665684176541, 46.509719345349815 ], [ 35.732146484792288, 46.511459288378695 ], [ 35.73466663204168, 46.511127298377581 ], [ 35.735147552067225, 46.512867216984546 ], [ 35.737667729638233, 46.512535153194491 ], [ 35.738148769086045, 46.514275047373637 ], [ 35.743670374035062, 46.51535056815316 ], [ 35.744632975277909, 46.518830254392498 ], [ 35.750155134647137, 46.519905386549219 ], [ 35.751118302993078, 46.523384966239554 ], [ 35.75664101682348, 46.524459709668527 ], [ 35.75760475247241, 46.527939182747815 ], [ 35.760125366672959, 46.527606542027954 ], [ 35.760607376360035, 46.52934625190327 ], [ 35.763128020804892, 46.529013537344149 ], [ 35.763610150047647, 46.530753222739065 ], [ 35.766130824726716, 46.530420434335987 ], [ 35.766613073537592, 46.532160095244535 ], [ 35.769133778440718, 46.531827232992811 ], [ 35.769616146832178, 46.533566869409093 ], [ 35.772136881949265, 46.533233933304004 ], [ 35.77261936993375, 46.534973545222087 ], [ 35.775140135254652, 46.534640535258944 ], [ 35.775622742844604, 46.536380122672853 ], [ 35.778143538359217, 46.536047038846988 ], [ 35.778626265567091, 46.53778660175081 ], [ 35.781147091265261, 46.537453444057505 ], [ 35.781629938103507, 46.539192982445265 ], [ 35.784150793975101, 46.538859750879816 ], [ 35.784633760456167, 46.54059926474563 ], [ 35.787154646491054, 46.540265959303348 ], [ 35.787637732627381, 46.542005448641262 ], [ 35.790158648815414, 46.541672069317443 ], [ 35.790641854619444, 46.54341153412151 ], [ 35.793162800950505, 46.543078080911471 ], [ 35.793646126434687, 46.544817521175737 ], [ 35.7961671028986, 46.544483994074795 ], [ 35.79665054807537, 46.546223409793321 ], [ 35.802176156243036, 46.547295525066765 ], [ 35.803143570254804, 46.550774253879361 ], [ 35.808669732938633, 46.551845979684394 ], [ 35.809637715594249, 46.555324601408451 ], [ 35.812158992414503, 46.554990664448901 ], [ 35.813127304323054, 46.558469228193545 ], [ 35.815648686150148, 46.558135197133552 ], [ 35.817101715328363, 46.563352949130234 ], [ 35.819623277106793, 46.563018803775755 ], [ 35.821076935115258, 46.568236455490599 ], [ 35.823598676864336, 46.56790219581508 ], [ 35.827477674329351, 46.581815577770556 ], [ 35.829999971028442, 46.581481102763654 ], [ 35.830485122954052, 46.58322023541001 ], [ 35.827962751244229, 46.583554730617379 ], [ 35.831359548740437, 46.595728676666035 ], [ 35.836405297659688, 46.595059349557822 ], [ 35.835919755832535, 46.593320268105401 ], [ 35.856100350579233, 46.590640969077413 ], [ 35.855614253592321, 46.588902044991507 ], [ 35.860658801911896, 46.588231722745384 ], [ 35.861145048887778, 46.589970606352487 ], [ 35.881322039115787, 46.587287004194302 ], [ 35.881808930955685, 46.589025721315366 ], [ 35.897427615344313, 46.588749230790924 ], [ 35.89791504713525, 46.590487817334044 ], [ 35.908490052029592, 46.590881693094452 ], [ 35.911987659861552, 46.594022329924307 ], [ 35.917031361961243, 46.593349465503678 ], [ 35.917519499046861, 46.595087892079704 ], [ 35.92004135718674, 46.594751358926409 ], [ 35.920529614430514, 46.596489760715144 ], [ 35.923051502259042, 46.596153153490853 ], [ 35.923539879673399, 46.597891530486351 ], [ 35.926061797180324, 46.59755484918643 ], [ 35.926550294777655, 46.599293201382714 ], [ 35.92907224195271, 46.598956446002461 ], [ 35.929560859745457, 46.600694773393599 ], [ 35.932082836578388, 46.600357943928344 ], [ 35.932571574578965, 46.602096246508339 ], [ 35.938104475398205, 46.603160643067135 ], [ 35.939082477613624, 46.606637144464074 ], [ 35.944615932612983, 46.60770114979335 ], [ 35.945594506523669, 46.611177542885933 ], [ 35.948116781375667, 46.610840302214768 ], [ 35.949095686560632, 46.614316636642997 ], [ 35.951618065963231, 46.613979301488754 ], [ 35.953086988831977, 46.619193708367703 ], [ 35.970743947932135, 46.616830429128683 ], [ 35.971234204336064, 46.618568413121444 ], [ 35.986858170235841, 46.6182783834142 ], [ 35.987348967113753, 46.62001623600073 ], [ 35.997928608819564, 46.620400839662359 ], [ 36.001433265289556, 46.623537872619337 ], [ 36.006477600544628, 46.622860738753758 ], [ 36.006969103843218, 46.624598430323601 ], [ 36.009491278078052, 46.624259762342746 ], [ 36.009982901828636, 46.625997428953937 ], [ 36.012505105424623, 46.625658686791645 ], [ 36.016010947278176, 46.628795128765773 ], [ 36.021055426272831, 46.628117293945913 ], [ 36.020563411767924, 46.626379718172252 ], [ 36.02308550799021, 46.626040740608268 ], [ 36.022593464173717, 46.624303180761309 ], [ 36.025115439921294, 46.623964169921337 ], [ 36.024623366805592, 46.622226626002053 ], [ 36.027145222088805, 46.621887581893411 ], [ 36.028682722838532, 46.618073464471713 ], [ 36.033725906018084, 46.61739518951245 ], [ 36.03526285357745, 46.61358105653715 ], [ 36.04030546384918, 46.61290254121927 ], [ 36.039813094789722, 46.61116511789146 ], [ 36.044855373025619, 46.610486428744991 ], [ 36.044362899966302, 46.608749041829626 ], [ 36.051925750845591, 46.607730666911017 ], [ 36.051433099050662, 46.605993336898727 ], [ 36.058995314996125, 46.604974540364587 ], [ 36.058502484544007, 46.603237267275176 ], [ 36.078665787284422, 46.600518279474962 ], [ 36.078172404668095, 46.598781165865759 ], [ 36.080692537296287, 46.598441071493362 ], [ 36.081185994614188, 46.600178164586168 ], [ 36.101346007891529, 46.597455314693356 ], [ 36.101840108375143, 46.599192238982006 ], [ 36.109399582791497, 46.598170223858808 ], [ 36.109893953006107, 46.599907081935385 ], [ 36.117453239494701, 46.598884522618832 ], [ 36.117947879435832, 46.600621314448532 ], [ 36.128521569879055, 46.600993774214196 ], [ 36.129016599996881, 46.602730474607171 ], [ 36.131536311269493, 46.602389238138613 ], [ 36.132031461854368, 46.604125913370638 ], [ 36.137070896158924, 46.603443238452549 ], [ 36.137566241859048, 46.605179867929834 ], [ 36.14008596486925, 46.604838429475315 ], [ 36.140581431061989, 46.606575033775421 ], [ 36.14310118284196, 46.606233521123229 ], [ 36.143596769539634, 46.607970100240159 ], [ 36.146116550078986, 46.60762851338572 ], [ 36.146612257293903, 46.609365067313469 ], [ 36.149132066582268, 46.609023406252177 ], [ 36.14962789432672, 46.610759934984756 ], [ 36.152147732353683, 46.61041819971198 ], [ 36.15264368063999, 46.612154703243391 ], [ 36.155163547395169, 46.611812893754539 ], [ 36.158675701115577, 46.614943941480362 ], [ 36.161195625295989, 46.614601983545498 ], [ 36.160699361251623, 46.61286555105476 ], [ 36.165738922522976, 46.612181515621394 ], [ 36.167265796246774, 46.608366662478403 ], [ 36.176846938267936, 46.605261597298203 ], [ 36.176350335792826, 46.603525290807852 ], [ 36.183907748572281, 46.602498279612533 ], [ 36.183410968375917, 46.600762030439498 ], [ 36.190967743731115, 46.599734599113503 ], [ 36.190470785891932, 46.597998407277466 ], [ 36.210619566750864, 46.595256399557037 ], [ 36.210122058869494, 46.593520368417529 ], [ 36.217676868876204, 46.592491294247928 ], [ 36.218174600181833, 46.594227263347882 ], [ 36.238319329246295, 46.591480545345917 ], [ 36.238817702222107, 46.593216344241007 ], [ 36.246371438388444, 46.592185380008353 ], [ 36.246870080759855, 46.593921112122338 ], [ 36.254423625044119, 46.592889604251489 ], [ 36.254922536806149, 46.59462526954961 ], [ 36.265492836233179, 46.594984671618455 ], [ 36.269009354627151, 46.598111573217516 ], [ 36.274044953506952, 46.597422933025484 ], [ 36.274544570844938, 46.599158434526473 ], [ 36.277062375367244, 46.598814013444851 ], [ 36.277562113326411, 46.60054948953205 ], [ 36.280079946023726, 46.60020499420402 ], [ 36.280579804616295, 46.601940444871481 ], [ 36.283097665478167, 46.601595875292496 ], [ 36.283597644716401, 46.603331300534165 ], [ 36.28611553373235, 46.602986656699628 ], [ 36.286615633628458, 46.60472205650953 ], [ 36.289133550788044, 46.604377338414864 ], [ 36.289633771354261, 46.606112712786995 ], [ 36.295170031311045, 46.607158402727414 ], [ 36.29617100149413, 46.610629045016417 ], [ 36.301707810430209, 46.611674340706394 ], [ 36.302709356131963, 46.615144871812859 ], [ 36.305227562682269, 46.614799740755458 ], [ 36.306229442558092, 46.618270211572572 ], [ 36.308747751615797, 46.617924985416238 ], [ 36.310251142353344, 46.62313059416207 ], [ 36.312769628353735, 46.622785252082785 ], [ 36.316290858082674, 46.625910155689859 ], [ 36.323846345239694, 46.624873523020469 ], [ 36.324348033196976, 46.626608603126613 ], [ 36.34449455177505, 46.623841728856419 ], [ 36.344996881489237, 46.625576637557252 ], [ 36.360608087911942, 46.625233889238757 ], [ 36.361110956928414, 46.626968663367187 ], [ 36.371686090779058, 46.627317094750779 ], [ 36.375210743439126, 46.630439692470731 ], [ 36.380246777682899, 46.629746012142299 ], [ 36.380750353479137, 46.631480621235028 ], [ 36.383268375104592, 46.63113367997304 ], [ 36.383772071849123, 46.63286826344919 ], [ 36.386290121251854, 46.632521247818552 ], [ 36.386793938956863, 46.634255805672076 ], [ 36.389312016126325, 46.633908715668284 ], [ 36.389815954804035, 46.635643247893171 ], [ 36.392334059729691, 46.635296083511633 ], [ 36.392838119392287, 46.63703059010188 ], [ 36.3953562520636, 46.63668335133805 ], [ 36.395860432723282, 46.638417832287601 ], [ 36.398378593129706, 46.638070519136967 ], [ 36.398882894798668, 46.639804974439812 ], [ 36.404423721465108, 46.640844554609984 ], [ 36.405432855584131, 46.644313357862352 ], [ 36.410974230577118, 46.645352542501897 ], [ 36.411983942319154, 46.648821233611145 ], [ 36.417525865672538, 46.649860022615435 ], [ 36.418536155236751, 46.653328601517913 ], [ 36.42105473264683, 46.652980704674249 ], [ 36.422065357939026, 46.65644922270873 ], [ 36.424584037399669, 46.656101230469737 ], [ 36.426100549196335, 46.661303909073716 ], [ 36.428619405115114, 46.660955800458872 ], [ 36.429630795663925, 46.664424187204943 ], [ 36.432149753634462, 46.664075983160693 ], [ 36.435680540205595, 46.667196009485252 ], [ 36.44071851980749, 46.666499250030888 ], [ 36.441224676562186, 46.668233342869598 ], [ 36.443743670546979, 46.667884861921067 ], [ 36.444249948550024, 46.669618929017837 ], [ 36.446768970116231, 46.669270373588958 ], [ 36.447275369379803, 46.671004414937769 ], [ 36.449794418516845, 46.670655785023989 ], [ 36.45030093905315, 46.672389800618831 ], [ 36.452820015750426, 46.672041096215608 ], [ 36.453326657571637, 46.673775086050377 ], [ 36.455845761818551, 46.673426307153193 ], [ 36.456352524936875, 46.675160271221898 ], [ 36.461897700464796, 46.67619642822406 ], [ 36.462911758870639, 46.679664248495058 ], [ 36.46845748289698, 46.680700009095993 ], [ 36.469472120550819, 46.684167716675042 ], [ 36.471991511248248, 46.683818523185082 ], [ 36.473006485551927, 46.687286169622006 ], [ 36.4755259781776, 46.686936880568773 ], [ 36.477049015187788, 46.692138251317935 ], [ 36.479568684192373, 46.691788845646741 ], [ 36.481092367417858, 46.696990110285554 ], [ 36.483612212818251, 46.696640587969775 ], [ 36.48666129538919, 46.707042861901527 ], [ 36.494221890110907, 46.705993594849694 ], [ 36.494730458643808, 46.707727227247794 ], [ 36.505319804225024, 46.708060914232405 ], [ 36.508857986334228, 46.711177825359947 ], [ 36.513898272483274, 46.710477342550547 ], [ 36.514407550777072, 46.712210808221663 ], [ 36.516927697646572, 46.711860465447963 ], [ 36.517437097549035, 46.713593905225444 ], [ 36.519957271760845, 46.713243487837488 ], [ 36.520466793284172, 46.714976901715261 ], [ 36.522986994827647, 46.714626409708551 ], [ 36.523496637984003, 46.716359797680575 ], [ 36.526016866848458, 46.716009231050556 ], [ 36.526526631650036, 46.717742593110763 ], [ 36.529046887824798, 46.717391951852917 ], [ 36.529556774283797, 46.719125287995254 ], [ 36.53207705775818, 46.718774572105062 ], [ 36.532587065886794, 46.720507882323474 ], [ 36.535107376650103, 46.720157091796395 ], [ 36.535617506460497, 46.721890376084843 ], [ 36.538137844502081, 46.721539510916386 ], [ 36.538648096006455, 46.723272769268746 ], [ 36.5411684613156, 46.722921829454371 ], [ 36.541678834526152, 46.724655061864645 ], [ 36.544199227092165, 46.724304047399833 ], [ 36.544709722021047, 46.726037253861932 ], [ 36.547230141833253, 46.725686164742164 ], [ 36.547740758492672, 46.727419345250048 ], [ 36.55329241821498, 46.728450097575163 ], [ 36.554314185805197, 46.731916349915466 ], [ 36.556834761782717, 46.731565015653459 ], [ 36.557345790994418, 46.733298113438295 ], [ 36.562386950058659, 46.732595242036695 ], [ 36.562898175553507, 46.734328292682477 ], [ 36.565418758618073, 46.733976755538087 ], [ 36.565930105916536, 46.735709780193275 ], [ 36.568450716152384, 46.735358168362296 ], [ 36.568962185266656, 46.737091167020822 ], [ 36.571482822663029, 46.736739480498727 ], [ 36.571994413605289, 46.7384724531545 ], [ 36.574515078151478, 46.738120691936814 ], [ 36.575026790933912, 46.739853638583774 ], [ 36.577547482619188, 46.739501802665956 ], [ 36.578059317253974, 46.741234723298049 ], [ 36.580580036067637, 46.740882812675601 ], [ 36.581091992566947, 46.742615707286745 ], [ 36.583612738498239, 46.742263721955119 ], [ 36.584124816874258, 46.743996590539254 ], [ 36.586645589912472, 46.743644530493981 ], [ 36.587157790177365, 46.745377373045024 ], [ 36.59271173969757, 46.746405845307329 ], [ 36.593736675280908, 46.749871421394751 ], [ 36.596257604075895, 46.749519115976007 ], [ 36.59980390876666, 46.752632228897404 ], [ 36.604845827134575, 46.75192726558025 ], [ 36.604332942746183, 46.750194574502515 ], [ 36.606853756243908, 46.749842033776126 ], [ 36.606340844830562, 46.748109359064735 ], [ 36.60886153638247, 46.747756786041244 ], [ 36.608348597956351, 46.746024127697041 ], [ 36.610869167573199, 46.745671522383702 ], [ 36.612363657423813, 46.741853617204562 ], [ 36.617404261512732, 46.741148223966128 ], [ 36.618898203315879, 46.737330308690375 ], [ 36.623938224866691, 46.736624679438719 ], [ 36.623425002742621, 46.734892145409383 ], [ 36.628464685568197, 46.73418634471733 ], [ 36.627951362138468, 46.732453848302633 ], [ 36.635510307057693, 46.73139480997196 ], [ 36.634996807996139, 46.729662372425359 ], [ 36.64255510232843, 46.728602916710209 ], [ 36.642041427714496, 46.726870538050918 ], [ 36.662194193601145, 46.724043141381756 ], [ 36.661679971983993, 46.722310927980011 ], [ 36.664198779481978, 46.72195728423592 ], [ 36.664713075389038, 46.723689476358615 ], [ 36.684862416872747, 46.720858233205476 ], [ 36.685377354518039, 46.722590250099323 ], [ 36.6954511797084, 46.721173261578926 ], [ 36.694935945105257, 46.719441329929651 ], [ 36.699972423424768, 46.718732557942218 ], [ 36.699457088023948, 46.717000664034082 ], [ 36.707011225509767, 46.715937169654453 ], [ 36.706495715159257, 46.71420533482214 ], [ 36.711531420149626, 46.713496114361512 ], [ 36.71101580909891, 46.711764317289052 ], [ 36.716051175080878, 46.711054926041164 ], [ 36.715535463370301, 46.709323166735601 ], [ 36.72057049035071, 46.708613604742816 ], [ 36.720054678020574, 46.706881883211224 ], [ 36.725089366006294, 46.706172150515918 ], [ 36.724573453096937, 46.704440466765334 ], [ 36.734125798663577, 46.701288843474117 ], [ 36.733609684716619, 46.699557235306692 ], [ 36.736126544089373, 46.699202139691323 ], [ 36.735610403758727, 46.697470547966518 ], [ 36.738127141354347, 46.697115420392755 ], [ 36.7376109746521, 46.695383845111465 ], [ 36.740127590481372, 46.695028685586571 ], [ 36.739611397419573, 46.693297126749641 ], [ 36.742127891493261, 46.6929419352808 ], [ 36.741611672083955, 46.691210392889126 ], [ 36.744128044412854, 46.690855169483619 ], [ 36.743611798668091, 46.689123643538039 ], [ 36.746128049262957, 46.68876838820313 ], [ 36.747611607686849, 46.684950098396605 ], [ 36.752643574298226, 46.684239406773976 ], [ 36.754126588424882, 46.680421108410002 ], [ 36.759157972827332, 46.679710182650311 ], [ 36.758641447647307, 46.677978781699352 ], [ 36.763672493251896, 46.677267685654691 ], [ 36.763155867881615, 46.675536322539834 ], [ 36.770701856504992, 46.674469343239537 ], [ 36.770185057057013, 46.672738039356879 ], [ 36.777730394274336, 46.671670645057532 ], [ 36.777213420827799, 46.669939400426095 ], [ 36.797331627490109, 46.667090844910767 ], [ 36.796814110788361, 46.665359766613278 ], [ 36.799328597756748, 46.665003479134867 ], [ 36.799846188309473, 46.666734536010878 ], [ 36.81996095353314, 46.663882149678244 ], [ 36.820479182548397, 46.665613030122195 ], [ 36.836082409432116, 46.665202124621644 ], [ 36.836601177002613, 46.666932866400067 ], [ 36.847176258250713, 46.667234513942454 ], [ 36.85072871747316, 46.670338352648521 ], [ 36.855756762018842, 46.669623296716424 ], [ 36.856276237795598, 46.671353868251515 ], [ 36.858790261907082, 46.670996239041536 ], [ 36.859309859428372, 46.672726784104668 ], [ 36.861823909344189, 46.672369080230297 ], [ 36.862343628621971, 46.674099598815388 ], [ 36.864857704331307, 46.673741820272198 ], [ 36.865377545377527, 46.675472312373145 ], [ 36.867891646869552, 46.675114459156731 ], [ 36.86841160969621, 46.676844924767479 ], [ 36.870925736960096, 46.6764869968734 ], [ 36.871445821579172, 46.678217435987889 ], [ 36.876994359802637, 46.679231768761156 ], [ 36.878035064326326, 46.682692535979669 ], [ 36.883584144776293, 46.68370646892005 ], [ 36.884625432799268, 46.687167120078897 ], [ 36.887139836336473, 46.686808775660722 ], [ 36.888181464271149, 46.690269363770078 ], [ 36.890695967314095, 46.689910923098346 ], [ 36.89225899136877, 46.695101703159509 ], [ 36.894773667723989, 46.69474314467233 ], [ 36.896337346297692, 46.699933815090695 ], [ 36.898852195980524, 46.699575138761517 ], [ 36.903024714830956, 46.713416533929404 ], [ 36.905540107123137, 46.71305763190481 ], [ 36.906583866361984, 46.716517887490191 ], [ 36.904068326321308, 46.716876832654712 ], [ 36.904590204363046, 46.718606974504318 ], [ 36.907105818286951, 46.718248007767862 ], [ 36.907627818422881, 46.719978123034821 ], [ 36.905112130609744, 46.720337111344513 ], [ 36.907722485108124, 46.72898772038473 ], [ 36.910238542457236, 46.728628624189078 ], [ 36.91232799003707, 46.735548934862805 ], [ 36.909811636951325, 46.735908117390856 ], [ 36.913992257438139, 46.749748670649929 ], [ 36.911475264288313, 46.750107972633202 ], [ 36.911997985152929, 46.751838040803179 ], [ 36.919549041678643, 46.750759910247282 ], [ 36.920072032855103, 46.752489908603977 ], [ 36.930663063106522, 46.75278147588751 ], [ 36.93422690388747, 46.755881491669214 ], [ 36.93926080833355, 46.755161766027314 ], [ 36.939784510845172, 46.756891592961701 ], [ 36.94230146447272, 46.756531628615569 ], [ 36.942825289358048, 46.758261428884367 ], [ 36.945342268568325, 46.75790138964134 ], [ 36.945866215839345, 46.759631163238438 ], [ 36.948383220621416, 46.759271049094146 ], [ 36.948907290290101, 46.761000796013413 ], [ 36.951424320633038, 46.760640606963435 ], [ 36.951948512711411, 46.762370327198774 ], [ 36.954465568604256, 46.762010063238677 ], [ 36.954989883104261, 46.763739756784005 ], [ 36.960548508429639, 46.76474867096497 ], [ 36.961597675658176, 46.76820794621117 ], [ 36.96715684441233, 46.769216458913029 ], [ 36.968206598509546, 46.772675617206367 ], [ 36.970723929971108, 46.77231493528992 ], [ 36.971774026091119, 46.775774030028153 ], [ 36.974291457039072, 46.775413251490669 ], [ 36.975341895262694, 46.778872282652934 ], [ 36.97785942569309, 46.778511407480188 ], [ 36.978910206101169, 46.781970375045638 ], [ 36.981427836010049, 46.781609403223435 ], [ 36.983004592874984, 46.786797751551859 ], [ 36.985522396284999, 46.786436661372015 ], [ 36.987099812460734, 46.791624899044628 ], [ 36.989617789386919, 46.791263690480484 ], [ 36.993826963839879, 46.805098594346497 ], [ 36.99634548464519, 46.80473715881277 ], [ 36.997398412826065, 46.808195790640909 ], [ 36.99487974383959, 46.808557269607363 ], [ 36.999092810704319, 46.822391767693915 ], [ 36.996573500048534, 46.822753367100255 ], [ 36.997627105389149, 46.826211984313609 ], [ 37.005185336139988, 46.825126895687376 ], [ 37.00465828665682, 46.823397654809845 ], [ 37.024810831213905, 46.820501912158186 ], [ 37.024283237514688, 46.818772840160001 ], [ 37.029320737892668, 46.818048414766118 ], [ 37.029848479771324, 46.819777443245208 ], [ 37.049997122235041, 46.81687743525265 ], [ 37.050525505440916, 46.818606284434551 ], [ 37.058080662946445, 46.817517836669168 ], [ 37.05860931711922, 46.819246615367852 ], [ 37.066164257024326, 46.818157622618017 ], [ 37.066693182155738, 46.819886330798752 ], [ 37.077295317204907, 46.820162123097496 ], [ 37.077824636210224, 46.821890733786944 ], [ 37.080342878215959, 46.821527351074884 ], [ 37.080872320156764, 46.823255934819542 ], [ 37.08590880541108, 46.822528965912177 ], [ 37.086438444312257, 46.824257500874559 ], [ 37.088956687538271, 46.82389391467472 ], [ 37.08948644939931, 46.825622422675821 ], [ 37.092004717680616, 46.825258761363635 ], [ 37.092534602513503, 46.826987242397308 ], [ 37.095052895839046, 46.826623505968413 ], [ 37.095582903655696, 46.82835196002852 ], [ 37.098101222014421, 46.827988148478546 ], [ 37.098631352826828, 46.829716575558969 ], [ 37.101149696207642, 46.829352688883468 ], [ 37.101679950027737, 46.83108108897806 ], [ 37.104198318419563, 46.830717127172697 ], [ 37.104728695259311, 46.83244550027532 ], [ 37.107247088651086, 46.832081463335705 ], [ 37.107777588522438, 46.833809809440218 ], [ 37.110296006903077, 46.833445697361952 ], [ 37.110826629817964, 46.835174016462219 ], [ 37.11334507317639, 46.834809829240932 ], [ 37.116925156509772, 46.837902124035459 ], [ 37.121962094003578, 46.837173395719311 ], [ 37.125542818500321, 46.840265335073745 ], [ 37.130579757539593, 46.83953619957564 ], [ 37.13111114387204, 46.841264339780835 ], [ 37.136148034499058, 46.840534947409459 ], [ 37.139729770162376, 46.843626304871371 ], [ 37.14476666201648, 46.842896505274645 ], [ 37.14529856573386, 46.844624520493923 ], [ 37.147817011932247, 46.844259518883156 ], [ 37.148349038802387, 46.845987507025932 ], [ 37.150867509832601, 46.845622430232211 ], [ 37.15139965986743, 46.847350391292338 ], [ 37.153918155718344, 46.846985239311266 ], [ 37.154450428929813, 46.848713173282619 ], [ 37.156968949590301, 46.848347946109854 ], [ 37.157501345990347, 46.850075852986251 ], [ 37.160019891449302, 46.849710550617424 ], [ 37.160552411049849, 46.851438430392705 ], [ 37.166122219131665, 46.852435452717394 ], [ 37.167187800441802, 46.855891098651895 ], [ 37.169706494230333, 46.855525548723897 ], [ 37.17023943275094, 46.857253341982286 ], [ 37.175809956360347, 46.858249782599358 ], [ 37.176876375740108, 46.861705255412247 ], [ 37.182447442136883, 46.862701291744692 ], [ 37.183514453301044, 46.866156645611269 ], [ 37.189086062510583, 46.867152277554723 ], [ 37.190153665658066, 46.870607512409286 ], [ 37.192672754540041, 46.870241369933829 ], [ 37.196259890689817, 46.873330300344932 ], [ 37.203817157258925, 46.872231261505938 ], [ 37.204351501672768, 46.873958750823725 ], [ 37.209389580515769, 46.873225747897521 ], [ 37.209924122344091, 46.874953188016882 ], [ 37.2149621516064, 46.874219927997885 ], [ 37.215496890856329, 46.875947318901261 ], [ 37.220534870457485, 46.875213801785854 ], [ 37.219465145390579, 46.871759102822182 ], [ 37.221983913072194, 46.871392308398121 ], [ 37.220379474197536, 46.866210286940401 ], [ 37.222897970552822, 46.865843505307481 ], [ 37.2212937545222, 46.860661503025732 ], [ 37.22381197963233, 46.86029473419201 ], [ 37.224191300837141, 46.853018678956495 ], [ 37.22869217481567, 46.850557773988491 ], [ 37.227622847143557, 46.847103203798632 ], [ 37.230140357360476, 46.84673637618463 ], [ 37.229605693735934, 46.845009105292327 ], [ 37.232123080701342, 46.844642246493287 ], [ 37.231588392605452, 46.842914992408453 ], [ 37.234105656330506, 46.842548102431614 ], [ 37.233570943775156, 46.840820865155045 ], [ 37.23608808427101, 46.840453944007578 ], [ 37.235553347268088, 46.838726723540105 ], [ 37.238070364545891, 46.838359771229257 ], [ 37.237535603107276, 46.836632567571598 ], [ 37.240052497178198, 46.836265584104616 ], [ 37.241499671916586, 46.832444212606077 ], [ 37.246532917905263, 46.831710067928299 ], [ 37.247979551742134, 46.827888692303112 ], [ 37.253012206266362, 46.82715431681364 ], [ 37.252477175317111, 46.825427241282107 ], [ 37.257509484733113, 46.824692697286906 ], [ 37.256974355707129, 46.822965660611466 ], [ 37.264522228058908, 46.821863512229669 ], [ 37.263986927283966, 46.820136536462833 ], [ 37.271534133719442, 46.819033976102439 ], [ 37.270998661275705, 46.817307061262724 ], [ 37.291121780177953, 46.814364739988413 ], [ 37.290585767892516, 46.81263799643957 ], [ 37.293100861534747, 46.812269989425886 ], [ 37.293636947454047, 46.813996710897037 ], [ 37.313756503762555, 46.811050567277228 ], [ 37.314293228082633, 46.812777106773275 ], [ 37.329918471987703, 46.81229153916464 ], [ 37.330455736910324, 46.814017935470225 ], [ 37.341051628479356, 46.814268353800067 ], [ 37.344641662225911, 46.817351772964116 ], [ 37.349670848073714, 46.816613273641849 ], [ 37.350208826384254, 46.818339493932911 ], [ 37.352723418401823, 46.817970142551658 ], [ 37.353261519917162, 46.819696335419579 ], [ 37.355776135834795, 46.81932690883805 ], [ 37.356314360566749, 46.821053074276684 ], [ 37.358829000373227, 46.820683572490559 ], [ 37.359367348333585, 46.822409710493716 ], [ 37.361882012017709, 46.822040133498689 ], [ 37.362420483218273, 46.823766244060238 ], [ 37.364935170768845, 46.823396591851989 ], [ 37.36547376522141, 46.825122674965783 ], [ 37.367988476627239, 46.82475294754002 ], [ 37.368527194343606, 46.826479003199886 ], [ 37.371041929593453, 46.826109200552267 ], [ 37.371580770585439, 46.827835228752036 ], [ 37.374095529668111, 46.827465350878285 ], [ 37.374634493947468, 46.829191351611811 ], [ 37.380203171144977, 46.830177343429767 ], [ 37.381281642685735, 46.833629229704222 ], [ 37.386850858609385, 46.834614815917618 ], [ 37.387929923062842, 46.838066581647311 ], [ 37.39044494827062, 46.837696283171795 ], [ 37.391524359060575, 46.841147983306918 ], [ 37.394039481608168, 46.84077758736148 ], [ 37.395119238815518, 46.844229221880774 ], [ 37.397634458698128, 46.843858728451288 ], [ 37.39871456240374, 46.847310297333479 ], [ 37.401229879616615, 46.846939706405848 ], [ 37.402310329901404, 46.850391209629649 ], [ 37.404825744439727, 46.850020521189769 ], [ 37.40590654138461, 46.85347195873392 ], [ 37.408422053243591, 46.853101172767673 ], [ 37.409503196929499, 46.856552544610842 ], [ 37.412018806104314, 46.856181661104138 ], [ 37.4131002966122, 46.85963296722506 ], [ 37.415616003098023, 46.859261986163787 ], [ 37.421378212891369, 46.869244475862445 ], [ 37.423894261248634, 46.868873255137274 ], [ 37.424976992577989, 46.872324342679718 ], [ 37.42749313824406, 46.871953024346425 ], [ 37.428576216788045, 46.875404046071246 ], [ 37.431092459758077, 46.875032630115754 ], [ 37.432717673534341, 46.880209055953983 ], [ 37.435234087462717, 46.879837520087143 ], [ 37.436859972420621, 46.885013831141762 ], [ 37.439376557320692, 46.884642175336985 ], [ 37.441003113701946, 46.889818371558981 ], [ 37.443519869587021, 46.889446595789579 ], [ 37.445147097633445, 46.894622677129853 ], [ 37.447664024516826, 46.89425078136918 ], [ 37.451463159309831, 46.906327961556585 ], [ 37.457040976235085, 46.907308943886015 ], [ 37.458127289683425, 46.910759418781346 ], [ 37.463705646351713, 46.911739994007554 ], [ 37.468397448051896, 46.918268183520283 ], [ 37.473976713235494, 46.919248122882493 ], [ 37.475064567245184, 46.922698288853184 ], [ 37.477582419930023, 46.922325566290304 ], [ 37.478670622415912, 46.925775666134989 ], [ 37.481188572377526, 46.925402845732719 ], [ 37.482821474346153, 46.930577888233024 ], [ 37.48533959535407, 46.930204947621341 ], [ 37.486973171171392, 46.935379874765061 ], [ 37.489491463238771, 46.935006813917305 ], [ 37.493850469521547, 46.948806204460034 ], [ 37.496369301743158, 46.948432911480005 ], [ 37.494940724488139, 46.952255998369345 ], [ 37.497459704383772, 46.951882660631959 ], [ 37.498004981253622, 46.953607527143639 ], [ 37.500523984621154, 46.953234113839265 ], [ 37.501069385711027, 46.954958952588981 ], [ 37.503588412539088, 46.9545854637133 ], [ 37.5041339378608, 46.956310274694857 ], [ 37.506652988137994, 46.95593671024357 ], [ 37.507198637703368, 46.957661493450757 ], [ 37.512782582380446, 46.958638893230855 ], [ 37.513874428988721, 46.962088343123689 ], [ 37.519458914010038, 46.963065334764778 ], [ 37.520551358697652, 46.966514662687153 ], [ 37.523070673750581, 46.966140675462881 ], [ 37.524163468029194, 46.969589936981258 ], [ 37.526682880322824, 46.969215851725529 ], [ 37.528322671998474, 46.974389636269528 ], [ 37.530842255399264, 46.974015430539588 ], [ 37.532482723287586, 46.979189099210203 ], [ 37.535002477808547, 46.978814772979305 ], [ 37.537737971138199, 46.987437333872954 ], [ 37.543325465651293, 46.988412748430726 ], [ 37.544420413717845, 46.991861634342534 ], [ 37.546940607757584, 46.991486968904866 ], [ 37.548035906043062, 46.994935788262978 ], [ 37.550556197317121, 46.99456102468654 ], [ 37.551651845903152, 46.998009777469385 ], [ 37.554172234406359, 46.997634915740029 ], [ 37.555268233374548, 47.001083601926055 ], [ 37.557788719101737, 47.000708642029608 ], [ 37.558885068533741, 47.004157261597257 ], [ 37.561405651479724, 47.003782203519606 ], [ 37.563050777463467, 47.008955024777414 ], [ 37.565571531573127, 47.0085798460197 ], [ 37.571384743249979, 47.018549840205125 ], [ 37.576426885463114, 47.017798946561399 ], [ 37.576975962323225, 47.019523086921247 ], [ 37.587609357085967, 47.019744615561223 ], [ 37.591229444150997, 47.022816859287175 ], [ 37.596271467306487, 47.022065040128716 ], [ 37.596821265024566, 47.023789001113315 ], [ 37.599342274344572, 47.023412989146948 ], [ 37.599892196834617, 47.025136922153678 ], [ 37.602413229286626, 47.024760834415417 ], [ 37.602963276560466, 47.026484739438011 ], [ 37.605484332132974, 47.02610857592358 ], [ 37.606034504202391, 47.027832452955842 ], [ 37.608555582883909, 47.027456213660976 ], [ 37.609105879760733, 47.029180062696618 ], [ 37.61162698153975, 47.028803747617076 ], [ 37.612177403235769, 47.030527568649859 ], [ 37.614698528100789, 47.030151177781335 ], [ 37.618320893937167, 47.033222269151707 ], [ 37.643530312678664, 47.029454449266261 ], [ 37.642978902038287, 47.027730909998866 ], [ 37.663142177571039, 47.024713003588303 ], [ 37.662590226925261, 47.022989639637217 ], [ 37.687788993163871, 47.019212696402064 ], [ 37.688341681983715, 47.020935834109466 ], [ 37.7084976098404, 47.017910271140764 ], [ 37.709050939885991, 47.019633222138886 ], [ 37.724720005621066, 47.01908449165591 ], [ 37.725273880343849, 47.020807295590011 ], [ 37.730312180183105, 47.020049599889241 ], [ 37.730866253511195, 47.021772352930768 ], [ 37.735904496113264, 47.021014399368511 ], [ 37.736458768052785, 47.022737101499892 ], [ 37.747089551776583, 47.022943071983789 ], [ 37.750718075884066, 47.026008907228231 ], [ 37.755756191212747, 47.025250028410888 ], [ 37.756311183964982, 47.026972549449873 ], [ 37.761349241684144, 47.026213412751957 ], [ 37.761904433083963, 47.027935882799916 ], [ 37.774499048517761, 47.026036998092387 ], [ 37.775054659601416, 47.027759348908205 ], [ 37.795203965523903, 47.024718190637209 ], [ 37.795760217119422, 47.026440353838723 ], [ 37.803315580531326, 47.025298975385155 ], [ 37.803872104359712, 47.027021064700747 ], [ 37.811427226205296, 47.025879140292503 ], [ 37.811984022255167, 47.027601155687563 ], [ 37.822614234645947, 47.027799674424315 ], [ 37.823171427930632, 47.029521587487679 ], [ 37.825689714182062, 47.029140559264604 ], [ 37.82624703250309, 47.030862443945182 ], [ 37.831283597834975, 47.030100182714179 ], [ 37.831841114794017, 47.031822016192031 ], [ 37.834359393851194, 47.03144078317991 ], [ 37.834917035869971, 47.0331625882582 ], [ 37.837435337035807, 47.032781279372941 ], [ 37.837993104126006, 47.034503056045438 ], [ 37.84051142738884, 47.034121671282797 ], [ 37.844145682178407, 47.037183678741187 ], [ 37.849182365500198, 47.036420552628954 ], [ 37.852817260486169, 47.039482195881391 ], [ 37.857853928913002, 47.038718660099491 ], [ 37.858412468698234, 47.040440248953843 ], [ 37.860930799151518, 47.040058378639962 ], [ 37.86148946407824, 47.04177993904247 ], [ 37.864007816535405, 47.041397992826084 ], [ 37.864566606615277, 47.043119524770518 ], [ 37.867084981064671, 47.042737502647427 ], [ 37.867643896309367, 47.044459006127504 ], [ 37.870162292739323, 47.044076908093494 ], [ 37.870721333160525, 47.045798383102976 ], [ 37.873239751559403, 47.045416209153878 ], [ 37.873798917168763, 47.047137655686477 ], [ 37.879395110635805, 47.048094498075614 ], [ 37.88051399432176, 47.051537271583086 ], [ 37.883032552135987, 47.051154846980474 ], [ 37.882473010892156, 47.04943348591609 ], [ 37.890028153673235, 47.048285962492784 ], [ 37.889468443396709, 47.0465646644763 ], [ 37.904576892558673, 47.044268323100738 ], [ 37.904016792770406, 47.042547156859094 ], [ 37.911570099011776, 47.041398339135903 ], [ 37.911009830424049, 47.039677235999356 ], [ 37.931149117074575, 47.036611573444844 ], [ 37.930588312517926, 47.034890648074487 ], [ 37.935622469943709, 47.03412374845977 ], [ 37.936183421359914, 47.035844627952933 ], [ 37.956318567597421, 47.032774727268254 ], [ 37.956880158025641, 47.034495417485019 ], [ 37.972541864616296, 47.033911176833641 ], [ 37.973103998939322, 47.035631717879276 ], [ 37.978137085660187, 47.034862939957279 ], [ 37.978699418561931, 47.036583429359368 ], [ 37.983732444492851, 47.035814393703674 ], [ 37.984294975978948, 47.03753483144466 ], [ 37.989327941038319, 47.036765538053004 ], [ 37.988765262868505, 47.035045146316733 ], [ 37.99128159420863, 47.034660443231331 ], [ 37.99184434571152, 47.036380811960996 ], [ 38.011973713776769, 47.033301098100011 ], [ 38.012537103691848, 47.035021276988218 ], [ 38.028196268823535, 47.034429166263457 ], [ 38.028760202371387, 47.036149195516217 ], [ 38.039387549465886, 47.036326454113336 ], [ 38.043032119590407, 47.039380430045526 ], [ 38.048063677025986, 47.038608532186984 ], [ 38.048628331528192, 47.040328377176493 ], [ 38.051144105390392, 47.039942325842915 ], [ 38.051708885217565, 47.041662142043016 ], [ 38.054224680243898, 47.041276014743801 ], [ 38.054789585407576, 47.042995802148219 ], [ 38.057305401586319, 47.042609598879231 ], [ 38.06095142528882, 47.045662808033036 ], [ 38.068498844246974, 47.044503583726161 ], [ 38.069064271971854, 47.046223238503288 ], [ 38.074095770386528, 47.045450111697576 ], [ 38.07353019620281, 47.043730503134363 ], [ 38.076045793958528, 47.043343883531044 ], [ 38.075480198710039, 47.041624292353177 ], [ 38.077995671100986, 47.041237642994773 ], [ 38.077430054799272, 47.039518069202877 ], [ 38.0799454018372, 47.039131390096571 ], [ 38.079379764493787, 47.037411833691316 ], [ 38.081894986190449, 47.037025124844241 ], [ 38.081329327816903, 47.035305585826272 ], [ 38.083844424184058, 47.034918847245621 ], [ 38.083278744791869, 47.033199325615627 ], [ 38.085793715841277, 47.032812557308553 ], [ 38.085228015442006, 47.031093053067167 ], [ 38.087742861185411, 47.030706255040826 ], [ 38.089126117860857, 47.026880470988125 ], [ 38.094155256039258, 47.026106703279709 ], [ 38.095537979896569, 47.022280922820038 ], [ 38.100566512700603, 47.021506930728805 ], [ 38.100000561259478, 47.019787559696802 ], [ 38.105028739242954, 47.019013402655681 ], [ 38.104462693817958, 47.017294072152943 ], [ 38.112004350317747, 47.016132510049012 ], [ 38.111438137903725, 47.014413243222812 ], [ 38.118979105652443, 47.013251275501169 ], [ 38.118412726330874, 47.011532072369064 ], [ 38.138519092710055, 47.008431355284458 ], [ 38.137952181655393, 47.006712331681598 ], [ 38.140465169493375, 47.006324527828603 ], [ 38.141032153511823, 47.008043528259506 ], [ 38.161134758790112, 47.004939013541644 ], [ 38.16170237859329, 47.006657822726666 ], [ 38.169240211739051, 47.005492690141814 ], [ 38.169808102583644, 47.007211423948512 ], [ 38.177345683641683, 47.00604574730297 ], [ 38.177913845514936, 47.007764405696982 ], [ 38.188532018217423, 47.007927899098114 ], [ 38.192181691350697, 47.010976033146044 ], [ 38.197206543163723, 47.010197938970791 ], [ 38.197775424711025, 47.011916411616589 ], [ 38.2002878449007, 47.011527262235539 ], [ 38.20085685173003, 47.013245705844483 ], [ 38.203369292386228, 47.012856480516817 ], [ 38.203938424509005, 47.014574895082632 ], [ 38.206450885619951, 47.014185593804228 ], [ 38.207020143047622, 47.015903979320647 ], [ 38.209532624601508, 47.0155146020874 ], [ 38.210102007345519, 47.017232958548135 ], [ 38.212614509330535, 47.016843505355993 ], [ 38.21318401740232, 47.018561832754749 ], [ 38.218778716029561, 47.019500996807771 ], [ 38.219918286036147, 47.022937529513634 ], [ 38.225513515211375, 47.023876279164746 ], [ 38.226653691731421, 47.027312683909464 ], [ 38.229166441457636, 47.026922804293633 ], [ 38.23030697383652, 47.030359139218831 ], [ 38.232819816812324, 47.029969160320903 ], [ 38.233960705131253, 47.033405425404396 ], [ 38.236473641350138, 47.03301534721043 ], [ 38.238185586713996, 47.03816963131068 ], [ 38.240698689075913, 47.037779430503889 ], [ 38.242411326385501, 47.04293359230379 ], [ 38.244924594900688, 47.042543268857557 ], [ 38.247209139474279, 47.049415309801589 ], [ 38.249722647087609, 47.049024840370855 ], [ 38.254522072283422, 47.05550607932561 ], [ 38.260121177881516, 47.056442569237568 ], [ 38.261264876132074, 47.059878309790783 ], [ 38.263778683705709, 47.059487466119727 ], [ 38.264350684825949, 47.061205304298696 ], [ 38.266864512650457, 47.060814384548223 ], [ 38.270522739952767, 47.063858977510222 ], [ 38.275550423799132, 47.063076780931823 ], [ 38.274978025448156, 47.061359047836753 ], [ 38.277491715324899, 47.060967893805433 ], [ 38.276346930961189, 47.05753245678811 ], [ 38.278860422249707, 47.057141296747162 ], [ 38.278288036248171, 47.055423592824759 ], [ 38.280801401893072, 47.055032403424974 ], [ 38.280228995716072, 47.053314717013031 ], [ 38.282742235729238, 47.052923498261571 ], [ 38.282169809388193, 47.051205829360725 ], [ 38.284682923781475, 47.05081458126471 ], [ 38.284110477287832, 47.049096929875596 ], [ 38.286623466073102, 47.048705652442209 ], [ 38.286050999438274, 47.046988018565415 ], [ 38.290504113467648, 47.044487759351213 ], [ 38.289359152428581, 47.041052555798963 ], [ 38.291871691627186, 47.040661213762334 ], [ 38.291299217363914, 47.038943626573769 ], [ 38.293811631013618, 47.038552255229675 ], [ 38.293239136654577, 47.036834685555185 ], [ 38.295751424767239, 47.036443284910817 ], [ 38.295178910323841, 47.03472573275107 ], [ 38.297691072911292, 47.034334302813498 ], [ 38.29711853839494, 47.032616768169113 ], [ 38.301569932463849, 47.030116303314671 ], [ 38.300424835927252, 47.026681298235268 ], [ 38.302936549251953, 47.026289803834054 ], [ 38.302364007304448, 47.024572315882942 ], [ 38.304875595163033, 47.024180792218495 ], [ 38.304303033187914, 47.022463321784507 ], [ 38.306814495592235, 47.022071768863938 ], [ 38.306241913600893, 47.020354315947678 ], [ 38.308753250562795, 47.019962733778172 ], [ 38.308180648566584, 47.018245298380236 ], [ 38.31069186009794, 47.017853686968913 ], [ 38.310119238108285, 47.016136269089941 ], [ 38.314568642954974, 47.013635558210993 ], [ 38.3134233717821, 47.010200786672257 ], [ 38.315934134421525, 47.009809110959502 ], [ 38.315361505231522, 47.008091739780021 ], [ 38.317872142499411, 47.007700034855347 ], [ 38.317299493361212, 47.005982681196585 ], [ 38.319810005269396, 47.00559094706712 ], [ 38.319237336194362, 47.003873610929681 ], [ 38.321747722754701, 47.003481847602565 ], [ 38.321175033754209, 47.001764528987103 ], [ 38.325622721964088, 46.999263613675474 ], [ 38.324477317034074, 46.995829040671779 ], [ 38.326987255025855, 46.995437213182555 ], [ 38.326414559021558, 46.99371994127165 ], [ 38.328924371724447, 46.993328084614646 ], [ 38.328351655839867, 46.991610830227401 ], [ 38.330861343265731, 46.991218944409773 ], [ 38.330288607512216, 46.989501707546836 ], [ 38.332798169672891, 46.989109792575682 ], [ 38.332225414061789, 46.987392573237685 ], [ 38.336671387177532, 46.984891454050818 ], [ 38.335525849290384, 46.981457079610124 ], [ 38.338034963205637, 46.981065100616078 ], [ 38.337462200786895, 46.979347927987703 ], [ 38.331871500598531, 46.97841456139021 ], [ 38.330726529208725, 46.97498009324007 ], [ 38.325136356431251, 46.974046311893211 ], [ 38.323991990990947, 46.970611715048875 ], [ 38.321483173996903, 46.971003320286229 ], [ 38.320911142728271, 46.969285989703188 ], [ 38.315321662237317, 46.968351612719296 ], [ 38.314178152758601, 46.964916828813628 ], [ 38.308589199667111, 46.963982037325614 ], [ 38.307446295679114, 46.960547124891129 ], [ 38.304937723186761, 46.960938304043005 ], [ 38.304366422529583, 46.959220815706232 ], [ 38.298778161752111, 46.958285428919275 ], [ 38.297636113107252, 46.954850329659806 ], [ 38.295127672951637, 46.955241257919234 ], [ 38.294556799900121, 46.95352367619428 ], [ 38.288969231462971, 46.952587694304263 ], [ 38.287828037806449, 46.949152408358735 ], [ 38.282240996757388, 46.948216012352006 ], [ 38.281100407869317, 46.944780598140049 ], [ 38.278592212660179, 46.945171100615298 ], [ 38.278022069372412, 46.943453361455383 ], [ 38.272435720690098, 46.942516370683677 ], [ 38.271295986172092, 46.939080770021683 ], [ 38.265710164865204, 46.938143365378401 ], [ 38.264571034657095, 46.934707636614981 ], [ 38.262063084670324, 46.935097713497406 ], [ 38.261493670607912, 46.93337981710296 ], [ 38.255908541693529, 46.9324418180328 ], [ 38.254770265237291, 46.929005903055128 ], [ 38.249185663685218, 46.928067490358501 ], [ 38.248047991080448, 46.924631447444263 ], [ 38.245540286591321, 46.925021098925271 ], [ 38.244971601215994, 46.923303045496652 ], [ 38.239387692081486, 46.922364038711173 ], [ 38.2382508726105, 46.91892780981825 ], [ 38.232667490824703, 46.917988389651427 ], [ 38.231531274746892, 46.914552032986677 ], [ 38.229023816030036, 46.914941259257773 ], [ 38.228455858803613, 46.91322304899505 ], [ 38.22287316945976, 46.912283035077373 ], [ 38.22173780589776, 46.908846492669348 ], [ 38.216155643888548, 46.907906065615364 ], [ 38.215020883261509, 46.904469395600067 ], [ 38.212513670590958, 46.904858196852793 ], [ 38.21194644097536, 46.90313982995594 ], [ 38.206364971431817, 46.902198809489093 ], [ 38.20523106270273, 46.898761953965753 ], [ 38.202723983305368, 46.899150504939826 ], [ 38.202157179572943, 46.897432045313124 ], [ 38.196576402519099, 46.896490431629246 ], [ 38.195443345333494, 46.893053390736149 ], [ 38.189863095598753, 46.892111364303148 ], [ 38.188730640626723, 46.888674196063874 ], [ 38.186223807714875, 46.889062322321429 ], [ 38.18565773074647, 46.887343706377834 ], [ 38.180078173524073, 46.886401087065742 ], [ 38.178946569477837, 46.882963733691632 ], [ 38.173367539559266, 46.882020701875391 ], [ 38.172236537268667, 46.878583221319303 ], [ 38.169729951114718, 46.878970923051966 ], [ 38.169164600372568, 46.87725215099104 ], [ 38.163586262988304, 46.876308526633629 ], [ 38.162456111005916, 46.872870861177375 ], [ 38.156878300909739, 46.871926824560788 ], [ 38.155748750225165, 46.868489032086636 ], [ 38.153242411100898, 46.868876309486204 ], [ 38.152677786047313, 46.867157381507198 ], [ 38.147100668506717, 46.86621275268736 ], [ 38.145971967512892, 46.862774775547514 ], [ 38.143465762258181, 46.863161803062638 ], [ 38.139831301235475, 46.860110685581574 ], [ 38.132312653026119, 46.861271157286168 ], [ 38.131748846069151, 46.859552033109416 ], [ 38.12422994848022, 46.860711963300659 ], [ 38.123666410587383, 46.858992764113232 ], [ 38.116147263859986, 46.860152152767377 ], [ 38.115583995043629, 46.858432878603502 ], [ 38.10555803064706, 46.859977903091121 ], [ 38.104995103362349, 46.858258530915158 ], [ 38.097475303799015, 46.859416678953956 ], [ 38.0969126456271, 46.857697231879861 ], [ 38.089392597717449, 46.858854838292878 ], [ 38.088830208670593, 46.857135316354892 ], [ 38.081309912655811, 46.858292381118559 ], [ 38.080747792746216, 46.856572784350924 ], [ 38.073227248867504, 46.857729307441708 ], [ 38.072665398107368, 46.856009635878671 ], [ 38.065144606605962, 46.857165617273125 ], [ 38.064583025007401, 46.855445870948955 ], [ 38.057061986124545, 46.856601310623603 ], [ 38.056500673699716, 46.854881489572577 ], [ 38.046472189103994, 46.856421248422876 ], [ 38.045911218395467, 46.854701329680879 ], [ 38.038389530689081, 46.855855528243602 ], [ 38.037828829190069, 46.854135534853086 ], [ 38.030306894894757, 46.855289191608392 ], [ 38.029746462617304, 46.853569123603663 ], [ 38.022224281974353, 46.854722238528282 ], [ 38.021664118930424, 46.853002095943594 ], [ 38.01414169218112, 46.854154669014349 ], [ 38.013581798382688, 46.852434451883994 ], [ 38.006059125768374, 46.853586483077699 ], [ 38.005499501227348, 46.851866191435967 ], [ 37.997976582989345, 46.853017680729522 ], [ 37.997417227717641, 46.851297314610683 ], [ 37.987386239991459, 46.852831805958402 ], [ 37.986827226618587, 46.851111342470027 ], [ 37.979303663571812, 46.85226159016041 ], [ 37.978744919503519, 46.850541052273343 ], [ 37.971221111625994, 46.851690757977011 ], [ 37.970662636874096, 46.849970145725592 ], [ 37.96313858440719, 46.851119309419587 ], [ 37.962580378983439, 46.849398622838109 ], [ 37.955056082168575, 46.850547244499531 ], [ 37.954498146084688, 46.848826483622304 ], [ 37.946973605163272, 46.849974563228336 ], [ 37.94641593843096, 46.848253728089674 ], [ 37.936382789436919, 46.849783672905119 ], [ 37.935825464760654, 46.848062740674472 ], [ 37.928300282495677, 46.849209578254289 ], [ 37.927743227205816, 46.847488571840685 ], [ 37.920217801627544, 46.848634867279443 ], [ 37.919661015735677, 46.846913786717188 ], [ 37.912135347085588, 46.848059539992249 ], [ 37.911578830603304, 46.846338385315697 ], [ 37.904052919122876, 46.847483596404423 ], [ 37.903496672061692, 46.845762367647893 ], [ 37.895970517992438, 46.846907036527718 ], [ 37.895414540363852, 46.845185733725572 ], [ 37.885379242817194, 46.846711130626453 ], [ 37.8848236074003, 46.844989731010067 ], [ 37.877296815454365, 46.84613315744464 ], [ 37.876741449504458, 46.844411683861196 ], [ 37.869214415763288, 46.845554568002086 ], [ 37.868659319291751, 46.843833020485874 ], [ 37.861132043996911, 46.844975362310748 ], [ 37.860577217015134, 46.843253740896124 ], [ 37.853049700408157, 46.844395540382628 ], [ 37.852495142927481, 46.84267384510396 ], [ 37.842458030607958, 46.844195415911308 ], [ 37.841903815470317, 46.842473624052211 ], [ 37.834375663902946, 46.843614180740076 ], [ 37.833821718300399, 46.841892315095514 ], [ 37.826293326214781, 46.843032329361023 ], [ 37.825739650158567, 46.841310389965365 ], [ 37.818211017796315, 46.842449861786349 ], [ 37.817657611297633, 46.840727848673978 ], [ 37.81012873890041, 46.841866778028354 ], [ 37.809575601970415, 46.840144691233618 ], [ 37.80204648977984, 46.841283078099316 ], [ 37.801493622429703, 46.83956091765662 ], [ 37.791454384978593, 46.841077938028171 ], [ 37.790901860124222, 46.839355681283223 ], [ 37.783372116443225, 46.840492824938572 ], [ 37.782819861202249, 46.838770494624285 ], [ 37.775289878522109, 46.839907095707865 ], [ 37.77473789290557, 46.83818469185865 ], [ 37.767207671467972, 46.839320750348584 ], [ 37.766655955486861, 46.837598272998811 ], [ 37.75912549553351, 46.838733788873299 ], [ 37.758574049198835, 46.837011238057357 ], [ 37.748533016676546, 46.838524430208963 ], [ 37.747981912966502, 46.836801783324894 ], [ 37.740450824441631, 46.837936055641812 ], [ 37.739899990411196, 46.836213335370282 ], [ 37.732368664165016, 46.837347064989409 ], [ 37.731818099825041, 46.835624271364807 ], [ 37.724286536099356, 46.836757458264536 ], [ 37.723736241460692, 46.835034591321275 ], [ 37.713693738819984, 46.836544677983539 ], [ 37.713143786911679, 46.8348217151621 ], [ 37.705611596981605, 46.835953658219992 ], [ 37.705061914807473, 46.834230622158628 ], [ 37.697529488192536, 46.835362022415389 ], [ 37.696980075763342, 46.833638913148519 ], [ 37.689447412705377, 46.834769770582724 ], [ 37.688898270031792, 46.833046588144782 ], [ 37.681365370772632, 46.834176902735017 ], [ 37.680816497865372, 46.83245364716042 ], [ 37.670772216460627, 46.833959903848438 ], [ 37.670223686410573, 46.832236552630036 ], [ 37.662690163868014, 46.833365623036322 ], [ 37.66214190361675, 46.831642198760058 ], [ 37.654608145667943, 46.832770726241456 ], [ 37.654060155226055, 46.831047228941749 ], [ 37.64652616211287, 46.832175213477022 ], [ 37.645978441490861, 46.830451643188319 ], [ 37.638444213455188, 46.831579084756306 ], [ 37.637896762663608, 46.829855441513061 ], [ 37.627850711504855, 46.831357867278349 ], [ 37.627303603696248, 46.829634128625862 ], [ 37.619768755299319, 46.830760325670624 ], [ 37.619221917353229, 46.829036514142409 ], [ 37.616710273567371, 46.829411784989873 ], [ 37.615616895159867, 46.825964100711076 ], [ 37.610047281724405, 46.824990498771662 ], [ 37.608954498141671, 46.821542692097658 ], [ 37.606443068992974, 46.821917692075694 ], [ 37.605896825871667, 46.820193758152264 ], [ 37.600327916349229, 46.819219570422732 ], [ 37.59923597432023, 46.81577158569192 ], [ 37.596724686750768, 46.816146337340399 ], [ 37.596178864339784, 46.814422314412283 ], [ 37.593667599605723, 46.814796990779278 ], [ 37.592576251938873, 46.81134888381456 ], [ 37.587008412011585, 46.810373881822301 ], [ 37.585917658510411, 46.806925652690005 ], [ 37.583406608612485, 46.807300058381735 ], [ 37.582861380367191, 46.805575913286013 ], [ 37.577294244342347, 46.804600325987749 ], [ 37.576204331503781, 46.801151919124329 ], [ 37.570637730234566, 46.800175924993205 ], [ 37.569548411099255, 46.796727396123288 ], [ 37.567037621952757, 46.797101380768375 ], [ 37.566493110774793, 46.795377085844137 ], [ 37.560927213407176, 46.794400506747778 ], [ 37.559838734309601, 46.790951800377357 ], [ 37.554273371665609, 46.789974814694844 ], [ 37.553185485808953, 46.786525986478871 ], [ 37.550674957669067, 46.786899550273183 ], [ 37.550131163014868, 46.785175105716142 ], [ 37.544566504271003, 46.784197535409149 ], [ 37.543479457827367, 46.780748529923045 ], [ 37.537915333774599, 46.77977055327657 ], [ 37.536828880109745, 46.776321426105746 ], [ 37.534318613230994, 46.77669456924518 ], [ 37.533775534557172, 46.774969975250904 ], [ 37.528212114402443, 46.773991414320676 ], [ 37.52712649952597, 46.770542110109886 ], [ 37.521563614029411, 46.76956314308682 ], [ 37.520478591469676, 46.766113717351985 ], [ 37.517968586106043, 46.766486440032487 ], [ 37.517426222869268, 46.76476169679637 ], [ 37.511864041267991, 46.763782145830248 ], [ 37.510779856872198, 46.760332543285422 ], [ 37.505218209895702, 46.759352586473021 ], [ 37.504134617354723, 46.755902862564668 ], [ 37.501624873759532, 46.75627516498227 ], [ 37.501083225416671, 46.754550272699525 ], [ 37.49552228233204, 46.753569732284724 ], [ 37.494439527330705, 46.750119831796177 ], [ 37.488879118837033, 46.749138885781683 ], [ 37.48779695522871, 46.745688864089985 ], [ 37.485287473654694, 46.74606074644074 ], [ 37.484746539662723, 46.744335705306391 ], [ 37.479186835056865, 46.74335417603011 ], [ 37.478105508364038, 46.739903977987794 ], [ 37.472546338314871, 46.738922043358329 ], [ 37.471465602553408, 46.735471724273118 ], [ 37.468956383252653, 46.735843186753122 ], [ 37.468416163068717, 46.73411799696207 ], [ 37.46285769690266, 46.733135479411395 ], [ 37.461777797432646, 46.729684984204937 ], [ 37.456219865788583, 46.728702061547558 ], [ 37.455140556788436, 46.725251445458284 ], [ 37.452631600012431, 46.725622488263731 ], [ 37.452092093093789, 46.72389715001065 ], [ 37.446534865327472, 46.722913644772653 ], [ 37.445456391994902, 46.719462852791295 ], [ 37.439899698715408, 46.718478942693025 ], [ 37.438821815391321, 46.715028029988822 ], [ 37.43631312139096, 46.71539865331588 ], [ 37.432726985013304, 46.712318201103024 ], [ 37.427709640952742, 46.71305909503176 ], [ 37.427171165023594, 46.71133353129607 ], [ 37.424662491604337, 46.711703876890809 ], [ 37.424124138284583, 46.709978285661499 ], [ 37.421615488291792, 46.710348556280415 ], [ 37.421077257569742, 46.708622937563618 ], [ 37.418568631014551, 46.708993133210996 ], [ 37.414983934210404, 46.70591193401961 ], [ 37.409966725371596, 46.706651972672319 ], [ 37.409428935389286, 46.704926249352674 ], [ 37.406920329679451, 46.705296167329628 ], [ 37.403336535138976, 46.702214481342814 ], [ 37.398319368210139, 46.702953964703774 ], [ 37.39473620734784, 46.699871921931837 ], [ 37.389719035567495, 46.700610999947706 ], [ 37.38613650839465, 46.697528600493712 ], [ 37.375565390528912, 46.697279708627235 ], [ 37.371983862240036, 46.694196725817719 ], [ 37.366966629766239, 46.694934737805191 ], [ 37.366430429917656, 46.693208629540919 ], [ 37.361413145957457, 46.693946386105615 ], [ 37.360877141588077, 46.692220228351097 ], [ 37.35585980622097, 46.692957729496364 ], [ 37.355323997324028, 46.691231522268978 ], [ 37.350306610629481, 46.691968767998198 ], [ 37.34977099719822, 46.690242511315361 ], [ 37.334182965820155, 46.690726454082075 ], [ 37.333647889452138, 46.689000054378099 ], [ 37.32863015207991, 46.689736322625286 ], [ 37.328095271167619, 46.688009873532202 ], [ 37.320568514799426, 46.68911381355192 ], [ 37.320033902430929, 46.687387293024358 ], [ 37.309997830120345, 46.688858385271665 ], [ 37.309463559415867, 46.687131771294069 ], [ 37.299426991937338, 46.688601930046012 ], [ 37.298893062932997, 46.686875222675582 ], [ 37.286346612343259, 46.688711622030091 ], [ 37.28581309822421, 46.686984799302572 ], [ 37.265736806379017, 46.689920113756216 ], [ 37.265203926765139, 46.688193109757329 ], [ 37.217511533328349, 46.695150500120477 ], [ 37.218043021331219, 46.696877921518166 ], [ 37.197956133183069, 46.699801810120185 ], [ 37.198487083602792, 46.701529401786466 ], [ 37.185930820523723, 46.703355221075377 ], [ 37.186461453079112, 46.705082917140849 ], [ 37.166898395141935, 46.709729515042319 ], [ 37.166368300902739, 46.708001648970665 ], [ 37.163856436822194, 46.708366252035212 ], [ 37.160284775740266, 46.705274966994892 ], [ 37.155261096936293, 46.706003820667156 ], [ 37.154731443031828, 46.704275851644709 ], [ 37.152219603782228, 46.704640177125846 ], [ 37.148648848137427, 46.701548408681397 ], [ 37.143625219213156, 46.702276707237182 ], [ 37.143096005539967, 46.700548635347161 ], [ 37.140584191294678, 46.700912683282056 ], [ 37.137014341053444, 46.697820431636956 ], [ 37.131990762355507, 46.698548175150769 ], [ 37.12842154840267, 46.695455569262371 ], [ 37.117845889580728, 46.695181739581493 ], [ 37.114277679165362, 46.692088554204204 ], [ 37.109254055059246, 46.69281523147982 ], [ 37.10872611276563, 46.691086856602446 ], [ 37.098150974328, 46.690811020666537 ], [ 37.097095920796363, 46.687354070937815 ], [ 37.094584134843828, 46.687717030850635 ], [ 37.09352942283008, 46.684260017104407 ], [ 37.091017735148718, 46.684622880437708 ], [ 37.089963364572604, 46.681165802694899 ], [ 37.087451775166514, 46.68152856946277 ], [ 37.086397745947799, 46.678071427744186 ], [ 37.083886254821131, 46.678434097960789 ], [ 37.082832566879596, 46.674976892287283 ], [ 37.080321174036442, 46.675339465966708 ], [ 37.079267827291879, 46.671882196359164 ], [ 37.076756532736354, 46.672244673515493 ], [ 37.072139666253548, 46.665692323229024 ], [ 37.066591309127034, 46.664688088703258 ], [ 37.065539229350186, 46.661230573745136 ], [ 37.059991411000766, 46.660225938063959 ], [ 37.058939915841513, 46.656768305625739 ], [ 37.053392636242585, 46.655763268892869 ], [ 37.052341725504206, 46.652305519039366 ], [ 37.04983099724042, 46.652667289680672 ], [ 37.049305687940233, 46.650938385412189 ], [ 37.046794984629067, 46.651300081358507 ], [ 37.046269797158317, 46.649571150294499 ], [ 37.040723399784184, 46.648565360266112 ], [ 37.039673560493839, 46.645107385920397 ], [ 37.037163005495202, 46.645468836102808 ], [ 37.036638231834814, 46.643739819618474 ], [ 37.034127701831878, 46.644101195127575 ], [ 37.033603049942151, 46.642372151873943 ], [ 37.031092544945807, 46.642733452714104 ], [ 37.030568014814868, 46.64100438269724 ], [ 37.025022671501539, 46.63999766361421 ], [ 37.022401721625485, 46.631351995371851 ], [ 37.024911809727776, 46.630990952277891 ], [ 37.020196483732541, 46.615428625781789 ], [ 37.022705863603619, 46.615067724835036 ], [ 37.015900787470372, 46.592588367460841 ], [ 37.013392359948931, 46.592948986781558 ], [ 37.008686585926789, 46.577385659846357 ], [ 37.006178768980696, 46.577746031459995 ], [ 37.00304419258935, 46.56737012334149 ], [ 37.000536766445705, 46.567730312286272 ], [ 36.998448303841251, 46.560812852902494 ], [ 36.995941122123597, 46.561172902497802 ], [ 36.994375499502894, 46.55598469022204 ], [ 36.991868489057943, 46.556344622123191 ], [ 36.989781957586324, 46.549426848848142 ], [ 36.987275191494831, 46.549786641474334 ], [ 36.986232360211304, 46.546327681447366 ], [ 36.9837256922672, 46.54668737803933 ], [ 36.978092511762831, 46.536669761944147 ], [ 36.975586186260088, 46.537029223332453 ], [ 36.974544561438627, 46.533570053365011 ], [ 36.972038334081965, 46.53392941877231 ], [ 36.970997047220607, 46.530470185568724 ], [ 36.968490918013856, 46.530829455009076 ], [ 36.967449969033076, 46.527370158589946 ], [ 36.964943937980067, 46.527729332077385 ], [ 36.960357120446886, 46.521169627223593 ], [ 36.954825484266138, 46.520157775648322 ], [ 36.95024072236285, 46.513597445767125 ], [ 36.944709987607617, 46.51258497224994 ], [ 36.943671210261066, 46.509125253891568 ], [ 36.938141011773304, 46.50811238191632 ], [ 36.937102813368512, 46.50465254744617 ], [ 36.934597446889811, 46.50501092256075 ], [ 36.934078492386902, 46.503280976309675 ], [ 36.931573151120347, 46.503639277116079 ], [ 36.931054317403273, 46.50190930435231 ], [ 36.925524997606352, 46.500895683787682 ], [ 36.924487860998035, 46.497435627259001 ], [ 36.921982668429266, 46.497793683659118 ], [ 36.921464244740932, 46.496063626408734 ], [ 36.918959077426628, 46.496421608522411 ], [ 36.918440774465644, 46.494691524785303 ], [ 36.915935632416499, 46.495049432616881 ], [ 36.915417450171077, 46.493319322399095 ], [ 36.912912333397806, 46.49367715595298 ], [ 36.912394271856144, 46.491947019260564 ], [ 36.90988918036944, 46.492304778541119 ], [ 36.909371239519722, 46.490574615380062 ], [ 36.906866173330307, 46.490932300391684 ], [ 36.906348353160723, 46.489202110768041 ], [ 36.903843312279285, 46.489559721515121 ], [ 36.903325612778055, 46.487829505434924 ], [ 36.900820597215279, 46.488187041921826 ], [ 36.900303018370572, 46.4864567993911 ], [ 36.89779802813716, 46.486814261622222 ], [ 36.89728056993718, 46.485083992646977 ], [ 36.89477560504384, 46.485441380626732 ], [ 36.894258267476758, 46.483711085213017 ], [ 36.891753327934161, 46.484068398945752 ], [ 36.888214100470371, 46.480964968317139 ], [ 36.883204275245198, 46.48167924604072 ], [ 36.882687372495873, 46.479948849894136 ], [ 36.880182461473801, 46.480305888132165 ], [ 36.879665679309582, 46.478575465575396 ], [ 36.877160793692234, 46.478932429584198 ], [ 36.873622730869911, 46.475828395048147 ], [ 36.868613013761909, 46.476541973393033 ], [ 36.865075582441364, 46.473437589206334 ], [ 36.860065872062599, 46.474150765130091 ], [ 36.859549838635601, 46.472420167764461 ], [ 36.857044985162844, 46.472776655127269 ], [ 36.856529072248911, 46.471046031395986 ], [ 36.851519368786398, 46.471758804930055 ], [ 36.847983200484514, 46.468653721751679 ], [ 36.842973504125226, 46.469366092927615 ], [ 36.842458098685071, 46.467635347332156 ], [ 36.837448358492139, 46.468347464550135 ], [ 36.836933146526754, 46.466616671228344 ], [ 36.83192336257823, 46.46732853449268 ], [ 36.831408344079911, 46.465597693461866 ], [ 36.82639851645385, 46.466309302776864 ], [ 36.825883691414901, 46.464578414054294 ], [ 36.820873820189355, 46.46528976942426 ], [ 36.820359188602076, 46.463558833027214 ], [ 36.81534927385507, 46.464269934456517 ], [ 36.814834835711743, 46.462538950402262 ], [ 36.807319827379807, 46.463605142433508 ], [ 36.806805655711742, 46.461874089384551 ], [ 36.801795559459869, 46.462584577330567 ], [ 36.801281581224977, 46.460853476666088 ], [ 36.793766300981595, 46.4619187484668 ], [ 36.793252589225908, 46.460187578866304 ], [ 36.78573710233114, 46.461252311321992 ], [ 36.785223657061564, 46.459521072819854 ], [ 36.777707963753123, 46.46058526591446 ], [ 36.777194784976551, 46.458853958544999 ], [ 36.76717349116246, 46.460272057841308 ], [ 36.766660651974817, 46.458540660334023 ], [ 36.751627732791469, 46.460666096419232 ], [ 36.751115379449274, 46.458934566256019 ], [ 36.733575338178625, 46.461411688156467 ], [ 36.73306354394208, 46.459680004193174 ], [ 36.680431102552717, 46.467095378504624 ], [ 36.680941359501162, 46.468827508353364 ], [ 36.663392088454152, 46.471294263541886 ], [ 36.663901879441923, 46.473026536892107 ], [ 36.651364909543503, 46.474787022678306 ], [ 36.651874380914236, 46.47651939707108 ], [ 36.641843666262361, 46.477926917197799 ], [ 36.642352891194406, 46.479659371414705 ], [ 36.634829142169458, 46.48071451882393 ], [ 36.635338193922387, 46.482447031677609 ], [ 36.625305577976071, 46.483853237762773 ], [ 36.62581438306357, 46.485585830377119 ], [ 36.620797646761595, 46.486288657755367 ], [ 36.621306351922136, 46.488021287825333 ], [ 36.613780675387567, 46.489075194782032 ], [ 36.614289207134817, 46.490807883431508 ], [ 36.609271708062437, 46.491510265271302 ], [ 36.60978013978675, 46.493242991357675 ], [ 36.604762306228139, 46.493945203364177 ], [ 36.60527063788971, 46.495677966880372 ], [ 36.597743315501113, 46.496730950524864 ], [ 36.598251473558733, 46.498463772578155 ], [ 36.593232877271049, 46.499165538706748 ], [ 36.591739524444655, 46.502982098536819 ], [ 36.586720352878658, 46.503683630790206 ], [ 36.587228283891633, 46.505416543954802 ], [ 36.577696767952595, 46.508552048848642 ], [ 36.576202137957374, 46.512368578571348 ], [ 36.57118172195392, 46.513069536578179 ], [ 36.569686549987864, 46.516886056547357 ], [ 36.56466555852144, 46.517586780328642 ], [ 36.565173034652254, 46.519319875597581 ], [ 36.562662395040093, 46.519670178911987 ], [ 36.563169844354505, 46.521403290464342 ], [ 36.560659084267904, 46.521753561746181 ], [ 36.559163021827857, 46.52557007293958 ], [ 36.554140972872503, 46.526270434202999 ], [ 36.55464826798066, 46.528003615672716 ], [ 36.552137099587078, 46.52835373768125 ], [ 36.552644367819461, 46.530086935429146 ], [ 36.550133078910015, 46.530437025370681 ], [ 36.548636125263471, 46.534253527564729 ], [ 36.541101394914527, 46.535303445464471 ], [ 36.5405944016577, 46.53357015197772 ], [ 36.535571161566033, 46.534269789354909 ], [ 36.535064362577025, 46.532536448975861 ], [ 36.530041082848065, 46.533235831621155 ], [ 36.529534478118563, 46.531502444367142 ], [ 36.524511158830606, 46.532201572285373 ], [ 36.52400474835234, 46.530468138173767 ], [ 36.516469640099942, 46.531516368219506 ], [ 36.515963497622522, 46.529782866240339 ], [ 36.510940006018174, 46.530481378384138 ], [ 36.510434057779854, 46.5287478295892 ], [ 36.499881202773068, 46.5284104941368 ], [ 36.498870129870681, 46.524943204624726 ], [ 36.496358422352877, 46.525292084214406 ], [ 36.493326765872354, 46.514889975405687 ], [ 36.490815454226784, 46.515238675856743 ], [ 36.488290724666214, 46.506570016053765 ], [ 36.485779735036203, 46.506918558425163 ], [ 36.484265677561282, 46.501717242547755 ], [ 36.481754862468769, 46.502065668844281 ], [ 36.479737065883882, 46.495130430599694 ], [ 36.477226498995314, 46.495478719880715 ], [ 36.475713861298736, 46.490277178444913 ], [ 36.473203468901374, 46.490625351710605 ], [ 36.472195423712215, 46.48715759177513 ], [ 36.469685132131829, 46.487505670005461 ], [ 36.468173634081623, 46.48230393167303 ], [ 36.465663516971773, 46.482651893934097 ], [ 36.464656231316539, 46.479184002784244 ], [ 36.462146215022578, 46.479531870043765 ], [ 36.460635855927912, 46.474329934964942 ], [ 36.458126014083774, 46.474677686301227 ], [ 36.453603552838402, 46.468089237353105 ], [ 36.448081346040873, 46.467050216617046 ], [ 36.443560925104634, 46.460461158116999 ], [ 36.438039628813421, 46.459421523295326 ], [ 36.437034913360606, 46.455953155482341 ], [ 36.434525630106677, 46.456300284138557 ], [ 36.433521247190413, 46.452831855648562 ], [ 36.431012064784625, 46.453178889425331 ], [ 36.430510016398408, 46.451444647209918 ], [ 36.424989804913736, 46.450404225018971 ], [ 36.423986233988138, 46.446935633466587 ], [ 36.421477207001367, 46.447282424447771 ], [ 36.420975564543717, 46.445548100723798 ], [ 36.418466564856601, 46.445894817746606 ], [ 36.417965042246628, 46.444160468437076 ], [ 36.412445722038655, 46.443119305736538 ], [ 36.411443202377967, 46.439650500106275 ], [ 36.408934358223071, 46.439996974418257 ], [ 36.408433241313453, 46.438262543684836 ], [ 36.405924424498998, 46.43860894406069 ], [ 36.405423427377698, 46.436874487767405 ], [ 36.402914637914108, 46.437220814211642 ], [ 36.402413760569061, 46.435486332364448 ], [ 36.399904998466717, 46.435832584881567 ], [ 36.399404240885914, 46.434098077486446 ], [ 36.396895506155211, 46.434444256080972 ], [ 36.396394868326595, 46.432709723143887 ], [ 36.393886160977907, 46.433055827820326 ], [ 36.393385642889456, 46.431321269347237 ], [ 36.390876962933163, 46.431667300110114 ], [ 36.39037656457284, 46.429932716107011 ], [ 36.387867912019352, 46.430278672960846 ], [ 36.387367633375085, 46.428544063433677 ], [ 36.384859008234756, 46.428889946382974 ], [ 36.384358849294529, 46.427155311337735 ], [ 36.38185025157776, 46.427501120386992 ], [ 36.381350212329522, 46.425766459829624 ], [ 36.378841642046666, 46.426112194983396 ], [ 36.375333379739438, 46.422988458618953 ], [ 36.37031630287666, 46.423679580297829 ], [ 36.369816696192174, 46.421944822431726 ], [ 36.367308162189524, 46.422290282852657 ], [ 36.366808675148008, 46.420555499502484 ], [ 36.364300168631964, 46.420900886046311 ], [ 36.363800801221373, 46.41916607721803 ], [ 36.358284622898807, 46.418121794392079 ], [ 36.357286412568072, 46.414652070185944 ], [ 36.354778062129782, 46.414997214338356 ], [ 36.352782487995562, 46.408057626724279 ], [ 36.350274385713185, 46.4084026346803 ], [ 36.348279841779693, 46.401462889255086 ], [ 36.34577198760428, 46.401807761055672 ], [ 36.344276782984082, 46.396602840686953 ], [ 36.341769103367596, 46.396947597136474 ], [ 36.340274532856299, 46.391742572513657 ], [ 36.337767027781574, 46.392087213638412 ], [ 36.336771024102383, 46.388617132408754 ], [ 36.334263620072953, 46.388961678986242 ], [ 36.332770179368673, 46.383756459957915 ], [ 36.330262949859517, 46.384100891256558 ], [ 36.329267699156269, 46.38063068047277 ], [ 36.326760570690681, 46.380975017257896 ], [ 36.325765650433169, 46.37750474638527 ], [ 36.323258623013722, 46.377848988671083 ], [ 36.322264033122899, 46.374378657729558 ], [ 36.319757106752135, 46.374722805530176 ], [ 36.315262092434814, 46.368126016849864 ], [ 36.309751848992704, 46.367078607672504 ], [ 36.305258861821102, 46.360481214933266 ], [ 36.299749527145359, 46.359433195289583 ], [ 36.298757064621903, 46.355962462958679 ], [ 36.293248271522373, 46.354914051824601 ], [ 36.292256377076001, 46.351443208936381 ], [ 36.289750140070083, 46.351786569052379 ], [ 36.289254334830112, 46.350051119980606 ], [ 36.286748125517867, 46.350394406415425 ], [ 36.286252439386878, 46.348658932036962 ], [ 36.280744536850406, 46.347609784202028 ], [ 36.279753686626812, 46.344138729631524 ], [ 36.277247633855367, 46.344481774383752 ], [ 36.276752350642646, 46.342746219500086 ], [ 36.274246325605034, 46.343089190593432 ], [ 36.273751161442, 46.341353610428612 ], [ 36.271245164148446, 46.34169650786761 ], [ 36.270750119023091, 46.339960902427563 ], [ 36.268244149483877, 46.340303726216767 ], [ 36.267749223384129, 46.338568095507441 ], [ 36.265243281609486, 46.338910845651341 ], [ 36.264748474523344, 46.337175189678646 ], [ 36.262242560523518, 46.337517866181827 ], [ 36.261747872438939, 46.335782184951718 ], [ 36.259241986224168, 46.336124787818683 ], [ 36.258747417129115, 46.334389081337065 ], [ 36.256241558709647, 46.334731610572362 ], [ 36.255747108592061, 46.332995878845189 ], [ 36.253241277978141, 46.333338334453366 ], [ 36.252746946825994, 46.331602577486557 ], [ 36.250241144027846, 46.331944959472132 ], [ 36.249746931829115, 46.33020917727162 ], [ 36.247241156856973, 46.330551485639127 ], [ 36.246747063599599, 46.328815678210859 ], [ 36.244241316463686, 46.329157912964845 ], [ 36.243747342135642, 46.327422080314726 ], [ 36.241241622846189, 46.327764241459739 ], [ 36.240747767435444, 46.326028383593716 ], [ 36.238242076002685, 46.326370471134261 ], [ 36.237748339497173, 46.32463458805826 ], [ 36.235242675931332, 46.324976601998934 ], [ 36.23174992389913, 46.321846700585951 ], [ 36.226738662811037, 46.322530381103718 ], [ 36.226245356331887, 46.320794401838207 ], [ 36.223739730953866, 46.321136142015568 ], [ 36.220247877092866, 46.318005774540175 ], [ 36.215236692586906, 46.31868890758583 ], [ 36.211745471257309, 46.315558198132905 ], [ 36.206734307709908, 46.316240930912791 ], [ 36.206241742162938, 46.314504784656414 ], [ 36.203736165662363, 46.314846050986638 ], [ 36.203243718909498, 46.31310987958615 ], [ 36.198232576503251, 46.313792212134366 ], [ 36.194742620229675, 46.31066081903775 ], [ 36.189731499147165, 46.311342751388501 ], [ 36.189239555489003, 46.309606463496756 ], [ 36.18422839979133, 46.310288142761856 ], [ 36.183736648276259, 46.308551809219438 ], [ 36.178725458040319, 46.309233235404328 ], [ 36.178233898659506, 46.307496856228454 ], [ 36.173222673962172, 46.308178029338578 ], [ 36.172731306706751, 46.306441604546443 ], [ 36.167720047624911, 46.307122524587271 ], [ 36.167228872486028, 46.305386054196106 ], [ 36.162217579096549, 46.306066721173089 ], [ 36.161726596065321, 46.304330205200131 ], [ 36.156715268445055, 46.305010619118768 ], [ 36.156224477512595, 46.30327405758122 ], [ 36.148707366995737, 46.304294219357033 ], [ 36.148216841582148, 46.302557591779156 ], [ 36.143205355289055, 46.303237393563556 ], [ 36.142715021960576, 46.301500720462663 ], [ 36.135197673776915, 46.302519964036662 ], [ 36.134707605966923, 46.300783224954223 ], [ 36.124684136262204, 46.302141392142353 ], [ 36.124194407431617, 46.30040456665003 ], [ 36.11667655135799, 46.301422573834131 ], [ 36.116187088063747, 46.299685682439133 ], [ 36.10616294200009, 46.301042201031294 ], [ 36.105673817726426, 46.299305223328432 ], [ 36.093142987760693, 46.300999575884724 ], [ 36.092654276034459, 46.299262491507839 ], [ 36.072603192852213, 46.301970533334533 ], [ 36.072115114320212, 46.300233281164722 ], [ 36.016961407910728, 46.307662430392135 ], [ 36.017447867423833, 46.309400130590006 ], [ 35.997385995874808, 46.312095428346794 ], [ 35.997871910884264, 46.313833286636786 ], [ 35.98533141526017, 46.315516221998273 ], [ 35.985817006548814, 46.317254177334256 ], [ 35.975783508477448, 46.318599649842405 ], [ 35.97626884961727, 46.320337681877909 ], [ 35.966234339835843, 46.321682384665991 ], [ 35.966719430702575, 46.32342049336296 ], [ 35.95215057308161, 46.327174299217901 ], [ 35.952635310679184, 46.328912520609862 ], [ 35.947616807243378, 46.329584035995573 ], [ 35.948101441929673, 46.331322293451613 ], [ 35.940573129720988, 46.332329228127577 ], [ 35.941057587601748, 46.334067541889326 ], [ 35.936038341434603, 46.334738606014753 ], [ 35.93652269630892, 46.336476955821027 ], [ 35.931503123512243, 46.337147847472508 ], [ 35.931987375340583, 46.338886233315904 ], [ 35.92696747591075, 46.339556952451879 ], [ 35.927451624653592, 46.341295374324936 ], [ 35.922431398586944, 46.341965920903824 ], [ 35.92291544420479, 46.343704378799096 ], [ 35.917894891497738, 46.344374752779345 ], [ 35.918378833951017, 46.34611324668942 ], [ 35.908820587850514, 46.349192006605037 ], [ 35.907277286574597, 46.35300410883427 ], [ 35.902255516609699, 46.353673898601954 ], [ 35.900711668088832, 46.357485984897025 ], [ 35.895689334098108, 46.358155535667116 ], [ 35.894144938105292, 46.361967605946646 ], [ 35.889122040029207, 46.362636917612043 ], [ 35.88960537792196, 46.364375638799977 ], [ 35.887093787850645, 46.364710234836721 ], [ 35.885548666619421, 46.368522287417157 ], [ 35.880524966949025, 46.36919129356906 ], [ 35.881008142498565, 46.370930082252116 ], [ 35.878496151605724, 46.371264525495334 ], [ 35.878979297701349, 46.373003329943501 ], [ 35.876467188064204, 46.373337740018641 ], [ 35.876950304693636, 46.375076560230937 ], [ 35.87443807630212, 46.375410937130717 ], [ 35.874921163453109, 46.377149773106154 ], [ 35.872408816297181, 46.377484116823318 ], [ 35.872891873957435, 46.37922296856091 ], [ 35.87037940802702, 46.379557279088218 ], [ 35.870862436184282, 46.381296146586926 ], [ 35.868349851469318, 46.381630423917102 ], [ 35.868832850111311, 46.383369307175954 ], [ 35.866320146601723, 46.383703551301743 ], [ 35.866803115716159, 46.385442450319715 ], [ 35.864290293401901, 46.385776661233898 ], [ 35.864773232976511, 46.387515576009967 ], [ 35.862260291847491, 46.387849753705268 ], [ 35.862743201869982, 46.389588684238468 ], [ 35.860230141916141, 46.38992282870759 ], [ 35.860713022374242, 46.391661774996919 ], [ 35.858199843585517, 46.391995886232621 ], [ 35.858682694466921, 46.393734848277056 ], [ 35.856169396833238, 46.394068926272084 ], [ 35.85665221812566, 46.395807904070629 ], [ 35.854138801636964, 46.396141948817721 ], [ 35.854621593328105, 46.39788094236939 ], [ 35.85210805797432, 46.398214953861242 ], [ 35.852590820051894, 46.399953963165025 ], [ 35.848046125160472, 46.402360911408934 ], [ 35.849011575415524, 46.40583898860929 ], [ 35.846497609127567, 46.406172920450643 ], [ 35.846980326917503, 46.407911972595848 ], [ 35.841952111882705, 46.408579716257982 ], [ 35.841469542677146, 46.406840623801834 ], [ 35.838955442526988, 46.407174395306598 ], [ 35.837990586535604, 46.403696156877125 ], [ 35.835476590368103, 46.404029834638919 ], [ 35.834512061336568, 46.400551538305002 ], [ 35.831998169153394, 46.400885122338146 ], [ 35.831033967002305, 46.39740676811936 ], [ 35.82552446037252, 46.396334471343152 ], [ 35.824560822661986, 46.392856010205847 ], [ 35.819051865649044, 46.391783325475338 ], [ 35.818088792181079, 46.388304757481322 ], [ 35.815575271440501, 46.388637913312785 ], [ 35.815093875730682, 46.386898602613122 ], [ 35.809585646568323, 46.385825358449374 ], [ 35.808623374616694, 46.382346634673034 ], [ 35.806110017422561, 46.382679549785671 ], [ 35.805629022403522, 46.380940161217033 ], [ 35.803115694993288, 46.381273002804107 ], [ 35.80263481867992, 46.379533589754452 ], [ 35.797127495631244, 46.378459614845816 ], [ 35.796166262181195, 46.37498068647794 ], [ 35.793653098423626, 46.375313287432803 ], [ 35.793172622570111, 46.373573796597334 ], [ 35.790659488635427, 46.373906324049507 ], [ 35.790179131427166, 46.372166808758294 ], [ 35.787666027325344, 46.372499262712452 ], [ 35.787185788750016, 46.3707597229714 ], [ 35.784672714491101, 46.371092103432197 ], [ 35.7841925945364, 46.369352539247195 ], [ 35.781679550130391, 46.369684846219293 ], [ 35.781199548783981, 46.367945257596226 ], [ 35.778686534240904, 46.368277491084321 ], [ 35.775213902653626, 46.365130400556346 ], [ 35.770187948740528, 46.365794520204346 ], [ 35.769708377376752, 46.364054838252571 ], [ 35.767195408154961, 46.364386797896969 ], [ 35.766715955349099, 46.362647091534932 ], [ 35.7642030160414, 46.362978977714455 ], [ 35.763723681781116, 46.361239246948003 ], [ 35.761210772397497, 46.361571059667313 ], [ 35.757739580014878, 46.35842326420866 ], [ 35.752713836727231, 46.359086542414232 ], [ 35.752234932260549, 46.357346718444063 ], [ 35.749722068443582, 46.357678257391008 ], [ 35.746251781141567, 46.354530001832636 ], [ 35.741226129191254, 46.355192732550265 ], [ 35.737756479988953, 46.352044139227132 ], [ 35.732730859638039, 46.352706469384906 ], [ 35.729261848528111, 46.349557538401761 ], [ 35.724236259957863, 46.350219468035895 ], [ 35.723758407396062, 46.348479413581487 ], [ 35.718255130704563, 46.347400990783903 ], [ 35.712877743193985, 46.337290925209089 ], [ 35.710365344046494, 46.337621489819981 ], [ 35.709410983058433, 46.334141147412559 ], [ 35.706898688221415, 46.334471618685718 ], [ 35.705467700057696, 46.329251012720185 ], [ 35.702955583725981, 46.329581370714806 ], [ 35.702001960386085, 46.326100905191716 ], [ 35.699489948360274, 46.326431169882575 ], [ 35.698536649623755, 46.32295064716137 ], [ 35.696024741905234, 46.3232808185628 ], [ 35.695071767692987, 46.31980023866285 ], [ 35.692559964283163, 46.320130316789111 ], [ 35.688143290015525, 46.313498970396012 ], [ 35.682644108051953, 46.312418306821691 ], [ 35.678229442205229, 46.30578637523314 ], [ 35.67571808622467, 46.306116007109679 ], [ 35.675242505948425, 46.304375552290949 ], [ 35.669744422370464, 46.303294117151239 ], [ 35.668793778023137, 46.299813106351365 ], [ 35.663296243575864, 46.298731285585106 ], [ 35.66234615918507, 46.295250169374206 ], [ 35.659835102508403, 46.295579395080942 ], [ 35.659360200265773, 46.29383881063417 ], [ 35.656849173826977, 46.294167963085478 ], [ 35.656374389577614, 46.292427354454361 ], [ 35.65386339338658, 46.292756433654951 ], [ 35.653388727118184, 46.291015800845337 ], [ 35.647892277219157, 46.289933082530894 ], [ 35.646943460366138, 46.286451715939506 ], [ 35.644432629087774, 46.286780555548582 ], [ 35.643958360511121, 46.285039845946962 ], [ 35.641447559518788, 46.285368612328263 ], [ 35.640973408862727, 46.28362787857327 ], [ 35.638462638166338, 46.283956571731466 ], [ 35.637988605418535, 46.282215813829005 ], [ 35.635477865027937, 46.282544433768791 ], [ 35.635003950176085, 46.280803651724668 ], [ 35.632493240101155, 46.28113219845077 ], [ 35.629035084286599, 46.277979035478118 ], [ 35.624013741702299, 46.278635782742079 ], [ 35.623540254565874, 46.276894908470091 ], [ 35.62102959175192, 46.277223182222173 ], [ 35.620556222460912, 46.275482283836176 ], [ 35.618045590013161, 46.275810484393823 ], [ 35.617572338555284, 46.274069561899665 ], [ 35.615061736483568, 46.274397689267595 ], [ 35.614588602846453, 46.27265674267111 ], [ 35.61207803116065, 46.272984796853969 ], [ 35.608621576009419, 46.269830812380064 ], [ 35.603600510556817, 46.270486574672773 ], [ 35.600144691886122, 46.267332254537081 ], [ 35.595123660820363, 46.267987617433946 ], [ 35.594651264300296, 46.266246510813602 ], [ 35.592140757397047, 46.26657409242025 ], [ 35.588685841141455, 46.263419315459842 ], [ 35.583664905607108, 46.26407413269574 ], [ 35.583192936385679, 46.262332934133532 ], [ 35.5806824773084, 46.262660242923822 ], [ 35.579267053538629, 46.257436562356816 ], [ 35.576756773162984, 46.257763758457784 ], [ 35.571417667199832, 46.247643187962765 ], [ 35.568907744167845, 46.247970158763827 ], [ 35.567965313335478, 46.244487514158983 ], [ 35.56545549489234, 46.244814392103201 ], [ 35.564042397218664, 46.239590334076667 ], [ 35.561532757411214, 46.239917099429981 ], [ 35.560591057903032, 46.236434333356094 ], [ 35.558081522679231, 46.236761005886486 ], [ 35.557140145186516, 46.233278183355523 ], [ 35.55463071454745, 46.233604763077238 ], [ 35.550239599240633, 46.226965435648189 ], [ 35.544750959213083, 46.225876657122562 ], [ 35.540361840474681, 46.219236749703846 ], [ 35.537852858781797, 46.219562885306992 ], [ 35.537383070177391, 46.217821311216383 ], [ 35.534874119090688, 46.218147373797592 ], [ 35.533934820018388, 46.214664173515501 ], [ 35.531425973538767, 46.214990143377186 ], [ 35.530017572141837, 46.209765252147292 ], [ 35.527508904247924, 46.210091109608044 ], [ 35.525631938456222, 46.20312445004646 ], [ 35.523123523085822, 46.203450175444587 ], [ 35.521247546266487, 46.196483369587853 ], [ 35.518739383366231, 46.196808962963892 ], [ 35.516864395029941, 46.189842010891141 ], [ 35.514356484546475, 46.190167472285616 ], [ 35.512950919405171, 46.184942154949276 ], [ 35.510443187386549, 46.185267504067347 ], [ 35.509506508023811, 46.181783898779308 ], [ 35.506998880558875, 46.182109155306435 ], [ 35.505594407436973, 46.176883656814546 ], [ 35.503086958410407, 46.177208801111099 ], [ 35.50215100683544, 46.17372507509976 ], [ 35.499643662357073, 46.174050126839262 ], [ 35.498708031318763, 46.1705663447067 ], [ 35.49620079138959, 46.17089130390341 ], [ 35.495265480809586, 46.167407465668731 ], [ 35.49275834543058, 46.167732332336904 ], [ 35.491823355230544, 46.164248438019214 ], [ 35.489316324402665, 46.164573212173096 ], [ 35.488381654504295, 46.161089261791496 ], [ 35.485874728228474, 46.161413943445311 ], [ 35.481499527300734, 46.154770463734692 ], [ 35.478992810131871, 46.1550949604312 ], [ 35.478525933853049, 46.153352903298135 ], [ 35.476019247415003, 46.153677327148337 ], [ 35.475085771778161, 46.150193161083592 ], [ 35.469606039396176, 46.149099642130246 ], [ 35.467740367724289, 46.142131086148808 ], [ 35.465234068780482, 46.142455213101663 ], [ 35.461971316734434, 46.130259941857183 ], [ 35.459465491228144, 46.130583878479761 ], [ 35.456670966220102, 46.120130508271416 ], [ 35.454165540198716, 46.120454274233495 ], [ 35.452303677798412, 46.113485198915761 ], [ 35.449798503699789, 46.113808833421423 ], [ 35.448402778902725, 46.108581924404838 ], [ 35.445897782981369, 46.108905447052557 ], [ 35.444502665531822, 46.103678441813905 ], [ 35.441997847767517, 46.104001852629771 ], [ 35.436704794379118, 46.093870852665518 ], [ 35.434200332868265, 46.094194039896031 ], [ 35.433271425514135, 46.090709181624767 ], [ 35.43076706845595, 46.091032276634905 ], [ 35.429838479757549, 46.08754736264752 ], [ 35.427334227152862, 46.087870365451522 ], [ 35.426405957032287, 46.084385395767008 ], [ 35.42390180888188, 46.084708306379092 ], [ 35.422509945647768, 46.079480762100054 ], [ 35.417038241127813, 46.078383744699813 ], [ 35.416110926273213, 46.074898608037657 ], [ 35.413607091490555, 46.075221242159316 ], [ 35.409249686177013, 46.068573343976666 ], [ 35.403779263806236, 46.067475521431973 ], [ 35.402853136131078, 46.063990170687866 ], [ 35.400349645600471, 46.064312455840941 ], [ 35.39988671940813, 46.062569754765526 ], [ 35.397383259764283, 46.062891967317213 ], [ 35.396457682618873, 46.059406513774881 ], [ 35.39098835221214, 46.058307929681682 ], [ 35.389138469204724, 46.051336800571818 ], [ 35.386635396550908, 46.051658717476187 ], [ 35.384324369947379, 46.042944615711519 ], [ 35.381821622381985, 46.043266382214071 ], [ 35.379973862249287, 46.036294948589095 ], [ 35.377471366165835, 46.036616584194938 ], [ 35.375624581443979, 46.029645006703028 ], [ 35.373122336788782, 46.029966511452422 ], [ 35.367852030995742, 46.019830239852169 ], [ 35.365350142121599, 46.020151521863475 ], [ 35.364427956407376, 46.016665542268605 ], [ 35.361926171940489, 46.016986732372303 ], [ 35.360543432499099, 46.011757673817065 ], [ 35.358041825885337, 46.012078752610279 ], [ 35.357120358903742, 46.008592654154292 ], [ 35.354618856691111, 46.008913641073576 ], [ 35.353697706450177, 46.005427487335588 ], [ 35.351196308639317, 46.005748382395183 ], [ 35.350275475061494, 46.002262173394008 ], [ 35.347774181653101, 46.002582976608103 ], [ 35.343432275171473, 45.995931104274277 ], [ 35.33797017374696, 45.99482908570176 ], [ 35.333630235931253, 45.988176642566707 ], [ 35.328169046273565, 45.987074033376572 ], [ 35.327250257808835, 45.983587454452071 ], [ 35.324749548488739, 45.983907653873864 ], [ 35.324290291144834, 45.982164338899409 ], [ 35.318829824016547, 45.981061182170755 ], [ 35.317911814427205, 45.977574454311124 ], [ 35.315411271650177, 45.977894417249288 ], [ 35.314952403677708, 45.976151027828735 ], [ 35.312451891975186, 45.976470918403464 ], [ 35.311993139659073, 45.974727505544529 ], [ 35.309492659040551, 45.975047323760563 ], [ 35.30903402236855, 45.973303887468965 ], [ 35.303574633381174, 45.972199847125324 ], [ 35.30265786478838, 45.96871287676133 ], [ 35.300157550837795, 45.96903245859896 ], [ 35.299699303262031, 45.967288947960789 ], [ 35.297199020431904, 45.967608457462781 ], [ 35.296740888440418, 45.965864923416547 ], [ 35.294240636740213, 45.966184360587597 ], [ 35.293782620320769, 45.964440803139084 ], [ 35.291282399759929, 45.964760167983947 ], [ 35.290824498900292, 45.96301658713886 ], [ 35.288324309488281, 45.963335879662267 ], [ 35.287866524176231, 45.961592275426376 ], [ 35.285366365922464, 45.961911495633039 ], [ 35.28490869614572, 45.960167868012078 ], [ 35.282408569059683, 45.960487015906743 ], [ 35.278993480154305, 45.957318766119982 ], [ 35.273993308559213, 45.957956719685129 ], [ 35.273536058661591, 45.956213002650117 ], [ 35.271035982995627, 45.956531880633229 ], [ 35.27057884858295, 45.954788140240282 ], [ 35.268078804133317, 45.955106945930872 ], [ 35.267621785193313, 45.953363182185704 ], [ 35.265121771969454, 45.953681915588533 ], [ 35.261708098469853, 45.950512979184367 ], [ 35.256708154891498, 45.951150103863363 ], [ 35.253295110242114, 45.947980838028982 ], [ 35.248295207589415, 45.948617567616367 ], [ 35.247838912516791, 45.9468736486767 ], [ 35.245338971453783, 45.947191914704874 ], [ 35.244882791777513, 45.945447972455732 ], [ 35.239882930224788, 45.946084306989285 ], [ 35.23647114323753, 45.942914382606332 ], [ 35.231471322958974, 45.94355032212394 ], [ 35.231015636093396, 45.941806271506294 ], [ 35.226015794525793, 45.942441960521307 ], [ 35.222605003116179, 45.939271496769322 ], [ 35.217605203111731, 45.939906790823983 ], [ 35.217150008948252, 45.93816263195118 ], [ 35.21215018784396, 45.938797675528086 ], [ 35.211695182343632, 45.937053474192325 ], [ 35.204195356262787, 45.938005584327975 ], [ 35.203740612781402, 45.936261321346208 ], [ 35.19874066588411, 45.936895757954517 ], [ 35.198286111048255, 45.935151452550961 ], [ 35.193286143308065, 45.935785638699244 ], [ 35.192831777107273, 45.934041290890917 ], [ 35.185331731543457, 45.934992114898705 ], [ 35.184877627347916, 45.933247705526931 ], [ 35.177377425223845, 45.934197994785066 ], [ 35.176923583034231, 45.932453523884107 ], [ 35.1694232245815, 45.93340327838547 ], [ 35.16896964439848, 45.931658745989644 ], [ 35.161469129848726, 45.9326079657272 ], [ 35.161015811672904, 45.93086337187075 ], [ 35.151014834244755, 45.932128179076159 ], [ 35.15056185149372, 45.930383504661222 ], [ 35.155109189111556, 45.928006605251014 ], [ 35.154203138772196, 45.924517312911632 ], [ 35.158749847474553, 45.922140342418622 ], [ 35.15784375415889, 45.918651102566436 ], [ 35.162389834169616, 45.916274061062701 ], [ 35.161483697978191, 45.912784873701654 ], [ 35.166029149521101, 45.910407761259286 ], [ 35.165122970554371, 45.906918626393285 ], [ 35.167621989807635, 45.90660232881374 ], [ 35.16671583124225, 45.903113216184948 ], [ 35.169214662156548, 45.902796903907046 ], [ 35.168308524013497, 45.899307813515634 ], [ 35.17080716662587, 45.898991486549093 ], [ 35.169901048926143, 45.895502418395218 ], [ 35.172399503273674, 45.895186076749766 ], [ 35.173085595407855, 45.887891650840736 ], [ 35.175583673336824, 45.887575279866653 ], [ 35.175130624347823, 45.885830781153146 ], [ 35.177628587327497, 45.88551437638295 ], [ 35.177175506868167, 45.883769892802633 ], [ 35.17967335490787, 45.883453454243536 ], [ 35.179220242990439, 45.881708985797516 ], [ 35.181717976099513, 45.88139251345671 ], [ 35.181264832736218, 45.879648060146096 ], [ 35.183762450923993, 45.87933155403077 ], [ 35.183309276127076, 45.87758711585667 ], [ 35.185806779402881, 45.877270575974052 ], [ 35.185353573184557, 45.875526152937582 ], [ 35.187850961557736, 45.875209579294854 ], [ 35.187397723930239, 45.8734651713971 ], [ 35.189894997410121, 45.873148564001468 ], [ 35.189441728385681, 45.87140417124354 ], [ 35.191938886981617, 45.871087530102201 ], [ 35.191485586572426, 45.86934315248525 ], [ 35.193982630293732, 45.869026477605395 ], [ 35.193529298512047, 45.867282115130472 ], [ 35.196026227368051, 45.866965406519299 ], [ 35.195572864226072, 45.865221059187562 ], [ 35.198069678226112, 45.864904316852268 ], [ 35.197616283736068, 45.863159984664811 ], [ 35.202156141379682, 45.860782081808537 ], [ 35.201249268833386, 45.857293473994716 ], [ 35.203745665257223, 45.856976649700428 ], [ 35.203292218550494, 45.855232358929094 ], [ 35.205788500166463, 45.854915500941281 ], [ 35.205335022161918, 45.853171225317894 ], [ 35.209873731717437, 45.850793147816233 ], [ 35.208966692344234, 45.847304653142885 ], [ 35.213504775981406, 45.8449265055837 ], [ 35.212597695099547, 45.841438063463634 ], [ 35.215093256834912, 45.841121075475058 ], [ 35.214639706036088, 45.839376867554016 ], [ 35.217135153041085, 45.839059845918705 ], [ 35.216228030750166, 45.835571456355794 ], [ 35.220764863218704, 45.833193168896926 ], [ 35.219857699618302, 45.829704831895079 ], [ 35.222352656617304, 45.829387747731687 ], [ 35.221445514145948, 45.825899432983256 ], [ 35.22394028355783, 45.825582334390113 ], [ 35.223033162236248, 45.822094041895326 ], [ 35.225527744097903, 45.821776928882095 ], [ 35.224620643946793, 45.818288658641052 ], [ 35.227115038295111, 45.817971531217459 ], [ 35.22620795933522, 45.814483283230338 ], [ 35.228702166207086, 45.814166141406062 ], [ 35.22779510845907, 45.810677915673025 ], [ 35.230289127891339, 45.810360759457708 ], [ 35.228928635707263, 45.805128448195127 ], [ 35.231422394911434, 45.80481129678526 ], [ 35.230515463096417, 45.801323107500913 ], [ 35.2330090349515, 45.801005941720057 ], [ 35.231648731702563, 45.795773685129838 ], [ 35.234142043459713, 45.795456524174668 ], [ 35.233235237625216, 45.791968371338157 ], [ 35.235728362123723, 45.791651196032028 ], [ 35.235274949004186, 45.789907132755779 ], [ 35.240260927348821, 45.789272662370422 ], [ 35.239807410436619, 45.787528633443578 ], [ 35.244793076424195, 45.786893990604149 ], [ 35.244339455757562, 45.78514999603442 ], [ 35.249324809388874, 45.784515180781391 ], [ 35.250909871152118, 45.780709808070682 ], [ 35.260425324600625, 45.777695615919399 ], [ 35.25997136196893, 45.775951739639986 ], [ 35.262463476706955, 45.775634066392278 ], [ 35.262009483156362, 45.773890205286648 ], [ 35.266993442056005, 45.773254739221386 ], [ 35.268577061128418, 45.769449308170422 ], [ 35.273560478916579, 45.768813603042915 ], [ 35.273106247431059, 45.767069825913254 ], [ 35.275597821057616, 45.766751913603294 ], [ 35.275143558723052, 45.765008151655429 ], [ 35.277635017972393, 45.764690205932133 ], [ 35.279217745685933, 45.760884748456689 ], [ 35.284200164957966, 45.76024867077205 ], [ 35.283745737573149, 45.758504973611892 ], [ 35.286236811971655, 45.758186875069256 ], [ 35.285782353796876, 45.756443193097084 ], [ 35.288273313853999, 45.756125061175091 ], [ 35.287818824901336, 45.754381394392013 ], [ 35.290309670626378, 45.754063229097824 ], [ 35.289855150907925, 45.75231957750492 ], [ 35.292345882310187, 45.752001378845691 ], [ 35.291891331838023, 45.750257742444063 ], [ 35.294381948926812, 45.749939510426948 ], [ 35.29392736771301, 45.748195889217683 ], [ 35.296417870497628, 45.747877623849838 ], [ 35.295963258554281, 45.746134017834038 ], [ 35.298453647044035, 45.745815719122639 ], [ 35.297999004383207, 45.744072128301369 ], [ 35.300489278587413, 45.743753796253557 ], [ 35.300034605221171, 45.742010220627932 ], [ 35.302524765149123, 45.741691855250863 ], [ 35.302070061089537, 45.739948294821971 ], [ 35.304560106750543, 45.739629896122814 ], [ 35.304105372009694, 45.737886350891714 ], [ 35.306595303413054, 45.737567918877609 ], [ 35.306140538002992, 45.735824388845444 ], [ 35.308630355158009, 45.735505923523554 ], [ 35.30817555909082, 45.733762408691369 ], [ 35.312700023980732, 45.731381878521731 ], [ 35.311790351084511, 45.727894905604266 ], [ 35.314279753134947, 45.727576359664837 ], [ 35.313824906964442, 45.725832886378811 ], [ 35.318348491695176, 45.723452236592593 ], [ 35.317438718741954, 45.719965346775929 ], [ 35.321961682617591, 45.717584628822003 ], [ 35.321051870945965, 45.714097791704127 ], [ 35.323540557381172, 45.713779117989759 ], [ 35.323085641884724, 45.712035712606173 ], [ 35.325574214187291, 45.711717005653767 ], [ 35.32466436389528, 45.708230221238473 ], [ 35.329186086722999, 45.705849367162905 ], [ 35.328276197908515, 45.702362635453994 ], [ 35.330764283272416, 45.702043867380709 ], [ 35.329854417019426, 45.698557157961652 ], [ 35.332342316030591, 45.69823837595775 ], [ 35.331432472359324, 45.694751688828688 ], [ 35.333920185054367, 45.694432892903798 ], [ 35.333010363985025, 45.69094622806486 ], [ 35.335497890400539, 45.690627418228559 ], [ 35.336165656321057, 45.683335331683658 ], [ 35.338652810287314, 45.683016494053348 ], [ 35.338197912831895, 45.681273197102641 ], [ 35.34565890747789, 45.680316427424472 ], [ 35.345203835218904, 45.678573184251995 ], [ 35.350177478369005, 45.677935114220247 ], [ 35.349722303545704, 45.676191905554006 ], [ 35.354695635192861, 45.67555366441762 ], [ 35.354240357843167, 45.673810490265225 ], [ 35.359213377988553, 45.673172078064574 ], [ 35.358757998150374, 45.671428938433692 ], [ 35.363730706795138, 45.670790355209121 ], [ 35.363275224506388, 45.669047250107354 ], [ 35.36824762165174, 45.668408495899243 ], [ 35.367792036950298, 45.666665425334216 ], [ 35.372764122597431, 45.666026500182944 ], [ 35.372308435521219, 45.66428346416231 ], [ 35.377280209671362, 45.66364436810818 ], [ 35.378854352856735, 45.659838773135505 ], [ 35.38382558770369, 45.6591994401264 ], [ 35.385399196261694, 45.655393826305712 ], [ 35.390369891857112, 45.654754256446054 ], [ 35.389913837515778, 45.6530113545913 ], [ 35.392399050511038, 45.652691510468109 ], [ 35.39397195046876, 45.648885875362105 ], [ 35.398941879144445, 45.648246002756359 ], [ 35.398485662349941, 45.646503165979254 ], [ 35.400970491906889, 45.646183170518903 ], [ 35.40051424499277, 45.644440348991971 ], [ 35.402998960707698, 45.644120320548552 ], [ 35.404570978450657, 45.640314661830125 ], [ 35.409539912697724, 45.639674420742907 ], [ 35.409083503552829, 45.637931664322025 ], [ 35.411567835925645, 45.637611484666621 ], [ 35.411111396719527, 45.635868743502016 ], [ 35.413595615286177, 45.635548530897339 ], [ 35.413139146030765, 45.63380580499004 ], [ 35.415623250800522, 45.633485559443237 ], [ 35.415166751507776, 45.631742848794332 ], [ 35.41765074248994, 45.63142257031253 ], [ 35.41719421317179, 45.629679874923063 ], [ 35.419678090375626, 45.629359563513354 ], [ 35.419221531043988, 45.62761688338442 ], [ 35.421705294478812, 45.627296539053937 ], [ 35.421248705145622, 45.625553874186615 ], [ 35.423732354820721, 45.625233496942464 ], [ 35.423275735497896, 45.623490847337827 ], [ 35.42778604430552, 45.621107359796092 ], [ 35.426872727656573, 45.617622117542844 ], [ 35.42935596427062, 45.617301660967414 ], [ 35.428899296935427, 45.615559053055385 ], [ 35.431382419837512, 45.615238563596535 ], [ 35.430925722561675, 45.613495970950751 ], [ 35.433408731761055, 45.613175448615578 ], [ 35.432952004556491, 45.611432871237128 ], [ 35.437460924762895, 45.609049165856256 ], [ 35.436547392595898, 45.605564068070699 ], [ 35.44105569664525, 45.60318029645633 ], [ 35.440142128704444, 45.599695251542592 ], [ 35.442624426020629, 45.599374603688211 ], [ 35.442167633125429, 45.597632094449914 ], [ 35.44464981681579, 45.597311413765439 ], [ 35.443736213197539, 45.593826421727179 ], [ 35.448243285589903, 45.591442517857892 ], [ 35.448897730782029, 45.584151921506262 ], [ 35.453403829270513, 45.581767935960528 ], [ 35.452490178755106, 45.578283072018472 ], [ 35.454971394235123, 45.577962272050115 ], [ 35.454057767908346, 45.574477430442364 ], [ 35.456538798232629, 45.57415661708658 ], [ 35.455625196114127, 45.570671797813254 ], [ 35.458106041319034, 45.57035097107952 ], [ 35.456735737274833, 45.565123769507728 ], [ 35.459216325798451, 45.564802948791439 ], [ 35.45830285587256, 45.56131816596848 ], [ 35.460783259365947, 45.560997331893894 ], [ 35.460326515606873, 45.559254953704347 ], [ 35.470247424689248, 45.557971173758347 ], [ 35.469790436549829, 45.556228869025432 ], [ 35.484212739104166, 45.552559559822299 ], [ 35.483755405564288, 45.550817363285709 ], [ 35.488714677002477, 45.55017465190668 ], [ 35.48825724236314, 45.54843249007925 ], [ 35.495695620718557, 45.547468090652934 ], [ 35.495238013540657, 45.545725982965727 ], [ 35.500196579898869, 45.545082828497826 ], [ 35.499738871711848, 45.54334075553956 ], [ 35.504697127439528, 45.542697431672615 ], [ 35.504239318280945, 45.540955393450815 ], [ 35.51167617301504, 45.539990075534945 ], [ 35.513238976769649, 45.536184265476493 ], [ 35.518196300615621, 45.535540433653658 ], [ 35.51773818876763, 45.533798499686412 ], [ 35.527193691920061, 45.530768429165569 ], [ 35.528755252599439, 45.526962571931733 ], [ 35.533711417917559, 45.526318167413251 ], [ 35.535272449773124, 45.522512293289452 ], [ 35.540228077861912, 45.521867654615491 ], [ 35.541788581107774, 45.518061763682127 ], [ 35.546743672019616, 45.517416890956618 ], [ 35.54628496850296, 45.515675176887491 ], [ 35.548762379675196, 45.515352682031029 ], [ 35.548303646869812, 45.513610983294051 ], [ 35.550780944764035, 45.513288455942543 ], [ 35.552340575959612, 45.509482544629769 ], [ 35.557294676687988, 45.508837308029499 ], [ 35.556835784840501, 45.507095674781034 ], [ 35.559312700951423, 45.506772998032602 ], [ 35.558853779872827, 45.505031380122254 ], [ 35.561330582741583, 45.504708670912407 ], [ 35.56087163244365, 45.502967068341214 ], [ 35.563348322079534, 45.502644326677029 ], [ 35.562889342574017, 45.500902739446055 ], [ 35.565365918986302, 45.500579965334587 ], [ 35.564906910284968, 45.498838393444878 ], [ 35.567383373482926, 45.498515586893198 ], [ 35.566924335597548, 45.496774030345804 ], [ 35.569400685590445, 45.496451191360975 ], [ 35.56894161853279, 45.49470965015697 ], [ 35.571417855329905, 45.494386778746076 ], [ 35.57297575735538, 45.490580838542492 ], [ 35.575451767788763, 45.490257902300662 ], [ 35.57958604981367, 45.505931171725713 ], [ 35.582062658815815, 45.505608007982019 ], [ 35.586661013918622, 45.523022161342951 ], [ 35.589138293130603, 45.52269875042461 ], [ 35.59189975505673, 45.533146925312799 ], [ 35.594377419769415, 45.532823345216762 ], [ 35.596219522496561, 45.539788633588614 ], [ 35.598697430234715, 45.53946492333759 ], [ 35.600079664028954, 45.544688787159849 ], [ 35.602557743520926, 45.544364966268681 ], [ 35.604401597963928, 45.551329981356055 ], [ 35.606879920564559, 45.551006030238611 ], [ 35.608263468707769, 45.556229688998904 ], [ 35.610741963113469, 45.555905627183932 ], [ 35.611664682437087, 45.559388006318748 ], [ 35.614143277305224, 45.559063853354139 ], [ 35.615527887300622, 45.564287331963264 ], [ 35.618006653999032, 45.563963068256506 ], [ 35.618930081440013, 45.567445327244599 ], [ 35.621408948605968, 45.567120972355205 ], [ 35.622332687968033, 45.570603175424175 ], [ 35.624811655600482, 45.570278729338277 ], [ 35.625735706958821, 45.573760876469457 ], [ 35.628214775056726, 45.573436339173114 ], [ 35.629139138486572, 45.576918430347838 ], [ 35.631618307048917, 45.57659380182718 ], [ 35.635947239449735, 45.58323309647372 ], [ 35.641368636329105, 45.58432436649715 ], [ 35.64569950311617, 45.590963087641853 ], [ 35.648179102552113, 45.590638022416982 ], [ 35.648642157645547, 45.592378906245834 ], [ 35.654064612502239, 45.593469420768209 ], [ 35.654991220549149, 45.596951088869126 ], [ 35.660414204455307, 45.598041225489126 ], [ 35.661341352961784, 45.601522789769859 ], [ 35.663821240272206, 45.601197326842737 ], [ 35.664284949675078, 45.602938083017008 ], [ 35.666764865957916, 45.602612548386254 ], [ 35.667228689290759, 45.604353280694447 ], [ 35.669708634536619, 45.604027674355493 ], [ 35.670172571811243, 45.605768382791886 ], [ 35.672652546010696, 45.605442704740156 ], [ 35.673116597238888, 45.607183389299081 ], [ 35.678540797654591, 45.60827247871471 ], [ 35.679469398527118, 45.611753748067009 ], [ 35.681949530988746, 45.61142783517645 ], [ 35.68241396669012, 45.613168443845666 ], [ 35.684894128068933, 45.612842459219948 ], [ 35.685358677781622, 45.614583043987295 ], [ 35.687838868068191, 45.614256987621836 ], [ 35.688303531803975, 45.61599754848163 ], [ 35.690783750988892, 45.615671420371861 ], [ 35.694193668650755, 45.618826270487311 ], [ 35.699154179962662, 45.61817367520257 ], [ 35.69961925730334, 45.619914144607996 ], [ 35.702099520521365, 45.61958774917683 ], [ 35.702564711933469, 45.62132819464783 ], [ 35.705045004001541, 45.621001727453589 ], [ 35.705510309496859, 45.622742148984457 ], [ 35.707990630405554, 45.622415610022543 ], [ 35.708456049995874, 45.624156007607588 ], [ 35.710936399735729, 45.623829396873447 ], [ 35.714347959810098, 45.626983437672294 ], [ 35.719308731893598, 45.626329877026684 ], [ 35.719774565306807, 45.628070183015119 ], [ 35.722254958808648, 45.627743304875374 ], [ 35.72566739036138, 45.63089689499764 ], [ 35.730628249775329, 45.630242799485067 ], [ 35.734041295753237, 45.633396058530408 ], [ 35.744429592859255, 45.6338269836777 ], [ 35.747843610570207, 45.636979700127497 ], [ 35.752804500797218, 45.636324574167219 ], [ 35.753271533545366, 45.638064609154753 ], [ 35.758232395558558, 45.637409235436444 ], [ 35.758699614002879, 45.639149226613085 ], [ 35.763660447729031, 45.638493605130577 ], [ 35.764127851878825, 45.640233552479508 ], [ 35.769088657244765, 45.639577683226676 ], [ 35.769556247109378, 45.641317586731134 ], [ 35.774517024041877, 45.640661469701826 ], [ 35.774984799630623, 45.642401329345006 ], [ 35.779945548056475, 45.641744964533096 ], [ 35.780413509378654, 45.64348478029823 ], [ 35.787854524833982, 45.642499783334685 ], [ 35.788322743330163, 45.644239535390881 ], [ 35.793283348740459, 45.643582570915086 ], [ 35.79375175298506, 45.64532227905265 ], [ 35.809101843542493, 45.645089602700153 ], [ 35.809570762138335, 45.646829183271237 ], [ 35.819491284520836, 45.64551314315387 ], [ 35.819960531685979, 45.647252640037514 ], [ 35.829880652042227, 45.645935688143332 ], [ 35.830350227752334, 45.647675101283163 ], [ 35.842749767474906, 45.646027641744269 ], [ 35.843219743072318, 45.647766951201746 ], [ 35.863057339241749, 45.645128152665443 ], [ 35.863527928688661, 45.646867298644651 ], [ 35.908153716314594, 45.640917479865351 ], [ 35.907681843662189, 45.639178692700987 ], [ 35.927510466742433, 45.636529085272123 ], [ 35.927038067512129, 45.634790453535523 ], [ 35.941907291807674, 45.632801187029266 ], [ 35.941434508719773, 45.63106267088471 ], [ 35.951346174970595, 45.629735535069429 ], [ 35.950873150538342, 45.627997094583897 ], [ 35.95830623231469, 45.627001257869573 ], [ 35.957833037776638, 45.62526287306261 ], [ 35.967742922787238, 45.623934444509004 ], [ 35.967269487116639, 45.622196135425256 ], [ 35.972224027543227, 45.621531649973797 ], [ 35.971750493013325, 45.619793376582138 ], [ 35.979181765466556, 45.618796319546618 ], [ 35.978708061050561, 45.617058101891701 ], [ 35.983661883886462, 45.616393178017752 ], [ 35.984135730416916, 45.618131355589327 ], [ 35.98908952196485, 45.617466184241451 ], [ 35.98956355395287, 45.619204317343204 ], [ 35.994517314139571, 45.618538898515666 ], [ 35.994991531594081, 45.620276987130843 ], [ 35.999945260346344, 45.61961132081786 ], [ 36.000419663276261, 45.621349364929664 ], [ 36.005373360520835, 45.620683451125544 ], [ 36.005847948935049, 45.622421450717233 ], [ 36.013278382291467, 45.621422131012679 ], [ 36.01375322723014, 45.623160065986646 ], [ 36.018706774356602, 45.622493553515596 ], [ 36.019181804793583, 45.624231443928991 ], [ 36.026612012645757, 45.623231226222899 ], [ 36.02708729960883, 45.624969051961315 ], [ 36.03451732923677, 45.623968307515746 ], [ 36.034992872722412, 45.62570606854559 ], [ 36.044899253933337, 45.624370936677735 ], [ 36.045375124934935, 45.626108612845279 ], [ 36.055281093721561, 45.624772571444744 ], [ 36.055757292213528, 45.626510162693819 ], [ 36.068139128106061, 45.624838844598081 ], [ 36.068615725028032, 45.626576330724085 ], [ 36.073568296249434, 45.625907400580758 ], [ 36.074045078688535, 45.627644841982963 ], [ 36.076521369857211, 45.627310279058662 ], [ 36.079951596966559, 45.630450453240549 ], [ 36.084904245035659, 45.629780987753684 ], [ 36.085381442174047, 45.631518335233757 ], [ 36.087857771708258, 45.631183504624488 ], [ 36.088335083450737, 45.632920827505195 ], [ 36.090811440291404, 45.632585924923909 ], [ 36.091288866649577, 45.634323223199488 ], [ 36.093765250787079, 45.633988248641714 ], [ 36.094242791772558, 45.635725522306423 ], [ 36.096719203197239, 45.635390475767672 ], [ 36.100151067798734, 45.638529830717353 ], [ 36.105103956036608, 45.637859397892711 ], [ 36.108536432021971, 45.640998418149003 ], [ 36.113489341799216, 45.640327593745056 ], [ 36.116922429172511, 45.643466279206727 ], [ 36.1218753603153, 45.642795063189538 ], [ 36.122353916895939, 45.644532103766238 ], [ 36.124830387776854, 45.644196397847651 ], [ 36.125309059080493, 45.645933413755337 ], [ 36.13026201141497, 45.645261806090971 ], [ 36.133696321575947, 45.648399821659652 ], [ 36.149034156982495, 45.648120022585331 ], [ 36.14951364202026, 45.649856838514729 ], [ 36.154466373137943, 45.649184136749042 ], [ 36.15494604389314, 45.650920907698676 ], [ 36.170283750032652, 45.650638083028774 ], [ 36.17076393408184, 45.652374723408762 ], [ 36.175716388554761, 45.651701071608073 ], [ 36.176196758339486, 45.653437666944065 ], [ 36.191534331918092, 45.653151816496994 ], [ 36.192015214990093, 45.654888281081753 ], [ 36.196967391716342, 45.654213679267706 ], [ 36.197448460541843, 45.655950098744263 ], [ 36.212785898264748, 45.655661222340058 ], [ 36.213267480370369, 45.657397510883783 ], [ 36.218219378247966, 45.656721959078602 ], [ 36.2187011461249, 45.6584582024499 ], [ 36.234038444696438, 45.658166299910278 ], [ 36.234520725845954, 45.659902412167163 ], [ 36.239472343772796, 45.659225910393637 ], [ 36.239954810711275, 45.660961977413898 ], [ 36.255291966834882, 45.660667048562232 ], [ 36.255774947037978, 45.662402984286537 ], [ 36.260726283911836, 45.661725532567978 ], [ 36.261209449921452, 45.663461422991439 ], [ 36.27654646029967, 45.663163467652737 ], [ 36.277030139565476, 45.664899226598713 ], [ 36.28198119428405, 45.664220824958967 ], [ 36.282465059373791, 45.665956538539959 ], [ 36.297801920708253, 45.665655556540877 ], [ 36.298286299045408, 45.667391138462854 ], [ 36.303237070506235, 45.666711786926342 ], [ 36.303721634684543, 45.668447323419102 ], [ 36.319058343676026, 45.668143314588029 ], [ 36.319543421092533, 45.669878719240302 ], [ 36.324493908193084, 45.669198417831964 ], [ 36.324979171467852, 45.670933776990857 ], [ 36.332404781747982, 45.66991287579522 ], [ 36.332890301639338, 45.671648168959898 ], [ 36.496157082980858, 45.649069425305932 ], [ 36.495666904433435, 45.647335490403897 ], [ 36.604400132432829, 45.632159188835203 ], [ 36.60489340484083, 45.63389221133756 ], [ 36.649351361568158, 45.627654654238519 ], [ 36.649845941993284, 45.629387297193112 ], [ 36.669600905770572, 45.62660954037085 ], [ 36.66762061165204, 45.619679607826278 ], [ 36.670089498697401, 45.619332240648824 ], [ 36.668598797957323, 45.605125064458775 ], [ 36.671067034487933, 45.604777761598939 ], [ 36.66958274040136, 45.599580337213681 ], [ 36.672050721842261, 45.599233045655893 ], [ 36.670072014511717, 45.5923031638943 ], [ 36.672539670978466, 45.591955904511323 ], [ 36.670561405201205, 45.585026030736906 ], [ 36.673028736817997, 45.584678803534317 ], [ 36.671050912477718, 45.577748937751664 ], [ 36.673517919368713, 45.577401742735077 ], [ 36.671540536349113, 45.570471884948752 ], [ 36.674007218638387, 45.57012472212373 ], [ 36.672030276823293, 45.5631948723384 ], [ 36.674496634634863, 45.562847741710506 ], [ 36.672520133908115, 45.555917899930741 ], [ 36.674986167365937, 45.555570801505588 ], [ 36.673500197941273, 45.541364075764349 ], [ 36.675965583063281, 45.541017041761371 ], [ 36.674484131976946, 45.53581968552561 ], [ 36.676949262856326, 45.535472662894321 ], [ 36.674974345448369, 45.528542872023529 ], [ 36.677439152441842, 45.528195881619347 ], [ 36.675464675598903, 45.521266098773943 ], [ 36.677929158830167, 45.520919140602466 ], [ 36.675955122436456, 45.513989365787097 ], [ 36.678419282029097, 45.513642439853889 ], [ 36.676445685968915, 45.50671267307316 ], [ 36.67890952204651, 45.506365779383827 ], [ 36.676936366204217, 45.499436020642364 ], [ 36.679399878890266, 45.499089159202462 ], [ 36.677427163150277, 45.492159408504854 ], [ 36.679890352568215, 45.491812579319983 ], [ 36.67791807681504, 45.484882836670884 ], [ 36.680380943088217, 45.484536039746629 ], [ 36.678901998870352, 45.479338745856573 ], [ 36.681364611648448, 45.478991960365946 ], [ 36.679393036078338, 45.472062252644612 ], [ 36.681855325930975, 45.471715499427816 ], [ 36.679884190057656, 45.464785799765664 ], [ 36.68234615710805, 45.464439078828306 ], [ 36.680375460816236, 45.457509387229912 ], [ 36.682837105187531, 45.457162698577541 ], [ 36.681851887131877, 45.453697866216707 ], [ 36.679390381643927, 45.454044513217468 ], [ 36.679882898819713, 45.455776952574361 ], [ 36.677421279072114, 45.456123569381603 ], [ 36.677913771619274, 45.457856024860739 ], [ 36.675452037602234, 45.458202611467506 ], [ 36.675944505509605, 45.459935083067982 ], [ 36.673482657213313, 45.460281639467354 ], [ 36.673975100469697, 45.462014127188269 ], [ 36.671513137884347, 45.462360653373274 ], [ 36.672005556478538, 45.464093157213775 ], [ 36.669543479594331, 45.46443965317745 ], [ 36.670035873515168, 45.466172173136634 ], [ 36.667573682322299, 45.466518638872053 ], [ 36.668066051558576, 45.468251174949032 ], [ 36.665603746047225, 45.468597610449237 ], [ 36.66609609058775, 45.470330162643123 ], [ 36.663633670748133, 45.47067656790118 ], [ 36.662155751519386, 45.47448809564505 ], [ 36.657230409659356, 45.475180734081313 ], [ 36.655751978891288, 45.478992256299549 ], [ 36.650826089972874, 45.479684671496273 ], [ 36.651318171722032, 45.481417345864998 ], [ 36.646391964454338, 45.482109598313151 ], [ 36.646883951829373, 45.483842309586251 ], [ 36.639494096217263, 45.484880367424807 ], [ 36.639985919570577, 45.486613136384072 ], [ 36.632595452095316, 45.487650796639961 ], [ 36.633087111354023, 45.489383623266846 ], [ 36.61584063314082, 45.49180318681433 ], [ 36.616331849578778, 45.493536154159081 ], [ 36.596618347433335, 45.496298467519665 ], [ 36.597109051021214, 45.498031596202232 ], [ 36.594644592361398, 45.498376675928199 ], [ 36.594153958493919, 45.496643526506837 ], [ 36.574437238756403, 45.49940215642394 ], [ 36.573947207468954, 45.497668836540186 ], [ 36.558668643156061, 45.498002086478152 ], [ 36.558179119694152, 45.496268633072539 ], [ 36.547830255279202, 45.495911702068533 ], [ 36.544387171210118, 45.49278856897562 ], [ 36.53945740107001, 45.493476340248641 ], [ 36.538968544331112, 45.491742723510292 ], [ 36.536503662239177, 45.49208651168528 ], [ 36.536014919816544, 45.490352869645584 ], [ 36.533550062984503, 45.490696585960322 ], [ 36.533061434866852, 45.48896291862502 ], [ 36.530596603304446, 45.489306563083851 ], [ 36.5301080894805, 45.487572870458706 ], [ 36.527643283197477, 45.487916443065956 ], [ 36.52715488365596, 45.486182725156674 ], [ 36.524690102662092, 45.486526225916712 ], [ 36.524201817391706, 45.484792482729048 ], [ 36.518784160299866, 45.48374550026444 ], [ 36.517808091235828, 45.48027790818761 ], [ 36.512390947906837, 45.479230541963915 ], [ 36.50797570371958, 45.472638177876853 ], [ 36.505511283973682, 45.47298118576834 ], [ 36.505023817331995, 45.471247277185469 ], [ 36.502559422941111, 45.471590213272229 ], [ 36.499120463102194, 45.468465184699205 ], [ 36.489262822258567, 45.469836047548441 ], [ 36.488775907361735, 45.468102001467642 ], [ 36.473502082294019, 45.468422462166195 ], [ 36.473015674758841, 45.466688283334378 ], [ 36.468086474919623, 45.467372669726842 ], [ 36.467600251275499, 45.465638445142638 ], [ 36.457255699107982, 45.465272209747063 ], [ 36.453819467315782, 45.462145402396274 ], [ 36.448890205999362, 45.462828907413517 ], [ 36.448404648030461, 45.461094520534715 ], [ 36.441010633703272, 45.462119332348486 ], [ 36.440525329393715, 45.460384879251713 ], [ 36.433131126561292, 45.461409168532882 ], [ 36.432646075915933, 45.459674649251347 ], [ 36.430181323062605, 45.4600159560488 ], [ 36.431636398099535, 45.465219561755674 ], [ 36.4341013604488, 45.464878193366708 ], [ 36.434586543700625, 45.466612698918013 ], [ 36.432121511508072, 45.466954087839895 ], [ 36.436004010606034, 45.480830131717873 ], [ 36.433538375218468, 45.481171633694075 ], [ 36.433985589079931, 45.491920171469232 ], [ 36.431519445681779, 45.492261694162906 ], [ 36.430995512579479, 45.499541296345306 ], [ 36.426547979161157, 45.501958811957742 ], [ 36.427519180655118, 45.505427922864584 ], [ 36.425052370408245, 45.505769384179153 ], [ 36.425537967562001, 45.507503953302937 ], [ 36.423071043040018, 45.507845383847538 ], [ 36.423556614454611, 45.509579968930325 ], [ 36.421089575647763, 45.509921368697967 ], [ 36.421575121311854, 45.511655969738833 ], [ 36.419107968210461, 45.51199733872253 ], [ 36.419593488112668, 45.513731955720544 ], [ 36.417126220707004, 45.514073293913306 ], [ 36.417611714835978, 45.515807926867545 ], [ 36.415144333116338, 45.516149234262386 ], [ 36.413647747965854, 45.519959824625793 ], [ 36.408712482949639, 45.520642264837761 ], [ 36.40721538146007, 45.524452847083545 ], [ 36.402279570537182, 45.525135061283123 ], [ 36.402764795421668, 45.526869815045693 ], [ 36.397828667272812, 45.527551864835594 ], [ 36.398313796172992, 45.529286655060169 ], [ 36.383988681521608, 45.533066603244265 ], [ 36.384473478021299, 45.534801507374475 ], [ 36.364723390114307, 45.5375256767949 ], [ 36.365207669318316, 45.539260740270031 ], [ 36.360269565019493, 45.539941309509828 ], [ 36.359785426243839, 45.538206205086468 ], [ 36.34003180455511, 45.540926261396784 ], [ 36.339548271807843, 45.539190988754179 ], [ 36.324248556836459, 45.539493348286911 ], [ 36.323765533848032, 45.537757943947284 ], [ 36.313404751301633, 45.537379767299221 ], [ 36.309970067309273, 45.534247911224298 ], [ 36.305031094270895, 45.534926034107208 ], [ 36.304548739389212, 45.533190468753091 ], [ 36.302079257123914, 45.533529432616419 ], [ 36.301597016532568, 45.531793842340626 ], [ 36.299127560542509, 45.532132734354896 ], [ 36.298645434230089, 45.530397119163183 ], [ 36.296176004524938, 45.530735939332786 ], [ 36.29569399247999, 45.529000299230894 ], [ 36.293224589069432, 45.529339047560249 ], [ 36.292742691280552, 45.527603382553863 ], [ 36.290273314174229, 45.527942059047412 ], [ 36.289791530629977, 45.526206369142272 ], [ 36.287322179837588, 45.526544973804377 ], [ 36.286840510526524, 45.52480925900624 ], [ 36.284371186057697, 45.525147791841313 ], [ 36.283889630968417, 45.523412052155876 ], [ 36.281420332832823, 45.523750513168352 ], [ 36.280938891953873, 45.52201474860135 ], [ 36.278469620161168, 45.522353137795605 ], [ 36.277988293481137, 45.520617348352772 ], [ 36.275519048040969, 45.520955665733226 ], [ 36.275037835548424, 45.519219851420303 ], [ 36.27256861647043, 45.519558096991339 ], [ 36.272087518153931, 45.517822257814039 ], [ 36.266668174971237, 45.516762669509639 ], [ 36.265706478849623, 45.513290887232415 ], [ 36.260287653922674, 45.512230916853966 ], [ 36.259326502028713, 45.50875902621101 ], [ 36.256857555429015, 45.509096872123102 ], [ 36.255896719415084, 45.505624922826243 ], [ 36.253427869485499, 45.505962676630269 ], [ 36.251987154896689, 45.500754657996296 ], [ 36.249518471878851, 45.501092299379174 ], [ 36.248078362260344, 45.495884179358825 ], [ 36.245609846137413, 45.496221708345907 ], [ 36.241772041814713, 45.482333028347107 ], [ 36.239304043558484, 45.482670343412032 ], [ 36.23882458510279, 45.480934217928244 ], [ 36.241292513178429, 45.480596923170104 ], [ 36.237457858340889, 45.46670792043421 ], [ 36.239925181475257, 45.466370736710907 ], [ 36.238487696770783, 45.461162347671447 ], [ 36.240954765855605, 45.460825173475811 ], [ 36.239517464101006, 45.455616805024036 ], [ 36.241984279210726, 45.455279640364921 ], [ 36.242534699296499, 45.447998032773278 ], [ 36.245001146769795, 45.44766084661822 ], [ 36.24452209809246, 45.445924757824386 ], [ 36.246988431839682, 45.445587540634968 ], [ 36.246030325443904, 45.442115390209494 ], [ 36.248496475447382, 45.441778162294447 ], [ 36.247538403709939, 45.438306034551594 ], [ 36.245072393743897, 45.43864322186672 ], [ 36.24459349339282, 45.436907130977566 ], [ 36.242127509777369, 45.437244246678453 ], [ 36.241648723095146, 45.435508131017258 ], [ 36.239182765839871, 45.435845175108319 ], [ 36.238704092815098, 45.434109034680795 ], [ 36.236238161929577, 45.434446007166414 ], [ 36.232815252300654, 45.431310552919818 ], [ 36.225417487118435, 45.432320886830041 ], [ 36.225895722814109, 45.434057137602103 ], [ 36.223429643852285, 45.434393833202066 ], [ 36.222951478182267, 45.43265756215937 ], [ 36.203221837756217, 45.435349116903957 ], [ 36.202744276012957, 45.433612679341827 ], [ 36.19287869071551, 45.43495714357185 ], [ 36.193355972178189, 45.436693662092026 ], [ 36.190889396953274, 45.437029670009721 ], [ 36.190412185572683, 45.435293131257154 ], [ 36.170678578334559, 45.437979183794091 ], [ 36.170201971252773, 45.436242478844122 ], [ 36.167735144791031, 45.436577984050466 ], [ 36.168688262180552, 45.440051429921489 ], [ 36.166221252005094, 45.440386924161103 ], [ 36.165660393643606, 45.447669367115836 ], [ 36.161202111908572, 45.450077039606199 ], [ 36.162155276643098, 45.453550584953156 ], [ 36.159687601445128, 45.453886015032403 ], [ 36.160164178835196, 45.455622801249547 ], [ 36.157696389963661, 45.455958200116534 ], [ 36.158172940627551, 45.457695002095669 ], [ 36.155705038072917, 45.458030369743398 ], [ 36.156181561999169, 45.459767187483514 ], [ 36.153713545751863, 45.460102523904979 ], [ 36.154190042929031, 45.461839357405132 ], [ 36.151721912979532, 45.462174662593362 ], [ 36.152198383396197, 45.463911511852579 ], [ 36.149730139734928, 45.464246785800533 ], [ 36.150206583379614, 45.465983650817861 ], [ 36.147738225997038, 45.466318893518554 ], [ 36.146222561811243, 45.470127882270113 ], [ 36.141285348637055, 45.470798191186496 ], [ 36.139769165692634, 45.474607169339713 ], [ 36.13483141057791, 45.475277250226625 ], [ 36.135307579577265, 45.477014234381755 ], [ 36.130369510017182, 45.477684149740845 ], [ 36.130845581830314, 45.479421169819815 ], [ 36.125907197821064, 45.480090919610774 ], [ 36.126383172410705, 45.481827975606443 ], [ 36.112042151734272, 45.485573282758864 ], [ 36.112517791010113, 45.487310450880202 ], [ 36.092758745166961, 45.489985401720922 ], [ 36.0932338646057, 45.491722726573947 ], [ 36.09076371820489, 45.492056883708663 ], [ 36.090288669194706, 45.490319538724727 ], [ 36.070526500654722, 45.492990779441655 ], [ 36.070052058566496, 45.491253269114949 ], [ 36.062640741805943, 45.492254073566038 ], [ 36.062166554428941, 45.49051649854151 ], [ 36.054755059406659, 45.491516778724161 ], [ 36.054281126744449, 45.489779139035178 ], [ 36.043925202025719, 45.489374319386521 ], [ 36.040507640866217, 45.486231894507817 ], [ 36.035566559211631, 45.486897813954556 ], [ 36.035093292930924, 45.485160016210536 ], [ 36.032622757766049, 45.485492878527808 ], [ 36.032149605186291, 45.483755056345373 ], [ 36.029679097305447, 45.484087847042382 ], [ 36.029206058415085, 45.482350000427239 ], [ 36.026735577827779, 45.482682719508432 ], [ 36.026262652615316, 45.480944848466258 ], [ 36.023792199331027, 45.481277495936141 ], [ 36.02331938778493, 45.47953960047262 ], [ 36.020848961813179, 45.479872176335654 ], [ 36.020376263921904, 45.478134256456485 ], [ 36.014962909706007, 45.477061249090731 ], [ 36.01401801161375, 45.473585307335455 ], [ 36.008605178102741, 45.472511920370202 ], [ 36.00766082068089, 45.46903587230522 ], [ 36.005190672364556, 45.46936805015838 ], [ 36.004246628308572, 45.465891944598042 ], [ 36.001776577825176, 45.466224030863785 ], [ 35.996476231571727, 45.456127404098019 ], [ 35.994006517645765, 45.456459267223586 ], [ 35.990235821592911, 45.442553981290075 ], [ 35.987766627972043, 45.442885632919761 ], [ 35.987295554957271, 45.441147432598889 ], [ 35.989764678184834, 45.44081580095844 ], [ 35.986467878235452, 45.428648416812955 ], [ 35.983999247599819, 45.428979908561523 ], [ 35.980589299369647, 45.425834834288651 ], [ 35.975652104709496, 45.426497480406908 ], [ 35.972242762229023, 45.423352074504329 ], [ 35.969774198263202, 45.423683228892727 ], [ 35.970244446812849, 45.425421576883522 ], [ 35.967775769569045, 45.42575269973414 ], [ 35.967305591377709, 45.424014331784242 ], [ 35.962368248870682, 45.424676383066831 ], [ 35.962838286331305, 45.42641479092633 ], [ 35.960369480348888, 45.426745759263028 ], [ 35.961309543234009, 45.430222601876281 ], [ 35.958840553578646, 45.430553558602227 ], [ 35.959310578990603, 45.432291993355669 ], [ 35.956841476031066, 45.432622918512145 ], [ 35.957311473947847, 45.434361368879408 ], [ 35.954842257674713, 45.434692262459407 ], [ 35.955312228084807, 45.43643072843944 ], [ 35.95284289848864, 45.436761590435999 ], [ 35.953312841380487, 45.438500072027821 ], [ 35.950843398451859, 45.43883090243385 ], [ 35.951313313813976, 45.440569399636509 ], [ 35.948843757543457, 45.440900198445028 ], [ 35.949313645364263, 45.442638711257501 ], [ 35.946843975742418, 45.442969478461492 ], [ 35.945313885731437, 45.446777286504336 ], [ 35.940374050129272, 45.447438642891811 ], [ 35.938843439192794, 45.451246438419844 ], [ 35.929431985716747, 45.45430715610356 ], [ 35.930371050143911, 45.457784484240129 ], [ 35.927900501021824, 45.458114926839656 ], [ 35.928839595905039, 45.46159227752478 ], [ 35.926368862807607, 45.46192270837448 ], [ 35.925776226761464, 45.46920789648064 ], [ 35.921303482587632, 45.471607390754322 ], [ 35.92224261332214, 45.475084840278555 ], [ 35.919771214576983, 45.475415204116835 ], [ 35.920240773674706, 45.477153942313983 ], [ 35.917769261415707, 45.477484274438929 ], [ 35.918238792785139, 45.479223028231409 ], [ 35.915767167002841, 45.47955332863598 ], [ 35.916236670632401, 45.481292098022763 ], [ 35.91376493131736, 45.481622366699959 ], [ 35.914234407195487, 45.483361151680072 ], [ 35.911762554338253, 45.483691388622844 ], [ 35.912232002453358, 45.485430189195306 ], [ 35.909760036044503, 45.485760394396614 ], [ 35.908226768969385, 45.489568215767314 ], [ 35.903282339002708, 45.4902284474948 ], [ 35.901748549302461, 45.494036255839703 ], [ 35.896803579237684, 45.494696257134308 ], [ 35.897272746928799, 45.496435175452746 ], [ 35.892327463921788, 45.497095009804674 ], [ 35.892796533024161, 45.498833963599637 ], [ 35.885378074805459, 45.499823387107142 ], [ 35.885846974526615, 45.501562396257434 ], [ 35.878427918341742, 45.502551414100793 ], [ 35.878896648609107, 45.504290478587016 ], [ 35.864056954971822, 45.506267237228109 ], [ 35.864525303299409, 45.508006416626948 ], [ 35.844736081348458, 45.51063935673583 ], [ 35.845203905800744, 45.512378690640823 ], [ 35.84272998968293, 45.512707595139659 ], [ 35.842262236088096, 45.510968241397038 ], [ 35.839788348065682, 45.511297074305155 ], [ 35.840256030798386, 45.51303644788252 ], [ 35.837782029152876, 45.513365248866968 ], [ 35.837314417287025, 45.511625855457737 ], [ 35.817521432531819, 45.514254241187558 ], [ 35.817054430474229, 45.512514684950801 ], [ 35.801741789772635, 45.512744001589745 ], [ 35.801275298529774, 45.511004318030245 ], [ 35.790911443172433, 45.510576021038446 ], [ 35.787504924816119, 45.507424153056419 ], [ 35.782556164136871, 45.508079355091503 ], [ 35.782090339860211, 45.506339516059754 ], [ 35.779615966547475, 45.506667019631088 ], [ 35.779150255789695, 45.504927156582035 ], [ 35.776675910816053, 45.505254588606263 ], [ 35.7762103135655, 45.503514701545562 ], [ 35.77373599694036, 45.503842062027239 ], [ 35.773270513185345, 45.502102150960567 ], [ 35.770796224918087, 45.502429439904219 ], [ 35.77033085464695, 45.500689504837275 ], [ 35.767856594746974, 45.501016722247442 ], [ 35.767391337948062, 45.499276763185883 ], [ 35.76197775994904, 45.49819100037336 ], [ 35.761047742691581, 45.494710982058734 ], [ 35.755634689501584, 45.493624841503532 ], [ 35.754705210944813, 45.490144718805738 ], [ 35.752231234842903, 45.490471539173029 ], [ 35.751302068048162, 45.486991360064344 ], [ 35.748828191268082, 45.487318089217538 ], [ 35.747434972300248, 45.482097729607602 ], [ 35.744961265731064, 45.482424347851016 ], [ 35.74356864149572, 45.477203890973371 ], [ 35.741095105118845, 45.477530398332412 ], [ 35.737383874128852, 45.463608836059962 ], [ 35.734910862149171, 45.463935134093582 ], [ 35.734447219919858, 45.462194900074621 ], [ 35.736920161072334, 45.461868621730844 ], [ 35.735065732682223, 45.454907722111408 ], [ 35.732593074780318, 45.455233921707531 ], [ 35.732129644416489, 45.453493666545157 ], [ 35.72718434313736, 45.454145871185908 ], [ 35.726721096731175, 45.452405572439176 ], [ 35.721775767679382, 45.453057530807136 ], [ 35.718377098678204, 45.449902704207688 ], [ 35.713431798912374, 45.450554273516609 ], [ 35.71296903351103, 45.448813863772976 ], [ 35.710496390980772, 45.44913955116963 ], [ 35.710033738685325, 45.447399117553488 ], [ 35.707561124672132, 45.447724733563248 ], [ 35.707098585470966, 45.445984276080253 ], [ 35.704625999984124, 45.446309820707683 ], [ 35.704163573865571, 45.444569339363525 ], [ 35.70169101691441, 45.444894812613164 ], [ 35.701228703866796, 45.443154307413458 ], [ 35.69875617546063, 45.443479709289846 ], [ 35.698293975472325, 45.441739180240269 ], [ 35.695821475620448, 45.442064510747954 ], [ 35.695359388679769, 45.440323957854162 ], [ 35.689952500771426, 45.439233828049225 ], [ 35.689028821226486, 45.435752622714105 ], [ 35.683622457481789, 45.434662116384523 ], [ 35.682699314328318, 45.431180807352476 ], [ 35.68022709897059, 45.431505741856903 ], [ 35.679304266119225, 45.428024376799463 ], [ 35.676832150150823, 45.428349220362428 ], [ 35.675448429450576, 45.423127082471154 ], [ 35.67297648364142, 45.423451815504613 ], [ 35.671593354568962, 45.41822958105088 ], [ 35.669121578900253, 45.418554203580207 ], [ 35.665435653967329, 45.404627903832697 ], [ 35.662964402048459, 45.404952317955107 ], [ 35.662503921584943, 45.403211492050175 ], [ 35.664975102795644, 45.402887097509939 ], [ 35.664514593707395, 45.401146286998809 ], [ 35.662043483199014, 45.401470661958015 ], [ 35.661583086886075, 45.399729827679096 ], [ 35.664054126697934, 45.399405472299755 ], [ 35.661292208036805, 45.388960496183742 ], [ 35.658821592281832, 45.389284734108031 ], [ 35.657901430454473, 45.385803002776868 ], [ 35.655430913973895, 45.386127149903281 ], [ 35.654051198385211, 45.380904462840299 ], [ 35.651580851821812, 45.381228499621194 ], [ 35.650201726228417, 45.376005716257993 ], [ 35.647731549563382, 45.376329642718723 ], [ 35.644056293445175, 45.362401880224979 ], [ 35.641586639652878, 45.362725598664376 ], [ 35.640668386364702, 45.359243577217974 ], [ 35.643137899000415, 45.358919897861114 ], [ 35.639465998453865, 45.344991801549725 ], [ 35.641934904792485, 45.344668226884004 ], [ 35.640558422078442, 45.339445180567019 ], [ 35.64302707498382, 45.339121612915591 ], [ 35.641650757854258, 45.333898587676089 ], [ 35.644119157400446, 45.333575027048376 ], [ 35.643201681147772, 45.330093028442455 ], [ 35.64566989786708, 45.329769455315102 ], [ 35.645211152110434, 45.328028469291695 ], [ 35.637806587695572, 45.328998975393276 ], [ 35.637348095195058, 45.327257926614294 ], [ 35.632411650508104, 45.32790463381945 ], [ 35.631953340796052, 45.326163541834248 ], [ 35.627016869647555, 45.326810003743958 ], [ 35.626558742714522, 45.325068868569133 ], [ 35.616227777155807, 45.32461987817959 ], [ 35.615770015752581, 45.322878656675307 ], [ 35.613301761596929, 45.323201545491813 ], [ 35.612844112465837, 45.321460300338849 ], [ 35.607907619745021, 45.322105884274926 ], [ 35.604524560660778, 45.318945979199782 ], [ 35.602056350830182, 45.319268603271084 ], [ 35.602513634494933, 45.321009934667899 ], [ 35.600045312423646, 45.321332526643985 ], [ 35.598491359226848, 45.325137795301828 ], [ 35.593554224314829, 45.325782799242646 ], [ 35.59199974877918, 45.329588052337286 ], [ 35.587062081285765, 45.330232824588094 ], [ 35.587519080099177, 45.331974271561123 ], [ 35.582581104557732, 45.33261887631987 ], [ 35.583038004004159, 45.334360358075671 ], [ 35.575630516029051, 45.335326936488528 ], [ 35.576087245494989, 45.337068472473149 ], [ 35.568679170303632, 45.33803464463675 ], [ 35.569135729717502, 45.339776234830509 ], [ 35.549378463021831, 45.342350577440527 ], [ 35.549834499165158, 45.344092318972166 ], [ 35.547364582641258, 45.344413898804433 ], [ 35.546908617141035, 45.342672137851807 ], [ 35.527148350932976, 45.34524276133785 ], [ 35.526692992352856, 45.343500841006907 ], [ 35.514341826885669, 45.345105704396111 ], [ 35.513886863320316, 45.343363683016761 ], [ 35.506475877174637, 45.344325922740119 ], [ 35.506021167264066, 45.342583839130334 ], [ 35.503550826135445, 45.342904462964043 ], [ 35.504005465342622, 45.344646565942043 ], [ 35.501535011961955, 45.344967157453752 ], [ 35.502444273593376, 45.348451389831922 ], [ 35.497957510991796, 45.350834643988577 ], [ 35.498866738984205, 45.354318929208475 ], [ 35.496395807296608, 45.354639462435394 ], [ 35.49685041286476, 45.356381618255121 ], [ 35.494379368867726, 45.356702119128336 ], [ 35.494833945221444, 45.358444290207864 ], [ 35.492362788905808, 45.358764758720341 ], [ 35.492817336033397, 45.360506945058624 ], [ 35.490346067390028, 45.360827381203329 ], [ 35.490800585279786, 45.36256958279926 ], [ 35.488329204299532, 45.362889986569137 ], [ 35.488783692939776, 45.364632203421706 ], [ 35.486312199613501, 45.364952574809706 ], [ 35.484749483417133, 45.368757393279473 ], [ 35.479806005786394, 45.369397954734552 ], [ 35.478242764496862, 45.373202756357152 ], [ 35.473298754289118, 45.373843084649735 ], [ 35.473752954791372, 45.375585416455721 ], [ 35.468808636750829, 45.376225576357157 ], [ 35.469262737037766, 45.377967942746835 ], [ 35.461845735956722, 45.37892785228096 ], [ 35.462299665096914, 45.380670272576211 ], [ 35.454882077762683, 45.38162977402412 ], [ 35.455335835684409, 45.383372248205198 ], [ 35.447917662155447, 45.384331341453986 ], [ 35.448371248786934, 45.386073869501018 ], [ 35.428587060444208, 45.388629326351477 ], [ 35.429040120880217, 45.390372004734019 ], [ 35.426566839831828, 45.390691222937413 ], [ 35.426113850376218, 45.388948525265761 ], [ 35.406326678829153, 45.391500250561876 ], [ 35.405874298764481, 45.389757394619075 ], [ 35.390580695437642, 45.38992592002193 ], [ 35.390128824217541, 45.388182940441133 ], [ 35.379782559325768, 45.387713022768629 ], [ 35.37640602176328, 45.384544987849637 ], [ 35.37145875796913, 45.385181029068271 ], [ 35.371007549208784, 45.383437898669271 ], [ 35.368533926428796, 45.383755822272235 ], [ 35.368082829977162, 45.382012668611992 ], [ 35.365609236966144, 45.382330521142208 ], [ 35.365158252811447, 45.380587344226363 ], [ 35.362684689578465, 45.380905125688443 ], [ 35.362233817708962, 45.379161925522567 ], [ 35.359760284263118, 45.379479635921143 ], [ 35.359309524667005, 45.377736412510863 ], [ 35.356836021017408, 45.378054051850569 ], [ 35.356385373682933, 45.376310805201477 ], [ 35.350987920724165, 45.375202600840439 ], [ 35.350087116233176, 45.371716010586283 ], [ 35.344690190271564, 45.370607433191722 ], [ 35.343789916999349, 45.367120742001688 ], [ 35.341316704504379, 45.367437987758606 ], [ 35.340416737934461, 45.363951242093407 ], [ 35.337943626295946, 45.364268397654158 ], [ 35.336594198098659, 45.359038191430884 ], [ 35.334121258312358, 45.359355237642568 ], [ 35.332772413305108, 45.354124937690528 ], [ 35.330299645351161, 45.354441874578491 ], [ 35.326705101847978, 45.340494077783219 ], [ 35.324232860463511, 45.340810809618873 ], [ 35.323783798349552, 45.339067297781106 ], [ 35.326255968800247, 45.338750585092853 ], [ 35.322664382617106, 45.324802498928591 ], [ 35.325135944773812, 45.32448588759604 ], [ 35.32378956455311, 45.319255346435483 ], [ 35.326260873070574, 45.318938740748244 ], [ 35.324914649554906, 45.313708220865891 ], [ 35.327385704507222, 45.313391620833706 ], [ 35.326488285613216, 45.30990462577978 ], [ 35.328959157890239, 45.309588012272442 ], [ 35.328510439155096, 45.307844527862038 ], [ 35.321097911740075, 45.308794155713102 ], [ 35.321546418014165, 45.310537697534492 ], [ 35.319075422703861, 45.310854155777214 ], [ 35.318626987259165, 45.309110594824645 ], [ 35.298858116090749, 45.311640244281342 ], [ 35.298410288391302, 45.309896526381813 ], [ 35.288525153353902, 45.311160032178918 ], [ 35.28897269756996, 45.312903826476045 ], [ 35.286501240614179, 45.313219592568814 ], [ 35.286948754866586, 45.31496340196103 ], [ 35.284477186099856, 45.315279135357066 ], [ 35.284924670376867, 45.317022959843264 ], [ 35.282452989790151, 45.31733866053554 ], [ 35.282900444080013, 45.319082500114654 ], [ 35.280428651664323, 45.319398168096079 ], [ 35.280876075955256, 45.321142022767013 ], [ 35.278404171701567, 45.321457658030539 ], [ 35.276826914138915, 45.325261015182072 ], [ 35.271882617315292, 45.32589210297666 ], [ 35.270304833065843, 45.329695441344654 ], [ 35.265360006957863, 45.33032629449788 ], [ 35.265807139121961, 45.332070262760396 ], [ 35.260862007457575, 45.332700946715775 ], [ 35.261309038536311, 45.334444949128198 ], [ 35.246918882217479, 45.338079983855032 ], [ 35.247365568951132, 45.339824092653309 ], [ 35.227579741411468, 45.342342722393106 ], [ 35.228025900531804, 45.344086979536975 ], [ 35.225552417260197, 45.3444015938341 ], [ 35.225106329220075, 45.342657317662514 ], [ 35.205317562901818, 45.345172211757557 ], [ 35.204872084431578, 45.343427779506612 ], [ 35.197450837615811, 45.3443699514523 ], [ 35.197005613247356, 45.342625458250332 ], [ 35.189584213116596, 45.343567106063482 ], [ 35.190029224104542, 45.345311656227722 ], [ 35.170236463221613, 45.347820584541104 ], [ 35.17068094567621, 45.349565282529113 ], [ 35.165732206188522, 45.350192033235622 ], [ 35.165287866093678, 45.348447297332093 ], [ 35.162813506526192, 45.348760575821714 ], [ 35.164146435252206, 45.353994828560758 ], [ 35.161671821432549, 45.354308111964656 ], [ 35.160974404950743, 45.361600443475282 ], [ 35.156468672864747, 45.363971705158846 ], [ 35.15735733229829, 45.367461299446909 ], [ 35.154882057127509, 45.367774507648733 ], [ 35.155326376597181, 45.369519317828356 ], [ 35.152850989477265, 45.369832492995783 ], [ 35.153295278349084, 45.371577318181203 ], [ 35.15081977927106, 45.371890460307156 ], [ 35.151264037533132, 45.37363530049722 ], [ 35.148788426488025, 45.373948409574652 ], [ 35.149232654128539, 45.375693264768259 ], [ 35.146756931107333, 45.376006340790049 ], [ 35.147201128114396, 45.377751210986098 ], [ 35.144725293108152, 45.37806425394519 ], [ 35.145169459469898, 45.379809139142559 ], [ 35.14269351246962, 45.380122149031841 ], [ 35.141105694206381, 45.383924941238512 ], [ 35.136153311511073, 45.384550776672114 ], [ 35.134564963105021, 45.388353548529949 ], [ 35.129612050992947, 45.38897914750455 ], [ 35.130055921191421, 45.390724145546301 ], [ 35.125102703702815, 45.391349574209386 ], [ 35.125546471767414, 45.393094606163132 ], [ 35.118116126513527, 45.394032415551223 ], [ 35.118559720991144, 45.395777500322588 ], [ 35.111128795799445, 45.396714897928433 ], [ 35.111572216618491, 45.398460035497244 ], [ 35.091754057800529, 45.400957622512564 ], [ 35.092196947548807, 45.40270290730394 ], [ 35.087241859029973, 45.403326820987068 ], [ 35.086799112249317, 45.401581498438148 ], [ 35.074411038660735, 45.403140276599991 ], [ 35.0748534279439, 45.404885693491117 ], [ 35.069897771719013, 45.4055088777626 ], [ 35.070340058495425, 45.407254328463303 ], [ 35.067862098066733, 45.407565861288155 ], [ 35.069188986962992, 45.412802246517032 ], [ 35.071667162011039, 45.412490657121005 ], [ 35.072552100388265, 45.415981523351768 ], [ 35.075030377995219, 45.415669844107093 ], [ 35.075472979566484, 45.417415252494443 ], [ 35.082907783675346, 45.416479845398875 ], [ 35.083350640476041, 45.418225193261065 ], [ 35.088307116754287, 45.417601290156014 ], [ 35.088750157240106, 45.419346596343836 ], [ 35.093706614221261, 45.418722446983345 ], [ 35.097071413864498, 45.421900781412887 ], [ 35.102027913307452, 45.421276243758427 ], [ 35.102471433371392, 45.423021443725503 ], [ 35.104949693677682, 45.422709077817373 ], [ 35.105393325930223, 45.424454254956956 ], [ 35.107871617128616, 45.424141818023472 ], [ 35.108315361581674, 45.425886972329906 ], [ 35.110793683663182, 45.42557446436642 ], [ 35.11123754032868, 45.427319595834156 ], [ 35.113715893284322, 45.427007016835965 ], [ 35.114159862174176, 45.428752125459368 ], [ 35.116638245994956, 45.428439475421776 ], [ 35.117082327121082, 45.430184561195276 ], [ 35.122483380696394, 45.43130411090111 ], [ 35.123372032681566, 45.43479418708025 ], [ 35.128773617981395, 45.435913365040058 ], [ 35.129662800578323, 45.439403341862274 ], [ 35.132141481713219, 45.439090298675843 ], [ 35.13303097044205, 45.442580221857881 ], [ 35.135509753963113, 45.442267088649338 ], [ 35.136844507528231, 45.447501887021431 ], [ 35.139323465020787, 45.447188644823946 ], [ 35.140658800403749, 45.452423350845173 ], [ 35.143137931888432, 45.452109999633343 ], [ 35.146701194784754, 45.466068890356254 ], [ 35.149180858432956, 45.46575533526061 ], [ 35.150072225790773, 45.469244980507497 ], [ 35.14759241884051, 45.469558573548639 ], [ 35.15115894947489, 45.483517148265051 ], [ 35.14867852819021, 45.483830840933202 ], [ 35.150908579909775, 45.49255491655893 ], [ 35.148427759099896, 45.492868651923743 ], [ 35.148623448173282, 45.503651323121964 ], [ 35.146142114949093, 45.503965067926238 ], [ 35.145445351901976, 45.511258158636274 ], [ 35.140928017836778, 45.513630416467748 ], [ 35.141820363437738, 45.517120159837759 ], [ 35.139338363802324, 45.51743382849039 ], [ 35.139784526139543, 45.51917871322555 ], [ 35.13730241372685, 45.519492348583618 ], [ 35.13774854512755, 45.521237248344327 ], [ 35.135266319928505, 45.521550850400729 ], [ 35.135712420380706, 45.523295765185864 ], [ 35.133230082386255, 45.5236093339335 ], [ 35.133676151877957, 45.525354263741953 ], [ 35.13119370107902, 45.525667799173654 ], [ 35.131639739598256, 45.52741274400433 ], [ 35.129157175985775, 45.527726246113012 ], [ 35.127566483623781, 45.53152964961501 ], [ 35.122600864179269, 45.532156468188859 ], [ 35.12100963733139, 45.535959850697488 ], [ 35.116043484698693, 45.536586431228045 ], [ 35.116489224269351, 45.538331489071368 ], [ 35.111522764128253, 45.538957898212615 ], [ 35.11196840066286, 45.540702990020726 ], [ 35.104518187863675, 45.541642268080793 ], [ 35.104963649334501, 45.543387412791155 ], [ 35.097512852662533, 45.544326276594994 ], [ 35.097958138997257, 45.546071474187279 ], [ 35.078086974164378, 45.54857295875258 ], [ 35.07853172507604, 45.550318303810613 ], [ 35.073563381450299, 45.550943189088102 ], [ 35.074008029054838, 45.552688568041553 ], [ 35.076492293343023, 45.552376132681935 ], [ 35.077381855153796, 45.555866840987271 ], [ 35.082795535843182, 45.556987047886608 ], [ 35.087060535924167, 45.563655525317692 ], [ 35.089545141403285, 45.563342747961407 ], [ 35.090881268397901, 45.568578494885983 ], [ 35.093366049295895, 45.568265608331842 ], [ 35.09470276065403, 45.573501263020447 ], [ 35.097187716991819, 45.573188267242834 ], [ 35.100754658150016, 45.587149688195794 ], [ 35.103240150696863, 45.586836488408018 ], [ 35.103686274747503, 45.588581629334847 ], [ 35.10120071003292, 45.58889484807824 ], [ 35.104770599928827, 45.602855985159536 ], [ 35.102284416662059, 45.603169303132184 ], [ 35.102476464497094, 45.613953483298531 ], [ 35.099989765757428, 45.614266810109854 ], [ 35.099288782587777, 45.621560766996218 ], [ 35.094760998835454, 45.623932508564629 ], [ 35.095653915969805, 45.627422894126276 ], [ 35.093166547098861, 45.627736143685517 ], [ 35.093612994855995, 45.629481349509028 ], [ 35.091125512637845, 45.629794565513812 ], [ 35.091571929066973, 45.631539786351077 ], [ 35.089084333492465, 45.631852968794213 ], [ 35.0895307185815, 45.633598204644123 ], [ 35.087043009641555, 45.633911353518521 ], [ 35.087489363378396, 45.635656604379932 ], [ 35.085001541063882, 45.635969719678407 ], [ 35.085447863436457, 45.637714985550218 ], [ 35.082959927738244, 45.638028067265623 ], [ 35.081364429251167, 45.641831692161141 ], [ 35.076388063265377, 45.642457668668442 ], [ 35.074792026531838, 45.646261271722317 ], [ 35.069815124898774, 45.646887008666319 ], [ 35.070261145399321, 45.64863238745059 ], [ 35.065283934939401, 45.649257952005399 ], [ 35.065729851529817, 45.651003364722037 ], [ 35.058263511141831, 45.651941374042799 ], [ 35.058709251312408, 45.653686839608618 ], [ 35.051242324808548, 45.654624432453545 ], [ 35.051687888486491, 45.656369950848109 ], [ 35.031773703021784, 45.658868035473375 ], [ 35.032218727509736, 45.660613701176779 ], [ 35.029729197646894, 45.660925743912287 ], [ 35.029284245697518, 45.659180059317706 ], [ 35.016836345696873, 45.660739389263071 ], [ 35.017280934885143, 45.662485168268809 ], [ 35.014791159685785, 45.662796895259618 ], [ 35.015235717176346, 45.664542689227574 ], [ 35.012745828532317, 45.66485438245752 ], [ 35.013190354313032, 45.666600191386529 ], [ 35.010700352215231, 45.666911850848507 ], [ 35.011144846273957, 45.668657674737474 ], [ 35.008654730713289, 45.668969300424259 ], [ 35.009099193037869, 45.670715139272026 ], [ 35.006608964005245, 45.671026731176511 ], [ 35.007053394583522, 45.672772584981907 ], [ 35.004563052069834, 45.673084143096908 ], [ 35.002961361935029, 45.67688741989452 ], [ 34.997980182071302, 45.677510348254089 ], [ 34.996377951629434, 45.681313602294239 ], [ 34.991396236014353, 45.681936290022378 ], [ 34.991840362329931, 45.683682256305644 ], [ 34.986858337978816, 45.684304770989343 ], [ 34.987302359761969, 45.686050771066704 ], [ 34.97982879888788, 45.686984204416362 ], [ 34.980272643389, 45.688730257119126 ], [ 34.972798496964593, 45.68966327264679 ], [ 34.973242164110758, 45.691409377954464 ], [ 34.963275773301874, 45.692652735969503 ], [ 34.963719190264513, 45.69439891268204 ], [ 34.951259920237355, 45.695952017936122 ], [ 34.951703014115068, 45.697698284821072 ], [ 34.949210965012021, 45.698008766467041 ], [ 34.9496540268606, 45.699755048271136 ], [ 34.947161864198051, 45.700065495974336 ], [ 34.947604894005273, 45.701811792696418 ], [ 34.945112617774143, 45.702122206449673 ], [ 34.943506191406932, 45.705925224439319 ], [ 34.938521143862225, 45.706545863337169 ], [ 34.936914175553341, 45.710348857864957 ], [ 34.931928592115369, 45.710969255296611 ], [ 34.932371315801085, 45.712715664169728 ], [ 34.927385423660255, 45.71333588804314 ], [ 34.927828042326773, 45.715082330606464 ], [ 34.920348679974339, 45.716012326825329 ], [ 34.920791120680548, 45.717758821845933 ], [ 34.913311173140727, 45.718688399182902 ], [ 34.913753435813618, 45.720434946640239 ], [ 34.893804535012841, 45.722911645813411 ], [ 34.894246254798794, 45.724658339438363 ], [ 34.888816903104654, 45.723530292350013 ], [ 34.889258476946623, 45.725277023454623 ], [ 34.884270536491073, 45.725895496119051 ], [ 34.885153514171016, 45.729389021690331 ], [ 34.882659336988162, 45.729698216221863 ], [ 34.883542331240115, 45.733191763826028 ], [ 34.878994974940419, 45.73555687472517 ], [ 34.879877920971516, 45.739050474108055 ], [ 34.877383256721828, 45.739359603709694 ], [ 34.87782471766252, 45.741106416345076 ], [ 34.875329939711953, 45.741415511800184 ], [ 34.875771368241807, 45.74316233930665 ], [ 34.873276476581275, 45.743471400608065 ], [ 34.873717872688019, 45.745218242984457 ], [ 34.871222867308454, 45.745527270124953 ], [ 34.871664230979817, 45.747274127370162 ], [ 34.869169111872139, 45.747583120342526 ], [ 34.869610443095837, 45.749329992455372 ], [ 34.867115210250979, 45.74963895125245 ], [ 34.867556509014733, 45.75138583823172 ], [ 34.865061162423615, 45.751694762846327 ], [ 34.865502428715168, 45.753441664690932 ], [ 34.863006968368694, 45.753750555115822 ], [ 34.861393829375096, 45.757553259624309 ], [ 34.856402412974887, 45.758170850751405 ], [ 34.854788729446099, 45.761973530782811 ], [ 34.849796776650386, 45.762590879174624 ], [ 34.850237734046949, 45.764337892736783 ], [ 34.845245472419855, 45.764955066780878 ], [ 34.845686324056764, 45.766702113895427 ], [ 34.83819740746636, 45.767627533953714 ], [ 34.838638080093347, 45.769374633302654 ], [ 34.831148578491536, 45.770299632830074 ], [ 34.831589072035406, 45.772046784392735 ], [ 34.811614696664947, 45.774511268579722 ], [ 34.812054644726416, 45.77625856566096 ], [ 34.809557592051668, 45.776566406431705 ], [ 34.80911771726899, 45.774819090694358 ], [ 34.789140423561484, 45.77727975986928 ], [ 34.788701175652328, 45.775532291171977 ], [ 34.781209242375297, 45.776454111703288 ], [ 34.780770254876906, 45.774706583315606 ], [ 34.773278177462672, 45.775627870913759 ], [ 34.772839450374221, 45.773880282869939 ], [ 34.762411347771064, 45.77336018345445 ], [ 34.759037373939236, 45.770171542896129 ], [ 34.754042636109425, 45.770784790629129 ], [ 34.753604583931072, 45.769037057182942 ], [ 34.751107227789156, 45.769343582941652 ], [ 34.750669289307915, 45.767595827112459 ], [ 34.748171966137448, 45.767902281275994 ], [ 34.747734141340992, 45.76615450306943 ], [ 34.745236851150999, 45.766460885642623 ], [ 34.744799140026963, 45.764713085064336 ], [ 34.739367061160536, 45.76357781251469 ], [ 34.739804585296021, 45.765325654024622 ], [ 34.737307247441819, 45.765631858979823 ], [ 34.738619841772959, 45.770875416430769 ], [ 34.736122243551648, 45.771181624051607 ], [ 34.736997361356607, 45.774677347171938 ], [ 34.73449957607076, 45.774983538884818 ], [ 34.735374708447246, 45.778479283952578 ], [ 34.730816203237488, 45.780839486458881 ], [ 34.731691284018467, 45.784335283007628 ], [ 34.729193010742989, 45.784641408377588 ], [ 34.729630538214664, 45.786389319521398 ], [ 34.727132151179362, 45.786695410386741 ], [ 34.727569645553118, 45.788443336295465 ], [ 34.725071144748966, 45.788749392648974 ], [ 34.725508606012447, 45.790497333321447 ], [ 34.723009991430409, 45.790803355155923 ], [ 34.723447419571229, 45.79255131059093 ], [ 34.720948691202288, 45.792857297899154 ], [ 34.721386086208057, 45.794605268095516 ], [ 34.718887244043188, 45.794911220870262 ], [ 34.717262978630238, 45.79871312377643 ], [ 34.712264798742574, 45.799324838050062 ], [ 34.712702020765938, 45.801072871066907 ], [ 34.710202796840761, 45.801378667093971 ], [ 34.71063998566882, 45.803126714865542 ], [ 34.705641269847249, 45.803738184672738 ], [ 34.706078351938729, 45.805486265734508 ], [ 34.721512020202333, 45.805399073761109 ], [ 34.721949624095934, 45.80714703597549 ], [ 34.732384746743413, 45.807670270915779 ], [ 34.735760160184597, 45.81085967709258 ], [ 34.740758870334901, 45.810246816220754 ], [ 34.741197150353578, 45.811994633272207 ], [ 34.743696518321237, 45.811688104599625 ], [ 34.744134912269907, 45.813435899266217 ], [ 34.746634313323874, 45.813129298904244 ], [ 34.7470728212149, 45.814877071180319 ], [ 34.749572255346131, 45.814570399124122 ], [ 34.750010877191926, 45.816318149004019 ], [ 34.752510344391375, 45.81601140524878 ], [ 34.75294908020431, 45.817759132726863 ], [ 34.755448580462911, 45.817452317267701 ], [ 34.755887430255363, 45.819200022338308 ], [ 34.758386963564057, 45.818893135170427 ], [ 34.758825927348433, 45.820640817827879 ], [ 34.764264170868522, 45.821774488585191 ], [ 34.765142594981484, 45.825269760400268 ], [ 34.770581386207162, 45.826403058357457 ], [ 34.771460347534592, 45.829898232804531 ], [ 34.773960193024202, 45.829590949769184 ], [ 34.77483946357399, 45.833086071691802 ], [ 34.777339415606747, 45.832778698278986 ], [ 34.778658846222939, 45.838021296617534 ], [ 34.781158978357439, 45.837713814175217 ], [ 34.782478994796399, 45.842956322200592 ], [ 34.784979307054968, 45.842648730702898 ], [ 34.788501725886334, 45.85662843463421 ], [ 34.791002586315614, 45.856320640785526 ], [ 34.791443145081622, 45.858068067897293 ], [ 34.788942211028875, 45.858375880403301 ], [ 34.792467555407008, 45.87235530869512 ], [ 34.794969078670782, 45.872047346890064 ], [ 34.79452819464867, 45.870299950426819 ], [ 34.797029603566401, 45.869991954109224 ], [ 34.796588686554919, 45.8682445724817 ], [ 34.799089981135708, 45.867936541658807 ], [ 34.798649031147271, 45.86618917486819 ], [ 34.801150211400241, 45.865881109547217 ], [ 34.800709228447253, 45.864133757594672 ], [ 34.805270230101058, 45.861770186374095 ], [ 34.804388173092434, 45.858275537992249 ], [ 34.806888936808114, 45.857967387898078 ], [ 34.806447895718669, 45.856220076629981 ], [ 34.808948545153747, 45.855911892068562 ], [ 34.808507471150975, 45.854164595642473 ], [ 34.81100800631458, 45.853856376621017 ], [ 34.810566899410858, 45.852109095038138 ], [ 34.813067320312101, 45.851800841563865 ], [ 34.812626180519842, 45.850053574825331 ], [ 34.815126487167831, 45.849745286905474 ], [ 34.814685314499393, 45.847998035012495 ], [ 34.817185506903257, 45.847689712654272 ], [ 34.816744301371017, 45.845942475607977 ], [ 34.819244379539853, 45.84563411881863 ], [ 34.820861833876492, 45.841831298057564 ], [ 34.825861492632903, 45.841214393693576 ], [ 34.825420115071772, 45.839467219889059 ], [ 34.827919809892727, 45.839158706750865 ], [ 34.829536536993004, 45.835355856167624 ], [ 34.834535429145426, 45.834738639232327 ], [ 34.836151609109528, 45.830935763627366 ], [ 34.841149963122554, 45.830318303039434 ], [ 34.840708274764822, 45.828571240929989 ], [ 34.845706319003355, 45.827953605489462 ], [ 34.845264524491668, 45.826206576957837 ], [ 34.852761065082738, 45.825279781994858 ], [ 34.852319091041629, 45.823532805771933 ], [ 34.859815044719795, 45.822605589520357 ], [ 34.859372891222769, 45.820858665626815 ], [ 34.879359720227711, 45.818383905196903 ], [ 34.878917020546012, 45.816637127392013 ], [ 34.881415117275957, 45.816327562475195 ], [ 34.88185789030441, 45.818074321523341 ], [ 34.901841781269468, 45.815595743651677 ], [ 34.902285181766146, 45.817342348661782 ], [ 34.917715705107696, 45.817227564802018 ], [ 34.918159627211224, 45.818974049290702 ], [ 34.928594746545947, 45.819478396209213 ], [ 34.931981215096265, 45.822660491724811 ], [ 34.936976758904429, 45.822038925670526 ], [ 34.937421357824952, 45.823785262889373 ], [ 34.939919141572453, 45.823474381548579 ], [ 34.940363854758907, 45.825220696041903 ], [ 34.942861670820541, 45.824909742877765 ], [ 34.943306498285217, 45.826656034639889 ], [ 34.94580434665184, 45.826345009647589 ], [ 34.946249288407053, 45.828091278672851 ], [ 34.948747169069478, 45.827780181847636 ], [ 34.949192225127518, 45.829526428130315 ], [ 34.951690138076586, 45.829215259467375 ], [ 34.952135308449741, 45.83096148300185 ], [ 34.957576515871686, 45.832085130924142 ], [ 34.958467354998078, 45.835577483061599 ], [ 34.963909107818886, 45.8367007564189 ], [ 34.964800486538486, 45.840193009665207 ], [ 34.967298707408126, 45.839881444002522 ], [ 34.968190397082878, 45.843373643871395 ], [ 34.970688723510506, 45.84306198745854 ], [ 34.972026786228845, 45.8483002012998 ], [ 34.974525291551721, 45.847988435240715 ], [ 34.975863944323464, 45.853226557214832 ], [ 34.97836262856319, 45.852914681483625 ], [ 34.981934766446535, 45.866882683304723 ], [ 34.984433996541611, 45.866570603385135 ], [ 34.984880772416282, 45.868316567077514 ], [ 34.98238146891935, 45.868628665898584 ], [ 34.985956571541415, 45.882596385494807 ], [ 34.983456639391839, 45.882908582500349 ], [ 34.983638842191496, 45.893696578285592 ], [ 34.981138386708807, 45.894008782580613 ], [ 34.982032628208806, 45.897500739633934 ], [ 34.979531984469098, 45.897812928649692 ], [ 34.980426243850978, 45.901304907828937 ], [ 34.977925411817267, 45.901617081555621 ], [ 34.978819689059371, 45.905109082860605 ], [ 34.976318668694638, 45.90542124128838 ], [ 34.97560606794012, 45.912717453393753 ], [ 34.97105030355003, 45.915087710563434 ], [ 34.971944569524233, 45.91857980821068 ], [ 34.969442869086087, 45.918891886441315 ], [ 34.968729565312479, 45.926188210991036 ], [ 34.966227487839006, 45.926500258517308 ], [ 34.966674626785561, 45.92824634248646 ], [ 34.964172434404404, 45.928558355745785 ], [ 34.965066688723617, 45.932050549726043 ], [ 34.962564307749147, 45.93236254760933 ], [ 34.963011423107851, 45.934108657620008 ], [ 34.960508927196386, 45.934420621220035 ], [ 34.960956010116135, 45.936166746209551 ], [ 34.958453399258431, 45.936478675519069 ], [ 34.958900449726826, 45.938224815486315 ], [ 34.956397723913632, 45.938536710498077 ], [ 34.956844741918317, 45.940282865441866 ], [ 34.954341901140346, 45.94059472614866 ], [ 34.954788886668929, 45.942340896067869 ], [ 34.952285930916958, 45.942652722462455 ], [ 34.950676733761021, 45.946456899297672 ], [ 34.945670321066693, 45.947080361577449 ], [ 34.946117135329679, 45.948826595299217 ], [ 34.943613793362907, 45.949138265491264 ], [ 34.944060575089395, 45.950884514181958 ], [ 34.94155711811316, 45.951196150027492 ], [ 34.942003867290758, 45.952942413686038 ], [ 34.939500295295822, 45.953254015177784 ], [ 34.93994701191211, 45.955000293802954 ], [ 34.937443324889209, 45.955311860933691 ], [ 34.935832858328155, 45.959115995841948 ], [ 34.930824982891806, 45.959738939364314 ], [ 34.929213966936928, 45.963543049846137 ], [ 34.924205548828496, 45.964165749285215 ], [ 34.924651954739105, 45.965912140453781 ], [ 34.919643224068693, 45.966534664539765 ], [ 34.920089523447558, 45.968281089521611 ], [ 34.905507796699816, 45.971894030355514 ], [ 34.905953735074661, 45.973640560625967 ], [ 34.908458589843342, 45.973329588382455 ], [ 34.909350737974428, 45.976822599547603 ], [ 34.91185569939887, 45.976511536316181 ], [ 34.91274816016066, 45.980004494191171 ], [ 34.915253228241006, 45.979693339957571 ], [ 34.920437513911985, 45.98986068613555 ], [ 34.922942943214643, 45.989549312126087 ], [ 34.926518190212832, 46.003520347420178 ], [ 34.929024170113863, 46.003208769109925 ], [ 34.930813080521162, 46.010194117422493 ], [ 34.928306804544704, 46.01050577125234 ], [ 34.931886016359385, 46.024476431154497 ], [ 34.929379106586467, 46.024788182701634 ], [ 34.929557411480275, 46.035577938082618 ], [ 34.927049974349998, 46.035889696183268 ], [ 34.927945242255042, 46.039382388388475 ], [ 34.925437615482153, 46.039694130861612 ], [ 34.926780605112796, 46.04493319648104 ], [ 34.924272714490073, 46.045244942205002 ], [ 34.925615853929187, 46.050484029265846 ], [ 34.923107699378761, 46.05079577823043 ], [ 34.924450988625708, 46.05603488673303 ], [ 34.921942570069703, 46.056346638928048 ], [ 34.923286009123814, 46.061585768872689 ], [ 34.920777326484277, 46.061897524287915 ], [ 34.922120915344927, 46.06713667567498 ], [ 34.919611968543961, 46.067448434300211 ], [ 34.921403702916024, 46.074433990243904 ], [ 34.918894417582472, 46.074745770960341 ], [ 34.920238430297815, 46.079984953489308 ], [ 34.917728880623393, 46.080296737395706 ], [ 34.919521180204491, 46.087282334861229 ], [ 34.917011291764865, 46.087594140840771 ], [ 34.918803956878953, 46.094579751235514 ], [ 34.916293729542893, 46.094891579279945 ], [ 34.917638440407977, 46.100130802645921 ], [ 34.915127948449914, 46.100442633850484 ], [ 34.915307063137519, 46.111232979267889 ], [ 34.912796041700943, 46.111544816762056 ], [ 34.913692773880385, 46.115037679143491 ], [ 34.911181562057152, 46.115349500870515 ], [ 34.910463675008693, 46.122647097968368 ], [ 34.905888744354293, 46.125017109944842 ], [ 34.906785461256504, 46.128510068667858 ], [ 34.904273562043876, 46.128821808334699 ], [ 34.904721908184094, 46.130568300716718 ], [ 34.900146074786456, 46.132938183281979 ], [ 34.901939443683482, 46.139924249140527 ], [ 34.904451873188215, 46.13961250333233 ], [ 34.908041199705735, 46.153584295979599 ], [ 34.910554184487566, 46.153272345351752 ], [ 34.911003111788702, 46.155018782899042 ], [ 34.908490052381673, 46.155330752432427 ], [ 34.912082369635321, 46.169302262945607 ], [ 34.909568671422328, 46.169614330096586 ], [ 34.9097500192618, 46.180405038717424 ], [ 34.912264207288118, 46.180092911760795 ], [ 34.913163051991241, 46.183585740932642 ], [ 34.915677347872723, 46.183273522446434 ], [ 34.917026151237323, 46.188512680001558 ], [ 34.919540629718853, 46.188200351043932 ], [ 34.920890032021525, 46.19343941646995 ], [ 34.923404693125306, 46.19312697701465 ], [ 34.925654903914477, 46.201858579450899 ], [ 34.928169897227981, 46.201545991587352 ], [ 34.928620139198458, 46.203292281335472 ], [ 34.931135165613277, 46.202979620806097 ], [ 34.93203592422504, 46.206472150602913 ], [ 34.937516742577998, 46.207592813659794 ], [ 34.938418050677889, 46.211085244013361 ], [ 34.940933325943313, 46.210772327534777 ], [ 34.945252275051466, 46.217444019029109 ], [ 34.950283215329144, 46.216817765664679 ], [ 34.949832074161812, 46.215071644101769 ], [ 34.954862697712478, 46.21444521376705 ], [ 34.954411448712882, 46.212699126216819 ], [ 34.959441755536474, 46.212072518952837 ], [ 34.958990398743985, 46.210326465423236 ], [ 34.973628103797623, 46.206699524965806 ], [ 34.973176382045864, 46.204953577500937 ], [ 34.993292135441251, 46.202442878725414 ], [ 34.992839857779245, 46.20069707941623 ], [ 34.99535406392323, 46.200383019536297 ], [ 34.995806416279841, 46.202128799817963 ], [ 35.015919155019347, 46.199614236561224 ], [ 35.016372146686201, 46.201359860538545 ], [ 35.023913956106924, 46.200415956799098 ], [ 35.024367213681721, 46.202161519620525 ], [ 35.03190886951446, 46.201217075832993 ], [ 35.032362392996987, 46.202962577463808 ], [ 35.042871509052894, 46.20344791305935 ], [ 35.046293295052934, 46.20662353092662 ], [ 35.051321032843376, 46.205992944383638 ], [ 35.051775246829841, 46.20773829644758 ], [ 35.054289127312025, 46.207422903612319 ], [ 35.054743457977565, 46.209168232579707 ], [ 35.05725737105093, 46.208852766997062 ], [ 35.057711818408116, 46.210598072862176 ], [ 35.060225764063155, 46.210282534527352 ], [ 35.060680328124512, 46.212027817284365 ], [ 35.063194306351747, 46.211712206192516 ], [ 35.063648987129817, 46.213457465835653 ], [ 35.066162997919733, 46.213141781982003 ], [ 35.066617795427085, 46.214887018505486 ], [ 35.072100828906144, 46.216000645891349 ], [ 35.073010933028868, 46.219491022420804 ], [ 35.078494521596667, 46.220604270157423 ], [ 35.079405177114353, 46.224094546109015 ], [ 35.08191949989007, 46.22377846009001 ], [ 35.082830473336585, 46.22726868172056 ], [ 35.085344903289347, 46.226952503754546 ], [ 35.086711903736344, 46.23218774867253 ], [ 35.089226515548432, 46.231871459590757 ], [ 35.090594119732508, 46.237106610925046 ], [ 35.093108913425532, 46.236790210701244 ], [ 35.094933275399967, 46.243770279612001 ], [ 35.097448325712449, 46.243453749051284 ], [ 35.097904596490991, 46.245198737065394 ], [ 35.10339118229799, 46.246310422203543 ], [ 35.104304234003664, 46.249800301423363 ], [ 35.109791375363407, 46.250911606316997 ], [ 35.110704979651835, 46.254401384649263 ], [ 35.113220341749575, 46.254084451397304 ], [ 35.114134264707985, 46.257574175235 ], [ 35.116649733988339, 46.257257149901164 ], [ 35.117563975695653, 46.260746819225389 ], [ 35.12007955215833, 46.260429701795282 ], [ 35.125339724652818, 46.270581211388077 ], [ 35.127855665034261, 46.27026387129191 ], [ 35.131518154070221, 46.284221732461127 ], [ 35.13403465051104, 46.283904184863346 ], [ 35.134492727276104, 46.285648880102798 ], [ 35.131976156002871, 46.285966446929905 ], [ 35.133350416320113, 46.291200566089401 ], [ 35.135867212128268, 46.290882941567254 ], [ 35.137242078916671, 46.296116966641797 ], [ 35.139759056864584, 46.295799230661821 ], [ 35.143427835679148, 46.309756298908063 ], [ 35.145945370279712, 46.309438355196477 ], [ 35.146404233732397, 46.311182951257145 ], [ 35.143886624214709, 46.311500914221739 ], [ 35.14572220341794, 46.318479334975223 ], [ 35.163346674878809, 46.316251925618474 ], [ 35.162887191813965, 46.314507461373928 ], [ 35.170439673671197, 46.313552108577746 ], [ 35.170899381447505, 46.315296514976325 ], [ 35.191038058163571, 46.312746387782937 ], [ 35.191498407592249, 46.314490635719601 ], [ 35.207061914990639, 46.314319794946755 ], [ 35.206601073786544, 46.312575667016553 ], [ 35.209118035488608, 46.312256317482785 ], [ 35.205432243308252, 46.298303301813519 ], [ 35.20794856387834, 46.297984053192579 ], [ 35.207701391726125, 46.287200049720191 ], [ 35.210217178473734, 46.286880809661923 ], [ 35.210890877404552, 46.279585121525713 ], [ 35.215461085912828, 46.277202457508139 ], [ 35.214540105556345, 46.273714304985624 ], [ 35.217055198882612, 46.273394985543796 ], [ 35.216594697967629, 46.271650922491602 ], [ 35.219109674005949, 46.271331568729799 ], [ 35.218649141054875, 46.269587520927594 ], [ 35.221163999814863, 46.269268132853149 ], [ 35.22070343484021, 46.267524100302019 ], [ 35.2232181763315, 46.267204677922216 ], [ 35.222757579345782, 46.265460660623297 ], [ 35.225272203578008, 46.265141203945419 ], [ 35.224811574593744, 46.263397201899785 ], [ 35.227326081576535, 46.263077710931157 ], [ 35.228919117405383, 46.259270227352033 ], [ 35.233947619795678, 46.258631054682553 ], [ 35.235540101533502, 46.254823548667176 ], [ 35.240568049775348, 46.254184131745994 ], [ 35.240107111864504, 46.252440244681765 ], [ 35.245134740401461, 46.251800652082451 ], [ 35.244673696046789, 46.250056799637377 ], [ 35.252214595300565, 46.249097066909705 ], [ 35.251753370019735, 46.247353268455079 ], [ 35.259293661686719, 46.246393111625082 ], [ 35.258832255555703, 46.244649367181381 ], [ 35.268885082186692, 46.243368485640168 ], [ 35.26842342080591, 46.241624814610191 ], [ 35.288526428134951, 46.239060636164915 ], [ 35.288064213874584, 46.237317116190418 ], [ 35.290576823049108, 46.236996372366804 ], [ 35.291039111735415, 46.238739872933138 ], [ 35.311139040742788, 46.236171840166449 ], [ 35.311601967470359, 46.237915181237518 ], [ 35.327138978586795, 46.237730012723638 ], [ 35.327602437278308, 46.239473228872384 ], [ 35.338115037819854, 46.239929544795238 ], [ 35.341555080839996, 46.243093904004894 ], [ 35.346579584674807, 46.242449950055217 ], [ 35.347043735510169, 46.244193013387324 ], [ 35.349555997418008, 46.243870936681716 ], [ 35.350020265544892, 46.24561397639004 ], [ 35.352532558889024, 46.245291826699095 ], [ 35.352996944319877, 46.247034842777801 ], [ 35.355509269090575, 46.246712620096751 ], [ 35.355973771837817, 46.248455612540042 ], [ 35.35848612802544, 46.248133316864113 ], [ 35.358950748101506, 46.249876285666133 ], [ 35.361463135696354, 46.249553916990585 ], [ 35.361927873113679, 46.251296862145551 ], [ 35.364440292106039, 46.250974420465624 ], [ 35.364905146877057, 46.252717341967681 ], [ 35.370395051152727, 46.253815137418954 ], [ 35.371325273194692, 46.257300881623571 ], [ 35.376815729497451, 46.258398294471689 ], [ 35.37774650722065, 46.261883935667015 ], [ 35.380259231827644, 46.261561089840988 ], [ 35.381190330517903, 46.265046675350305 ], [ 35.383703160863853, 46.264723736950586 ], [ 35.385100355077142, 46.269952025415286 ], [ 35.387613365571973, 46.269628974888576 ], [ 35.389011170767091, 46.274857167273851 ], [ 35.391524361431387, 46.274534004593846 ], [ 35.395254334326495, 46.288475511288254 ], [ 35.397768077465564, 46.288152138650211 ], [ 35.398234592654951, 46.289894788671937 ], [ 35.395720775040274, 46.290218180869253 ], [ 35.3994538545588, 46.304159387379293 ], [ 35.396939397726157, 46.304482882515536 ], [ 35.397406152428601, 46.306225534122319 ], [ 35.399920683797788, 46.305902019419108 ], [ 35.400387556230598, 46.307644647285443 ], [ 35.40541663845206, 46.306997417993152 ], [ 35.405883703166907, 46.308740002537832 ], [ 35.408398253998314, 46.308416287943459 ], [ 35.408865436469789, 46.310158848731795 ], [ 35.411380018614615, 46.309835060975203 ], [ 35.411847318855159, 46.311577598001364 ], [ 35.414361932303628, 46.311253737077777 ], [ 35.414829350325718, 46.312996250335914 ], [ 35.417343995068052, 46.312672316240622 ], [ 35.41781153088413, 46.31441480572488 ], [ 35.420326206910566, 46.314090798453101 ], [ 35.420793860533102, 46.315833264157668 ], [ 35.423308567833871, 46.315509183704648 ], [ 35.423776339275292, 46.317251625623634 ], [ 35.429273736933531, 46.318345663282464 ], [ 35.430209794471622, 46.321830447753186 ], [ 35.435707745229969, 46.322924101607526 ], [ 35.436644360899493, 46.326408782464028 ], [ 35.439159373539475, 46.326084296789126 ], [ 35.440096311696003, 46.32956892162003 ], [ 35.442611430122049, 46.329244343098765 ], [ 35.44354869084475, 46.332728911884921 ], [ 35.44606391505598, 46.332404240502939 ], [ 35.447470355183221, 46.337631003285836 ], [ 35.449985759767799, 46.337306219388573 ], [ 35.451392814209271, 46.342532885436107 ], [ 35.453908399187618, 46.342207988997188 ], [ 35.455316068173104, 46.347434558266535 ], [ 35.457831833565635, 46.347109549259621 ], [ 35.46158812604537, 46.361046724945936 ], [ 35.464104445118217, 46.360721505026525 ], [ 35.465044102255362, 46.364205717513869 ], [ 35.462527633840594, 46.36453097676889 ], [ 35.466287404902253, 46.378467815557606 ], [ 35.463770295343757, 46.378793178530998 ], [ 35.464073901499368, 46.3895711760238 ], [ 35.461556256342931, 46.389896549684558 ], [ 35.460919346257228, 46.397190401558767 ], [ 35.456353393726658, 46.399583199546015 ], [ 35.457293832115596, 46.403067510487553 ], [ 35.452727237364329, 46.405460238329091 ], [ 35.453667637655485, 46.408944602681437 ], [ 35.458704816359401, 46.408293945293799 ], [ 35.458234444716837, 46.406551804573148 ], [ 35.465789661452391, 46.405575474530281 ], [ 35.465319108845854, 46.403833388637608 ], [ 35.472873708863595, 46.402856634141862 ], [ 35.472402975370024, 46.401114603097561 ], [ 35.492546058403455, 46.39850771883706 ], [ 35.492074770197391, 46.39676584120501 ] ], [ [ 35.038373569944319, 46.166163626956184 ], [ 35.037920437946973, 46.164418160116675 ], [ 35.032896195363634, 46.165047723518612 ], [ 35.029478319891147, 46.161871364854541 ], [ 35.024454123921295, 46.162500530577191 ], [ 35.024001490071285, 46.160754956500753 ], [ 35.021489403771959, 46.161069439949848 ], [ 35.021036886282182, 46.159323842850583 ], [ 35.018524832617523, 46.15963825367897 ], [ 35.018072431475439, 46.157892633562675 ], [ 35.015560410454874, 46.158206971775158 ], [ 35.015108125647949, 46.156461328647588 ], [ 35.01259613728093, 46.156775594249005 ], [ 35.01214396879665, 46.155029928115894 ], [ 35.009632013092606, 46.155344121111092 ], [ 35.009179960918452, 46.153598431978253 ], [ 35.003704211660434, 46.152480888042433 ], [ 35.002800614268736, 46.148989413849222 ], [ 34.997325419074457, 46.147871491579721 ], [ 34.996422370260021, 46.144379917551923 ], [ 34.993910726962056, 46.144693709567598 ], [ 34.993007994112425, 46.141202081687219 ], [ 34.990496457994809, 46.14151578212951 ], [ 34.985278576636311, 46.131354222426978 ], [ 34.982767403757222, 46.131667701781396 ], [ 34.97916192957404, 46.117700386466119 ], [ 34.976651310295807, 46.118013660407989 ], [ 34.975750507203536, 46.114521754138202 ], [ 34.978260977719799, 46.114208518151372 ], [ 34.974658835942648, 46.100240887049644 ], [ 34.977168670048428, 46.09992774934544 ], [ 34.975818330691212, 46.094689879507442 ], [ 34.978327900260069, 46.094376745228502 ], [ 34.976977712486729, 46.089138896803568 ], [ 34.979487017596753, 46.088825765960038 ], [ 34.980196019011963, 46.081528880293767 ], [ 34.984763717197772, 46.079156605824679 ], [ 34.983863621988945, 46.075664799474254 ], [ 34.986372241019687, 46.075351587621476 ], [ 34.985922181594169, 46.07360569750135 ], [ 34.988430684826326, 46.073292451188742 ], [ 34.987980592795154, 46.071546576097518 ], [ 34.990488980238077, 46.071233295332334 ], [ 34.990038855613705, 46.069487435271185 ], [ 34.992547127276772, 46.069174120060673 ], [ 34.992096970071685, 46.067428275030736 ], [ 34.994605125964235, 46.067114925382185 ], [ 34.994154936190903, 46.06536909538459 ], [ 34.996662976322305, 46.065055711305249 ], [ 34.998270423500365, 46.061250677908809 ], [ 35.003285999168249, 46.060623718672616 ], [ 35.004892894897189, 46.056818661181161 ], [ 35.009907924422926, 46.05619145756242 ], [ 35.009457423790586, 46.054445740732 ], [ 35.014472138641921, 46.053818361584078 ], [ 35.014021531453487, 46.052072678797145 ], [ 35.01903593163054, 46.051445124160914 ], [ 35.018585217924951, 46.049699475425371 ], [ 35.033175858289134, 46.046070106279309 ], [ 35.032724783604735, 46.044324563709651 ], [ 35.052776941291512, 46.041810106732541 ], [ 35.05232531626001, 46.040064712467753 ], [ 35.054831574358452, 46.039750184407445 ], [ 35.055283273369874, 46.041495559625005 ], [ 35.075332427670077, 46.038977263366377 ], [ 35.07578476011841, 46.040722482113573 ], [ 35.083302725822634, 46.039777184213996 ], [ 35.08375532187835, 46.041522341737732 ], [ 35.091273133268672, 46.040576506881138 ], [ 35.091725992931387, 46.042321603146974 ], [ 35.102202648913895, 46.042804683353843 ], [ 35.105615150711976, 46.045979028623734 ], [ 35.110626988862151, 46.045347519796096 ], [ 35.111080533395835, 46.047092466323676 ], [ 35.113586463581136, 46.046776612851808 ], [ 35.114040123920958, 46.048521536254597 ], [ 35.116546086141589, 46.048205610366182 ], [ 35.116999862299942, 46.04995051063846 ], [ 35.119505856546496, 46.049634512328723 ], [ 35.119959748535813, 46.051379389464742 ], [ 35.122465774798847, 46.051063318728865 ], [ 35.122919782631506, 46.052808172722855 ], [ 35.125425840901627, 46.052492029556099 ], [ 35.12587996459002, 46.054236860402327 ], [ 35.131346416670297, 46.055349164449652 ], [ 35.132255169500674, 46.058838729503385 ], [ 35.13772217111147, 46.059950655122712 ], [ 35.138631471521116, 46.063440119468581 ], [ 35.141137837570518, 46.063123575753927 ], [ 35.142047453840568, 46.066612985704893 ], [ 35.144553925796842, 46.0662963503556 ], [ 35.149791100455268, 46.076447565011804 ], [ 35.152297932180545, 46.076130707992156 ], [ 35.155941871840149, 46.090087533564045 ], [ 35.158449253549996, 46.089770469721742 ], [ 35.159360807320958, 46.093259597449176 ], [ 35.156853277540399, 46.093576699678941 ], [ 35.160500584619058, 46.107533202923321 ], [ 35.157992420172079, 46.107850405376027 ], [ 35.159360633114048, 46.113084085169497 ], [ 35.156852204207873, 46.113401291846138 ], [ 35.158220574054361, 46.118634992952103 ], [ 35.155711880610852, 46.118952203842682 ], [ 35.155027635032418, 46.126247726632712 ], [ 35.150465523628775, 46.128626654630011 ], [ 35.151377809125222, 46.132115881825179 ], [ 35.148868427854133, 46.132433013465629 ], [ 35.149324559631275, 46.134177640214929 ], [ 35.1468150619936, 46.134494737621765 ], [ 35.147271161709696, 46.13623937953723 ], [ 35.144761547695907, 46.136556442703188 ], [ 35.145217615338552, 46.138301099783689 ], [ 35.142707884939171, 46.138618128701495 ], [ 35.143163920495866, 46.140362800945908 ], [ 35.140654073701413, 46.140679795608293 ], [ 35.141110077159752, 46.142424483015553 ], [ 35.138600113960713, 46.14274144341524 ], [ 35.139056085308198, 46.144486145984182 ], [ 35.136546005695095, 46.144803072113902 ], [ 35.134947655971068, 46.148609414584925 ], [ 35.129926988889913, 46.14924307624814 ], [ 35.128328086944471, 46.153049395658208 ], [ 35.12330686980588, 46.153682813159307 ], [ 35.123762531761855, 46.155427629871554 ], [ 35.118740997448896, 46.156060871758477 ], [ 35.119196552853957, 46.157805722791416 ], [ 35.104585644442281, 46.16144924139239 ], [ 35.105040837864117, 46.16319419935337 ], [ 35.084949211195024, 46.165722917566676 ], [ 35.08540385141719, 46.167468024643867 ], [ 35.080380375300649, 46.16809970710851 ], [ 35.079925883949663, 46.166354561779215 ], [ 35.059830894156249, 46.168878996691234 ], [ 35.059377040462152, 46.167133694482345 ], [ 35.051840949839125, 46.168079416574358 ], [ 35.051387361541479, 46.166334053097799 ], [ 35.043851116746161, 46.167279235838492 ], [ 35.04339779384523, 46.165533811128931 ], [ 35.038373569944319, 46.166163626956184 ] ] ], [ [ [ 35.453667637655485, 46.408944602681437 ], [ 35.451148982967361, 46.409269850766236 ], [ 35.451619173568965, 46.411012046294516 ], [ 35.454137903131631, 46.410686778538398 ], [ 35.453667637655485, 46.408944602681437 ] ] ], [ [ [ 35.427666774322049, 46.428525586359441 ], [ 35.428136532522274, 46.430267960265681 ], [ 35.430656415475525, 46.429943107051024 ], [ 35.430186582290162, 46.428200752793671 ], [ 35.427666774322049, 46.428525586359441 ] ] ], [ [ [ 35.409630128856527, 46.477725875680491 ], [ 35.417196847224403, 46.476751619503489 ], [ 35.418778549886163, 46.47294190340719 ], [ 35.423822422910852, 46.472292100629581 ], [ 35.42335211316442, 46.470549705512319 ], [ 35.420830273615742, 46.470874614189178 ], [ 35.420360082627568, 46.46913219521192 ], [ 35.422881847018409, 46.468807306189241 ], [ 35.419121286872645, 46.454867960250084 ], [ 35.421642406671154, 46.454543174563469 ], [ 35.421343991349119, 46.443763884824321 ], [ 35.423864573592347, 46.443439109333355 ], [ 35.424505721800472, 46.436144719671645 ], [ 35.429076179516123, 46.433752695468584 ], [ 35.428136532522274, 46.430267960265681 ], [ 35.42309663603357, 46.430917505292378 ], [ 35.423566287765674, 46.43265991428671 ], [ 35.416005891637788, 46.433633887197033 ], [ 35.416475361839595, 46.435376350907951 ], [ 35.408914349087631, 46.436349898369642 ], [ 35.409383637682048, 46.438092416776676 ], [ 35.391739227325075, 46.440362280812643 ], [ 35.392208033927965, 46.442104932346922 ], [ 35.389687154937164, 46.442429002877986 ], [ 35.390624748315943, 46.445914332599791 ], [ 35.388103675669562, 46.446238388487366 ], [ 35.389041292650731, 46.449723740675985 ], [ 35.386520026310173, 46.450047781910264 ], [ 35.387457666872969, 46.453533156565612 ], [ 35.384936206799665, 46.453857183136847 ], [ 35.385873870923341, 46.457342580258889 ], [ 35.381299266698718, 46.459733281657684 ], [ 35.382236890943766, 46.463218732081664 ], [ 35.379714924634833, 46.46354269500349 ], [ 35.38018372676801, 46.465285433540373 ], [ 35.377661641794838, 46.465609362160883 ], [ 35.378130412192775, 46.467352116113645 ], [ 35.375608208545493, 46.467676010425549 ], [ 35.376076947195614, 46.469418779793131 ], [ 35.373554624864354, 46.469742639789061 ], [ 35.374023331754046, 46.471485424570353 ], [ 35.369447006116879, 46.473875841778977 ], [ 35.371321840240348, 46.480847079118597 ], [ 35.373844701008032, 46.480523209399692 ], [ 35.375251508948459, 46.4857515347054 ], [ 35.377774552062355, 46.485427552245106 ], [ 35.377305497306452, 46.483684800929261 ], [ 35.384874139770126, 46.482712588722656 ], [ 35.384404902713797, 46.480969892044641 ], [ 35.404585432046559, 46.478375110275678 ], [ 35.404115636636497, 46.476632566393647 ], [ 35.409160183028774, 46.47598337107474 ], [ 35.409630128856527, 46.477725875680491 ] ] ], [ [ [ 34.953641050838698, 46.600352021257443 ], [ 34.946041596966495, 46.601297481928583 ], [ 34.946498736348332, 46.603043516084732 ], [ 34.936365230105103, 46.604303443964405 ], [ 34.940726736775595, 46.610972869689142 ], [ 34.945794101078008, 46.610342752934493 ], [ 34.947413142757391, 46.606535572427468 ], [ 34.952479946126743, 46.605905205135983 ], [ 34.952022568888403, 46.604159217180118 ], [ 34.954555830350373, 46.603843970920153 ], [ 34.953641050838698, 46.600352021257443 ] ] ], [ [ [ 36.946731734894229, 46.918338714070813 ], [ 36.94620484838061, 46.916608994896734 ], [ 36.953777731246326, 46.91552572034513 ], [ 36.953250669725954, 46.913796061219209 ], [ 36.958298865143263, 46.913073653796317 ], [ 36.954082936262239, 46.89923654572393 ], [ 36.951559459375773, 46.899597602560824 ], [ 36.950506113943348, 46.896138231485168 ], [ 36.953029441784928, 46.895777218048067 ], [ 36.949343746518068, 46.883669411710642 ], [ 36.946820940143255, 46.884030273290307 ], [ 36.947347247376655, 46.885759996783214 ], [ 36.939778312566972, 46.886842325528882 ], [ 36.940304445030755, 46.888572109019144 ], [ 36.93273484843489, 46.889654021142292 ], [ 36.933260806048636, 46.891383864611008 ], [ 36.923167030919657, 46.892825751373316 ], [ 36.923692739052491, 46.894555676466162 ], [ 36.926216330395661, 46.894195263417082 ], [ 36.927268041793155, 46.897655055127188 ], [ 36.924744301330918, 46.898015511509534 ], [ 36.926322009863298, 46.903205226210453 ], [ 36.928845974049516, 46.90284470481825 ], [ 36.930950565588816, 46.909764167017883 ], [ 36.928426303019201, 46.910124775108464 ], [ 36.933163813207564, 46.92569346451603 ], [ 36.935688747494183, 46.925332661276357 ], [ 36.937160213111852, 46.921512217828756 ], [ 36.946731734894229, 46.918338714070813 ] ] ], [ [ [ 34.845317507527518, 47.356784845977458 ], [ 34.847887761507252, 47.35646814672419 ], [ 34.846955654418871, 47.352975037746809 ], [ 34.849525705243259, 47.352658320938389 ], [ 34.849059637808601, 47.350911779647014 ], [ 34.851629565151597, 47.350595026047507 ], [ 34.851163461920208, 47.348848499970387 ], [ 34.85373326579203, 47.348531709587427 ], [ 34.853267126777531, 47.346785198725762 ], [ 34.855836807188403, 47.346468371566978 ], [ 34.855370632404423, 47.344721875921884 ], [ 34.857940189364555, 47.344405011994873 ], [ 34.857473978824686, 47.342658531567565 ], [ 34.862146476151487, 47.340278228230943 ], [ 34.861680194140682, 47.338531778242682 ], [ 34.856075610243629, 47.337419066076905 ], [ 34.855143583670639, 47.333926068913534 ], [ 34.852574504192525, 47.334242817346414 ], [ 34.851642811996321, 47.330749765563219 ], [ 34.849073847823831, 47.331066419514869 ], [ 34.847676876645146, 47.325826753896486 ], [ 34.845108107317799, 47.326143294148473 ], [ 34.843711768723601, 47.320903534582555 ], [ 34.841143194217594, 47.321219961162413 ], [ 34.837422185491597, 47.307246938117501 ], [ 34.834854203225738, 47.307563154971817 ], [ 34.833459784674353, 47.302323147337468 ], [ 34.836027528556166, 47.302006988117093 ], [ 34.832310365542192, 47.288033611281755 ], [ 34.834877430379088, 47.287717549777106 ], [ 34.833483976517918, 47.282477524787865 ], [ 34.836050759565531, 47.282161464977314 ], [ 34.834657460436645, 47.276921461444964 ], [ 34.837223961779742, 47.276605403339047 ], [ 34.837932663591097, 47.269302715348587 ], [ 34.840498760372938, 47.26898662227913 ], [ 34.840034351186503, 47.267239987941622 ], [ 34.84260032503704, 47.266923858201075 ], [ 34.841671478982207, 47.263430615882363 ], [ 34.844237250635061, 47.263114468684989 ], [ 34.843772813781904, 47.261367860704183 ], [ 34.848439515918642, 47.258988863563154 ], [ 34.847975007821887, 47.257242285961183 ], [ 34.845409561203248, 47.257558487249497 ], [ 34.844480834374814, 47.254065281570341 ], [ 34.847046122521604, 47.253749118697144 ], [ 34.843332325819588, 47.239776288904402 ], [ 34.845896936767538, 47.239460223826498 ], [ 34.845677037423371, 47.228664542286865 ], [ 34.84824108634951, 47.228348480798111 ], [ 34.84894901911408, 47.221046063019784 ], [ 34.853612198943416, 47.218667267971682 ], [ 34.852684194857133, 47.215174162388891 ], [ 34.855247515926976, 47.214858012204921 ], [ 34.854783500173198, 47.213111472589532 ], [ 34.857346698636114, 47.212795285852977 ], [ 34.856882647404234, 47.21104876142369 ], [ 34.859445723270348, 47.210732538142111 ], [ 34.858981636573866, 47.208986028900057 ], [ 34.861544589853303, 47.208669769081055 ], [ 34.861080467705726, 47.206923275027471 ], [ 34.86364329840859, 47.2066069786786 ], [ 34.863179140823384, 47.2048604998146 ], [ 34.8657418489598, 47.204544166943435 ], [ 34.86737601311053, 47.200734885403016 ], [ 34.872500895602855, 47.200102017898331 ], [ 34.874134471595816, 47.196292706850699 ], [ 34.879258776796362, 47.195659581961813 ], [ 34.878794284356026, 47.193913217512417 ], [ 34.883918257338749, 47.193279908275464 ], [ 34.88345365064999, 47.191533578257761 ], [ 34.891139046387337, 47.190583254413575 ], [ 34.890674246598913, 47.188836978075237 ], [ 34.898359013144997, 47.18788621081459 ], [ 34.897894020337738, 47.186139988177196 ], [ 34.918384180087344, 47.183602313472996 ], [ 34.917918600170395, 47.181856240885111 ], [ 34.925601453106204, 47.180903752408923 ], [ 34.926067269465406, 47.182649767162758 ], [ 34.946553584526967, 47.180107195570699 ], [ 34.947020074929249, 47.181853051902714 ], [ 34.954701957625552, 47.180898611768598 ], [ 34.955168728101526, 47.182644406095811 ], [ 34.962850453059787, 47.181689407421196 ], [ 34.963317503609112, 47.183435139707512 ], [ 34.974026914617276, 47.183906603073439 ], [ 34.977522491954538, 47.187079148645871 ], [ 34.982643614527362, 47.186441493923063 ], [ 34.983111391695161, 47.188187074511177 ], [ 34.985671965922606, 47.187868144375528 ], [ 34.986139865717554, 47.189613701525388 ], [ 34.988700474808041, 47.189294696416425 ], [ 34.989168497243568, 47.191040230122013 ], [ 34.99172914118693, 47.190721150034719 ], [ 34.992197286276408, 47.192466660289973 ], [ 34.994757965062476, 47.19214750521931 ], [ 34.99522623281932, 47.193892992018249 ], [ 34.997786946437884, 47.193573761959222 ], [ 34.998255336875516, 47.195319225295783 ], [ 35.00384538170124, 47.19642598006071 ], [ 35.004782697338769, 47.199916808758395 ], [ 35.007343594155998, 47.199597334313452 ], [ 35.010842253574594, 47.20276853901116 ], [ 35.015964142367956, 47.202129234441017 ], [ 35.016433269171728, 47.203874556876627 ], [ 35.021555139480647, 47.203234991023407 ], [ 35.02202446782259, 47.204980270543054 ], [ 35.027615849457618, 47.206085679984916 ], [ 35.025268640326807, 47.197359456042534 ], [ 35.022708051443928, 47.197679319759068 ], [ 35.021300490374848, 47.192443477955585 ], [ 35.023860843098092, 47.192123672473521 ], [ 35.020108652873752, 47.17816140264766 ], [ 35.022668332171172, 47.177841696837916 ], [ 35.021261750415626, 47.172605836275345 ], [ 35.023821149836813, 47.172286133115342 ], [ 35.022414727807885, 47.167050293899806 ], [ 35.024973847436847, 47.166730593399841 ], [ 35.025657680257545, 47.159429816288849 ], [ 35.030306213161126, 47.157045066161501 ], [ 35.029368629042402, 47.153554600470727 ], [ 35.031927022927825, 47.153234813699775 ], [ 35.031458218243436, 47.151489594114523 ], [ 35.034016489661568, 47.151169771244618 ], [ 35.03354765039532, 47.149424566969174 ], [ 35.036105799356349, 47.14910470800784 ], [ 35.035636925521608, 47.147359519043334 ], [ 35.038194952035695, 47.14703962399814 ], [ 35.037726043645776, 47.145294450345716 ], [ 35.040283947723097, 47.144974519224199 ], [ 35.039815004791386, 47.143229360884995 ], [ 35.042372786442094, 47.142909393694687 ], [ 35.043992456240872, 47.139099119708931 ], [ 35.049107485943956, 47.138458985630393 ], [ 35.050726572104217, 47.134648684194509 ], [ 35.055841024321168, 47.134008295046655 ], [ 35.055371752046362, 47.132263252145037 ], [ 35.060485871571672, 47.131622680057163 ], [ 35.060016486460889, 47.129877671913221 ], [ 35.074887507702236, 47.12620984615986 ], [ 35.074417740332485, 47.12446494645269 ], [ 35.06419132146641, 47.125746966060682 ], [ 35.063721911518179, 47.124001984461231 ], [ 35.047912538624125, 47.124178132100838 ], [ 35.047443686813565, 47.122433025725002 ], [ 35.036747956155708, 47.12196740680853 ], [ 35.033254415468377, 47.118796713783496 ], [ 35.028140916550711, 47.119435938453528 ], [ 35.027672789004995, 47.117690679867003 ], [ 35.025116052148306, 47.118010189650569 ], [ 35.024648046843183, 47.11626490758546 ], [ 35.022091344531503, 47.116584342542758 ], [ 35.018599032833144, 47.11341306813685 ], [ 35.010929001830604, 47.114370757772612 ], [ 35.010461519946759, 47.112625366569006 ], [ 35.005348103741355, 47.113263510377628 ], [ 35.004880822437372, 47.111518076367844 ], [ 35.002324127062025, 47.111837045745467 ], [ 35.00257079150456, 47.122628734832588 ], [ 35.000013538033507, 47.122947709438819 ], [ 34.999325424567161, 47.130248551959625 ], [ 34.994677319387414, 47.132631887989298 ], [ 34.995611947668124, 47.136122894478696 ], [ 34.993053969656764, 47.136441782634584 ], [ 34.993521270977936, 47.138187299116936 ], [ 34.990963170649373, 47.138506151121788 ], [ 34.991430437240084, 47.140251682879345 ], [ 34.988872214584177, 47.140570498725623 ], [ 34.989339446431089, 47.142316045757248 ], [ 34.986781101437707, 47.142634825437362 ], [ 34.987248298527447, 47.144380387741919 ], [ 34.984689831186422, 47.144699131248345 ], [ 34.985156993505626, 47.146444708824696 ], [ 34.98259840380684, 47.146763416149902 ], [ 34.983065531342149, 47.148509008996875 ], [ 34.980506819275448, 47.148827680133294 ], [ 34.978882135496114, 47.152637546574709 ], [ 34.97376417804891, 47.153274688499906 ], [ 34.972138909161387, 47.157084526711586 ], [ 34.967020374554394, 47.157721412645316 ], [ 34.967487170683327, 47.159467120488998 ], [ 34.962368303711202, 47.160103822817199 ], [ 34.962834986289913, 47.161849565244488 ], [ 34.955156121658078, 47.16280425989634 ], [ 34.955622611960202, 47.164550056214573 ], [ 34.947943117572983, 47.16550430855488 ], [ 34.948409415517752, 47.167250158742625 ], [ 34.927928210521401, 47.169792539733038 ], [ 34.928393922310981, 47.171538540216915 ], [ 34.925833496307803, 47.171856106876135 ], [ 34.92536786327684, 47.170110087112128 ], [ 34.904883513728976, 47.172648463680709 ], [ 34.904418554566327, 47.170902285750898 ], [ 34.896736440023787, 47.17185320126206 ], [ 34.896271760860671, 47.170106961556137 ], [ 34.888589490422433, 47.171057318575933 ], [ 34.888125091258956, 47.169311017129935 ], [ 34.877417729050102, 47.168830921492102 ], [ 34.873929076094804, 47.16565451959633 ], [ 34.866246706469958, 47.166603310446327 ], [ 34.866710344468629, 47.168349777695553 ], [ 34.864149388764432, 47.168665949208354 ], [ 34.864612991419769, 47.170412431640571 ], [ 34.862051913378103, 47.170728566692446 ], [ 34.862515480676635, 47.172475064306482 ], [ 34.859954280287361, 47.172791162889865 ], [ 34.860417812215665, 47.174537675684583 ], [ 34.857856489468745, 47.174853737791892 ], [ 34.858319986013335, 47.176600265766098 ], [ 34.855758540898655, 47.176916291389787 ], [ 34.854123860290343, 47.180725382004489 ], [ 34.84900043704836, 47.18135723157873 ], [ 34.847365168632642, 47.18516629256527 ], [ 34.842241168833127, 47.185797884676425 ], [ 34.842704330371149, 47.187544526893355 ], [ 34.837579998808529, 47.188175934517155 ], [ 34.838043045896086, 47.189922611077378 ], [ 34.83035598573327, 47.190869362131032 ], [ 34.830818839344005, 47.19261609219275 ], [ 34.823131151232857, 47.193562399174454 ], [ 34.82359381128596, 47.195309182716045 ], [ 34.803090767203322, 47.19783036847307 ], [ 34.803552838402403, 47.199577301174976 ], [ 34.798426485360942, 47.200207078307372 ], [ 34.797964572283334, 47.198460107346762 ], [ 34.777458058627452, 47.200976831987752 ], [ 34.776996821546028, 47.199229704139867 ], [ 34.761154872697787, 47.199367543771046 ], [ 34.760694196823984, 47.197620293439748 ], [ 34.74997949521601, 47.197128418347475 ], [ 34.746495525513204, 47.193947412473939 ], [ 34.741368461760558, 47.194574579471713 ], [ 34.740908512614254, 47.192827179824306 ], [ 34.738344995074911, 47.193140660576091 ], [ 34.737885168234051, 47.191393237919819 ], [ 34.735321686640489, 47.191706643827885 ], [ 34.731838954183203, 47.188525060582201 ], [ 34.721585056660892, 47.189777750738614 ], [ 34.722044322416508, 47.191525295521934 ], [ 34.714353209017602, 47.192464284272255 ], [ 34.713894180700805, 47.190716682426711 ], [ 34.693383282106275, 47.19321804439992 ], [ 34.692924930228664, 47.19147028659048 ], [ 34.677082589594974, 47.191595973757636 ], [ 34.676624798930696, 47.189848094209502 ], [ 34.665910803688298, 47.189347908241288 ], [ 34.662432059982841, 47.186163724708706 ], [ 34.657303909368764, 47.186787050943195 ], [ 34.653825842278003, 47.183602532647967 ], [ 34.648697750972062, 47.184225448079147 ], [ 34.649154534775974, 47.18597353672925 ], [ 34.641461838401312, 47.186907547814371 ], [ 34.64100529227813, 47.185159402387747 ], [ 34.6307480803994, 47.186403892865506 ], [ 34.631204309545204, 47.188152113949741 ], [ 34.626075287943728, 47.188774061840014 ], [ 34.626531401415065, 47.190522316829487 ], [ 34.623966747071215, 47.190833225873043 ], [ 34.625335106738227, 47.196078024121256 ], [ 34.627899998943541, 47.195767058366606 ], [ 34.631551478735844, 47.209752863895169 ], [ 34.634116962633641, 47.209441690950747 ], [ 34.635487213404232, 47.214686246767386 ], [ 34.63805289244727, 47.214374961148188 ], [ 34.637596019912564, 47.212626798711888 ], [ 34.645292561372997, 47.211692663183307 ], [ 34.644835493739784, 47.209944553622933 ], [ 34.665357079577525, 47.20745121762868 ], [ 34.664899420425343, 47.205703255719136 ], [ 34.6700292284821, 47.205079400805658 ], [ 34.670487046199803, 47.206827324791753 ], [ 34.691005191709827, 47.204329518677532 ], [ 34.691463686554748, 47.206077286905185 ], [ 34.707309975848496, 47.205949122633278 ], [ 34.707769032297335, 47.20769676896397 ], [ 34.718486404329305, 47.208192523193475 ], [ 34.721969985426291, 47.21137449423243 ], [ 34.727099093299159, 47.210748027271372 ], [ 34.727558876925279, 47.212495524613182 ], [ 34.73012344530747, 47.212182188327454 ], [ 34.730583351346425, 47.213929662670282 ], [ 34.733147955752685, 47.213616251496326 ], [ 34.73360798421799, 47.215363702834168 ], [ 34.736172624638293, 47.215050216766862 ], [ 34.736632775543569, 47.216797645093706 ], [ 34.739197451967826, 47.216484084128005 ], [ 34.739657725326595, 47.218231489437855 ], [ 34.742222437744786, 47.217917853568622 ], [ 34.742682833570626, 47.219665235855459 ], [ 34.745247581972698, 47.219351525077634 ], [ 34.745708100279153, 47.221098884335454 ], [ 34.751298345795362, 47.222218574256424 ], [ 34.752219915695036, 47.225713196650524 ], [ 34.757810751828366, 47.226832498657153 ], [ 34.758732898482073, 47.230327020902045 ], [ 34.761297985143216, 47.230012897330745 ], [ 34.762220463581002, 47.233507365502724 ], [ 34.764785665426331, 47.233193147890283 ], [ 34.766169945908779, 47.238434763043529 ], [ 34.76873534221096, 47.238120432274791 ], [ 34.770120250749791, 47.243361954318168 ], [ 34.772685841532834, 47.243047510365713 ], [ 34.77638147448608, 47.257024574407069 ], [ 34.778947656391203, 47.256709921656856 ], [ 34.779409885211088, 47.258457017612152 ], [ 34.776843623962165, 47.258771689483339 ], [ 34.780542383656709, 47.27274846657383 ], [ 34.777975443943014, 47.273063235528589 ], [ 34.778183402978371, 47.283860593402373 ], [ 34.775615899722688, 47.284175365246696 ], [ 34.774898548339301, 47.291478584295398 ], [ 34.770225187143019, 47.293855155264026 ], [ 34.771150314716913, 47.297349451448476 ], [ 34.773718504867183, 47.29703471360768 ], [ 34.774181213417677, 47.298781836590329 ], [ 34.776749439584847, 47.29846702363654 ], [ 34.777212271167549, 47.300214123497078 ], [ 34.779780533341494, 47.29989923542513 ], [ 34.780243487970054, 47.301646312157601 ], [ 34.782811786140627, 47.301331348962421 ], [ 34.783274863828623, 47.303078402560708 ], [ 34.785843197985699, 47.302763364237222 ], [ 34.78630639874676, 47.304510394695299 ], [ 34.791906498827586, 47.305627099954883 ], [ 34.792833436301692, 47.309121064275011 ], [ 34.798434129084299, 47.310237380325937 ], [ 34.799361646273688, 47.313731243992336 ], [ 34.801930319296481, 47.313415791613508 ], [ 34.802858170046413, 47.316909600924944 ], [ 34.805426958552914, 47.316594054203527 ], [ 34.806819300612354, 47.321834680598087 ], [ 34.809388284172627, 47.321519020337249 ], [ 34.810781257841882, 47.326759553109163 ], [ 34.813350436479887, 47.326443779281341 ], [ 34.817067591847241, 47.340418203301752 ], [ 34.819637363692422, 47.340102219884017 ], [ 34.820567248928398, 47.343595747340984 ], [ 34.817997317793328, 47.343911769165381 ], [ 34.822183249814465, 47.359632616714819 ], [ 34.824753898091473, 47.359316421999829 ], [ 34.825219300181423, 47.361063143529172 ], [ 34.827789984386328, 47.360746873525088 ], [ 34.828255509983165, 47.362493571812387 ], [ 34.833862635253169, 47.363607480955686 ], [ 34.83479422438068, 47.367100780499243 ], [ 34.837365096031384, 47.366784265363513 ], [ 34.83783103606708, 47.368530889860153 ], [ 34.842506707816888, 47.36615106686741 ], [ 34.841574640400182, 47.362657882741871 ], [ 34.844145221112065, 47.362341237871888 ], [ 34.843213169672417, 47.35884807610806 ], [ 34.845783547165901, 47.358531413663059 ], [ 34.845317507527518, 47.356784845977458 ] ] ], [ [ [ 35.222624076338029, 47.338504026255571 ], [ 35.2251892105553, 47.338178966658468 ], [ 35.224710999483264, 47.336435285688779 ], [ 35.217015699256322, 47.337410238119396 ], [ 35.216537770160542, 47.335666493792075 ], [ 35.208842303181122, 47.336640885452148 ], [ 35.208364656063054, 47.334897077803383 ], [ 35.200669022585927, 47.335870908684463 ], [ 35.200191657447014, 47.334127037750513 ], [ 35.195061169108861, 47.334775940229498 ], [ 35.196492924618724, 47.34000765853137 ], [ 35.193927376020113, 47.34033208518904 ], [ 35.195836694514021, 47.347307729488705 ], [ 35.213796807453569, 47.345035020558043 ], [ 35.214274802832392, 47.346778783239927 ], [ 35.216840432850077, 47.346453867775047 ], [ 35.216362358395209, 47.344710124803619 ], [ 35.218927864447132, 47.344385173294313 ], [ 35.218449755817851, 47.342641445821677 ], [ 35.221015137914449, 47.342316458275533 ], [ 35.222624076338029, 47.338504026255571 ] ] ], [ [ [ 36.677267026280205, 47.144261440881579 ], [ 36.676222448324872, 47.140797514268925 ], [ 36.678760775706621, 47.140441152052901 ], [ 36.67771624014329, 47.136977248558118 ], [ 36.680254367080863, 47.136620875043874 ], [ 36.680703349730109, 47.129336752603514 ], [ 36.678165575004762, 47.129693094487429 ], [ 36.678687700188902, 47.131425047051991 ], [ 36.676149801009295, 47.131781356190317 ], [ 36.676671898833227, 47.133513325262278 ], [ 36.674133875188296, 47.133869601647667 ], [ 36.674655945639557, 47.135601587226112 ], [ 36.672117797518183, 47.135957830851211 ], [ 36.672639840584353, 47.137689832935266 ], [ 36.670101567975451, 47.138046043792677 ], [ 36.668607174795198, 47.141866275556588 ], [ 36.663530083017292, 47.142578511920689 ], [ 36.662035130607308, 47.146398732773399 ], [ 36.656957443647435, 47.147110729454894 ], [ 36.657479197593801, 47.148842856936596 ], [ 36.652401164485937, 47.149554679477667 ], [ 36.65292281492502, 47.151286844891644 ], [ 36.645305173253981, 47.152354236024848 ], [ 36.646348163455784, 47.155818680622509 ], [ 36.648887577963805, 47.155462894990464 ], [ 36.649409221902097, 47.157195088455303 ], [ 36.651948663937063, 47.156839227114432 ], [ 36.652470432467702, 47.158571394206845 ], [ 36.655009902018506, 47.158215457152622 ], [ 36.655531795153941, 47.159947597866385 ], [ 36.661132834511349, 47.16096761092853 ], [ 36.662177167855752, 47.16443178185903 ], [ 36.664716795950113, 47.164075596185569 ], [ 36.665239111566066, 47.165807652779023 ], [ 36.675397442188164, 47.164382281471845 ], [ 36.672784829114555, 47.155722378194547 ], [ 36.675323910087855, 47.155366007007927 ], [ 36.673756697404741, 47.150170070011932 ], [ 36.67629550178323, 47.149813708960053 ], [ 36.674728498413387, 47.144617791790004 ], [ 36.677267026280205, 47.144261440881579 ] ] ], [ [ [ 34.581607590946838, 47.545893571935572 ], [ 34.568694994349855, 47.547451294227841 ], [ 34.568235076599301, 47.545702719141339 ], [ 34.560487240079119, 47.546636616090169 ], [ 34.560027608441253, 47.544887980240276 ], [ 34.552279623976652, 47.545821310637173 ], [ 34.551820278450371, 47.544072614060632 ], [ 34.54665490038257, 47.544694513263074 ], [ 34.5475733111411, 47.548191978226271 ], [ 34.550156183703251, 47.547881019088408 ], [ 34.551534367970753, 47.553127130425068 ], [ 34.554117439954453, 47.552816057835798 ], [ 34.554577002442556, 47.554564734856434 ], [ 34.559743178075834, 47.553942381833224 ], [ 34.560202945866074, 47.555691017054897 ], [ 34.570535099745243, 47.554445555384774 ], [ 34.570075008227221, 47.552696995974756 ], [ 34.585110916363817, 47.549078768430199 ], [ 34.581607590946838, 47.545893571935572 ] ] ], [ [ [ 35.179493959842993, 47.607413055777542 ], [ 35.184651409375633, 47.60676204596497 ], [ 35.186267197310308, 47.60294866538986 ], [ 35.191424053645953, 47.60229739683971 ], [ 35.190461045525893, 47.598809667788089 ], [ 35.193039245204986, 47.598483988623869 ], [ 35.191594832780915, 47.593252422617475 ], [ 35.194172746528139, 47.592926746495557 ], [ 35.194824725555996, 47.585625691683958 ], [ 35.199498165807114, 47.583230414686071 ], [ 35.198535263556479, 47.579742798704046 ], [ 35.203208017542039, 47.577347442238178 ], [ 35.202245067080113, 47.573859879955407 ], [ 35.204821907410071, 47.573534064105168 ], [ 35.204340420147687, 47.571790296389189 ], [ 35.209012202577057, 47.569394803199586 ], [ 35.20804913464584, 47.565907325709958 ], [ 35.210625518695139, 47.56558142034207 ], [ 35.210143972740106, 47.563837695024219 ], [ 35.212720231406628, 47.563511753239382 ], [ 35.212238650795292, 47.561768043468589 ], [ 35.214814784089675, 47.561442065274427 ], [ 35.21433316883568, 47.55969837105183 ], [ 35.216909176768517, 47.559372356455995 ], [ 35.216427526885461, 47.557628677782674 ], [ 35.219003409467348, 47.557302626792833 ], [ 35.218521724968845, 47.555558963669888 ], [ 35.221097482210396, 47.555232876293644 ], [ 35.220615763110047, 47.553489228722185 ], [ 35.225285147925973, 47.551093312822218 ], [ 35.224321616767227, 47.547606075648069 ], [ 35.221746270049387, 47.547932196181861 ], [ 35.221264652443466, 47.546188551435165 ], [ 35.218689340302568, 47.54651459601817 ], [ 35.217726400980972, 47.543027254221734 ], [ 35.21209471857793, 47.541935378947187 ], [ 35.211132370877358, 47.53844793259244 ], [ 35.208557322366474, 47.538773709801319 ], [ 35.207595315688017, 47.535286206957451 ], [ 35.205020381699548, 47.535611888474861 ], [ 35.204058715957061, 47.532124329161974 ], [ 35.201483896491766, 47.532449915003028 ], [ 35.196026079335759, 47.522312428132899 ], [ 35.193451648661103, 47.522637783165266 ], [ 35.189610883096414, 47.508686699820863 ], [ 35.187037045943654, 47.509011840793789 ], [ 35.185118066720477, 47.502036118870016 ], [ 35.187691584667022, 47.501711056831851 ], [ 35.183855154826738, 47.487759568368539 ], [ 35.178709350002677, 47.488409320757498 ], [ 35.179188586309124, 47.490153311014382 ], [ 35.171469301599821, 47.49112757819227 ], [ 35.17194834373008, 47.492871623376409 ], [ 35.15136096306685, 47.49546735894473 ], [ 35.151839411921664, 47.497211557497984 ], [ 35.146691956642883, 47.497859969745328 ], [ 35.146213667431432, 47.496115731828937 ], [ 35.125622684642302, 47.4987069787217 ], [ 35.125145079179973, 47.49696257929191 ], [ 35.109223351343708, 47.497159017696809 ], [ 35.108746314982263, 47.4954144920546 ], [ 35.097972952698875, 47.494962577154936 ], [ 35.09444569834492, 47.491796322162955 ], [ 35.068702780798013, 47.495022975523781 ], [ 35.069178483964805, 47.49676780774228 ], [ 35.064029202859437, 47.497412503657564 ], [ 35.063553659579519, 47.495667632287358 ], [ 35.042955384159796, 47.498244012302486 ], [ 35.04248052535926, 47.496498980306463 ], [ 35.026556086117864, 47.496683634785946 ], [ 35.026081796661202, 47.494938477295172 ], [ 35.015307548315057, 47.494478495973574 ], [ 35.011784880194661, 47.491309119746916 ], [ 35.006634841404022, 47.491951182262547 ], [ 35.006161290526421, 47.490205871667065 ], [ 35.003586284236896, 47.490526799122819 ], [ 35.003112857963004, 47.488781464906239 ], [ 35.000537887094431, 47.489102316666283 ], [ 35.000064585410605, 47.487356958834745 ], [ 34.99748964997341, 47.487677734904125 ], [ 34.997016472865973, 47.485932353463753 ], [ 34.994441572870549, 47.486253053847562 ], [ 34.993968520325843, 47.484507648804431 ], [ 34.991393655782623, 47.484828273507731 ], [ 34.990920727786978, 47.483082844867965 ], [ 34.985298301638508, 47.481978415023057 ], [ 34.984352988274587, 47.478487459278909 ], [ 34.978731157578906, 47.477382636574397 ], [ 34.977786431168774, 47.473891578310308 ], [ 34.975211904019119, 47.474211785778991 ], [ 34.974267515472853, 47.470720672169783 ], [ 34.9716931038109, 47.471040784549459 ], [ 34.96628750842477, 47.460887168024527 ], [ 34.963713487637357, 47.46120705140234 ], [ 34.962770289807082, 47.457715755469081 ], [ 34.960196384491219, 47.458035543814567 ], [ 34.956679734268775, 47.454863885952513 ], [ 34.954105900049314, 47.455183523114165 ], [ 34.955048440688493, 47.45867495199149 ], [ 34.950371496344502, 47.461059882593482 ], [ 34.951313983410294, 47.464551364561764 ], [ 34.948739616289551, 47.464870930270543 ], [ 34.949210846407425, 47.466616684526763 ], [ 34.946636354923776, 47.466936213455867 ], [ 34.94710754942512, 47.468681983030905 ], [ 34.944532933568212, 47.469001475172703 ], [ 34.945004092439348, 47.470747260065409 ], [ 34.942429352198808, 47.471066715412263 ], [ 34.942900475426065, 47.472812515621477 ], [ 34.940325610791511, 47.473131934165757 ], [ 34.940796698361204, 47.474877749690314 ], [ 34.938221709322278, 47.475197131424366 ], [ 34.936588663980572, 47.47900815333108 ], [ 34.931438143860589, 47.47964671327987 ], [ 34.929804502344879, 47.483457705334089 ], [ 34.924653395754184, 47.484096005433159 ], [ 34.925124144631305, 47.485841936304958 ], [ 34.919972700438848, 47.486480050183211 ], [ 34.920443333432651, 47.488226015746726 ], [ 34.905457652632201, 47.4918852011279 ], [ 34.905927893406947, 47.493631274794396 ], [ 34.901245383890021, 47.496014712947236 ], [ 34.902185766259535, 47.499506917367448 ], [ 34.90991537281279, 47.498550663870574 ], [ 34.910385871055524, 47.50029670184982 ], [ 34.921162576462486, 47.500766787981121 ], [ 34.92163348415837, 47.502512740255611 ], [ 34.924209994132646, 47.502193593200552 ], [ 34.92468102639166, 47.503939521993779 ], [ 34.929834073539979, 47.503301020228776 ], [ 34.930305310558737, 47.505046906131888 ], [ 34.932881847710355, 47.504727551416217 ], [ 34.933353209321346, 47.506473413821418 ], [ 34.9359297822378, 47.506153983410691 ], [ 34.939449487962285, 47.509326131592097 ], [ 34.949755798890742, 47.508047466618159 ], [ 34.949283867354531, 47.506301728923006 ], [ 34.957012893156637, 47.505342197558591 ], [ 34.957485065162956, 47.507087876948361 ], [ 34.978094483746716, 47.504526495400363 ], [ 34.978567341324258, 47.506272015054734 ], [ 34.994496397848593, 47.506093898085993 ], [ 34.994969825207896, 47.507839292638394 ], [ 35.005747148946021, 47.508300980550352 ], [ 35.009270879079089, 47.511470487812481 ], [ 35.014422768215866, 47.510828108599974 ], [ 35.014896934759037, 47.512573350126871 ], [ 35.01747289241532, 47.512252056646098 ], [ 35.017947183722136, 47.51399727452101 ], [ 35.020523176785858, 47.513675905280664 ], [ 35.020997592869989, 47.515421099497473 ], [ 35.023573621330712, 47.515099654492509 ], [ 35.02404816220583, 47.516844825045091 ], [ 35.026624226053116, 47.516523304270407 ], [ 35.027098891732912, 47.518268451152643 ], [ 35.029674990956273, 47.517946854603217 ], [ 35.030149781454419, 47.519691977808961 ], [ 35.035777001317776, 47.520793656888706 ], [ 35.036727126426044, 47.524283804411887 ], [ 35.042354942349185, 47.525385089697991 ], [ 35.043305656513041, 47.528875134127524 ], [ 35.045882092678887, 47.528553119510946 ], [ 35.046833146253633, 47.532043108218247 ], [ 35.049409697857293, 47.531720998222674 ], [ 35.05083685470106, 47.536955891439142 ], [ 35.053413601878688, 47.536633666477492 ], [ 35.05484140265262, 47.541868463578083 ], [ 35.057418345427493, 47.541546123622616 ], [ 35.061228429563116, 47.555505242924667 ], [ 35.063805968896922, 47.555182690000017 ], [ 35.064759099273665, 47.55867238902426 ], [ 35.062181399516561, 47.558994981136713 ], [ 35.06265795186011, 47.560739843998199 ], [ 35.065235731839124, 47.560417232289993 ], [ 35.068767027258311, 47.563584199115951 ], [ 35.073922683439712, 47.56293861578483 ], [ 35.077454665615278, 47.566105240177492 ], [ 35.082610372907133, 47.565459240588176 ], [ 35.083087711577008, 47.567203945345923 ], [ 35.09387661164066, 47.567655814158229 ], [ 35.097410082777401, 47.570821657776364 ], [ 35.102565801613871, 47.570174712956224 ], [ 35.103043881901428, 47.571919263540593 ], [ 35.105621753948618, 47.571595687038517 ], [ 35.106099959514289, 47.573340213784746 ], [ 35.108677866704561, 47.573016561333311 ], [ 35.109156197562001, 47.57476106423529 ], [ 35.111734139884803, 47.574437335829401 ], [ 35.112212596047691, 47.576181814880954 ], [ 35.114790573492478, 47.575858010515574 ], [ 35.115269154974534, 47.577602465710576 ], [ 35.117847167530726, 47.577278585380661 ], [ 35.118325874345601, 47.579023016712938 ], [ 35.123960836911422, 47.580119435602654 ], [ 35.12491879710084, 47.583608198582098 ], [ 35.127496995155518, 47.583284070644389 ], [ 35.127976123209365, 47.585028426152562 ], [ 35.13055435633477, 47.584704222225625 ], [ 35.131033609788304, 47.586448553844754 ], [ 35.133611877973863, 47.586124273923588 ], [ 35.134091256840762, 47.58786858164752 ], [ 35.136669560075873, 47.587544225727065 ], [ 35.137149064369822, 47.589288509549618 ], [ 35.14278540568111, 47.590383829605692 ], [ 35.143744961283616, 47.59387229740031 ], [ 35.149381899314179, 47.594967221927405 ], [ 35.150342047343216, 47.598455585603361 ], [ 35.15292068616791, 47.59813081016825 ], [ 35.153881175761683, 47.60161911754679 ], [ 35.156459929837546, 47.601294246345674 ], [ 35.157901244643632, 47.606526616612058 ], [ 35.160480194247256, 47.606201629895239 ], [ 35.161441457847943, 47.609689816180861 ], [ 35.167080402600476, 47.610783642143964 ], [ 35.168042259318717, 47.614271724131278 ], [ 35.17062147439237, 47.613946469714264 ], [ 35.171102551070952, 47.615690484621375 ], [ 35.173681801088371, 47.615365154118486 ], [ 35.17320064411269, 47.613621158966147 ], [ 35.175779768472843, 47.61329579188952 ], [ 35.175298576572416, 47.611551812267948 ], [ 35.177877575285933, 47.6112264086252 ], [ 35.179493959842993, 47.607413055777542 ] ] ], [ [ [ 36.801405896771222, 49.18373185843236 ], [ 36.799144765162758, 49.176810626646109 ], [ 36.793866155264482, 49.177551578058484 ], [ 36.794431187628923, 49.179281938961054 ], [ 36.797070604301922, 49.178911469929872 ], [ 36.798766280257908, 49.184102453170837 ], [ 36.801405896771222, 49.18373185843236 ] ] ], [ [ [ 38.073261236866962, 49.093474000626273 ], [ 38.0758787873174, 49.093074905140895 ], [ 38.077280733004926, 49.08923780701587 ], [ 38.082515217703133, 49.088439427295945 ], [ 38.083916566514709, 49.084602326124987 ], [ 38.089150377350151, 49.083803700786007 ], [ 38.088542396973125, 49.082084826778377 ], [ 38.098400748497518, 49.078768204982936 ], [ 38.096576346205531, 49.073611816521321 ], [ 38.09919252507202, 49.073212310927545 ], [ 38.097368397562008, 49.068055939559095 ], [ 38.099984273525635, 49.067656449207114 ], [ 38.099376264847521, 49.065937670566754 ], [ 38.096760470579518, 49.066337136867197 ], [ 38.096152601346013, 49.064618328058593 ], [ 38.090921002968358, 49.065417041835076 ], [ 38.090313354862502, 49.063698178822833 ], [ 38.085081688982108, 49.064496616869825 ], [ 38.08125113662323, 49.061457861956249 ], [ 38.076019451378109, 49.06225586238741 ], [ 38.075412384903089, 49.060536860898559 ], [ 38.072796537481771, 49.06093575171581 ], [ 38.072189610386332, 49.059216720107067 ], [ 38.069573787020964, 49.059615529989024 ], [ 38.068966999291938, 49.057896468267266 ], [ 38.066351199996255, 49.058295197218413 ], [ 38.065744551620476, 49.056576105390569 ], [ 38.063128776408185, 49.056974753415332 ], [ 38.062522267372444, 49.055255631488258 ], [ 38.059906516257271, 49.0556541985911 ], [ 38.059300146548409, 49.053935046571716 ], [ 38.056684419544055, 49.054333532757127 ], [ 38.056078189148899, 49.052614350652291 ], [ 38.050240716432832, 49.051691868105188 ], [ 38.049028870379132, 49.048253377511372 ], [ 38.046413297502646, 49.048651596990233 ], [ 38.048836892989073, 49.055528649772562 ], [ 38.051452792757793, 49.055130334360726 ], [ 38.052058917289138, 49.056849558359879 ], [ 38.049442935780874, 49.057247897758863 ], [ 38.05429335163528, 49.071001662524402 ], [ 38.05167665833654, 49.071400136918797 ], [ 38.052889674911199, 49.074838565214037 ], [ 38.055506531828101, 49.074440042821607 ], [ 38.060361559163432, 49.088193320262448 ], [ 38.062979013111793, 49.087794548826345 ], [ 38.064800845925966, 49.092951855213855 ], [ 38.062183146362969, 49.093350698705621 ], [ 38.065220279639362, 49.1019462074321 ], [ 38.06783838869228, 49.10154724381615 ], [ 38.067230764632647, 49.09982817830339 ], [ 38.0698487340143, 49.09942918170848 ], [ 38.069241085817033, 49.097710134120618 ], [ 38.071858915541178, 49.0973111045545 ], [ 38.073261236866962, 49.093474000626273 ] ] ], [ [ [ 39.024594930773077, 49.194320524932955 ], [ 39.027204044874487, 49.193899275759655 ], [ 39.026561278799207, 49.192189325647284 ], [ 39.02395224511401, 49.19261054957294 ], [ 39.024594930773077, 49.194320524932955 ] ] ], [ [ [ 39.474516132459414, 49.147916845808936 ], [ 39.475830524199871, 49.151327947804589 ], [ 39.478430609166267, 49.150896792121479 ], [ 39.477116058841247, 49.147485741661662 ], [ 39.474516132459414, 49.147916845808936 ] ] ], [ [ [ 39.471944490792708, 49.155601268713433 ], [ 39.46934406106876, 49.156032308536822 ], [ 39.470001236115841, 49.15773791221163 ], [ 39.475202192184291, 49.156875725227692 ], [ 39.474544858473266, 49.155170173085878 ], [ 39.47714516410435, 49.154739021657619 ], [ 39.475830524199871, 49.151327947804589 ], [ 39.473230377192436, 49.151759047696167 ], [ 39.471944490792708, 49.155601268713433 ] ] ], [ [ [ 39.094896866749359, 49.424233386977022 ], [ 39.097517103488045, 49.423809105482576 ], [ 39.095565973597395, 49.418681488572417 ], [ 39.092945980748347, 49.419105693723182 ], [ 39.094896866749359, 49.424233386977022 ] ] ], [ [ [ 39.097517103488045, 49.423809105482576 ], [ 39.098167603718537, 49.425518297436994 ], [ 39.100787859954103, 49.425093933763591 ], [ 39.100137278421691, 49.423384767263371 ], [ 39.097517103488045, 49.423809105482576 ] ] ], [ [ [ 39.102089208482617, 49.428512246230696 ], [ 39.104709565507697, 49.428087774913664 ], [ 39.104058779023042, 49.426378647563084 ], [ 39.101438503305296, 49.426803093419622 ], [ 39.102089208482617, 49.428512246230696 ] ] ], [ [ [ 39.106011324003966, 49.43150600907159 ], [ 39.108631781808178, 49.431081430095851 ], [ 39.10798079032373, 49.429372341907808 ], [ 39.105360413832216, 49.429796895416771 ], [ 39.106011324003966, 49.43150600907159 ] ] ], [ [ [ 39.144627562314859, 49.445203750874128 ], [ 39.143974995230153, 49.443495018621 ], [ 39.141354405580579, 49.443920476517292 ], [ 39.140701981795949, 49.442211711870904 ], [ 39.135460779120585, 49.443062406462353 ], [ 39.134808579926961, 49.441353583921334 ], [ 39.132187966929685, 49.441778820620229 ], [ 39.131535911011689, 49.44006996570478 ], [ 39.12891531736193, 49.440495120173644 ], [ 39.1282634047068, 49.438786232890884 ], [ 39.125642830419295, 49.439211305133917 ], [ 39.124991061014306, 49.437502385490959 ], [ 39.12237050610382, 49.437927375512331 ], [ 39.121718879936239, 49.43621842351628 ], [ 39.119098344417523, 49.436643331320163 ], [ 39.118446861474588, 49.434934346978132 ], [ 39.112554508940413, 49.434074899269262 ], [ 39.111252177751439, 49.430656794390757 ], [ 39.108631781808178, 49.431081430095851 ], [ 39.110585127456872, 49.436208653552185 ], [ 39.113205767354366, 49.435783941427857 ], [ 39.11515991396238, 49.440911026771168 ], [ 39.117780735959904, 49.44048618146892 ], [ 39.119083972602361, 49.443904153108868 ], [ 39.121704895358725, 49.443479200089975 ], [ 39.122356687923258, 49.445188150128764 ], [ 39.124977630081112, 49.444763114873403 ], [ 39.125629565939043, 49.446472032553814 ], [ 39.128250527483644, 49.446046915057828 ], [ 39.128902606647728, 49.447755800372718 ], [ 39.13152358756431, 49.447330600631908 ], [ 39.132175810047265, 49.449039453574194 ], [ 39.134796810321063, 49.448614171584389 ], [ 39.135449176135666, 49.450322992146958 ], [ 39.138070195751908, 49.449897627903972 ], [ 39.138722704910876, 49.45160641607967 ], [ 39.141343743854812, 49.451180969579354 ], [ 39.141996396370892, 49.452889725361082 ], [ 39.144617454627721, 49.452464196599223 ], [ 39.145270250513661, 49.454172919979889 ], [ 39.151165364175455, 49.45503030662735 ], [ 39.152471591573409, 49.458447616856127 ], [ 39.15836729387145, 49.45930455160309 ], [ 39.159674219157608, 49.462721718341122 ], [ 39.164916791593605, 49.46186967914538 ], [ 39.159689279501016, 49.448201255545555 ], [ 39.15706867484198, 49.448627099154827 ], [ 39.155762580189446, 49.445209873276418 ], [ 39.144627562314859, 49.445203750874128 ] ] ], [ [ [ 39.753107708705997, 49.364572806739915 ], [ 39.750500589916044, 49.365011534334528 ], [ 39.749157277464342, 49.361606064018751 ], [ 39.751764236944638, 49.361167388837671 ], [ 39.746392889800511, 49.347545426392564 ], [ 39.748999148833555, 49.347106904864702 ], [ 39.746985702077779, 49.341998627615197 ], [ 39.749591658924693, 49.34156012874184 ], [ 39.747578544421806, 49.336451864677834 ], [ 39.750184199176267, 49.336013388464437 ], [ 39.75010588947648, 49.328763945406862 ], [ 39.754645270028327, 49.326184229499539 ], [ 39.750698600816762, 49.323217281236978 ], [ 39.748093629452768, 49.323655685929182 ], [ 39.748764319404437, 49.325358446350826 ], [ 39.746159205166954, 49.325796821343019 ], [ 39.746829879005745, 49.327499600686082 ], [ 39.744224621879823, 49.327937945970724 ], [ 39.744895279593536, 49.329640744234837 ], [ 39.742289879564225, 49.330079059804362 ], [ 39.742960521140695, 49.331781876989176 ], [ 39.740354978193025, 49.33222016283608 ], [ 39.741025603620066, 49.333922998941247 ], [ 39.738419917739058, 49.334361255057985 ], [ 39.7390905270045, 49.336064110083136 ], [ 39.736484698175211, 49.336502336462161 ], [ 39.735219896379995, 49.340346299904823 ], [ 39.730007603447703, 49.341222577733987 ], [ 39.728742228277731, 49.345066553743749 ], [ 39.723529236559031, 49.34594260060932 ], [ 39.725540533756273, 49.351051584728161 ], [ 39.722933703869757, 49.351489602731888 ], [ 39.724350160900528, 49.362145651242542 ], [ 39.72174272606572, 49.362583714320593 ], [ 39.721818092154102, 49.369833843388633 ], [ 39.717272982607021, 49.372412963647946 ], [ 39.719285508903681, 49.377522114260991 ], [ 39.727110107988743, 49.376207632799613 ], [ 39.727781316357103, 49.377910589952322 ], [ 39.738885136151453, 49.377859904207085 ], [ 39.742836646217519, 49.380826971308515 ], [ 39.750660677897429, 49.379510831286488 ], [ 39.749988640968795, 49.377808105536239 ], [ 39.752596444676584, 49.377369306415446 ], [ 39.751924391594123, 49.375666599603605 ], [ 39.756467499972693, 49.373086224179161 ], [ 39.753107708705997, 49.364572806739915 ] ] ], [ [ [ 39.715464078242583, 49.508910149860938 ], [ 39.718079380806905, 49.508471281452138 ], [ 39.72010167168029, 49.513580290508152 ], [ 39.725332567352126, 49.512702227306846 ], [ 39.724658245722942, 49.510999284075972 ], [ 39.732503868630943, 49.509681845818911 ], [ 39.730480564127717, 49.504573208689287 ], [ 39.733095402882007, 49.504134028810974 ], [ 39.731746692197028, 49.500728286777544 ], [ 39.713442603554718, 49.503800996528653 ], [ 39.715464078242583, 49.508910149860938 ] ] ], [ [ [ 39.168130242005098, 49.630144926667292 ], [ 39.167472580331584, 49.628436477770144 ], [ 39.170102663131139, 49.628009270006466 ], [ 39.163527926094886, 49.618185638797094 ], [ 39.160898273053824, 49.618612635657044 ], [ 39.161555476765415, 49.620321151778889 ], [ 39.153665895746471, 49.621601876776538 ], [ 39.154322915853811, 49.623310462852039 ], [ 39.146432525077657, 49.624590750916937 ], [ 39.147746260489015, 49.628008056020235 ], [ 39.145115840784428, 49.628434755741345 ], [ 39.146429662361413, 49.631852084398218 ], [ 39.149060246339474, 49.631425333440376 ], [ 39.151688969597501, 49.638259805204775 ], [ 39.156950606831451, 49.637405926930981 ], [ 39.158266351656543, 49.633561833868029 ], [ 39.168130242005098, 49.630144926667292 ] ] ], [ [ [ 38.658761903287783, 49.903973514157293 ], [ 38.658115865655098, 49.902260222100203 ], [ 38.655463240529869, 49.902677445004024 ], [ 38.656109193725321, 49.904390762218782 ], [ 38.658761903287783, 49.903973514157293 ] ] ], [ [ [ 38.67195824304072, 49.909156639283694 ], [ 38.672604928699997, 49.910869797377295 ], [ 38.678557426128656, 49.911747510791812 ], [ 38.67985144572912, 49.91517369291293 ], [ 38.685804556548028, 49.916050952138647 ], [ 38.691047514101108, 49.922484909084183 ], [ 38.693700700394984, 49.922066751925882 ], [ 38.700241774187234, 49.931925966305556 ], [ 38.721468579930459, 49.928576938758304 ], [ 38.720819757153762, 49.92686425241525 ], [ 38.726125666903435, 49.926026464384222 ], [ 38.724827870615542, 49.922601172603791 ], [ 38.727480563255682, 49.922182241873799 ], [ 38.726182847378361, 49.918756973794835 ], [ 38.72883530898374, 49.91833803543507 ], [ 38.72753767352561, 49.914912791056679 ], [ 38.730189904146634, 49.914493845076116 ], [ 38.729541095494859, 49.912781238087391 ], [ 38.724236740661375, 49.913619021425561 ], [ 38.72028754536997, 49.91061244035496 ], [ 38.714983154413311, 49.911449773990135 ], [ 38.714334954220568, 49.909737020697911 ], [ 38.711682749757145, 49.910155575094926 ], [ 38.707734606735926, 49.90714844380058 ], [ 38.697125593044227, 49.908821645788109 ], [ 38.696478085601299, 49.907108721116124 ], [ 38.679916267811635, 49.907903546125652 ], [ 38.6792693909806, 49.906190456918559 ], [ 38.668012427729188, 49.906147834156577 ], [ 38.664067136320291, 49.903138843543218 ], [ 38.658761903287783, 49.903973514157293 ], [ 38.659408002948979, 49.905686799562311 ], [ 38.662060734919343, 49.905269468173557 ], [ 38.662706981059785, 49.906982721761572 ], [ 38.665359735423024, 49.906565307041127 ], [ 38.666006128056246, 49.908278528804907 ], [ 38.67195824304072, 49.909156639283694 ] ] ] ] } }
]
}
