{
"type": "FeatureCollection",
"name": "zones_9km",
"crs": { "type": "name", "properties": { "name": "urn:ogc:def:crs:OGC:1.3:CRS84" } },
"features": [
{ "type": "Feature", "properties": { "distance_km": 9 }, "geometry": { "type": "MultiPolygon", "coordinates": [ [ [ [ 28.580366734992367, 45.249186036527675 ], [ 28.590467810213291, 45.248511214511595 ], [ 28.590706807488488, 45.250294994204474 ], [ 28.598282612309635, 45.249788265204394 ], [ 28.598521864856519, 45.251572012006505 ], [ 28.606097701347014, 45.251064753516303 ], [ 28.6063372091877, 45.252848467393413 ], [ 28.616438321640597, 45.252171306024316 ], [ 28.616678162435225, 45.253954976466808 ], [ 28.624253994343952, 45.253446492876641 ], [ 28.624494090475952, 45.255230130314935 ], [ 28.629544688168298, 45.254890843552985 ], [ 28.629784962022804, 45.256674458449666 ], [ 28.634835625165472, 45.256334929313809 ], [ 28.635076076763117, 45.25811852165274 ], [ 28.637601452268928, 45.257948663562523 ], [ 28.636879931993921, 45.252597913374267 ], [ 28.634354789383419, 45.252767739953839 ], [ 28.633153093052787, 45.243849739247395 ], [ 28.580128070609558, 45.247402213549165 ], [ 28.580366734992367, 45.249186036527675 ] ] ], [ [ [ 24.877654014016347, 47.798175478300323 ], [ 24.880317529649741, 47.798085334959652 ], [ 24.880049892412227, 47.794496051186819 ], [ 24.885242537798813, 47.792520970171211 ], [ 24.884974613590462, 47.788931703875946 ], [ 24.887637633763653, 47.788841403745472 ], [ 24.887503599953639, 47.787046774971344 ], [ 24.890166515842235, 47.786956418836432 ], [ 24.890032403829082, 47.785161794862972 ], [ 24.892695215436284, 47.785071382731672 ], [ 24.892561025237605, 47.783276763561993 ], [ 24.895223732566638, 47.78318629544232 ], [ 24.895089464200069, 47.781391681079512 ], [ 24.897752067254142, 47.781301156979538 ], [ 24.897617720737305, 47.779506547426692 ], [ 24.900280219519622, 47.77941596735446 ], [ 24.900145794870145, 47.777621362614667 ], [ 24.902808189383933, 47.777530726578178 ], [ 24.90267368661943, 47.77573612665455 ], [ 24.905335976867917, 47.775645434661904 ], [ 24.907728923050694, 47.771965501334655 ], [ 24.913053073403788, 47.771783831960263 ], [ 24.915445303417208, 47.768103755819084 ], [ 24.920769010498326, 47.767921739535645 ], [ 24.920633935158786, 47.766127175117809 ], [ 24.925957407446536, 47.765944923820889 ], [ 24.925822162999232, 47.764150369943174 ], [ 24.931145400453733, 47.763967883668727 ], [ 24.931009986938729, 47.762173340344908 ], [ 24.936332989520135, 47.761990619128959 ], [ 24.936197406977488, 47.760196086372858 ], [ 24.944181538687861, 47.759921559819624 ], [ 24.944045696076124, 47.758127043369178 ], [ 24.954690655779654, 47.757760168788302 ], [ 24.954554462098404, 47.755965674414767 ], [ 24.978504026501046, 47.755136656501811 ], [ 24.978367026615128, 47.753342213090811 ], [ 24.98102793181431, 47.753249797946253 ], [ 24.981165022741294, 47.755044235580272 ], [ 25.002452512172535, 47.75430265207077 ], [ 25.00231469297605, 47.752508260790343 ], [ 25.004975477935506, 47.752415291657591 ], [ 25.004837581116647, 47.750620905323139 ], [ 25.007498261656348, 47.750527880454882 ], [ 25.007360287232654, 47.748733499069481 ], [ 25.010020863355905, 47.748640418473784 ], [ 25.009882811344969, 47.746846042040502 ], [ 25.012543283055059, 47.746752905725373 ], [ 25.014927313641898, 47.743070975700931 ], [ 25.020247825989692, 47.742884418713878 ], [ 25.022631142264821, 47.739202347280795 ], [ 25.027951210075575, 47.739015444502336 ], [ 25.027812588507771, 47.737221104557221 ], [ 25.030472511270961, 47.737127566739304 ], [ 25.030333812242112, 47.735333231771563 ], [ 25.032993630597737, 47.735239638291631 ], [ 25.032854854125382, 47.733445308304347 ], [ 25.035514568076749, 47.733351659170438 ], [ 25.035375714178443, 47.731557334166666 ], [ 25.04055589757494, 47.729575548951864 ], [ 25.040277893684994, 47.725986918026166 ], [ 25.032299883058734, 47.72626797966111 ], [ 25.032438605605297, 47.728062313125946 ], [ 25.027119682681139, 47.728249391801583 ], [ 25.027396804615933, 47.731838079509721 ], [ 25.024737141153917, 47.731931538289302 ], [ 25.024598664361072, 47.73013718902844 ], [ 25.016619866002497, 47.73041717885166 ], [ 25.016758070067166, 47.73221154561282 ], [ 25.006256974442525, 47.734378416821976 ], [ 25.006119120643962, 47.73258402764602 ], [ 25.003459349779824, 47.732676994387553 ], [ 25.003183864194533, 47.729088201818776 ], [ 25.000524261777688, 47.729181095439088 ], [ 25.000249011520367, 47.725592287799088 ], [ 24.992270669476284, 47.725870564860259 ], [ 24.992408015225202, 47.727664986506035 ], [ 24.987088871989879, 47.727850208644206 ], [ 24.987226049263025, 47.729644641003986 ], [ 24.971267754456431, 47.730198865998794 ], [ 24.971131122687193, 47.728404398998741 ], [ 24.939214192213626, 47.729506136881021 ], [ 24.939078664798441, 47.727711600157896 ], [ 24.925779837845393, 47.728168014752306 ], [ 24.925644778239921, 47.726373448645376 ], [ 24.912346077848717, 47.726828296923202 ], [ 24.912211486003883, 47.725033701531984 ], [ 24.896253159632703, 47.725577455459977 ], [ 24.896119126430875, 47.723782825228824 ], [ 24.882820617535124, 47.724234233598544 ], [ 24.883087787556285, 47.727823549650445 ], [ 24.885747697217482, 47.727733379733088 ], [ 24.886282556946199, 47.734911979119097 ], [ 24.881095562309181, 47.736886961513662 ], [ 24.88176358425353, 47.745860243805254 ], [ 24.87657534129416, 47.747835053776519 ], [ 24.876842302725816, 47.751424381594326 ], [ 24.879503434498833, 47.751334323091193 ], [ 24.879637025755649, 47.753128980099866 ], [ 24.876975802906472, 47.753219044233319 ], [ 24.877109316065802, 47.755013706025665 ], [ 24.871786649265484, 47.755193660803045 ], [ 24.871919993212821, 47.756988332999356 ], [ 24.869258549265687, 47.757078223630657 ], [ 24.866863454702035, 47.760757417000207 ], [ 24.861540137602677, 47.760936912754715 ], [ 24.861673155938309, 47.762731604873046 ], [ 24.856482453833348, 47.764705567918405 ], [ 24.856748190563785, 47.768294970350105 ], [ 24.854086122182405, 47.768384525020814 ], [ 24.851954939944779, 47.775652857594778 ], [ 24.843967524426549, 47.775921034106538 ], [ 24.844100007831788, 47.777715758646515 ], [ 24.838774817294325, 47.777894245971666 ], [ 24.838907131139468, 47.779688980829697 ], [ 24.836244425340546, 47.779778137605987 ], [ 24.837302669397094, 47.794136030786206 ], [ 24.834639220608999, 47.79422517049494 ], [ 24.834903727698034, 47.797814646526241 ], [ 24.832240083422374, 47.797903735698817 ], [ 24.832372264941604, 47.799698478023913 ], [ 24.84302713009739, 47.799341728923935 ], [ 24.843159689802544, 47.801136448100486 ], [ 24.851150977279364, 47.800868221799085 ], [ 24.851283823885616, 47.802662923361083 ], [ 24.856611466930524, 47.802483786187075 ], [ 24.856744509140857, 47.804278475704173 ], [ 24.862072283088903, 47.804099080553776 ], [ 24.862205520933848, 47.805893758009077 ], [ 24.867533425719287, 47.805714104856818 ], [ 24.867666859229374, 47.807508770233397 ], [ 24.872994894786448, 47.807328859053882 ], [ 24.872861278580913, 47.805534204926474 ], [ 24.875525185518224, 47.805444162421367 ], [ 24.877654014016347, 47.798175478300323 ] ] ], [ [ [ 24.70705653068061, 47.839802397229725 ], [ 24.704390345449827, 47.839888576074436 ], [ 24.704518311408236, 47.841683569393311 ], [ 24.707184588226323, 47.841597385158202 ], [ 24.70705653068061, 47.839802397229725 ] ] ], [ [ [ 24.695002035226285, 47.858182784878544 ], [ 24.69766918656768, 47.858096799479206 ], [ 24.69741359274213, 47.854506794517846 ], [ 24.694746624738393, 47.854592769160902 ], [ 24.694874323764381, 47.856387777430569 ], [ 24.684205960821387, 47.856731079112734 ], [ 24.681793357600636, 47.86040681767301 ], [ 24.689795235770486, 47.860149587518656 ], [ 24.689667695240004, 47.858354570146552 ], [ 24.695129759125649, 47.859977791504818 ], [ 24.695002035226285, 47.858182784878544 ] ] ], [ [ [ 24.390810241982027, 47.948538662760235 ], [ 24.387667663566504, 47.941435325238771 ], [ 24.38220573065637, 47.939797445553005 ], [ 24.381268066964761, 47.925432713748272 ], [ 24.37592500696363, 47.925590085015465 ], [ 24.37580803469951, 47.923794480178046 ], [ 24.365005554113885, 47.922312833177962 ], [ 24.362101179416481, 47.91879990504399 ], [ 24.356758697092186, 47.918956368400934 ], [ 24.356642415185949, 47.917160726103731 ], [ 24.351300071732954, 47.917316931524056 ], [ 24.351183985371474, 47.915521278673353 ], [ 24.345841780854631, 47.915677226183362 ], [ 24.345725890006367, 47.913881562796007 ], [ 24.343054862893254, 47.913959438624872 ], [ 24.340615249067231, 47.917628597910387 ], [ 24.332601513559698, 47.917861696281889 ], [ 24.332716966407169, 47.919657382452726 ], [ 24.32748951535682, 47.921608175969432 ], [ 24.327720108757127, 47.925199563856587 ], [ 24.322376780033007, 47.925354443159272 ], [ 24.322261662021187, 47.923558739908927 ], [ 24.316918472706458, 47.923713361292961 ], [ 24.316803550217241, 47.921917647591968 ], [ 24.314132030895397, 47.921994860365025 ], [ 24.314361702770434, 47.925586296660782 ], [ 24.317033406402885, 47.925509074221473 ], [ 24.317148351307928, 47.92730478637754 ], [ 24.314476555506754, 47.927382013650458 ], [ 24.3155107343471, 47.94354343180698 ], [ 24.312838097411252, 47.943620640496619 ], [ 24.3131827486792, 47.949007780480315 ], [ 24.337238567763762, 47.94831053578006 ], [ 24.337122842353207, 47.946514866867282 ], [ 24.339795562548019, 47.946437089557918 ], [ 24.339911380223569, 47.948232753602106 ], [ 24.363966182862796, 47.947529919286737 ], [ 24.364082842239156, 47.949325538560885 ], [ 24.374773939201734, 47.949011533456762 ], [ 24.374890979025466, 47.950807132297221 ], [ 24.382909458694616, 47.950570961615959 ], [ 24.383026786748218, 47.952366544893479 ], [ 24.393836010371714, 47.953846324168921 ], [ 24.393718301773198, 47.952050761438642 ], [ 24.39104544021707, 47.952129800461321 ], [ 24.393482919019746, 47.948459633631295 ], [ 24.390810241982027, 47.948538662760235 ] ] ], [ [ [ 24.396626765079173, 47.955562775086456 ], [ 24.396508952717394, 47.953767218090114 ], [ 24.393836010371714, 47.953846324168921 ], [ 24.393953730453315, 47.955641886116872 ], [ 24.396626765079173, 47.955562775086456 ] ] ], [ [ [ 24.401972799841513, 47.955404366690452 ], [ 24.399299788211557, 47.955483601944088 ], [ 24.399417704354505, 47.957279153201981 ], [ 24.402090808270753, 47.957199912988642 ], [ 24.401972799841513, 47.955404366690452 ] ] ], [ [ [ 24.41569312933343, 47.960393820746297 ], [ 24.415811633849767, 47.962189339832626 ], [ 24.418484945441705, 47.962109711991673 ], [ 24.418366348620783, 47.960314197889296 ], [ 24.41569312933343, 47.960393820746297 ] ] ], [ [ [ 24.55846858449911, 47.972245443867806 ], [ 24.558221614558978, 47.968654956720705 ], [ 24.560894854106426, 47.968572006208575 ], [ 24.560771294924258, 47.966776766620491 ], [ 24.558098147657681, 47.96685971194136 ], [ 24.557851249985191, 47.963269219971259 ], [ 24.555178275212615, 47.963352092812769 ], [ 24.554931610205724, 47.959761587255365 ], [ 24.552258807906245, 47.95984438763368 ], [ 24.552135585686077, 47.958049128468218 ], [ 24.549462863607172, 47.958131861577058 ], [ 24.54958599358676, 47.959927125920373 ], [ 24.541567478597724, 47.960174968223811 ], [ 24.541690343830854, 47.961970247275907 ], [ 24.53367144421302, 47.962217546206247 ], [ 24.533548855750745, 47.960422251677535 ], [ 24.522857191260098, 47.960751093594972 ], [ 24.522734983767918, 47.95895577768588 ], [ 24.520062130075843, 47.959037827783497 ], [ 24.519940026751676, 47.957242505940414 ], [ 24.514472561211193, 47.955611076689017 ], [ 24.514228783016307, 47.952020408496502 ], [ 24.500866062106894, 47.952429004242717 ], [ 24.500987484117754, 47.954224364310619 ], [ 24.495642128325908, 47.954387378217682 ], [ 24.49576337769582, 47.95618274769209 ], [ 24.485072155281888, 47.95650805077117 ], [ 24.482640931790016, 47.960180008744786 ], [ 24.474621802210667, 47.960423178175482 ], [ 24.474742348854459, 47.962218585927594 ], [ 24.448010231052166, 47.963025164067275 ], [ 24.445576052818272, 47.966696404395634 ], [ 24.440229096353018, 47.966856870470735 ], [ 24.440467871570732, 47.970447811558785 ], [ 24.443141540295223, 47.970367599544325 ], [ 24.443261037723367, 47.972163063884913 ], [ 24.445934787133147, 47.972082784710352 ], [ 24.446054388574364, 47.973878243237088 ], [ 24.448728218666563, 47.973797896895022 ], [ 24.448847924138782, 47.975593349603329 ], [ 24.451521834910487, 47.975512936086325 ], [ 24.454435549467991, 47.979023343329921 ], [ 24.465131767655823, 47.978700778868308 ], [ 24.465011484580284, 47.976905358000401 ], [ 24.467685417437284, 47.976824566567238 ], [ 24.467805792881073, 47.978619982378007 ], [ 24.491871490234715, 47.977890017360927 ], [ 24.491992708754466, 47.979685386688082 ], [ 24.502688636565257, 47.979359321650868 ], [ 24.502810236391301, 47.981154669773389 ], [ 24.51083233479493, 47.98090945313816 ], [ 24.510954223606689, 47.982704785115239 ], [ 24.516302414498146, 47.982540986378652 ], [ 24.516424499961353, 47.984336307305419 ], [ 24.521772827954326, 47.984172249709395 ], [ 24.521895110100402, 47.985967559568948 ], [ 24.532714655988816, 47.987433966469382 ], [ 24.535634487018854, 47.990942149774128 ], [ 24.540983386753588, 47.990777180801544 ], [ 24.541106363537654, 47.992572451391496 ], [ 24.543780887816542, 47.992489868494687 ], [ 24.543903969019347, 47.99428513311382 ], [ 24.546578573702543, 47.994202482879899 ], [ 24.549499734520627, 47.997710276608721 ], [ 24.552174500003506, 47.997627491678379 ], [ 24.551311075138756, 47.985060742437383 ], [ 24.553985181766517, 47.984977931623298 ], [ 24.55349169145385, 47.977796935119123 ], [ 24.556165416636638, 47.977714082903958 ], [ 24.555795148314726, 47.972328342646179 ], [ 24.55846858449911, 47.972245443867806 ] ] ], [ [ [ 24.490879908756465, 48.161422348156542 ], [ 24.485513003946707, 48.161585414271869 ], [ 24.48563478356844, 48.163380738173629 ], [ 24.4695332236927, 48.163868465994675 ], [ 24.469654455385815, 48.165663819650682 ], [ 24.475021876174509, 48.165501483742617 ], [ 24.475143306369489, 48.167296826437038 ], [ 24.486000193935176, 48.16876670510657 ], [ 24.485878378561193, 48.166971383591019 ], [ 24.491123853103698, 48.165012974736584 ], [ 24.490879908756465, 48.161422348156542 ] ] ], [ [ [ 24.143647926251724, 48.243411874431438 ], [ 24.146336592663335, 48.243338262034868 ], [ 24.14611611035447, 48.239746429810992 ], [ 24.148804578311154, 48.239672763864078 ], [ 24.148583951593427, 48.236080937860855 ], [ 24.15127222112805, 48.23600721837866 ], [ 24.153518605871856, 48.228749812053451 ], [ 24.158783711677554, 48.226806197640414 ], [ 24.158562486304113, 48.223214398083314 ], [ 24.161250056201521, 48.22314045997669 ], [ 24.161139366045262, 48.221344563699759 ], [ 24.16382683137731, 48.221270567492638 ], [ 24.163716058351632, 48.219474675097899 ], [ 24.166403419121025, 48.21940062079841 ], [ 24.166292563244205, 48.217604732289168 ], [ 24.168979819453646, 48.217530619905453 ], [ 24.168868880743972, 48.215734735285018 ], [ 24.171556032396161, 48.215660564825207 ], [ 24.171445010871913, 48.213864684096848 ], [ 24.176707896194834, 48.211920292148598 ], [ 24.176374367565924, 48.206532671075713 ], [ 24.173687705971744, 48.206606943699157 ], [ 24.173465595243702, 48.20301518322642 ], [ 24.170779110030107, 48.203089383850447 ], [ 24.170557230023164, 48.199497611054085 ], [ 24.167870921168195, 48.19957173969506 ], [ 24.167538463395175, 48.194184060897676 ], [ 24.164852424458463, 48.194258112931522 ], [ 24.16440967355442, 48.187074512066665 ], [ 24.158927838096137, 48.185426479672543 ], [ 24.158706923425363, 48.181834654669792 ], [ 24.153446344329847, 48.183778177386152 ], [ 24.153666906486137, 48.187370019379685 ], [ 24.148405568293146, 48.189313326174997 ], [ 24.14862582098171, 48.192905182117826 ], [ 24.145939799933419, 48.19297879080812 ], [ 24.146049848872082, 48.194774722262352 ], [ 24.143363723465033, 48.194848272886929 ], [ 24.143473689588166, 48.196644208197299 ], [ 24.140787459819684, 48.196717700748039 ], [ 24.140897343109053, 48.198513639911233 ], [ 24.138211008976437, 48.198587074379986 ], [ 24.138320809413788, 48.200383017392724 ], [ 24.13563437091436, 48.200456393771368 ], [ 24.135744088481424, 48.202252340630338 ], [ 24.133057545612509, 48.202325658910723 ], [ 24.133167180291043, 48.204121609612642 ], [ 24.130480533049955, 48.204194869786626 ], [ 24.130590084821691, 48.20599082432819 ], [ 24.127903333205769, 48.206064026387644 ], [ 24.125435331962329, 48.209729090913264 ], [ 24.120061400509673, 48.209875199809936 ], [ 24.117592660593779, 48.213540109814026 ], [ 24.112218290249526, 48.213685860680179 ], [ 24.112327239815084, 48.215481843504826 ], [ 24.106952639381319, 48.215627352587184 ], [ 24.107061412197968, 48.217423343782158 ], [ 24.101686581718887, 48.217568611045088 ], [ 24.10179517774608, 48.219364610595974 ], [ 24.096420117265925, 48.219509636003764 ], [ 24.096528536463104, 48.22130564389613 ], [ 24.088465584897552, 48.221522725052587 ], [ 24.088573733475918, 48.223318745803219 ], [ 24.091261488352746, 48.223246443632561 ], [ 24.091369741284357, 48.22504245910541 ], [ 24.088681892650133, 48.225114765807632 ], [ 24.08965580224956, 48.24127891226258 ], [ 24.095033177356456, 48.241134154472626 ], [ 24.095141630258446, 48.242930157940094 ], [ 24.100519150546962, 48.242785139906069 ], [ 24.103425395568802, 48.246304514113611 ], [ 24.108803227369037, 48.246159101105782 ], [ 24.108912181516629, 48.247955079575213 ], [ 24.111601175272654, 48.247882274311742 ], [ 24.111710233975014, 48.249678247469014 ], [ 24.114399310918301, 48.249605374837458 ], [ 24.114508474193755, 48.251401342678001 ], [ 24.117197634321617, 48.251328402670794 ], [ 24.117306902188488, 48.253124365190011 ], [ 24.119996145498266, 48.253051357799663 ], [ 24.120105517974878, 48.254847314992972 ], [ 24.12279484446389, 48.254774240211901 ], [ 24.12290432156858, 48.256570192074719 ], [ 24.125593731234151, 48.256497049895415 ], [ 24.125703312985241, 48.258292996423172 ], [ 24.128392805824685, 48.258219786838069 ], [ 24.128502492240507, 48.260015728026175 ], [ 24.131192068251153, 48.259942451027747 ], [ 24.131301859350039, 48.261738386871613 ], [ 24.133991518529193, 48.261665042452293 ], [ 24.13690115719449, 48.265183486241291 ], [ 24.139590982702597, 48.265110006957556 ], [ 24.139040618276045, 48.256130396752681 ], [ 24.14172996336308, 48.256056877679285 ], [ 24.14128949044013, 48.248873194402449 ], [ 24.143978449199686, 48.248799630960761 ], [ 24.143647926251724, 48.243411874431438 ] ] ], [ [ [ 24.188108417336224, 48.351921334339842 ], [ 24.190802671563549, 48.351846557629393 ], [ 24.190578223734516, 48.348254947915798 ], [ 24.187884158243484, 48.348329715250145 ], [ 24.187659943166217, 48.344738093125947 ], [ 24.184966055373486, 48.344812788085001 ], [ 24.184630098246657, 48.339425335161458 ], [ 24.181936482450254, 48.339499953083269 ], [ 24.181489070625577, 48.332316653193715 ], [ 24.178795821044783, 48.332391189431029 ], [ 24.178572369518161, 48.328799525594171 ], [ 24.175879297518062, 48.328873989519188 ], [ 24.175767682455575, 48.327078151796407 ], [ 24.170270278520572, 48.325431033614386 ], [ 24.170827465902086, 48.334410265069373 ], [ 24.168134078230899, 48.334484554060865 ], [ 24.168579647751674, 48.341667944240854 ], [ 24.165885871893696, 48.341742188868146 ], [ 24.166219880794358, 48.347129737528753 ], [ 24.163525810967052, 48.34720393311278 ], [ 24.163748349466346, 48.350795637744469 ], [ 24.161054079974235, 48.350869779615046 ], [ 24.15880425243763, 48.358127295840447 ], [ 24.169582818937236, 48.357830527902649 ], [ 24.169471311705742, 48.356034688299069 ], [ 24.17755483845184, 48.355811464498821 ], [ 24.177443058966791, 48.354015638134541 ], [ 24.188220563391837, 48.353717142746703 ], [ 24.188108417336224, 48.351921334339842 ] ] ], [ [ [ 24.156109583516482, 48.358201330238863 ], [ 24.156220629577252, 48.359997192336671 ], [ 24.158915392924509, 48.359923153296016 ], [ 24.15880425243763, 48.358127295840447 ], [ 24.156109583516482, 48.358201330238863 ] ] ], [ [ [ 23.890716634682686, 48.723147164142837 ], [ 23.892812873390774, 48.712301852091052 ], [ 23.895527059878695, 48.712233618226108 ], [ 23.895320769795447, 48.70864124887342 ], [ 23.898034753389883, 48.708572959722055 ], [ 23.897828311357735, 48.704980596043768 ], [ 23.900542092092262, 48.704912251621352 ], [ 23.902842330361693, 48.697659141632712 ], [ 23.905555705477116, 48.697590686714328 ], [ 23.905452251636994, 48.695794513767375 ], [ 23.908165520262589, 48.695725999321141 ], [ 23.907958450680816, 48.69213365985194 ], [ 23.910671516560541, 48.692065090192756 ], [ 23.910360700089807, 48.686676588452883 ], [ 23.907647922929179, 48.686745145194031 ], [ 23.90744095549373, 48.683152798452895 ], [ 23.904728360555076, 48.683221282784984 ], [ 23.904418274555621, 48.677832744318273 ], [ 23.901705958001259, 48.67790115196172 ], [ 23.901293037398666, 48.670716406649483 ], [ 23.89858109530967, 48.67078473333941 ], [ 23.897653484402756, 48.654618975288273 ], [ 23.894942397068483, 48.65468719963642 ], [ 23.894736565219656, 48.65109479240482 ], [ 23.897447460451694, 48.651026576624332 ], [ 23.896520855375837, 48.634860746705606 ], [ 23.899230876467705, 48.634792505772083 ], [ 23.89881893212285, 48.627607690741002 ], [ 23.901528559316656, 48.62753940326823 ], [ 23.901219419944958, 48.62215079723326 ], [ 23.903928749274559, 48.622082458958396 ], [ 23.903722515391941, 48.6184900598845 ], [ 23.906431642802556, 48.618421666535497 ], [ 23.906225257860303, 48.614829273142973 ], [ 23.908934183385298, 48.614760824735058 ], [ 23.911229684265095, 48.607507551565512 ], [ 23.916543198024435, 48.605574187492174 ], [ 23.916336189119644, 48.601981818337848 ], [ 23.919044403206879, 48.601913145536514 ], [ 23.918940818283026, 48.600116964178589 ], [ 23.921648926391747, 48.600048232076837 ], [ 23.921545255914943, 48.598252054305505 ], [ 23.92425325804771, 48.598183262911547 ], [ 23.924149502036755, 48.596387088730211 ], [ 23.926857398196155, 48.596318238052319 ], [ 23.926753556669848, 48.594522067464339 ], [ 23.929461346858453, 48.594453157510763 ], [ 23.9293574198356, 48.592656990519529 ], [ 23.932065104055987, 48.592588021298525 ], [ 23.931961091555383, 48.590791857907469 ], [ 23.93466866981014, 48.590722829427264 ], [ 23.934564571850562, 48.588926669639719 ], [ 23.937272044142272, 48.588857581908591 ], [ 23.939770958252605, 48.585196126183902 ], [ 23.945185468717685, 48.585057650193086 ], [ 23.947683627678117, 48.581396035592732 ], [ 23.953097693705935, 48.581257195593103 ], [ 23.952992977430117, 48.579461062588976 ], [ 23.950286045220775, 48.579530510011615 ], [ 23.949344923208923, 48.563365240818179 ], [ 23.946638841141468, 48.563434585494704 ], [ 23.946534419076134, 48.561638436463205 ], [ 23.949240405585176, 48.561569096139102 ], [ 23.948300210000124, 48.54540376111413 ], [ 23.951005326623768, 48.545334396462955 ], [ 23.950587347492348, 48.538149801515644 ], [ 23.953292072032927, 48.538080390807387 ], [ 23.95297840944076, 48.532691949983153 ], [ 23.955682837444332, 48.532622488886162 ], [ 23.95547358972534, 48.529030200062344 ], [ 23.958177816649854, 48.528960684235791 ], [ 23.957968419380567, 48.525368401208461 ], [ 23.960672445259259, 48.525298830667595 ], [ 23.962957027204006, 48.518044656784951 ], [ 23.968259241414035, 48.516109105457168 ], [ 23.968049225946721, 48.512516847138905 ], [ 23.970752543259181, 48.512447053513661 ], [ 23.970647455740664, 48.510650927633947 ], [ 23.97335066742755, 48.510581074984032 ], [ 23.973245494975803, 48.508784952753857 ], [ 23.975948601039708, 48.50871504108747 ], [ 23.975843343673418, 48.506918922510188 ], [ 23.97854634411695, 48.5068489518356 ], [ 23.978441001854769, 48.505052836914551 ], [ 23.981143896680539, 48.504982807239962 ], [ 23.981038469541161, 48.503186695978577 ], [ 23.983741258751763, 48.503116607312187 ], [ 23.983635746753848, 48.501320499713778 ], [ 23.986338430351896, 48.501250352063856 ], [ 23.986232833514116, 48.499454248131812 ], [ 23.988935411502229, 48.499384041506559 ], [ 23.991426435762495, 48.495721579062646 ], [ 23.996831158900193, 48.495580866593102 ], [ 23.999321432030957, 48.491918246419473 ], [ 24.004725711879221, 48.491777171457564 ], [ 24.004619500790525, 48.489981094759251 ], [ 24.010023548516109, 48.489839775237655 ], [ 24.009917157567617, 48.488043706668513 ], [ 24.015320973125089, 48.487902142623192 ], [ 24.015214402358048, 48.486106082197871 ], [ 24.020617985702007, 48.485964273664734 ], [ 24.020511235157638, 48.484168221397802 ], [ 24.028616246012252, 48.483955046915952 ], [ 24.02850922061587, 48.482159007284217 ], [ 24.039315373872991, 48.481873905836885 ], [ 24.039207978589733, 48.480077883351747 ], [ 24.063520348682346, 48.479432740885343 ], [ 24.063412108193116, 48.477636758133066 ], [ 24.066113334462418, 48.477564763547974 ], [ 24.066221670030348, 48.479360741783331 ], [ 24.090533081547477, 48.478709900589664 ], [ 24.090642283502639, 48.480505837246831 ], [ 24.096044891649786, 48.480360500290566 ], [ 24.095935499546819, 48.478564572751083 ], [ 24.093234295921459, 48.4786372683267 ], [ 24.093015734106455, 48.475045401882646 ], [ 24.09031470985369, 48.475118025032835 ], [ 24.090096381106324, 48.471526146486184 ], [ 24.087395536203633, 48.471598697227442 ], [ 24.08706840864372, 48.466210860148863 ], [ 24.084367838080709, 48.466283333950955 ], [ 24.084476774866197, 48.468079284937595 ], [ 24.079075411587411, 48.468224051762192 ], [ 24.079184169038633, 48.470020011084266 ], [ 24.073782572931599, 48.4701645338071 ], [ 24.073891151007295, 48.471960501450042 ], [ 24.065788391678204, 48.472176824374259 ], [ 24.06589669528768, 48.473972804843434 ], [ 24.05509248691255, 48.474260367203712 ], [ 24.055200420925186, 48.476056364969793 ], [ 24.030889476419119, 48.476699716977727 ], [ 24.030996565326916, 48.478495754365028 ], [ 24.028295201401018, 48.478566925799967 ], [ 24.028188207579898, 48.476770883947502 ], [ 24.003876315634368, 48.477408537221379 ], [ 24.003770188091291, 48.475612454623366 ], [ 23.992965011344442, 48.475894191976145 ], [ 23.992859274571348, 48.47409809096483 ], [ 23.984755568041383, 48.474308715869249 ], [ 23.984650126902324, 48.472512600907386 ], [ 23.973740369571804, 48.470996396787932 ], [ 23.973950480853777, 48.474588662573204 ], [ 23.971249183199763, 48.474658490941266 ], [ 23.971459145615416, 48.478250762553714 ], [ 23.968757647434163, 48.478320536352513 ], [ 23.968967460916758, 48.481912813786515 ], [ 23.96626576217513, 48.481982533000831 ], [ 23.963983042738803, 48.489236769925647 ], [ 23.958683415333265, 48.491172078729257 ], [ 23.958892611833107, 48.494764380857951 ], [ 23.956190205724344, 48.49483387722109 ], [ 23.956294724205502, 48.496630031547902 ], [ 23.953592212607052, 48.496699468896459 ], [ 23.953696646155493, 48.498495626848545 ], [ 23.950994029064766, 48.498565005174306 ], [ 23.951098377661843, 48.500361166748284 ], [ 23.948395655076244, 48.500430486043037 ], [ 23.948499918703284, 48.50222665123551 ], [ 23.945797090620257, 48.502295911491053 ], [ 23.945901269258581, 48.504092080298655 ], [ 23.94319833567554, 48.504161281506725 ], [ 23.943302429306474, 48.505957453926094 ], [ 23.940599390220839, 48.506026596078485 ], [ 23.940703398825722, 48.507822772106259 ], [ 23.938000254234918, 48.507891855194742 ], [ 23.93550476619324, 48.511553242078293 ], [ 23.930098044765458, 48.511691108537704 ], [ 23.92760180455393, 48.515352336872596 ], [ 23.922194640707055, 48.515489840108081 ], [ 23.922298033252012, 48.517286042756588 ], [ 23.916890638049573, 48.517423300913983 ], [ 23.916993850097864, 48.519219511448355 ], [ 23.911586223585722, 48.519356524491805 ], [ 23.91168925509611, 48.521152742897371 ], [ 23.906281397320154, 48.521289510791021 ], [ 23.90638424825141, 48.523085737053087 ], [ 23.898272099597587, 48.52329042595008 ], [ 23.898374674534271, 48.525086664332186 ], [ 23.887557953516257, 48.52535871171473 ], [ 23.887660157003452, 48.527154966445551 ], [ 23.863321088556543, 48.52776339933628 ], [ 23.863422443466234, 48.52955969153026 ], [ 23.860717957106729, 48.529626982117726 ], [ 23.860616697607632, 48.527830685700529 ], [ 23.847094593533853, 48.528166165607487 ], [ 23.847396970583556, 48.533555115868452 ], [ 23.850101697556351, 48.53348813419997 ], [ 23.850303522776873, 48.537080755698341 ], [ 23.847598604904807, 48.537147745775606 ], [ 23.848304637801785, 48.549721927767493 ], [ 23.851010224116337, 48.549654908250247 ], [ 23.851111221221831, 48.55145121287584 ], [ 23.85381689311907, 48.551384125637533 ], [ 23.853917995708553, 48.55318042533149 ], [ 23.856623753185957, 48.553113270364456 ], [ 23.856724961278157, 48.554909565122166 ], [ 23.862238046577144, 48.556571341788121 ], [ 23.862440894874034, 48.560163910809258 ], [ 23.867954734710398, 48.56182539739001 ], [ 23.868158025324036, 48.565417945156554 ], [ 23.870864401846248, 48.565350442956976 ], [ 23.871067923730632, 48.568942979358745 ], [ 23.873774481447178, 48.5688754051342 ], [ 23.873978234684955, 48.572467930160748 ], [ 23.876684973618918, 48.572400283894709 ], [ 23.87688895829276, 48.575992797535562 ], [ 23.879595878467246, 48.575925079211501 ], [ 23.879902217846347, 48.581313831492928 ], [ 23.882609414959386, 48.581246036838614 ], [ 23.883018391130005, 48.588431012722005 ], [ 23.885725960960329, 48.588363137450578 ], [ 23.886647608755609, 48.604529252463976 ], [ 23.889356030312765, 48.604461275204542 ], [ 23.889458581896072, 48.606257502315522 ], [ 23.886750064534954, 48.606325483842838 ], [ 23.887672621130587, 48.622491533643831 ], [ 23.884963231000373, 48.622559489929117 ], [ 23.885373135301698, 48.629744399178563 ], [ 23.882663351411885, 48.629812308850269 ], [ 23.882970597898524, 48.635200995973285 ], [ 23.880260516065466, 48.635268854742733 ], [ 23.880465205609024, 48.638861317725812 ], [ 23.877754921737669, 48.638929121313566 ], [ 23.878368656573354, 48.649706518436773 ], [ 23.875657786541066, 48.649774283846241 ], [ 23.876066760666699, 48.656959217809643 ], [ 23.873355496307212, 48.65702693649758 ], [ 23.873662044526714, 48.662415642131663 ], [ 23.870950481802755, 48.662483309820786 ], [ 23.871154705448337, 48.666075785126409 ], [ 23.86844294041142, 48.666143397548694 ], [ 23.868647012075776, 48.669735878454773 ], [ 23.865935044692463, 48.669803435594872 ], [ 23.863630562042434, 48.677055916028088 ], [ 23.858307514082473, 48.678986998724319 ], [ 23.858510957066052, 48.682579503418367 ], [ 23.855798276188899, 48.682646835047194 ], [ 23.855899916511753, 48.684443090540576 ], [ 23.853187129378053, 48.684510362588576 ], [ 23.853288683494387, 48.686306621585729 ], [ 23.850575790101615, 48.686373834044645 ], [ 23.850677257992512, 48.688170096542137 ], [ 23.847964258338127, 48.688237249403713 ], [ 23.848065639984657, 48.690033515398149 ], [ 23.845352534066134, 48.69010060865407 ], [ 23.845453829449365, 48.691896878142039 ], [ 23.842740617264173, 48.691963911784036 ], [ 23.84284182636517, 48.693760184762112 ], [ 23.840128507910784, 48.693827158781914 ], [ 23.84022963071061, 48.695623435246667 ], [ 23.837516205984507, 48.69569034963601 ], [ 23.83500466160455, 48.69934976776247 ], [ 23.829577377095074, 48.699483294122658 ], [ 23.829678144553746, 48.701279585218515 ], [ 23.826964391050307, 48.701346256815278 ], [ 23.827065072121304, 48.703142551380438 ], [ 23.821637342637917, 48.703275711380996 ], [ 23.821737840955564, 48.705072013592194 ], [ 23.827165763131124, 48.704938845227282 ], [ 23.830081313871542, 48.708464742415948 ], [ 23.835509561804255, 48.708331174113994 ], [ 23.835610571752294, 48.710127453226647 ], [ 23.838324777135675, 48.710060569074834 ], [ 23.838425893434358, 48.711856843266858 ], [ 23.841140185213039, 48.711789891039935 ], [ 23.841241407881345, 48.713586160306726 ], [ 23.843955786052785, 48.71351913999699 ], [ 23.844057115109663, 48.715315404333928 ], [ 23.846771579671348, 48.715248315933636 ], [ 23.84687301513577, 48.717044575336125 ], [ 23.849587566085159, 48.71697741883758 ], [ 23.849689107976094, 48.718773673300966 ], [ 23.852403745310667, 48.718706448696437 ], [ 23.852505393647071, 48.720502698216144 ], [ 23.855220117364276, 48.720435405497916 ], [ 23.855321872165131, 48.722231650069332 ], [ 23.860853440021575, 48.723893099879348 ], [ 23.861057385664008, 48.727485568479153 ], [ 23.863772464966182, 48.727418067133407 ], [ 23.863874549354072, 48.729214296109802 ], [ 23.86658971503692, 48.729146726615177 ], [ 23.866794107006836, 48.732739173911014 ], [ 23.872327198080775, 48.734400040256467 ], [ 23.872532036618747, 48.73799246620883 ], [ 23.875247654427099, 48.737924683705728 ], [ 23.875452726465799, 48.741517098247769 ], [ 23.87816852718289, 48.741449243293786 ], [ 23.881295355746349, 48.748566110683235 ], [ 23.886624710959715, 48.746633859988236 ], [ 23.885698457941597, 48.730468144947892 ], [ 23.888413639093599, 48.730400059929501 ], [ 23.888001849475476, 48.723215295947497 ], [ 23.890716634682686, 48.723147164142837 ] ] ], [ [ [ 23.886727678794056, 48.748430046923502 ], [ 23.884011522351042, 48.748498110777604 ], [ 23.88432019716123, 48.753886680062138 ], [ 23.887036643329296, 48.753818603379074 ], [ 23.886727678794056, 48.748430046923502 ] ] ], [ [ [ 23.672604150725004, 48.865118863925083 ], [ 23.68077297402289, 48.864929095432608 ], [ 23.680676954445449, 48.863132630591963 ], [ 23.677954120082312, 48.863195947017758 ], [ 23.677858207243016, 48.861399477493769 ], [ 23.675135460623771, 48.861462725705358 ], [ 23.675039654503436, 48.859666251502588 ], [ 23.672316995630506, 48.859729431507795 ], [ 23.672221296209951, 48.85793295263089 ], [ 23.669498725085734, 48.857996064437437 ], [ 23.669403132345764, 48.856199580890987 ], [ 23.666680648972665, 48.856262624506712 ], [ 23.663767387838227, 48.852732618856287 ], [ 23.658322762682737, 48.852858369154006 ], [ 23.658417947728079, 48.854654869931075 ], [ 23.650250647783935, 48.854843025571782 ], [ 23.650440462858043, 48.858436048681668 ], [ 23.653163100004665, 48.858373386479357 ], [ 23.653448184783429, 48.863762904075351 ], [ 23.656171104237558, 48.863700165811032 ], [ 23.656551738055253, 48.87088616368947 ], [ 23.659275037170111, 48.870823345387876 ], [ 23.659179767303623, 48.869026850918324 ], [ 23.664626142668403, 48.868901029452303 ], [ 23.664530687686817, 48.867104542191704 ], [ 23.672699888038114, 48.866915339993007 ], [ 23.672604150725004, 48.865118863925083 ] ] ], [ [ [ 26.643617431869604, 50.807495477956714 ], [ 26.640793833146638, 50.807632469551045 ], [ 26.641009992790696, 50.809421583605314 ], [ 26.643833698313099, 50.809284583332797 ], [ 26.643617431869604, 50.807495477956714 ] ] ], [ [ [ 27.100336161171242, 51.106610055130758 ], [ 27.100099977512354, 51.104822507918115 ], [ 27.102939299364728, 51.104673788022758 ], [ 27.102703031613775, 51.102886248907247 ], [ 27.108144926231795, 51.100801100511397 ], [ 27.106962988700918, 51.091863472572648 ], [ 27.109801480518687, 51.091714612876899 ], [ 27.108855933002744, 51.084564524211729 ], [ 27.111693968042356, 51.084415633689609 ], [ 27.110984736869291, 51.079053081469411 ], [ 27.113822423405455, 51.078904150700637 ], [ 27.11334950732369, 51.075329128084654 ], [ 27.116186953523584, 51.075180147642563 ], [ 27.115713918033002, 51.071605138565971 ], [ 27.11855112394214, 51.071456108466201 ], [ 27.120441660667961, 51.064157051203949 ], [ 27.123278386132188, 51.064007921835753 ], [ 27.123041677377664, 51.062220438287817 ], [ 27.125878270659634, 51.062071249849502 ], [ 27.125404709802968, 51.058496297649455 ], [ 27.128241062951311, 51.058347059613155 ], [ 27.128004210878458, 51.056559590963381 ], [ 27.130840431871601, 51.056410293878983 ], [ 27.130603496073991, 51.054622833353079 ], [ 27.13343958491842, 51.05447347722977 ], [ 27.133202565417729, 51.052686024830692 ], [ 27.136038522119936, 51.052536609677716 ], [ 27.135801418937845, 51.050749165408405 ], [ 27.141235749099692, 51.048662721913715 ], [ 27.140761232385994, 51.045087864566796 ], [ 27.137925755691185, 51.045237378792102 ], [ 27.13768864155524, 51.043449938622665 ], [ 27.134853248486582, 51.043599374894526 ], [ 27.134616266426825, 51.041811923907424 ], [ 27.131780956990799, 51.041961282233778 ], [ 27.131544106985579, 51.040173820434831 ], [ 27.128708881188675, 51.040323100823535 ], [ 27.128472163216337, 51.038535628218597 ], [ 27.125637021065035, 51.038684830677575 ], [ 27.12540043510392, 51.036897347272465 ], [ 27.12256537660469, 51.037046471809596 ], [ 27.122328922633169, 51.035258977610127 ], [ 27.119493947792481, 51.035408024233334 ], [ 27.119257625788897, 51.033620519245332 ], [ 27.113351737051733, 51.032130863010813 ], [ 27.112879644902769, 51.028555808578112 ], [ 27.106974594373039, 51.027065799035867 ], [ 27.106503077937973, 51.023490698860542 ], [ 27.103668737019106, 51.023639337186104 ], [ 27.103197532400106, 51.02006421282465 ], [ 27.100363382905584, 51.020212763876494 ], [ 27.099892489996801, 51.016637615343988 ], [ 27.097058531907081, 51.016786079140736 ], [ 27.096587950602697, 51.013210906452287 ], [ 27.093754183898199, 51.013359283012534 ], [ 27.093048815210373, 51.007996485770619 ], [ 27.087381855886377, 51.008292977251024 ], [ 27.088321533951913, 51.015443446095439 ], [ 27.08548758750706, 51.015591626793146 ], [ 27.086192274843452, 51.020954492636115 ], [ 27.083357981188822, 51.021102633078499 ], [ 27.083827677205338, 51.024677889105568 ], [ 27.08099314402153, 51.024825979883403 ], [ 27.081462720435404, 51.028401249368841 ], [ 27.078627947677106, 51.028549290466465 ], [ 27.076731729049502, 51.035847861199613 ], [ 27.071295689741376, 51.037931341059867 ], [ 27.071764739134405, 51.041506666996575 ], [ 27.068929115524835, 51.041654499843418 ], [ 27.069398044987192, 51.045229839219203 ], [ 27.066562181601352, 51.045377622310511 ], [ 27.067499896374457, 51.052528322627929 ], [ 27.064663577256734, 51.052676074684676 ], [ 27.065601243560486, 51.059826791261088 ], [ 27.068437994628876, 51.059679001722515 ], [ 27.068907187625815, 51.063254333309203 ], [ 27.071744130747788, 51.063106456477655 ], [ 27.072213635769582, 51.066681763999576 ], [ 27.075050770964836, 51.066533799856373 ], [ 27.07552058811762, 51.070109083298433 ], [ 27.078357915405864, 51.069961031824953 ], [ 27.079063145547288, 51.075323918850891 ], [ 27.081900773036978, 51.075175770633365 ], [ 27.082841848958456, 51.082326230461369 ], [ 27.085679884846158, 51.082177976066703 ], [ 27.087799687479347, 51.098266348152542 ], [ 27.090638672911652, 51.098117940478375 ], [ 27.090874435257316, 51.099905521301139 ], [ 27.088035341590491, 51.100053938389067 ], [ 27.089921442671727, 51.114354612293518 ], [ 27.092761402606467, 51.114206119869763 ], [ 27.092289515959877, 51.110630978231306 ], [ 27.095129235123114, 51.110482435990392 ], [ 27.094893219713651, 51.108694872592345 ], [ 27.100336161171242, 51.106610055130758 ] ] ], [ [ [ 27.071199243701574, 51.145930007514124 ], [ 27.071670095277959, 51.149505267897553 ], [ 27.066220841007031, 51.151588951637052 ], [ 27.066926719989862, 51.156951884615687 ], [ 27.064083999946476, 51.157099837403912 ], [ 27.06526040375919, 51.166038079413539 ], [ 27.070946906139298, 51.165742011128614 ], [ 27.070711359856457, 51.163954384172285 ], [ 27.073554466204698, 51.163806256232782 ], [ 27.073083228727977, 51.160231017130378 ], [ 27.075926093667807, 51.160082839206673 ], [ 27.074041239984883, 51.145781904794994 ], [ 27.071199243701574, 51.145930007514124 ] ] ], [ [ [ 29.285981718341539, 51.171360827480754 ], [ 29.288811446594384, 51.171158963711626 ], [ 29.28816919792963, 51.167601122101445 ], [ 29.282510134923797, 51.168004730773099 ], [ 29.282189272769315, 51.166225781486723 ], [ 29.273700752631981, 51.166830647220266 ], [ 29.273380242805533, 51.165051657741664 ], [ 29.267721279106727, 51.165454536736746 ], [ 29.267401015031769, 51.163675519825098 ], [ 29.261742133846681, 51.164078101887263 ], [ 29.261422115494227, 51.162299057563274 ], [ 29.249784828397626, 51.161324259255352 ], [ 29.249465301403283, 51.15954516016901 ], [ 29.246636001152734, 51.159746039798634 ], [ 29.246316613257207, 51.157966926044736 ], [ 29.240658128176769, 51.158368456323082 ], [ 29.240338985889615, 51.156589315230548 ], [ 29.237509801083238, 51.156789965889068 ], [ 29.237190797846701, 51.155010810146727 ], [ 29.234361687053383, 51.155211380267261 ], [ 29.234042822846433, 51.15343220988138 ], [ 29.231213786074836, 51.153632699471373 ], [ 29.23089506087647, 51.151853514448263 ], [ 29.22806609813524, 51.152053923515211 ], [ 29.227747511924466, 51.150274723861159 ], [ 29.224918623222287, 51.150475052412517 ], [ 29.224600175978058, 51.148695838133762 ], [ 29.221771361323576, 51.148896086176997 ], [ 29.218306143052661, 51.145537781313244 ], [ 29.21296673396095, 51.147717156338047 ], [ 29.213602743955139, 51.151275687993675 ], [ 29.210773693076284, 51.151475677223679 ], [ 29.211409619653534, 51.155034226271155 ], [ 29.208580323288015, 51.15523417288756 ], [ 29.209216166390171, 51.158792739324696 ], [ 29.206386624489184, 51.158992643312729 ], [ 29.206704488071431, 51.16077193620815 ], [ 29.209534136554971, 51.160572019592827 ], [ 29.213000003390206, 51.163930564453743 ], [ 29.224318995970744, 51.163129846387413 ], [ 29.2246375963988, 51.164909057540008 ], [ 29.2331268196229, 51.164307768143104 ], [ 29.233445772314347, 51.166086939342087 ], [ 29.239105305088103, 51.165685714947934 ], [ 29.239424503483868, 51.167464858827771 ], [ 29.245084119278676, 51.1670633375102 ], [ 29.245403563407798, 51.168842454050164 ], [ 29.25704273356078, 51.169817609741855 ], [ 29.25736266924368, 51.17159667153976 ], [ 29.260192617693338, 51.171395499381482 ], [ 29.260512692597526, 51.173174546488319 ], [ 29.266172704795082, 51.17277197306354 ], [ 29.266493025546865, 51.174550992756785 ], [ 29.269323089271172, 51.174349591480492 ], [ 29.269643549292486, 51.176128596464956 ], [ 29.272473686955227, 51.175927114565717 ], [ 29.272794286267086, 51.177706104835103 ], [ 29.275624497859557, 51.177504542305492 ], [ 29.279096399952497, 51.180860835506287 ], [ 29.284435994873164, 51.178678384639937 ], [ 29.285981718341539, 51.171360827480754 ] ] ], [ [ [ 27.000691514947597, 51.460955888551005 ], [ 26.997829598712329, 51.461102846881985 ], [ 26.997359247766504, 51.457527289571807 ], [ 27.000220942860512, 51.45738034993758 ], [ 26.998104567419897, 51.441290360910131 ], [ 27.000965243732754, 51.441143435870679 ], [ 27.000024820019043, 51.433992332743955 ], [ 26.997164585438679, 51.434139220407133 ], [ 26.996929650417222, 51.432351431987499 ], [ 26.994069502059038, 51.432498240825282 ], [ 26.993834701617853, 51.430710441751124 ], [ 26.990974639488421, 51.430857171771621 ], [ 26.990739973605162, 51.429069362048814 ], [ 26.987879997711023, 51.429216013260067 ], [ 26.987645466363343, 51.427428192894531 ], [ 26.984785576711033, 51.427574765304641 ], [ 26.984551179876608, 51.425786934302273 ], [ 26.978597396980074, 51.424292001117884 ], [ 26.978129165326528, 51.420716295288805 ], [ 26.972176241164266, 51.419221005832377 ], [ 26.968382028711474, 51.41221564010597 ], [ 26.962430514618948, 51.410719806550055 ], [ 26.962663922440825, 51.412507714461661 ], [ 26.9569457200862, 51.412799511033754 ], [ 26.957178931305144, 51.414587436195447 ], [ 26.948601116850835, 51.415024637990165 ], [ 26.948834021077943, 51.416812589651848 ], [ 26.937396158262619, 51.417394589987332 ], [ 26.937628645046313, 51.419182577361866 ], [ 26.931909349305009, 51.419473179216304 ], [ 26.932141639269592, 51.421261183772891 ], [ 26.935001409476065, 51.421115908342109 ], [ 26.935233833739225, 51.422903902357326 ], [ 26.941186192115552, 51.424401098789829 ], [ 26.941651601924701, 51.427977043316332 ], [ 26.947604819605001, 51.429473883863537 ], [ 26.948070814919934, 51.43304978353077 ], [ 26.950931238236574, 51.432904095876829 ], [ 26.951397550420534, 51.436479971788408 ], [ 26.954258170639907, 51.436334196089497 ], [ 26.954724799801859, 51.439910048230196 ], [ 26.957585616944517, 51.439764184467379 ], [ 26.958052563193455, 51.443340012821906 ], [ 26.960913577279928, 51.443194060976232 ], [ 26.961614508536485, 51.448557765842928 ], [ 26.964475830113262, 51.448411716604802 ], [ 26.965411184245607, 51.455563267600603 ], [ 26.968272923950103, 51.455417111640948 ], [ 26.970145673591038, 51.469720076342071 ], [ 26.990183369985367, 51.46869451544643 ], [ 26.989948417367959, 51.466906714695249 ], [ 27.001632949973626, 51.468106949949458 ], [ 27.000691514947597, 51.460955888551005 ] ] ], [ [ [ 28.027533164424256, 51.466674465819771 ], [ 28.033245916673916, 51.466330240414514 ], [ 28.032694641900616, 51.46276206549318 ], [ 28.02983849931065, 51.462934190923903 ], [ 28.029563014088321, 51.461150090130765 ], [ 28.020994745489194, 51.461666018687204 ], [ 28.021545086154681, 51.465234284186089 ], [ 28.018688720664773, 51.465406143869458 ], [ 28.016932469915734, 51.47271453346287 ], [ 28.019789302592095, 51.472542699317252 ], [ 28.019514114680952, 51.470758562854705 ], [ 28.025227475668739, 51.470414708827633 ], [ 28.027533164424256, 51.466674465819771 ] ] ], [ [ [ 28.014350605648037, 51.47467045509692 ], [ 28.017207576364619, 51.474498679236497 ], [ 28.016932469915734, 51.47271453346287 ], [ 28.01407560895781, 51.472886298416718 ], [ 28.014350605648037, 51.47467045509692 ] ] ], [ [ [ 29.259077507284434, 51.483195604005324 ], [ 29.26192668814469, 51.482993523271645 ], [ 29.264128269090897, 51.479233504161179 ], [ 29.269826030822053, 51.478829050630551 ], [ 29.269502080279473, 51.477050138375049 ], [ 29.272350802854426, 51.476847821452715 ], [ 29.270407146168001, 51.466174382703315 ], [ 29.2732551849118, 51.465972074003552 ], [ 29.272607348146817, 51.462414270676668 ], [ 29.275455136912139, 51.46221191898735 ], [ 29.275131159950458, 51.460433027127927 ], [ 29.26658801921333, 51.461039837975186 ], [ 29.266264400548259, 51.459260905700987 ], [ 29.26056902428736, 51.459665077676881 ], [ 29.260245655517455, 51.457886117817779 ], [ 29.254550363439435, 51.458289989823555 ], [ 29.254227244535098, 51.456511002400603 ], [ 29.242514044259675, 51.455538831619094 ], [ 29.24219142499761, 51.453759789131468 ], [ 29.239343922057508, 51.453961309539984 ], [ 29.239021444211296, 51.452182252303771 ], [ 29.233326555921803, 51.452585061827961 ], [ 29.233004327824489, 51.450805977102547 ], [ 29.230156942499164, 51.451007266228132 ], [ 29.22983485576842, 51.44922816677208 ], [ 29.226987545788159, 51.449429374566023 ], [ 29.226665600402495, 51.447650260385721 ], [ 29.223818365776175, 51.447851386855575 ], [ 29.223496561714114, 51.446072257957404 ], [ 29.220649402450594, 51.446273303110715 ], [ 29.217159134319502, 51.442915965030615 ], [ 29.21146508436513, 51.443317661534266 ], [ 29.2127505012154, 51.450434384622163 ], [ 29.215597976050329, 51.450233519805636 ], [ 29.216241098850315, 51.453791844025623 ], [ 29.213393407254966, 51.453992734275914 ], [ 29.216288115848847, 51.470005209575625 ], [ 29.213439415311875, 51.470206145678468 ], [ 29.21472637589159, 51.477322800689883 ], [ 29.211877208305257, 51.477523719023651 ], [ 29.212842449498684, 51.482861227623864 ], [ 29.209992923247771, 51.48306211544719 ], [ 29.21063636517987, 51.486620470040869 ], [ 29.207786588759387, 51.486821314616265 ], [ 29.208429945445474, 51.490379686717652 ], [ 29.205579918805316, 51.49058048803019 ], [ 29.205901538002124, 51.492359683824326 ], [ 29.231551566646758, 51.490549884303697 ], [ 29.231874196471967, 51.492328963505038 ], [ 29.25499637289742, 51.492494454663571 ], [ 29.254349342648741, 51.488936502589013 ], [ 29.257198915496765, 51.488734520813075 ], [ 29.256551800822837, 51.485176586322716 ], [ 29.259401123393452, 51.484974561457591 ], [ 29.259077507284434, 51.483195604005324 ] ] ], [ [ [ 28.24500914530412, 51.583035323753229 ], [ 28.242146798172275, 51.583212911708877 ], [ 28.241291930718585, 51.577863198917214 ], [ 28.23842988489486, 51.578040683677351 ], [ 28.237290912994474, 51.570907664819266 ], [ 28.234429278580791, 51.571085035150048 ], [ 28.233575687824576, 51.565735219691113 ], [ 28.230714354560472, 51.56591248689746 ], [ 28.231283165488282, 51.569479054723374 ], [ 28.225844199609323, 51.571616730067262 ], [ 28.226697062357143, 51.576966631838651 ], [ 28.229559115193663, 51.576789435785493 ], [ 28.229843571531646, 51.578572721789044 ], [ 28.235852515809526, 51.580001360888019 ], [ 28.236422015882546, 51.583567879503605 ], [ 28.242431812676269, 51.58499614596488 ], [ 28.243001929737243, 51.588562609464148 ], [ 28.245864607610581, 51.588384987663822 ], [ 28.246435062651745, 51.591951421910942 ], [ 28.249297931698106, 51.591773708151592 ], [ 28.249868724831924, 51.595340113129737 ], [ 28.252731785068594, 51.595162307392208 ], [ 28.251875308601008, 51.589812731296149 ], [ 28.249012579214792, 51.589990503152599 ], [ 28.24500914530412, 51.583035323753229 ] ] ], [ [ [ 27.202758295064545, 51.738403305418416 ], [ 27.205636593238911, 51.738250769432142 ], [ 27.20489947767166, 51.732889766051144 ], [ 27.193387478681135, 51.73349937237348 ], [ 27.193142272973468, 51.731712329638015 ], [ 27.184508343764776, 51.732168768557607 ], [ 27.184263499907491, 51.730381695356819 ], [ 27.178507644731781, 51.730685617775258 ], [ 27.178263050522151, 51.728898523831724 ], [ 27.17250731842902, 51.72920214624353 ], [ 27.172262973831835, 51.72741503157804 ], [ 27.160507784257288, 51.726234241116067 ], [ 27.160263938779291, 51.724447085068903 ], [ 27.157386270253355, 51.724598481418681 ], [ 27.157142562141509, 51.7228113143562 ], [ 27.151387373732614, 51.72311387730177 ], [ 27.151143915096757, 51.721326689590747 ], [ 27.148266395235517, 51.721477856197652 ], [ 27.148023073912281, 51.719690657488513 ], [ 27.145145641002536, 51.719841744314202 ], [ 27.144902456969142, 51.718054534612989 ], [ 27.142025111017752, 51.718205541665597 ], [ 27.141782064251423, 51.716418320978285 ], [ 27.138904805265245, 51.716569248265948 ], [ 27.138661895743191, 51.714782016598598 ], [ 27.135784723729106, 51.714932864129445 ], [ 27.135541951428547, 51.713145621488046 ], [ 27.132664866393402, 51.713296389270219 ], [ 27.13242223129156, 51.711509135660783 ], [ 27.129545233242194, 51.711659823702398 ], [ 27.129302735316291, 51.709872559130964 ], [ 27.123306639429597, 51.708386420497682 ], [ 27.122822217199506, 51.70481184618648 ], [ 27.116826992713925, 51.703325346269004 ], [ 27.118521164580034, 51.715836476332377 ], [ 27.121398487127028, 51.715686049660704 ], [ 27.122125272858082, 51.721047913451436 ], [ 27.119247613902665, 51.721198368888643 ], [ 27.121428315436727, 51.737283973340148 ], [ 27.118549621550329, 51.737434444913291 ], [ 27.119519025295315, 51.744583605553586 ], [ 27.116639857188044, 51.744734045280424 ], [ 27.117366836477299, 51.750095930294862 ], [ 27.114487306302252, 51.7502463285619 ], [ 27.114971859896777, 51.753820930970619 ], [ 27.112092079920096, 51.753971278170809 ], [ 27.112576509093341, 51.757545894330626 ], [ 27.109696479267036, 51.757696190447952 ], [ 27.107784684342189, 51.764995709024419 ], [ 27.102265502690809, 51.767083365498245 ], [ 27.102749383352734, 51.770658039330506 ], [ 27.105630275499266, 51.770507886984326 ], [ 27.105872365913616, 51.772295212296783 ], [ 27.128919499378235, 51.771091386428957 ], [ 27.12916251479362, 51.77287863362357 ], [ 27.152208937297846, 51.771670232562059 ], [ 27.152452877680599, 51.773457401343983 ], [ 27.178379182200285, 51.772092487012166 ], [ 27.178624159958773, 51.773879567398929 ], [ 27.201668938630153, 51.772661454301598 ], [ 27.201177209736219, 51.769087447469147 ], [ 27.204057467795192, 51.768934886597037 ], [ 27.201844936352842, 51.752851875136862 ], [ 27.204724157887856, 51.752699331558887 ], [ 27.202758295064545, 51.738403305418416 ] ] ], [ [ [ 29.161846953609874, 45.394238044849018 ], [ 29.164375152022259, 45.394056123570564 ], [ 29.164116919514306, 45.392274862017779 ], [ 29.161588798891163, 45.392456772060051 ], [ 29.161846953609874, 45.394238044849018 ] ] ], [ [ [ 29.166903326290349, 45.393874146893666 ], [ 29.164375152022259, 45.394056123570564 ], [ 29.164633408674518, 45.39583738341581 ], [ 29.167161660736177, 45.3956553954987 ], [ 29.166903326290349, 45.393874146893666 ] ] ], [ [ [ 29.732633222109165, 45.582106985414342 ], [ 29.730100335714113, 45.582302098306172 ], [ 29.730378170790903, 45.584080685356632 ], [ 29.732911135282919, 45.583885560429906 ], [ 29.732633222109165, 45.582106985414342 ] ] ], [ [ [ 29.662202526626956, 45.607310759757603 ], [ 29.659668028838595, 45.607504393309924 ], [ 29.659943881698716, 45.609283307485143 ], [ 29.662478457747927, 45.609089661986779 ], [ 29.662202526626956, 45.607310759757603 ] ] ], [ [ [ 29.659943881698716, 45.609283307485143 ], [ 29.657409279823963, 45.609476897379515 ], [ 29.657685080238714, 45.611255821639688 ], [ 29.660219760384368, 45.611062219801887 ], [ 29.659943881698716, 45.609283307485143 ] ] ], [ [ [ 29.818779181547608, 45.98045561489208 ], [ 29.819063739012734, 45.982233652969242 ], [ 29.824164612886676, 45.98183676748004 ], [ 29.823879896072341, 45.980058753883689 ], [ 29.818779181547608, 45.98045561489208 ] ] ], [ [ [ 33.085907048403428, 46.620218529463102 ], [ 33.083126275733314, 46.607904022571155 ], [ 33.080573591978265, 46.60817768080571 ], [ 33.080176566597451, 46.606418436216202 ], [ 33.074674414690463, 46.605206270867107 ], [ 33.073880865454839, 46.601687699105319 ], [ 33.071328385465925, 46.601961123278713 ], [ 33.070931745499529, 46.600201815975637 ], [ 33.06837930716339, 46.600475167712176 ], [ 33.067586296479128, 46.59695651027598 ], [ 33.065033978643811, 46.597229772885306 ], [ 33.065430386556159, 46.598989119870325 ], [ 33.06287795270763, 46.599262343441815 ], [ 33.065653297100624, 46.611577801237701 ], [ 33.063100273955591, 46.611851085927654 ], [ 33.066670541897231, 46.627685169986229 ], [ 33.064116771144882, 46.627958549203107 ], [ 33.065704208736811, 46.634995904975945 ], [ 33.063150084824585, 46.635269295209724 ], [ 33.064340816987247, 46.640547329138784 ], [ 33.069449501612176, 46.640000392621552 ], [ 33.069846644858288, 46.641759697556608 ], [ 33.072401010299821, 46.641486128863917 ], [ 33.072798269830024, 46.643245413936427 ], [ 33.075352677018003, 46.642971772711519 ], [ 33.075750052846139, 46.644731037915832 ], [ 33.078304501771946, 46.644457324153279 ], [ 33.081654093032419, 46.647702008629054 ], [ 33.086763120468461, 46.647154235103258 ], [ 33.087160924300491, 46.648913423932996 ], [ 33.092269960489602, 46.648365393662658 ], [ 33.092667959702851, 46.650124545853735 ], [ 33.097777004568947, 46.649576258827935 ], [ 33.098175199178144, 46.651335374362887 ], [ 33.100729744596421, 46.651061130374174 ], [ 33.099136874256779, 46.644024716289174 ], [ 33.09658264487399, 46.644298893267276 ], [ 33.094592792231936, 46.635503220833101 ], [ 33.092038920414083, 46.63577725828393 ], [ 33.08846024709635, 46.619944698408723 ], [ 33.085907048403428, 46.620218529463102 ] ] ], [ [ [ 29.568472317342604, 46.953809426716511 ], [ 29.57338201373247, 46.951638627514313 ], [ 29.572237339589186, 46.94452299279272 ], [ 29.574834844671965, 46.94432701825658 ], [ 29.574262502977184, 46.940769213771937 ], [ 29.571665166063305, 46.940965164078435 ], [ 29.571951239200125, 46.942744079381562 ], [ 29.569353790953446, 46.942939983492579 ], [ 29.569639807250944, 46.944718909015435 ], [ 29.564730536175912, 46.946889514360201 ], [ 29.565302368559234, 46.950447404382025 ], [ 29.560392397293281, 46.952617867594675 ], [ 29.560964056555626, 46.956175794689202 ], [ 29.558365883247106, 46.956371491902331 ], [ 29.558651669568778, 46.958150464715459 ], [ 29.564134139160142, 46.959537934464336 ], [ 29.563848157270552, 46.957758987744072 ], [ 29.566446360254684, 46.957563161741049 ], [ 29.568472317342604, 46.953809426716511 ] ] ], [ [ [ 32.800328475090133, 49.31359982494137 ], [ 32.803020841687825, 49.313320921689112 ], [ 32.802594220502691, 49.311560692876263 ], [ 32.805286453684381, 49.311281745272396 ], [ 32.804859782432075, 49.309521530406428 ], [ 32.807551882208152, 49.309242538459351 ], [ 32.807125160905436, 49.307482337541821 ], [ 32.809817127286244, 49.307203301259896 ], [ 32.809390355949809, 49.305443114292352 ], [ 32.812082188945773, 49.305164033684008 ], [ 32.811655367592337, 49.303403860668055 ], [ 32.814347067213795, 49.30312473574164 ], [ 32.816184840780174, 49.299325262334669 ], [ 32.821567664892349, 49.298766773728019 ], [ 32.823404746912836, 49.294967240506438 ], [ 32.828786954254937, 49.294408451719313 ], [ 32.828359699829846, 49.29264838297599 ], [ 32.833741557083194, 49.292089382633669 ], [ 32.833314161171074, 49.290329345109534 ], [ 32.838695668327098, 49.289770133257335 ], [ 32.838268130976893, 49.288010126962419 ], [ 32.843649288027123, 49.287450703645725 ], [ 32.843221609287738, 49.285690728589962 ], [ 32.858935342668374, 49.282251211934337 ], [ 32.858079095654894, 49.278731452674023 ], [ 32.86303060839036, 49.276411333953604 ], [ 32.862174246151305, 49.272891624060875 ], [ 32.864863787314476, 49.27261144938926 ], [ 32.864435577416948, 49.270851606785961 ], [ 32.867124985339345, 49.270571387963706 ], [ 32.866696725786412, 49.268811559353935 ], [ 32.869386000478414, 49.268531296389362 ], [ 32.868957691286766, 49.26677148177469 ], [ 32.871646832758756, 49.266491174676183 ], [ 32.871218473945007, 49.264731374058158 ], [ 32.873907482207358, 49.264451022834088 ], [ 32.873479073788182, 49.262691236214287 ], [ 32.876167948851318, 49.262410840873017 ], [ 32.875739490843301, 49.260651068252983 ], [ 32.878428232717589, 49.260370628802875 ], [ 32.8779997251374, 49.258610870184192 ], [ 32.880688333833241, 49.258330386633588 ], [ 32.882519645550545, 49.25453038376375 ], [ 32.887896288471552, 49.253969178920855 ], [ 32.889726911329696, 49.250169117163466 ], [ 32.895102938016926, 49.249607613293925 ], [ 32.8946740002282, 49.24784795934761 ], [ 32.900049676971094, 49.247286244641593 ], [ 32.899620598459734, 49.245526622039691 ], [ 32.904995925250056, 49.244964696542517 ], [ 32.904566706064841, 49.243205105294955 ], [ 32.914886949944702, 49.240321062225057 ], [ 32.914457449558149, 49.238561533715924 ], [ 32.917144608945264, 49.238280285583521 ], [ 32.9189724865073, 49.234479978547071 ], [ 32.924346231032985, 49.233917245052432 ], [ 32.926173421034754, 49.230116879617768 ], [ 32.931546549471427, 49.229553847676215 ], [ 32.931116620333277, 49.227794424067255 ], [ 32.936489398820541, 49.227231181646985 ], [ 32.936059329342527, 49.225471789453763 ], [ 32.941431757872358, 49.224908336600066 ], [ 32.941001548103209, 49.223148975832466 ], [ 32.946373626667551, 49.22258531259066 ], [ 32.945943276656017, 49.220825983258578 ], [ 32.954000806598906, 49.219980080972469 ], [ 32.953570225330381, 49.218220800479209 ], [ 32.96431264672178, 49.217092142610582 ], [ 32.963881743253353, 49.215332928388079 ], [ 32.988048914437613, 49.212790021731365 ], [ 32.987617233966411, 49.211030960979507 ], [ 32.990302173993967, 49.210748127047481 ], [ 32.989438757318752, 49.207230030376422 ], [ 32.994376320208282, 49.20490523014314 ], [ 32.993512792179494, 49.201387183141861 ], [ 32.996197151295441, 49.201104252781711 ], [ 32.995333609712645, 49.197586227266221 ], [ 32.99801774495802, 49.197303270600827 ], [ 32.997154189855884, 49.193785266571552 ], [ 32.999838101276289, 49.193502283612773 ], [ 33.000794638293698, 49.186183330774504 ], [ 33.005729614473097, 49.183858247937977 ], [ 33.004865921523226, 49.180340336566118 ], [ 33.007549028886174, 49.180057231099688 ], [ 33.007117154710912, 49.178298287835787 ], [ 33.009800129228267, 49.178015138678923 ], [ 33.009368206338607, 49.17625620951565 ], [ 33.012051048020801, 49.1759730166767 ], [ 33.01161907643322, 49.174214101615583 ], [ 33.014301785290698, 49.173930865102854 ], [ 33.013869765021624, 49.172171964145406 ], [ 33.016552341064774, 49.171888683967225 ], [ 33.016120272130692, 49.17012979711501 ], [ 33.021052908233081, 49.167804233050134 ], [ 33.020188617880471, 49.16428651241614 ], [ 33.022870704850583, 49.164003118760974 ], [ 33.023823948498865, 49.156684322173888 ], [ 33.0211422662763, 49.156967707050775 ], [ 33.020710261793582, 49.155208845724907 ], [ 33.018028628163428, 49.155492152051124 ], [ 33.017596756377984, 49.153733269904492 ], [ 33.014915171350673, 49.154016497685966 ], [ 33.01448343224606, 49.152257594724873 ], [ 33.011801895831979, 49.15254074396757 ], [ 33.011370289391778, 49.150781820198397 ], [ 33.008688801601345, 49.151064890908252 ], [ 33.008257327809119, 49.149305946337293 ], [ 33.005575888652736, 49.149588938520267 ], [ 33.005144547492073, 49.147829973153883 ], [ 33.002463156980127, 49.148112886815909 ], [ 33.002031948434578, 49.146353900660415 ], [ 32.996238237438746, 49.145160485507226 ], [ 32.995376392656162, 49.14164242673175 ], [ 32.992695238759119, 49.14192508744263 ], [ 32.992264469893549, 49.140166035613333 ], [ 32.986902217545627, 49.14073113897846 ], [ 32.987332805173608, 49.142490225642796 ], [ 32.963199780107367, 49.145030323916011 ], [ 32.963629593752373, 49.146789563829948 ], [ 32.960947846517719, 49.147071508888189 ], [ 32.960518123554166, 49.145312251593019 ], [ 32.936381333006544, 49.147846850829161 ], [ 32.935952468169546, 49.146087433944189 ], [ 32.925224282504836, 49.147212264043674 ], [ 32.924795822321165, 49.145452774488597 ], [ 32.916749517186283, 49.146295703242686 ], [ 32.916321370922894, 49.144536158401522 ], [ 32.910957140517745, 49.145097770615948 ], [ 32.910529217419771, 49.143338187836953 ], [ 32.905165001829715, 49.143899520903588 ], [ 32.904737301879678, 49.142139900206175 ], [ 32.885961871145582, 49.144102519045511 ], [ 32.885534848132117, 49.142342774025337 ], [ 32.872123032356818, 49.143742723907728 ], [ 32.872549601435423, 49.14550255526229 ], [ 32.869867022824856, 49.145782379036675 ], [ 32.870293542637974, 49.147542224358411 ], [ 32.867610831674661, 49.147822004224729 ], [ 32.868037302205799, 49.149581863512068 ], [ 32.865354458879445, 49.149861599462007 ], [ 32.865780880112069, 49.151621472713366 ], [ 32.863097904412406, 49.151901164738582 ], [ 32.863524276330054, 49.153661051952469 ], [ 32.860841168246736, 49.153940700044629 ], [ 32.861267490832887, 49.155700601219444 ], [ 32.858584250355662, 49.155980205370227 ], [ 32.859010523593781, 49.157740120504421 ], [ 32.856327150712346, 49.158019680705465 ], [ 32.854496043782525, 49.161819069088722 ], [ 32.849128726829036, 49.162377952432735 ], [ 32.847296934080589, 49.16617728194521 ], [ 32.841929004369064, 49.166735866917101 ], [ 32.842354848714386, 49.168495886280773 ], [ 32.836986571120342, 49.169054260790773 ], [ 32.837412275018089, 49.170814311319909 ], [ 32.827100239617977, 49.173690510458243 ], [ 32.827525662475026, 49.175450623288512 ], [ 32.822581623548245, 49.177768510107803 ], [ 32.823432312427549, 49.181288788227441 ], [ 32.818487503692943, 49.18360655778735 ], [ 32.819338077045174, 49.187126885087274 ], [ 32.816652725025534, 49.187405645268456 ], [ 32.817077982791588, 49.189165821212285 ], [ 32.814392498222801, 49.189444537300894 ], [ 32.814817706335845, 49.191204727171858 ], [ 32.812132089207601, 49.191483399159537 ], [ 32.81255724765105, 49.193243602956038 ], [ 32.809871497953083, 49.193522230834461 ], [ 32.810296606710345, 49.195282448554934 ], [ 32.807610724432365, 49.195561032315744 ], [ 32.808035783486858, 49.197321263958614 ], [ 32.805349768618576, 49.197599803593455 ], [ 32.805774777953715, 49.199360049157171 ], [ 32.803088630484858, 49.199638544657702 ], [ 32.803513590084037, 49.201398804140659 ], [ 32.800827310004316, 49.201677255498545 ], [ 32.798990667227521, 49.205476223422814 ], [ 32.793617535141621, 49.206032888176708 ], [ 32.791780204076169, 49.209831796429455 ], [ 32.786406458587557, 49.210388161775498 ], [ 32.786830986758076, 49.212148525164807 ], [ 32.781456893155756, 49.212704679399174 ], [ 32.781881280192692, 49.214465073852516 ], [ 32.776506838485417, 49.215021016930002 ], [ 32.776931084340099, 49.216781442437359 ], [ 32.771556294536623, 49.217337174312789 ], [ 32.771980399160384, 49.219097630864212 ], [ 32.763917630291374, 49.219930819721284 ], [ 32.764341502303523, 49.221691324444159 ], [ 32.75359019965439, 49.222801451917228 ], [ 32.754013747603047, 49.22456202191016 ], [ 32.74863766561274, 49.225116751456184 ], [ 32.749061072128605, 49.226877352445122 ], [ 32.746372877788168, 49.227154642212085 ], [ 32.746796234220589, 49.228915257074789 ], [ 32.744107907180918, 49.229192502533472 ], [ 32.74453121351327, 49.230953131268379 ], [ 32.741842753764104, 49.231230332410377 ], [ 32.742266009979701, 49.232990975015902 ], [ 32.739577417510787, 49.233268131832858 ], [ 32.740000623592962, 49.23502878830741 ], [ 32.737311898394047, 49.235305900790983 ], [ 32.73773505432613, 49.237066571132985 ], [ 32.735046196386932, 49.237343639274798 ], [ 32.735469302152239, 49.239104323482643 ], [ 32.732780311462498, 49.239381347274346 ], [ 32.733203367044389, 49.241142045346457 ], [ 32.730514243593831, 49.241419024779653 ], [ 32.728670947918928, 49.245217397576646 ], [ 32.723292128640701, 49.245771117484892 ], [ 32.721448142137753, 49.249569429659495 ], [ 32.716068709155621, 49.250122849030575 ], [ 32.716491330472401, 49.25188365056767 ], [ 32.711111549375417, 49.252436858129528 ], [ 32.711534028811684, 49.254197690592434 ], [ 32.706153899608907, 49.254750686299829 ], [ 32.706576237115833, 49.256511549678493 ], [ 32.701195759816386, 49.257064333486198 ], [ 32.701617955345185, 49.258825227770565 ], [ 32.69623712995817, 49.259377799633377 ], [ 32.696659183460014, 49.261138724813392 ], [ 32.691278009994612, 49.26169108468607 ], [ 32.691699921420678, 49.263452040751687 ], [ 32.686318399886034, 49.264004188589013 ], [ 32.686740169187495, 49.26576517553012 ], [ 32.681358299592844, 49.266317111286874 ], [ 32.681779926720857, 49.26807812909346 ], [ 32.666053898027926, 49.271493678045452 ], [ 32.666475057209318, 49.27325479159714 ], [ 32.655708736239944, 49.274356651184199 ], [ 32.656129569553215, 49.276117829576911 ], [ 32.631902117808927, 49.278593563728279 ], [ 32.632322166099414, 49.280354891828217 ], [ 32.629629929940982, 49.280629682366822 ], [ 32.629209973467994, 49.278868337294725 ], [ 32.61574863661788, 49.280241280934497 ], [ 32.616168133926749, 49.282002710813089 ], [ 32.613475651738227, 49.282277131636683 ], [ 32.613895098174574, 49.284038575279389 ], [ 32.611202483148794, 49.284312951423658 ], [ 32.611621878695843, 49.286074408828831 ], [ 32.608929130822581, 49.286348740285412 ], [ 32.609348475463527, 49.28811021145146 ], [ 32.60665559473258, 49.288384498211933 ], [ 32.607074888450612, 49.290145983137222 ], [ 32.604381874851782, 49.29042022519323 ], [ 32.60480111763011, 49.292181723876162 ], [ 32.602107971153174, 49.292455921219265 ], [ 32.602527162974994, 49.294217433658226 ], [ 32.599833883609762, 49.294491586280053 ], [ 32.597978702052856, 49.298288760311742 ], [ 32.592591570758735, 49.298836824945035 ], [ 32.590735694447517, 49.30263393667046 ], [ 32.580378609793144, 49.305490863257617 ], [ 32.580797219476636, 49.307252508951137 ], [ 32.596961558032248, 49.305609019173481 ], [ 32.597380760731539, 49.307370560148556 ], [ 32.608156535117075, 49.306273598709296 ], [ 32.60857614678708, 49.308035068729446 ], [ 32.622045401896905, 49.306662394266297 ], [ 32.621625330346902, 49.304901009044485 ], [ 32.627012561144547, 49.304351541457912 ], [ 32.626592346745625, 49.302590186986414 ], [ 32.631979229395291, 49.302040506687092 ], [ 32.631558872196422, 49.300279182976034 ], [ 32.639638612302981, 49.299454251048473 ], [ 32.639218020448354, 49.29769297509668 ], [ 32.649990064263584, 49.296592270783151 ], [ 32.649569145968719, 49.294831059618474 ], [ 32.673803011123113, 49.292351022643423 ], [ 32.673381307374036, 49.290589961445455 ], [ 32.676073661363986, 49.290314110733014 ], [ 32.676495456929253, 49.292075154893972 ], [ 32.700725613895443, 49.289589573045617 ], [ 32.701148276857339, 49.291350460484885 ], [ 32.711916529609333, 49.290244087746693 ], [ 32.71233960095369, 49.292004903635863 ], [ 32.720415631950765, 49.291174426185506 ], [ 32.720839019913463, 49.292935187558953 ], [ 32.726223017341724, 49.292381193822571 ], [ 32.726646630179772, 49.2941419177507 ], [ 32.732030645616831, 49.293587643481224 ], [ 32.73245448334827, 49.295348329944488 ], [ 32.74364663052576, 49.295999588735263 ], [ 32.747187394051515, 49.299243264117919 ], [ 32.752571563547995, 49.298687990741996 ], [ 32.752996209285655, 49.300448544299265 ], [ 32.755688323575086, 49.300170798100218 ], [ 32.756113102547424, 49.301931331256917 ], [ 32.758805267100328, 49.301653506328918 ], [ 32.759230179324099, 49.303414019078751 ], [ 32.761922394130195, 49.303136115415761 ], [ 32.762347439622118, 49.304896607752333 ], [ 32.765039704671032, 49.304618625348311 ], [ 32.765464883447869, 49.306379097265314 ], [ 32.768157198729263, 49.306101036114192 ], [ 32.768582510807747, 49.307861487605265 ], [ 32.771274876311288, 49.307583347701005 ], [ 32.771700321708146, 49.309343778759796 ], [ 32.774392737423511, 49.309065560096357 ], [ 32.774818316155489, 49.310825970716536 ], [ 32.777510782072291, 49.31054767328785 ], [ 32.777936494156137, 49.31230806346305 ], [ 32.783747422005121, 49.313511602009655 ], [ 32.784599421294971, 49.317032297276086 ], [ 32.790411041819546, 49.318235442099073 ], [ 32.791263658066264, 49.321756048955059 ], [ 32.796649417137047, 49.321198535833474 ], [ 32.795796433707153, 49.317677997817484 ], [ 32.798489067167978, 49.317399183293581 ], [ 32.800328475090133, 49.31359982494137 ] ] ], [ [ [ 32.474662499524023, 49.348654231557042 ], [ 32.477359938910389, 49.348382779252994 ], [ 32.476944416012252, 49.346620496405897 ], [ 32.479641722366623, 49.346348999026617 ], [ 32.481507694790167, 49.342552931844416 ], [ 32.470719126980804, 49.343638663394131 ], [ 32.471134383848828, 49.345400986057932 ], [ 32.468437047936391, 49.345672281088284 ], [ 32.468852253057293, 49.347434617395983 ], [ 32.466154784136606, 49.347705867335705 ], [ 32.46428743713016, 49.351501785716913 ], [ 32.458891926581259, 49.35204404330576 ], [ 32.459306883934026, 49.353806437296981 ], [ 32.456608975317472, 49.354077490030782 ], [ 32.457023880841767, 49.35583989765685 ], [ 32.451627756919535, 49.356381850972156 ], [ 32.452042518141099, 49.358144288984498 ], [ 32.47092888819634, 49.356246252007786 ], [ 32.47009811221352, 49.352721607549753 ], [ 32.472795817694347, 49.35245024542148 ], [ 32.474662499524023, 49.348654231557042 ] ] ], [ [ [ 32.37666350138015, 49.378315634993768 ], [ 32.377075902068114, 49.380078532547678 ], [ 32.382476040989062, 49.379539871122283 ], [ 32.382063454962115, 49.377777006885225 ], [ 32.37666350138015, 49.378315634993768 ] ] ], [ [ [ 32.3450830067803, 49.385068387066845 ], [ 32.345494375588629, 49.386831478061502 ], [ 32.334690935691746, 49.387905213240295 ], [ 32.335101973713812, 49.389668367586083 ], [ 32.316193754525443, 49.391545131723291 ], [ 32.316604183166305, 49.39330839911301 ], [ 32.313902755269794, 49.393576276638321 ], [ 32.314313131287882, 49.395339557537547 ], [ 32.311611570346358, 49.39560738957065 ], [ 32.309730470449281, 49.399401778423353 ], [ 32.304326776132065, 49.399937198389118 ], [ 32.302444973431882, 49.403731521270537 ], [ 32.297040666435876, 49.404266634949252 ], [ 32.297450593261622, 49.406030016484038 ], [ 32.292045939744753, 49.406564914871488 ], [ 32.292455720885826, 49.408328326449322 ], [ 32.282055009741001, 49.411160918779935 ], [ 32.282464499364764, 49.412924390412726 ], [ 32.279761672923314, 49.413191547597847 ], [ 32.280171109702479, 49.414955032712484 ], [ 32.275174441373323, 49.417252708875075 ], [ 32.275993143578376, 49.420779729972118 ], [ 32.273289824729332, 49.421046766864109 ], [ 32.273699142996236, 49.422810289365522 ], [ 32.270995690985558, 49.423077280631617 ], [ 32.271404956335807, 49.424840816608935 ], [ 32.268701371153448, 49.4251077622407 ], [ 32.269110583569912, 49.426871311692253 ], [ 32.266406865205809, 49.427138211681218 ], [ 32.266816024671336, 49.428901774605315 ], [ 32.264112173115443, 49.429168628943003 ], [ 32.262226348367349, 49.432962603880036 ], [ 32.273042419044543, 49.431894930033657 ], [ 32.273451885073783, 49.433658450767062 ], [ 32.295493094265993, 49.433283371852617 ], [ 32.295082843447808, 49.431519986526091 ], [ 32.300490181018063, 49.430984748827264 ], [ 32.300079784327309, 49.429221393565378 ], [ 32.305486774879299, 49.428685940385982 ], [ 32.305076232365387, 49.426922615199068 ], [ 32.310482875888027, 49.426386946584401 ], [ 32.31007218760034, 49.42462365148284 ], [ 32.318181571918736, 49.423819732279753 ], [ 32.317770644924117, 49.422056483859734 ], [ 32.323176513793683, 49.421520260264622 ], [ 32.32276544114265, 49.419757041956835 ], [ 32.325468222182671, 49.419488853574606 ], [ 32.327348566710015, 49.415694223636329 ], [ 32.332753555537359, 49.415157602725749 ], [ 32.332342232034122, 49.413394441599387 ], [ 32.335044573070242, 49.413126054600795 ], [ 32.334633196970074, 49.411362907006364 ], [ 32.337335404790764, 49.41109447452375 ], [ 32.336923976110754, 49.40933134046292 ], [ 32.339626050726075, 49.409062862504719 ], [ 32.339214569483332, 49.40729974197918 ], [ 32.341916510903403, 49.407031218553847 ], [ 32.34150497711498, 49.40526811156527 ], [ 32.34420678534989, 49.404999542681239 ], [ 32.343795199032897, 49.403236449231301 ], [ 32.346496874092715, 49.402967834897048 ], [ 32.346085235264241, 49.401204754987397 ], [ 32.348786777159084, 49.400936095211371 ], [ 32.348375085836174, 49.399173028843677 ], [ 32.35107649457612, 49.398904323634326 ], [ 32.35066475077587, 49.397141270810266 ], [ 32.353366026371042, 49.396872520176046 ], [ 32.355243523867188, 49.393077659114866 ], [ 32.360645502187914, 49.392539914163621 ], [ 32.36252229787236, 49.38874498773275 ], [ 32.372912489829169, 49.385905720036916 ], [ 32.372500153369792, 49.384142798446199 ], [ 32.375200509187955, 49.383873589416602 ], [ 32.377075902068114, 49.380078532547678 ], [ 32.366275139628037, 49.381155111456863 ], [ 32.365863109678656, 49.379392147313098 ], [ 32.357762392200435, 49.380198880569829 ], [ 32.358174144042913, 49.381961894617611 ], [ 32.352773278659186, 49.382499440013667 ], [ 32.353184885384017, 49.384262484232529 ], [ 32.3450830067803, 49.385068387066845 ] ] ], [ [ [ 30.584612236937005, 50.950507146346943 ], [ 30.593030919236803, 50.949809433001825 ], [ 30.592662604423793, 50.948036812166109 ], [ 30.60388657772657, 50.947105652850425 ], [ 30.603517885519857, 50.945333088048869 ], [ 30.628768709812707, 50.943234212237428 ], [ 30.628399122309663, 50.941461776815764 ], [ 30.634009798441273, 50.940994656288943 ], [ 30.632900638742928, 50.935677423175093 ], [ 30.624485500660402, 50.936377872011448 ], [ 30.62485487246941, 50.93815032952957 ], [ 30.619244386468338, 50.938616991639478 ], [ 30.618875221816936, 50.936844504808057 ], [ 30.593627120128172, 50.93894105427097 ], [ 30.593258925173522, 50.937168433265334 ], [ 30.582036992372636, 50.938098441976827 ], [ 30.581669249128151, 50.936325760083214 ], [ 30.573252719805105, 50.937022523053052 ], [ 30.572885324629475, 50.935249794927749 ], [ 30.57007984414787, 50.935481901372192 ], [ 30.571916673444225, 50.944345590358935 ], [ 30.569110637515347, 50.944577703059892 ], [ 30.570947877608912, 50.953441403575674 ], [ 30.568141285943121, 50.953673522517768 ], [ 30.568876234764886, 50.957219014703888 ], [ 30.574489795897325, 50.956754651777445 ], [ 30.574122095390237, 50.954981936089268 ], [ 30.579735300205083, 50.954517335571886 ], [ 30.579367429436314, 50.952744646617255 ], [ 30.584980277912603, 50.952279808555971 ], [ 30.584612236937005, 50.950507146346943 ] ] ], [ [ [ 30.518090748737364, 51.015500204743887 ], [ 30.520901484271654, 51.015269089092577 ], [ 30.520168672470845, 51.011723132352209 ], [ 30.514547580936423, 51.012185238676757 ], [ 30.514913759963544, 51.01395824732095 ], [ 30.509292311720476, 51.014420115234508 ], [ 30.50965831949269, 51.016193150480404 ], [ 30.504036514562351, 51.016654779935841 ], [ 30.504402351024577, 51.018427841771263 ], [ 30.495969053053376, 51.019119827867272 ], [ 30.497065846806027, 51.024439129310679 ], [ 30.499877295883156, 51.024208490662438 ], [ 30.50060888549114, 51.027754650459023 ], [ 30.503420506014479, 51.027523915896445 ], [ 30.504152452461266, 51.03107003693983 ], [ 30.506964244441541, 51.030839206444412 ], [ 30.507696547837398, 51.034385288715754 ], [ 30.510508511285312, 51.034154362268993 ], [ 30.511607557663893, 51.039473423832469 ], [ 30.514419796905688, 51.039242386887899 ], [ 30.515886129381901, 51.046334376710256 ], [ 30.518698748820089, 51.04610321469945 ], [ 30.517598630707074, 51.040784269598483 ], [ 30.520410899960233, 51.040553084264275 ], [ 30.517111613370567, 51.024596247976376 ], [ 30.519922907017278, 51.024365126546925 ], [ 30.518090748737364, 51.015500204743887 ] ] ], [ [ [ 30.521878215822568, 51.047644948022992 ], [ 30.519065529205054, 51.047876191516778 ], [ 30.522001111244006, 51.062059918125016 ], [ 30.524814633075955, 51.061828558259748 ], [ 30.521878215822568, 51.047644948022992 ] ] ], [ [ [ 30.527995441764958, 51.06337005714267 ], [ 30.525181852721889, 51.063601498539278 ], [ 30.525549109604057, 51.065374436373467 ], [ 30.528362803099697, 51.065142980420376 ], [ 30.527995441764958, 51.06337005714267 ] ] ], [ [ [ 30.525916403727386, 51.067147371762104 ], [ 30.523102568522944, 51.067378775284659 ], [ 30.523469795414613, 51.069151722782081 ], [ 30.526283735096815, 51.068920304704896 ], [ 30.525916403727386, 51.067147371762104 ] ] ], [ [ [ 30.517108930125133, 51.107540668680265 ], [ 30.514292570152723, 51.107771990146205 ], [ 30.514659989173737, 51.109544971180654 ], [ 30.517476453876768, 51.109313635160483 ], [ 30.517108930125133, 51.107540668680265 ] ] ], [ [ [ 30.232973138682656, 51.190019060250542 ], [ 30.230149441186558, 51.190243792268454 ], [ 30.230507033934625, 51.192018201716238 ], [ 30.233330837012094, 51.191793455538303 ], [ 30.232973138682656, 51.190019060250542 ] ] ], [ [ [ 30.268649857774829, 51.196188117657876 ], [ 30.269009005297558, 51.197962330938459 ], [ 30.271832862305775, 51.197736637006045 ], [ 30.271473609213153, 51.195962437944267 ], [ 30.268649857774829, 51.196188117657876 ] ] ], [ [ [ 30.799345536855885, 51.208445981161205 ], [ 30.798586287578317, 51.204903076035968 ], [ 30.795766353993947, 51.205141496402341 ], [ 30.795007468816241, 51.201598551026478 ], [ 30.792187706575156, 51.201836874235504 ], [ 30.791049982564896, 51.196522391983962 ], [ 30.78823049657084, 51.196760603068718 ], [ 30.786714489886883, 51.189674530960779 ], [ 30.783895384967451, 51.189912614976656 ], [ 30.782759098575134, 51.184597989111701 ], [ 30.779940269776059, 51.184835961075557 ], [ 30.779183147465826, 51.181292834449238 ], [ 30.776364489908911, 51.181530709355442 ], [ 30.775986091233602, 51.179759127248531 ], [ 30.770348870531222, 51.180234645774526 ], [ 30.769799283541527, 51.191102027911136 ], [ 30.766979947961705, 51.191339709053814 ], [ 30.767736405744497, 51.194882959739452 ], [ 30.764916821918813, 51.195120603627068 ], [ 30.765673223494979, 51.198663874012688 ], [ 30.762853391372555, 51.198901480631314 ], [ 30.763058984310717, 51.213312238806864 ], [ 30.765879694844195, 51.213074579771813 ], [ 30.766258155743515, 51.214846205687174 ], [ 30.77189967153139, 51.214370656080277 ], [ 30.772278380981902, 51.216142249522065 ], [ 30.775099186210827, 51.215904358941209 ], [ 30.77867790750923, 51.219209520490253 ], [ 30.790340884933912, 51.220028393328136 ], [ 30.793921010463325, 51.223333008661442 ], [ 30.799563093414221, 51.222856069475391 ], [ 30.799942979551918, 51.224627512677259 ], [ 30.811607447382926, 51.225444148289299 ], [ 30.810466528383575, 51.220129998884822 ], [ 30.807645765678419, 51.220368755893261 ], [ 30.805745531584098, 51.211511713737259 ], [ 30.802925255283018, 51.211750328474146 ], [ 30.802165641793586, 51.208207463618898 ], [ 30.799345536855885, 51.208445981161205 ] ] ], [ [ [ 30.19021737702295, 51.505315327172077 ], [ 30.195904241553414, 51.504865773808703 ], [ 30.195543974017234, 51.503091284969969 ], [ 30.198387243454466, 51.50286642014148 ], [ 30.200509621427493, 51.499092559195802 ], [ 30.206195545873037, 51.498642545264012 ], [ 30.205834958885465, 51.496868106223396 ], [ 30.208677758290609, 51.496643011155385 ], [ 30.208317100708356, 51.494868583983816 ], [ 30.214002373881456, 51.494418217676902 ], [ 30.21364153826724, 51.492643816600605 ], [ 30.247024646371198, 51.486387594508621 ], [ 30.246662632724902, 51.48461335735513 ], [ 30.249504340686748, 51.484387310796869 ], [ 30.249142256705969, 51.482613085554412 ], [ 30.251983820293091, 51.482386985119902 ], [ 30.254100860634605, 51.478612416075705 ], [ 30.259783373324826, 51.478159931622379 ], [ 30.259420971166499, 51.476385756413606 ], [ 30.262262064638808, 51.47615942627727 ], [ 30.261899592245644, 51.474385262991554 ], [ 30.264740541377353, 51.474158879022532 ], [ 30.266856190771684, 51.470384150436821 ], [ 30.272537474655039, 51.469931099115875 ], [ 30.272174684449976, 51.468156985916231 ], [ 30.277855605530068, 51.467703690790252 ], [ 30.277492637976611, 51.465929603836457 ], [ 30.283173196230173, 51.465476064953315 ], [ 30.282810051385255, 51.46370200425784 ], [ 30.291330288792334, 51.463021228246468 ], [ 30.290603467440228, 51.459473185677531 ], [ 30.293443257983125, 51.459246152845623 ], [ 30.293079795872867, 51.457472142325024 ], [ 30.298759051239731, 51.45701790113273 ], [ 30.298395412024721, 51.455243916906063 ], [ 30.301234876853137, 51.455016708561246 ], [ 30.300871167690676, 51.453242736295216 ], [ 30.306185885461929, 51.451014198187181 ], [ 30.305458224647484, 51.447466299127385 ], [ 30.311136037452819, 51.447011520915154 ], [ 30.310408097153129, 51.443463669727237 ], [ 30.313246733708624, 51.443236207291612 ], [ 30.312882712314387, 51.441462292475919 ], [ 30.31855965982162, 51.441007192275251 ], [ 30.318195461613978, 51.439233303795675 ], [ 30.32103377257015, 51.439005666046214 ], [ 30.320305273802752, 51.435457910655217 ], [ 30.323143333603383, 51.435230233641221 ], [ 30.325252578441063, 51.431454781167723 ], [ 30.330928084182947, 51.430999144692024 ], [ 30.330199027617819, 51.427451485168788 ], [ 30.335873956792959, 51.426995634313364 ], [ 30.335509270566313, 51.425221829728784 ], [ 30.352532522638725, 51.423852732429317 ], [ 30.352167232485083, 51.42207901183815 ], [ 30.346493177930995, 51.422535620613409 ], [ 30.34612813875707, 51.420761868812178 ], [ 30.343291162407283, 51.420990056877486 ], [ 30.342561409536309, 51.417442517288393 ], [ 30.345398172220857, 51.417214358017453 ], [ 30.344668354733624, 51.413666837634644 ], [ 30.347504866542465, 51.413438639224708 ], [ 30.347421852800021, 51.399020425848143 ], [ 30.350257436116301, 51.398792206802099 ], [ 30.349162922433489, 51.393470980297792 ], [ 30.351998148459352, 51.393242736562406 ], [ 30.351268445511014, 51.389695269035343 ], [ 30.356573350345876, 51.387464926999506 ], [ 30.357218233791894, 51.376594307579403 ], [ 30.34871565765458, 51.377279057179244 ], [ 30.348351122492964, 51.375505303042985 ], [ 30.345516962611832, 51.37573340284878 ], [ 30.344423899884855, 51.370412082909894 ], [ 30.341590022479746, 51.370640071734769 ], [ 30.34122584910347, 51.368866279254433 ], [ 30.335194272747238, 51.367548201061837 ], [ 30.334466537768634, 51.364000546657756 ], [ 30.331632975053832, 51.364228274537986 ], [ 30.331269269740954, 51.362454429388833 ], [ 30.328435776432439, 51.362682075095236 ], [ 30.324875372683174, 51.359361898106286 ], [ 30.330541970403797, 51.358906731926432 ], [ 30.332647849716562, 51.355131368836254 ], [ 30.338313799037092, 51.354675853306475 ], [ 30.337949959822414, 51.352902039303579 ], [ 30.343615547836361, 51.352446281364401 ], [ 30.343251532877193, 51.350672493712764 ], [ 30.346084164784756, 51.350444527449142 ], [ 30.34818841540331, 51.346668968441932 ], [ 30.353853067968231, 51.346212754597055 ], [ 30.353488738841175, 51.344439017289254 ], [ 30.356320903035176, 51.344210823117251 ], [ 30.355956504699371, 51.342437097802815 ], [ 30.358788525385503, 51.342208850271092 ], [ 30.360891398358934, 51.338433134749017 ], [ 30.366554828585773, 51.337976358568206 ], [ 30.366190116443718, 51.33620268364939 ], [ 30.369021669486852, 51.335974208366224 ], [ 30.368656888234458, 51.334200545452624 ], [ 30.371488297803968, 51.333972016853046 ], [ 30.373589794156945, 51.330196145143525 ], [ 30.379252002255502, 51.329738807027205 ], [ 30.378886907558222, 51.327965194560939 ], [ 30.381717849555475, 51.327736438366827 ], [ 30.383818251703438, 51.323960440020286 ], [ 30.389479524728305, 51.323502646871724 ], [ 30.389114116869731, 51.321729084894848 ], [ 30.394409445604644, 51.319497514373843 ], [ 30.393678391439114, 51.315950436121064 ], [ 30.396508472949215, 51.315721360427148 ], [ 30.398607187519893, 51.311945186945664 ], [ 30.404266739776368, 51.311486755057103 ], [ 30.403900918621289, 51.309713265272741 ], [ 30.415219151421539, 51.308795647590799 ], [ 30.414852943245567, 51.307022213229814 ], [ 30.431828536615157, 51.305643844597718 ], [ 30.432195381078074, 51.307417192080266 ], [ 30.437853825420977, 51.306957165914312 ], [ 30.438220919333702, 51.308730481978067 ], [ 30.463683020779879, 51.30665688673367 ], [ 30.462946962246264, 51.303110513528914 ], [ 30.460118201664798, 51.303341154366983 ], [ 30.458646958160003, 51.296248320597172 ], [ 30.46393566513559, 51.294013902139632 ], [ 30.462832102657277, 51.288694331133478 ], [ 30.460004226990613, 51.288924923290018 ], [ 30.459268917696882, 51.285378501385594 ], [ 30.45361347758767, 51.285839424921264 ], [ 30.453246090830426, 51.284066181276437 ], [ 30.450418420530472, 51.284296527194286 ], [ 30.449683970953423, 51.280750003585226 ], [ 30.454971470316949, 51.278516065836669 ], [ 30.454604127324945, 51.276742826984126 ], [ 30.45177691781635, 51.276973182389796 ], [ 30.453869553526562, 51.273196341986129 ], [ 30.465177171066472, 51.272274361224532 ], [ 30.465544862460487, 51.274047546847754 ], [ 30.471198658268364, 51.273586122280243 ], [ 30.471566598681598, 51.275359276395832 ], [ 30.477220456240765, 51.274897552667923 ], [ 30.47758864569948, 51.276670675254785 ], [ 30.483242564908235, 51.276208652348416 ], [ 30.483611003438671, 51.277981743385453 ], [ 30.492091918282984, 51.277288158953773 ], [ 30.492460711697923, 51.279061203849579 ], [ 30.500941606004705, 51.278366968044111 ], [ 30.501310754325985, 51.280139966754881 ], [ 30.506964707546242, 51.27967677613578 ], [ 30.509052734092048, 51.275899167233327 ], [ 30.514706038650928, 51.27543562994974 ], [ 30.516793256858442, 51.27165792553614 ], [ 30.522445912773115, 51.271194041716036 ], [ 30.52207606898331, 51.269421149991658 ], [ 30.533010277387429, 51.266719795357041 ], [ 30.535095630860276, 51.262941862054419 ], [ 30.540746914177387, 51.262477150633977 ], [ 30.541117384613539, 51.264249947352276 ], [ 30.552419921302953, 51.263319656508074 ], [ 30.552049028378008, 51.261546918381143 ], [ 30.557328792715492, 51.259308686305403 ], [ 30.556957764086405, 51.257535972557413 ], [ 30.554132578778955, 51.257768737356365 ], [ 30.553761693471248, 51.255996006479194 ], [ 30.550936576005366, 51.256228689189847 ], [ 30.550565833998494, 51.254455941190095 ], [ 30.547740784384221, 51.254688541819561 ], [ 30.547370185657638, 51.252915776703809 ], [ 30.544545203904974, 51.253148295259322 ], [ 30.544174748438166, 51.251375513034112 ], [ 30.538154676330215, 51.250067504623772 ], [ 30.537414375968336, 51.24652186931295 ], [ 30.531395110563889, 51.245213466795889 ], [ 30.530655458168741, 51.241667758223528 ], [ 30.527831026927711, 51.241899837283306 ], [ 30.527091736006117, 51.23835408964662 ], [ 30.524267478182249, 51.238586072076004 ], [ 30.523528548622124, 51.235040285394106 ], [ 30.520704464204584, 51.235272171211776 ], [ 30.51996589589389, 51.231726345503752 ], [ 30.517141984871888, 51.23195813472838 ], [ 30.516034730415974, 51.226639333977047 ], [ 30.513211098227835, 51.226871012037485 ], [ 30.5117357060351, 51.219779185025921 ], [ 30.508912458041809, 51.22001073737318 ], [ 30.505595967081202, 51.204053852117021 ], [ 30.50277362990062, 51.204285205951628 ], [ 30.502037254543563, 51.200739175400308 ], [ 30.504859381103135, 51.200507850697115 ], [ 30.501546596620596, 51.184550723259157 ], [ 30.504367738502712, 51.184319462307847 ], [ 30.502895941454803, 51.177227400347824 ], [ 30.505716625225975, 51.176996130356393 ], [ 30.504612854520005, 51.171677101896535 ], [ 30.507433185489827, 51.17144580832349 ], [ 30.506697315013781, 51.167899806245813 ], [ 30.509517398385018, 51.167668474547249 ], [ 30.508413557731753, 51.162349496775086 ], [ 30.511233288488981, 51.162118141527657 ], [ 30.509761603958609, 51.155026195175282 ], [ 30.51258087719313, 51.154794830958018 ], [ 30.511477191106522, 51.149475889199941 ], [ 30.514296111985328, 51.149244501468139 ], [ 30.513560298113529, 51.145698557191572 ], [ 30.516378971696941, 51.145467131398114 ], [ 30.51343637078137, 51.131283372954073 ], [ 30.516254167730459, 51.131051996491138 ], [ 30.514783343900781, 51.123960116811062 ], [ 30.517600684142788, 51.123728731446988 ], [ 30.516497643705097, 51.118409839686215 ], [ 30.519314632213696, 51.118178430878586 ], [ 30.51502744548327, 51.111317949771006 ], [ 30.509761478811747, 51.113553454864459 ], [ 30.510496158823301, 51.117099458030012 ], [ 30.507679163201889, 51.11733065093302 ], [ 30.508046454340786, 51.119103663398967 ], [ 30.505229316640413, 51.119334803726126 ], [ 30.505596540250615, 51.121107828294434 ], [ 30.502779260461406, 51.121338916036585 ], [ 30.503146416522547, 51.123111952705116 ], [ 30.500328994634629, 51.123342987853071 ], [ 30.500696083126343, 51.125116036619652 ], [ 30.497878519129841, 51.125347019164273 ], [ 30.498245540031771, 51.127120080026728 ], [ 30.495427833916814, 51.127351009958808 ], [ 30.495794787208609, 51.129124082915034 ], [ 30.49297693896531, 51.129354960225392 ], [ 30.493343824626592, 51.131128045273236 ], [ 30.490525834245087, 51.131358869952685 ], [ 30.488441270065039, 51.135135848353926 ], [ 30.482804683459452, 51.135597219959244 ], [ 30.48071931707204, 51.139374103242169 ], [ 30.475082087356153, 51.139835129806293 ], [ 30.47544842461911, 51.141608304296724 ], [ 30.469810836145026, 51.142069091095372 ], [ 30.470177000632358, 51.1438422921578 ], [ 30.464539053421809, 51.144302839143627 ], [ 30.464905045077913, 51.146076066765829 ], [ 30.459266739152703, 51.146536373891472 ], [ 30.459632557921957, 51.14830962806122 ], [ 30.451174505283252, 51.148999628052437 ], [ 30.451540046052369, 51.150772923231436 ], [ 30.44026170251729, 51.151692039889973 ], [ 30.440626860098025, 51.153465390506476 ], [ 30.415247472276253, 51.155529599229979 ], [ 30.415611720852024, 51.157303077382878 ], [ 30.404330609755092, 51.1582188124056 ], [ 30.404694474682078, 51.159992345805591 ], [ 30.399053486923489, 51.16044983848014 ], [ 30.39941717844485, 51.162223398281213 ], [ 30.3828557945358, 51.165367991486555 ], [ 30.383218928600222, 51.16714163281344 ], [ 30.380397842074629, 51.167369917604432 ], [ 30.380760907788257, 51.169143570910201 ], [ 30.377939679104877, 51.169371802762363 ], [ 30.378302676447213, 51.171145468044863 ], [ 30.375481305596256, 51.171373646948993 ], [ 30.373385582056724, 51.17514913938227 ], [ 30.367742234751223, 51.175605218008563 ], [ 30.365645705567221, 51.179380613754617 ], [ 30.3600017157477, 51.17983634575144 ], [ 30.360364160215685, 51.181610099586599 ], [ 30.354719812293073, 51.182065590864084 ], [ 30.355082082858754, 51.183839370998577 ], [ 30.349437376855498, 51.184294621509366 ], [ 30.349799473463147, 51.186068427930891 ], [ 30.3441544094017, 51.186523437627663 ], [ 30.3445163319956, 51.188297270323879 ], [ 30.336048143673661, 51.188979322501616 ], [ 30.336409786755354, 51.190753195776445 ], [ 30.325117932434775, 51.191661712485292 ], [ 30.325479190431032, 51.193435640609017 ], [ 30.30006942078704, 51.195475988695151 ], [ 30.300429765957784, 51.197250042976954 ], [ 30.297606169317969, 51.197476425500483 ], [ 30.297245929678787, 51.195702356957696 ], [ 30.274656682770299, 51.197510875631266 ], [ 30.27819950481415, 51.200833380967957 ], [ 30.283847385205412, 51.200381464086156 ], [ 30.284207170298131, 51.202155599152718 ], [ 30.28703116118351, 51.201929525304799 ], [ 30.287391088462435, 51.203703643767589 ], [ 30.290215148319962, 51.203477488227605 ], [ 30.290575217805678, 51.205251590080138 ], [ 30.29339934662563, 51.205025352840849 ], [ 30.293759558338717, 51.206799438076587 ], [ 30.29658375611135, 51.206573119130788 ], [ 30.296944110072403, 51.208347187743236 ], [ 30.299768376787977, 51.208120787083701 ], [ 30.300128873017588, 51.209894839066358 ], [ 30.302953208666352, 51.209668356685867 ], [ 30.303313847185109, 51.211442392032197 ], [ 30.306138251757307, 51.211215827923539 ], [ 30.30649903258583, 51.212989846627046 ], [ 30.312508971620339, 51.214310475250493 ], [ 30.313231139375876, 51.217858443675134 ], [ 30.319241886737128, 51.219178681021802 ], [ 30.319964697587917, 51.222726578031704 ], [ 30.3227896579339, 51.222499576571344 ], [ 30.32351282723344, 51.226047435473724 ], [ 30.326337962127464, 51.225820337923423 ], [ 30.327061489987504, 51.229368158699415 ], [ 30.329886799440896, 51.229140965040486 ], [ 30.330610685973284, 51.232688747671247 ], [ 30.333436169997356, 51.232461457884988 ], [ 30.334522593254466, 51.237783071012878 ], [ 30.337348357590386, 51.237555670752656 ], [ 30.338797861038337, 51.244651064254981 ], [ 30.341624011505282, 51.244423539152031 ], [ 30.344888505245784, 51.260387905978149 ], [ 30.347715571126511, 51.260160184243745 ], [ 30.348078583181561, 51.261933976496202 ], [ 30.345251411436397, 51.262161712581985 ], [ 30.348519230528542, 51.278125864553495 ], [ 30.345691068543616, 51.278353662254389 ], [ 30.347143970291253, 51.285448836227296 ], [ 30.344315347349138, 51.285676623752479 ], [ 30.345405094101704, 51.290998022220862 ], [ 30.342576116062762, 51.291225785195181 ], [ 30.343302586813973, 51.294773400944401 ], [ 30.340473359646396, 51.295001124995309 ], [ 30.341199766259855, 51.298548759902083 ], [ 30.338370289912877, 51.298776445015349 ], [ 30.33699318493635, 51.306099418456718 ], [ 30.331696180500522, 51.3083284268982 ], [ 30.332422256033162, 51.311876143190361 ], [ 30.329591888659003, 51.312103658065865 ], [ 30.329954875725921, 51.313877526978565 ], [ 30.327124365157726, 51.314104988505491 ], [ 30.327487283006459, 51.315878869375211 ], [ 30.324656629234365, 51.316106277544307 ], [ 30.325019477844176, 51.317880170368845 ], [ 30.322188680858311, 51.318107525170845 ], [ 30.322551460208459, 51.319881429947991 ], [ 30.31972051999897, 51.320108731373637 ], [ 30.3200832300687, 51.321882648101166 ], [ 30.31725214662573, 51.322109896141207 ], [ 30.317614787394284, 51.323883824816974 ], [ 30.314783560707966, 51.324111019462094 ], [ 30.315146132154599, 51.325884960083854 ], [ 30.31231476221507, 51.32611210132486 ], [ 30.310208183856879, 51.329887106225094 ], [ 30.304544833964282, 51.330341107289804 ], [ 30.302437441879658, 51.334116013964874 ], [ 30.296773444996226, 51.334569665753612 ], [ 30.297135456773109, 51.336343694682263 ], [ 30.291471099481853, 51.336797104017535 ], [ 30.291832935384551, 51.338571159168616 ], [ 30.286168217708479, 51.339024326002836 ], [ 30.286529877680632, 51.340798407363877 ], [ 30.280864799642757, 51.341251331649453 ], [ 30.28122628362798, 51.343025439207999 ], [ 30.272728070788276, 51.343704360050573 ], [ 30.273089272267612, 51.345478508064289 ], [ 30.261757380260015, 51.346382843724847 ], [ 30.26211819263898, 51.34815704641737 ], [ 30.236618325226278, 51.350187962698996 ], [ 30.236978215660582, 51.351962291146165 ], [ 30.234144606816063, 51.352187623590936 ], [ 30.233784822933924, 51.350413280929438 ], [ 30.208281652054509, 51.352438092203812 ], [ 30.20792286396836, 51.350663619459915 ], [ 30.1965875955357, 51.351561714828044 ], [ 30.196229270401112, 51.349787183086328 ], [ 30.187727754979001, 51.350459999668303 ], [ 30.188801880530335, 51.355783715247092 ], [ 30.191636075401568, 51.355559468468741 ], [ 30.193069180983972, 51.362657666646115 ], [ 30.195903765913297, 51.362433295378601 ], [ 30.199131353651126, 51.378403977217957 ], [ 30.201966862433654, 51.378179410572173 ], [ 30.20232577310707, 51.379953904918622 ], [ 30.19949015755768, 51.380178485735804 ], [ 30.202721041532708, 51.396148957148142 ], [ 30.199884427939526, 51.39637359759331 ], [ 30.201320902048305, 51.403471580766471 ], [ 30.198483824206299, 51.403696209948514 ], [ 30.200638994187585, 51.414343199579747 ], [ 30.197801237950028, 51.41456784583837 ], [ 30.199238323835509, 51.421665848843901 ], [ 30.196400102862686, 51.421890483803644 ], [ 30.197477981555721, 51.427214004027761 ], [ 30.194639402725194, 51.4274386134908 ], [ 30.195357957918052, 51.430987643633337 ], [ 30.192519128216478, 51.431212213404628 ], [ 30.193237616047664, 51.434761262545159 ], [ 30.190398535423903, 51.434985792610341 ], [ 30.191116955838908, 51.438534860747211 ], [ 30.188277624241799, 51.438759351091889 ], [ 30.186874679983511, 51.446081994957922 ], [ 30.181553959248863, 51.448305326474731 ], [ 30.182272036051987, 51.451854475252105 ], [ 30.179431807294893, 51.452078792406091 ], [ 30.179790793503766, 51.453853377455772 ], [ 30.176950420803898, 51.454077640657665 ], [ 30.177309336449877, 51.455852237533918 ], [ 30.174468819797397, 51.456076446774389 ], [ 30.174827664859457, 51.457851055474947 ], [ 30.171987004244539, 51.458075210744688 ], [ 30.172345778701633, 51.459849831267313 ], [ 30.169504974114446, 51.460073932556988 ], [ 30.169863677945528, 51.461848564899427 ], [ 30.167022729376267, 51.462072612199734 ], [ 30.16738136256027, 51.46384725635972 ], [ 30.164540269999087, 51.464071249661309 ], [ 30.164898832514975, 51.465845905636613 ], [ 30.162057595952074, 51.466069844930175 ], [ 30.159933128320752, 51.469843077593872 ], [ 30.15425004248684, 51.470290671924204 ], [ 30.152124752447659, 51.474063803846775 ], [ 30.146441017229161, 51.474511045637392 ], [ 30.146799011243779, 51.476285788904363 ], [ 30.14111491472147, 51.476732786185778 ], [ 30.141472730465484, 51.478507555363436 ], [ 30.135788272663362, 51.478954308087914 ], [ 30.136145910079883, 51.480729103163682 ], [ 30.130461091022017, 51.48117561128344 ], [ 30.130818550054141, 51.482950432244678 ], [ 30.125133369764598, 51.48339669571196 ], [ 30.125490650355395, 51.485171542546055 ], [ 30.116962283311135, 51.485840468357338 ], [ 30.117319277872227, 51.487615355133535 ], [ 30.120162210950863, 51.487392434007454 ], [ 30.120519349577208, 51.489167304387649 ], [ 30.126562711447427, 51.49049606915122 ], [ 30.126920138267636, 51.49227090671971 ], [ 30.124076955638774, 51.492494006582966 ], [ 30.125149132813309, 51.497818547672352 ], [ 30.122305590887265, 51.498041621568348 ], [ 30.12302034331935, 51.501591332233318 ], [ 30.120176549608708, 51.501814366053104 ], [ 30.120891233069134, 51.505364095638036 ], [ 30.123735242043455, 51.505141033634075 ], [ 30.124092746277285, 51.506915880859779 ], [ 30.132624876574646, 51.506246242913164 ], [ 30.13190925889425, 51.502696630754336 ], [ 30.134753013856351, 51.502473309780896 ], [ 30.134395152326121, 51.500698514330324 ], [ 30.13723876306603, 51.500475139208952 ], [ 30.139366293625745, 51.496702154423083 ], [ 30.145052901638543, 51.496255119403038 ], [ 30.147179608328845, 51.492482033561181 ], [ 30.16387818076447, 51.489364399460861 ], [ 30.167827674736063, 51.508885439275261 ], [ 30.170671527456467, 51.508661228506526 ], [ 30.174234341375637, 51.511986142449473 ], [ 30.182766214097317, 51.511312810789924 ], [ 30.182406373897564, 51.509538258009236 ], [ 30.188093889755056, 51.509089057328715 ], [ 30.19021737702295, 51.505315327172077 ] ] ], [ [ [ 29.744583232012811, 51.51622731223604 ], [ 29.747430859388011, 51.516013347022771 ], [ 29.747087885129051, 51.514236665228886 ], [ 29.741050088760311, 51.512887789065473 ], [ 29.740022130972189, 51.507557642938522 ], [ 29.745716339428327, 51.507129916299576 ], [ 29.742974933453613, 51.492916314068893 ], [ 29.734436161933221, 51.493557476827341 ], [ 29.733409685822437, 51.488227218501883 ], [ 29.736255653994505, 51.488013606558276 ], [ 29.734545021228591, 51.479129866832068 ], [ 29.737390414482334, 51.478916254006229 ], [ 29.736706190693145, 51.475362769943693 ], [ 29.739551333048688, 51.475149115729032 ], [ 29.741027549854984, 51.467828507033268 ], [ 29.746374445465278, 51.46562426484055 ], [ 29.744663217138477, 51.456740732670426 ], [ 29.753194883004014, 51.456099149855291 ], [ 29.752852419055827, 51.454322477465304 ], [ 29.758539805510935, 51.453894440915079 ], [ 29.75819716108084, 51.452117793409379 ], [ 29.766727654470575, 51.451475266673391 ], [ 29.766384721877984, 51.449698657607804 ], [ 29.783444114481647, 51.448411840682979 ], [ 29.78310057071894, 51.446635310778113 ], [ 29.7887865384191, 51.446205852434744 ], [ 29.788442814444437, 51.444429347489475 ], [ 29.794128426120327, 51.443999643093314 ], [ 29.793784521990279, 51.442223163120417 ], [ 29.796627167399578, 51.442008222064246 ], [ 29.798003425738035, 51.449114074469854 ], [ 29.795160349651152, 51.449329069876299 ], [ 29.796192589992199, 51.45465847695106 ], [ 29.793349155570422, 51.454873444810566 ], [ 29.794037276390856, 51.458426399087607 ], [ 29.799724540960781, 51.457996340681269 ], [ 29.800068869692538, 51.459772787348555 ], [ 29.811443406871621, 51.458911796205314 ], [ 29.81178820183456, 51.460688186252945 ], [ 29.814631855685416, 51.46047275403695 ], [ 29.813942085580813, 51.456919998978975 ], [ 29.816785488681948, 51.456704525679655 ], [ 29.815405941119813, 51.449599043671256 ], [ 29.81824887816456, 51.449383556545342 ], [ 29.818593819796519, 51.451159916723412 ], [ 29.824279803335894, 51.450728710331354 ], [ 29.824624995617171, 51.452505041055176 ], [ 29.830311053224833, 51.45207353420507 ], [ 29.830656496183611, 51.453849835453489 ], [ 29.833499579649789, 51.453633965939019 ], [ 29.833845165637477, 51.455410251339664 ], [ 29.839531441834247, 51.45497828011468 ], [ 29.843066451058093, 51.458314674313293 ], [ 29.848752945624074, 51.457882238640615 ], [ 29.848406750463642, 51.456106025945289 ], [ 29.851249836939846, 51.455889719327779 ], [ 29.850211141003019, 51.450561108992567 ], [ 29.870109493358036, 51.44904533793472 ], [ 29.869762578928928, 51.447269225859479 ], [ 29.881131855074059, 51.446401623847429 ], [ 29.8821739960066, 51.451729788919046 ], [ 29.879331407466218, 51.451946832955649 ], [ 29.881068481778254, 51.46082713222242 ], [ 29.883911608481228, 51.460610019591329 ], [ 29.884259237657123, 51.462386059056662 ], [ 29.889945599666706, 51.461951601470531 ], [ 29.890293479749541, 51.46372761125356 ], [ 29.887450208870419, 51.46394488792405 ], [ 29.888841654456328, 51.471048959731249 ], [ 29.891685356102865, 51.470831628124422 ], [ 29.892381507959588, 51.474383623199898 ], [ 29.88669363815637, 51.474818273041244 ], [ 29.887389501528386, 51.478370314156585 ], [ 29.893426002952275, 51.479711599108029 ], [ 29.894470818708854, 51.485039554964537 ], [ 29.900159839114721, 51.484604466873726 ], [ 29.900508397928881, 51.486380420199481 ], [ 29.909041984293307, 51.485727234230339 ], [ 29.909390902172341, 51.487503144036381 ], [ 29.920768948410167, 51.486631217571713 ], [ 29.921118333160731, 51.48840707002887 ], [ 29.923962863123563, 51.488188903782174 ], [ 29.924661955508363, 51.491740574398541 ], [ 29.930351339238563, 51.491303981709237 ], [ 29.930701154708192, 51.49307978605998 ], [ 29.933545900663386, 51.492861373397922 ], [ 29.935690584518944, 51.489091336674349 ], [ 29.941379466172801, 51.488654224901452 ], [ 29.941029291248487, 51.486878471302063 ], [ 29.938184976096419, 51.487097047538633 ], [ 29.937834944758723, 51.485321277878846 ], [ 29.934990701530861, 51.4855397719788 ], [ 29.934640813758577, 51.483763986265146 ], [ 29.931796642464526, 51.483982398235881 ], [ 29.931446898236434, 51.482206596474903 ], [ 29.925409170783126, 51.480867356256503 ], [ 29.924710292138396, 51.477315686344532 ], [ 29.918673390696053, 51.475976055826798 ], [ 29.917975157357859, 51.472424317345201 ], [ 29.915131561280525, 51.472642291226869 ], [ 29.91443368618954, 51.469090516248556 ], [ 29.91159026977207, 51.469308394285711 ], [ 29.910892752814775, 51.465756582829293 ], [ 29.908049516044549, 51.465974365040836 ], [ 29.907352357107456, 51.462422517124928 ], [ 29.904509299971835, 51.462640203529823 ], [ 29.903464151889956, 51.457312373648506 ], [ 29.900621381996579, 51.457529950515358 ], [ 29.899228780478538, 51.450426091124292 ], [ 29.89638640535405, 51.450643544743713 ], [ 29.893256102213865, 51.434659607139487 ], [ 29.890414659304756, 51.434876868907786 ], [ 29.88902476790895, 51.427772783866665 ], [ 29.891865780954738, 51.427555577001066 ], [ 29.888739636385473, 51.411571379080371 ], [ 29.891579647365948, 51.411354227517855 ], [ 29.890190743456397, 51.404250136625393 ], [ 29.893030289659293, 51.404032971779806 ], [ 29.891988662464126, 51.398704921423217 ], [ 29.89482785134193, 51.398487729594358 ], [ 29.894133396111954, 51.394935712345031 ], [ 29.896972335007948, 51.394718479829642 ], [ 29.896277807247174, 51.391166481127144 ], [ 29.899116496211995, 51.390949207939734 ], [ 29.900565662405572, 51.383627952337548 ], [ 29.905894508018857, 51.381417218590386 ], [ 29.905199619708505, 51.377865298546887 ], [ 29.908037416566458, 51.377647849084113 ], [ 29.907689918536494, 51.37587189945463 ], [ 29.910527572786989, 51.375654395654806 ], [ 29.910180003156015, 51.373878457533344 ], [ 29.913017514808569, 51.373660899405763 ], [ 29.912669873597615, 51.371884972794632 ], [ 29.915507242661732, 51.371667360348596 ], [ 29.915159529891842, 51.369891445250097 ], [ 29.917996756377025, 51.369673778494906 ], [ 29.917648972069216, 51.36789787491135 ], [ 29.920486055984959, 51.367680153856305 ], [ 29.920138200160292, 51.365904261789979 ], [ 29.922975141516094, 51.365686486444375 ], [ 29.922627214195582, 51.363910605897587 ], [ 29.925464013000948, 51.363692776270732 ], [ 29.927604600220921, 51.359923165846197 ], [ 29.933277592134782, 51.359487221505198 ], [ 29.935417359088113, 51.35571750819097 ], [ 29.941089709783963, 51.355281210858116 ], [ 29.940741211425795, 51.353505415489487 ], [ 29.94357722647224, 51.353287178598798 ], [ 29.943228656774806, 51.351511394769766 ], [ 29.946064529316381, 51.351293103665931 ], [ 29.945715888300665, 51.34951733137877 ], [ 29.951038493594258, 51.347304825825859 ], [ 29.950689710004944, 51.345529076629326 ], [ 29.947854229318011, 51.345747462344065 ], [ 29.947156982658676, 51.34219592965389 ], [ 29.944321680104299, 51.34241421983036 ], [ 29.943276397483675, 51.337086862655724 ], [ 29.940441379879918, 51.337305043538763 ], [ 29.939048594727875, 51.330201814214689 ], [ 29.936213968812719, 51.330419872071097 ], [ 29.933083240852369, 51.314437351428104 ], [ 29.930249540130287, 51.314655217535268 ], [ 29.929901965602006, 51.31287935698662 ], [ 29.93273555963075, 51.312661504630434 ], [ 29.929608024251955, 51.296678782980607 ], [ 29.932440623083465, 51.296460986471892 ], [ 29.931051102423481, 51.28935755157805 ], [ 29.933883239562068, 51.289139742196092 ], [ 29.932841151409455, 51.283812183826491 ], [ 29.935672933551068, 51.283594347844108 ], [ 29.934978172211391, 51.280042658595761 ], [ 29.937809705943717, 51.279824782282688 ], [ 29.937114873330763, 51.27627311159965 ], [ 29.939946158704029, 51.276055194970354 ], [ 29.941387316943327, 51.268733952376124 ], [ 29.946701211966481, 51.266522097538314 ], [ 29.946006023953828, 51.262970505605381 ], [ 29.948836422751121, 51.262752414096298 ], [ 29.948488775528816, 51.260976628535637 ], [ 29.95131903253554, 51.260758483018158 ], [ 29.95097131440242, 51.258982708983474 ], [ 29.953801429628026, 51.258764509466857 ], [ 29.953453640604941, 51.256988746960417 ], [ 29.956283614058883, 51.256770493453878 ], [ 29.955935754166664, 51.254994742477976 ], [ 29.958765585858384, 51.254776434990823 ], [ 29.958417655117888, 51.253000695547712 ], [ 29.961247345056851, 51.25278233408919 ], [ 29.96089934348888, 51.251006606181207 ], [ 29.963728891684532, 51.250788190760524 ], [ 29.963380819309933, 51.249012474389929 ], [ 29.966210225771732, 51.248794005016386 ], [ 29.965862082611306, 51.247018300185452 ], [ 29.96869134734871, 51.246799776868265 ], [ 29.970823971776142, 51.243029824583012 ], [ 29.976481898916198, 51.242592494519464 ], [ 29.978613709159912, 51.23882244046689 ], [ 29.984270998502559, 51.23838475937692 ], [ 29.983922289386214, 51.236609139883662 ], [ 29.989579224304663, 51.236171215639985 ], [ 29.989230338410326, 51.234395621518097 ], [ 29.994886918880063, 51.233957454167864 ], [ 29.994537856263491, 51.232181885429931 ], [ 30.000194082260073, 51.231743475020245 ], [ 29.999844842977048, 51.229967931678893 ], [ 30.008328596845374, 51.22930985005312 ], [ 30.0079790748687, 51.227534345958595 ], [ 30.019289823951972, 51.22665601196428 ], [ 30.018939913328271, 51.224880561000816 ], [ 30.044386058698691, 51.222900477229338 ], [ 30.044035229532238, 51.221125148860025 ], [ 30.049689323797004, 51.220684414112519 ], [ 30.050040364950156, 51.222459714690892 ], [ 30.075482972421092, 51.22047293628448 ], [ 30.075835003118666, 51.222248109317604 ], [ 30.087142321056081, 51.221363283160379 ], [ 30.087494811425959, 51.223138398123098 ], [ 30.095975240930418, 51.222474026831122 ], [ 30.096328085042874, 51.224249097619655 ], [ 30.101981736996514, 51.223805817494011 ], [ 30.102334828933682, 51.225580858044836 ], [ 30.113995676794719, 51.226468413016562 ], [ 30.113642125125505, 51.224693430707603 ], [ 30.116468859214887, 51.224471404887296 ], [ 30.116115237616864, 51.222696434278781 ], [ 30.118941829784315, 51.222474354868986 ], [ 30.118588138278163, 51.220699395963159 ], [ 30.121414588533245, 51.220477262973098 ], [ 30.121060827139708, 51.218702315772234 ], [ 30.123887135492001, 51.218480129211159 ], [ 30.123533304231756, 51.216705193717466 ], [ 30.126359470690872, 51.2164829535946 ], [ 30.128477623228523, 51.212710824062377 ], [ 30.134129352594076, 51.212266062071528 ], [ 30.136246694492897, 51.208493832811904 ], [ 30.14189778430141, 51.208048721635478 ], [ 30.141543392429305, 51.206273872766232 ], [ 30.147194126391536, 51.205828519513446 ], [ 30.146839559035094, 51.204053696407641 ], [ 30.152489937127438, 51.203608101125702 ], [ 30.152135194342389, 51.201833303795816 ], [ 30.157785216541253, 51.201387466531912 ], [ 30.157430298383321, 51.1996126949904 ], [ 30.165904743612305, 51.198943474935277 ], [ 30.165549544429794, 51.197168743256945 ], [ 30.176847875904027, 51.19627556112161 ], [ 30.176492290119477, 51.194500883415124 ], [ 30.201910467550253, 51.192487402546554 ], [ 30.20155396714922, 51.190712849396888 ], [ 30.204377922266932, 51.190488806055107 ], [ 30.204734528287343, 51.192263345086957 ], [ 30.227325707320034, 51.19046845683981 ], [ 30.226968256518361, 51.188694030898574 ], [ 30.22414459187242, 51.18891861387057 ], [ 30.223787282996529, 51.187144171442377 ], [ 30.218140055835281, 51.187593106757589 ], [ 30.214602512422111, 51.18426849654324 ], [ 30.203308321823879, 51.185165174987851 ], [ 30.203664819040025, 51.186939721005324 ], [ 30.178249819609881, 51.188953428444108 ], [ 30.178605402527086, 51.190728099026359 ], [ 30.170132767669454, 51.191398162654949 ], [ 30.169777501692923, 51.189623449849087 ], [ 30.1443585975193, 51.191629870065995 ], [ 30.144004318670817, 51.189855028505619 ], [ 30.132706513051467, 51.190744959935131 ], [ 30.132352692989816, 51.188970059985209 ], [ 30.12387927784145, 51.189636757796997 ], [ 30.123525810853621, 51.187861813529381 ], [ 30.117876898989017, 51.188305913241294 ], [ 30.117523679349858, 51.186530938687561 ], [ 30.109050359151613, 51.187196540035785 ], [ 30.108697492534855, 51.18542152123824 ], [ 30.100224166334041, 51.186086473141621 ], [ 30.099871652715922, 51.184311410143927 ], [ 30.094222800648787, 51.184754345969573 ], [ 30.094575102843265, 51.186529436885365 ], [ 30.088925895963339, 51.186972130590021 ], [ 30.089278022541716, 51.188747247122691 ], [ 30.083628460872877, 51.189189698659213 ], [ 30.083980411779532, 51.190964840796262 ], [ 30.078330495345654, 51.191407050117547 ], [ 30.078682270524958, 51.193182217846456 ], [ 30.070206810088958, 51.193845067128322 ], [ 30.070558303686859, 51.195620274360664 ], [ 30.059256765819502, 51.196503183483145 ], [ 30.059607871908099, 51.198278444096509 ], [ 30.034176369733625, 51.200261162587942 ], [ 30.034526558801897, 51.202036545928536 ], [ 30.031700552096776, 51.202256524003701 ], [ 30.03135046891413, 51.200481126794699 ], [ 30.011568166028823, 51.202018983973524 ], [ 30.011917507879421, 51.203794478145888 ], [ 30.000612128517233, 51.204671822033589 ], [ 30.00096108216928, 51.206447369270144 ], [ 29.975520947719986, 51.208417562259562 ], [ 29.975868983062014, 51.210193231483117 ], [ 29.973042018135967, 51.210411817498247 ], [ 29.972694088799614, 51.208636134490938 ], [ 29.964213299530389, 51.209291445411907 ], [ 29.965951710017723, 51.218170044683824 ], [ 29.963124179233347, 51.218388415239559 ], [ 29.964515120739506, 51.225491309427568 ], [ 29.961687130161131, 51.225709667406484 ], [ 29.962730389846325, 51.231036855846092 ], [ 29.959902045438955, 51.231255187458288 ], [ 29.960597516708322, 51.234806662762843 ], [ 29.957768924544599, 51.235024954221487 ], [ 29.958464325149894, 51.238576448108567 ], [ 29.955635485179773, 51.238794699399257 ], [ 29.954196986351928, 51.246115954022287 ], [ 29.948885749636389, 51.24832801780456 ], [ 29.949580796202707, 51.251879590476136 ], [ 29.946751070807338, 51.25209766719292 ], [ 29.947098540915366, 51.253873463932642 ], [ 29.944268673805155, 51.254091486656506 ], [ 29.944616073010017, 51.255867294915831 ], [ 29.941786064175506, 51.256085263637573 ], [ 29.94213339245637, 51.257861083414198 ], [ 29.93930324188813, 51.258078998124546 ], [ 29.939650499224147, 51.259854829416192 ], [ 29.936820206912731, 51.260072690105886 ], [ 29.937167393283055, 51.261848532910264 ], [ 29.934336959219042, 51.262066339570048 ], [ 29.934684074602824, 51.263842193884869 ], [ 29.93185349877675, 51.264059946505505 ], [ 29.932200543153151, 51.265835812328461 ], [ 29.929369825555586, 51.266053510900683 ], [ 29.927232841824249, 51.269822921576399 ], [ 29.921570804129274, 51.270258034669453 ], [ 29.919433004276137, 51.27402734284761 ], [ 29.908453774917461, 51.276672572010128 ], [ 29.90880007333331, 51.278448547971259 ], [ 29.90596839893681, 51.278665718572199 ], [ 29.906314626153666, 51.280441706016056 ], [ 29.903482809936857, 51.280658822485293 ], [ 29.903828965933833, 51.282434821409616 ], [ 29.900997007887288, 51.282651883737898 ], [ 29.901343092643486, 51.284427894140343 ], [ 29.898510992757789, 51.284644902318391 ], [ 29.898857006252292, 51.28642092419669 ], [ 29.896024764518035, 51.286637878215252 ], [ 29.89637070672994, 51.288413911567091 ], [ 29.893538323137683, 51.288630811416873 ], [ 29.89388419404608, 51.290406856239947 ], [ 29.891051668586417, 51.290623701911706 ], [ 29.891397468170378, 51.292399758203715 ], [ 29.888564800833894, 51.292616549688169 ], [ 29.888910529072504, 51.294392617446803 ], [ 29.886077719849784, 51.294609354734703 ], [ 29.883936011088878, 51.29837820772466 ], [ 29.878269789796395, 51.298811397564229 ], [ 29.876127262990572, 51.302580147389797 ], [ 29.870460403575226, 51.303012984485747 ], [ 29.870805561369906, 51.304789136866091 ], [ 29.865138347680112, 51.305221729626204 ], [ 29.865483327249631, 51.306997907105355 ], [ 29.859815759310649, 51.307430255482473 ], [ 29.860160560598981, 51.309206458047662 ], [ 29.854492638436081, 51.30963856199461 ], [ 29.8548372613872, 51.311414789633169 ], [ 29.838176027986975, 51.314485859886993 ], [ 29.838520080474776, 51.316262164867723 ], [ 29.827181689807681, 51.317124090085272 ], [ 29.827525350071102, 51.318900447289018 ], [ 29.802010958505274, 51.320835924945406 ], [ 29.802353691963614, 51.32261240216873 ], [ 29.796683228277917, 51.32304178759442 ], [ 29.796340708622886, 51.321265283258214 ], [ 29.770822854714293, 51.323194029763108 ], [ 29.770481332273381, 51.321417401451221 ], [ 29.759139584632997, 51.322272799892431 ], [ 29.758798524801954, 51.320496115389275 ], [ 29.750292169269549, 51.321136909600803 ], [ 29.749951465082368, 51.319360182461914 ], [ 29.744280601358941, 51.319787011566113 ], [ 29.743940145839229, 51.318010255306447 ], [ 29.738269356983601, 51.31843678540686 ], [ 29.737929150103248, 51.316660000047406 ], [ 29.726247839127254, 51.315735348877332 ], [ 29.722733296877301, 51.31239449689653 ], [ 29.717062877788909, 51.312819967203218 ], [ 29.71672355824477, 51.311043079082943 ], [ 29.713888403672549, 51.311255698788905 ], [ 29.713549225694454, 51.309478795087657 ], [ 29.710714143429527, 51.309691333359311 ], [ 29.710375106996427, 51.307914414083491 ], [ 29.707540097048046, 51.308126870928255 ], [ 29.707201202138936, 51.306349936084295 ], [ 29.704366264516334, 51.306562311509559 ], [ 29.704027511110162, 51.304785361103882 ], [ 29.701192645822591, 51.304997655117049 ], [ 29.697680770491626, 51.301655920254717 ], [ 29.680671929129275, 51.302927687515009 ], [ 29.680334134643548, 51.301150623544181 ], [ 29.668994644981456, 51.301997054798363 ], [ 29.668657312645262, 51.300219935231922 ], [ 29.660152654582213, 51.300854004513205 ], [ 29.659815677447849, 51.299076842766247 ], [ 29.654145947257277, 51.299499188883253 ], [ 29.65380921836713, 51.297721998330211 ], [ 29.648139564545595, 51.298144045739527 ], [ 29.647803083871377, 51.296366826401382 ], [ 29.642133506518753, 51.296788575122832 ], [ 29.641797274032125, 51.295011327020504 ], [ 29.636127773248266, 51.295432777073962 ], [ 29.635791788920915, 51.293655500228439 ], [ 29.630122364805647, 51.294076651633723 ], [ 29.6297866286092, 51.292299346065946 ], [ 29.624452803602562, 51.294497530992864 ], [ 29.624117281262333, 51.292720198842929 ], [ 29.59860352422406, 51.294610669558629 ], [ 29.598268998614845, 51.292833215885572 ], [ 29.586929090534976, 51.293671603470571 ], [ 29.586595026920325, 51.29189409473183 ], [ 29.578090058656009, 51.292522131415609 ], [ 29.577756350043586, 51.290744580901219 ], [ 29.572086414797035, 51.29116290543179 ], [ 29.571752954185072, 51.289385326391248 ], [ 29.566083096720739, 51.289803352380474 ], [ 29.565749884080748, 51.288025744834719 ], [ 29.557245163713947, 51.288652233988131 ], [ 29.557578055419668, 51.290429881110157 ], [ 29.551907857938865, 51.290847226738016 ], [ 29.552240569630445, 51.292624898130185 ], [ 29.546570022272462, 51.29304199793507 ], [ 29.546902553894121, 51.294819693584465 ], [ 29.538396157179044, 51.295444872399656 ], [ 29.538728401628934, 51.297222605454976 ], [ 29.527385636266331, 51.298055276952269 ], [ 29.527717486370143, 51.299833060527661 ], [ 29.502193319275648, 51.3017027070794 ], [ 29.502524239296125, 51.303480606703936 ], [ 29.496851615904873, 51.303895360934561 ], [ 29.496520910150004, 51.302117435104009 ], [ 29.493684654924149, 51.302324696970246 ], [ 29.494015253539438, 51.3041026358975 ], [ 29.476996370635206, 51.305344855421694 ], [ 29.476666414952181, 51.303566838001963 ], [ 29.451136781101667, 51.305425451900284 ], [ 29.450807823723949, 51.303647314966391 ], [ 29.439460874492863, 51.304471542237344 ], [ 29.440775190058751, 51.311584286006635 ], [ 29.443612406648619, 51.311378279311526 ], [ 29.443941176720447, 51.31315644709737 ], [ 29.441103852873688, 51.313362466812634 ], [ 29.444063329774167, 51.329366001569603 ], [ 29.441225006519993, 51.329572070320012 ], [ 29.442540773949091, 51.336684751076177 ], [ 29.439701987535852, 51.336890803726618 ], [ 29.440688843893124, 51.342225331780007 ], [ 29.437849701576269, 51.342431355286465 ], [ 29.439165551016075, 51.349544082673162 ], [ 29.436325945196852, 51.349750090040665 ], [ 29.439287606755435, 51.365753723615349 ], [ 29.43644699941003, 51.365959779954103 ], [ 29.437763738116196, 51.373072504638529 ], [ 29.434922666642695, 51.373278544798005 ], [ 29.435910251267195, 51.378613105805577 ], [ 29.43306882315105, 51.37881911673864 ], [ 29.433727165904735, 51.382375506518301 ], [ 29.430885488740593, 51.382581475181539 ], [ 29.431543750770921, 51.386137882789711 ], [ 29.428701824508796, 51.386343809168366 ], [ 29.429360005757715, 51.389900234602948 ], [ 29.42651783034762, 51.390106118682269 ], [ 29.427834165848058, 51.397218996984137 ], [ 29.424991525660765, 51.397424864787588 ], [ 29.425978807455618, 51.402759541008244 ], [ 29.423135810137218, 51.402965379496806 ], [ 29.423793950709765, 51.406521846080544 ], [ 29.42095070401583, 51.406727642218819 ], [ 29.421608763564684, 51.41028412662412 ], [ 29.418765267445139, 51.410489880397378 ], [ 29.419752285659516, 51.415824630656246 ], [ 29.42543989163266, 51.415412976601125 ], [ 29.425110636059529, 51.413634754605113 ], [ 29.439328521512454, 51.412604487475598 ], [ 29.438998760206335, 51.410826328589216 ], [ 29.450372029630387, 51.410000935929261 ], [ 29.450041870650615, 51.408222827186727 ], [ 29.455728086980351, 51.407809746663062 ], [ 29.455397746124159, 51.406031661982425 ], [ 29.463926493580239, 51.40541156758966 ], [ 29.463595863099343, 51.403633520060012 ], [ 29.472123982658953, 51.403012849613582 ], [ 29.471793062653571, 51.401234839266976 ], [ 29.483162983541568, 51.400406374068517 ], [ 29.482831666360482, 51.398628414040537 ], [ 29.497042765953658, 51.397591360361169 ], [ 29.49737462182372, 51.39936925480859 ], [ 29.500216847663328, 51.399161625940906 ], [ 29.500880876747551, 51.402717382337499 ], [ 29.503723284094495, 51.402509658866904 ], [ 29.505384490274082, 51.411398947754385 ], [ 29.508227402478681, 51.411191090232528 ], [ 29.508892338573791, 51.414746764919087 ], [ 29.511735432363292, 51.414538812737881 ], [ 29.513398907328639, 51.423427897212441 ], [ 29.516242506249615, 51.423219810877221 ], [ 29.516575411268764, 51.424997608353998 ], [ 29.521929601870173, 51.422803433053041 ], [ 29.52492891634483, 51.438803298105611 ], [ 29.519573090356602, 51.440997691689681 ], [ 29.521906528861404, 51.45344208396218 ], [ 29.524751928799798, 51.453233705303234 ], [ 29.525419148874875, 51.456789200774622 ], [ 29.528264730740734, 51.456580727287573 ], [ 29.528598500087021, 51.458358458697056 ], [ 29.531444155828808, 51.458149903556361 ], [ 29.532112013216732, 51.461705333707336 ], [ 29.534957850896578, 51.461496683706933 ], [ 29.536962892733545, 51.472162844666045 ], [ 29.534116406401473, 51.472371573879208 ], [ 29.538969167259236, 51.482828930131795 ], [ 29.544663335179909, 51.482411107647351 ], [ 29.546840823397918, 51.478646819509912 ], [ 29.55253435285028, 51.478228638847618 ], [ 29.554711010068321, 51.474464242614509 ], [ 29.560403901056105, 51.474045703902362 ], [ 29.562579727578729, 51.47028119969076 ], [ 29.573628430639822, 51.467665616318762 ], [ 29.573292800458042, 51.465888098000661 ], [ 29.576138590307636, 51.465678436555848 ], [ 29.575802886447327, 51.463900929389531 ], [ 29.581158261358432, 51.461703944915428 ], [ 29.584675753523605, 51.465049041471104 ], [ 29.596394650503957, 51.465986301779566 ], [ 29.596731179499081, 51.467763711761016 ], [ 29.599576910053461, 51.467553476099724 ], [ 29.599913581558798, 51.469330870664564 ], [ 29.60594207738605, 51.470687533211233 ], [ 29.606616025077205, 51.474242258513662 ], [ 29.609462084357329, 51.474031764250938 ], [ 29.610473589029251, 51.479363796339278 ], [ 29.607627205497007, 51.479574330549994 ], [ 29.610325206281729, 51.49379309589105 ], [ 29.621713993469225, 51.492950121705796 ], [ 29.622051831806765, 51.494727404484919 ], [ 29.628084323436543, 51.496082733628633 ], [ 29.629437027143748, 51.503191728146554 ], [ 29.632284717328314, 51.502980596209532 ], [ 29.632961493584052, 51.506535053961038 ], [ 29.635809365554152, 51.506323826776089 ], [ 29.635470851855818, 51.50454661232979 ], [ 29.641166275262982, 51.504123979110922 ], [ 29.640488919077391, 51.50056959728618 ], [ 29.643336362320003, 51.500358204641216 ], [ 29.64299762808859, 51.498581023897295 ], [ 29.645844928440702, 51.498369576117724 ], [ 29.64618377085451, 51.500146743485047 ], [ 29.652217577261222, 51.501500754108356 ], [ 29.653235066263147, 51.506832156650702 ], [ 29.661778173323373, 51.506196790356384 ], [ 29.663946579766588, 51.502430705528504 ], [ 29.672488620177258, 51.501794597534186 ], [ 29.674188570034069, 51.510679777785121 ], [ 29.677036388148668, 51.51046753766532 ], [ 29.677376590865542, 51.512244553843367 ], [ 29.680224482338204, 51.512032231773418 ], [ 29.683753281885295, 51.515373813349157 ], [ 29.689449323302053, 51.514948772838075 ], [ 29.689790063588131, 51.516725728803529 ], [ 29.701523368383945, 51.517651671659827 ], [ 29.701864611490816, 51.51942856947791 ], [ 29.707902377544553, 51.520779494615724 ], [ 29.708585471664165, 51.524333225556049 ], [ 29.711433879658973, 51.524120110539592 ], [ 29.712459108235858, 51.529450650283913 ], [ 29.718156468775835, 51.529024133708418 ], [ 29.71849849827462, 51.530800948978921 ], [ 29.732741827367587, 51.529733390524797 ], [ 29.733084433349159, 51.531510136090873 ], [ 29.741630334345281, 51.53086873797173 ], [ 29.740601647433984, 51.525538616471586 ], [ 29.743449886078636, 51.525324720618912 ], [ 29.742421190736795, 51.519994620140729 ], [ 29.745269069609012, 51.519780696365352 ], [ 29.744583232012811, 51.51622731223604 ] ] ], [ [ [ 30.108790259539173, 51.488283709104749 ], [ 30.105947180430974, 51.488506357285928 ], [ 30.106303781298216, 51.490281298039143 ], [ 30.109146967968027, 51.490058635791705 ], [ 30.108790259539173, 51.488283709104749 ] ] ], [ [ [ 30.081069129656957, 51.494057251830348 ], [ 30.081424835036064, 51.495832314393013 ], [ 30.092799536147972, 51.494943600684088 ], [ 30.092443400291184, 51.493168594269761 ], [ 30.103817087918578, 51.492278844548366 ], [ 30.103460558142533, 51.490503892040991 ], [ 30.08640045359671, 51.49183802277981 ], [ 30.086756337807643, 51.493613059578401 ], [ 30.081069129656957, 51.494057251830348 ] ] ], [ [ [ 30.072893426959659, 51.49649813282101 ], [ 30.073248845798037, 51.498273235154478 ], [ 30.078936702867779, 51.497829396434796 ], [ 30.078581068730355, 51.496054322144232 ], [ 30.072893426959659, 51.49649813282101 ] ] ], [ [ [ 34.177283640237206, 44.752462904034552 ], [ 34.167447023254155, 44.753617962241449 ], [ 34.167852149757458, 44.755370294630872 ], [ 34.177689047743051, 44.754215166243071 ], [ 34.177283640237206, 44.752462904034552 ] ] ], [ [ [ 34.160879040581555, 44.757988481578487 ], [ 34.168257313245718, 44.757122623586611 ], [ 34.167852149757458, 44.755370294630872 ], [ 34.160474087905413, 44.756236100015045 ], [ 34.160879040581555, 44.757988481578487 ] ] ], [ [ [ 34.160879040581555, 44.757988481578487 ], [ 34.153500435176298, 44.75885387584573 ], [ 34.153905213957401, 44.760606306562345 ], [ 34.161284030228941, 44.759740859710966 ], [ 34.160879040581555, 44.757988481578487 ] ] ], [ [ [ 34.454551232376986, 44.888736574438155 ], [ 34.454135517907282, 44.886986359111631 ], [ 34.456597482951096, 44.886690816641476 ], [ 34.456181736054013, 44.884940615677877 ], [ 34.458643592749553, 44.884645039577002 ], [ 34.460273750076112, 44.880849071018815 ], [ 34.438918648118992, 44.87621106334182 ], [ 34.43933374513918, 44.877961393253116 ], [ 34.436871974809094, 44.878256518788895 ], [ 34.437287039352086, 44.880006863047655 ], [ 34.434825160736359, 44.880301954926324 ], [ 34.435240192790317, 44.88205231353129 ], [ 34.432778205880624, 44.882347371745858 ], [ 34.433193205433732, 44.884097744695822 ], [ 34.430731110221785, 44.88439276923927 ], [ 34.431146077262227, 44.886143156532988 ], [ 34.428683873739722, 44.886438147398295 ], [ 34.429098808255667, 44.888188549034545 ], [ 34.426636496414304, 44.888483506214691 ], [ 34.427051398393914, 44.890233922192259 ], [ 34.424588978225408, 44.890528845680201 ], [ 34.422956156024355, 44.894324610443149 ], [ 34.432806324446091, 44.893144670094429 ], [ 34.433221481018329, 44.894895039579595 ], [ 34.448411635799445, 44.894873732138905 ], [ 34.447996018682794, 44.893123473730959 ], [ 34.45045830882129, 44.892828032195105 ], [ 34.450042659241802, 44.891077788146433 ], [ 34.454551232376986, 44.888736574438155 ] ] ], [ [ [ 31.991601477163528, 46.587991314900975 ], [ 31.990878627198367, 46.584459114367441 ], [ 31.995640080691448, 46.582194589647223 ], [ 31.994917114650725, 46.578662433999035 ], [ 31.997478317292888, 46.578413169869116 ], [ 31.997116805278772, 46.57664710326786 ], [ 31.999677893886147, 46.576397798097098 ], [ 31.999316335883378, 46.574631744074878 ], [ 32.001877310463868, 46.574382397870913 ], [ 32.001515706486693, 46.5726163564294 ], [ 32.004076567048209, 46.572366969199834 ], [ 32.003714917110848, 46.570600940340654 ], [ 32.006275663661285, 46.570351512093126 ], [ 32.005913967777985, 46.568585495817935 ], [ 32.008474600325265, 46.568336026560054 ], [ 32.008112858510252, 46.566570022870529 ], [ 32.010673377062261, 46.566320512609906 ], [ 32.010311589329774, 46.564554521507674 ], [ 32.012871993894429, 46.564304970251939 ], [ 32.012510160258685, 46.562538991738656 ], [ 32.017268747932782, 46.560273800349563 ], [ 32.01654493117961, 46.556741890972837 ], [ 32.019104913923059, 46.556492232087166 ], [ 32.018381073546202, 46.552960342464743 ], [ 32.02094086245657, 46.552710657927832 ], [ 32.020216998489182, 46.549178788060786 ], [ 32.022776593603588, 46.548929077883955 ], [ 32.021690813377845, 46.543631298642694 ], [ 32.024250134888405, 46.543381578150147 ], [ 32.023526291920959, 46.539849742362236 ], [ 32.026085419727941, 46.539599996253848 ], [ 32.025361553267707, 46.536068180223602 ], [ 32.027920487408203, 46.535818408510679 ], [ 32.02903142465275, 46.528505038421237 ], [ 32.033786419301435, 46.526239474738844 ], [ 32.033062391127082, 46.522707743188768 ], [ 32.035620630708593, 46.522457853849779 ], [ 32.035258587939481, 46.520691999316647 ], [ 32.037816713746857, 46.520442069104917 ], [ 32.037454625290593, 46.518676227175142 ], [ 32.040012637331728, 46.518426256098245 ], [ 32.039650503202488, 46.516660426773505 ], [ 32.042208401485283, 46.516410414839065 ], [ 32.041846221697234, 46.514644598120988 ], [ 32.044404006229584, 46.514394545336593 ], [ 32.044041780796896, 46.512628741226813 ], [ 32.046599451586687, 46.512378647600066 ], [ 32.046237180523541, 46.510612856100217 ], [ 32.048794737578675, 46.510362721638742 ], [ 32.048432420899211, 46.508596942750465 ], [ 32.053184831555527, 46.506330785078617 ], [ 32.051735404439562, 46.499267754085245 ], [ 32.049178393379194, 46.499517908840033 ], [ 32.048091919431279, 46.494220560978569 ], [ 32.050648691654033, 46.493970452228673 ], [ 32.047390390997485, 46.478078399592157 ], [ 32.049946413085387, 46.477828372702518 ], [ 32.048498845651288, 46.470765228729846 ], [ 32.051054515663061, 46.470515207057908 ], [ 32.050692629303754, 46.468749429587511 ], [ 32.0481370387906, 46.468999435932389 ], [ 32.047775265921203, 46.467233640413752 ], [ 32.042664141923119, 46.467733454207838 ], [ 32.042302562021874, 46.465967625327913 ], [ 32.037191461127499, 46.466467184157182 ], [ 32.036830074177971, 46.464701321933291 ], [ 32.031718996461166, 46.465200625810418 ], [ 32.031357802446905, 46.46343473025987 ], [ 32.026246747981475, 46.463933779197539 ], [ 32.022969360581236, 46.460651328521948 ], [ 32.017858420627022, 46.461149979787827 ], [ 32.017497725823411, 46.459383999641965 ], [ 32.01494228450413, 46.459633225866874 ], [ 32.014581703075883, 46.457867227732564 ], [ 32.012026307370824, 46.458116382596856 ], [ 32.011665839303831, 46.456350366479562 ], [ 32.009110489220816, 46.456599449988836 ], [ 32.008750134500929, 46.454833415894058 ], [ 32.006194830047825, 46.455082428053942 ], [ 32.005834588660925, 46.453316375987164 ], [ 32.003279329845554, 46.453565316803243 ], [ 32.002919201777523, 46.451799246769973 ], [ 32.000363988607717, 46.452048116247859 ], [ 32.000003973844414, 46.450282028253596 ], [ 31.99744880632802, 46.450530826398904 ], [ 31.997088904855332, 46.448764720449127 ], [ 31.991618918617878, 46.447495978864652 ], [ 31.990899602537446, 46.443963692478313 ], [ 31.985430218213235, 46.442694596572252 ], [ 31.984711422602238, 46.439162233053061 ], [ 31.982156642372587, 46.439410644154798 ], [ 31.981438140665599, 46.43587823939604 ], [ 31.978883485567394, 46.436126563980629 ], [ 31.978165277684489, 46.43259411799874 ], [ 31.975610747712171, 46.432842356081274 ], [ 31.971620808247, 46.426025492109183 ], [ 31.966512215081558, 46.426521566312495 ], [ 31.966153614196617, 46.424755267672865 ], [ 31.961045045114432, 46.425251087288373 ], [ 31.957774085742081, 46.421966216495917 ], [ 31.952665632327889, 46.422461639063854 ], [ 31.952307529441871, 46.420695256395177 ], [ 31.949753331681659, 46.420942868427232 ], [ 31.949395341827408, 46.419176467894417 ], [ 31.946841189843834, 46.419424008702109 ], [ 31.946483313007242, 46.417657590310647 ], [ 31.943929206808111, 46.417905059899574 ], [ 31.943571442975045, 46.416138623654938 ], [ 31.94101738256812, 46.416386022030736 ], [ 31.94065973172448, 46.414619567938367 ], [ 31.93810571711753, 46.414866895106663 ], [ 31.937748179249191, 46.413100423172054 ], [ 31.93519421045001, 46.41334767913844 ], [ 31.934836785542853, 46.411581189367105 ], [ 31.932282862559187, 46.411828374137187 ], [ 31.931925550599093, 46.410061866534541 ], [ 31.926460643082294, 46.408789497079901 ], [ 31.92574650440022, 46.405256407912319 ], [ 31.920282198323019, 46.403983685150394 ], [ 31.919568578231171, 46.400450519401943 ], [ 31.917015043162191, 46.400697318002969 ], [ 31.916301715782371, 46.39716411131851 ], [ 31.913748305915632, 46.39741082363517 ], [ 31.913035271168141, 46.393877576031024 ], [ 31.910481986497985, 46.394124202078402 ], [ 31.909769244303138, 46.390590913570875 ], [ 31.907216084823876, 46.390837453364036 ], [ 31.906503635102027, 46.387304123969429 ], [ 31.903950600807995, 46.38755057752347 ], [ 31.902882414963599, 46.382250518135912 ], [ 31.90032958514762, 46.382496870357301 ], [ 31.898906122439659, 46.375430026853351 ], [ 31.89635357634269, 46.375676262667071 ], [ 31.89315345219114, 46.359775573485429 ], [ 31.890601585881949, 46.360021617473521 ], [ 31.889180492869105, 46.352954515139388 ], [ 31.891732042390203, 46.352708531500312 ], [ 31.888535820783975, 46.336807531861332 ], [ 31.891086624630884, 46.336561628039767 ], [ 31.889666631585527, 46.329494508475115 ], [ 31.892217085721249, 46.329248609069218 ], [ 31.891152203426763, 46.323948286799265 ], [ 31.893702387042879, 46.323702376742546 ], [ 31.892992473915236, 46.320168845467151 ], [ 31.895542466128461, 46.319922909691748 ], [ 31.894477609080024, 46.314622638136413 ], [ 31.897027330907257, 46.314376691736072 ], [ 31.893833846399797, 46.298475869630586 ], [ 31.896382824099625, 46.29823000309586 ], [ 31.894964047023684, 46.291162962441391 ], [ 31.897512675724577, 46.290917100387482 ], [ 31.897933156502329, 46.280070722949148 ], [ 31.900481245333758, 46.279824839743775 ], [ 31.899771982099747, 46.276291362170426 ], [ 31.902319879961141, 46.276045453330909 ], [ 31.901610592038459, 46.2725119953109 ], [ 31.904158298966152, 46.272266060848558 ], [ 31.905287165217178, 46.264953243399106 ], [ 31.907834490386488, 46.264707257724965 ], [ 31.907479792866017, 46.262940559374513 ], [ 31.910027005992404, 46.262694533026774 ], [ 31.909317553141953, 46.259161158537168 ], [ 31.911864575462133, 46.258915106610324 ], [ 31.911509820149291, 46.257148430472149 ], [ 31.91405673045271, 46.25690233788913 ], [ 31.913701929639547, 46.255135674185794 ], [ 31.916248727933848, 46.254889540954125 ], [ 31.915893881634318, 46.253122889687269 ], [ 31.918440567927192, 46.252876715814523 ], [ 31.918085676155275, 46.25111007698581 ], [ 31.920632250454393, 46.250863862479498 ], [ 31.920277313224059, 46.249097236090591 ], [ 31.922823775537054, 46.248850980958245 ], [ 31.922468792862308, 46.247084367010821 ], [ 31.925015143196866, 46.246838071259972 ], [ 31.924660115091651, 46.245071469755658 ], [ 31.927206353455457, 46.244825133393874 ], [ 31.929042287410194, 46.241045590755988 ], [ 31.934134283015695, 46.240552699935172 ], [ 31.935969620910125, 46.236773100434895 ], [ 31.941061102143987, 46.236279935911547 ], [ 31.94070568981752, 46.234513426880881 ], [ 31.945796880567258, 46.234020069866169 ], [ 31.945441344293069, 46.232253588417095 ], [ 31.950532244547503, 46.231760038950732 ], [ 31.950176584365011, 46.229993585092849 ], [ 31.955267194112995, 46.229499843214548 ], [ 31.954911410061595, 46.227733416957442 ], [ 31.969825745391312, 46.224484608298567 ], [ 31.969469556603663, 46.222718267574272 ], [ 31.979648632481137, 46.221728962137163 ], [ 31.97929216290008, 46.219962679380394 ], [ 32.002192422778293, 46.217733624377551 ], [ 32.001835280016259, 46.215967475568377 ], [ 32.011654566682701, 46.213209308540236 ], [ 32.011297176938363, 46.211443215161147 ], [ 32.013841113809725, 46.211195087482928 ], [ 32.013126277825755, 46.207662923074203 ], [ 32.015670024331271, 46.207414770221739 ], [ 32.015312578108656, 46.205648699193056 ], [ 32.017856212708402, 46.205400505966814 ], [ 32.017498721533087, 46.203634447459784 ], [ 32.020042244234737, 46.20338621386729 ], [ 32.01968470812065, 46.20162016788354 ], [ 32.02222811893192, 46.201371893932333 ], [ 32.021870537892944, 46.199605860473525 ], [ 32.024413836821537, 46.199357546171079 ], [ 32.024056210871535, 46.197591525238842 ], [ 32.02659939792516, 46.197343170592724 ], [ 32.026241727078038, 46.195577162188656 ], [ 32.028784802264383, 46.195328767206362 ], [ 32.02842708653403, 46.19356277133214 ], [ 32.030970049860805, 46.193314336021182 ], [ 32.032797335280797, 46.189533906236683 ], [ 32.037882781039436, 46.189036818806564 ], [ 32.039709473249992, 46.185256333475273 ], [ 32.044794404647071, 46.184758973791503 ], [ 32.044436308088414, 46.18299307106863 ], [ 32.049520948789151, 46.18249551977793 ], [ 32.049162729158503, 46.180729644845378 ], [ 32.054247079152155, 46.180231901987426 ], [ 32.053888736488808, 46.178466054854724 ], [ 32.05897279576461, 46.177968120469195 ], [ 32.058614330107837, 46.176202301145828 ], [ 32.066239932587813, 46.175455029090926 ], [ 32.065881265731072, 46.173689252852469 ], [ 32.076047952750123, 46.17269217430308 ], [ 32.075689006542369, 46.170926456451596 ], [ 32.098561382595122, 46.168679921802088 ], [ 32.098201766202088, 46.166914338882457 ], [ 32.110907073437211, 46.165664399389847 ], [ 32.110547099875987, 46.163898890329158 ], [ 32.120710426832673, 46.162898001956513 ], [ 32.120350174394503, 46.161132551489736 ], [ 32.143214984518174, 46.158877447855261 ], [ 32.142854062820653, 46.157112132806105 ], [ 32.147934604330338, 46.156610419757136 ], [ 32.147573560236374, 46.154845132706235 ], [ 32.150113702259723, 46.154594208436365 ], [ 32.149752613870625, 46.152828934019787 ], [ 32.152292644054143, 46.152577969718173 ], [ 32.151931511383708, 46.150812707937504 ], [ 32.154471429735153, 46.150561703611665 ], [ 32.154110252797196, 46.148796454468531 ], [ 32.156650059324313, 46.148545410125955 ], [ 32.156288838132603, 46.146780173621956 ], [ 32.158828532843152, 46.146529089270153 ], [ 32.158467267411488, 46.144763865406922 ], [ 32.161006850313235, 46.144512741053362 ], [ 32.160645540655388, 46.142747529832491 ], [ 32.163185011756077, 46.142496365484703 ], [ 32.162823657885831, 46.140731166907806 ], [ 32.165363017193215, 46.140479962573252 ], [ 32.167179424392543, 46.13669835904409 ], [ 32.172257662075729, 46.13619573511459 ], [ 32.174073479315567, 46.132414077681915 ], [ 32.179151202299394, 46.131911183226791 ], [ 32.176258304192871, 46.117790270096656 ], [ 32.178796491656861, 46.117538863066514 ], [ 32.177350542292899, 46.110478402219307 ], [ 32.17988838448975, 46.110227001470328 ], [ 32.178804043695273, 46.104931673210558 ], [ 32.181341618584057, 46.104680263358055 ], [ 32.180618737985832, 46.101150061591021 ], [ 32.183156123452093, 46.100898627249173 ], [ 32.182433222363606, 46.097368445300511 ], [ 32.184970418443463, 46.097116986480444 ], [ 32.186061561652103, 46.089805198755109 ], [ 32.190773586873945, 46.087537083548355 ], [ 32.190050536579783, 46.084006986377275 ], [ 32.192587053201009, 46.083755414349099 ], [ 32.192225500997957, 46.081990377049451 ], [ 32.194761906111047, 46.081738765188661 ], [ 32.19440030997437, 46.079973740550066 ], [ 32.196936603587055, 46.079722088864145 ], [ 32.196574963530452, 46.077957076888204 ], [ 32.199111145650477, 46.077705385384654 ], [ 32.198749461687662, 46.075940386072965 ], [ 32.201285532322778, 46.075688654759247 ], [ 32.200923804467458, 46.073923668113402 ], [ 32.203459763625389, 46.07367189699702 ], [ 32.203097991891276, 46.071906923018631 ], [ 32.205633839579775, 46.071655112107017 ], [ 32.205272023980584, 46.06989015079769 ], [ 32.207807760207366, 46.06963830009834 ], [ 32.207445900756781, 46.067873351459667 ], [ 32.209981525529606, 46.067621460980064 ], [ 32.211793188455701, 46.063839671468713 ], [ 32.216863958416376, 46.063335676243057 ], [ 32.218675034193886, 46.059553833592368 ], [ 32.223745290791229, 46.059049569002937 ], [ 32.223383057105551, 46.057284714618653 ], [ 32.228453023193964, 46.056780260215589 ], [ 32.228090668185203, 46.055015433961792 ], [ 32.233160343754591, 46.054510789784644 ], [ 32.232797867461727, 46.052745991670761 ], [ 32.237867252502056, 46.05224115775912 ], [ 32.23750465496407, 46.050476387794518 ], [ 32.245108245907701, 46.049718769662739 ], [ 32.244745449635886, 46.04795404332225 ], [ 32.249814185826416, 46.047448719778075 ], [ 32.249451268401991, 46.045684021611166 ], [ 32.254519714013874, 46.045178508465575 ], [ 32.254156675475755, 46.043413838481605 ], [ 32.261758857148109, 46.042655201733545 ], [ 32.261395620055275, 46.04089057542712 ], [ 32.271531077527875, 46.039878350037071 ], [ 32.271167564494633, 46.038113782929031 ], [ 32.293969660658362, 46.035833191620711 ], [ 32.293605484679162, 46.03406876134968 ], [ 32.296138803606681, 46.033815102367278 ], [ 32.296503056997913, 46.035579517109745 ], [ 32.319302093002868, 46.033293967779336 ], [ 32.319667076993682, 46.035058239826618 ], [ 32.32979940594717, 46.034040945939459 ], [ 32.330164733531923, 46.035805152923167 ], [ 32.335230848188424, 46.035296144421878 ], [ 32.334865365865284, 46.033531968592769 ], [ 32.339931189338373, 46.033022770998301 ], [ 32.339565586417315, 46.031258623535891 ], [ 32.344631118697308, 46.030749236887843 ], [ 32.344265395217256, 46.028985117801454 ], [ 32.349330636294525, 46.028475542139475 ], [ 32.348964792294403, 46.026711451438452 ], [ 32.356562165864204, 46.025946721928214 ], [ 32.356196124078025, 46.024182675225951 ], [ 32.366325168040859, 46.023162327852901 ], [ 32.365958851258135, 46.021398340788949 ], [ 32.388746504375732, 46.019099481208514 ], [ 32.388379526467595, 46.017335632015168 ], [ 32.393442918432932, 46.016824200550353 ], [ 32.393810050810416, 46.018588018445904 ], [ 32.416594313364051, 46.016283713813799 ], [ 32.4169621749759, 46.01804738788038 ], [ 32.427087930744534, 46.017021760148531 ], [ 32.427456135481307, 46.018785368627483 ], [ 32.43505032325001, 46.018015523470538 ], [ 32.435418793920704, 46.019779082010487 ], [ 32.440481568290174, 46.019265545616193 ], [ 32.440850227718677, 46.021029069897601 ], [ 32.443381640508967, 46.020772203524963 ], [ 32.445175425711426, 46.016988293643458 ], [ 32.450237770578561, 46.016474348929343 ], [ 32.449868871260009, 46.014710881844103 ], [ 32.454930924170824, 46.014196748740318 ], [ 32.45456190496558, 46.012433310267056 ], [ 32.45962366591084, 46.011918988813242 ], [ 32.459254526857812, 46.010155578961246 ], [ 32.464315995828308, 46.009641069197038 ], [ 32.463946736966356, 46.007877687975572 ], [ 32.47153845077387, 46.007105558523072 ], [ 32.471168995044295, 46.005342221689702 ], [ 32.481290489336963, 46.004312009757193 ], [ 32.480920759736783, 46.00254873309553 ], [ 32.503691410634886, 46.000227685630968 ], [ 32.503321022073393, 45.998464548093644 ], [ 32.513440105592238, 45.997431607180296 ], [ 32.513810802245857, 45.999194681532842 ], [ 32.53657741069771, 45.996867211409622 ], [ 32.536948834953087, 45.998630140533663 ], [ 32.547066735551432, 45.997594219237989 ], [ 32.547438502376842, 45.999357082127297 ], [ 32.555026794874507, 45.998579517482966 ], [ 32.555398827294432, 46.000342329936565 ], [ 32.560457669505858, 45.999823647458186 ], [ 32.560829890560058, 46.001586425306975 ], [ 32.565888747914713, 46.00106749163654 ], [ 32.566261157618307, 46.002830234863488 ], [ 32.571320030044035, 46.002311049989345 ], [ 32.57169262841213, 46.004073758577405 ], [ 32.582183205235779, 46.004797309103687 ], [ 32.585458744455345, 46.008062626985364 ], [ 32.590517746028205, 46.007542546905327 ], [ 32.590891022239362, 46.009305132674506 ], [ 32.593420547801514, 46.009044994434198 ], [ 32.593793935785072, 46.01080756139789 ], [ 32.596323503509517, 46.010547352383639 ], [ 32.596697003278976, 46.01230990053643 ], [ 32.599226613157768, 46.012049620742857 ], [ 32.599600224726608, 46.013812150079225 ], [ 32.602129876751782, 46.013551799500959 ], [ 32.602503600133517, 46.015314310015533 ], [ 32.605033294297151, 46.01505388864711 ], [ 32.605407129505267, 46.016816380334376 ], [ 32.607936865799402, 46.01655588817048 ], [ 32.608310812847371, 46.018318361024967 ], [ 32.610840591264058, 46.018057798060191 ], [ 32.611214650165401, 46.019820252076464 ], [ 32.613744470696673, 46.019559618305408 ], [ 32.614118641464863, 46.021322053477959 ], [ 32.619552691487897, 46.022562989818915 ], [ 32.620301515479547, 46.026087781846286 ], [ 32.622831539307263, 46.025826919674188 ], [ 32.623206080674606, 46.027589295371413 ], [ 32.638385952093152, 46.026022874200528 ], [ 32.638760990381833, 46.027785151207361 ], [ 32.648880513428551, 46.026739709102714 ], [ 32.649255894630322, 46.028501919271093 ], [ 32.656845400430015, 46.027717213637615 ], [ 32.657221047567418, 46.02947937290687 ], [ 32.662280696964388, 46.028955929507106 ], [ 32.662656533075619, 46.03071805384829 ], [ 32.667716196270085, 46.030194358991018 ], [ 32.668092221370117, 46.031956448387064 ], [ 32.68580047675043, 46.030121676250651 ], [ 32.686177075653006, 46.03188365054789 ], [ 32.696295614367699, 46.030833938443159 ], [ 32.696672556171571, 46.032595845632322 ], [ 32.70426132212382, 46.031807937524292 ], [ 32.704638529889579, 46.033569793607285 ], [ 32.709697685271806, 46.033044215201038 ], [ 32.710075082075917, 46.034806036211499 ], [ 32.715134250613744, 46.034280206304025 ], [ 32.71551183647108, 46.036041992224888 ], [ 32.726007987648948, 46.036751328674903 ], [ 32.729293649237398, 46.040011476189804 ], [ 32.734352940179136, 46.039484749841492 ], [ 32.734731205468776, 46.041246411335784 ], [ 32.737260874987342, 46.040982949801254 ], [ 32.740547453353706, 46.044242683121446 ], [ 32.760784487604397, 46.042132320224418 ], [ 32.761163628002649, 46.043893811647131 ], [ 32.773811010712656, 46.042572972167264 ], [ 32.774190570990719, 46.044334379897606 ], [ 32.78430814803172, 46.043276656900581 ], [ 32.784688051273569, 46.045037997016557 ], [ 32.792276092976515, 46.044244080687051 ], [ 32.792656262294308, 46.046005369308034 ], [ 32.79771493338805, 46.045475785329067 ], [ 32.798095291910165, 46.047237038606177 ], [ 32.808212516182707, 46.046177148162933 ], [ 32.807831850166224, 46.044415959649648 ], [ 32.830592837082087, 46.042028146075744 ], [ 32.830211514973549, 46.04026710047183 ], [ 32.832740259120982, 46.040001530127235 ], [ 32.833121658049841, 46.041762559504463 ], [ 32.871049703973966, 46.037772188133303 ], [ 32.870667153226591, 46.036011402539252 ], [ 32.875723467108529, 46.035478454643595 ], [ 32.876106171362714, 46.037239207678994 ], [ 32.878634351579016, 46.036972635328674 ], [ 32.878251570577532, 46.035211898577401 ], [ 32.903530643032525, 46.032543327397036 ], [ 32.903914191283505, 46.034303901131963 ], [ 32.926662992470952, 46.031897361265379 ], [ 32.9270472666866, 46.033657784978899 ], [ 32.937157221456538, 46.032586723819158 ], [ 32.937541838157053, 46.034347079079666 ], [ 32.945124158135627, 46.033543159734876 ], [ 32.945509040655871, 46.035303462856156 ], [ 32.950563894748058, 46.034767210378661 ], [ 32.950948966439547, 46.03652747770623 ], [ 32.956003830397378, 46.035990973672462 ], [ 32.956389091274602, 46.037751205189267 ], [ 32.96688429857344, 46.038437638097982 ], [ 32.967269937865517, 46.040197797941993 ], [ 32.969797402386348, 46.039929195905955 ], [ 32.970183154253498, 46.04168933629478 ], [ 32.975238128821466, 46.04115193531905 ], [ 32.975624069933673, 46.042912039836139 ], [ 32.97815157996186, 46.042643240890037 ], [ 32.978537633678449, 46.04440332593672 ], [ 32.981065184409864, 46.044134455875771 ], [ 32.981451350744202, 46.04589452144652 ], [ 32.983978942170644, 46.045625580265423 ], [ 32.984365221136088, 46.047385626354732 ], [ 32.986892853249365, 46.047116614048157 ], [ 32.98727924485928, 46.048876640650519 ], [ 32.989806917651201, 46.048607557213174 ], [ 32.99019342191896, 46.050367564323068 ], [ 32.992721135381309, 46.050098409749658 ], [ 32.996022236068313, 46.053349139755149 ], [ 33.001077789598227, 46.052810491327939 ], [ 33.001464708592799, 46.054570423479554 ], [ 33.003992507979099, 46.054301000760745 ], [ 33.00729452413627, 46.057551312625023 ], [ 33.01235024933338, 46.057012127837666 ], [ 33.01273758318635, 46.058771984953005 ], [ 33.020321130423049, 46.057962748091825 ], [ 33.020708730378828, 46.059722552722732 ], [ 33.025764401391655, 46.059182755018917 ], [ 33.026152190791997, 46.060942523614969 ], [ 33.033735656418514, 46.060132367355422 ], [ 33.034123711941668, 46.06189208340755 ], [ 33.041707082285846, 46.061081385385684 ], [ 33.04209540393893, 46.062841048858836 ], [ 33.049678678766426, 46.062029809070502 ], [ 33.050067266556525, 46.06378941992967 ], [ 33.055122755476503, 46.063248286913669 ], [ 33.055511532763845, 46.065007861647508 ], [ 33.060567030155092, 46.064466476823945 ], [ 33.060955996953986, 46.066226015415339 ], [ 33.063483767965131, 46.065955224439072 ], [ 33.063094724520987, 46.064195702378697 ], [ 33.073205139630815, 46.063112057756499 ], [ 33.072815825902346, 46.061352598754929 ], [ 33.095561448896646, 46.058911348930039 ], [ 33.095171482066711, 46.057152035849825 ], [ 33.105279397766928, 46.05606568109588 ], [ 33.105669670868373, 46.057824927863273 ], [ 33.128411043889436, 46.055377283783251 ], [ 33.128802042257441, 46.057136378041982 ], [ 33.138908679184318, 46.056047049308042 ], [ 33.139300020063686, 46.057806073961295 ], [ 33.146879844820923, 46.056988453958184 ], [ 33.147271451691459, 46.05874742558666 ], [ 33.152324638962362, 46.058202039195699 ], [ 33.152716435321224, 46.059960974411723 ], [ 33.15776962972668, 46.059415336245159 ], [ 33.158161615588014, 46.061174235031622 ], [ 33.168660200887977, 46.061841065669014 ], [ 33.17197166969494, 46.06508552814406 ], [ 33.177024965001984, 46.064538992003754 ], [ 33.176239739635683, 46.061021443426945 ], [ 33.178766179475666, 46.060748126789981 ], [ 33.177980947314673, 46.05723059900965 ], [ 33.180507197649717, 46.056957261125753 ], [ 33.181462773923215, 46.049648908837177 ], [ 33.186121759362123, 46.047343379124882 ], [ 33.185336427223845, 46.043825940821293 ], [ 33.187861996309586, 46.043552501371977 ], [ 33.187469308644893, 46.041793794191804 ], [ 33.189994764785112, 46.04152031686116 ], [ 33.189602037266987, 46.039761623225075 ], [ 33.192127380469984, 46.0394881080205 ], [ 33.191734613111691, 46.037729427929975 ], [ 33.194259843385773, 46.037455874858871 ], [ 33.193867036200579, 46.035697208315305 ], [ 33.196392153554079, 46.035423617385085 ], [ 33.195999306555244, 46.033664964389935 ], [ 33.198524310996483, 46.03339133560798 ], [ 33.198131424197264, 46.031632696162696 ], [ 33.200656315734541, 46.031359029536432 ], [ 33.200263389148191, 46.029600403642398 ], [ 33.202788167789834, 46.029326699179215 ], [ 33.202395201429617, 46.027568086837896 ], [ 33.204919867183925, 46.027294344545197 ], [ 33.204526861063094, 46.025535745757999 ], [ 33.207051413938387, 46.025261965643196 ], [ 33.208789722472474, 46.021470990807394 ], [ 33.213838340184921, 46.020923224822582 ], [ 33.215576074991205, 46.017132207531873 ], [ 33.220624168138635, 46.016584181373659 ], [ 33.22023081089651, 46.014825683812617 ], [ 33.225278605183092, 46.014277473115627 ], [ 33.22488513203993, 46.012519005845448 ], [ 33.229932627459235, 46.011970610649712 ], [ 33.229539038453943, 46.010212173679236 ], [ 33.234586234999583, 46.009663594024801 ], [ 33.234192530171136, 46.007905187362901 ], [ 33.24176282173314, 46.007081959551861 ], [ 33.241368924927976, 46.005323599950259 ], [ 33.251461829389228, 46.004225267374778 ], [ 33.251067664511055, 46.002466971610538 ], [ 33.273773869235242, 45.999992688940402 ], [ 33.273379055732086, 45.99823454093395 ], [ 33.283469443629386, 45.997133511606336 ], [ 33.283864561591322, 45.998891592453774 ], [ 33.306566469639193, 45.996410941838946 ], [ 33.30696230918555, 45.998168868206001 ], [ 33.314529177979942, 45.997340954835245 ], [ 33.314133110226287, 45.995583078958774 ], [ 33.316655250132023, 45.995307015867951 ], [ 33.31625914314025, 45.993549153635705 ], [ 33.321303160381497, 45.992996897950903 ], [ 33.323032554010091, 45.989205055526952 ], [ 33.328076046140026, 45.988652540913904 ], [ 33.327679669481746, 45.986894753315859 ], [ 33.332722862225218, 45.986342054907759 ], [ 33.332326370404466, 45.984584297817186 ], [ 33.337369263755441, 45.984031415654073 ], [ 33.336972656811085, 45.98227368907974 ], [ 33.342015250763545, 45.981720623201689 ], [ 33.34161852873445, 45.979962927152435 ], [ 33.34918191524131, 45.97913297130345 ], [ 33.348785002216793, 45.977375322660279 ], [ 33.358868697375655, 45.976268021582698 ], [ 33.358471517502416, 45.974510437251951 ], [ 33.381156988728584, 45.972015983713234 ], [ 33.380759162670309, 45.970258548261391 ], [ 33.383279509981634, 45.969981132094652 ], [ 33.383677411917674, 45.971738550632232 ], [ 33.406359556224515, 45.969239209317735 ], [ 33.406758177899768, 45.970996472258051 ], [ 33.416838471822928, 45.969884174498794 ], [ 33.417237433900965, 45.97164136640135 ], [ 33.4247974927355, 45.970806522211838 ], [ 33.42519671937967, 45.972563659988538 ], [ 33.430236724849564, 45.972006791848152 ], [ 33.430636140241333, 45.97376389244225 ], [ 33.435676148956603, 45.973206773227723 ], [ 33.436075753109591, 45.974963836622145 ], [ 33.44655557291204, 45.975605871107817 ], [ 33.449875676913265, 45.978840919638429 ], [ 33.454915772232951, 45.978282904578542 ], [ 33.455316055747488, 45.980039836015351 ], [ 33.462876147307199, 45.97920235532272 ], [ 33.463276695469823, 45.980959232463114 ], [ 33.470836679623361, 45.980121212247603 ], [ 33.471237492439634, 45.981878035056738 ], [ 33.476277447358378, 45.981319049498119 ], [ 33.476678449028881, 45.983075834980923 ], [ 33.48171840657416, 45.982516598269484 ], [ 33.48211959711243, 45.984273346408933 ], [ 33.487159557211164, 45.983713858534649 ], [ 33.487560936630679, 45.985470569313648 ], [ 33.498042432510466, 45.986107513437723 ], [ 33.501366062400365, 45.989340671533618 ], [ 33.506406106659703, 45.98878028743507 ], [ 33.506808165941521, 45.990536865682287 ], [ 33.509328207858928, 45.99025657515724 ], [ 33.509730380291373, 45.992013133050726 ], [ 33.512250460655849, 45.991732771177176 ], [ 33.512652746251995, 45.993489308711411 ], [ 33.515172865055078, 45.993208875484179 ], [ 33.515575263827998, 45.994965392653548 ], [ 33.518095421061211, 45.994684888067511 ], [ 33.518497933024022, 45.996441384866465 ], [ 33.521018128678868, 45.996160808916407 ], [ 33.521420753844666, 45.997917285339405 ], [ 33.523940987912674, 45.997636638020161 ], [ 33.524343726294518, 45.999393094061631 ], [ 33.526863998767219, 45.999112375368028 ], [ 33.527266850378204, 46.000868811022393 ], [ 33.532710475356929, 46.002063574753194 ], [ 33.533516669017459, 46.00557636119543 ], [ 33.538960863143252, 46.006770761036172 ], [ 33.539767584859483, 46.010283459274142 ], [ 33.542288200893914, 46.010002349375121 ], [ 33.543095224196115, 46.013515000200456 ], [ 33.545615954433792, 46.013233801753863 ], [ 33.546423279399811, 46.016746405149178 ], [ 33.54894412384337, 46.016465118140438 ], [ 33.54975175055111, 46.019977674088352 ], [ 33.55227270920318, 46.019696298502865 ], [ 33.553484658292724, 46.024965056285261 ], [ 33.556005807033905, 46.024683574957834 ], [ 33.557622568282817, 46.031708470585372 ], [ 33.560143983039865, 46.031426866331969 ], [ 33.563784577013649, 46.047232534074624 ], [ 33.566306637558391, 46.046950721013282 ], [ 33.566711411936957, 46.048706872641745 ], [ 33.57175557209014, 46.048143049157673 ], [ 33.571350645801999, 46.046386931881827 ], [ 33.576394503540733, 46.045822925419643 ], [ 33.575989462999416, 46.044066839201832 ], [ 33.578511259479789, 46.043784771663361 ], [ 33.578106180646778, 46.042028699323936 ], [ 33.57558446009314, 46.042310749677249 ], [ 33.574774567168646, 46.038798560709125 ], [ 33.577296135888474, 46.038516544723016 ], [ 33.573652796607767, 46.022711685371483 ], [ 33.576173644809138, 46.022429769700082 ], [ 33.574555057104917, 46.01540537055056 ], [ 33.577075564390064, 46.015123469304783 ], [ 33.575861790794583, 46.009855186776115 ], [ 33.57838203308529, 46.009573282791756 ], [ 33.577572886990829, 46.006061112269556 ], [ 33.580092940137206, 46.005779188382498 ], [ 33.579283792791294, 46.002267038995157 ], [ 33.581803656830026, 46.001985095215865 ], [ 33.582705033458332, 45.994678896186969 ], [ 33.58733929778267, 45.992358850743834 ], [ 33.586530070561722, 45.988846792514018 ], [ 33.5890492542283, 45.988564752088706 ], [ 33.5886446212767, 45.986808735196377 ], [ 33.591163691682823, 45.986526657746303 ], [ 33.590759020618023, 45.984770654731108 ], [ 33.593277977772246, 45.984488540263612 ], [ 33.592873268607292, 45.982732551126951 ], [ 33.595392112518091, 45.982450399649366 ], [ 33.59498736526605, 45.980694424392574 ], [ 33.597506095941945, 45.980412235912326 ], [ 33.597101310615834, 45.978656274536746 ], [ 33.599619928065366, 45.978374049061138 ], [ 33.599215104678244, 45.976618101568178 ], [ 33.601733608909917, 45.976335839104586 ], [ 33.601328747474803, 45.974579905495581 ], [ 33.603847138497116, 45.974297606051373 ], [ 33.603442239027068, 45.972541686327695 ], [ 33.605960516848548, 45.972259349910217 ], [ 33.605555579356583, 45.970503444073216 ], [ 33.608073743985749, 45.970221070689853 ], [ 33.609781806433539, 45.966426890339463 ], [ 33.614817645376306, 45.965861941601574 ], [ 33.616525140823036, 45.962067723190501 ], [ 33.621560451900976, 45.961502518422613 ], [ 33.621155173403345, 45.959746716466405 ], [ 33.626190182947298, 45.959181329591054 ], [ 33.6257847909988, 45.957425558754068 ], [ 33.630413993643266, 45.955104250102224 ], [ 33.629603095802274, 45.9515927607195 ], [ 33.632120166850996, 45.951309946746704 ], [ 33.631309268515267, 45.947798478530039 ], [ 33.635937452126967, 45.945477052539161 ], [ 33.635126477641265, 45.941965633301301 ], [ 33.637643058471951, 45.9416827431671 ], [ 33.636426652552146, 45.936415641078803 ], [ 33.638942969457112, 45.936132748550932 ], [ 33.638132069406886, 45.932621365004103 ], [ 33.640648197867201, 45.93233845286354 ], [ 33.639837297454399, 45.928827090485576 ], [ 33.642353237506548, 45.928544158742739 ], [ 33.641542336757546, 45.925032817534216 ], [ 33.644058088438022, 45.924749866199541 ], [ 33.643247187379217, 45.921238546161007 ], [ 33.645762750724487, 45.920955575244896 ], [ 33.645357281250519, 45.919199927473194 ], [ 33.642841793257134, 45.919482881155808 ], [ 33.642436436734272, 45.917727212827145 ], [ 33.6378107044792, 45.920048626392379 ], [ 33.637405498659902, 45.918292923608213 ], [ 33.614764417765755, 45.920835946726896 ], [ 33.614359927846344, 45.9190800857357 ], [ 33.593828724879458, 45.919580735288044 ], [ 33.593424913128452, 45.917824730227125 ], [ 33.585876989590297, 45.91866997927373 ], [ 33.585473441523888, 45.916913919422434 ], [ 33.580441456128739, 45.917477114095227 ], [ 33.580038096322824, 45.915721016637441 ], [ 33.57500611208107, 45.916283960701996 ], [ 33.574602940522354, 45.914527825654744 ], [ 33.569570957506869, 45.915090519120923 ], [ 33.569167974182051, 45.913334346501216 ], [ 33.56413599246563, 45.913896789378924 ], [ 33.563733197361401, 45.912140579203772 ], [ 33.561217225869044, 45.912421702393743 ], [ 33.561619945548401, 45.914177929696237 ], [ 33.556587739628362, 45.914740048077 ], [ 33.556990345796294, 45.916496306338594 ], [ 33.551957839579842, 45.917058242601541 ], [ 33.552360332197658, 45.918814531813624 ], [ 33.547327525690022, 45.919376285918666 ], [ 33.547729904719041, 45.921132606072575 ], [ 33.5401801885384, 45.921974882768694 ], [ 33.540582378450992, 45.923731250959165 ], [ 33.530515265788488, 45.924853597350605 ], [ 33.530917190999482, 45.926610030647375 ], [ 33.508263326507695, 45.929132297237921 ], [ 33.508664609159815, 45.93088888095447 ], [ 33.503629856095927, 45.93144882320356 ], [ 33.503228724570079, 45.929692205366713 ], [ 33.480571173774734, 45.932209111230051 ], [ 33.480170759695824, 45.930452336751209 ], [ 33.470100072841603, 45.931569485162591 ], [ 33.469699998331144, 45.929812639346501 ], [ 33.462146820045177, 45.930649880790924 ], [ 33.461747009496811, 45.928892980698599 ], [ 33.456711522953611, 45.929450836769817 ], [ 33.456311900742676, 45.927693899430949 ], [ 33.451276417046643, 45.928251504795803 ], [ 33.450876983159638, 45.926494530227401 ], [ 33.440406779023583, 45.92585197709743 ], [ 33.440007721743847, 45.924094928121029 ], [ 33.437490002903047, 45.924373381865337 ], [ 33.437091058284281, 45.922616312679317 ], [ 33.432055660749214, 45.92317302368437 ], [ 33.431656904398366, 45.921415917329583 ], [ 33.429139225723205, 45.921694174596539 ], [ 33.428740582004878, 45.91993704804738 ], [ 33.426222941943266, 45.920215234174563 ], [ 33.425824410844385, 45.918458087436591 ], [ 33.423306809404686, 45.918736202429159 ], [ 33.422908390912191, 45.916979035507886 ], [ 33.420390828102796, 45.917257079371048 ], [ 33.419992522203614, 45.915499892272017 ], [ 33.417474998032873, 45.915777865010938 ], [ 33.417076804713957, 45.914020657739691 ], [ 33.414559319190275, 45.914298559359537 ], [ 33.414161238438531, 45.912541331921624 ], [ 33.41164379157027, 45.912819162427603 ], [ 33.411245823372646, 45.911061914828537 ], [ 33.408728415168156, 45.911339674225836 ], [ 33.408330559511583, 45.909582406471117 ], [ 33.402898115998845, 45.908380424055601 ], [ 33.402102891679242, 45.904865804736744 ], [ 33.396671016021727, 45.903663460612698 ], [ 33.395876315430371, 45.90014875431698 ], [ 33.393359251842604, 45.90042612442857 ], [ 33.392564849909178, 45.896911371449804 ], [ 33.390047900604678, 45.897188653587854 ], [ 33.389253797251911, 45.893673853943234 ], [ 33.386736962227751, 45.893951048122311 ], [ 33.385943157378343, 45.890436201828962 ], [ 33.383426436631659, 45.890713308063589 ], [ 33.382236232226433, 45.885440963861008 ], [ 33.379719701295144, 45.885717965278111 ], [ 33.37813357956653, 45.878688060533314 ], [ 33.375617313942314, 45.878964940278465 ], [ 33.37205137130173, 45.863147315126554 ], [ 33.369535748307001, 45.863423988888968 ], [ 33.367952142308624, 45.856393782501982 ], [ 33.365436784382148, 45.856670334707566 ], [ 33.3650410501388, 45.854912758247664 ], [ 33.362525730934927, 45.855189239499346 ], [ 33.362130108838421, 45.853431642984212 ], [ 33.359614828365437, 45.853708053287214 ], [ 33.359219318402758, 45.85195043672234 ], [ 33.356704076668983, 45.852226776081821 ], [ 33.356308678827084, 45.850469139472757 ], [ 33.353793475840803, 45.850745407893875 ], [ 33.353398190106631, 45.848987751246106 ], [ 33.350883025876158, 45.849263948734098 ], [ 33.347577665212484, 45.846024701904511 ], [ 33.342547455181652, 45.846576759088826 ], [ 33.342152581115919, 45.844819025530576 ], [ 33.337122375399311, 45.845370832700375 ], [ 33.333818031901671, 45.842131077544643 ], [ 33.328787908219326, 45.842682492900913 ], [ 33.328393521119168, 45.84092466570111 ], [ 33.325878479816573, 45.841200275434673 ], [ 33.325484204725747, 45.839442428247224 ], [ 33.322969202268915, 45.839717967087033 ], [ 33.322575039174353, 45.837960099917417 ], [ 33.320060075571561, 45.838235567868637 ], [ 33.319666024460247, 45.836477680722417 ], [ 33.317151099719737, 45.836753077790235 ], [ 33.316757160578611, 45.834995170672862 ], [ 33.314242274708654, 45.835270496862485 ], [ 33.313848447524691, 45.833512569779472 ], [ 33.311333600533551, 45.833787825096096 ], [ 33.308031473880867, 45.830547095504038 ], [ 33.290427323021582, 45.832471754746834 ], [ 33.290820398359642, 45.834229839114222 ], [ 33.285790161785549, 45.83477928841333 ], [ 33.285397237333385, 45.833021170539965 ], [ 33.262760048025847, 45.835490863324786 ], [ 33.262367839159253, 45.833732591674476 ], [ 33.252306221522318, 45.834828759007152 ], [ 33.251914350963908, 45.833070417348623 ], [ 33.244367982363855, 45.833891924426148 ], [ 33.24397637462765, 45.832133529513165 ], [ 33.238945431506089, 45.832680896869405 ], [ 33.238554011088688, 45.830922465424365 ], [ 33.231007550496841, 45.831743060423939 ], [ 33.230616392883164, 45.829984575783342 ], [ 33.220554239291047, 45.831077877884184 ], [ 33.220163419983336, 45.829319323415824 ], [ 33.212616650482424, 45.830138681563497 ], [ 33.212226093971431, 45.828380073979361 ], [ 33.207194884103224, 45.828926008736808 ], [ 33.206804514862334, 45.827167364717575 ], [ 33.201773311122331, 45.827713049615902 ], [ 33.201383129137689, 45.825954369178518 ], [ 33.190930745588112, 45.825286272601247 ], [ 33.18763566787424, 45.822041241172457 ], [ 33.182604561673116, 45.822586035028479 ], [ 33.182215053050278, 45.820827225700576 ], [ 33.179699521246178, 45.821099524798612 ], [ 33.179310124286665, 45.819340695738468 ], [ 33.176794631865306, 45.819612924083465 ], [ 33.176405346556038, 45.817854075296587 ], [ 33.173889893525597, 45.818126232893789 ], [ 33.173500719853457, 45.81636736438562 ], [ 33.170985306222121, 45.816639451240228 ], [ 33.17059624417405, 45.814880563016288 ], [ 33.168080869949954, 45.815152579133517 ], [ 33.167691919512855, 45.813393671199272 ], [ 33.165176584704199, 45.813665616584409 ], [ 33.164787745864963, 45.811906688945328 ], [ 33.162272450479897, 45.812178563603517 ], [ 33.161883723225472, 45.810419616265115 ], [ 33.159368467272152, 45.810691420201628 ], [ 33.158979851589422, 45.808932453169348 ], [ 33.153560953886561, 45.807716862177514 ], [ 33.152784204768757, 45.804198846263162 ], [ 33.147365874981176, 45.802982896844831 ], [ 33.146589643977912, 45.799464796025418 ], [ 33.144074736275435, 45.799736213309188 ], [ 33.14329880025565, 45.796218066955092 ], [ 33.140784007501466, 45.796489397001167 ], [ 33.140008366388408, 45.792971205129298 ], [ 33.137493688579198, 45.793242447952238 ], [ 33.136718342296142, 45.7897242105795 ], [ 33.134203779428539, 45.789995366193807 ], [ 33.133041256062768, 45.784717937262258 ], [ 33.130526883572429, 45.784988989143358 ], [ 33.128977657350646, 45.777952307729393 ], [ 33.126463550626553, 45.778223239371172 ], [ 33.125689303892678, 45.774704847032645 ], [ 33.123175312073052, 45.774975691524887 ], [ 33.122788317974148, 45.773216474189766 ], [ 33.117760377446679, 45.773757967857883 ], [ 33.11447292524425, 45.770510090501652 ], [ 33.109445071059035, 45.771051193572802 ], [ 33.109058561615136, 45.769291884396026 ], [ 33.106544656137764, 45.769562338291294 ], [ 33.106158257947747, 45.767803009525608 ], [ 33.103644392026176, 45.768073392830594 ], [ 33.100358102997816, 45.764824989274281 ], [ 33.075218624204552, 45.767524976500319 ], [ 33.075604045757778, 45.769284509200936 ], [ 33.07308982566704, 45.769554226835659 ], [ 33.072704479552868, 45.767794677674964 ], [ 33.050075569695167, 45.770219553146589 ], [ 33.049690938406044, 45.768459852924863 ], [ 33.039633018783832, 45.769536102469011 ], [ 33.03924872507195, 45.767776333498091 ], [ 33.031705137346506, 45.768582903050898 ], [ 33.031321105731905, 45.766823081793007 ], [ 33.026292020028542, 45.767360491355497 ], [ 33.025908175014607, 45.765600634241565 ], [ 33.020879097811715, 45.766137794473131 ], [ 33.020495439384341, 45.764377901520071 ], [ 33.010053838911141, 45.763691545258261 ], [ 33.006772871513519, 45.760439829899092 ], [ 33.001743900117326, 45.760976101189001 ], [ 33.001360912401708, 45.759216081411282 ], [ 32.998846448880975, 45.759484119487219 ], [ 32.998463572189245, 45.757724080306367 ], [ 32.995949148627929, 45.757992047886511 ], [ 32.995566382946969, 45.756231989307985 ], [ 32.993051999353114, 45.756499886397599 ], [ 32.992669344669814, 45.754739808426812 ], [ 32.990155001051448, 45.755007635031163 ], [ 32.9897724573527, 45.75324753767358 ], [ 32.987258153717846, 45.753515293797903 ], [ 32.98687572099054, 45.751755177058968 ], [ 32.984361457347234, 45.752022862708529 ], [ 32.983979135578245, 45.750262726593711 ], [ 32.981464911934502, 45.750530341773761 ], [ 32.981082701110736, 45.748770186288482 ], [ 32.975672273962324, 45.747545030410734 ], [ 32.974908331459417, 45.744024638961612 ], [ 32.969498472586551, 45.742799126881827 ], [ 32.968735044498395, 45.739278651976349 ], [ 32.966221171882857, 45.739545882255833 ], [ 32.965458036331832, 45.73602536261761 ], [ 32.962944279201515, 45.736292506157156 ], [ 32.962181436111173, 45.732771941802888 ], [ 32.959667794462419, 45.733038998617012 ], [ 32.958905243756334, 45.729518389563381 ], [ 32.95639171758549, 45.729785359666593 ], [ 32.955248383022791, 45.724504374532287 ], [ 32.952735047734997, 45.724771241645293 ], [ 32.951211398117998, 45.717729820695546 ], [ 32.948698329071433, 45.71799656855741 ], [ 32.947556188943345, 45.712715422308051 ], [ 32.945043310707256, 45.712982067237391 ], [ 32.944662743321096, 45.711221662843428 ], [ 32.939256650326769, 45.709994317953473 ], [ 32.938495993452271, 45.706473429006572 ], [ 32.933090468043552, 45.705245728628157 ], [ 32.932330324173428, 45.701724756562236 ], [ 32.929817797038091, 45.701991017243344 ], [ 32.929057944836224, 45.698470000631211 ], [ 32.926545533136405, 45.698736174737306 ], [ 32.925785972526562, 45.695215113595573 ], [ 32.923273676258532, 45.695481201141142 ], [ 32.922514407164478, 45.691960095486451 ], [ 32.920002226324513, 45.692226096486039 ], [ 32.91886381263199, 45.686944366756428 ], [ 32.916351822518408, 45.687210264988053 ], [ 32.914834731344122, 45.68016785172432 ], [ 32.912323007208279, 45.680433630984417 ], [ 32.911564823167474, 45.676912373898901 ], [ 32.906541570530713, 45.677443705411491 ], [ 32.906920494428384, 45.679204367898649 ], [ 32.884313441361051, 45.68159283056724 ], [ 32.884691722690533, 45.683353635915211 ], [ 32.88217957708423, 45.683618766589959 ], [ 32.881801371075632, 45.681857945051405 ], [ 32.859191160871418, 45.684241542522017 ], [ 32.858813667945988, 45.682480572432389 ], [ 32.848764076344516, 45.683538478559704 ], [ 32.848386919845296, 45.681777440883288 ], [ 32.840849584860095, 45.682570254202375 ], [ 32.840472689425454, 45.680809165131862 ], [ 32.835447775348797, 45.681337404659274 ], [ 32.83507106560122, 45.679576280356002 ], [ 32.83004616248315, 45.680104271290539 ], [ 32.829669638408248, 45.678343111771369 ], [ 32.824644746319684, 45.678870854124114 ], [ 32.824268407903034, 45.677109659405865 ], [ 32.819243526914867, 45.677637153187931 ], [ 32.81886737414208, 45.675875923287421 ], [ 32.81384250432518, 45.676403168509893 ], [ 32.813466537181824, 45.674641903443948 ], [ 32.808441678607068, 45.675168900117953 ], [ 32.808065897078734, 45.673407599903442 ], [ 32.803041049816962, 45.673934348040071 ], [ 32.802665453889219, 45.672173012693783 ], [ 32.792240383246373, 45.671464392938312 ], [ 32.788977654836913, 45.668204591144125 ], [ 32.783952923106362, 45.668730453425148 ], [ 32.783577994057545, 45.666968993777182 ], [ 32.781065651394627, 45.667231827723285 ], [ 32.780690832496511, 45.665470349073345 ], [ 32.778178530438176, 45.665733112875401 ], [ 32.777803821677637, 45.663971615228917 ], [ 32.775291560231757, 45.664234308892233 ], [ 32.774916961595665, 45.662472792254569 ], [ 32.772404740770078, 45.662735415784411 ], [ 32.772030252245294, 45.660973880161009 ], [ 32.769518072047852, 45.661236433562692 ], [ 32.769143693621281, 45.659474878958932 ], [ 32.766631554059813, 45.659737362237699 ], [ 32.766257285718318, 45.657975788658995 ], [ 32.763745186800669, 45.658238201820168 ], [ 32.763371028531132, 45.656476609271898 ], [ 32.760858970265154, 45.656738952320744 ], [ 32.760484922054438, 45.654977340808344 ], [ 32.757972904447939, 45.65523961375014 ], [ 32.757598966282934, 45.653477983279004 ], [ 32.755086989343766, 45.653740186119045 ], [ 32.754713161211349, 45.651978536694536 ], [ 32.752201224947335, 45.652240669438136 ], [ 32.751827506834381, 45.650479001065655 ], [ 32.746430148256501, 45.649241368969598 ], [ 32.745683186671734, 45.645717953535858 ], [ 32.740286396166688, 45.644479968319672 ], [ 32.739539943693423, 45.640956471318887 ], [ 32.737028361581459, 45.641218221672119 ], [ 32.736282198194054, 45.637694680982968 ], [ 32.733770732115801, 45.637956345291641 ], [ 32.733024857738371, 45.634432760930544 ], [ 32.730513507689778, 45.634694339209155 ], [ 32.729767922246396, 45.631170711192546 ], [ 32.72725668822342, 45.631432203455631 ], [ 32.72651139163824, 45.627908531799932 ], [ 32.724000273636776, 45.628169938062015 ], [ 32.723255265833906, 45.624646222783632 ], [ 32.720744263849902, 45.62490754305918 ], [ 32.719627236998008, 45.619621900356755 ], [ 32.717116426291682, 45.619883118698674 ], [ 32.715627841454889, 45.612835490427578 ], [ 32.713117297239172, 45.613096590906935 ], [ 32.711629565322838, 45.606048852195727 ], [ 32.704098628535149, 45.606831638109128 ], [ 32.703727007414344, 45.605069648319464 ], [ 32.693685576886068, 45.606112542836719 ], [ 32.69331429111697, 45.604350486412152 ], [ 32.685783082403496, 45.605132042274292 ], [ 32.685412056753052, 45.6033699351865 ], [ 32.680391229386153, 45.603890670464843 ], [ 32.68002038860601, 45.602128528654106 ], [ 32.674999574168197, 45.602649016006048 ], [ 32.674628918243783, 45.600886839489164 ], [ 32.664216857353537, 45.600164859252878 ], [ 32.663846571096762, 45.59840261337402 ], [ 32.661336200646197, 45.598662512209728 ], [ 32.660966023960377, 45.596900247554935 ], [ 32.655945330569594, 45.597419851375598 ], [ 32.655575338679874, 45.595657552074478 ], [ 32.653065015757825, 45.595917257065928 ], [ 32.64981507860886, 45.592652237278472 ], [ 32.644794562259285, 45.593171313648682 ], [ 32.644424974190386, 45.59140894222022 ], [ 32.639404471230513, 45.591927770759604 ], [ 32.636155546419928, 45.588662257358514 ], [ 32.631135138913038, 45.589180698329109 ], [ 32.630766029768296, 45.587418239007945 ], [ 32.628255849906935, 45.5876773626103 ], [ 32.627886850217443, 45.585914884572666 ], [ 32.625376711373249, 45.586173938311546 ], [ 32.625007821125877, 45.584411441562786 ], [ 32.622497723306545, 45.584670425443498 ], [ 32.622128942488189, 45.582907909989011 ], [ 32.619618885701435, 45.583166824016864 ], [ 32.619250214298972, 45.581404289861986 ], [ 32.616740198552513, 45.581663134042266 ], [ 32.616371636552806, 45.579900581192398 ], [ 32.613861661854365, 45.580159355530419 ], [ 32.613493209244318, 45.578396783990883 ], [ 32.610983275601569, 45.578655488491982 ], [ 32.610614932368044, 45.576892898268156 ], [ 32.605226954410384, 45.575647488877991 ], [ 32.604490739501301, 45.572122230857616 ], [ 32.599103329077046, 45.570876470378373 ], [ 32.598367619685249, 45.56735113196811 ], [ 32.595858041832386, 45.567609455780691 ], [ 32.595122619218373, 45.564084074331944 ], [ 32.592613157647364, 45.564342312561543 ], [ 32.591878021735617, 45.560816888090564 ], [ 32.589368676442163, 45.561075040751675 ], [ 32.588633827157182, 45.557549573274756 ], [ 32.586124598136955, 45.557807640381832 ], [ 32.585022805105972, 45.552519370393817 ], [ 32.58251376750566, 45.552777336191433 ], [ 32.581045487229169, 45.545726206455043 ], [ 32.578536716148008, 45.545984055205821 ], [ 32.575235751147815, 45.53011870441231 ], [ 32.572727621951231, 45.530376357389279 ], [ 32.572361093072033, 45.528613510616701 ], [ 32.574869147201646, 45.528355873389977 ], [ 32.572670236855565, 45.517778827364367 ], [ 32.570162632990282, 45.518036370109634 ], [ 32.568697671887222, 45.510984886105064 ], [ 32.56619033413758, 45.511242311964388 ], [ 32.562896830927144, 45.495376164739262 ], [ 32.560390134042592, 45.49563339511257 ], [ 32.560024433680361, 45.493870459910823 ], [ 32.562531055621101, 45.493613245262388 ], [ 32.559240602236002, 45.477746841984064 ], [ 32.561746516125815, 45.477489714956988 ], [ 32.560284673223954, 45.470437969121363 ], [ 32.562790253812189, 45.470180851117568 ], [ 32.561694002475846, 45.464892059047607 ], [ 32.564199324712199, 45.464634934360873 ], [ 32.563468510043798, 45.461109090204289 ], [ 32.555952890761368, 45.461880208474874 ], [ 32.556318056719626, 45.463643179116723 ], [ 32.533768699912507, 45.465953768090998 ], [ 32.534133226059012, 45.467716877157429 ], [ 32.531627498207428, 45.467973355712715 ], [ 32.531263046927926, 45.466210230965935 ], [ 32.508710651873287, 45.46851597318539 ], [ 32.508346908263825, 45.466752704635425 ], [ 32.498323044803328, 45.467776015812611 ], [ 32.497959634476558, 45.466012681872137 ], [ 32.482560351720963, 45.465782508051376 ], [ 32.482197458135971, 45.464019074728569 ], [ 32.47718537024987, 45.464529666787683 ], [ 32.476822660104652, 45.462766199431492 ], [ 32.471810587646949, 45.463276544753271 ], [ 32.471448060926676, 45.461513043380329 ], [ 32.461061619264193, 45.46076945848543 ], [ 32.457831411790067, 45.457497130917581 ], [ 32.45281946879691, 45.458006597171739 ], [ 32.452457600709216, 45.456242975471724 ], [ 32.449951653840913, 45.456497612201147 ], [ 32.449589894186815, 45.454733972129546 ], [ 32.447083988720053, 45.454988539407509 ], [ 32.446722337486456, 45.453224880969628 ], [ 32.444216473428789, 45.453479378801475 ], [ 32.443854930602619, 45.451715702002609 ], [ 32.441349107961557, 45.451970130393633 ], [ 32.440987673529747, 45.450206435239117 ], [ 32.438481892312851, 45.450460794194633 ], [ 32.438120566262285, 45.448697080689783 ], [ 32.435614826477078, 45.448951370215134 ], [ 32.43525360879471, 45.447187638365278 ], [ 32.432747910448732, 45.44744185846578 ], [ 32.432386801121467, 45.445678108276205 ], [ 32.427014527791997, 45.444422571699953 ], [ 32.426292775907839, 45.44089499520544 ], [ 32.420921068260569, 45.439639110487043 ], [ 32.420199816405017, 45.436111455138693 ], [ 32.417694475125167, 45.436365297141492 ], [ 32.416973506601963, 45.432837599601676 ], [ 32.414468281666899, 45.433091356698611 ], [ 32.413747596401194, 45.429563616983373 ], [ 32.411242487806312, 45.429817289188897 ], [ 32.410522085723294, 45.426289507314237 ], [ 32.408017093464004, 45.42654309464281 ], [ 32.406936965019412, 45.421251354446269 ], [ 32.404432163922614, 45.42150484140727 ], [ 32.402992758672085, 45.414449086892482 ], [ 32.400488223517094, 45.414702458013132 ], [ 32.397252183481548, 45.398826708472143 ], [ 32.394748288036098, 45.39907988634841 ], [ 32.39438896922298, 45.397315884818738 ], [ 32.396892789920869, 45.397062722428117 ], [ 32.393659744798597, 45.381186723254608 ], [ 32.39616285982072, 45.380933646421468 ], [ 32.394726516638357, 45.373877636640572 ], [ 32.397229299752283, 45.373624567962821 ], [ 32.396152167397304, 45.368332577965056 ], [ 32.398654693356185, 45.368079501975643 ], [ 32.397936622022399, 45.364551525745533 ], [ 32.400438965509487, 45.364298426976347 ], [ 32.399720877873833, 45.360770470620466 ], [ 32.40222303892358, 45.360517349082308 ], [ 32.403288793512424, 45.35320835170095 ], [ 32.40579058979084, 45.352955184657134 ], [ 32.405431504995747, 45.351191237680219 ], [ 32.407933193488425, 45.350938032413204 ], [ 32.407214974486102, 45.347410161111945 ], [ 32.409716480662468, 45.347156933117731 ], [ 32.409357346471026, 45.345393008794289 ], [ 32.414000860065748, 45.3431225265861 ], [ 32.413282459774408, 45.339594726029432 ], [ 32.415783568190534, 45.339341398932191 ], [ 32.416847645665229, 45.332032507689732 ], [ 32.421489785219947, 45.32976185554508 ], [ 32.420771254406056, 45.32623414008745 ], [ 32.42327170861406, 45.325980706808508 ], [ 32.422912418621145, 45.324216860413294 ], [ 32.425412765161653, 45.323963388987671 ], [ 32.425053433978498, 45.322199555316345 ], [ 32.427553672858949, 45.321946045751304 ], [ 32.427194300498542, 45.320182224805436 ], [ 32.429694431726411, 45.319928677108258 ], [ 32.429335018201726, 45.318164868889362 ], [ 32.431835041784446, 45.317911283067318 ], [ 32.431475587108473, 45.31614748757697 ], [ 32.433975503053496, 45.315893863637321 ], [ 32.433616007239202, 45.314130080877057 ], [ 32.436115815553983, 45.313876418827064 ], [ 32.435756278614349, 45.312112648798426 ], [ 32.438255979306341, 45.311858948645359 ], [ 32.440036375179552, 45.308077708540289 ], [ 32.445035312855019, 45.307570102261643 ], [ 32.446815147242809, 45.303788814380376 ], [ 32.45181358798429, 45.303280948615821 ], [ 32.451453696980288, 45.301517273325572 ], [ 32.456451855982351, 45.301009224271169 ], [ 32.456091849650939, 45.299245577261672 ], [ 32.461089726904561, 45.298737344956066 ], [ 32.4607296052828, 45.296973726236388 ], [ 32.465727200778964, 45.296465310718169 ], [ 32.465366963903975, 45.294701720297404 ], [ 32.472862884525632, 45.293938741915227 ], [ 32.472502458179733, 45.292175195357061 ], [ 32.482496255462301, 45.291157203266103 ], [ 32.482135565480853, 45.28939371615963 ], [ 32.504618990061324, 45.287100241753052 ], [ 32.504257665548501, 45.285336892077268 ], [ 32.514249133827569, 45.284316240694352 ], [ 32.514610755075978, 45.286079527964873 ], [ 32.537090270290221, 45.283779791152185 ], [ 32.53745259245909, 45.285542935009204 ], [ 32.547442914361497, 45.284519376009875 ], [ 32.547805566610975, 45.286282454472527 ], [ 32.555298178568648, 45.285514176512194 ], [ 32.555661086760175, 45.287277205184665 ], [ 32.560656141988083, 45.286764721065659 ], [ 32.561019231997435, 45.288527715583101 ], [ 32.566014301272411, 45.288014986140119 ], [ 32.566377573114146, 45.28977794648597 ], [ 32.576731207218899, 45.290514677740049 ], [ 32.579956158371282, 45.293783737125139 ], [ 32.584951350401575, 45.293270133261572 ], [ 32.585315275586666, 45.295032972457491 ], [ 32.587812895290462, 45.294776074581925 ], [ 32.588176928247606, 45.296538895236814 ], [ 32.590674588444571, 45.296281928160077 ], [ 32.591038729186657, 45.298044730268643 ], [ 32.59353642986926, 45.297787693985462 ], [ 32.593900678409192, 45.299550477542397 ], [ 32.596398419569908, 45.299293372047515 ], [ 32.59676277592056, 45.301056137047539 ], [ 32.599260557551851, 45.300798962335691 ], [ 32.599625021726141, 45.302561708773496 ], [ 32.60212284382046, 45.302304464839423 ], [ 32.602487415831277, 45.304067192709695 ], [ 32.607847861239073, 45.305315206451297 ], [ 32.607483107228809, 45.303552512884508 ], [ 32.609980902368008, 45.303295092720752 ], [ 32.609616107926456, 45.301532412039613 ], [ 32.612113795214654, 45.301274954113637 ], [ 32.61174896035471, 45.299512286319697 ], [ 32.614246539799439, 45.299254790638756 ], [ 32.613881664534006, 45.297492135733471 ], [ 32.616379136142832, 45.297234602304833 ], [ 32.616014220484793, 45.295471960289795 ], [ 32.618511584265249, 45.295214389120687 ], [ 32.6181466282275, 45.293451759997353 ], [ 32.620643884187132, 45.293194151095051 ], [ 32.62027888778254, 45.291431534864927 ], [ 32.622776035928908, 45.291173888236685 ], [ 32.624542962411383, 45.287391010115286 ], [ 32.629536793760025, 45.286875512540874 ], [ 32.63130316150351, 45.283092588651378 ], [ 32.636296494209716, 45.28257683339185 ], [ 32.635931148100106, 45.280814313169223 ], [ 32.640924197739366, 45.280298375666575 ], [ 32.640558737344449, 45.278535884116828 ], [ 32.645551503908408, 45.278019764409692 ], [ 32.645185929265246, 45.276257301541776 ], [ 32.650178412745511, 45.275740999668862 ], [ 32.649812723891152, 45.273978565491774 ], [ 32.657300973790456, 45.273203759367519 ], [ 32.656935096791528, 45.271441369675422 ], [ 32.666918660955105, 45.270407610234649 ], [ 32.666552521931557, 45.268645280846954 ], [ 32.689012896882012, 45.266316340553622 ], [ 32.688646126362109, 45.264554150601029 ], [ 32.691141480393924, 45.264295128348621 ], [ 32.691508324818436, 45.26605730247428 ], [ 32.713965650895034, 45.263723557896384 ], [ 32.714333194227812, 45.265485586553666 ], [ 32.724313641417204, 45.264446915780077 ], [ 32.724681514186436, 45.266208878092819 ], [ 32.732166714531793, 45.2654292671237 ], [ 32.732534842872454, 45.267191178916995 ], [ 32.737524954212816, 45.266671139724529 ], [ 32.737893264274774, 45.268433016854317 ], [ 32.742883387302172, 45.267912732462506 ], [ 32.743251879099674, 45.269674574912173 ], [ 32.753600833487397, 45.270395078238984 ], [ 32.753969688798634, 45.272156851278801 ], [ 32.756464784669525, 45.271896367926892 ], [ 32.756833747901766, 45.273658122152519 ], [ 32.761823985148332, 45.27313696355796 ], [ 32.762193130174147, 45.274898683044455 ], [ 32.764688271532016, 45.274638007795453 ], [ 32.765057524507057, 45.276399708453084 ], [ 32.767552705630209, 45.276138963924105 ], [ 32.767922066567287, 45.277900645747557 ], [ 32.77041728744809, 45.277639831933371 ], [ 32.770786756360025, 45.279401494917344 ], [ 32.773282016990869, 45.279140611812771 ], [ 32.773651593890456, 45.280902255951908 ], [ 32.776146894263718, 45.280641303551704 ], [ 32.776516579163768, 45.282402928840739 ], [ 32.779011919271802, 45.282141907139682 ], [ 32.779381712185135, 45.283903513573279 ], [ 32.781877092020316, 45.283642422566174 ], [ 32.782246992959735, 45.285404010139004 ], [ 32.784742412514447, 45.285142849820623 ], [ 32.78797799778939, 45.288404738727849 ], [ 32.79296896154576, 45.287882087451351 ], [ 32.79333926052216, 45.289643602446461 ], [ 32.80082567132586, 45.288859177416647 ], [ 32.801196226139602, 45.290620641581157 ], [ 32.806187143354691, 45.290097392807873 ], [ 32.806557880141867, 45.291858822091847 ], [ 32.811548808171217, 45.291335327916052 ], [ 32.811919726945973, 45.293096722302884 ], [ 32.822272715947825, 45.293810357172802 ], [ 32.822643998740077, 45.295571681715593 ], [ 32.825139495914769, 45.295309593169108 ], [ 32.825510886866432, 45.297070898774749 ], [ 32.83050192607223, 45.296546529591915 ], [ 32.830873499069185, 45.298307800241268 ], [ 32.833369041082385, 45.298045519598595 ], [ 32.833740722266924, 45.29980677129609 ], [ 32.83623630383358, 45.299544421275712 ], [ 32.83947561192911, 45.302804448390425 ], [ 32.841971272579691, 45.302541959599075 ], [ 32.84159930110463, 45.30078076185049 ], [ 32.846590371609885, 45.300255656257043 ], [ 32.846218286750492, 45.298494487635672 ], [ 32.851209072109484, 45.297969200708181 ], [ 32.850836873902843, 45.296208061222885 ], [ 32.855827374107911, 45.295682593000208 ], [ 32.855455062591155, 45.29392148265984 ], [ 32.860445277634639, 45.293395833180725 ], [ 32.860072852844873, 45.291634751994231 ], [ 32.867557696068779, 45.290845925961023 ], [ 32.86718508424039, 45.28908488999577 ], [ 32.877164098400527, 45.288032439707322 ], [ 32.876791225821684, 45.286271465055741 ], [ 32.899241329521693, 45.283900478134782 ], [ 32.898867827563045, 45.282139645292965 ], [ 32.904229862387965, 45.283373005903307 ], [ 32.903482598018513, 45.2798514016647 ], [ 32.905976665272021, 45.279587617829435 ], [ 32.905603011094499, 45.277826827372564 ], [ 32.908096970149259, 45.277563006366179 ], [ 32.907723276749486, 45.275802229054008 ], [ 32.910217127613208, 45.275538370883751 ], [ 32.909843395003925, 45.273777606717651 ], [ 32.912337137684318, 45.273513711390734 ], [ 32.911963365878286, 45.271752960372226 ], [ 32.914457000383031, 45.271489027895903 ], [ 32.91408318939299, 45.269728290026421 ], [ 32.916576715729832, 45.269464320407913 ], [ 32.916202865568522, 45.267703595688936 ], [ 32.918696283745128, 45.267439588935474 ], [ 32.918322394425324, 45.26567887736848 ], [ 32.92081570444941, 45.26541483348727 ], [ 32.922561010264502, 45.261629368813352 ], [ 32.927547163239105, 45.261101079350603 ], [ 32.929291914565056, 45.257315572110656 ], [ 32.934277565996588, 45.256787027805139 ], [ 32.936021763039101, 45.253001478085366 ], [ 32.941006912956375, 45.252472679039599 ], [ 32.940632529158606, 45.250712107992364 ], [ 32.943124978744883, 45.250447644803373 ], [ 32.94275055592113, 45.248687086926232 ], [ 32.945242897408974, 45.248422586682558 ], [ 32.944868435571941, 45.246662041976954 ], [ 32.947360668969075, 45.24639750468581 ], [ 32.949103753620179, 45.242611880463699 ], [ 32.954087753546453, 45.242082604553921 ], [ 32.953713101229646, 45.240322115526865 ], [ 32.956204975847008, 45.240057413960784 ], [ 32.957947320924433, 45.236271736867103 ], [ 32.962930603359837, 45.235742132531648 ], [ 32.964672395107371, 45.231956413335112 ], [ 32.969655176218566, 45.231426554722901 ], [ 32.969280182348861, 45.229666163948899 ], [ 32.974262678225088, 45.22913612509177 ], [ 32.973887572043594, 45.227375763686027 ], [ 32.983476489605913, 45.224554813363376 ], [ 32.983101158911737, 45.222794510720547 ], [ 32.985591996281642, 45.222529247602495 ], [ 32.985216626787839, 45.220768958161472 ], [ 32.98770735614459, 45.220503658113067 ], [ 32.987331947863829, 45.218743381875306 ], [ 32.989822569215157, 45.218478044903755 ], [ 32.989447122160108, 45.216717781870692 ], [ 32.991937635513722, 45.216452407983205 ], [ 32.991562149697067, 45.214692158156303 ], [ 32.994052555060662, 45.214426747360086 ], [ 32.993677030495078, 45.212666510740789 ], [ 32.996167327876385, 45.212401063043067 ], [ 32.995791764574548, 45.210640839632823 ], [ 32.99828195398127, 45.21037535504081 ], [ 32.997906351955834, 45.208615144841083 ], [ 33.000396433395714, 45.208349623361954 ], [ 33.002135086705465, 45.204563684240817 ], [ 33.007114783129893, 45.204032440699983 ], [ 33.008852884556525, 45.200246460053819 ], [ 33.013832079932065, 45.199714962943091 ], [ 33.0134561379041, 45.197954851253172 ], [ 33.01843504811356, 45.197423174337146 ], [ 33.018058994187037, 45.195663092095181 ], [ 33.027639793291264, 45.192839146217047 ], [ 33.029376244181186, 45.189053031280409 ], [ 33.034354083028134, 45.188520741592434 ], [ 33.033977655091206, 45.18676076098459 ], [ 33.038578669089226, 45.184468340549586 ], [ 33.037825693837711, 45.180948429286914 ], [ 33.040314199041006, 45.180682163843478 ], [ 33.039937690264836, 45.178922219950245 ], [ 33.042426087597001, 45.178655917745964 ], [ 33.042049540337821, 45.176895987095527 ], [ 33.04664942569017, 45.174603355027038 ], [ 33.045896212011904, 45.171083543697243 ], [ 33.050495477495602, 45.168790820669159 ], [ 33.049742179465525, 45.165271056309336 ], [ 33.052229891322014, 45.165004602928285 ], [ 33.051853221240648, 45.163244732492089 ], [ 33.05434082529267, 45.162978242397585 ], [ 33.053964116808906, 45.161218385211548 ], [ 33.056451613064212, 45.160951858410769 ], [ 33.056074866190649, 45.15919201447629 ], [ 33.05856225465692, 45.158925450976433 ], [ 33.058185469406169, 45.157165620294975 ], [ 33.060672750091157, 45.156899020103239 ], [ 33.060295926475824, 45.155139202676239 ], [ 33.062783099387225, 45.154872565799806 ], [ 33.062406237419886, 45.153112761628712 ], [ 33.064893302565444, 45.152846088074774 ], [ 33.064516402258718, 45.151086297161001 ], [ 33.067003359646144, 45.150819586936748 ], [ 33.068736293701875, 45.14703329799962 ], [ 33.073709742768749, 45.146499677983826 ], [ 33.075442127399889, 45.142713348427471 ], [ 33.080415076077891, 45.142179476005225 ], [ 33.080037838281093, 45.140419783972028 ], [ 33.085010502035779, 45.139885732474468 ], [ 33.084633153020377, 45.138126070004311 ], [ 33.089605531844882, 45.137591839470105 ], [ 33.089228071647611, 45.13583220657172 ], [ 33.094200165535128, 45.135297797039556 ], [ 33.09382259419273, 45.133538193721655 ], [ 33.101280255450384, 45.132736231653553 ], [ 33.100902500070433, 45.130976674236315 ], [ 33.110845269782196, 45.129906716379814 ], [ 33.110467257525883, 45.128147221208188 ], [ 33.132835796880251, 45.125736870167358 ], [ 33.132457163485554, 45.123977518999716 ], [ 33.137427421052614, 45.12344133671516 ], [ 33.137806200168306, 45.125200655174638 ], [ 33.140291349515365, 45.124932468404658 ], [ 33.139912497544962, 45.123173166303872 ], [ 33.147367517782101, 45.122368338018155 ], [ 33.146988482158804, 45.120609081966847 ], [ 33.149473346304035, 45.12034071656435 ], [ 33.149094272738161, 45.118581473837338 ], [ 33.151579029170264, 45.118313071974718 ], [ 33.151199917674319, 45.116553842573467 ], [ 33.15368456640104, 45.116285404257901 ], [ 33.153305416987585, 45.114526188183788 ], [ 33.155789958016669, 45.114257713422461 ], [ 33.155410770698204, 45.112498510676943 ], [ 33.157895204037402, 45.11222999947703 ], [ 33.157515978826488, 45.110470810061528 ], [ 33.160000304483546, 45.110202262430192 ], [ 33.161725958417072, 45.106415339539325 ], [ 33.166694144142049, 45.105878045797304 ], [ 33.168419250927485, 45.102091083400602 ], [ 33.177974776382136, 45.099256725252495 ], [ 33.179698972655217, 45.095469693771918 ], [ 33.184665872364235, 45.094931719490134 ], [ 33.186389522018132, 45.091144648730115 ], [ 33.191355921337568, 45.090606423529344 ], [ 33.190975954524625, 45.088847449529801 ], [ 33.19594206870498, 45.088309046161321 ], [ 33.195561991536422, 45.086550101936645 ], [ 33.20052782057121, 45.086011520439115 ], [ 33.20014763308366, 45.084252605997996 ], [ 33.205113176966449, 45.083713846410078 ], [ 33.204732879196499, 45.081954961761149 ], [ 33.212180714802045, 45.081146476216674 ], [ 33.211800234180785, 45.079387637805866 ], [ 33.22172990130327, 45.078308984779873 ], [ 33.221349165315402, 45.07655020907773 ], [ 33.243688214175542, 45.074120304633169 ], [ 33.243306860177462, 45.072361674026119 ], [ 33.253234124683622, 45.07128041244286 ], [ 33.253615768813127, 45.073038977118877 ], [ 33.275950713149598, 45.070602908616216 ], [ 33.276333044997095, 45.072361321676354 ], [ 33.286259063250796, 45.071277189170281 ], [ 33.28664172023089, 45.073035533040013 ], [ 33.294086082009969, 45.072221831149882 ], [ 33.294468991634467, 45.07398012231441 ], [ 33.299431868446391, 45.073437358027107 ], [ 33.299814958243516, 45.075195613002073 ], [ 33.304777839136975, 45.074652605001326 ], [ 33.305161109119894, 45.07641082377026 ], [ 33.31012399402637, 45.075867572045965 ], [ 33.310507444208248, 45.077625754592404 ], [ 33.32081685617991, 45.078296666239964 ], [ 33.324066051096587, 45.081540901500979 ], [ 33.329029021981974, 45.080996780080795 ], [ 33.329413120618959, 45.082754834161477 ], [ 33.331894625572829, 45.082482677888223 ], [ 33.332278832001563, 45.084240712264027 ], [ 33.334760374110381, 45.083968486747999 ], [ 33.335144688343306, 45.085726501413603 ], [ 33.337626267599262, 45.085454206649771 ], [ 33.338010689648804, 45.087212201599833 ], [ 33.340492306044041, 45.086939837583103 ], [ 33.340876835922643, 45.088697812812335 ], [ 33.343358489449329, 45.088425379537668 ], [ 33.343743127169439, 45.090183335040685 ], [ 33.346224817819746, 45.089910832503051 ], [ 33.34660956339377, 45.091668768274502 ], [ 33.34909129115983, 45.091396196468835 ], [ 33.352342870793422, 45.094639367716994 ], [ 33.374677813615236, 45.092183078986253 ], [ 33.375063462658773, 45.093940822444488 ], [ 33.384989472295331, 45.092847703174137 ], [ 33.385375446640275, 45.094605376877261 ], [ 33.392819798702725, 45.09378493473551 ], [ 33.39320602589342, 45.095542555299367 ], [ 33.398168894659094, 45.094995297351645 ], [ 33.398555302256625, 45.096752881422503 ], [ 33.403518173835643, 45.096205379581846 ], [ 33.403904761852999, 45.097962927143215 ], [ 33.414217281626286, 45.09862470277848 ], [ 33.413830368297262, 45.096867225134353 ], [ 33.416311681015962, 45.096593168061226 ], [ 33.415924730822809, 45.094835703965536 ], [ 33.418405935548826, 45.094561610970416 ], [ 33.418018948503949, 45.092804160424556 ], [ 33.420500045245156, 45.09253003151462 ], [ 33.420113021360962, 45.090772594519947 ], [ 33.422594010125245, 45.090498429702315 ], [ 33.422206949414139, 45.088741006260243 ], [ 33.424687830209365, 45.088466805542062 ], [ 33.424300732683747, 45.086709395653955 ], [ 33.426781505517816, 45.086435159042402 ], [ 33.426394371190092, 45.084677762709639 ], [ 33.42887503607087, 45.084403490211855 ], [ 33.428487864953439, 45.082646107435835 ], [ 33.430968421888821, 45.082371799058919 ], [ 33.430581213994067, 45.08061442984102 ], [ 33.433061662991925, 45.080340085592184 ], [ 33.43267441833224, 45.078582729933764 ], [ 33.435154759400476, 45.078308349820119 ], [ 33.434767477988245, 45.076551007722564 ], [ 33.437247711134717, 45.076276591751274 ], [ 33.438953163334801, 45.072487496422504 ], [ 33.443913162391574, 45.071938468529027 ], [ 33.445618071734096, 45.068149336678566 ], [ 33.450577568001663, 45.067600060360789 ], [ 33.450189958453613, 45.065842819553382 ], [ 33.452669580896995, 45.065568119307294 ], [ 33.452281934690951, 45.063810892073128 ], [ 33.456853173097059, 45.061504170514681 ], [ 33.456077769743267, 45.057989767182669 ], [ 33.458556996336455, 45.057714976286434 ], [ 33.458169275848952, 45.055957786614698 ], [ 33.460648394596973, 45.055682959937307 ], [ 33.460260637503175, 45.053925783843617 ], [ 33.462739648413894, 45.053650921392254 ], [ 33.462351854726158, 45.051893758878009 ], [ 33.464830757807469, 45.051618860659772 ], [ 33.464442927538158, 45.049861711726344 ], [ 33.466921722797942, 45.049586777748381 ], [ 33.466533855959412, 45.047829642397161 ], [ 33.46901254340554, 45.047554672666585 ], [ 33.468624640010141, 45.045797550898946 ], [ 33.471103219650487, 45.045522545422912 ], [ 33.470715279710582, 45.043765437240218 ], [ 33.473193751553048, 45.043490396025874 ], [ 33.474896126141523, 45.039701143475241 ], [ 33.479852603043781, 45.039150865656424 ], [ 33.479464481408584, 45.03739381499954 ], [ 33.481942594264034, 45.03711861413845 ], [ 33.479226235785127, 45.024819288066411 ], [ 33.481703808270993, 45.024544152086676 ], [ 33.480152098858667, 45.017515963027186 ], [ 33.482629347457483, 45.017240841647897 ], [ 33.481465723181955, 45.011969716835992 ], [ 33.483942720045221, 45.011694593307617 ], [ 33.483167004505837, 45.008180527764182 ], [ 33.48564382171778, 45.007905385337004 ], [ 33.484868104571085, 45.004391340630079 ], [ 33.487344742165909, 45.004116179314323 ], [ 33.488269761165128, 44.996812972218692 ], [ 33.492834331822372, 44.994505548959793 ], [ 33.490895112498116, 44.985720637643553 ], [ 33.493370888112203, 44.985445434407218 ], [ 33.492595305681633, 44.981931481200277 ], [ 33.490119673897119, 44.982206650908964 ], [ 33.489732007965628, 44.980449652784088 ], [ 33.492207567844559, 44.980174499837716 ], [ 33.488719527950707, 44.96436152485974 ], [ 33.491194405411051, 44.964086470397071 ], [ 33.489644802471915, 44.9570584661151 ], [ 33.492119357072838, 44.956783426349766 ], [ 33.490957312586659, 44.951512440121931 ], [ 33.493431616240997, 44.951237398309772 ], [ 33.492656953999344, 44.947723425153043 ], [ 33.495131078552944, 44.947448364549743 ], [ 33.494356414883057, 44.943934412225289 ], [ 33.496830360369977, 44.943659332840973 ], [ 33.496055695297379, 44.940145401349454 ], [ 33.498529461751673, 44.93987030319439 ], [ 33.497754795301887, 44.936356392536496 ], [ 33.500228382757633, 44.936081275620857 ], [ 33.501152454319787, 44.928778381142756 ], [ 33.503625683880578, 44.928503226736503 ], [ 33.503238330905567, 44.926746304246095 ], [ 33.505711453252282, 44.926471114346896 ], [ 33.504936710504857, 44.92295729337544 ], [ 33.507409653973028, 44.922682084755365 ], [ 33.505860308058651, 44.915654471797595 ], [ 33.503387651218496, 44.915929613367702 ], [ 33.502613334616939, 44.9124157543365 ], [ 33.505085848179782, 44.912140646285458 ], [ 33.50160253565263, 44.896328274535541 ], [ 33.504074369302863, 44.896053265073036 ], [ 33.502913688988251, 44.890782467699097 ], [ 33.500442070031305, 44.89105742690802 ], [ 33.500055319074157, 44.889300471363335 ], [ 33.497583736217628, 44.889575361636737 ], [ 33.49719709226229, 44.887818386179639 ], [ 33.494725545513987, 44.888093207522481 ], [ 33.494339008548245, 44.88633621215827 ], [ 33.491867497915955, 44.886610964575567 ], [ 33.491481067927609, 44.884853949309552 ], [ 33.489009593419148, 44.885128632806286 ], [ 33.488623270395955, 44.883371597643752 ], [ 33.486151832019125, 44.883646212224903 ], [ 33.485765615948878, 44.881889157171173 ], [ 33.480436738491804, 44.880681104667076 ], [ 33.479664769471519, 44.877166911868585 ], [ 33.474336428917951, 44.875958507419014 ], [ 33.473564958237958, 44.872444228821955 ], [ 33.471093843690376, 44.872718465482677 ], [ 33.47032265745586, 44.869204140852766 ], [ 33.467851650597936, 44.869478291932623 ], [ 33.467080748736677, 44.865963921286308 ], [ 33.46460984956564, 44.866237986799284 ], [ 33.463839232005462, 44.862723570152994 ], [ 33.461368440518562, 44.862997550113079 ], [ 33.460212993471153, 44.857725851445586 ], [ 33.457742381150233, 44.857999729179475 ], [ 33.456202565069532, 44.850970686811962 ], [ 33.453732203353134, 44.851244445664278 ], [ 33.450270323158591, 44.835428766258389 ], [ 33.447800569112438, 44.835702322914706 ], [ 33.447031792860358, 44.832187659586964 ], [ 33.449501404098719, 44.831914136264658 ], [ 33.447579722803184, 44.823127506311799 ], [ 33.445110468477601, 44.82340094631617 ], [ 33.444342185142148, 44.81988623903387 ], [ 33.441873038348128, 44.820159593625895 ], [ 33.440721091316661, 44.814887459202716 ], [ 33.43825212339901, 44.815160711745612 ], [ 33.436716971760191, 44.808131088682046 ], [ 33.43424825402051, 44.808404222556938 ], [ 33.430796860498162, 44.792587237603534 ], [ 33.428328749317856, 44.792860169678626 ], [ 33.427945508024294, 44.791102694619681 ], [ 33.430413547934492, 44.790829779175581 ], [ 33.426965314211074, 44.775012512515382 ], [ 33.429432677891832, 44.774739694686474 ], [ 33.427517864231973, 44.765952297968077 ], [ 33.429984836887343, 44.765679511248017 ], [ 33.428453332397368, 44.758649604077974 ], [ 33.43091998535472, 44.758376831852992 ], [ 33.429771511612074, 44.753104418510524 ], [ 33.432237916114275, 44.752831644169582 ], [ 33.431472299944367, 44.749316719551608 ], [ 33.43393852716806, 44.749043926483388 ], [ 33.433172908964821, 44.745529022603279 ], [ 33.435638958943599, 44.745256210817949 ], [ 33.434873338732494, 44.741741327676444 ], [ 33.437339211499939, 44.741468497184144 ], [ 33.438273660745651, 44.734165943930748 ], [ 33.440739179191212, 44.733893076055061 ], [ 33.440356348631028, 44.732135667158701 ], [ 33.442821760997141, 44.731862763977603 ], [ 33.442056062931727, 44.728347970056141 ], [ 33.44660355993291, 44.726044706045514 ], [ 33.445072156335428, 44.719015201176425 ], [ 33.447536966539936, 44.71874225865578 ], [ 33.446005839543879, 44.711712770235124 ], [ 33.448470330855478, 44.711439842342017 ], [ 33.446174265289791, 44.700895615610754 ], [ 33.443710199582441, 44.701168443736996 ], [ 33.442180472938304, 44.694138830189402 ], [ 33.436870601406454, 44.6929267534384 ], [ 33.436106301485154, 44.689411855198223 ], [ 33.430796962104658, 44.688199428748227 ], [ 33.430033155421441, 44.68468444534787 ], [ 33.425106057322623, 44.685229198875838 ], [ 33.424724348132017, 44.683471669298861 ], [ 33.419797252104757, 44.68401618222201 ], [ 33.419415719583164, 44.682258616344669 ], [ 33.414488625694354, 44.682802888672889 ], [ 33.414107269829039, 44.681045286511448 ], [ 33.403871909512596, 44.680375470993297 ], [ 33.400646483953977, 44.677131903187984 ], [ 33.390411736154967, 44.676460759591343 ], [ 33.387187266907304, 44.673216698632338 ], [ 33.382260329025918, 44.673759494514343 ], [ 33.381880067622411, 44.67200167188863 ], [ 33.379416617377323, 44.672272975503461 ], [ 33.379036461641334, 44.670515133242219 ], [ 33.376573047498269, 44.670786368464988 ], [ 33.376192997417689, 44.669028506573426 ], [ 33.37372961938425, 44.669299673409085 ], [ 33.373349674946986, 44.667541791892489 ], [ 33.370886333030796, 44.667812890345999 ], [ 33.370506494224749, 44.66605498920962 ], [ 33.368043188433447, 44.666326019285997 ], [ 33.367663455246493, 44.664568098535064 ], [ 33.365200185587675, 44.664839060239274 ], [ 33.364820558007743, 44.663081119879045 ], [ 33.362357324489004, 44.663352013216048 ], [ 33.361977802503979, 44.661594053251768 ], [ 33.356672027515046, 44.660377655281032 ], [ 33.355913440550971, 44.656861653879531 ], [ 33.35060819774916, 44.655644907234695 ], [ 33.349850102330286, 44.65212882132198 ], [ 33.347387191330398, 44.652399339914325 ], [ 33.346629376278187, 44.648883208681937 ], [ 33.344166572300288, 44.649153642458607 ], [ 33.343409037543566, 44.645637465922732 ], [ 33.340946340584722, 44.645907814897654 ], [ 33.340189086052298, 44.642391593074464 ], [ 33.337726496109546, 44.642661857261523 ], [ 33.336591086468211, 44.637387452001754 ], [ 33.334128674348392, 44.637657614944317 ], [ 33.333372049261897, 44.634141296440376 ], [ 33.330909744143888, 44.634411374627746 ], [ 33.329775278370626, 44.629136824405307 ], [ 33.327313151038645, 44.62940680139171 ], [ 33.326935135731624, 44.627648595375177 ], [ 33.324473044608311, 44.627918504093827 ], [ 33.323717259259503, 44.62440204993139 ], [ 33.318415557156456, 44.623183381548436 ], [ 33.317660262202828, 44.619666843166648 ], [ 33.315198421289104, 44.619936514227234 ], [ 33.314443405991, 44.616419930687421 ], [ 33.311981672069436, 44.616689517071158 ], [ 33.311226936355816, 44.613172888389428 ], [ 33.308765309423379, 44.613442390110208 ], [ 33.308010853223237, 44.609925716302691 ], [ 33.305549333276929, 44.610195133374361 ], [ 33.304795156519255, 44.606678414457193 ], [ 33.302333743556041, 44.606947746893646 ], [ 33.301202949179761, 44.601672596285297 ], [ 33.298741713915078, 44.601941827684087 ], [ 33.29723475336683, 44.594908185029524 ], [ 33.294773766473028, 44.595177299005861 ], [ 33.291385755770413, 44.579351276471648 ], [ 33.288925370484883, 44.579620191064045 ], [ 33.288549167555857, 44.577861712438541 ], [ 33.291009482199918, 44.57759281424304 ], [ 33.287624567561245, 44.56176651674884 ], [ 33.290084212338613, 44.561497714370716 ], [ 33.288580417211605, 44.554463790557911 ], [ 33.291039745359576, 44.554195002037716 ], [ 33.289912048134795, 44.548919576297081 ], [ 33.292371130301497, 44.54865078525588 ], [ 33.291619362862228, 44.545133852279939 ], [ 33.294078269630269, 44.544865042338323 ], [ 33.293326498570231, 44.541348129933503 ], [ 33.295785229972715, 44.541079301101696 ], [ 33.295033455317544, 44.53756240926878 ], [ 33.297492011387519, 44.537293561556908 ], [ 33.298446832164863, 44.529990973028198 ], [ 33.302987228562678, 44.527694753369509 ], [ 33.302235371091264, 44.524177949941901 ], [ 33.304693296585057, 44.523909010413206 ], [ 33.304317348944124, 44.522150620515376 ], [ 33.306775169668356, 44.521881645756061 ], [ 33.306399185960302, 44.520123269203125 ], [ 33.308856901922475, 44.519854259220189 ], [ 33.30848088215933, 44.51809589601352 ], [ 33.310938493366947, 44.517826850814004 ], [ 33.310562437560712, 44.516068500955036 ], [ 33.313019944021292, 44.515799420545939 ], [ 33.312643852183989, 44.514041084036037 ], [ 33.315101253905013, 44.513771968424393 ], [ 33.314725126048643, 44.512013645264936 ], [ 33.317182423037622, 44.51174449445778 ], [ 33.316806259174228, 44.50998618465016 ], [ 33.319263451438658, 44.509716998654476 ], [ 33.320968103286141, 44.505931197923218 ], [ 33.325882034591466, 44.505392633632837 ], [ 33.327586158117086, 44.501606797242921 ], [ 33.332499601869046, 44.501067989154443 ], [ 33.332123117529932, 44.499309778977334 ], [ 33.337036283128853, 44.498770797458597 ], [ 33.33665969257931, 44.497012617077473 ], [ 33.341572580019282, 44.496473462166392 ], [ 33.341195883294517, 44.494715311589708 ], [ 33.346108492569563, 44.494175983324176 ], [ 33.345731689704849, 44.49241786256038 ], [ 33.353100134734426, 44.491608532868312 ], [ 33.352723155514362, 44.489850458375678 ], [ 33.362546985933029, 44.488770696351381 ], [ 33.362169760193929, 44.487012684612189 ], [ 33.376904051023594, 44.485391594471459 ], [ 33.376526438463763, 44.48363367847881 ], [ 33.378981962766112, 44.483363332946681 ], [ 33.378226700689105, 44.479847524677943 ], [ 33.380682050141878, 44.479577160598012 ], [ 33.379926785610962, 44.476061372965539 ], [ 33.382381960247145, 44.475790990347903 ], [ 33.381626693287586, 44.472275223352447 ], [ 33.386158936459047, 44.469976514421724 ], [ 33.385403595773376, 44.466460794868631 ], [ 33.387858316276322, 44.4661903402123 ], [ 33.387480627522265, 44.464432492297497 ], [ 33.38993524343379, 44.464162002654618 ], [ 33.38955751904335, 44.462404168144531 ], [ 33.392012030370978, 44.462133643522122 ], [ 33.391634270356128, 44.460375822418079 ], [ 33.394088677107341, 44.460105262823141 ], [ 33.393710881480011, 44.458347455126599 ], [ 33.396165183662333, 44.458076860566102 ], [ 33.395787352434454, 44.456319066278368 ], [ 33.398241550055438, 44.456048436759374 ], [ 33.397863683238945, 44.454290655881827 ], [ 33.400317776306068, 44.4540199914113 ], [ 33.399939873912906, 44.452262223945361 ], [ 33.402393862433705, 44.451991524530293 ], [ 33.40409183494706, 44.44820529548609 ], [ 33.40899935935208, 44.447663705488935 ], [ 33.410696806103083, 44.443877441844371 ], [ 33.415603843416157, 44.443335609337083 ], [ 33.415225623306277, 44.441577941975552 ], [ 33.420132382571488, 44.441035936838105 ], [ 33.419754056985148, 44.43927829941989 ], [ 33.424660538196804, 44.438736121690141 ], [ 33.424282107169091, 44.436978514223597 ], [ 33.429188310321535, 44.436436163939369 ], [ 33.428809773887593, 44.434678586432973 ], [ 33.436168609704048, 44.433864725147053 ], [ 33.43578989795234, 44.432107194146546 ], [ 33.445600915547345, 44.431021392534106 ], [ 33.445221958618063, 44.429263924609238 ], [ 33.467294096047389, 44.426818014738018 ], [ 33.466914544578025, 44.425060692770295 ], [ 33.469366761384592, 44.42478868478112 ], [ 33.469746382735963, 44.426545990171675 ], [ 33.491815404007149, 44.424095458417561 ], [ 33.492195688807399, 44.425852611357939 ], [ 33.502003520650419, 44.424762084880705 ], [ 33.502384119536913, 44.426519168245804 ], [ 33.509739838518421, 44.4257006845421 ], [ 33.510120681646349, 44.427457714907 ], [ 33.51502446033048, 44.426911769200878 ], [ 33.515405477871155, 44.428668763170222 ], [ 33.535019760892261, 44.426482794275074 ], [ 33.534638184785074, 44.42472593348927 ], [ 33.537089743837299, 44.424452473108595 ], [ 33.537471389748269, 44.426209317233052 ], [ 33.559534482634795, 44.423745715095727 ], [ 33.559916791465106, 44.425502405985661 ], [ 33.579909519407153, 44.42506546994143 ], [ 33.579526617601537, 44.423308915827526 ], [ 33.581977688849818, 44.423034498776964 ], [ 33.581594752209604, 44.421277958221786 ], [ 33.584045718807403, 44.421003506611981 ], [ 33.583662747344427, 44.419246979616865 ], [ 33.586113609299318, 44.418972493454845 ], [ 33.585730603025425, 44.417215980021133 ], [ 33.588181360345033, 44.416941459313854 ], [ 33.589865896103696, 44.41315391789049 ], [ 33.594766957323877, 44.412604687083771 ], [ 33.594383776999088, 44.410848231071078 ], [ 33.596834185532835, 44.410573555521879 ], [ 33.596067790303131, 44.407060667471526 ], [ 33.59851802456015, 44.406785974142636 ], [ 33.597368484661267, 44.401516668543451 ], [ 33.599818475026304, 44.401241974177665 ], [ 33.599052150413243, 44.397729121429002 ], [ 33.601501966582966, 44.397454409304558 ], [ 33.600735642389253, 44.393941577370228 ], [ 33.603185284396595, 44.393666847497173 ], [ 33.602418960646709, 44.390154036377851 ], [ 33.604868428524547, 44.389879288766146 ], [ 33.605785076235378, 44.382578963635105 ], [ 33.608234195952868, 44.382304180576106 ], [ 33.607851017361043, 44.380547807823426 ], [ 33.610300032602211, 44.380272990316847 ], [ 33.609533641047754, 44.376760268794939 ], [ 33.611982482275337, 44.37648543358867 ], [ 33.611599269326618, 44.374729084820153 ], [ 33.614048006102735, 44.374454215182219 ], [ 33.613664758537226, 44.372697879990078 ], [ 33.616113390869465, 44.372422975927456 ], [ 33.615730108698955, 44.370666654313055 ], [ 33.618178636594912, 44.37039171583271 ], [ 33.617795319831188, 44.36863540779737 ], [ 33.62230871099942, 44.366329133156434 ], [ 33.621541974092878, 44.362816568241279 ], [ 33.62605477445252, 44.360510213514253 ], [ 33.625287969192946, 44.356997696592906 ], [ 33.62773583610408, 44.356722619639278 ], [ 33.627352416405905, 44.354966373178193 ], [ 33.629800178945615, 44.354691261852587 ], [ 33.629416724729111, 44.352935028977321 ], [ 33.631864382904951, 44.352659883286734 ], [ 33.631480894181919, 44.350903663998608 ], [ 33.633928448001484, 44.350628483949968 ], [ 33.633544924783642, 44.348872278250369 ], [ 33.635992374254521, 44.348597063850676 ], [ 33.635608816553678, 44.346840871740902 ], [ 33.638056161683416, 44.346565622997083 ], [ 33.637672569511338, 44.344809444478493 ], [ 33.640119810307553, 44.344534161397533 ], [ 33.639736183675979, 44.34277799647144 ], [ 33.642183320146223, 44.342502679060274 ], [ 33.643862995703543, 44.338715038256616 ], [ 33.648756816441356, 44.338164215071103 ], [ 33.648373017142994, 44.336408107705445 ], [ 33.650819805734429, 44.33613263626625 ], [ 33.650435972033286, 44.334376542500451 ], [ 33.655329305666314, 44.333825479955081 ], [ 33.657007941487912, 44.330037775699601 ], [ 33.661900788048371, 44.329486473893787 ], [ 33.661516712580294, 44.327730454509975 ], [ 33.666409280645667, 44.32717898205744 ], [ 33.666025101541933, 44.325422993076423 ], [ 33.670917391107345, 44.324871350014973 ], [ 33.670533108402779, 44.323115391445008 ], [ 33.675425119463348, 44.322563577812467 ], [ 33.675040733192837, 44.320807649661809 ], [ 33.68237827951895, 44.319979596866588 ], [ 33.68199372046228, 44.318223715954844 ], [ 33.691776348443199, 44.317118998449736 ], [ 33.691391547431905, 44.315363181620192 ], [ 33.713399787768999, 44.312874734453601 ], [ 33.713014398899119, 44.311119065955346 ], [ 33.717904594906258, 44.310565550391203 ], [ 33.718290122152659, 44.31232118518507 ], [ 33.740294889336532, 44.309827689601953 ], [ 33.740681074229926, 44.31158316936834 ], [ 33.750460333940673, 44.310473556146619 ], [ 33.750073872453441, 44.308718143934264 ], [ 33.752518530336616, 44.308440630097842 ], [ 33.752905060962782, 44.310196025414321 ], [ 33.757794409479409, 44.309640811051644 ], [ 33.757407740586792, 44.30788544953576 ], [ 33.759852292942092, 44.307607782814159 ], [ 33.760239030962225, 44.309363127425357 ], [ 33.782239039990792, 44.306861681804371 ], [ 33.782626435230974, 44.308616870912012 ], [ 33.792403577287594, 44.307503724955474 ], [ 33.792791284156912, 44.309258843072065 ], [ 33.807844510083022, 44.309342507477815 ], [ 33.808232702033621, 44.311097517384567 ], [ 33.813121052324064, 44.310539925819057 ], [ 33.813509417749231, 44.312294898546241 ], [ 33.818397764863825, 44.311737069310276 ], [ 33.818786303775411, 44.313492004841891 ], [ 33.823674647648538, 44.31293393792631 ], [ 33.824063360058425, 44.314688836246383 ], [ 33.83422892373774, 44.315326850432157 ], [ 33.837451331666117, 44.318557113334506 ], [ 33.842339732744129, 44.317998197460689 ], [ 33.845562728630391, 44.321228158507395 ], [ 33.850451193442815, 44.32066886902043 ], [ 33.850840808963397, 44.322423577784768 ], [ 33.853285057275748, 44.322143839629966 ], [ 33.853674777313387, 44.323898528111691 ], [ 33.858563305709815, 44.323338864969969 ], [ 33.861787477591037, 44.326568222005974 ], [ 33.866676069421018, 44.326008185167943 ], [ 33.866285933110738, 44.324253588380991 ], [ 33.86873010673046, 44.323973510618494 ], [ 33.869120312100918, 44.325728090361608 ], [ 33.874008690961347, 44.325167747984509 ], [ 33.873618347482093, 44.323413202337854 ], [ 33.883785022521657, 44.324046452229865 ], [ 33.883394402870927, 44.322291974811371 ], [ 33.888282217414911, 44.321731055598264 ], [ 33.887891495242137, 44.319976609037752 ], [ 33.892779029588084, 44.319415520354688 ], [ 33.892388204928075, 44.317661104660267 ], [ 33.899719032812328, 44.316819141153367 ], [ 33.89932803670721, 44.315064773412253 ], [ 33.909101700058542, 44.313941511343579 ], [ 33.90871046360256, 44.312187208666408 ], [ 33.93069850349184, 44.309657046927704 ], [ 33.930306682095704, 44.307902894900558 ], [ 33.935192383551922, 44.307340111526273 ], [ 33.935584342798514, 44.309094229314219 ], [ 33.957568854751834, 44.306559033208593 ], [ 33.957961469828298, 44.308312993474161 ], [ 33.967731711781589, 44.307184849314289 ], [ 33.968124638117828, 44.308938737651694 ], [ 33.97545215116498, 44.308092044346814 ], [ 33.975845319874374, 44.3098458778748 ], [ 33.980730287617725, 44.309281127201942 ], [ 33.981123629831018, 44.311034923068576 ], [ 33.986008592286339, 44.310469934743722 ], [ 33.986402108015142, 44.312223692932996 ], [ 33.991287065116701, 44.311658466947257 ], [ 33.991680754372595, 44.313412187443198 ], [ 34.001844515045903, 44.31403470523999 ], [ 34.002238551390725, 44.315788350301261 ], [ 34.004681039628132, 44.315505406199335 ], [ 34.005075180667504, 44.317259030731257 ], [ 34.009960187379725, 44.316692955648577 ], [ 34.010354501994442, 44.318446542430017 ], [ 34.020124360674991, 44.317313713586593 ], [ 34.020518986599512, 44.319067228147432 ], [ 34.02784621053258, 44.318217021283736 ], [ 34.02824107890531, 44.319970480810149 ], [ 34.033125853101197, 44.319403387704391 ], [ 34.03352089507802, 44.321156809411832 ], [ 34.038405663331886, 44.320589478578938 ], [ 34.038800878924349, 44.322342862451407 ], [ 34.043685641170349, 44.321775293882546 ], [ 34.044081030389961, 44.323528639904076 ], [ 34.054246099453231, 44.324146097677648 ], [ 34.054641835961675, 44.325899367949262 ], [ 34.05708422586531, 44.325615252435895 ], [ 34.057480067193623, 44.327368502087907 ], [ 34.062364876734776, 44.326800084092589 ], [ 34.062760891738229, 44.328553295836485 ], [ 34.06520331135826, 44.328268993348914 ], [ 34.065599431206664, 44.330022184458798 ], [ 34.068041883663213, 44.329737813878481 ], [ 34.071276923226449, 44.332959695497344 ], [ 34.076161923404634, 44.332390631131936 ], [ 34.079397549773432, 44.335612208528801 ], [ 34.08428260905621, 44.335042770112267 ], [ 34.084679391001458, 44.336795823351075 ], [ 34.09484644547598, 44.337409248220389 ], [ 34.095243574959568, 44.33916222545767 ], [ 34.097686112688038, 44.338877174869381 ], [ 34.09808334711677, 44.340630131414983 ], [ 34.102968451928938, 44.340059843167957 ], [ 34.106205940422313, 44.343280421820815 ], [ 34.115976122659816, 44.342138893783783 ], [ 34.116373947357303, 44.34389171882588 ], [ 34.126143826367169, 44.342749308619595 ], [ 34.126541962551059, 44.344502060843219 ], [ 34.133869198337287, 44.343644667770384 ], [ 34.134267577179799, 44.345397364499483 ], [ 34.139152357641869, 44.344825480420162 ], [ 34.139550910333035, 44.346578139007903 ], [ 34.144435683530425, 44.346006017012584 ], [ 34.144834410081629, 44.347758637443 ], [ 34.155002834840758, 44.34836626192665 ], [ 34.158243482179174, 44.351584936760375 ], [ 34.16312829823849, 44.351011964578802 ], [ 34.16352765153654, 44.352764449636773 ], [ 34.165970073935782, 44.352477869956097 ], [ 34.166369532343928, 44.354230334204459 ], [ 34.16881198724878, 44.353943686320783 ], [ 34.169211550778584, 44.355696129754286 ], [ 34.171654038181153, 44.355409413662848 ], [ 34.172053706844167, 44.357161836276262 ], [ 34.174496226736629, 44.356875051972324 ], [ 34.174896000544422, 44.358627453760356 ], [ 34.177338552918897, 44.358340601239149 ], [ 34.177738431883029, 44.360092982196562 ], [ 34.180181016731666, 44.359806061453391 ], [ 34.183423707490086, 44.363023771885302 ], [ 34.18830897066568, 44.362449606694724 ], [ 34.188709233989847, 44.36420190768019 ], [ 34.19115187983293, 44.363914731453953 ], [ 34.191552248361511, 44.365667011583803 ], [ 34.193994926637572, 44.365379767115769 ], [ 34.194395400382113, 44.367132026384738 ], [ 34.196838111083274, 44.366844713670169 ], [ 34.197238690055322, 44.368596952072991 ], [ 34.19968143317373, 44.368309571107133 ], [ 34.200082117384859, 44.370061788638544 ], [ 34.202524892912606, 44.369774339416665 ], [ 34.202925682374378, 44.371526536071393 ], [ 34.205368490303606, 44.371239018588746 ], [ 34.205769385027551, 44.372991194361525 ], [ 34.208212225350366, 44.372703608613385 ], [ 34.20861322534806, 44.374455763498915 ], [ 34.211056098056574, 44.374168109480529 ], [ 34.211457203339563, 44.375920243473587 ], [ 34.213900108425918, 44.375632521180215 ], [ 34.214301319005735, 44.377384634275501 ], [ 34.21958854216858, 44.378561077037112 ], [ 34.220391421072712, 44.382065216186845 ], [ 34.225679158490458, 44.383241305555444 ], [ 34.226482531781585, 44.386745354195639 ], [ 34.228925736339264, 44.386457255448661 ], [ 34.229729393414566, 44.389961255391157 ], [ 34.232172699167137, 44.389673070823683 ], [ 34.232976640096545, 44.393177022051766 ], [ 34.235420047045537, 44.392888751650219 ], [ 34.236224271899026, 44.396392654147313 ], [ 34.238667780045958, 44.396104297898077 ], [ 34.239472288893467, 44.399608151647477 ], [ 34.241915898239846, 44.399319709536996 ], [ 34.243123142480528, 44.404575411869679 ], [ 34.245566921924834, 44.40428686635439 ], [ 34.247177368802021, 44.411294351307838 ], [ 34.2496213872829, 44.41100568482635 ], [ 34.252038569571049, 44.421516704023723 ], [ 34.254482965031485, 44.421227881447933 ], [ 34.254886025911276, 44.422979688410415 ], [ 34.259774844786243, 44.422401855609735 ], [ 34.260178080219504, 44.424153624030453 ], [ 34.265066890343334, 44.423575552720493 ], [ 34.268318234964802, 44.426789861949771 ], [ 34.273207100782948, 44.426211415290879 ], [ 34.273610790999967, 44.427963085564166 ], [ 34.276055237804627, 44.427673768389681 ], [ 34.276459033676304, 44.429425417642022 ], [ 34.278903512716155, 44.429136032042067 ], [ 34.279307414254092, 44.43088766026812 ], [ 34.281751925521156, 44.430598206237981 ], [ 34.282155932736913, 44.432349813432474 ], [ 34.284600476223261, 44.432060290967392 ], [ 34.285004589128384, 44.433811877125059 ], [ 34.28744916482605, 44.433522286220295 ], [ 34.287853383432122, 44.435273851335829 ], [ 34.290297991333155, 44.434984191986693 ], [ 34.290702315651728, 44.4367357360548 ], [ 34.293146955748163, 44.436446008256532 ], [ 34.293551385790806, 44.438197531271911 ], [ 34.295996058074685, 44.437907735019778 ], [ 34.296400593852958, 44.439659236977171 ], [ 34.298845298316323, 44.439369372266434 ], [ 34.2992499398418, 44.441120853160534 ], [ 34.301694676476657, 44.440830919986482 ], [ 34.302099423760907, 44.442582379811974 ], [ 34.304544192559298, 44.442292378169874 ], [ 34.304949045613881, 44.4440438169215 ], [ 34.307393846567841, 44.443753746806614 ], [ 34.307798805404303, 44.445505164479052 ], [ 34.313093568376964, 44.446676215399989 ], [ 34.313903946088445, 44.450178962931602 ], [ 34.316348912436247, 44.449888669739721 ], [ 34.31675422553915, 44.451640020676699 ], [ 34.319199224012387, 44.45134965898918 ], [ 34.319604642953216, 44.453100988824438 ], [ 34.322049673543916, 44.452810558636592 ], [ 34.322455198334232, 44.454561867364816 ], [ 34.324900261034401, 44.454271368671876 ], [ 34.325305891685765, 44.456022656287772 ], [ 34.327750986487423, 44.455732089085039 ], [ 34.328156723011418, 44.457483355583314 ], [ 34.330601849906543, 44.45719271986605 ], [ 34.331007692314721, 44.458943965241389 ], [ 34.333452851295355, 44.458653261004869 ], [ 34.333858799599291, 44.460404485251992 ], [ 34.336303990657413, 44.460113712491506 ], [ 34.336710044868667, 44.461864915605084 ], [ 34.339155267996276, 44.461574074315891 ], [ 34.339561428126402, 44.463325256290666 ], [ 34.342006683315518, 44.463034346468035 ], [ 34.34241294937609, 44.464785507298657 ], [ 34.347709927909371, 44.465954621715426 ], [ 34.348522920784596, 44.469456855286822 ], [ 34.353820414365387, 44.470625614354589 ], [ 34.354633905112884, 44.474127756303474 ], [ 34.357079458506661, 44.473836468369164 ], [ 34.357893235256668, 44.477338561000217 ], [ 34.360338889686524, 44.477047186803972 ], [ 34.361152952509364, 44.48054923010033 ], [ 34.363598707976607, 44.480257769628544 ], [ 34.364413056942617, 44.483759763573424 ], [ 34.366858913448539, 44.483468216812504 ], [ 34.371749497339088, 44.493682304733483 ], [ 34.374195694042221, 44.49339054992614 ], [ 34.374603353559145, 44.49514146757793 ], [ 34.377049582251523, 44.494849644149824 ], [ 34.377457347914266, 44.496600540586719 ], [ 34.379903608587853, 44.496308648533102 ], [ 34.38316575104389, 44.49951841705721 ], [ 34.388058363154968, 44.498934307513842 ], [ 34.388466516394352, 44.500685122540403 ], [ 34.393359118159118, 44.500100773905871 ], [ 34.396622195615393, 44.503310036332749 ], [ 34.401514850799792, 44.502725311296672 ], [ 34.401923460793398, 44.504476027087051 ], [ 34.404369801712278, 44.504183570460917 ], [ 34.404778517937999, 44.505934264987424 ], [ 34.407224890752282, 44.505641739700415 ], [ 34.407633713221664, 44.507392412957699 ], [ 34.410080117923307, 44.507099819005106 ], [ 34.410489046647925, 44.508850470987895 ], [ 34.412935483228878, 44.508557808365005 ], [ 34.413344518220313, 44.510308439067941 ], [ 34.415790986672484, 44.510015707770052 ], [ 34.41620012794229, 44.511766317187814 ], [ 34.418646628257633, 44.511473517210185 ], [ 34.419055875817357, 44.513224105337486 ], [ 34.421502407987781, 44.512931236675435 ], [ 34.421911761849024, 44.51468180350691 ], [ 34.424358325866478, 44.514388866155713 ], [ 34.424767786040789, 44.516139411686069 ], [ 34.430070576083409, 44.517303855121263 ], [ 34.430889959015296, 44.520804857423258 ], [ 34.436193264478518, 44.521968944299282 ], [ 34.437013147410823, 44.525469854268998 ], [ 34.439460008727252, 44.525176537794984 ], [ 34.443547598980544, 44.531884805568701 ], [ 34.445994662108063, 44.53159131601317 ], [ 34.446405016064929, 44.53334169816754 ], [ 34.448852110981761, 44.5330481398694 ], [ 34.449673069122099, 44.536548857947601 ], [ 34.454978096737335, 44.537711835372789 ], [ 34.455799555463315, 44.541212460949133 ], [ 34.458246883951624, 44.540918660733098 ], [ 34.45906863041106, 44.544419236501255 ], [ 34.461516059796217, 44.544125349679497 ], [ 34.462338094059739, 44.547625875622515 ], [ 34.464785624342866, 44.547331902181412 ], [ 34.465607946481072, 44.550832378282344 ], [ 34.468055577663321, 44.550538318208254 ], [ 34.469289548916798, 44.555788952257444 ], [ 34.471737350164091, 44.555494787684403 ], [ 34.473383445843666, 44.562495512060956 ], [ 34.475831486361841, 44.562201225104978 ], [ 34.479126029080405, 44.576202360743402 ], [ 34.481574585793673, 44.575907879890785 ], [ 34.485284437321511, 44.59165872506955 ], [ 34.48773357980393, 44.591364032327014 ], [ 34.488971080176931, 44.596614196446545 ], [ 34.491420392971783, 44.596319399034485 ], [ 34.492245719531354, 44.599819454888717 ], [ 34.494695133359706, 44.599524570677261 ], [ 34.495933612821723, 44.604774574088871 ], [ 34.498383196993018, 44.604479585164626 ], [ 34.500035306331483, 44.611479468267369 ], [ 34.502485130195133, 44.611184356698836 ], [ 34.504964838346517, 44.621683967019138 ], [ 34.507415040667482, 44.621388696937693 ], [ 34.508242049777493, 44.624888502690531 ], [ 34.510692353188823, 44.624593145720212 ], [ 34.51151965162164, 44.62809290135958 ], [ 34.513970056124379, 44.627797457486757 ], [ 34.514797643950992, 44.631297162995601 ], [ 34.517248149546191, 44.631001632206626 ], [ 34.518490022009431, 44.636251109890111 ], [ 34.520940698092197, 44.635955474234322 ], [ 34.522597333350483, 44.64295465603346 ], [ 34.525048249355876, 44.642658897542184 ], [ 34.526291330033153, 44.647908192514052 ], [ 34.528742416583164, 44.647612329100603 ], [ 34.529571464547658, 44.651111805292111 ], [ 34.532022652224271, 44.650815854887902 ], [ 34.532437302260135, 44.652565569658975 ], [ 34.53488852162279, 44.652269550210377 ], [ 34.535303278854009, 44.6540192434408 ], [ 34.537754529894507, 44.653723154943116 ], [ 34.538169394332705, 44.65547282662753 ], [ 34.540620677042831, 44.65517666907607 ], [ 34.541035648699598, 44.656926319209099 ], [ 34.543486963071139, 44.656630092599158 ], [ 34.543902041958113, 44.658379721175429 ], [ 34.546353387982847, 44.658083425502291 ], [ 34.546768574111638, 44.659833032516474 ], [ 34.549219951781339, 44.659536667775406 ], [ 34.549635245163572, 44.66128625322213 ], [ 34.55208665447001, 44.660989819408456 ], [ 34.555369003976196, 44.66419242268703 ], [ 34.560271911247781, 44.663599227648888 ], [ 34.560687595911013, 44.665348730366368 ], [ 34.565590490693246, 44.664755294970533 ], [ 34.566006352106669, 44.666504758093609 ], [ 34.570909234331772, 44.665911082332002 ], [ 34.571325272506236, 44.667660505844495 ], [ 34.581547213960334, 44.668221817077608 ], [ 34.584831545805713, 44.671423311021734 ], [ 34.589734452985269, 44.6708287758861 ], [ 34.590151128876109, 44.67257805883002 ], [ 34.592602595005175, 44.672280696599969 ], [ 34.593019378275677, 44.674029957899002 ], [ 34.595470875899558, 44.673732526544867 ], [ 34.595887766561333, 44.67548176619362 ], [ 34.598339295671771, 44.675184265710705 ], [ 34.598756293736422, 44.676933483703792 ], [ 34.60120785432516, 44.676635914087427 ], [ 34.601624959804283, 44.678385110419455 ], [ 34.604076551863066, 44.678087471664938 ], [ 34.604493764768286, 44.679836646330578 ], [ 34.60694538828885, 44.679538938433161 ], [ 34.607362708631776, 44.681288091427021 ], [ 34.609814363605842, 44.680990314382051 ], [ 34.61023179139805, 44.682739445698758 ], [ 34.615552730926808, 44.683892793781538 ], [ 34.616388054404929, 44.687390966053336 ], [ 34.618839873147188, 44.687092963464984 ], [ 34.619257661393739, 44.688842026095791 ], [ 34.621709511558095, 44.688543954337135 ], [ 34.622127407310302, 44.690292995267868 ], [ 34.624579288888491, 44.689994854334209 ], [ 34.624997292157964, 44.691743873559481 ], [ 34.627449205141694, 44.69144566344616 ], [ 34.63073747865986, 44.69464535746107 ], [ 34.635641392113271, 44.694048609390123 ], [ 34.636059787471396, 44.695797545370404 ], [ 34.640963687477502, 44.695200556717062 ], [ 34.644252902136934, 44.69839973819446 ], [ 34.649156851306259, 44.69780237054092 ], [ 34.649575708327141, 44.69955120508704 ], [ 34.6520276951738, 44.699252426502646 ], [ 34.652446659798152, 44.701001239293745 ], [ 34.654898677962493, 44.700702391494673 ], [ 34.655317750201888, 44.702451182525344 ], [ 34.657769799675592, 44.702152265506889 ], [ 34.658188979541642, 44.703901034771775 ], [ 34.660641060316415, 44.703602048529241 ], [ 34.661060347820737, 44.705350796022941 ], [ 34.663512459888281, 44.705051740551689 ], [ 34.663931855042449, 44.706800466268838 ], [ 34.666383998394444, 44.706501341564113 ], [ 34.666803501210083, 44.708250045499312 ], [ 34.669255675838222, 44.707950851556483 ], [ 34.6696752863269, 44.709699533704324 ], [ 34.672127492222877, 44.709400270518692 ], [ 34.675419273421298, 44.712598236997678 ], [ 34.68277596393569, 44.711699878643124 ], [ 34.683196036461332, 44.713448459080567 ], [ 34.693004699538008, 44.712249859941736 ], [ 34.693425088182394, 44.713998364054561 ], [ 34.700781392010093, 44.713098823713374 ], [ 34.701202027306813, 44.714847269631072 ], [ 34.70610617729573, 44.714247284262164 ], [ 34.706526989798462, 44.715995690143593 ], [ 34.711431125440498, 44.715395464048754 ], [ 34.711852115159907, 44.717143829877706 ], [ 34.722081510077743, 44.717690981239251 ], [ 34.725376371533869, 44.72088708208581 ], [ 34.730280525866611, 44.720285995170755 ], [ 34.730702155120071, 44.722034218850645 ], [ 34.73315424415469, 44.721733580549362 ], [ 34.733575981239831, 44.723481782329635 ], [ 34.736028101322745, 44.723181074720827 ], [ 34.736449946251128, 44.724929254596098 ], [ 34.73890209737398, 44.724628477675118 ], [ 34.739324050157222, 44.726376635639966 ], [ 34.741776232311622, 44.726075789402138 ], [ 34.742198292961284, 44.72782392545119 ], [ 34.744650506138903, 44.727523009891833 ], [ 34.745072674666567, 44.729271124019682 ], [ 34.747524918859035, 44.728970139134127 ], [ 34.747947195276289, 44.730718231335374 ], [ 34.75039947047523, 44.730417177118973 ], [ 34.750821854793649, 44.73216524738821 ], [ 34.753274160990706, 44.73186412383626 ], [ 34.753696653221859, 44.73361217216808 ], [ 34.756148990408668, 44.733310979275956 ], [ 34.756571590564164, 44.735059005664972 ], [ 34.759023958732335, 44.734757743427977 ], [ 34.75944666682372, 44.736505747868776 ], [ 34.761899065964919, 44.736204416282249 ], [ 34.762321882003775, 44.737952398769423 ], [ 34.767649697169567, 44.739097488057276 ], [ 34.768495799623068, 44.742593361490734 ], [ 34.770948361098839, 44.742291803551801 ], [ 34.774247418473749, 44.745485980060955 ], [ 34.786510149700234, 44.74397698570548 ], [ 34.786086515916089, 44.74222918623142 ], [ 34.790991199568921, 44.741625267478454 ], [ 34.791414972245001, 44.743373030353112 ], [ 34.813484763266281, 44.740652703036183 ], [ 34.813909199381214, 44.742400297355367 ], [ 34.823717268786083, 44.741189861977553 ], [ 34.82414202116675, 44.742937379235336 ], [ 34.831497875483471, 44.742028961579578 ], [ 34.831922874723254, 44.743776420074362 ], [ 34.836826722976227, 44.743170516335177 ], [ 34.837251899689029, 44.744917934394657 ], [ 34.842155731921167, 44.744311789733814 ], [ 34.842581086117455, 44.746059167341741 ], [ 34.852814233936122, 44.746593492364816 ], [ 34.853239943130731, 44.748340789020901 ], [ 34.85569185438802, 44.748037380807943 ], [ 34.856117671716781, 44.749784655348897 ], [ 34.861021516717841, 44.749177649015586 ], [ 34.864325548315421, 44.752368496822562 ], [ 34.886391830282683, 44.749633651282345 ], [ 34.885965103002647, 44.747886605049196 ], [ 34.890868155480952, 44.747278337083223 ], [ 34.891295021439987, 44.749025346469338 ], [ 34.913357457985612, 44.746285449426679 ], [ 34.913784986691297, 44.74803228909802 ], [ 34.923589780065456, 44.74681315706674 ], [ 34.924017624876811, 44.748559919136369 ], [ 34.931371019044803, 44.74764497922498 ], [ 34.931799110661657, 44.749391682115068 ], [ 34.936701317265957, 44.748781430246687 ], [ 34.937129586408894, 44.750528092408629 ], [ 34.942031775709879, 44.749917599602277 ], [ 34.942460222389236, 44.751664221019823 ], [ 34.952693173033566, 44.752189093220402 ], [ 34.956001972894882, 44.755376568357519 ], [ 34.960904170367968, 44.754765213699216 ], [ 34.961333258025299, 44.756511690492445 ], [ 34.963784367478709, 44.756205918167495 ], [ 34.964213563454486, 44.75795237266157 ], [ 34.96911580375226, 44.757340638011812 ], [ 34.969545177331646, 44.759087051677739 ], [ 34.991603947634424, 44.756331555408266 ], [ 34.992033983605175, 44.75807779843565 ], [ 35.001837141581134, 44.756851733934774 ], [ 35.002267493620806, 44.758597898929757 ], [ 35.009619658746104, 44.757677759740496 ], [ 35.010050257618197, 44.759423865223788 ], [ 35.014951643636373, 44.758810147149482 ], [ 35.015382420125448, 44.760556211671073 ], [ 35.020283787835112, 44.759942252602947 ], [ 35.020714741951345, 44.761688276146593 ], [ 35.025616091283965, 44.761074076077335 ], [ 35.026047223037544, 44.762820058626779 ], [ 35.045651604852708, 44.760361071551365 ], [ 35.046083329434836, 44.762106901426826 ], [ 35.055884854852522, 44.760876110804084 ], [ 35.056316895429497, 44.762621862353768 ], [ 35.063667834436735, 44.76169817868491 ], [ 35.064100121826911, 44.763443870496666 ], [ 35.069000689592364, 44.762827789450981 ], [ 35.069433154635284, 44.764573440141895 ], [ 35.074333703397549, 44.76395711808771 ], [ 35.074766346103317, 44.765702727641504 ], [ 35.085000206722654, 44.766214928879151 ], [ 35.088316576749868, 44.769397463728964 ], [ 35.093217127613741, 44.768780279412042 ], [ 35.093650411921004, 44.770525742936158 ], [ 35.096100697402093, 44.770217055714426 ], [ 35.096534090273195, 44.771962496712256 ], [ 35.098984405493511, 44.771653739884073 ], [ 35.099417906939912, 44.773399158350152 ], [ 35.101868251890892, 44.773090331910922 ], [ 35.10230186192404, 44.77483572783985 ], [ 35.104752236597115, 44.774526831784982 ], [ 35.108070186856082, 44.777708590334377 ], [ 35.130122672527484, 44.774925439547992 ], [ 35.130557161545255, 44.776670618111709 ], [ 35.140357515779641, 44.775432263615578 ], [ 35.140792320808259, 44.7771773633838 ], [ 35.148142378703461, 44.776248006821753 ], [ 35.14857743061777, 44.777993046489748 ], [ 35.15347740964517, 44.777373183459808 ], [ 35.153912639341463, 44.779118181752011 ], [ 35.158812598278764, 44.778498077626388 ], [ 35.159248005767026, 44.780243034526578 ], [ 35.164147944545519, 44.779622689298179 ], [ 35.164583529835696, 44.781367604790084 ], [ 35.17481910974346, 44.781871065064038 ], [ 35.178141059097541, 44.78505019880339 ], [ 35.183040995871764, 44.784428990869294 ], [ 35.183477223378567, 44.786173759360921 ], [ 35.185927201366162, 44.785863060266919 ], [ 35.186363537635536, 44.787607806075194 ], [ 35.188813545043125, 44.787297037294302 ], [ 35.189249990086495, 44.789041760413781 ], [ 35.191700026905465, 44.788730921941394 ], [ 35.19213658073425, 44.790475622366635 ], [ 35.194586646955955, 44.790164714198156 ], [ 35.195023309581586, 44.79190939192371 ], [ 35.197473405197428, 44.791598414054597 ], [ 35.197910176631325, 44.793343069074986 ], [ 35.200360301632657, 44.793032021500665 ], [ 35.200797181886252, 44.794776653810452 ], [ 35.203247336264454, 44.794465536526346 ], [ 35.20368432534918, 44.79621014612006 ], [ 35.20902182012891, 44.797332289276454 ], [ 35.209896273447953, 44.80082141366659 ], [ 35.215234281336613, 44.801943190899451 ], [ 35.21610924971769, 44.80543221653906 ], [ 35.218559689079704, 44.80512071295616 ], [ 35.219434954853647, 44.808609685293895 ], [ 35.221885492667944, 44.808298093119589 ], [ 35.222761055906382, 44.811787012137721 ], [ 35.225211692172813, 44.81147533135843 ], [ 35.226087552947419, 44.814964197039217 ], [ 35.22853828766582, 44.814652427641334 ], [ 35.229414446048303, 44.818141239967126 ], [ 35.231865279218482, 44.817829381937038 ], [ 35.233180023095002, 44.823062514496421 ], [ 35.235631023875385, 44.822750548952946 ], [ 35.237384850482471, 44.829727928753456 ], [ 35.239836088069914, 44.829415836796933 ], [ 35.242029614733532, 44.838137379028637 ], [ 35.244481158380481, 44.837825141737667 ], [ 35.247810628959272, 44.841001367416979 ], [ 35.25271379343863, 44.84037656256848 ], [ 35.253152975174558, 44.842120775853026 ], [ 35.255604566703092, 44.841808278119018 ], [ 35.256043857593696, 44.84355246857907 ], [ 35.258495478371245, 44.843239901002093 ], [ 35.258934878427958, 44.844984068632208 ], [ 35.261386528445826, 44.844671431207715 ], [ 35.261826037680095, 44.846415576002379 ], [ 35.26427771692962, 44.846102868725779 ], [ 35.264717335352863, 44.847846990679543 ], [ 35.267169043825326, 44.84753421354629 ], [ 35.267608771448991, 44.849278312653681 ], [ 35.270060509135682, 44.848965465659191 ], [ 35.270500345971207, 44.850709541914739 ], [ 35.272952112863443, 44.850396625054465 ], [ 35.273392058922255, 44.852140678452663 ], [ 35.278735735582089, 44.853258665651929 ], [ 35.279616104699855, 44.856746677047184 ], [ 35.284960295069354, 44.857864297172469 ], [ 35.285841181381933, 44.86135220917437 ], [ 35.288293232620838, 44.861038905030156 ], [ 35.289174417674879, 44.864526763369923 ], [ 35.291626567304498, 44.864213370375673 ], [ 35.292508051171879, 44.867701175035492 ], [ 35.294960299191928, 44.867387693177619 ], [ 35.295842081944564, 44.870875444139664 ], [ 35.298294428354744, 44.870561873404554 ], [ 35.299617611104843, 44.875793413348802 ], [ 35.302070125166487, 44.875479734757597 ], [ 35.303835207768969, 44.882454990163851 ], [ 35.306287958781823, 44.882141184719195 ], [ 35.307170879558583, 44.885628750753931 ], [ 35.30962372898184, 44.885314856375992 ], [ 35.312959896851794, 44.88848838530528 ], [ 35.315412804497925, 44.888174350994362 ], [ 35.314971035806842, 44.886430634814047 ], [ 35.337044771839928, 44.883602203020125 ], [ 35.336602419976451, 44.881858653870054 ], [ 35.339054786949021, 44.881544147852132 ], [ 35.339497208052947, 44.883287677988989 ], [ 35.361567322225604, 44.880454659877827 ], [ 35.362010406593654, 44.882198014786361 ], [ 35.371818575530561, 44.880937494968968 ], [ 35.372261977006055, 44.882680769703121 ], [ 35.379617887881338, 44.881734787882294 ], [ 35.380061537261071, 44.883478001452232 ], [ 35.384965414486523, 44.882847054133428 ], [ 35.385409242589638, 44.884590225578478 ], [ 35.390313096724043, 44.883959036412051 ], [ 35.390757103560183, 44.885702165715877 ], [ 35.401008927857269, 44.886182148959556 ], [ 35.404349678541458, 44.889352283896415 ], [ 35.409253520482309, 44.888720229112039 ], [ 35.409698173177873, 44.890463208791388 ], [ 35.412150102667674, 44.890147085916517 ], [ 35.412594864977208, 44.891890042487411 ], [ 35.41504682319222, 44.891573849585811 ], [ 35.415491695127123, 44.893316783042764 ], [ 35.417943682058549, 44.893000520109865 ], [ 35.418388663630211, 44.894743430447399 ], [ 35.420840679269247, 44.894427097478697 ], [ 35.421285770489078, 44.896169984691291 ], [ 35.423737814826922, 44.895853581682282 ], [ 35.424183015706312, 44.897596445764421 ], [ 35.426635088734145, 44.897279972710521 ], [ 35.427080399284499, 44.899022813656735 ], [ 35.429532500993531, 44.898706270553433 ], [ 35.429977921226239, 44.900449088358208 ], [ 35.435327740579062, 44.901558586643112 ], [ 35.436219060372579, 44.905044125636337 ], [ 35.441569392680336, 44.906153255055024 ], [ 35.442461232488419, 44.909638693360783 ], [ 35.444913615854603, 44.909321761644684 ], [ 35.4458057563061, 44.912807145562439 ], [ 35.448258237504696, 44.912490124607253 ], [ 35.449150678671685, 44.915975454119021 ], [ 35.451603257702132, 44.915658343911147 ], [ 35.452495999656726, 44.919143618998973 ], [ 35.454948676518455, 44.918826419524834 ], [ 35.456288301663783, 44.924054244450041 ], [ 35.458741145584419, 44.923736936525074 ], [ 35.460528158141173, 44.930707236646711 ], [ 35.462981238386391, 44.930389801067783 ], [ 35.467005018292816, 44.946072567747841 ], [ 35.469458681323161, 44.945754908531995 ], [ 35.4699060406735, 44.947497398789722 ], [ 35.467452308343965, 44.947815077197816 ], [ 35.469241875545002, 44.954785074615685 ], [ 35.471695885128391, 44.954467319427465 ], [ 35.472143448027666, 44.9562097894865 ], [ 35.477499225950879, 44.957316515335997 ], [ 35.478394832724014, 44.960801358427751 ], [ 35.483751124551176, 44.961907714488646 ], [ 35.484647253198943, 44.965392456456186 ], [ 35.487101544390725, 44.965074311809779 ], [ 35.487997974825412, 44.968558999144307 ], [ 35.490452363926764, 44.968240765048073 ], [ 35.491349096220709, 44.971725397731518 ], [ 35.493803583231006, 44.971407074171829 ], [ 35.494700617456537, 44.974891652186152 ], [ 35.497155202375112, 44.974573239149422 ], [ 35.498501267963512, 44.979800018056551 ], [ 35.50095602016313, 44.979481496288813 ], [ 35.502751623548029, 44.986450401069128 ], [ 35.505206612439459, 44.986131751297727 ], [ 35.509249735519248, 45.001811376275306 ], [ 35.511705308289251, 45.001492502169782 ], [ 35.513053960457675, 45.006718912902954 ], [ 35.510598179337066, 45.007037844797111 ], [ 35.514645720849963, 45.022717030789359 ], [ 35.512189273410492, 45.023036085020806 ], [ 35.513988967366608, 45.030004583444942 ], [ 35.511532200852038, 45.030323663669513 ], [ 35.512882192840934, 45.035550052581996 ], [ 35.515339168007515, 45.035230914532299 ], [ 35.518696579983612, 45.038395887180236 ], [ 35.523610603589894, 45.037757278392881 ], [ 35.526968613046478, 45.040921927117658 ], [ 35.531882668783155, 45.040282934492751 ], [ 35.53524127573057, 45.043447259194423 ], [ 35.540155363432945, 45.042807882696216 ], [ 35.54060638443891, 45.044549786796715 ], [ 35.543063436251323, 45.04423000257227 ], [ 35.543514567881431, 45.045971883274802 ], [ 35.545971648174408, 45.045652028625504 ], [ 35.546422890440091, 45.047393885924507 ], [ 35.548879999204637, 45.0470739608458 ], [ 35.549331352117335, 45.048815794735745 ], [ 35.551788489344503, 45.048495799223112 ], [ 35.552239952915684, 45.050237609698435 ], [ 35.554697118596494, 45.049917543747377 ], [ 35.555148692837598, 45.051659330802543 ], [ 35.557605886963053, 45.051339194408506 ], [ 35.558057571885534, 45.053080958037938 ], [ 35.560514794446703, 45.052760751196423 ], [ 35.560966590061987, 45.054502491394615 ], [ 35.566333026775055, 45.055603583112415 ], [ 35.567237102004093, 45.059086965652341 ], [ 35.572604054102229, 45.060187685832375 ], [ 35.576871062864527, 45.066833593901784 ], [ 35.584243744395671, 45.065871377404449 ], [ 35.583791062825917, 45.064129824856224 ], [ 35.588705838620896, 45.063488130343984 ], [ 35.588253059142026, 45.061746612434753 ], [ 35.593167530923253, 45.061104752236915 ], [ 35.59271465357164, 45.059363268974103 ], [ 35.597628821340777, 45.058721243130208 ], [ 35.597175846152801, 45.056979794521197 ], [ 35.604546579922321, 45.056016430712305 ], [ 35.604093437422982, 45.054275036155623 ], [ 35.613920226875237, 45.052989913481689 ], [ 35.613466847647175, 45.051248592398288 ], [ 35.63557408377865, 45.0483542535598 ], [ 35.635120120682977, 45.046613103089008 ], [ 35.640032246596512, 45.045969393938172 ], [ 35.640486348561481, 45.047710505548082 ], [ 35.662589493593586, 45.044811113058984 ], [ 35.663044261628528, 45.04655204551117 ], [ 35.672867083522597, 45.045262022053045 ], [ 35.673322170511035, 45.04700287249451 ], [ 35.680689060290419, 45.04603476078497 ], [ 35.681144396837396, 45.047775548644395 ], [ 35.686055588290309, 45.047129846800487 ], [ 35.686511105024387, 45.048870591535653 ], [ 35.691422269427619, 45.048224646664472 ], [ 35.691877966358, 45.049965348258979 ], [ 35.702156090870197, 45.050413387847371 ], [ 35.705523878602925, 45.053571283208406 ], [ 35.710435017138423, 45.05292446817576 ], [ 35.710891365588793, 45.054665016565764 ], [ 35.713346941936855, 45.05434151302051 ], [ 35.71380340127449, 45.056082037720813 ], [ 35.716259005450866, 45.055758463645191 ], [ 35.716715575687111, 45.057498964650279 ], [ 35.71917120768277, 45.057175320039782 ], [ 35.71962788882901, 45.058915797344056 ], [ 35.72208354863487, 45.058592082194231 ], [ 35.722540340702494, 45.060332535792149 ], [ 35.724996028309519, 45.060008750098497 ], [ 35.725452931309874, 45.061749179984467 ], [ 35.727908646708997, 45.061425323742533 ], [ 35.728365660653459, 45.063165729911006 ], [ 35.730821403835613, 45.062841803116264 ], [ 35.731278528735572, 45.064582185561669 ], [ 35.73664733427951, 45.065674479012692 ], [ 35.737562069585941, 45.0691551447973 ], [ 35.742931388495272, 45.070247065204889 ], [ 35.743846651081398, 45.073727627648296 ], [ 35.746302671799498, 45.07340330888686 ], [ 35.747218239748619, 45.076883815451851 ], [ 35.749674357585697, 45.076559406529292 ], [ 35.750590230970531, 45.080039857197526 ], [ 35.753046445925499, 45.079715358100209 ], [ 35.753962624818818, 45.083195752853371 ], [ 35.756418936890555, 45.082871163567702 ], [ 35.757793726157544, 45.088091665508557 ], [ 35.760250204759203, 45.087766966430898 ], [ 35.760708620681079, 45.089507105767758 ], [ 35.76316512698299, 45.089182336064603 ], [ 35.762706641645664, 45.087442216321747 ], [ 35.765163036811245, 45.087117415183499 ], [ 35.764704523789625, 45.085377310841061 ], [ 35.76716080782802, 45.085052478274669 ], [ 35.768699871697628, 45.08124745180745 ], [ 35.773611953590255, 45.080597609992815 ], [ 35.775150504189433, 45.076792570521327 ], [ 35.78006205822826, 45.07614250110322 ], [ 35.779603268261226, 45.074402512995277 ], [ 35.784514516649487, 45.073752278822582 ], [ 35.784055629756672, 45.072012325739195 ], [ 35.788966572496705, 45.071361926851552 ], [ 35.788507588714445, 45.069622008800032 ], [ 35.793418225808594, 45.06897144523699 ], [ 35.792959145173249, 45.067231562224634 ], [ 35.800324579695818, 45.066255393477213 ], [ 35.799865332962476, 45.064515565142472 ], [ 35.809685050349394, 45.06321337189533 ], [ 35.809225568331087, 45.061473617898962 ], [ 35.831316863804076, 45.058540879616849 ], [ 35.830856800515249, 45.056801298297017 ], [ 35.833311110565376, 45.056475203493441 ], [ 35.833771243060397, 45.058214765144463 ], [ 35.855858772587609, 45.055277443603657 ], [ 35.856319569630678, 45.057016823871244 ], [ 35.866135436965777, 45.055709945253511 ], [ 35.866596552571181, 45.057449242469261 ], [ 35.873958220329428, 45.056468489951165 ], [ 35.87441958532834, 45.058207723780562 ], [ 35.879327292398415, 45.057553594863414 ], [ 35.879788837646089, 45.059292785000999 ], [ 35.884696515147162, 45.058638413068273 ], [ 35.88515824065248, 45.060377559497653 ], [ 35.89543541243772, 45.060807189266491 ], [ 35.898813510879528, 45.063957758123081 ], [ 35.920896578093526, 45.061007565167507 ], [ 35.920433758865222, 45.059268708078974 ], [ 35.925340506272562, 45.058612589621639 ], [ 35.925803463679273, 45.060351407152289 ], [ 35.947882364875703, 45.057396178762026 ], [ 35.9483459859958, 45.059134813860759 ], [ 35.958158011804208, 45.057819977846258 ], [ 35.958621951248162, 45.059558529402373 ], [ 35.96598073498545, 45.058571809168996 ], [ 35.966444923703577, 45.060310296959592 ], [ 35.971350706655187, 45.059652189660426 ], [ 35.971815075622267, 45.061390633491442 ], [ 35.976720827806709, 45.060732283208104 ], [ 35.977185377031461, 45.062470683063175 ], [ 35.982091098378213, 45.061812089789917 ], [ 35.982555827869362, 45.063550445652645 ], [ 35.992832087533998, 45.063970841967354 ], [ 35.996215214260708, 45.067117717724031 ], [ 36.00112089612832, 45.066458254069005 ], [ 36.001586277766748, 45.068196453675284 ], [ 36.004039124271969, 45.067866625744912 ], [ 36.004504617217393, 45.069604801164637 ], [ 36.006957490427652, 45.069274902536435 ], [ 36.007423094691298, 45.071013053764013 ], [ 36.009875994597365, 45.070683084433583 ], [ 36.010341710190517, 45.0724212114634 ], [ 36.012794636783205, 45.072091171426301 ], [ 36.013260463717089, 45.073829274252802 ], [ 36.015713416987182, 45.073499163504636 ], [ 36.016179355273046, 45.075237242122185 ], [ 36.018632335211322, 45.07490706065856 ], [ 36.019098384860406, 45.076645115061574 ], [ 36.021551391457663, 45.076314862878057 ], [ 36.022017552481216, 45.078052893060949 ], [ 36.027389918025037, 45.07913018247379 ], [ 36.028322728025465, 45.082606141602561 ], [ 36.030775883564587, 45.082275657318931 ], [ 36.034162252381726, 45.085420984378466 ], [ 36.036615461157815, 45.085090358607431 ], [ 36.036148743093214, 45.083352449609137 ], [ 36.058225091571238, 45.080374710289583 ], [ 36.057757794978464, 45.078636976379023 ], [ 36.060210441368518, 45.078305882372725 ], [ 36.060677806931778, 45.080043596334157 ], [ 36.082750333343384, 45.0770612851449 ], [ 36.083218361953797, 45.07879881508731 ], [ 36.093027544088478, 45.077471943246444 ], [ 36.093495890938406, 45.079209388903131 ], [ 36.10085253754449, 45.078213641960737 ], [ 36.101321133700694, 45.079951023277431 ], [ 36.10622548974743, 45.079286898152809 ], [ 36.106694266301432, 45.081024235104202 ], [ 36.111598589813426, 45.080359866912652 ], [ 36.112067546773751, 45.082097159482345 ], [ 36.116971837680289, 45.081432548218316 ], [ 36.117440975055466, 45.08316979638991 ], [ 36.124797298455036, 45.082172438741402 ], [ 36.123858652979777, 45.078698058172051 ], [ 36.126310537748758, 45.078365544169884 ], [ 36.126885049547198, 45.07108432606762 ], [ 36.131318691373522, 45.068682070400172 ], [ 36.130380091861547, 45.06520778887387 ], [ 36.13283132419803, 45.06487521214946 ], [ 36.132362019557711, 45.06313808486005 ], [ 36.134813140459499, 45.062805477452756 ], [ 36.134343809634288, 45.061068365823793 ], [ 36.136794819110634, 45.0607357277405 ], [ 36.136325462111714, 45.058998631772965 ], [ 36.138776360171889, 45.058665963020616 ], [ 36.138306977010444, 45.056928882715475 ], [ 36.140757763663714, 45.05659618330094 ], [ 36.140288354350915, 45.054859118659152 ], [ 36.142739029606524, 45.054526388589373 ], [ 36.142269594153554, 45.05278933961192 ], [ 36.144720158020789, 45.052456578893811 ], [ 36.14425069643881, 45.050719545581643 ], [ 36.146701148926901, 45.050386754222096 ], [ 36.14821248853886, 45.046579912603406 ], [ 36.153112905421082, 45.045914156691055 ], [ 36.154623737878687, 45.042107305931268 ], [ 36.159523624096735, 45.041441326245859 ], [ 36.159053894646085, 45.039704411380619 ], [ 36.16395347290716, 45.039038269197917 ], [ 36.163483648736459, 45.037301390065956 ], [ 36.168382919044156, 45.036635085425637 ], [ 36.167913000189643, 45.034898242034082 ], [ 36.172811962547549, 45.034231774975765 ], [ 36.172341949045368, 45.032494967331708 ], [ 36.17968986665754, 45.03149494724105 ], [ 36.179219689914618, 45.029758195426709 ], [ 36.18901604141265, 45.028424206958512 ], [ 36.188545632894261, 45.026687531077997 ], [ 36.210584308305869, 45.023683277587665 ], [ 36.210113325290109, 45.021946778196046 ], [ 36.212561784819457, 45.021612739415943 ], [ 36.213032836388486, 45.023349218695351 ], [ 36.227723107016445, 45.021343803228255 ], [ 36.227251644225184, 45.019607444681178 ], [ 36.229699804445907, 45.019273051905735 ], [ 36.229228315914433, 45.017536709076879 ], [ 36.231676364843942, 45.017202285873942 ], [ 36.2331812482524, 45.013395193751059 ], [ 36.238076858218946, 45.012726175131277 ], [ 36.239581236529702, 45.00891907481067 ], [ 36.244476315883681, 45.008249833520701 ], [ 36.244004561903061, 45.006513609583465 ], [ 36.248899333175963, 45.005844206471316 ], [ 36.248427485101907, 45.004108018410349 ], [ 36.253321948297589, 45.003438453515614 ], [ 36.252850006166184, 45.001702301337929 ], [ 36.257744161288493, 45.001032574700247 ], [ 36.257272125135877, 44.999296458412914 ], [ 36.26461283148484, 44.998291550151301 ], [ 36.264140632955971, 44.99655548992655 ], [ 36.273927368291744, 44.995214985989392 ], [ 36.273454939090009, 44.993479002021218 ], [ 36.295471971526332, 44.990460096775159 ], [ 36.294998970120943, 44.988724290068212 ], [ 36.299891035720101, 44.988052907525677 ], [ 36.300364173750843, 44.989788673825593 ], [ 36.322376959511274, 44.986764773330563 ], [ 36.322850755077013, 44.988500353205033 ], [ 36.332633371978979, 44.987155005121593 ], [ 36.333107483572014, 44.988890499582723 ], [ 36.340444199756995, 44.98788089829425 ], [ 36.340918559103827, 44.989616327543438 ], [ 36.345809624732887, 44.988942967393207 ], [ 36.346284163585302, 44.990678351660598 ], [ 36.351175193639449, 44.990004749305832 ], [ 36.351649912005556, 44.991740088575106 ], [ 36.361906762995496, 44.992127451486297 ], [ 36.365302512124813, 44.99526078588125 ], [ 36.370193485345084, 44.994586315481541 ], [ 36.370668853616976, 44.996321494888804 ], [ 36.373114343828242, 44.995984163777436 ], [ 36.373589823427452, 44.997719318409423 ], [ 36.376035338771501, 44.997381916589006 ], [ 36.37651092970907, 44.999117046440112 ], [ 36.378956470176576, 44.998779573906283 ], [ 36.379432172463503, 45.000514678970902 ], [ 36.381877738045141, 45.000177135719383 ], [ 36.382353551692468, 45.001912215991901 ], [ 36.384799142378874, 45.001574602018373 ], [ 36.385275067397622, 45.00330965749319 ], [ 36.38772068317946, 45.002971972793347 ], [ 36.388196719580634, 45.004707003464873 ], [ 36.390642360448581, 45.004369248034408 ], [ 36.391118508243196, 45.006104253896993 ], [ 36.396486124399061, 45.007163511875049 ], [ 36.39743890881207, 45.010633419835713 ], [ 36.402807027722311, 45.011692300031726 ], [ 36.403760344296835, 45.015162099677546 ], [ 36.406206246949182, 45.014823949851127 ], [ 36.407159872894184, 45.018293690816442 ], [ 36.409605868834376, 45.017955449880795 ], [ 36.410559804222011, 45.021425132146852 ], [ 36.413005893447824, 45.021086800088547 ], [ 36.413960138350291, 45.024556423636561 ], [ 36.416406320859537, 45.02421800044219 ], [ 36.417838217501028, 45.029422340897391 ], [ 36.420284561572181, 45.029083806192098 ], [ 36.421239512292139, 45.032553303228106 ], [ 36.423685949648629, 45.032214677354801 ], [ 36.424163558237794, 45.03394939873953 ], [ 36.429056439621775, 45.033271954934051 ], [ 36.432458572185986, 45.036402464356449 ], [ 36.437351466789003, 45.035724636407963 ], [ 36.437829546775895, 45.037459242356483 ], [ 36.440275997351385, 45.03712023234015 ], [ 36.440754188969201, 45.038854813379977 ], [ 36.443200664476443, 45.038515732536112 ], [ 36.443678967736204, 45.040250288661625 ], [ 36.446125468165782, 45.039911136985893 ], [ 36.44660388307851, 45.041645668191485 ], [ 36.44905040842103, 45.041306445679595 ], [ 36.449528934997744, 45.04304095195964 ], [ 36.451975485243807, 45.042701658607307 ], [ 36.452454123495521, 45.044436139956197 ], [ 36.454900698635711, 45.044096775759137 ], [ 36.455379448573446, 45.04583123217121 ], [ 36.457826048598371, 45.045491797125123 ], [ 36.458304910233117, 45.047226228594774 ], [ 36.46075153513339, 45.046886722695348 ], [ 36.461230508476177, 45.048621129216947 ], [ 36.466602917926899, 45.049676286408854 ], [ 36.467561354957326, 45.053144995090079 ], [ 36.472934267314159, 45.054199773493444 ], [ 36.47389323829016, 45.057668373221226 ], [ 36.476340124023537, 45.057328472115877 ], [ 36.477299405525045, 45.060797012802865 ], [ 36.479746384386743, 45.060457020367309 ], [ 36.480705976486078, 45.063925501994646 ], [ 36.483153048473753, 45.063585418215482 ], [ 36.484112951243269, 45.067053840764281 ], [ 36.486560116354589, 45.066713665628093 ], [ 36.487520329866669, 45.07018202907949 ], [ 36.489967588099262, 45.069841762572842 ], [ 36.491408439914139, 45.075044212249253 ], [ 36.493855859604253, 45.0747038338938 ], [ 36.494816781946085, 45.078172069987929 ], [ 36.497264294759063, 45.077831600230049 ], [ 36.498225528090522, 45.08129977716581 ], [ 36.500673134023998, 45.080959215992102 ], [ 36.501634678417503, 45.08442733375059 ], [ 36.504082377469089, 45.084086681147646 ], [ 36.505044232997086, 45.087554739709979 ], [ 36.50749202516441, 45.087213995664371 ], [ 36.508454191899347, 45.090681995011629 ], [ 36.51090207718002, 45.090341159509926 ], [ 36.51186455519435, 45.093809099623208 ], [ 36.514312533585958, 45.093468172652017 ], [ 36.515756783123891, 45.098669987092961 ], [ 36.518204923012171, 45.098328948136633 ], [ 36.520131474007869, 45.105264554763068 ], [ 36.522579843813908, 45.104923383286931 ], [ 36.526917755769617, 45.120528046153574 ], [ 36.529366697734602, 45.120186639514664 ], [ 36.530813660884576, 45.12538804988138 ], [ 36.528364513535564, 45.12572951809701 ], [ 36.53270714997003, 45.141333686706901 ], [ 36.53025734237594, 45.141675289161441 ], [ 36.532188267338562, 45.148610438261123 ], [ 36.529738141795576, 45.148952072297142 ], [ 36.531186589813217, 45.154153447626065 ], [ 36.528736214775392, 45.154495092699165 ], [ 36.529701928710246, 45.157962694417833 ], [ 36.52725137269563, 45.158304329981313 ], [ 36.528217124728535, 45.16177195444785 ], [ 36.525766387701502, 45.162113580492814 ], [ 36.526732177816797, 45.165581227707193 ], [ 36.524281259741706, 45.165922844224689 ], [ 36.523761854998007, 45.173199813878163 ], [ 36.521310574719898, 45.17354141131392 ], [ 36.521793504935843, 45.175275271333348 ], [ 36.519342112167131, 45.17561683868005 ], [ 36.520307966778937, 45.179084586046699 ], [ 36.517856392835405, 45.179426143830639 ], [ 36.518339317219429, 45.181160031177654 ], [ 36.515887630755934, 45.1815015588571 ], [ 36.51637053028913, 45.183235462156979 ], [ 36.513918731296165, 45.183576959725059 ], [ 36.514401605967457, 45.185310878976892 ], [ 36.509980520153256, 45.187727718954115 ], [ 36.51191208284903, 45.194663496101327 ], [ 36.514364381848644, 45.194321976657811 ], [ 36.516296921166912, 45.201257598409697 ], [ 36.518749451298788, 45.200915946151099 ], [ 36.520682967703195, 45.207851412427196 ], [ 36.523135729012296, 45.20750962731455 ], [ 36.527489328754434, 45.223113973200121 ], [ 36.529942665320583, 45.222771952405672 ], [ 36.530910752896119, 45.226239493218344 ], [ 36.528457278677223, 45.226581555136661 ], [ 36.532815229818411, 45.242185446518505 ], [ 36.530361091885901, 45.242527642813791 ], [ 36.531814327433736, 45.247728918952077 ], [ 36.534268672051333, 45.247386660938275 ], [ 36.535237853610745, 45.250854114232375 ], [ 36.537692292020857, 45.250511764313465 ], [ 36.538661787512126, 45.253979158052381 ], [ 36.541116319712216, 45.253636716214864 ], [ 36.542086129208563, 45.257104050379503 ], [ 36.544540755196159, 45.256761516609899 ], [ 36.545996006661952, 45.261962421559844 ], [ 36.54845079536593, 45.261619775248683 ], [ 36.550392023515656, 45.26855416830935 ], [ 36.552847043900563, 45.268211388827957 ], [ 36.553332530131293, 45.269944954968416 ], [ 36.565607315055786, 45.268230192968659 ], [ 36.566093190125045, 45.269963651427005 ], [ 36.585731101827037, 45.267217227668951 ], [ 36.58621757239851, 45.268950516440263 ], [ 36.593581267021719, 45.267919708224767 ], [ 36.592607956722752, 45.264453249947678 ], [ 36.595062295424121, 45.264109587034049 ], [ 36.593115929725279, 45.257176697534661 ], [ 36.595569948783329, 45.256833066502779 ], [ 36.590197706657598, 45.24677722443969 ], [ 36.587744056433458, 45.247120680882958 ], [ 36.586771806347436, 45.243654111561817 ], [ 36.581378727535785, 45.242607456920105 ], [ 36.580407017506836, 45.239140777331883 ], [ 36.575014445052631, 45.238093740994785 ], [ 36.574043274899758, 45.234626951199452 ], [ 36.568651208772252, 45.233579533265591 ], [ 36.567680578314402, 45.230112633323067 ], [ 36.562289018482787, 45.229064833891059 ], [ 36.561318927538984, 45.225597823861236 ], [ 36.555927873972365, 45.224549643029739 ], [ 36.554958322361678, 45.221082522972566 ], [ 36.552505356812333, 45.221425071305006 ], [ 36.551536118805735, 45.217957891654052 ], [ 36.549083246802937, 45.218300348128153 ], [ 36.548114322327379, 45.214833108902525 ], [ 36.545661543873635, 45.215175473531772 ], [ 36.54469293285608, 45.211708174750513 ], [ 36.542240247953892, 45.212050447548357 ], [ 36.541271950321288, 45.208583089230537 ], [ 36.538819358973178, 45.208925270210472 ], [ 36.537851374652504, 45.205457852375133 ], [ 36.53539887686096, 45.205799941550595 ], [ 36.530044261350213, 45.195739369619275 ], [ 36.5324963906642, 45.195397454460654 ], [ 36.530562278025954, 45.1884623712793 ], [ 36.533014088624356, 45.188120487684564 ], [ 36.531563758912363, 45.182919188783103 ], [ 36.534015319583887, 45.182577316207421 ], [ 36.532565178778491, 45.177376037673035 ], [ 36.535016489596032, 45.177034176124941 ], [ 36.533566537682411, 45.171832917957872 ], [ 36.536017598718843, 45.171491067445942 ], [ 36.534567835682175, 45.166289829646338 ], [ 36.537018647010306, 45.165947990179163 ], [ 36.536570249201247, 45.155203747269276 ], [ 36.539020561331284, 45.154861929917331 ], [ 36.538054386504086, 45.151394483372421 ], [ 36.540504517689101, 45.151052656543627 ], [ 36.540056309959894, 45.140308576021752 ], [ 36.542505942340632, 45.139966771361145 ], [ 36.541540057525438, 45.136499374723378 ], [ 36.543989509099553, 45.136157560613455 ], [ 36.542540804979161, 45.130956492903152 ], [ 36.544990007311554, 45.130614689899566 ], [ 36.544024286642092, 45.127147329589654 ], [ 36.546473308254782, 45.126805517155006 ], [ 36.545024850368726, 45.121604503935956 ], [ 36.547473622863642, 45.121262702625486 ], [ 36.546508066360865, 45.117795378642718 ], [ 36.548956658222949, 45.117453567919462 ], [ 36.54799114002963, 45.113986266685778 ], [ 36.55043955129441, 45.113644446558652 ], [ 36.548991397155589, 45.108443521953028 ], [ 36.551439559477778, 45.108101712977287 ], [ 36.550474205495185, 45.104634448069604 ], [ 36.552922187306855, 45.104292629708183 ], [ 36.551956871672417, 45.100825387549143 ], [ 36.554404673009074, 45.100483559810982 ], [ 36.552956822741557, 45.095282723816482 ], [ 36.555404375310637, 45.094940907256913 ], [ 36.554439223930871, 45.091473701422714 ], [ 36.55688659611166, 45.09113187550463 ], [ 36.555921483118709, 45.087664692418656 ], [ 36.558368674946649, 45.087322857150916 ], [ 36.556921128674261, 45.082122109765194 ], [ 36.55936807190951, 45.081780285703211 ], [ 36.558403123215051, 45.078313138940977 ], [ 36.560849886184101, 45.077971305547585 ], [ 36.559884975915061, 45.074504181533143 ], [ 36.562331558653362, 45.074162338817203 ], [ 36.560884316499646, 45.068961680037951 ], [ 36.563330650819957, 45.068619848554974 ], [ 36.562365904893142, 45.065152760863135 ], [ 36.564812059069268, 45.064810920075814 ], [ 36.563847351606391, 45.061343855131383 ], [ 36.566293325673726, 45.061002005048607 ], [ 36.56484638776201, 45.055801434873487 ], [ 36.5672921135859, 45.055459596050824 ], [ 36.566327570508903, 45.051992567427895 ], [ 36.56877311631051, 45.051650719327959 ], [ 36.567808611735913, 45.048183713451991 ], [ 36.570253977550607, 45.047841856083686 ], [ 36.569289511493899, 45.044374872954684 ], [ 36.571734697357037, 45.044033006326899 ], [ 36.570770269833659, 45.040566045944892 ], [ 36.573215275780591, 45.04022417006648 ], [ 36.57225088680601, 45.036757232431448 ], [ 36.574695712872106, 45.036415347311298 ], [ 36.573731362461764, 45.032948432423275 ], [ 36.576176008682353, 45.032606538070262 ], [ 36.575211696851675, 45.029139645929199 ], [ 36.577656163262098, 45.028797742352218 ], [ 36.576691890026524, 45.025330872958151 ], [ 36.579136176662097, 45.024988960166056 ], [ 36.577689890227099, 45.019788683313848 ], [ 36.58013392909973, 45.019446781864758 ], [ 36.579169820431012, 45.01597994878864 ], [ 36.581613679615089, 45.015638038142598 ], [ 36.580649609579744, 45.012171227813049 ], [ 36.583093289110558, 45.011829307978935 ], [ 36.582129257723992, 45.00836252039602 ], [ 36.58457275763682, 45.008020591382689 ], [ 36.58360876491443, 45.004553826546342 ], [ 36.58605208524456, 45.004211888362669 ], [ 36.585088131201715, 45.000745146272919 ], [ 36.587531271984417, 45.000403198927792 ], [ 36.586567356636507, 44.996936479584654 ], [ 36.589010317907039, 44.99659452308687 ], [ 36.588046441269427, 44.993127826490344 ], [ 36.590489223063031, 44.992785860848848 ], [ 36.589525385151092, 44.989319186998927 ], [ 36.591967987503011, 44.988977212222515 ], [ 36.591004188332093, 44.985510561119234 ], [ 36.593446611277571, 44.98516857721679 ], [ 36.592482850863028, 44.981701948860142 ], [ 36.594925094437272, 44.981359955840524 ], [ 36.593961372794453, 44.977893350230495 ], [ 36.596403437032677, 44.977551348102558 ], [ 36.595439754176908, 44.974084765239162 ], [ 36.597881639114341, 44.973742754011788 ], [ 36.596917995060949, 44.970276193895039 ], [ 36.599359700732776, 44.96993417357703 ], [ 36.59839609549708, 44.966467636206943 ], [ 36.600837621938496, 44.966125606807161 ], [ 36.599874055535786, 44.962659092183721 ], [ 36.602315402781983, 44.962317053711054 ], [ 36.601351875227614, 44.958850561834296 ], [ 36.603793043313736, 44.958508514297549 ], [ 36.602829554622971, 44.95504204516746 ], [ 36.605270543584211, 44.954699988575506 ], [ 36.604307093772334, 44.951233542192092 ], [ 36.606747903643843, 44.950891476553771 ], [ 36.605784492726158, 44.94742505291704 ], [ 36.608225123543058, 44.947082978241205 ], [ 36.607261751534843, 44.943616577351179 ], [ 36.60970220333229, 44.943274493646634 ], [ 36.60825726907737, 44.938074919544313 ], [ 36.605817020380307, 44.938416941583355 ], [ 36.604372681342213, 44.933217264507903 ], [ 36.601932592142198, 44.9335591747693 ], [ 36.600970052579804, 44.930092659351629 ], [ 36.598530055190096, 44.930434478401523 ], [ 36.594165998903989, 44.923842997158367 ], [ 36.588805568145155, 44.922792855317901 ], [ 36.584443401640364, 44.916200783116793 ], [ 36.579083806913424, 44.915150050926066 ], [ 36.57812325853611, 44.911683138209476 ], [ 36.57276416151862, 44.91063202778674 ], [ 36.571804144331743, 44.907165005620172 ], [ 36.566445544993222, 44.906113517062828 ], [ 36.565486058819523, 44.902646385505378 ], [ 36.563046801037558, 44.902987284059058 ], [ 36.562567190671345, 44.901253690943612 ], [ 36.560127957129367, 44.901594518910834 ], [ 36.559648457772909, 44.899860900746745 ], [ 36.554290675088758, 44.898808701731689 ], [ 36.553332163704546, 44.895341360684732 ], [ 36.550893070560882, 44.895681956444065 ], [ 36.55041394751327, 44.893948258611474 ], [ 36.547974878646251, 44.894288783805301 ], [ 36.547495866554797, 44.892555060948133 ], [ 36.545056821973773, 44.892895515580697 ], [ 36.544577920827614, 44.891161767704503 ], [ 36.542138900541936, 44.891502151780053 ], [ 36.541660110330191, 44.889768378890473 ], [ 36.539221114349189, 44.890108692413236 ], [ 36.538742435060989, 44.888374894515877 ], [ 36.536303463394027, 44.888715137490152 ], [ 36.535824895018507, 44.886981314590557 ], [ 36.533385947674894, 44.887321487020571 ], [ 36.532907490201183, 44.885587639124381 ], [ 36.530468567190269, 44.885927741014378 ], [ 36.529990220607495, 44.884193868127163 ], [ 36.527551321938617, 44.884533899481397 ], [ 36.527073086235902, 44.882800001608778 ], [ 36.524634211918389, 44.883139962431507 ], [ 36.524156087084869, 44.881406039579062 ], [ 36.521717237128058, 44.881745929874548 ], [ 36.52123922315284, 44.880011982047847 ], [ 36.518800397566046, 44.880351801820339 ], [ 36.51832249443828, 44.878617829024989 ], [ 36.515883693230826, 44.878957578278758 ], [ 36.515405900939626, 44.877223580520344 ], [ 36.512967124120841, 44.877563259259645 ], [ 36.509573119583841, 44.874434797105074 ], [ 36.504695620363613, 44.875113822460513 ], [ 36.504218228126746, 44.873379729435548 ], [ 36.501779481346723, 44.873719146566479 ], [ 36.49838630689495, 44.870590232345656 ], [ 36.493508867940101, 44.871268734535292 ], [ 36.493031875659632, 44.869534546320459 ], [ 36.490593159068176, 44.869873701880842 ], [ 36.487200814655523, 44.866744335784965 ], [ 36.482323436265581, 44.867422314884394 ], [ 36.478931675893719, 44.864292617360753 ], [ 36.468700602258302, 44.863913216786436 ], [ 36.465309764033009, 44.860782976893525 ], [ 36.460432372426659, 44.861459950749904 ], [ 36.45995653638218, 44.859725481931505 ], [ 36.455079107840177, 44.860402214681059 ], [ 36.454603450092534, 44.858667700660064 ], [ 36.449725984684711, 44.859344192307717 ], [ 36.449250505226047, 44.857609633100353 ], [ 36.444373003022172, 44.858285883651064 ], [ 36.44389770184462, 44.856551279273546 ], [ 36.439020162914495, 44.857227288732339 ], [ 36.438545040010176, 44.855492639200904 ], [ 36.433667464423579, 44.856168407572731 ], [ 36.433192519784605, 44.854433712903642 ], [ 36.428314907611295, 44.855109240193485 ], [ 36.427840141229773, 44.85337450040295 ], [ 36.420523603780367, 44.854387354548415 ], [ 36.420049083304214, 44.852652549348797 ], [ 36.412732362431349, 44.853664891526677 ], [ 36.412258087864885, 44.851930020950363 ], [ 36.404941183782768, 44.852941851148266 ], [ 36.404467155130298, 44.851206915227756 ], [ 36.397150068053108, 44.852218233433319 ], [ 36.396676285318932, 44.850483232201071 ], [ 36.389359015460883, 44.851494038401952 ], [ 36.388885478649208, 44.849758971890402 ], [ 36.379128789748115, 44.851105930521861 ], [ 36.378655566565726, 44.849370778509858 ], [ 36.366459080500334, 44.851053247308045 ], [ 36.365986238693026, 44.849317989611258 ], [ 36.361107480131508, 44.849990585603074 ], [ 36.360634816555894, 44.848255282981967 ], [ 36.358195440834706, 44.848591485516373 ], [ 36.354811094399572, 44.8454569383847 ], [ 36.349932400069541, 44.846129011785315 ], [ 36.349460135675066, 44.844393614914765 ], [ 36.347020792125214, 44.844729556166129 ], [ 36.34654863819307, 44.842994134633265 ], [ 36.344109319641262, 44.843330005517323 ], [ 36.340726049575657, 44.840194889007947 ], [ 36.335847469817985, 44.840866299176945 ], [ 36.335375714934379, 44.839130783491839 ], [ 36.332936428740567, 44.839466393144427 ], [ 36.32955398906676, 44.836330827174237 ], [ 36.324675474211553, 44.837001714931887 ], [ 36.321293619040489, 44.833865819254243 ], [ 36.311065516836649, 44.833470911285609 ], [ 36.307684584844488, 44.83033447598558 ], [ 36.3028060652139, 44.831004359465879 ], [ 36.302335464292774, 44.829268566206913 ], [ 36.297456909778916, 44.82993820872359 ], [ 36.296986486926862, 44.828202370739483 ], [ 36.292107897599294, 44.828871772297774 ], [ 36.291637652808177, 44.827135889604776 ], [ 36.286759028736505, 44.827805050209889 ], [ 36.286288961998203, 44.826069122824265 ], [ 36.281410303251988, 44.826738042481416 ], [ 36.280940414558373, 44.825002070419323 ], [ 36.276061721207192, 44.825670749133813 ], [ 36.275592010550099, 44.823934732411516 ], [ 36.270713282663507, 44.824603170188553 ], [ 36.27024375003483, 44.822867108822273 ], [ 36.262925542776223, 44.82386932882175 ], [ 36.262456255936883, 44.822133202721574 ], [ 36.257577374244136, 44.82280105827914 ], [ 36.257108265420563, 44.821064887574181 ], [ 36.242002348456182, 44.821330833583723 ], [ 36.241533731213629, 44.819594533554358 ], [ 36.231775253509369, 44.820928196848286 ], [ 36.231306949865051, 44.819191812137404 ], [ 36.221548065091994, 44.820524591993461 ], [ 36.221080075070645, 44.818788122655377 ], [ 36.211320783704352, 44.82012001901316 ], [ 36.210853107330635, 44.818383465102237 ], [ 36.196213307189183, 44.82037968298966 ], [ 36.195746080182467, 44.81864300450647 ], [ 36.171343708244599, 44.821965815963146 ], [ 36.170877202230571, 44.820228933020218 ], [ 36.136707736513785, 44.824872147496677 ], [ 36.137173291592084, 44.826609310095151 ], [ 36.115202229834985, 44.829589209911575 ], [ 36.115667215244414, 44.831326547666478 ], [ 36.101017537068543, 44.833311003624907 ], [ 36.100552959755127, 44.831573546330098 ], [ 36.098111267411177, 44.831904092974924 ], [ 36.097646800209425, 44.830166611442301 ], [ 36.092763425354271, 44.830827513958447 ], [ 36.092299136283103, 44.829089988287983 ], [ 36.089857453791048, 44.829420344164049 ], [ 36.089393274808508, 44.827682794270821 ], [ 36.086951618295885, 44.828013079928191 ], [ 36.086487549390895, 44.82627550581774 ], [ 36.084045918866821, 44.826605721260748 ], [ 36.080676506718859, 44.823460645643436 ], [ 36.075793307665521, 44.82412074537995 ], [ 36.075329636956532, 44.822383078768063 ], [ 36.072888042448788, 44.822713033276365 ], [ 36.069519462644116, 44.819567511796627 ], [ 36.064636335808302, 44.820227089716539 ], [ 36.064173063194531, 44.818489330679562 ], [ 36.061731504850684, 44.818819024292466 ], [ 36.061268342235174, 44.817081241084956 ], [ 36.056385235739377, 44.817740437623819 ], [ 36.053017828392555, 44.814594261938602 ], [ 36.048134742400805, 44.815253077129881 ], [ 36.047672045781773, 44.81351518174715 ], [ 36.037443260443141, 44.813094149816614 ], [ 36.034077119732956, 44.809947230329698 ], [ 36.029193991495596, 44.810605182272795 ], [ 36.028731938742411, 44.808867130884416 ], [ 36.021407136581075, 44.809853621863951 ], [ 36.020945329835939, 44.808115506739746 ], [ 36.016062055290199, 44.80877287610523 ], [ 36.015600426494188, 44.807034717081457 ], [ 36.010717120765541, 44.807691845495803 ], [ 36.010255669910087, 44.805953642588662 ], [ 36.005372333067903, 44.806610530057554 ], [ 36.004911060144416, 44.804872283283295 ], [ 35.997585945640481, 44.805857177564398 ], [ 35.997124918712778, 44.804118867155843 ], [ 35.989799632473499, 44.805103248999572 ], [ 35.989338851544474, 44.803364874989249 ], [ 35.982013393783966, 44.804348744385358 ], [ 35.981552858856489, 44.802610306805846 ], [ 35.974227229788866, 44.803593663744117 ], [ 35.973766940865772, 44.801855162627966 ], [ 35.95377093769806, 44.802736410636292 ], [ 35.953311277030359, 44.800997743081886 ], [ 35.923544661470387, 44.803182183359816 ], [ 35.92308590178073, 44.801443270792795 ], [ 35.918200956274461, 44.802096378020771 ], [ 35.917742374494352, 44.800357421840907 ], [ 35.912857399066517, 44.801010288119066 ], [ 35.912398995187239, 44.799271288342588 ], [ 35.907513989907073, 44.799923913676786 ], [ 35.907055763919871, 44.798184870319957 ], [ 35.902170728856667, 44.798837254716027 ], [ 35.901712680752787, 44.797098167795056 ], [ 35.896827615975774, 44.797750311258866 ], [ 35.896369745746455, 44.796011180789989 ], [ 35.889042041876905, 44.796988958988962 ], [ 35.888584417702681, 44.795249765337928 ], [ 35.883699210752226, 44.795901326142264 ], [ 35.883241764438438, 44.794162088982553 ], [ 35.875913847618321, 44.795138993194939 ], [ 35.875456647356785, 44.793399692908679 ], [ 35.868128562139823, 44.794376084508379 ], [ 35.867671607933012, 44.792636721128162 ], [ 35.857900520582774, 44.793937792255811 ], [ 35.857443880653946, 44.792198346202099 ], [ 35.847672403841656, 44.793498532109048 ], [ 35.847216078213449, 44.791759003436397 ], [ 35.837444212416216, 44.793058304066406 ], [ 35.836988201111204, 44.791318692829456 ], [ 35.822329571716537, 44.793266013115144 ], [ 35.821874011286205, 44.791526280227252 ], [ 35.799883893881713, 44.794443679154661 ], [ 35.799428989306158, 44.792703766094917 ], [ 35.757884148977283, 44.798202921920343 ], [ 35.7583378917479, 44.799943166772877 ], [ 35.738782714400614, 44.802526110861145 ], [ 35.739235951107624, 44.804266507420579 ], [ 35.724567430561571, 44.806201710211027 ], [ 35.725020297749651, 44.807942219407714 ], [ 35.712795058431027, 44.809553595716203 ], [ 35.713247624360228, 44.811294198019823 ], [ 35.703466419815101, 44.812582466782473 ], [ 35.703918752828933, 44.814323142701809 ], [ 35.696582212916283, 44.815288871578133 ], [ 35.697034381428487, 44.817029601652663 ], [ 35.682811581003946, 44.82070065262694 ], [ 35.683263420305266, 44.822441490954098 ], [ 35.678371285076977, 44.82308456667117 ], [ 35.678823028246654, 44.824825439691416 ], [ 35.671484312178777, 44.825789731909779 ], [ 35.671935890588863, 44.827530659015551 ], [ 35.667043071069841, 44.828173306202849 ], [ 35.667494553262188, 44.82991426798251 ], [ 35.662601432596965, 44.830556751452377 ], [ 35.663052818535789, 44.832297747898593 ], [ 35.65815939672256, 44.832940067611858 ], [ 35.658610686372015, 44.834681098717304 ], [ 35.653716963408968, 44.835323254634716 ], [ 35.654168156733263, 44.837064320392095 ], [ 35.64927413261865, 44.837706312474452 ], [ 35.649725229581932, 44.839447412876368 ], [ 35.644830904313963, 44.840089241084492 ], [ 35.645281904880413, 44.841830376123667 ], [ 35.640387278457354, 44.842472040418308 ], [ 35.638841615643564, 44.846275170524308 ], [ 35.633946468772756, 44.846916608237258 ], [ 35.634397248656377, 44.848657827785466 ], [ 35.631949545098905, 44.848978489977796 ], [ 35.631048163702481, 44.845496008061502 ], [ 35.628600556663898, 44.845816580855583 ], [ 35.627699476377366, 44.842334043824408 ], [ 35.625251965858489, 44.842654527233748 ], [ 35.62390085832611, 44.837430632894126 ], [ 35.621453513030026, 44.837751007588849 ], [ 35.620553116507509, 44.834268352189056 ], [ 35.618105867726001, 44.834588637531134 ], [ 35.617205772069319, 44.831105927074539 ], [ 35.614758619803197, 44.831426123077513 ], [ 35.613858824940728, 44.827943357582164 ], [ 35.611411769190838, 44.82826346425955 ], [ 35.610062589227454, 44.823039227350257 ], [ 35.604719259614107, 44.82193771365661 ], [ 35.603820366704468, 44.818454783153172 ], [ 35.601373600508111, 44.81877462193475 ], [ 35.597130046463597, 44.812128345555912 ], [ 35.591787911849252, 44.811026050478517 ], [ 35.590890139042564, 44.807542908374089 ], [ 35.585548512797303, 44.806440244115109 ], [ 35.584651258970354, 44.802957000382136 ], [ 35.579310141054208, 44.801853967039825 ], [ 35.578413406027721, 44.798370621735437 ], [ 35.575967206172443, 44.79868980454301 ], [ 35.575518968326257, 44.796948106508587 ], [ 35.570178523871867, 44.795844541028778 ], [ 35.569282526043125, 44.792361047541114 ], [ 35.566836478617319, 44.792680001375089 ], [ 35.566388609308902, 44.790938229269571 ], [ 35.563942589837993, 44.791257113212843 ], [ 35.563494829790308, 44.78951531778462 ], [ 35.561048838283064, 44.789834131841666 ], [ 35.560601187484842, 44.788092313096215 ], [ 35.558155223950088, 44.788411057271531 ], [ 35.557707682390081, 44.786669215214374 ], [ 35.555261746836635, 44.786987889512417 ], [ 35.55481431450356, 44.785246024149032 ], [ 35.552368406940204, 44.785564628574292 ], [ 35.551921083822812, 44.783822739910157 ], [ 35.549475204258364, 44.784141274467117 ], [ 35.54902799034538, 44.782399362507718 ], [ 35.546582138788622, 44.782717827200891 ], [ 35.546135034068811, 44.780975891951691 ], [ 35.543689210528548, 44.781294286785545 ], [ 35.543242214990606, 44.779552328252073 ], [ 35.540796419475633, 44.779870653231072 ], [ 35.540349533108326, 44.778128671418791 ], [ 35.537903765627433, 44.778446926547431 ], [ 35.537456988419493, 44.776704921461842 ], [ 35.535011248981469, 44.777023106744601 ], [ 35.534564580921618, 44.775281078391167 ], [ 35.532118869535253, 44.775599193832555 ], [ 35.531672310612215, 44.773857142216769 ], [ 35.529226627286299, 44.774175187821257 ], [ 35.528780177488855, 44.772433112948598 ], [ 35.526334522232155, 44.772751088720668 ], [ 35.525888181549, 44.771008990596627 ], [ 35.523442554370291, 44.771326896540771 ], [ 35.522996322790185, 44.769584775170834 ], [ 35.520550723698264, 44.769902611291542 ], [ 35.517213016805712, 44.766736065137607 ], [ 35.512321890544172, 44.767371407489854 ], [ 35.511876054796119, 44.765629197227462 ], [ 35.509430499549737, 44.765946773282977 ], [ 35.50609362809805, 44.762779789354127 ], [ 35.501202589708562, 44.763414611631291 ], [ 35.497866307433, 44.760247306305381 ], [ 35.492975300840854, 44.760881748162468 ], [ 35.49253014744545, 44.759139383527589 ], [ 35.490084652128274, 44.759456509358088 ], [ 35.489639607730716, 44.757714121538456 ], [ 35.484748633097354, 44.758348183011144 ], [ 35.481413529141832, 44.755180235187964 ], [ 35.476522586628604, 44.755813916311915 ], [ 35.4760780063461, 44.754071420686806 ], [ 35.47118703960291, 44.754704861021871 ], [ 35.47074263687049, 44.752962323108001 ], [ 35.465851645966126, 44.753595522660731 ], [ 35.465407420774341, 44.751852942474329 ], [ 35.460516405777604, 44.752485901251298 ], [ 35.460072358116982, 44.750743278808592 ], [ 35.455181319096653, 44.7513759968164 ], [ 35.454737448957765, 44.749633332133641 ], [ 35.449846385982596, 44.750265809378845 ], [ 35.44940269335595, 44.748523102472241 ], [ 35.444511606494714, 44.749155338961479 ], [ 35.444068091370845, 44.747412589847237 ], [ 35.439176980692309, 44.74804458558711 ], [ 35.438733643061717, 44.746301794281464 ], [ 35.431396881067307, 44.747249350813696 ], [ 35.430953789546322, 44.745506498249547 ], [ 35.423616871400775, 44.746453541740557 ], [ 35.423174025990356, 44.744710627950568 ], [ 35.415836951907586, 44.745657158392952 ], [ 35.415394352608729, 44.743914183409842 ], [ 35.410502906243266, 44.744544912321857 ], [ 35.410060484408838, 44.742801895232681 ], [ 35.407614769616266, 44.743117164652695 ], [ 35.407172456589976, 44.741374124524064 ], [ 35.404726770284093, 44.741689324239047 ], [ 35.404284566054621, 44.73994626107644 ], [ 35.401838908244166, 44.740261391090897 ], [ 35.401396812800201, 44.73851830489977 ], [ 35.396063596030579, 44.737405246631013 ], [ 35.390084603833451, 44.723774865126835 ], [ 35.387639471814481, 44.724089602223486 ], [ 35.386315332302232, 44.718859984010429 ], [ 35.383870366007464, 44.719174613415845 ], [ 35.378778985076714, 44.709029620374174 ], [ 35.376334350172911, 44.709344034471265 ], [ 35.375452682668666, 44.705857440777969 ], [ 35.373008144875662, 44.706171766257427 ], [ 35.371686149329776, 44.700941788980337 ], [ 35.369241777196976, 44.701256006861186 ], [ 35.368360783875083, 44.697769297539793 ], [ 35.365916508846887, 44.698083426835048 ], [ 35.36503581249795, 44.694596663692153 ], [ 35.362591634574763, 44.694910704415335 ], [ 35.361711235127679, 44.691423887468666 ], [ 35.359267154309848, 44.691737839633269 ], [ 35.358387051693541, 44.688250968900554 ], [ 35.355943067981443, 44.688564832520072 ], [ 35.351739866350847, 44.681904704855363 ], [ 35.346412689735551, 44.680788494432662 ], [ 35.342211330921323, 44.674127813655268 ], [ 35.339767764256834, 44.674441253700991 ], [ 35.339328542912277, 44.672697663079987 ], [ 35.336885004877566, 44.673011033601803 ], [ 35.336006818718197, 44.669523802635617 ], [ 35.333563377805554, 44.669837084696738 ], [ 35.333124412969504, 44.66809344435849 ], [ 35.327798760562871, 44.666976136736324 ], [ 35.326921303916826, 44.663488760620332 ], [ 35.32447801744113, 44.66380181523386 ], [ 35.324039417300867, 44.662058102340978 ], [ 35.318714438493664, 44.660940267339249 ], [ 35.317837711029895, 44.657452746190174 ], [ 35.315394579055003, 44.657765573421507 ], [ 35.314956343445026, 44.656021788032341 ], [ 35.312513240164805, 44.65633454578775 ], [ 35.312075112776299, 44.654590737556262 ], [ 35.309632038199361, 44.654903425840281 ], [ 35.309194019021035, 44.65315959477195 ], [ 35.306750973155992, 44.653472213589069 ], [ 35.306313062176571, 44.651728359689308 ], [ 35.303870045031985, 44.652040909044061 ], [ 35.303432242240191, 44.650297032318342 ], [ 35.300989253824696, 44.65060951221524 ], [ 35.300551559209254, 44.648865612668942 ], [ 35.298108599531417, 44.649178023112547 ], [ 35.297671013081015, 44.647434100751106 ], [ 35.295228082149443, 44.647746441745916 ], [ 35.294790603852825, 44.646002496574816 ], [ 35.2923477016761, 44.64631476812535 ], [ 35.291910331521969, 44.644570800149999 ], [ 35.289467458108675, 44.644883002260791 ], [ 35.289030196085754, 44.643139011486603 ], [ 35.286587351444474, 44.643451144162213 ], [ 35.286150197541474, 44.641707130594618 ], [ 35.283707381680784, 44.642019193839545 ], [ 35.283270335886428, 44.640275157483991 ], [ 35.280827548814941, 44.640587151302739 ], [ 35.280390611117923, 44.638843092164642 ], [ 35.277947852844179, 44.63915501656178 ], [ 35.274631572229673, 44.635978684939722 ], [ 35.269746131305268, 44.636602205518997 ], [ 35.269309586275433, 44.634858059213492 ], [ 35.266866874836964, 44.635169724817835 ], [ 35.266430437857984, 44.633425555755451 ], [ 35.263987755261475, 44.633737151956886 ], [ 35.263551426322067, 44.631992960143045 ], [ 35.261108772576087, 44.632304486946076 ], [ 35.260672551664953, 44.630560272386198 ], [ 35.25822992677805, 44.630871729795395 ], [ 35.257793813883929, 44.629127492494909 ], [ 35.255351217864678, 44.629438880514769 ], [ 35.25491521297625, 44.627694620479112 ], [ 35.252472645833201, 44.628005939114175 ], [ 35.252036748939183, 44.626261656348774 ], [ 35.249594210680904, 44.626572905603567 ], [ 35.249158421770026, 44.624828600113844 ], [ 35.246715912405051, 44.625139779992899 ], [ 35.24628023146601, 44.623395451784255 ], [ 35.243837751002893, 44.623706562292135 ], [ 35.243402178024404, 44.621962211370011 ], [ 35.240959726471708, 44.622273252511214 ], [ 35.240524261442488, 44.620528878881039 ], [ 35.238081838808746, 44.620839850660126 ], [ 35.237646481717491, 44.619095454327315 ], [ 35.235204088011258, 44.619406356748812 ], [ 35.234768838846669, 44.617661937718765 ], [ 35.232326474076466, 44.61797277078719 ], [ 35.231891332827281, 44.616228329065365 ], [ 35.229448997001661, 44.616539092785295 ], [ 35.229013963656584, 44.614794628377084 ], [ 35.226571656784067, 44.61510532275301 ], [ 35.223259635850219, 44.611926950935633 ], [ 35.218375098523794, 44.612548011791006 ], [ 35.217940457247053, 44.610803460573592 ], [ 35.215498197849946, 44.611113896397626 ], [ 35.215063664430751, 44.609369322519449 ], [ 35.212621434030787, 44.609679689018243 ], [ 35.209310489325617, 44.606500770479357 ], [ 35.204426105165616, 44.607121175655635 ], [ 35.203991963673843, 44.605376515063696 ], [ 35.201549780926577, 44.605686623067015 ], [ 35.198239667658569, 44.602507272679908 ], [ 35.193355378981174, 44.603127160921694 ], [ 35.19292162931108, 44.601382413691191 ], [ 35.190479494358243, 44.601692263241276 ], [ 35.19004585246384, 44.599947493395781 ], [ 35.185161601372336, 44.600567003362393 ], [ 35.18185266159194, 44.597387018796567 ], [ 35.176968448244885, 44.598006150524753 ], [ 35.17653526645659, 44.596261275408224 ], [ 35.166333773095012, 44.595753903478602 ], [ 35.163026104335415, 44.592573197152149 ], [ 35.158141888433121, 44.593191471407103 ], [ 35.157709342773003, 44.591446449862019 ], [ 35.150382929872144, 44.592373425970358 ], [ 35.149950628765453, 44.590628344482639 ], [ 35.145066294230347, 44.59124603837671 ], [ 35.144634169230329, 44.589500915663166 ], [ 35.139749814734728, 44.590118369942978 ], [ 35.13931786583148, 44.58837320601976 ], [ 35.134433491443239, 44.588990420692376 ], [ 35.134001718626827, 44.587245215575635 ], [ 35.126675068552558, 44.588170602335005 ], [ 35.12624354026832, 44.586425337377037 ], [ 35.118916743124814, 44.587350213038526 ], [ 35.118485459372621, 44.585604888271952 ], [ 35.111158515371876, 44.586529252829806 ], [ 35.110727476151666, 44.584783868287246 ], [ 35.103400385505687, 44.585707721735751 ], [ 35.102969590817288, 44.583962277449757 ], [ 35.093199863215993, 44.58519329939466 ], [ 35.09276938154683, 44.583447776775614 ], [ 35.082999302790256, 44.584677914868912 ], [ 35.082569134158376, 44.582932313971561 ], [ 35.067913255872796, 44.584775891677801 ], [ 35.067483537328847, 44.583030175371192 ], [ 35.047940730422049, 44.58548529646805 ], [ 35.04751159913441, 44.583739427730826 ], [ 34.996201316533401, 44.590168315066478 ], [ 34.99662900737215, 44.591914573057018 ], [ 34.977077176273795, 44.59435794522188 ], [ 34.97750435667448, 44.596104347394864 ], [ 34.965282857873113, 44.597629900251661 ], [ 34.965709733607838, 44.599376391041275 ], [ 34.955931561864773, 44.600595994650938 ], [ 34.956358201503392, 44.602342555536914 ], [ 34.946579134835929, 44.603561421621713 ], [ 34.947005538269906, 44.605308052566095 ], [ 34.939670625314299, 44.606221724906618 ], [ 34.940096861203386, 44.607968407430924 ], [ 34.930316160141793, 44.609186000730588 ], [ 34.930742159631599, 44.610932753247795 ], [ 34.928296818813259, 44.611237043153551 ], [ 34.927870888114242, 44.609490272206301 ], [ 34.92053483989379, 44.610402782159788 ], [ 34.920109154268616, 44.608655952192009 ], [ 34.91521839967178, 44.609264001578786 ], [ 34.914792890315184, 44.607517131033859 ], [ 34.909902118688763, 44.608124940592965 ], [ 34.909476785590464, 44.606378029487026 ], [ 34.902140544761032, 44.607289307963384 ], [ 34.901715456720574, 44.605542337915594 ], [ 34.896824574004825, 44.606149566330096 ], [ 34.896399662204736, 44.604402555760444 ], [ 34.889063255046807, 44.605312962529744 ], [ 34.888638588296097, 44.603565893073913 ], [ 34.881302040339769, 44.604475787852948 ], [ 34.880877618637577, 44.602728659543658 ], [ 34.871095290151899, 44.603941068384735 ], [ 34.870671182334483, 44.602193862896513 ], [ 34.860888512623951, 44.603405385972103 ], [ 34.860464718708208, 44.601658103359973 ], [ 34.84823585940984, 44.603171272986017 ], [ 34.847812448275818, 44.601423894975007 ], [ 34.833136960653803, 44.603237912621282 ], [ 34.832714001226861, 44.601490420982813 ], [ 34.808252469649055, 44.60450953677104 ], [ 34.804961817540118, 44.601315772058065 ], [ 34.800069249461529, 44.601918810757432 ], [ 34.796779187073227, 44.59872473264074 ], [ 34.791886664601094, 44.599327393378957 ], [ 34.791464999540231, 44.597579590697819 ], [ 34.789018749734517, 44.597880826584088 ], [ 34.78859719191594, 44.596133001958052 ], [ 34.783704715207314, 44.596735284773366 ], [ 34.780415832207723, 44.593540580147696 ], [ 34.775523401419626, 44.594142485078393 ], [ 34.775102303099764, 44.592394558169829 ], [ 34.764896473642573, 44.591849681744883 ], [ 34.764475727548621, 44.590101674557943 ], [ 34.762029508500198, 44.590402292826568 ], [ 34.761608869573358, 44.588654263742718 ], [ 34.756716454640262, 44.589255311379453 ], [ 34.756295991797536, 44.587507242189979 ], [ 34.748957289573916, 44.58840837784075 ], [ 34.748537071739946, 44.586660250357347 ], [ 34.738331972591716, 44.586112776247205 ], [ 34.737912106878383, 44.584364568646912 ], [ 34.735465850513236, 44.58466458765043 ], [ 34.735046091901623, 44.582916358199839 ], [ 34.72973402001454, 44.581767937876933 ], [ 34.728894969262747, 44.578271387947353 ], [ 34.726448874212544, 44.578571181750831 ], [ 34.726029474960768, 44.576822883123597 ], [ 34.723583410719208, 44.577122607931962 ], [ 34.723164118513338, 44.575374287477324 ], [ 34.717852897317727, 44.574225187850566 ], [ 34.717014779110563, 44.570728456010464 ], [ 34.714568876266128, 44.571027955703237 ], [ 34.714149943209051, 44.569279566146648 ], [ 34.711704071204657, 44.569578996866859 ], [ 34.711285245137695, 44.567830585505718 ], [ 34.708839403981621, 44.568129947258029 ], [ 34.708420684893291, 44.566381514097671 ], [ 34.705974874593764, 44.566680806886701 ], [ 34.705556262472584, 44.564932351932498 ], [ 34.703110483037861, 44.56523157576293 ], [ 34.702691977872362, 44.563483099020246 ], [ 34.700246229310693, 44.563782253896719 ], [ 34.699827831089358, 44.562033755370919 ], [ 34.697382113408992, 44.562332841298094 ], [ 34.69696382212036, 44.560584320994501 ], [ 34.694518135329524, 44.56088333797706 ], [ 34.694099950962112, 44.559134795901059 ], [ 34.691654295069043, 44.559433743943607 ], [ 34.691236217611362, 44.557685180100563 ], [ 34.688790592624322, 44.55798405920779 ], [ 34.68837262206489, 44.556235473603046 ], [ 34.685927027992079, 44.556534283779605 ], [ 34.685509164319406, 44.554785676418504 ], [ 34.683063601169088, 44.555084417669043 ], [ 34.682645844371692, 44.553335788556971 ], [ 34.680200312152074, 44.553634460886151 ], [ 34.676919617856512, 44.550435740842971 ], [ 34.672028639247536, 44.551032759035508 ], [ 34.671611271904361, 44.549284046603553 ], [ 34.666303087741944, 44.54813207311485 ], [ 34.665468818255803, 44.544634557731449 ], [ 34.66302347179311, 44.544932816630308 ], [ 34.661772558508154, 44.539686462095787 ], [ 34.659327380797968, 44.539984615942437 ], [ 34.658077015128008, 44.534738174544032 ], [ 34.655632006149027, 44.535036223363051 ], [ 34.654382187892239, 44.529789695138192 ], [ 34.651937347623154, 44.53008763895415 ], [ 34.651104462418054, 44.526589899230771 ], [ 34.648659721997632, 44.526887756131401 ], [ 34.647410884483364, 44.521641065217807 ], [ 34.6449663127433, 44.521938817158485 ], [ 34.64413408116571, 44.518440969017568 ], [ 34.641689609265271, 44.518738634075028 ], [ 34.640857666553529, 44.515240735370227 ], [ 34.638413294491855, 44.515538313558032 ], [ 34.63758164057549, 44.512040364306387 ], [ 34.635137368351749, 44.512337855638108 ], [ 34.634306003160319, 44.508839855856685 ], [ 34.631861830773673, 44.509137260345916 ], [ 34.627755893733458, 44.502438426922126 ], [ 34.622452710772997, 44.501283746001661 ], [ 34.619132470080842, 44.487290881444913 ], [ 34.616689040815018, 44.4875878486232 ], [ 34.613786290080469, 44.475343777019859 ], [ 34.611343304211317, 44.475640567422495 ], [ 34.609271384053194, 44.466894604066169 ], [ 34.606828704011633, 44.467191253769158 ], [ 34.605172119930039, 44.46019434641299 ], [ 34.602729676959719, 44.460490873455896 ], [ 34.601073969211107, 44.453493836687727 ], [ 34.598631763258652, 44.453790241108102 ], [ 34.597390583020292, 44.448542371905297 ], [ 34.594948545404733, 44.44883867171459 ], [ 34.590025947365071, 44.438638869956414 ], [ 34.587584246359, 44.438934960617019 ], [ 34.586757842904433, 44.435436212395835 ], [ 34.584316241576929, 44.43573221647582 ], [ 34.583077123538828, 44.430484013417683 ], [ 34.580635690475603, 44.430779912978544 ], [ 34.579809936449649, 44.427281057142544 ], [ 34.577368603055703, 44.42757687015483 ], [ 34.576543136118389, 44.424077964118275 ], [ 34.574101902392776, 44.424373690595537 ], [ 34.573276722474056, 44.420874734375346 ], [ 34.570835588415811, 44.421170374331126 ], [ 34.570010695445625, 44.417671367944266 ], [ 34.567569661053781, 44.417966921392072 ], [ 34.563479800952486, 44.411264225139377 ], [ 34.558186126980743, 44.410105340925362 ], [ 34.557362306312086, 44.406606141172183 ], [ 34.554921602048545, 44.406901366635964 ], [ 34.554098068005985, 44.403402116797231 ], [ 34.548805247537551, 44.402242678133661 ], [ 34.54798221181958, 44.398743335295869 ], [ 34.542689902130888, 44.397583540257152 ], [ 34.541867364559906, 44.394084104474615 ], [ 34.539427021632463, 44.394378933626093 ], [ 34.539015877350948, 44.392629192508764 ], [ 34.536575565601837, 44.39292395315865 ], [ 34.53616452714418, 44.39117419059945 ], [ 34.530873064568006, 44.390013722417308 ], [ 34.530051448173815, 44.386514108011426 ], [ 34.527611298503309, 44.38680864531036 ], [ 34.527200614733189, 44.385058814906941 ], [ 34.524760496271583, 44.385353283726872 ], [ 34.524349918269841, 44.383603431904199 ], [ 34.52190983102517, 44.383897832249787 ], [ 34.521499358780368, 44.382147959013132 ], [ 34.519059302760681, 44.382442290889045 ], [ 34.518648936261393, 44.38069239624371 ], [ 34.516208911474735, 44.380986659654639 ], [ 34.515798650709527, 44.379236743605944 ], [ 34.513358657163948, 44.379530938556528 ], [ 34.512948502121361, 44.377781001109781 ], [ 34.510508539824926, 44.37807512760471 ], [ 34.510098490493547, 44.376325168765213 ], [ 34.507658559454264, 44.376619226809133 ], [ 34.507248615822661, 44.374869246582172 ], [ 34.504808716048565, 44.375163236179773 ], [ 34.504398878105306, 44.373413234570648 ], [ 34.501959009604441, 44.373707155726613 ], [ 34.501549277338093, 44.371957132740626 ], [ 34.499109440118481, 44.372250985459623 ], [ 34.498699813517604, 44.370500941102044 ], [ 34.49626000758731, 44.370794725388734 ], [ 34.495850486640464, 44.369044659664901 ], [ 34.493410712007481, 44.369338375523959 ], [ 34.493001296703248, 44.367588288439165 ], [ 34.490561553375613, 44.367881935875275 ], [ 34.490152243702539, 44.366131827434785 ], [ 34.487712531688288, 44.36642540645262 ], [ 34.484454548497048, 44.363218636130036 ], [ 34.479575212641308, 44.363805469923918 ], [ 34.479166288259421, 44.362055279640614 ], [ 34.476726633114275, 44.362348602835731 ], [ 34.473469477300235, 44.359141413078966 ], [ 34.468590255352673, 44.359727735286718 ], [ 34.468181716152792, 44.357977463234619 ], [ 34.465742118012933, 44.358270530651545 ], [ 34.462485789493876, 44.355062921653165 ], [ 34.457606681726766, 44.355648732363889 ], [ 34.456790410521897, 44.352148021353514 ], [ 34.454350937985744, 44.352440815262426 ], [ 34.453942926409916, 44.350690436709286 ], [ 34.451503485294687, 44.350983162252909 ], [ 34.450687710149964, 44.347482359064401 ], [ 34.448248368916765, 44.347774998481874 ], [ 34.447840605326704, 44.346024573853178 ], [ 34.442554359041715, 44.344859201735645 ], [ 34.441739290663151, 44.341358263890186 ], [ 34.439300112201707, 44.341650680512863 ], [ 34.438892701934122, 44.339900188575179 ], [ 34.43645355493009, 44.340192536863782 ], [ 34.436046250076402, 44.338442023670915 ], [ 34.433607134537773, 44.338734303630147 ], [ 34.433199935086513, 44.33698376918742 ], [ 34.430760851021248, 44.337275980821936 ], [ 34.43035375696099, 44.33552542513462 ], [ 34.425068694601812, 44.334359066521642 ], [ 34.424254964907234, 44.330857866699851 ], [ 34.421816043736072, 44.331149855660094 ], [ 34.421409302701036, 44.329399232771607 ], [ 34.418970413033414, 44.329691153429785 ], [ 34.418563777333929, 44.327940509319177 ], [ 34.416124919177818, 44.328232361680001 ], [ 34.415718388802418, 44.32648169635258 ], [ 34.413279562165776, 44.326773480420727 ], [ 34.412873137103048, 44.325022793881779 ], [ 34.41043434199382, 44.325314509661915 ], [ 34.410028022232332, 44.323563801916713 ], [ 34.407589258658483, 44.323855449413557 ], [ 34.407183044186787, 44.322104720467372 ], [ 34.404744312156282, 44.322396299685586 ], [ 34.401493498557308, 44.319186289155681 ], [ 34.396616123874111, 44.319769123934279 ], [ 34.39621029361362, 44.318018313723712 ], [ 34.393771619427291, 44.318309637563502 ], [ 34.393365894409101, 44.316558806177007 ], [ 34.390927251807597, 44.316850061757712 ], [ 34.390521632020253, 44.315099209200511 ], [ 34.388083021011553, 44.315390396526816 ], [ 34.384833517675666, 44.31217974699809 ], [ 34.379956385287969, 44.312761798091529 ], [ 34.379551149530215, 44.311010864383299 ], [ 34.377112596568118, 44.311301796405637 ], [ 34.373863919263307, 44.308090729344876 ], [ 34.368986903137603, 44.308672269890081 ], [ 34.365738809829267, 44.305460895956358 ], [ 34.360861846875039, 44.306042062472827 ], [ 34.360457273725245, 44.304290987795369 ], [ 34.35801880556884, 44.304581477554109 ], [ 34.357614337541648, 44.302830381765133 ], [ 34.352333133400442, 44.301660039762666 ], [ 34.351524654458252, 44.298157760304314 ], [ 34.349086349803109, 44.298448027818026 ], [ 34.345032037873025, 44.291733503258087 ], [ 34.339752028096221, 44.290562415219327 ], [ 34.335699501686634, 44.28384737027082 ], [ 34.330420344095657, 44.282675732683053 ], [ 34.329613701969294, 44.27917312355931 ], [ 34.324335054636698, 44.278001132626024 ], [ 34.323528905470653, 44.274498432403568 ], [ 34.318250768345578, 44.273326088222433 ], [ 34.317445111963103, 44.26982329695489 ], [ 34.315007635098027, 44.270112691538145 ], [ 34.314604930070033, 44.268361273153083 ], [ 34.312167484994639, 44.268650599623555 ], [ 34.311764884840237, 44.266899160216809 ], [ 34.306487594797701, 44.265726148414977 ], [ 34.305682850428539, 44.262223182103369 ], [ 34.303245569094791, 44.262512286700584 ], [ 34.302843319996761, 44.260760780818771 ], [ 34.30040607048241, 44.261049817325912 ], [ 34.300003926202571, 44.259298290444782 ], [ 34.297566708515454, 44.259587258866546 ], [ 34.297164669042353, 44.257835710991344 ], [ 34.294727483190364, 44.25812461133242 ], [ 34.294325548512568, 44.256373042468404 ], [ 34.291888394503559, 44.256661874733496 ], [ 34.291486564609635, 44.254910284885931 ], [ 34.289049442451471, 44.255199049079749 ], [ 34.288647717329958, 44.253447438253872 ], [ 34.286210627030499, 44.253736134381114 ], [ 34.285809006669979, 44.251984502582182 ], [ 34.283371948237075, 44.252273130647552 ], [ 34.282970432626108, 44.250521477880838 ], [ 34.280533406067626, 44.250810037889039 ], [ 34.280131995194751, 44.249058364159744 ], [ 34.277695000518541, 44.249346856115508 ], [ 34.277293694372347, 44.247595161428912 ], [ 34.27485673158624, 44.247883585336901 ], [ 34.274455530155265, 44.24613186969826 ], [ 34.272018599267128, 44.246420225563227 ], [ 34.271617502539947, 44.244668488977787 ], [ 34.269180603557629, 44.244956776804393 ], [ 34.265941857100195, 44.241741460607059 ], [ 34.261068150436699, 44.242317713615492 ], [ 34.260667436050724, 44.240565896716575 ], [ 34.258230596473375, 44.240853929937543 ], [ 34.257829986743637, 44.239102092116724 ], [ 34.255393179113099, 44.239390057318964 ], [ 34.25215549790061, 44.23617421612083 ], [ 34.247281974148883, 44.236749823960274 ], [ 34.244044875630102, 44.233533677637645 ], [ 34.239171407188998, 44.23410891243396 ], [ 34.235934891341294, 44.230892461085823 ], [ 34.231061478361916, 44.231467322879013 ], [ 34.230661805780962, 44.229715286348977 ], [ 34.228225113184315, 44.230002624002566 ], [ 34.227825545162581, 44.22825056660426 ], [ 34.222952187795983, 44.22882505543437 ], [ 34.219716837222215, 44.225607994331988 ], [ 34.214843535619366, 44.226182110239101 ], [ 34.21444441779542, 44.224429955378042 ], [ 34.209571107920006, 44.225003834317583 ], [ 34.209172162904252, 44.223251641180561 ], [ 34.204298844821871, 44.223825283161062 ], [ 34.203900072603119, 44.222073051764028 ], [ 34.199026746379289, 44.222646456794074 ], [ 34.198628146946334, 44.220894187152922 ], [ 34.193754812646617, 44.221467355241082 ], [ 34.19335638598826, 44.219715047371771 ], [ 34.18848304367819, 44.220287978526599 ], [ 34.18808478978319, 44.218535632445054 ], [ 34.180774710207309, 44.219394597996185 ], [ 34.180376697377071, 44.217642196318806 ], [ 34.17550326701361, 44.218214552572292 ], [ 34.175105426926329, 44.216462112721359 ], [ 34.167795215567594, 44.217320215935594 ], [ 34.167397616532647, 44.215567720544001 ], [ 34.152379476698648, 44.215529855187256 ], [ 34.151982359758478, 44.213777248811645 ], [ 34.142234860941727, 44.214919257490969 ], [ 34.141838053386223, 44.213166578321022 ], [ 34.132090251721991, 44.214307708846519 ], [ 34.131693753563518, 44.212554956936984 ], [ 34.119508533589183, 44.213980145963703 ], [ 34.119112413205706, 44.212227304046486 ], [ 34.104489373008633, 44.213935758450212 ], [ 34.104093698818971, 44.212182809303819 ], [ 34.091907186157869, 44.21360504414492 ], [ 34.091511889827949, 44.21185200517224 ], [ 34.086637170328963, 44.212420510505154 ], [ 34.086242046674549, 44.210667433617957 ], [ 34.083804701519419, 44.210951593136812 ], [ 34.080577454374108, 44.207729469162594 ], [ 34.075702858398259, 44.208297466216372 ], [ 34.075308115896426, 44.206544310207519 ], [ 34.072870832552958, 44.20682821560213 ], [ 34.069644409448195, 44.203605679334061 ], [ 34.064769937261403, 44.204173168200192 ], [ 34.061544097132902, 44.200950328817619 ], [ 34.051401179398518, 44.200331031378191 ], [ 34.048176264208344, 44.197107694988006 ], [ 34.043301903605801, 44.197674202205675 ], [ 34.042908268164304, 44.195920812597038 ], [ 34.038033901424491, 44.196487083051771 ], [ 34.037640438509747, 44.194733655678874 ], [ 34.032766065697942, 44.195299689379446 ], [ 34.032372775298512, 44.193546224258242 ], [ 34.027498396480034, 44.194112021213499 ], [ 34.027105278584436, 44.192358518359868 ], [ 34.022230893824577, 44.192924078578628 ], [ 34.021837948421371, 44.1911705380085 ], [ 34.016963557785388, 44.191735861499616 ], [ 34.016570784863092, 44.189982283228922 ], [ 34.009259136724289, 44.190829837506755 ], [ 34.008866604684265, 44.189076204370508 ], [ 34.003992131229225, 44.189640953257005 ], [ 34.003599771649071, 44.18788728245881 ], [ 33.996287999578172, 44.188733974846066 ], [ 33.995895880866932, 44.1869802492375 ], [ 33.988583993666488, 44.187826434800947 ], [ 33.988192115820333, 44.186072654414467 ], [ 33.980880113697545, 44.186918333154154 ], [ 33.980488476712608, 44.18516449802221 ], [ 33.970738916511188, 44.186291292705214 ], [ 33.970347588825184, 44.18453738572795 ], [ 33.960597733908607, 44.18566330221541 ], [ 33.960206715532941, 44.183909323447679 ], [ 33.945581278892028, 44.18559657714421 ], [ 33.945190706770894, 44.183842492435637 ], [ 33.928126563071196, 44.185808532187735 ], [ 33.927736505758617, 44.18405432457569 ], [ 33.869219349905549, 44.190775783876354 ], [ 33.869607762329217, 44.192530400525825 ], [ 33.852535946866148, 44.194485447839106 ], [ 33.852148014615118, 44.192730712204231 ], [ 33.8472701729984, 44.193288806956417 ], [ 33.846882413202358, 44.191534034107349 ], [ 33.842004567901405, 44.192091892118974 ], [ 33.841616980548608, 44.190337082071608 ], [ 33.836739131628548, 44.190894703351766 ], [ 33.836351716707242, 44.189139856122083 ], [ 33.82903488521962, 44.189975856910522 ], [ 33.828647711336608, 44.188220955555465 ], [ 33.821330769137496, 44.189056449170344 ], [ 33.820943836288421, 44.187301493722423 ], [ 33.813626783585086, 44.188136480164644 ], [ 33.813240091765529, 44.186381470656357 ], [ 33.805922928765206, 44.187215949926888 ], [ 33.805536477970769, 44.185460886390743 ], [ 33.798219204880674, 44.18629485849052 ], [ 33.797832995106944, 44.184539740959025 ], [ 33.785637181455407, 44.185928595592621 ], [ 33.785251350002156, 44.184173390286709 ], [ 33.773055003196667, 44.185560892409072 ], [ 33.772669550096751, 44.183805599412018 ], [ 33.75559367439574, 44.18574585359049 ], [ 33.755208737053756, 44.183990439248269 ], [ 33.691770851544319, 44.191174887302708 ], [ 33.692154001679789, 44.19293073916198 ], [ 33.675070062556934, 44.19485926642367 ], [ 33.675452765876805, 44.196615232562102 ], [ 33.663248564245698, 44.197991311705309 ], [ 33.663630958184442, 44.199747358485801 ], [ 33.648984355913278, 44.201397076891247 ], [ 33.649366371451563, 44.203153220990444 ], [ 33.632276606302788, 44.205075696590356 ], [ 33.632658174336264, 44.206831954634822 ], [ 33.620449813641066, 44.208203709565709 ], [ 33.620831071774504, 44.209960048018239 ], [ 33.611063483352467, 44.211056603225487 ], [ 33.61144450038968, 44.212813005328051 ], [ 33.60167608170967, 44.213908813295298 ], [ 33.602056857547772, 44.215665279008128 ], [ 33.594729972950446, 44.216486650729905 ], [ 33.595110576476586, 44.218243163338208 ], [ 33.580835682866137, 44.221641242052129 ], [ 33.581215941573291, 44.223397848388124 ], [ 33.576330349480358, 44.223944664174489 ], [ 33.576710504718044, 44.225701300688392 ], [ 33.571824636215332, 44.22624794610239 ], [ 33.572204687948904, 44.228004612785917 ], [ 33.564875418734808, 44.228824248892828 ], [ 33.565255297865434, 44.230580962382113 ], [ 33.548151976784915, 44.232491780228983 ], [ 33.548531406884941, 44.234248607019381 ], [ 33.536313367605025, 44.235612031461244 ], [ 33.536692486665864, 44.237368938208249 ], [ 33.526917157719943, 44.238458826814771 ], [ 33.527296034738676, 44.240215796856745 ], [ 33.517519877534532, 44.241304936216643 ], [ 33.517898512408244, 44.243061969513633 ], [ 33.510565825158977, 44.243878338427024 ], [ 33.51094428696792, 44.245635418360784 ], [ 33.503611082154713, 44.246451378037122 ], [ 33.50398937083385, 44.248208504586444 ], [ 33.489699524295119, 44.251596368955838 ], [ 33.490077466519416, 44.253353588672731 ], [ 33.485187662875134, 44.253896793929229 ], [ 33.48556550102208, 44.255654043648498 ], [ 33.480675421298308, 44.256197077882945 ], [ 33.481053155333214, 44.257954357596262 ], [ 33.476162799535459, 44.258497220771055 ], [ 33.476540429423622, 44.260254530470085 ], [ 33.471649797557312, 44.260797222547545 ], [ 33.472027323264037, 44.262554562223947 ], [ 33.467136415334693, 44.263097083166443 ], [ 33.467513836825283, 44.264854452811896 ], [ 33.462622652838419, 44.265396802581812 ], [ 33.462999970078137, 44.267154202187953 ], [ 33.453593986908103, 44.269995817617925 ], [ 33.451902180276562, 44.273781693600405 ], [ 33.447009960778018, 44.274323460481348 ], [ 33.445317633637416, 44.27810930292916 ], [ 33.440424930695237, 44.278650829280139 ], [ 33.438732082851693, 44.282436638110696 ], [ 33.433838896435503, 44.282977923832497 ], [ 33.43421558665883, 44.284735513350931 ], [ 33.431768872575816, 44.285006096036213 ], [ 33.430075329890244, 44.288791863356053 ], [ 33.425181452506251, 44.289332839077126 ], [ 33.425557967943433, 44.291090485305084 ], [ 33.423110908362588, 44.291360912955767 ], [ 33.421416670451684, 44.295146638615847 ], [ 33.39449484765472, 44.298117767022489 ], [ 33.394870562728684, 44.299875618107983 ], [ 33.380183768773918, 44.3014937230027 ], [ 33.380559100939337, 44.303251669672029 ], [ 33.368318817751259, 44.304598765120701 ], [ 33.368693836368394, 44.306356790859709 ], [ 33.34948154617301, 44.310267766665604 ], [ 33.349856076457989, 44.312025917558671 ], [ 33.34251005067091, 44.312832479178702 ], [ 33.342884406255031, 44.314590676199884 ], [ 33.328564987769319, 44.317960806904296 ], [ 33.328938993756132, 44.319719096117552 ], [ 33.32404064559644, 44.320256031197324 ], [ 33.324414546353921, 44.322014350107025 ], [ 33.317066559501832, 44.322819417455563 ], [ 33.317440285314653, 44.324577782415744 ], [ 33.312541317691895, 44.32511427041652 ], [ 33.312914938192357, 44.326872665051276 ], [ 33.308015694932031, 44.327408980703034 ], [ 33.308389210085267, 44.329167405003936 ], [ 33.303489691193377, 44.329703548269038 ], [ 33.303863100964563, 44.331462002227653 ], [ 33.298963306447156, 44.331997973068411 ], [ 33.299336610801419, 44.333756456676298 ], [ 33.28990939381675, 44.336586394182916 ], [ 33.288205251230153, 44.340371245564214 ], [ 33.278776269871415, 44.343200425533844 ], [ 33.279149116418488, 44.344959040944111 ], [ 33.276698443340941, 44.345226585680024 ], [ 33.274993252129541, 44.349011366093301 ], [ 33.270091456733901, 44.349546264192462 ], [ 33.270464126007774, 44.351304935774721 ], [ 33.268013107492642, 44.351572324132746 ], [ 33.268385740918504, 44.353331008997074 ], [ 33.263483462249312, 44.353865664304259 ], [ 33.263855989962742, 44.355624378753433 ], [ 33.261404729803544, 44.35589164569064 ], [ 33.261777221635469, 44.357650373417087 ], [ 33.259325857635737, 44.357917605302745 ], [ 33.25761926575975, 44.361702297409003 ], [ 33.252716088385924, 44.362236569566917 ], [ 33.25308840260702, 44.363995353409756 ], [ 33.250636693075705, 44.364262428728551 ], [ 33.251008971357962, 44.366021225841031 ], [ 33.248557157958828, 44.366288266075415 ], [ 33.248929400290301, 44.368047076456101 ], [ 33.246477483015958, 44.368314081599124 ], [ 33.246849689384739, 44.37007290524663 ], [ 33.244397668227769, 44.370339875291236 ], [ 33.244769838621934, 44.372098712204185 ], [ 33.242317713574977, 44.372365647143418 ], [ 33.242689847982575, 44.374124497320402 ], [ 33.240237619038226, 44.374391397147257 ], [ 33.24060971744732, 44.376150260586861 ], [ 33.238157384598182, 44.37641712529436 ], [ 33.238529446996864, 44.378176001995172 ], [ 33.23607701023554, 44.378442831576329 ], [ 33.236449036611845, 44.38020172153697 ], [ 33.233996495930981, 44.380468515984774 ], [ 33.234368486272956, 44.382227419203851 ], [ 33.231915841665142, 44.382494178511323 ], [ 33.232287795960858, 44.384253094987407 ], [ 33.22983504741871, 44.384519819147549 ], [ 33.230206965656208, 44.386278748879256 ], [ 33.22567303890667, 44.388571034715461 ], [ 33.226416765013212, 44.392088944179989 ], [ 33.223963634593588, 44.392355579120533 ], [ 33.22433547851854, 44.394114545598377 ], [ 33.221882244125325, 44.394381145361535 ], [ 33.222254051941981, 44.396140125090035 ], [ 33.21771904290167, 44.398432212034017 ], [ 33.218462547960634, 44.401950221474507 ], [ 33.216008931527547, 44.402216731920717 ], [ 33.216380664875878, 44.403975748382713 ], [ 33.211844817153732, 44.406267693353563 ], [ 33.21258817312011, 44.409785776248434 ], [ 33.210134174516561, 44.410052197303322 ], [ 33.210505833278809, 44.411811250489755 ], [ 33.208051730630579, 44.412077636314166 ], [ 33.206340732852851, 44.41586213299891 ], [ 33.196894626007648, 44.418686227020508 ], [ 33.195182750188543, 44.422470659326798 ], [ 33.18573487409639, 44.425293990190909 ], [ 33.18610599845897, 44.427053200966618 ], [ 33.183651031699803, 44.427319133890109 ], [ 33.181938100601251, 44.431103492729399 ], [ 33.177027716811487, 44.431635165799371 ], [ 33.175314257780336, 44.435419487779896 ], [ 33.170403389801706, 44.435950916447425 ], [ 33.170774191942861, 44.437710225752738 ], [ 33.16831863690021, 44.437975878967485 ], [ 33.168689402642649, 44.439735201485668 ], [ 33.166233743473072, 44.440000819349116 ], [ 33.164519402409823, 44.44378508652364 ], [ 33.159607633666312, 44.444316129232028 ], [ 33.15997821984373, 44.446075507579387 ], [ 33.157522214399037, 44.446340967770659 ], [ 33.157892764119978, 44.448100359323156 ], [ 33.155436654521139, 44.448365784130161 ], [ 33.15580716777356, 44.450125188886425 ], [ 33.153350954013177, 44.450390578302112 ], [ 33.153721430785062, 44.452149996260715 ], [ 33.151265112855754, 44.452415350278088 ], [ 33.151635553135087, 44.454174781437601 ], [ 33.149179131029463, 44.454440100049645 ], [ 33.149549534804208, 44.456199544408676 ], [ 33.147093008514894, 44.456464827608379 ], [ 33.147463375773022, 44.4582242851655 ], [ 33.145006745292626, 44.458489532945819 ], [ 33.1453770760221, 44.460249003699623 ], [ 33.142920341343235, 44.460514216053582 ], [ 33.143290635532026, 44.462273700002648 ], [ 33.140833796647307, 44.462538876923183 ], [ 33.141204054283378, 44.464298374066082 ], [ 33.136660284938152, 44.466588131914236 ], [ 33.137400687751573, 44.470107175982236 ], [ 33.134943465791707, 44.470372262734728 ], [ 33.135313647519446, 44.47213179646662 ], [ 33.132856321314485, 44.472396847755576 ], [ 33.133226466438991, 44.474156394676292 ], [ 33.13076903598153, 44.474421410494671 ], [ 33.131139144490746, 44.476180970602783 ], [ 33.126594042670717, 44.478470469093871 ], [ 33.127334146972181, 44.481989639069425 ], [ 33.122788447631279, 44.484279051308278 ], [ 33.123528472925415, 44.487798268053659 ], [ 33.121070380113977, 44.488063138736308 ], [ 33.12144037298853, 44.489822758800209 ], [ 33.116893830591721, 44.492112026852048 ], [ 33.115915094004549, 44.499415407250801 ], [ 33.11136760088376, 44.501704560287443 ], [ 33.112107388508697, 44.505223917301613 ], [ 33.109648457997345, 44.505488623231287 ], [ 33.110388239729218, 44.5090080006403 ], [ 33.107929134242418, 44.509272687155722 ], [ 33.106949399427137, 44.516576170245962 ], [ 33.102400248951909, 44.518865150748368 ], [ 33.103509835073503, 44.524144343682082 ], [ 33.101050029355683, 44.524408952438222 ], [ 33.101789781229549, 44.527928431808874 ], [ 33.099329800371628, 44.52819302109959 ], [ 33.100069546195286, 44.531712520860019 ], [ 33.097609390164322, 44.531977090675106 ], [ 33.098719050523805, 44.537256366436473 ], [ 33.096258648584552, 44.537520932909658 ], [ 33.097368401277052, 44.542800230329078 ], [ 33.094907753358839, 44.543064793448828 ], [ 33.09601759836417, 44.548344112526273 ], [ 33.093556704396349, 44.54860867228102 ], [ 33.094666641694296, 44.553888013016447 ], [ 33.092205501606145, 44.554152569394638 ], [ 33.093685608730091, 44.561191713302314 ], [ 33.091224151655005, 44.561456282436545 ], [ 33.093074693245669, 44.570255226103747 ], [ 33.090612848233114, 44.570519824128894 ], [ 33.092463882259636, 44.579318774137207 ], [ 33.090001649126833, 44.579583401044729 ], [ 33.09333500704804, 44.595421468878129 ], [ 33.090872101959121, 44.59568618926604 ], [ 33.097174733699326, 44.62560215597852 ], [ 33.09963884539917, 44.625337160844026 ], [ 33.102980144927322, 44.641174531159926 ], [ 33.105444862129694, 44.64090933849176 ], [ 33.107674351734602, 44.651467353907798 ], [ 33.1101394614941, 44.651202012150605 ], [ 33.111998660987986, 44.660000195181951 ], [ 33.114464092330593, 44.659734720465337 ], [ 33.115580234126043, 44.665013545795389 ], [ 33.118045844840402, 44.664747970476249 ], [ 33.119534795622855, 44.671786297524591 ], [ 33.122000656907012, 44.671520605368372 ], [ 33.12311794153306, 44.676799270571436 ], [ 33.125583982256231, 44.676533477757339 ], [ 33.12632915162132, 44.680052540474001 ], [ 33.128795300609056, 44.679786663198918 ], [ 33.129913524233494, 44.685065186116518 ], [ 33.132379852698413, 44.684799208139957 ], [ 33.133125648263174, 44.688318175961072 ], [ 33.135592085007751, 44.688052113490699 ], [ 33.136711248232949, 44.693330494007178 ], [ 33.13917786449278, 44.693064330791707 ], [ 33.139924286658939, 44.696583203640166 ], [ 33.142391011213519, 44.696316955898041 ], [ 33.143137712632111, 44.699835784237862 ], [ 33.145604545484744, 44.699569451955163 ], [ 33.146351526227164, 44.703088235770259 ], [ 33.148818467381133, 44.702821818933018 ], [ 33.152780316581747, 44.709592751519075 ], [ 33.158088561587881, 44.710818837792083 ], [ 33.15883659181133, 44.714337449375918 ], [ 33.164145372828713, 44.7155631881853 ], [ 33.164893893855542, 44.719081716583027 ], [ 33.170203210947037, 44.720307107828525 ], [ 33.170952222961539, 44.723825552987591 ], [ 33.176262076190007, 44.725050596568877 ], [ 33.177011579376568, 44.728568958436746 ], [ 33.179479318391849, 44.728301760487291 ], [ 33.179854192812243, 44.730060920588592 ], [ 33.182321968804757, 44.729793654253534 ], [ 33.182696948898005, 44.7315527950282 ], [ 33.188007697562846, 44.732777178623884 ], [ 33.188758114890362, 44.736295379807437 ], [ 33.191226073102484, 44.73602789197075 ], [ 33.191601404673811, 44.737786971705013 ], [ 33.194069399835278, 44.737519415458614 ], [ 33.194444837138235, 44.739278475844003 ], [ 33.196912869241494, 44.739010851182847 ], [ 33.197288412288309, 44.740769892214146 ], [ 33.199756481325799, 44.740502199133196 ], [ 33.200132130128701, 44.742261220805119 ], [ 33.202600236092849, 44.741993459299373 ], [ 33.202975990664065, 44.743752461606697 ], [ 33.205444133547317, 44.743484631671109 ], [ 33.205819993899063, 44.745243614608583 ], [ 33.208288173693823, 44.744975716238137 ], [ 33.208664139838334, 44.746734679800511 ], [ 33.211132356537064, 44.746466712990177 ], [ 33.211508428486546, 44.748225657172199 ], [ 33.213976682081658, 44.747957621916953 ], [ 33.214352859848347, 44.749716546713394 ], [ 33.216821150332265, 44.749448443008198 ], [ 33.217197433928376, 44.751207348413772 ], [ 33.21966576129352, 44.750939176253603 ], [ 33.220042150731295, 44.7526980622631 ], [ 33.222510514970082, 44.752429821642949 ], [ 33.222887010261736, 44.754188688251098 ], [ 33.2253554113666, 44.753920379165919 ], [ 33.225732012524354, 44.755679226367455 ], [ 33.228200450487677, 44.755410848812232 ], [ 33.231422445264649, 44.758660038944257 ], [ 33.23635943404495, 44.758122957816717 ], [ 33.236736424244775, 44.759881730388599 ], [ 33.239204938193375, 44.759613095285317 ], [ 33.23958203431053, 44.761371848425597 ], [ 33.244896374701405, 44.762593106443923 ], [ 33.246405814116542, 44.769627945169745 ], [ 33.243936940993102, 44.769896782827487 ], [ 33.245069169467776, 44.775172928991765 ], [ 33.242600047529578, 44.775441763703867 ], [ 33.244109884055696, 44.782476648081975 ], [ 33.24164044178486, 44.782745496230859 ], [ 33.243528158652069, 44.791539114966426 ], [ 33.241058324445852, 44.791807992936995 ], [ 33.243702081380235, 44.80411904565662 ], [ 33.241231712005309, 44.804387986238524 ], [ 33.251821718051012, 44.853631158257286 ], [ 33.254294092677618, 44.853361758099837 ], [ 33.256946347943732, 44.865672061077916 ], [ 33.259419189868026, 44.865402493616493 ], [ 33.265109409128357, 44.891780961500707 ], [ 33.267583293032523, 44.891511095043683 ], [ 33.270241912853152, 44.903820695025196 ], [ 33.272716264851979, 44.903550661009547 ], [ 33.27461668427987, 44.912343057839422 ], [ 33.277091360810985, 44.912072889123102 ], [ 33.27861261197571, 44.919106685292412 ], [ 33.281087541228679, 44.918836398302254 ], [ 33.282229061933783, 44.924111663648887 ], [ 33.284704172035788, 44.923841274832419 ], [ 33.28622697643975, 44.930874852865585 ], [ 33.288702339366061, 44.930604345706456 ], [ 33.289845025519831, 44.935879447369182 ], [ 33.29232056936219, 44.935608838327823 ], [ 33.293082678912022, 44.939125524342444 ], [ 33.295558331718233, 44.93885482989721 ], [ 33.295939510942787, 44.940613151769931 ], [ 33.29098802638763, 44.941154521257829 ], [ 33.290606991123695, 44.939396166381464 ], [ 33.273276197624213, 44.941289193111679 ], [ 33.272895701276823, 44.93953071973857 ], [ 33.20851108663247, 44.946539039880847 ], [ 33.208889709547108, 44.948297940614474 ], [ 33.191550865140066, 44.950178851754053 ], [ 33.191929017953413, 44.951937864146686 ], [ 33.179542726367714, 44.953279879333465 ], [ 33.179920553143646, 44.955038970529664 ], [ 33.160477389017132, 44.958942814408729 ], [ 33.160854707677089, 44.960702030337053 ], [ 33.153421034382639, 44.961505496155041 ], [ 33.153798171050205, 44.963264758056802 ], [ 33.146363969261877, 44.964067800062324 ], [ 33.146740923869174, 44.965827107915551 ], [ 33.139306193666982, 44.966629726002623 ], [ 33.139682966146118, 44.968389079785318 ], [ 33.129769218888953, 44.969458566751733 ], [ 33.130145736892658, 44.971217982747859 ], [ 33.125188511103595, 44.971752443470415 ], [ 33.125564919122716, 44.973511889046087 ], [ 33.111067986790957, 44.976873647534717 ], [ 33.111444030078452, 44.978633184815287 ], [ 33.106485817248767, 44.979166902012231 ], [ 33.106861750414893, 44.980926468836046 ], [ 33.101903254699309, 44.981460008206092 ], [ 33.102279077707713, 44.983219604564475 ], [ 33.097320299112951, 44.983752966069133 ], [ 33.097696011927269, 44.98551259195343 ], [ 33.092736950460115, 44.986045775554217 ], [ 33.093112553043973, 44.987805430955731 ], [ 33.085673484772435, 44.988604860511103 ], [ 33.086048904687665, 44.990364561676671 ], [ 33.061623774371107, 44.994785928926987 ], [ 33.061998538958377, 44.996545786480226 ], [ 33.052077050210372, 44.997609044900237 ], [ 33.052451559380501, 44.999368964333961 ], [ 33.045009863829605, 45.000165903841527 ], [ 33.045384189970925, 45.001925868909836 ], [ 33.030873360272771, 45.005278482214493 ], [ 33.031247320152566, 45.007038538485652 ], [ 33.026285169845821, 45.007569033116653 ], [ 33.026659019037574, 45.009329118773437 ], [ 33.01921531811751, 45.010124514038928 ], [ 33.019588984026271, 45.011884645250049 ], [ 33.014626199795245, 45.012414677587806 ], [ 33.014999754929256, 45.014174838161928 ], [ 33.01003668812713, 45.014704691989657 ], [ 33.010410132449955, 45.016464881918033 ], [ 33.005446783083791, 45.016994557197258 ], [ 33.005820116558986, 45.018754776471205 ], [ 33.000856484635875, 45.019284273163407 ], [ 33.001229707226997, 45.021044521774115 ], [ 32.991674707408897, 45.023863257182455 ], [ 32.989938447876511, 45.027648391593999 ], [ 32.980381629746404, 45.030466337512351 ], [ 32.980754370053674, 45.032226716545104 ], [ 32.97827175792461, 45.032491007883131 ], [ 32.978644459836332, 45.03425140007672 ], [ 32.973678987330395, 45.034779856693177 ], [ 32.971941270117981, 45.038564878074261 ], [ 32.966975301091864, 45.039093082496237 ], [ 32.967347742290642, 45.040853546405202 ], [ 32.964864633641398, 45.041117585548747 ], [ 32.965237036374312, 45.042878062608473 ], [ 32.962753820718348, 45.043142065071308 ], [ 32.961015188066142, 45.046927024412206 ], [ 32.956048294423766, 45.047454829762025 ], [ 32.956420508912259, 45.049215362373076 ], [ 32.95393693793504, 45.049479201935739 ], [ 32.954309113897409, 45.051239747689635 ], [ 32.951825435885532, 45.051503550537838 ], [ 32.952197573309206, 45.05326410943313 ], [ 32.949713788255067, 45.053527875559716 ], [ 32.947974055332097, 45.057312762166404 ], [ 32.943006022769907, 45.057840094652832 ], [ 32.943377971676348, 45.059600709057605 ], [ 32.938409656519184, 45.06012786236623 ], [ 32.938781493986951, 45.061888505993281 ], [ 32.933812896242117, 45.062415480085626 ], [ 32.934184622234653, 45.064176152926194 ], [ 32.929215741909474, 45.064702947763713 ], [ 32.929587356390229, 45.066463649808995 ], [ 32.924618193492066, 45.066990265353212 ], [ 32.924989696424497, 45.068750996594417 ], [ 32.915421914286156, 45.071564450077204 ], [ 32.913679446805723, 45.075349107562381 ], [ 32.904109844018336, 45.078161767516448 ], [ 32.904480861611354, 45.079922628558258 ], [ 32.90199548375427, 45.080185477405202 ], [ 32.90025191757298, 45.083970050783805 ], [ 32.89528069921667, 45.084495548106183 ], [ 32.893536583380119, 45.088280079302777 ], [ 32.888564868189576, 45.08880532324828 ], [ 32.888935545685122, 45.09056628186196 ], [ 32.886449563875246, 45.090828840471637 ], [ 32.886820202494519, 45.092589812176996 ], [ 32.884334113533157, 45.092852333880273 ], [ 32.882589077971971, 45.096636801349938 ], [ 32.877616437272771, 45.09716164413782 ], [ 32.877986886138267, 45.098922671131369 ], [ 32.875500441554415, 45.099185029117351 ], [ 32.875870851483064, 45.100946069194613 ], [ 32.873384299719895, 45.101208390240345 ], [ 32.873754670699043, 45.102969443399843 ], [ 32.871268011748974, 45.103231727498184 ], [ 32.871638343765987, 45.104992793738447 ], [ 32.869151577621437, 45.105255040882177 ], [ 32.869521870663711, 45.107016120201727 ], [ 32.867034997317077, 45.107278330383693 ], [ 32.86740525137197, 45.109039422781059 ], [ 32.864918270815679, 45.109301595994026 ], [ 32.865288485870529, 45.111062701467738 ], [ 32.862801398096991, 45.111324837704544 ], [ 32.863171574139187, 45.113085956253151 ], [ 32.860684379140821, 45.113348055506577 ], [ 32.861054516157708, 45.115109187128596 ], [ 32.858567213926911, 45.115371249391472 ], [ 32.858937311905862, 45.117132394085417 ], [ 32.856449902435067, 45.117394419350546 ], [ 32.856819961363399, 45.119155577114959 ], [ 32.854332444645017, 45.119417565375159 ], [ 32.854702464510105, 45.121178736208563 ], [ 32.85009709008942, 45.123463785586267 ], [ 32.850837007580324, 45.126986176592823 ], [ 32.848349095882817, 45.12724806978698 ], [ 32.848719032569342, 45.129009276891786 ], [ 32.846231013583782, 45.129271133050104 ], [ 32.846600911153892, 45.131032353218679 ], [ 32.84199440972931, 45.133317187629792 ], [ 32.842734082411184, 45.136839677288087 ], [ 32.840245668278271, 45.137101438280034 ], [ 32.8406154825039, 45.138862694706631 ], [ 32.836008107300948, 45.141147374968092 ], [ 32.836747613127791, 45.144669937129159 ], [ 32.832139617690729, 45.14695452421148 ], [ 32.832879034859708, 45.150477132748868 ], [ 32.830389937412654, 45.150738740285078 ], [ 32.830020285090093, 45.148977421501954 ], [ 32.825042134588927, 45.149500445388938 ], [ 32.821814245607463, 45.146239135573538 ], [ 32.816836184004913, 45.14676177712559 ], [ 32.813608915479989, 45.143500168730966 ], [ 32.803284085257268, 45.142782982010473 ], [ 32.800057803655911, 45.139520883466787 ], [ 32.795079931004473, 45.140042516306586 ], [ 32.794711503748424, 45.138280966859021 ], [ 32.789733641856081, 45.138802355527659 ], [ 32.789365395156715, 45.137040771329225 ], [ 32.77904163776585, 45.136321197264152 ], [ 32.775817076068776, 45.133058225812206 ], [ 32.770839325675823, 45.133578744071123 ], [ 32.767615384296299, 45.130315474606469 ], [ 32.762637723833627, 45.130835610811722 ], [ 32.759414402734059, 45.127572043438576 ], [ 32.74909225058019, 45.126849493755692 ], [ 32.745869916223761, 45.123585437312023 ], [ 32.740892447461711, 45.124104565507132 ], [ 32.740525892724484, 45.122342663523028 ], [ 32.735548435408859, 45.122861547686021 ], [ 32.735182061054594, 45.121099611120165 ], [ 32.730204615253584, 45.121618251262134 ], [ 32.729838421268163, 45.11985628013101 ], [ 32.722372219325777, 45.120633794701696 ], [ 32.722006279001093, 45.118871773191913 ], [ 32.717028788977906, 45.119389819154364 ], [ 32.716663028994972, 45.117627763119437 ], [ 32.711685550723779, 45.118145565092576 ], [ 32.71131997106842, 45.116383474548876 ], [ 32.703853720860394, 45.117159731907549 ], [ 32.703488394831723, 45.115397591066291 ], [ 32.696022061473663, 45.116173323201252 ], [ 32.695656989063529, 45.114411132096301 ], [ 32.68819057277539, 45.115186339013746 ], [ 32.687825753975645, 45.113424097678966 ], [ 32.680359254977361, 45.114198779385113 ], [ 32.679994689779839, 45.112436487854374 ], [ 32.670039180610949, 45.113468590319727 ], [ 32.66967494234391, 45.111706232865664 ], [ 32.657230167084677, 45.112995087318687 ], [ 32.656866329102165, 45.111232648254095 ], [ 32.641931932014771, 45.112777426502333 ], [ 32.641568567707679, 45.111014890189345 ], [ 32.611697037136622, 45.114098520875991 ], [ 32.611334586922553, 45.112335793269686 ], [ 32.598887061774043, 45.113618302749941 ], [ 32.599249144916215, 45.115381108744316 ], [ 32.564390608096026, 45.118965285127331 ], [ 32.56475169624531, 45.120728307378847 ], [ 32.549809883174717, 45.122261286401219 ], [ 32.550170563633003, 45.124024399549555 ], [ 32.537717770206868, 45.125300497339872 ], [ 32.538078116305243, 45.127063685690544 ], [ 32.52811498903435, 45.128083668620668 ], [ 32.528475074178687, 45.129846916523093 ], [ 32.521002159225795, 45.130611391710325 ], [ 32.521362056885579, 45.132374683548498 ], [ 32.511397411147698, 45.133393300935673 ], [ 32.511757047661284, 45.13515665225178 ], [ 32.506774378483762, 45.135665672668203 ], [ 32.507133900970523, 45.137429052309642 ], [ 32.499659427588178, 45.13819223028085 ], [ 32.500018762386432, 45.139955653789826 ], [ 32.495035467079056, 45.140464203950003 ], [ 32.49539468776328, 45.142227655760948 ], [ 32.487919275276866, 45.142990128188046 ], [ 32.488278308154086, 45.144753623829438 ], [ 32.480802376492946, 45.145515663457601 ], [ 32.480443564606709, 45.143752121222441 ], [ 32.450537743549063, 45.146795298400477 ], [ 32.450895671139016, 45.148559026729842 ], [ 32.425969781910979, 45.151089300189803 ], [ 32.426327005156686, 45.152853180488542 ], [ 32.411369445808162, 45.15436887818116 ], [ 32.411726259387201, 45.156132848416128 ], [ 32.401753599098427, 45.157142308683703 ], [ 32.402110150425074, 45.158906337900632 ], [ 32.382518653255289, 45.162686971035903 ], [ 32.382874679757542, 45.164451118088067 ], [ 32.368267410836154, 45.16772566095235 ], [ 32.368623059862195, 45.169489894895641 ], [ 32.363634873177872, 45.169992964826911 ], [ 32.363990407262953, 45.171757226798981 ], [ 32.356507659293698, 45.17251147741873 ], [ 32.356863004488169, 45.174275782787596 ], [ 32.351874193905743, 45.17477838029771 ], [ 32.352229424071943, 45.176542713671829 ], [ 32.347240334391095, 45.177045128300904 ], [ 32.347595449492246, 45.178809489671181 ], [ 32.342606080722312, 45.179311721380799 ], [ 32.342961080721636, 45.181076110738118 ], [ 32.337971432872003, 45.181578159489924 ], [ 32.338326317732708, 45.183342576825169 ], [ 32.333336390812732, 45.183844442580771 ], [ 32.333691160498049, 45.18560888788484 ], [ 32.324065123957872, 45.188376543517663 ], [ 32.322278795481303, 45.192156243546997 ], [ 32.31728781786277, 45.19265748384656 ], [ 32.315500929908318, 45.196437135260481 ], [ 32.310509459680368, 45.196938116109592 ], [ 32.308722012044747, 45.200717718820627 ], [ 32.303730049184161, 45.201218440117323 ], [ 32.304084118406223, 45.202983062911379 ], [ 32.301588013812612, 45.203233358652746 ], [ 32.299799816729504, 45.207012899579439 ], [ 32.294807147583363, 45.207513284852993 ], [ 32.295161018539815, 45.209277960722901 ], [ 32.292664560791728, 45.209528088417414 ], [ 32.293018390328655, 45.211292776871502 ], [ 32.290521825752492, 45.211542866364653 ], [ 32.290875613856969, 45.213307567401394 ], [ 32.288378942445391, 45.213557618685897 ], [ 32.288732689104485, 45.215322332303735 ], [ 32.286235910850202, 45.215572345372344 ], [ 32.284446394676095, 45.219351785190469 ], [ 32.279452378067624, 45.219851604892334 ], [ 32.279805926133342, 45.221616371534687 ], [ 32.277308794624687, 45.221866216378785 ], [ 32.277662301183078, 45.223630995593709 ], [ 32.275165062805272, 45.223880802187885 ], [ 32.275518527843388, 45.22564559397383 ], [ 32.273021182589098, 45.225895362310823 ], [ 32.273374606093988, 45.227660166666226 ], [ 32.268732976885438, 45.229924405462917 ], [ 32.269439690352684, 45.233454061729503 ], [ 32.266941950184773, 45.233703730528738 ], [ 32.267295281677541, 45.235468569871117 ], [ 32.264797434593774, 45.235718200381939 ], [ 32.265150724498639, 45.23748305228812 ], [ 32.262652770491684, 45.237732644503261 ], [ 32.263006018795636, 45.239497508971709 ], [ 32.260507957858202, 45.239747062883907 ], [ 32.260861164548288, 45.241511939913025 ], [ 32.256217886915927, 45.243775822387761 ], [ 32.25692416641764, 45.247305623970334 ], [ 32.254425710337152, 45.24755507819502 ], [ 32.254778824759825, 45.249319990188454 ], [ 32.250134664435876, 45.251583708176383 ], [ 32.250840759230762, 45.255113579673043 ], [ 32.248341907874, 45.255362934132421 ], [ 32.24869492989901, 45.257127881079676 ], [ 32.244049886486792, 45.259391434414688 ], [ 32.242962441188006, 45.266700591496587 ], [ 32.238316398127061, 45.268964007809849 ], [ 32.237228242880619, 45.276273209143469 ], [ 32.232581199606791, 45.278536488250573 ], [ 32.233286869273108, 45.282066558553659 ], [ 32.230786682357156, 45.282315643736403 ], [ 32.231492333652277, 45.285845733717807 ], [ 32.228991965132373, 45.286094795708053 ], [ 32.229697598026156, 45.289624905366736 ], [ 32.227197047868124, 45.289873944153705 ], [ 32.228255518532947, 45.295169134103524 ], [ 32.225754712177419, 45.295418164916974 ], [ 32.22646037347365, 45.298948308524515 ], [ 32.223959385394927, 45.299197316111716 ], [ 32.22357523755565, 45.31003681885322 ], [ 32.221073736757724, 45.310285810431502 ], [ 32.221779473115575, 45.313816002258598 ], [ 32.219277790458385, 45.314064970575501 ], [ 32.220689356674214, 45.321125382773779 ], [ 32.218187342860411, 45.321374358292964 ], [ 32.218508802607417, 45.335744218625074 ], [ 32.216006126098506, 45.33599320851156 ], [ 32.216712180047487, 45.339523446625833 ], [ 32.214209321441885, 45.339772413199725 ], [ 32.214915356701944, 45.343302670987654 ], [ 32.212412315965345, 45.343551614238052 ], [ 32.213118332506184, 45.3470818916986 ], [ 32.210615109604319, 45.347330811614668 ], [ 32.211674155325461, 45.352626253263146 ], [ 32.209170675456051, 45.352875165068454 ], [ 32.209876719846804, 45.356405476472382 ], [ 32.20737305772672, 45.356654364920374 ], [ 32.208432145142098, 45.361949857482685 ], [ 32.205928225928986, 45.362198737795175 ], [ 32.206987383177442, 45.367494251765052 ], [ 32.204483206796887, 45.367743123929451 ], [ 32.205542433848699, 45.373038659306808 ], [ 32.203038000226222, 45.373287523310566 ], [ 32.204450461414673, 45.380348260292358 ], [ 32.201945695591228, 45.380597131355294 ], [ 32.203358380643174, 45.387657886084952 ], [ 32.200853282490996, 45.387906764194604 ], [ 32.202972842263833, 45.398497906713651 ], [ 32.200467261746596, 45.398746822327226 ], [ 32.203294575146529, 45.412868316378599 ], [ 32.200788361969344, 45.413117299967489 ], [ 32.20751021204034, 45.446655444901388 ], [ 32.210017851727969, 45.446406171586268 ], [ 32.212852249574752, 45.460527081586626 ], [ 32.215360457746009, 45.460277632155822 ], [ 32.217488087539842, 45.470868109277866 ], [ 32.219996714083685, 45.470618514178724 ], [ 32.221771019620505, 45.479443760831792 ], [ 32.22427998946381, 45.479194035279903 ], [ 32.225345193557985, 45.484489104855435 ], [ 32.227854356264451, 45.48423927938083 ], [ 32.228920082617201, 45.489534278644584 ], [ 32.231429438217283, 45.489284353221784 ], [ 32.232495687036462, 45.494579282140315 ], [ 32.235005235560656, 45.494329256743796 ], [ 32.239649042908958, 45.50466877801567 ], [ 32.242158977372824, 45.504418552595183 ], [ 32.242870822665267, 45.507948367106636 ], [ 32.245380874795451, 45.507698056955874 ], [ 32.246093002872023, 45.511227829932565 ], [ 32.248603172673427, 45.51097743503697 ], [ 32.249671838647153, 45.516272028086526 ], [ 32.252182201492879, 45.516021533101558 ], [ 32.252894961483328, 45.51955121750548 ], [ 32.258272469840193, 45.520814811298344 ], [ 32.258985729805055, 45.524344417976593 ], [ 32.261496370340367, 45.524093683956565 ], [ 32.262209913465362, 45.527623249020309 ], [ 32.264720671696374, 45.527372430182858 ], [ 32.270088100618928, 45.541239462482444 ], [ 32.272599395995798, 45.540988412519752 ], [ 32.273671433122999, 45.546282535756326 ], [ 32.276182921709065, 45.546031385543365 ], [ 32.27761307078422, 45.55309011670596 ], [ 32.280124828093598, 45.552838850841155 ], [ 32.280840252723543, 45.556368169228392 ], [ 32.283352127819306, 45.556116818438184 ], [ 32.288011946709965, 45.566453118204684 ], [ 32.290524208437098, 45.566201566734897 ], [ 32.291240617694058, 45.5697307488972 ], [ 32.293752997241064, 45.569479112448285 ], [ 32.294469690590212, 45.57300825282563 ], [ 32.29698218796193, 45.572756531383 ], [ 32.297699165478747, 45.576285629959344 ], [ 32.300211780679994, 45.576033823508503 ], [ 32.300929042439975, 45.579562880267829 ], [ 32.303441775475591, 45.579310988794184 ], [ 32.304159321554266, 45.582840003720442 ], [ 32.306672172429053, 45.582588027209489 ], [ 32.310621086563437, 45.589393869935797 ], [ 32.316006485022093, 45.590653953073435 ], [ 32.316725102414708, 45.594182806022857 ], [ 32.32211107233794, 45.595442540525134 ], [ 32.322830192377126, 45.598971315159126 ], [ 32.328216733839035, 45.600230700921713 ], [ 32.328936356721492, 45.603759397187325 ], [ 32.331449923556711, 45.603506786227271 ], [ 32.331809860745174, 45.605271114758096 ], [ 32.337197167301419, 45.606529994061404 ], [ 32.337917511376354, 45.610058575442331 ], [ 32.340431280479905, 45.609805739920553 ], [ 32.340791578332251, 45.611570010989837 ], [ 32.343305389631681, 45.611317105755703 ], [ 32.343665796591964, 45.613081358582029 ], [ 32.346179650079719, 45.612828383630166 ], [ 32.346540166161184, 45.614592618208192 ], [ 32.349054061829698, 45.614339573533215 ], [ 32.349414687045602, 45.616103789857625 ], [ 32.354803339258218, 45.6173616893823 ], [ 32.355525059813928, 45.620890046209823 ], [ 32.358039157646843, 45.620636776838339 ], [ 32.358400143862632, 45.622400935593873 ], [ 32.360914283848871, 45.622147596473674 ], [ 32.361275379262509, 45.623911736952984 ], [ 32.363789561394469, 45.623658328078704 ], [ 32.364150766019229, 45.625422450276446 ], [ 32.366664990289344, 45.625168971642687 ], [ 32.367026304138484, 45.626933075553509 ], [ 32.369540570539144, 45.626679527154941 ], [ 32.372777834487223, 45.629954061925723 ], [ 32.377806502185699, 45.629446631779956 ], [ 32.37816821947488, 45.631210665274153 ], [ 32.380682578631678, 45.630956853290549 ], [ 32.381044405201088, 45.63272086847229 ], [ 32.383558806447674, 45.632466986701147 ], [ 32.383920742310551, 45.634230983565139 ], [ 32.386435185639307, 45.63397703200107 ], [ 32.389673870701877, 45.637250949391962 ], [ 32.394702892004119, 45.63674271279865 ], [ 32.395065231524683, 45.638506639129531 ], [ 32.397579767405581, 45.638252423891963 ], [ 32.400819352430126, 45.641525936465271 ], [ 32.405848558665681, 45.641017172453786 ], [ 32.406211301976349, 45.642781028175499 ], [ 32.408725930271643, 45.642526549210608 ], [ 32.411966415385272, 45.64579965676036 ], [ 32.416995806278578, 45.645290365223175 ], [ 32.420236930751216, 45.648563174166327 ], [ 32.430659371691249, 45.649307299680295 ], [ 32.433901514103944, 45.652579617780411 ], [ 32.438931122062229, 45.652069302084314 ], [ 32.439295043740515, 45.653832948331349 ], [ 32.444324667934829, 45.653322384354766 ], [ 32.444688774830837, 45.655085996562654 ], [ 32.449718415190866, 45.654575184293854 ], [ 32.450082707319638, 45.656338762445813 ], [ 32.455112363775015, 45.655827701873065 ], [ 32.455476841151558, 45.657591245952275 ], [ 32.46302129908365, 45.656824201228147 ], [ 32.46338603742462, 45.658587695576458 ], [ 32.468415658109713, 45.658076029839492 ], [ 32.468780581727444, 45.659839490074148 ], [ 32.479204979487037, 45.660578839679971 ], [ 32.47957027370321, 45.662342231636927 ], [ 32.482085124680097, 45.662086053373258 ], [ 32.48281596629419, 45.665612797472946 ], [ 32.485330934743132, 45.665356533609682 ], [ 32.485696482164776, 45.667119885745834 ], [ 32.491092201426994, 45.66837048183217 ], [ 32.491823768909882, 45.671897109240639 ], [ 32.494338938344072, 45.671640619863922 ], [ 32.494704848767896, 45.673403913635099 ], [ 32.497220059944894, 45.673147354300681 ], [ 32.497586080080062, 45.674910629549089 ], [ 32.500101332992166, 45.674654000251635 ], [ 32.500467462851923, 45.676417256971881 ], [ 32.502982757491452, 45.676160557706034 ], [ 32.503348997089034, 45.677923795892731 ], [ 32.505864333448294, 45.677667026653161 ], [ 32.506230682796939, 45.679430246300932 ], [ 32.508746060868241, 45.679173407082281 ], [ 32.509112519981208, 45.680936608185782 ], [ 32.511627939756849, 45.680679698982694 ], [ 32.511994508647369, 45.682442881536517 ], [ 32.514509970119647, 45.682185902343662 ], [ 32.514876648800971, 45.683949066342464 ], [ 32.51739215196217, 45.68369201715447 ], [ 32.517758940447564, 45.685455162592852 ], [ 32.520274485289967, 45.685198043404391 ], [ 32.520641383592661, 45.686961170277002 ], [ 32.523156970108587, 45.686703981082715 ], [ 32.523523978241819, 45.688467089384154 ], [ 32.526039606423559, 45.688209830178707 ], [ 32.526406724400573, 45.689972919903582 ], [ 32.528922394240404, 45.689715590681629 ], [ 32.52928962207443, 45.69147866182459 ], [ 32.531805333564641, 45.691221262580761 ], [ 32.532172671268953, 45.692984315136421 ], [ 32.534688424401814, 45.692726845865408 ], [ 32.537939224242038, 45.695995355889735 ], [ 32.542970862885404, 45.695480082918777 ], [ 32.543338606046149, 45.69724306392505 ], [ 32.545854449903494, 45.696985330251131 ], [ 32.546222302990245, 45.69874829264441 ], [ 32.548738188448873, 45.698490488920697 ], [ 32.551990151505549, 45.701758484068023 ], [ 32.557022054586227, 45.70124254209852 ], [ 32.560274658013363, 45.704510236757024 ], [ 32.565306658930766, 45.703993905926573 ], [ 32.565675213399949, 45.705756743604688 ], [ 32.568191238288819, 45.705498480964899 ], [ 32.568559902768989, 45.707261299989469 ], [ 32.573592001363956, 45.706744580249705 ], [ 32.576845885653867, 45.71001167361031 ], [ 32.587279438439097, 45.710739938842707 ], [ 32.587648770438243, 45.712502635758938 ], [ 32.590164900021563, 45.712243859760896 ], [ 32.590903818506881, 45.715769213334063 ], [ 32.596305940133973, 45.717014075985503 ], [ 32.600301489867377, 45.723805560812252 ], [ 32.602818012650133, 45.72354645680938 ], [ 32.603187998295056, 45.725309051570832 ], [ 32.605704562518476, 45.725049877419664 ], [ 32.606444788555009, 45.728575026614671 ], [ 32.611848433342757, 45.729818990572042 ], [ 32.612589169019117, 45.733344059071051 ], [ 32.615106009167327, 45.733084642728578 ], [ 32.615476504452076, 45.734847156794032 ], [ 32.620880914527504, 45.736090608887793 ], [ 32.621622380592953, 45.739615559129433 ], [ 32.624139420805541, 45.739355916366151 ], [ 32.62451028135284, 45.741118371283434 ], [ 32.62702736295973, 45.740858658322125 ], [ 32.627398333814455, 45.742621094474181 ], [ 32.632803702355311, 45.743863875317551 ], [ 32.633546119860782, 45.747388669635576 ], [ 32.636063401464114, 45.747128730159474 ], [ 32.636434737817964, 45.748891107089435 ], [ 32.638952060787084, 45.748631097389826 ], [ 32.639323507511889, 45.750393455531672 ], [ 32.641840871838966, 45.750133375603227 ], [ 32.642212428947985, 45.751895714951559 ], [ 32.644729834625224, 45.751635564788941 ], [ 32.645101502131709, 45.753397885338373 ], [ 32.647618949151273, 45.753137664936247 ], [ 32.647990727068482, 45.754899966681357 ], [ 32.650508215422548, 45.754639676034394 ], [ 32.650880103763718, 45.756401958969761 ], [ 32.653397633444477, 45.756141598072638 ], [ 32.653769632222861, 45.75790386219289 ], [ 32.656287203222476, 45.757643431040279 ], [ 32.659549144454544, 45.760907401400267 ], [ 32.664584417090033, 45.760386203699724 ], [ 32.664956823147094, 45.76214839541197 ], [ 32.667474483453596, 45.761887699118361 ], [ 32.667847000003576, 45.763649871989671 ], [ 32.670364701587033, 45.763389105418092 ], [ 32.670737328643199, 45.765151259443059 ], [ 32.673255071495788, 45.764890422588167 ], [ 32.676518441293545, 45.768153766933878 ], [ 32.681554057376651, 45.76763175771363 ], [ 32.681927091927982, 45.769393839213073 ], [ 32.684444923878807, 45.76913273712983 ], [ 32.687709197858361, 45.772395671117806 ], [ 32.692744991963245, 45.771873131370789 ], [ 32.696009907832, 45.775135762907858 ], [ 32.701045797317477, 45.774612833185842 ], [ 32.701419536620087, 45.776374788311266 ], [ 32.703937505178686, 45.776113225947263 ], [ 32.704685239789583, 45.779637095459492 ], [ 32.707203325423045, 45.779375446771304 ], [ 32.707951350840389, 45.7828992726065 ], [ 32.710469553552841, 45.782637537579511 ], [ 32.714484796908941, 45.789423236772286 ], [ 32.719896143570445, 45.790661199720283 ], [ 32.723913269428259, 45.797446405099009 ], [ 32.726431981633439, 45.797184254179278 ], [ 32.726806815309885, 45.798946040293657 ], [ 32.732219307574773, 45.800183294413962 ], [ 32.732969453023358, 45.803706787860833 ], [ 32.738382518196133, 45.804943687410031 ], [ 32.739133176771333, 45.808467099086933 ], [ 32.741652246497267, 45.808204564046541 ], [ 32.742027704103272, 45.809966249432364 ], [ 32.744546814922728, 45.809703643960155 ], [ 32.744922383419116, 45.811465310357704 ], [ 32.750336407706968, 45.812701535500452 ], [ 32.751088023269702, 45.816224789364902 ], [ 32.753607333323536, 45.815961956505767 ], [ 32.753983269510094, 45.817723562959671 ], [ 32.756502620628453, 45.817460659643316 ], [ 32.756878667769016, 45.819222247085918 ], [ 32.759398059943969, 45.818959273306987 ], [ 32.75977421805181, 45.820720841732893 ], [ 32.762293651275435, 45.820457797486121 ], [ 32.762669920363827, 45.822219346889867 ], [ 32.765189394628187, 45.821956232169896 ], [ 32.765565774710367, 45.823717762546046 ], [ 32.768085290007541, 45.823454577347569 ], [ 32.771357939528407, 45.826714325313084 ], [ 32.736079904066258, 45.830395178414442 ], [ 32.735704366652648, 45.82863346120169 ], [ 32.733184320984762, 45.828895955066038 ], [ 32.733559782318935, 45.830657688319867 ], [ 32.705836140667451, 45.833541704204499 ], [ 32.706210799701083, 45.835303610771533 ], [ 32.691086579367308, 45.836874029239539 ], [ 32.691460816338825, 45.838636028859234 ], [ 32.678855961517378, 45.839943292875525 ], [ 32.679229852399033, 45.841705369473985 ], [ 32.669145037873193, 45.842750263845666 ], [ 32.669518658716434, 45.844512401393715 ], [ 32.651868362243512, 45.846338980037032 ], [ 32.65149527497217, 45.844576730841816 ], [ 32.626278379054753, 45.847181335929442 ], [ 32.625906088996906, 45.845418924610684 ], [ 32.590597686021013, 45.849055987968008 ], [ 32.590968907899203, 45.850818621653332 ], [ 32.565743711242021, 45.853410136318722 ], [ 32.566114204136802, 45.855172925579772 ], [ 32.541254559666172, 45.859522085198286 ], [ 32.5416243574699, 45.861285026869353 ], [ 32.531531019041964, 45.862318110550916 ], [ 32.531900545507703, 45.86408111253467 ], [ 32.519282716443456, 45.86537131719475 ], [ 32.518913572260352, 45.863608236309446 ], [ 32.493676102722759, 45.86618439074114 ], [ 32.493307757688228, 45.864421149444659 ], [ 32.460494916676922, 45.867761776248486 ], [ 32.460862266900364, 45.86952522188686 ], [ 32.435616920581666, 45.872088805182756 ], [ 32.435983539254565, 45.873852404813761 ], [ 32.420834232861033, 45.875388023757779 ], [ 32.421200425994883, 45.877151714511761 ], [ 32.408574683024945, 45.878429970808135 ], [ 32.408940527056146, 45.88019373694916 ], [ 32.40136444241093, 45.88096008101666 ], [ 32.401730090525525, 45.882723891230782 ], [ 32.391627860904386, 45.883744979610505 ], [ 32.391993236341392, 45.885508849488907 ], [ 32.384415976688942, 45.886274137857875 ], [ 32.384781156048206, 45.888038051753931 ], [ 32.379729326103266, 45.888548001470795 ], [ 32.380094386039708, 45.890311943763962 ], [ 32.359520646676621, 45.890585610020096 ], [ 32.359885092694441, 45.892349677001107 ], [ 32.324513602409141, 45.895907274535283 ], [ 32.324877007334464, 45.897671556441388 ], [ 32.307188234506299, 45.899446436348285 ], [ 32.307551135441223, 45.901210824101867 ], [ 32.294914898772468, 45.902477028486274 ], [ 32.295277449196874, 45.904241490964338 ], [ 32.287695071055161, 45.90500060211221 ], [ 32.288057424605071, 45.906765108282521 ], [ 32.277946806721893, 45.907776550631652 ], [ 32.278308886411565, 45.909541115944158 ], [ 32.270725337864164, 45.910299168187166 ], [ 32.271087220518318, 45.91206377713619 ], [ 32.256280205871839, 45.915343192002645 ], [ 32.256641694240862, 45.917107888154149 ], [ 32.251584960291382, 45.91761241626876 ], [ 32.251946328398361, 45.919377140547553 ], [ 32.214015377077509, 45.923154333811077 ], [ 32.21437562355807, 45.924919286587695 ], [ 32.191612729954592, 45.927179810360769 ], [ 32.191972316363213, 45.928944898807281 ], [ 32.176795082057041, 45.930449534690993 ], [ 32.177154239345519, 45.932214712538176 ], [ 32.164505237235439, 45.933467141297875 ], [ 32.16486404233725, 45.935232393111072 ], [ 32.157274007968979, 45.935983236780167 ], [ 32.157632615062305, 45.93774853184938 ], [ 32.147511792289102, 45.938748948358835 ], [ 32.147870124117333, 45.940514301972499 ], [ 32.074475951856272, 45.947741446279082 ], [ 32.074832076887127, 45.949507239845566 ], [ 32.059643116978599, 45.950996824248769 ], [ 32.059998811310045, 45.952762706375914 ], [ 32.04734004507965, 45.954002588568194 ], [ 32.047695385858638, 45.955768543968119 ], [ 32.027793771582708, 45.959515687113168 ], [ 32.028148559593994, 45.961281758529751 ], [ 32.02055141015596, 45.962023841417214 ], [ 32.020905999039954, 45.963789955625685 ], [ 32.015840912381556, 45.964284432337841 ], [ 32.016195379505099, 45.966050574170481 ], [ 32.008597269027469, 45.966791921335414 ], [ 32.008951536899296, 45.968558105921126 ], [ 32.001352896374428, 45.969299002416349 ], [ 32.001706964923237, 45.971065229731309 ], [ 31.978908561585136, 45.973285078154497 ], [ 31.979261965726703, 45.975051438831542 ], [ 31.956460191657705, 45.977266956053221 ], [ 31.956812930966827, 45.979033449845964 ], [ 31.941609800182864, 45.980508069217422 ], [ 31.94196210700278, 45.982274650735377 ], [ 31.929291538457029, 45.983502057926593 ], [ 31.929643490184887, 45.985268712027796 ], [ 31.922040521674411, 45.986004539109615 ], [ 31.922392273413905, 45.987771235670898 ], [ 31.912254211564086, 45.988751625664406 ], [ 31.912605685596343, 45.990518379680132 ], [ 31.905001561473028, 45.99125313745671 ], [ 31.90535283535619, 45.993019933875807 ], [ 31.900283099839086, 45.993509526284726 ], [ 31.9006342511857, 45.995276350082648 ], [ 31.893029168818252, 45.996010369448904 ], [ 31.893380119891315, 45.997777235611117 ], [ 31.888309745614112, 45.998266335637773 ], [ 31.887958949948789, 45.996499439495253 ], [ 31.865141343443064, 45.998697519908539 ], [ 31.86549143958792, 46.000464550801311 ], [ 31.837598800490319, 46.003145179018254 ], [ 31.837948073895298, 46.004912371639868 ], [ 31.822731775007522, 46.006371802588447 ], [ 31.823080614212685, 46.008139082085179 ], [ 31.810399079329027, 46.009353828301315 ], [ 31.81074756196703, 46.01112117967957 ], [ 31.7853812714486, 46.01354667218385 ], [ 31.785033567439928, 46.01177917208198 ], [ 31.729218009575369, 46.017095449246028 ], [ 31.729563999289589, 46.018863275390729 ], [ 31.711800670533851, 46.020549302204827 ], [ 31.712146146721192, 46.022317229196446 ], [ 31.69945669536979, 46.02351994621511 ], [ 31.699801813806207, 46.025287944419006 ], [ 31.687111165392587, 46.026489350102416 ], [ 31.687455925919945, 46.028257419445723 ], [ 31.613832030599255, 46.035198671944634 ], [ 31.614174558257545, 46.036967164593008 ], [ 31.598938188553756, 46.038397550618797 ], [ 31.599280279189887, 46.040166128509668 ], [ 31.586582033110066, 46.041356664089548 ], [ 31.586923764729129, 46.043125312514128 ], [ 31.566945420342044, 46.046796162815724 ], [ 31.56728658997838, 46.048564922937508 ], [ 31.552385430015281, 46.051758176925482 ], [ 31.552726193822302, 46.053527019447621 ], [ 31.547644994807627, 46.054001436414417 ], [ 31.547985633903906, 46.055770305546773 ], [ 31.540363361315251, 46.056481558065201 ], [ 31.540703797337024, 46.058250468345783 ], [ 31.527998980737841, 46.059434850825149 ], [ 31.528339056917325, 46.061203831297313 ], [ 31.505467676575787, 46.063332349655013 ], [ 31.505807079217245, 46.065101458279244 ], [ 31.490557591587766, 46.06651805623693 ], [ 31.490896555552002, 46.06828724932852 ], [ 31.480729281868239, 46.069230593915535 ], [ 31.48106796383567, 46.070999842431604 ], [ 31.47089986890871, 46.071942355120065 ], [ 31.471238268768715, 46.07371165901494 ], [ 31.463611629385749, 46.074418002884975 ], [ 31.46394982551136, 46.076187347665062 ], [ 31.45632266560391, 46.076893234206914 ], [ 31.456660657923997, 46.078662619847719 ], [ 31.4417425653889, 46.081842446999964 ], [ 31.442080149884646, 46.083611914288774 ], [ 31.436994367587456, 46.084081645898195 ], [ 31.437331826616006, 46.085851139558997 ], [ 31.432245760767188, 46.086320677346052 ], [ 31.432583094289612, 46.088090197369006 ], [ 31.427496744902108, 46.088559541294508 ], [ 31.427833952879475, 46.090329087669808 ], [ 31.42274731996627, 46.090798237694585 ], [ 31.423084402359638, 46.092567810412383 ], [ 31.417997485933729, 46.093036766497256 ], [ 31.418334442704154, 46.094806365547726 ], [ 31.41324724277856, 46.095275127653494 ], [ 31.413584073887087, 46.097044753026815 ], [ 31.403745528996684, 46.099751346830665 ], [ 31.401874631810248, 46.10352483255474 ], [ 31.396786361072699, 46.103992929796668 ], [ 31.394914866077475, 46.107766353513583 ], [ 31.389826091471367, 46.108234173862598 ], [ 31.387953998454105, 46.11200753548016 ], [ 31.382864719962619, 46.112475078831423 ], [ 31.383200780563264, 46.114244871389701 ], [ 31.380656015342154, 46.114478573796461 ], [ 31.380992028710008, 46.116248378257403 ], [ 31.378447153258289, 46.116482039260454 ], [ 31.376574052549817, 46.120255303475119 ], [ 31.371483829197043, 46.120722404053588 ], [ 31.371819622013177, 46.1224922585534 ], [ 31.369274384346149, 46.122725739527361 ], [ 31.369610129862579, 46.124495605920451 ], [ 31.367064781939352, 46.124729045455439 ], [ 31.367400480141999, 46.126498923740044 ], [ 31.364855021955318, 46.126732321828584 ], [ 31.365190672830124, 46.128502212002921 ], [ 31.362645104372735, 46.128735568637453 ], [ 31.362980707905614, 46.130505470699795 ], [ 31.360435029170276, 46.130738785872794 ], [ 31.360770585347147, 46.132508699821386 ], [ 31.35822479632661, 46.132741973525306 ], [ 31.358560305133391, 46.134511899358408 ], [ 31.356014405820417, 46.134745131585717 ], [ 31.356349867243029, 46.136515069301581 ], [ 31.35380385763035, 46.136748260044733 ], [ 31.354139271654702, 46.138518209641596 ], [ 31.351593151735088, 46.138751358893089 ], [ 31.351928518347083, 46.140521320369203 ], [ 31.34938228811329, 46.140754428121468 ], [ 31.349717607298849, 46.142524401475079 ], [ 31.347171266743619, 46.142757467720593 ], [ 31.347506538488634, 46.144527452949959 ], [ 31.344960087604711, 46.144760477681174 ], [ 31.343083927496899, 46.148533466969518 ], [ 31.337990552942436, 46.14899929448827 ], [ 31.338325603359266, 46.150769329638713 ], [ 31.335778790020814, 46.151002173935396 ], [ 31.333901824624846, 46.154775082580642 ], [ 31.328807725105477, 46.155240549102139 ], [ 31.32693015950235, 46.159013394798436 ], [ 31.321835555699138, 46.159478583296668 ], [ 31.322170210475164, 46.161248706335826 ], [ 31.319622782498662, 46.161481231059661 ], [ 31.319957389675121, 46.163251365951517 ], [ 31.317409851315059, 46.163483849077821 ], [ 31.317744410877836, 46.165253995820642 ], [ 31.315196762126984, 46.165486437341841 ], [ 31.313317979206076, 46.169259166281819 ], [ 31.308222208724903, 46.169723826960571 ], [ 31.308556546322205, 46.171494023515947 ], [ 31.30600853498613, 46.171726284273454 ], [ 31.306342824902519, 46.17349649267031 ], [ 31.30379470315016, 46.173728711787433 ], [ 31.304128945371502, 46.175498932024006 ], [ 31.301580713195623, 46.175731109493164 ], [ 31.301914907707772, 46.177501341567698 ], [ 31.299366565101128, 46.177733477381373 ], [ 31.299700711889958, 46.179503721292122 ], [ 31.297152258845326, 46.179735815442733 ], [ 31.29748635789667, 46.181506071187933 ], [ 31.294937794406799, 46.18173812366792 ], [ 31.295271845706523, 46.183508391245795 ], [ 31.292723171764194, 46.183740402047633 ], [ 31.293057175298138, 46.185510681456435 ], [ 31.290508390896111, 46.185742650572564 ], [ 31.290842346650102, 46.187512941810517 ], [ 31.28607835439793, 46.189747058020792 ], [ 31.286746106036052, 46.19328768538297 ], [ 31.284196911054281, 46.193519543640271 ], [ 31.284530754714861, 46.195289867936005 ], [ 31.281981449233772, 46.195521684474983 ], [ 31.282315245054296, 46.197292020593459 ], [ 31.277550050531516, 46.199525876425611 ], [ 31.278217482051883, 46.203066593525669 ], [ 31.275667765822273, 46.203298299099053 ], [ 31.276001449358684, 46.205068668258519 ], [ 31.271235320911529, 46.207302335120559 ], [ 31.271902527672854, 46.210843118285787 ], [ 31.26935240055829, 46.211074712811893 ], [ 31.269685971665748, 46.212845115000192 ], [ 31.267135733979831, 46.213076667750201 ], [ 31.267802811616658, 46.216617493335683 ], [ 31.26303535245297, 46.218850925319686 ], [ 31.261818487796834, 46.226164135917934 ], [ 31.257049966331405, 46.228397404537752 ], [ 31.257716751876877, 46.231938333721224 ], [ 31.255165533254356, 46.232169692510304 ], [ 31.255832285324836, 46.235710640477869 ], [ 31.25328087666982, 46.235941971641573 ], [ 31.253947595230173, 46.239482938391873 ], [ 31.251395996506854, 46.239714241918691 ], [ 31.252062681521906, 46.243255227450362 ], [ 31.249510892694495, 46.243486503328732 ], [ 31.250510916812516, 46.248798006180728 ], [ 31.24795885841694, 46.249029268608787 ], [ 31.24862553885643, 46.25257028687939 ], [ 31.246073290267244, 46.252801521634403 ], [ 31.247073307422493, 46.258113073592909 ], [ 31.244520789132817, 46.258344294870788 ], [ 31.245520849707361, 46.263655867767035 ], [ 31.242968061638486, 46.263887075554031 ], [ 31.243968165591077, 46.269198669387862 ], [ 31.241415107664263, 46.26942986367024 ], [ 31.242415254953599, 46.274741478441491 ], [ 31.239861927090114, 46.274972659205481 ], [ 31.241195577200521, 46.282054835332033 ], [ 31.238641899743371, 46.282286016769682 ], [ 31.240309269517351, 46.291138753755874 ], [ 31.237755162713029, 46.291369950059938 ], [ 31.24009023963735, 46.303763780099722 ], [ 31.237535543943157, 46.303995019676201 ], [ 31.240539326965568, 46.319929898379222 ], [ 31.237983882516808, 46.320161209651694 ], [ 31.238985469205794, 46.3254728351341 ], [ 31.236429754100225, 46.325704132810905 ], [ 31.237431384023871, 46.331015779237553 ], [ 31.234875398182442, 46.331247063304893 ], [ 31.235877071299274, 46.336558730675648 ], [ 31.233320814642909, 46.336790001119773 ], [ 31.234656499145284, 46.343872247384695 ], [ 31.232099891748216, 46.344103518404673 ], [ 31.233769804823652, 46.352956343062885 ], [ 31.231212766663216, 46.353187628858514 ], [ 31.233217219873694, 46.363811024174908 ], [ 31.230659670808659, 46.36404233894941 ], [ 31.234671013497085, 46.385289039717776 ], [ 31.232112473205085, 46.385520468788805 ], [ 31.233450274127417, 46.392602682062176 ], [ 31.236009134581444, 46.392371196088334 ], [ 31.238017260937966, 46.402994358200367 ], [ 31.225220241413574, 46.404151650945877 ], [ 31.224885875441146, 46.402381058837179 ], [ 31.166011308240737, 46.407686112336549 ], [ 31.166343830698615, 46.409457030559317 ], [ 31.158663075943704, 46.410146835512144 ], [ 31.158330794086265, 46.40837587488344 ], [ 31.155770560124392, 46.408605682830419 ], [ 31.155438389750863, 46.406834705685981 ], [ 31.152878204716323, 46.407064443054615 ], [ 31.149654062263405, 46.403752106035988 ], [ 31.144533856703237, 46.404211242045186 ], [ 31.14420210088808, 46.402440201274061 ], [ 31.14164203144594, 46.402669670494546 ], [ 31.138418833594358, 46.399356938154391 ], [ 31.133298859389079, 46.399815537945805 ], [ 31.132967517984746, 46.398044433625117 ], [ 31.130407564272495, 46.398273634757054 ], [ 31.127185310864537, 46.394960507309179 ], [ 31.122065568289038, 46.395418571002097 ], [ 31.118843987490834, 46.392105152069419 ], [ 31.108274181493847, 46.391249020877709 ], [ 31.105053674124619, 46.387935122648379 ], [ 31.099934235292416, 46.388392142602086 ], [ 31.099604105156676, 46.38662085046095 ], [ 31.09448470235214, 46.387077616555977 ], [ 31.094154763634311, 46.385306293964376 ], [ 31.08903539692955, 46.385762806214984 ], [ 31.088705649611629, 46.383991453190106 ], [ 31.083586319078723, 46.384447711610541 ], [ 31.083256763142678, 46.382676328169552 ], [ 31.07813746885374, 46.383132332774046 ], [ 31.077808104281544, 46.381360918934156 ], [ 31.072688846308619, 46.381816669737006 ], [ 31.072359673082254, 46.380045225515374 ], [ 31.064680794241088, 46.380728386372766 ], [ 31.064351892517795, 46.378956897787333 ], [ 31.059232645474847, 46.379412028142077 ], [ 31.058903935061249, 46.377640509216874 ], [ 31.051225072950061, 46.378322739440975 ], [ 31.05089663400695, 46.376551176212445 ], [ 31.045449150671033, 46.375234092644597 ], [ 31.043808375773285, 46.366376089824762 ], [ 31.041249192565232, 46.366603176326336 ], [ 31.032077349816731, 46.316996887235845 ], [ 31.029520377006534, 46.317223526728171 ], [ 31.02723174890227, 46.304821570330908 ], [ 31.024675304785415, 46.305048055971412 ], [ 31.023041892217982, 46.296189375992178 ], [ 31.020485816782536, 46.296415735706617 ], [ 31.015319125152899, 46.28246780718964 ], [ 31.012763627053705, 46.282693943023062 ], [ 31.008252405223018, 46.272289083945147 ], [ 31.005697324598753, 46.272515023839951 ], [ 31.005045831618364, 46.268971331225082 ], [ 31.002490879912358, 46.269197187078333 ], [ 31.00151410940402, 46.263881589051799 ], [ 30.998959366363227, 46.26410734699521 ], [ 30.998308498559865, 46.260563575592741 ], [ 30.995753884411879, 46.260789249529907 ], [ 30.995103298451024, 46.257245441082468 ], [ 30.992548813188503, 46.25747103102853 ], [ 30.991898508991586, 46.253927185551582 ], [ 30.989344152607195, 46.254152691521625 ], [ 30.988694130095627, 46.250608809030588 ], [ 30.986139902582025, 46.250834231039718 ], [ 30.985490161677266, 46.247290311550039 ], [ 30.982936063027111, 46.247515649613355 ], [ 30.979083455929885, 46.240652953832374 ], [ 30.973651359685867, 46.239331210168864 ], [ 30.973002683451924, 46.235787147463931 ], [ 30.970449020524796, 46.236012163732596 ], [ 30.969800625533644, 46.232468064103479 ], [ 30.967247091443948, 46.232692996496716 ], [ 30.966274966388767, 46.22737678822503 ], [ 30.968828261560908, 46.227151897326785 ], [ 30.963646947840896, 46.198798656800854 ], [ 30.961094925808382, 46.199023326524568 ], [ 30.958184573418325, 46.183074244821995 ], [ 30.955633236358754, 46.183298734123468 ], [ 30.953694844564069, 46.172665826475203 ], [ 30.951143953759733, 46.172890176869402 ], [ 30.949852616926442, 46.165801470547784 ], [ 30.947302013406077, 46.166025709682401 ], [ 30.946011479107209, 46.158936911403821 ], [ 30.943461162791863, 46.159161039317652 ], [ 30.942493818222399, 46.153844375127925 ], [ 30.93994370969066, 46.154068405636544 ], [ 30.938976875610958, 46.148751679445979 ], [ 30.936426974826784, 46.148975612575441 ], [ 30.931945144215398, 46.13856581009378 ], [ 30.929395658818198, 46.138789548543038 ], [ 30.928752092685897, 46.135244942831179 ], [ 30.92620273565009, 46.13546859773335 ], [ 30.925559448902998, 46.131923955349727 ], [ 30.923010220221133, 46.132147526719862 ], [ 30.922367212781385, 46.128602847679808 ], [ 30.919818112446066, 46.128826335532914 ], [ 30.919175384235757, 46.125281619851712 ], [ 30.916626412239545, 46.125505024202866 ], [ 30.915983963180846, 46.121960271895773 ], [ 30.913435119516308, 46.122183592760003 ], [ 30.909602343202089, 46.115317215721653 ], [ 30.904184397162201, 46.113991023964822 ], [ 30.900353479474102, 46.107124200002872 ], [ 30.897805198167966, 46.107347117367262 ], [ 30.89748476516532, 46.105574634914362 ], [ 30.894936532972242, 46.105797482582105 ], [ 30.894295915551567, 46.102252483431023 ], [ 30.891747811659528, 46.102475247706955 ], [ 30.891427627216693, 46.100702731015105 ], [ 30.886011491587471, 46.099375517866001 ], [ 30.885371589586555, 46.095830418329747 ], [ 30.88282371224814, 46.096052959892823 ], [ 30.882503885444336, 46.094280393026978 ], [ 30.879956057246332, 46.094502864930718 ], [ 30.879636339610201, 46.092730282109478 ], [ 30.874221222180484, 46.091402418190732 ], [ 30.873582253477352, 46.087857186488641 ], [ 30.871034651883409, 46.08807943577915 ], [ 30.870715291638149, 46.086306802854722 ], [ 30.868167739208658, 46.086528982513229 ], [ 30.867848488063625, 46.084756333655534 ], [ 30.865300984805486, 46.08497844368781 ], [ 30.864981842746456, 46.083205778902105 ], [ 30.862434388666589, 46.083427819313947 ], [ 30.862115355679343, 46.081655138605477 ], [ 30.859567950784641, 46.081877109402669 ], [ 30.859249026854958, 46.080104412776691 ], [ 30.85670167115234, 46.080326313965017 ], [ 30.856382856266002, 46.078553601426805 ], [ 30.853835549762351, 46.078775433012055 ], [ 30.85351684390514, 46.077002704566837 ], [ 30.850969586607377, 46.077224466554789 ], [ 30.850650989765064, 46.075451722207809 ], [ 30.84810378168007, 46.075673414604289 ], [ 30.847785293838456, 46.073900654360827 ], [ 30.845238134973119, 46.074122277171583 ], [ 30.844919756117985, 46.072349501036882 ], [ 30.842372646479213, 46.072571054267712 ], [ 30.839189155266151, 46.069246938002287 ], [ 30.83409510308967, 46.069689710231934 ], [ 30.833777130202343, 46.067916872839504 ], [ 30.828365331998157, 46.066586527186537 ], [ 30.827729851713663, 46.063040786695353 ], [ 30.825183037578778, 46.06326192256823 ], [ 30.824230277934284, 46.057943254135154 ], [ 30.821683671210817, 46.058164293273684 ], [ 30.821048805198398, 46.054618475871756 ], [ 30.818502326803191, 46.054839431892994 ], [ 30.817550488245491, 46.049520648147258 ], [ 30.815004217207097, 46.049741507480121 ], [ 30.814369965038377, 46.046195613238709 ], [ 30.811823822302298, 46.046416389489323 ], [ 30.811189847157607, 46.042870459100634 ], [ 30.808643832716239, 46.043091152284049 ], [ 30.807693330002056, 46.037772199136135 ], [ 30.805147522844504, 46.037992795697129 ], [ 30.801335396896455, 46.031121258878109 ], [ 30.795927925860358, 46.029789011920585 ], [ 30.792117646969228, 46.022917032140136 ], [ 30.786711172714696, 46.021584262529274 ], [ 30.786079351721884, 46.018038047978578 ], [ 30.783534284435902, 46.018258090699945 ], [ 30.782902739799308, 46.014711840135497 ], [ 30.780357800750249, 46.014931799919552 ], [ 30.780042151770353, 46.013158657754715 ], [ 30.774636881161406, 46.011825211216795 ], [ 30.774006046819025, 46.008278861626025 ], [ 30.771461334643092, 46.008498599722181 ], [ 30.771146040739779, 46.006725408062607 ], [ 30.765741578950902, 46.005391468735532 ], [ 30.765111454514624, 46.001845020225581 ], [ 30.762566969243895, 46.002064536711885 ], [ 30.762252030223159, 46.000291295611113 ], [ 30.759707594301286, 46.000510742744865 ], [ 30.759392763690606, 45.998737485917474 ], [ 30.756848377124392, 45.9989568637045 ], [ 30.756533654909585, 45.997183591155718 ], [ 30.753989317705823, 45.997402899601767 ], [ 30.753674703872711, 45.995629611336831 ], [ 30.751130416038205, 45.995848850447707 ], [ 30.750815910572616, 45.994075546471841 ], [ 30.748271672114132, 45.994294716253357 ], [ 30.74795727500188, 45.992521396571753 ], [ 30.745413085926224, 45.992740497029679 ], [ 30.74509879715314, 45.990967161647582 ], [ 30.742554657467096, 45.991186192787715 ], [ 30.742240477019003, 45.989412841710333 ], [ 30.739696386729346, 45.989631803538472 ], [ 30.739382314592056, 45.987858436771035 ], [ 30.73683827370558, 45.988077329292949 ], [ 30.736524309864926, 45.986303946840678 ], [ 30.733980318388404, 45.986522770062201 ], [ 30.733666462830204, 45.984749371930313 ], [ 30.731122520770398, 45.984968125857208 ], [ 30.730808773480479, 45.98319471205091 ], [ 30.728264880844176, 45.983413396688967 ], [ 30.727951241808373, 45.981639967213475 ], [ 30.725407398602346, 45.981858582568513 ], [ 30.725093867806454, 45.980085137429029 ], [ 30.722550074037471, 45.98030368350684 ], [ 30.719379592783618, 45.976975223063221 ], [ 30.714292173666184, 45.977411982318898 ], [ 30.713979046330561, 45.975638476784717 ], [ 30.711435371555545, 45.975856759241445 ], [ 30.711122352399453, 45.974083238068303 ], [ 30.708578727098985, 45.974301451272623 ], [ 30.705409437449514, 45.970972505988001 ], [ 30.700322355468007, 45.971408599600778 ], [ 30.697153725665022, 45.968079370703698 ], [ 30.692066783107542, 45.968515075754127 ], [ 30.688898813090553, 45.965185563354289 ], [ 30.683812010108841, 45.96562087989841 ], [ 30.683499984220266, 45.963847209216233 ], [ 30.67841322183585, 45.964282275710779 ], [ 30.675246305572141, 45.960952296973758 ], [ 30.670159683018959, 45.961386975047745 ], [ 30.669848138852423, 45.959613230880294 ], [ 30.667304862561178, 45.959830472822887 ], [ 30.666059293082601, 45.952735420756198 ], [ 30.663516302753088, 45.952952553431039 ], [ 30.661960391374535, 45.944083622238878 ], [ 30.659417765675105, 45.944300632330155 ], [ 30.658173876444707, 45.937205394548506 ], [ 30.655631536523238, 45.937422295455249 ], [ 30.654699161733326, 45.93210080410406 ], [ 30.652157028812542, 45.932317609205327 ], [ 30.65091458491311, 45.925222203430771 ], [ 30.648372737636478, 45.925438899417372 ], [ 30.647441446321555, 45.920117282141284 ], [ 30.644899805954683, 45.920333882379737 ], [ 30.644279247825107, 45.916786099954102 ], [ 30.641737735687258, 45.9170026177935 ], [ 30.640807352450533, 45.911680887819166 ], [ 30.63826604716726, 45.911897309956096 ], [ 30.637646094211547, 45.908349452433256 ], [ 30.635104917130771, 45.908565792205984 ], [ 30.634485237571482, 45.905017899339533 ], [ 30.63194418868537, 45.905234156763008 ], [ 30.631324782445944, 45.901686228567819 ], [ 30.628783861746605, 45.901902403657012 ], [ 30.628164728750491, 45.898354440147962 ], [ 30.625623936230053, 45.898570532917788 ], [ 30.625005076400718, 45.895022534109806 ], [ 30.622464412051325, 45.895238544575172 ], [ 30.618686975400728, 45.888358369297798 ], [ 30.613297174070041, 45.887015940897179 ], [ 30.61267934826633, 45.883467805382871 ], [ 30.610139117986062, 45.883683500053273 ], [ 30.609830327026998, 45.881909415767211 ], [ 30.607290146356672, 45.8821250414722 ], [ 30.606672808271778, 45.878576839854837 ], [ 30.601284205690906, 45.877233740540433 ], [ 30.600667355122145, 45.873685472870015 ], [ 30.598127480356919, 45.873900865200589 ], [ 30.597819176913998, 45.872126714861487 ], [ 30.592431380215725, 45.870783126971773 ], [ 30.591815231684752, 45.867234762478155 ], [ 30.58927558432233, 45.867449934781554 ], [ 30.588967631828343, 45.86567573604902 ], [ 30.586428034111076, 45.865890839440034 ], [ 30.586120188945813, 45.864116625308256 ], [ 30.583580640880314, 45.864331659792718 ], [ 30.583272903029656, 45.862557430266882 ], [ 30.577886325330287, 45.861213047624538 ], [ 30.577271307604857, 45.85766452487028 ], [ 30.571885328878817, 45.856319807314343 ], [ 30.570963575354128, 45.850996921232209 ], [ 30.568424511013266, 45.851211571634444 ], [ 30.56750325173558, 45.84588862653117 ], [ 30.564964393943146, 45.84610318166223 ], [ 30.560584706023505, 45.835671574398305 ], [ 30.558046261218024, 45.835885939064013 ], [ 30.557433047327585, 45.832337193222621 ], [ 30.554894730583598, 45.832551475882262 ], [ 30.553975360152659, 45.827228301439483 ], [ 30.551437249828439, 45.827442488924802 ], [ 30.550824636375346, 45.823893668859647 ], [ 30.548286654085867, 45.82410777437368 ], [ 30.547674312028544, 45.820558919368118 ], [ 30.545136457765853, 45.820772942925799 ], [ 30.544524387028204, 45.817224052994618 ], [ 30.541986660784303, 45.817437994610799 ], [ 30.541374861290272, 45.813889069768777 ], [ 30.538837263057154, 45.814102929458407 ], [ 30.538225734730677, 45.810553969720267 ], [ 30.535688264500365, 45.810767747498225 ], [ 30.531928678810441, 45.803883419273845 ], [ 30.526548928079759, 45.802536047449131 ], [ 30.525938426518156, 45.798986952548553 ], [ 30.52055927343644, 45.797639246883648 ], [ 30.519949256330996, 45.794090086618226 ], [ 30.514570700805621, 45.792742047219122 ], [ 30.513961167954673, 45.789192821638508 ], [ 30.511424486759935, 45.789405984017854 ], [ 30.511119841360706, 45.787631354908036 ], [ 30.505742089508392, 45.786282829286023 ], [ 30.505133254169813, 45.782733507955285 ], [ 30.502596800404138, 45.782946451215253 ], [ 30.502292503691478, 45.781171774248442 ], [ 30.499756099668598, 45.781384648853681 ], [ 30.499451909652365, 45.779609956655349 ], [ 30.496915555378802, 45.779822762611694 ], [ 30.496611472044918, 45.778048055186993 ], [ 30.494075167527225, 45.778260792500213 ], [ 30.493771190861633, 45.776486069854307 ], [ 30.491234936106292, 45.776698738530186 ], [ 30.490931066094927, 45.774924000668214 ], [ 30.485554942526207, 45.773574379058346 ], [ 30.484947657452878, 45.770024840378504 ], [ 30.482411630218834, 45.770237290098997 ], [ 30.481501150246348, 45.764912926933313 ], [ 30.478965329158463, 45.765125281897966 ], [ 30.47805533924749, 45.759800860432371 ], [ 30.475519724269027, 45.760013120666756 ], [ 30.474610224214995, 45.754688640931043 ], [ 30.47207481530921, 45.754900806460718 ], [ 30.471468780023933, 45.751351116593597 ], [ 30.468933499030385, 45.751563200499398 ], [ 30.468327733384747, 45.748013476055227 ], [ 30.465792580295329, 45.748225478352026 ], [ 30.465187084213643, 45.744675719345501 ], [ 30.462652059020265, 45.744887640048169 ], [ 30.461744261595694, 45.739562946546911 ], [ 30.45920944238156, 45.739774772629815 ], [ 30.458604541795584, 45.736224940318309 ], [ 30.453232879117433, 45.734873428492783 ], [ 30.452628460535145, 45.73132353138336 ], [ 30.45009394684482, 45.731535125858073 ], [ 30.44635153132732, 45.724646741141349 ], [ 30.440981245416555, 45.723294536349336 ], [ 30.440377846684882, 45.719744505581517 ], [ 30.435008156805573, 45.718391968552865 ], [ 30.434405239427683, 45.714841873139619 ], [ 30.431871336739103, 45.715053004712679 ], [ 30.431569998351392, 45.713277940853928 ], [ 30.426201110253306, 45.711924919710626 ], [ 30.425598886367048, 45.708374729521516 ], [ 30.42306521116647, 45.70858564278565 ], [ 30.422764219455257, 45.706810531556904 ], [ 30.420230594094189, 45.707021376395588 ], [ 30.41992970851906, 45.705246250087697 ], [ 30.417396133003958, 45.705457026506686 ], [ 30.417095353550863, 45.703681885124787 ], [ 30.411727678739236, 45.702328076276181 ], [ 30.411126572346294, 45.698777731152255 ], [ 30.408593224378421, 45.698988289383109 ], [ 30.408292791306312, 45.697213100716112 ], [ 30.405759493206332, 45.697423590554621 ], [ 30.405459166189928, 45.695648386835018 ], [ 30.402925917964286, 45.695858808287021 ], [ 30.402625696989549, 45.69408358951997 ], [ 30.400092498644671, 45.69429394259123 ], [ 30.399792383697598, 45.692518708781833 ], [ 30.397259235239886, 45.692728993478163 ], [ 30.396959226306443, 45.690953744631507 ], [ 30.394426127742317, 45.691163960958725 ], [ 30.394126224808485, 45.689388697079941 ], [ 30.391593176144379, 45.689598845043847 ], [ 30.391293379196121, 45.687823566138029 ], [ 30.388760380438434, 45.688033645744412 ], [ 30.385628155597729, 45.684693054126789 ], [ 30.380562329739497, 45.685112884527008 ], [ 30.380262928596544, 45.683337547647959 ], [ 30.377730051599766, 45.683547366801015 ], [ 30.377430756382488, 45.681772014919488 ], [ 30.374897929327997, 45.681981765739934 ], [ 30.374598740022389, 45.680206398861031 ], [ 30.372065962916555, 45.680416081354672 ], [ 30.368935174833457, 45.677074916797785 ], [ 30.363869792505884, 45.677493953102228 ], [ 30.363570998767948, 45.675718528362928 ], [ 30.361038343607742, 45.675927950502214 ], [ 30.357908468497371, 45.672586409947527 ], [ 30.352843330216164, 45.673004925623218 ], [ 30.34971410630089, 45.669663107463897 ], [ 30.34464911226684, 45.670081239184697 ], [ 30.344351003452537, 45.668305713885388 ], [ 30.341818542523907, 45.668514683767903 ], [ 30.341222564306886, 45.664963601220435 ], [ 30.335860078928409, 45.663605753218086 ], [ 30.332137191904732, 45.656712165803455 ], [ 30.329605164795218, 45.65692082409214 ], [ 30.329307668169562, 45.655145217948665 ], [ 30.323946373156787, 45.653786708776067 ], [ 30.323351830363741, 45.650235434792293 ], [ 30.320820031277957, 45.650443875560434 ], [ 30.320522879413002, 45.648668222636914 ], [ 30.317991130393175, 45.648876595192739 ], [ 30.317694084149366, 45.647100927374744 ], [ 30.315162385201852, 45.647309231724059 ], [ 30.314865444565164, 45.645533549016683 ], [ 30.309505361868879, 45.644174255527403 ], [ 30.308911930678725, 45.640622828526602 ], [ 30.306380459812519, 45.640830915476215 ], [ 30.306083863641767, 45.639055186073143 ], [ 30.303552442869407, 45.639263204843623 ], [ 30.303255952239574, 45.637487460572501 ], [ 30.300724581567387, 45.637695411169638 ], [ 30.300428196464459, 45.635919652035554 ], [ 30.297896875898779, 45.636127534465146 ], [ 30.297600596308754, 45.63435176047318 ], [ 30.295069325855923, 45.634559574741083 ], [ 30.294773151764794, 45.632783785896308 ], [ 30.292241931431143, 45.632991532008312 ], [ 30.291945862824893, 45.631215728315802 ], [ 30.289414692616752, 45.631423406277719 ], [ 30.289118729481391, 45.629647587742575 ], [ 30.286587609405043, 45.629855197560254 ], [ 30.286291751726569, 45.628079364187535 ], [ 30.283760681788372, 45.628286905866759 ], [ 30.280638262952305, 45.624942668175549 ], [ 30.275576296039382, 45.625357423663935 ], [ 30.275280832431591, 45.623581533039129 ], [ 30.272749885328881, 45.623788814988472 ], [ 30.272454527118114, 45.622012909550534 ], [ 30.269923630188956, 45.622220123386377 ], [ 30.266802383153173, 45.618875413819588 ], [ 30.261740762447534, 45.619289513726407 ], [ 30.26115086135292, 45.615737586489587 ], [ 30.25579468777844, 45.614375421857879 ], [ 30.255205263078821, 45.610823431396987 ], [ 30.252674745076565, 45.611030223937028 ], [ 30.248966302524256, 45.604132853869281 ], [ 30.243611500815192, 45.602770003086562 ], [ 30.243023083301935, 45.599217882251324 ], [ 30.237668875847227, 45.597854702314983 ], [ 30.237080934083977, 45.59430251840601 ], [ 30.234551028309184, 45.594508851779231 ], [ 30.234257176328089, 45.592732744065408 ], [ 30.228903768662139, 45.591369084314472 ], [ 30.228316512712258, 45.587816807916937 ], [ 30.225786835347918, 45.588022924559276 ], [ 30.225493326204667, 45.586246770618885 ], [ 30.222963699091302, 45.586452819265389 ], [ 30.222670295046317, 45.584676650603896 ], [ 30.217317892636828, 45.583312360555176 ], [ 30.216731532251263, 45.579759962351211 ], [ 30.214202133589463, 45.57996579436611 ], [ 30.213909072140485, 45.578189579545729 ], [ 30.211379723750813, 45.578395343592177 ], [ 30.211086767334063, 45.57661911407191 ], [ 30.208557469222757, 45.576824810155735 ], [ 30.208264617824245, 45.575048565940612 ], [ 30.205735369997569, 45.575254194067632 ], [ 30.205442623603307, 45.573477935162714 ], [ 30.202913426067507, 45.573683495338756 ], [ 30.202620784663523, 45.5719072217491 ], [ 30.200091637424826, 45.572112713979969 ], [ 30.199799100997133, 45.570336425710643 ], [ 30.197270004061782, 45.570541850002165 ], [ 30.196977572596403, 45.568765547058241 ], [ 30.194448525970639, 45.568970903416229 ], [ 30.194156199453595, 45.567194585802731 ], [ 30.191627203143664, 45.567399874233033 ], [ 30.19133498156096, 45.565623541955027 ], [ 30.188806035573091, 45.565828762463433 ], [ 30.185693011495236, 45.562481206526463 ], [ 30.180635293571154, 45.562891320616203 ], [ 30.180343464322277, 45.561114931745053 ], [ 30.177814642074122, 45.561319893250008 ], [ 30.177522917699804, 45.559543489738637 ], [ 30.1749941458087, 45.559748383346736 ], [ 30.171882290100019, 45.556400358140635 ], [ 30.166824920556813, 45.5568098185351 ], [ 30.16653358832454, 45.555033358523183 ], [ 30.164004940325484, 45.555237993208173 ], [ 30.160893992684201, 45.55188959615483 ], [ 30.155836871077238, 45.552298538783546 ], [ 30.155545930841019, 45.550522022344367 ], [ 30.153017406857398, 45.550726398167519 ], [ 30.15272657139014, 45.548949867131682 ], [ 30.147669597102222, 45.549358427809054 ], [ 30.144559945304739, 45.546009481667021 ], [ 30.139503118480135, 45.546417660450352 ], [ 30.139212752401395, 45.544641060508049 ], [ 30.13415597224289, 45.545048993104707 ], [ 30.131047356187885, 45.54169959523913 ], [ 30.125990723736056, 45.542107146029707 ], [ 30.125700826885691, 45.540330477288677 ], [ 30.123172547612583, 45.5405341572434 ], [ 30.122882755417759, 45.538757473957347 ], [ 30.117536660837477, 45.53738793263188 ], [ 30.116957522036518, 45.533834505916566 ], [ 30.114429471858159, 45.5340379699376 ], [ 30.114140020586415, 45.532261241054265 ], [ 30.111612020927005, 45.532464637291994 ], [ 30.111322674244828, 45.530687893884753 ], [ 30.105977584400936, 45.529317725107418 ], [ 30.105399336318058, 45.525764178238084 ], [ 30.102871565793084, 45.525967358641452 ], [ 30.10258255979274, 45.524190569704217 ], [ 30.100054839807456, 45.524393682351658 ], [ 30.09976593833073, 45.522616878911606 ], [ 30.097238268891285, 45.52281992380896 ], [ 30.096949471924209, 45.521043105871122 ], [ 30.094421853036781, 45.521246083024224 ], [ 30.094133160565359, 45.519469250593616 ], [ 30.091605592236078, 45.519672160008298 ], [ 30.091317004246367, 45.517895313090001 ], [ 30.088789486481385, 45.518098154772069 ], [ 30.088501002959404, 45.516321293371071 ], [ 30.085973535764854, 45.516524067326358 ], [ 30.085685156696645, 45.514747191447725 ], [ 30.083157740078679, 45.514949897682058 ], [ 30.082869465450269, 45.513173007330799 ], [ 30.080342099415038, 45.513375645850047 ], [ 30.080053929212447, 45.511598741031179 ], [ 30.077526613766082, 45.511801311841168 ], [ 30.074423321731185, 45.508449961927298 ], [ 30.06936886634432, 45.508854777523695 ], [ 30.069081086829083, 45.50707781686188 ], [ 30.066553896309781, 45.507280129359323 ], [ 30.065978572877679, 45.503726177172688 ], [ 30.068505608424523, 45.503523889606967 ], [ 30.067642592336558, 45.498192983899017 ], [ 30.070169368616039, 45.497990678522015 ], [ 30.069306361942878, 45.492659792422408 ], [ 30.071832879029209, 45.492457469248606 ], [ 30.072057961255464, 45.478039507116414 ], [ 30.074583805425281, 45.477837173329355 ], [ 30.072858413052526, 45.467175477270715 ], [ 30.075383766294703, 45.466973163134782 ], [ 30.073371488458726, 45.45453451505653 ], [ 30.075896273777438, 45.454332233050032 ], [ 30.072735928337266, 45.434785727539229 ], [ 30.075259837280974, 45.434583527515052 ], [ 30.078358395196148, 45.437935150440666 ], [ 30.088741960016751, 45.438902365691675 ], [ 30.091841548361582, 45.442253539204081 ], [ 30.096889735742479, 45.441848188227858 ], [ 30.097177734830925, 45.443625030986176 ], [ 30.102225969121779, 45.443219434698712 ], [ 30.102514149505666, 45.444996250483378 ], [ 30.107562430640318, 45.444590408869189 ], [ 30.107850792338244, 45.446367197663662 ], [ 30.118236037904833, 45.447331540181203 ], [ 30.118524762286697, 45.449108274945978 ], [ 30.126097353755803, 45.448498325792677 ], [ 30.126386336715566, 45.450275020987903 ], [ 30.131434750619498, 45.449868087747831 ], [ 30.131723914968514, 45.451644755879649 ], [ 30.139296565047069, 45.451033905292242 ], [ 30.139585988010499, 45.452810533796111 ], [ 30.147158626633427, 45.452199149838222 ], [ 30.147448308228373, 45.453975738679638 ], [ 30.155020935173624, 45.453363821331877 ], [ 30.155310875417147, 45.455140370476315 ], [ 30.16540764133094, 45.454323659316422 ], [ 30.165697917436738, 45.456100156145922 ], [ 30.178318651301222, 45.455077965105808 ], [ 30.178609340466789, 45.456854396960573 ], [ 30.191229782155702, 45.455830766164617 ], [ 30.191520884376374, 45.457607132954166 ], [ 30.211712795692755, 45.455966359396726 ], [ 30.212004542458679, 45.457742623105148 ], [ 30.257431356601948, 45.454037772979603 ], [ 30.257138221452717, 45.452261737447287 ], [ 30.282370743526467, 45.450195909958531 ], [ 30.28207686490153, 45.448419999611659 ], [ 30.294691713081427, 45.447385086635165 ], [ 30.294397476608204, 45.445609237976605 ], [ 30.304488553037814, 45.444780368655557 ], [ 30.304194035883327, 45.443004568991952 ], [ 30.314284364731364, 45.442174870941898 ], [ 30.313989566997758, 45.440399120319888 ], [ 30.32155679397162, 45.439776307847076 ], [ 30.321261792748306, 45.438000593523697 ], [ 30.328828541166892, 45.437377324689926 ], [ 30.328533336520358, 45.435601646690301 ], [ 30.343369989250267, 45.432578098689291 ], [ 30.343074377956743, 45.430802493412394 ], [ 30.348117946926486, 45.430386123475678 ], [ 30.34782220933436, 45.428610541775228 ], [ 30.352865514157248, 45.428193977725797 ], [ 30.352569650303519, 45.426418419611977 ], [ 30.357612690963226, 45.426001661487369 ], [ 30.357316700884898, 45.424226126970346 ], [ 30.362359477365086, 45.423809174808142 ], [ 30.362063361099171, 45.422033663898134 ], [ 30.367105873383512, 45.421616517735863 ], [ 30.366809630967008, 45.419841030443045 ], [ 30.371851879039188, 45.41942369031829 ], [ 30.371555510509111, 45.417648226652837 ], [ 30.381342719345277, 45.415037524638109 ], [ 30.381046098698988, 45.413262108257939 ], [ 30.383566840194693, 45.413053174809406 ], [ 30.383270170368718, 45.411277769221591 ], [ 30.388311416750682, 45.410859763390775 ], [ 30.388014620945881, 45.409084381465256 ], [ 30.390535125834646, 45.40887530909523 ], [ 30.392461787233888, 45.405115463267265 ], [ 30.397502351479197, 45.404697095654434 ], [ 30.399428426275978, 45.400937179945153 ], [ 30.404468517334813, 45.400518534680778 ], [ 30.404171322441105, 45.398743232538266 ], [ 30.406691249675998, 45.398533840512023 ], [ 30.406394005729084, 45.396758549182572 ], [ 30.408913828520486, 45.396549115198326 ], [ 30.410838911876322, 45.392789089051384 ], [ 30.415878112011637, 45.39236999845896 ], [ 30.415580644274389, 45.390594752480439 ], [ 30.418100126058032, 45.390385137835153 ], [ 30.417802609332632, 45.388609902679782 ], [ 30.420321986694223, 45.388400246110912 ], [ 30.420024420994416, 45.386625021780532 ], [ 30.422543693940234, 45.386415323295459 ], [ 30.42224607927977, 45.384640109792002 ], [ 30.424765247816115, 45.384430369398096 ], [ 30.424467584208731, 45.382655166723424 ], [ 30.426986648341899, 45.382445384428067 ], [ 30.426688935801341, 45.380670192584091 ], [ 30.429207895537616, 45.380460368394658 ], [ 30.428910134077626, 45.378685187383233 ], [ 30.43142898942331, 45.378475321307114 ], [ 30.431131179057605, 45.376700151130137 ], [ 30.433649930018984, 45.376490243174693 ], [ 30.43335207076133, 45.374715083834069 ], [ 30.435870717344695, 45.374505134006668 ], [ 30.4355728092088, 45.372729985504265 ], [ 30.440311832266268, 45.370534822600867 ], [ 30.43971584831997, 45.366984566873924 ], [ 30.442234105213988, 45.366774504405129 ], [ 30.441936078285515, 45.364999386341779 ], [ 30.444454230836687, 45.364789282033023 ], [ 30.444156155088614, 45.36301417481485 ], [ 30.446674203303257, 45.362804028673501 ], [ 30.446376078749292, 45.361028932302361 ], [ 30.448894022633691, 45.360818744335802 ], [ 30.448595849287543, 45.359043658813555 ], [ 30.453333201966196, 45.356848082762859 ], [ 30.452736687962609, 45.353297953035614 ], [ 30.457473400616511, 45.351102255280473 ], [ 30.458797321243583, 45.343791720752243 ], [ 30.461314409810722, 45.343581320841984 ], [ 30.461016027359854, 45.341806294176926 ], [ 30.463533011670819, 45.341595852500504 ], [ 30.462936177183028, 45.33804581879874 ], [ 30.467671228140745, 45.335849829052492 ], [ 30.467074254582023, 45.33229983461532 ], [ 30.469590773297721, 45.332089293602294 ], [ 30.468993758043137, 45.328539316707754 ], [ 30.471510096135805, 45.328328746923148 ], [ 30.470913039221184, 45.324778787572953 ], [ 30.473429196723959, 45.32456818902827 ], [ 30.47283209818513, 45.32101824722416 ], [ 30.475348075131077, 45.320807619930932 ], [ 30.474750935003872, 45.31725769567462 ], [ 30.477266731426102, 45.317047039644372 ], [ 30.476669549746305, 45.313497132937584 ], [ 30.479185165677915, 45.313286448181849 ], [ 30.478587942481312, 45.309736559026291 ], [ 30.481103377955353, 45.309525845556578 ], [ 30.480207522624177, 45.304201035008816 ], [ 30.482722701369461, 45.303990305806103 ], [ 30.481826867240173, 45.298665515300925 ], [ 30.484341789330152, 45.29845477037933 ], [ 30.483445976450149, 45.293129999917383 ], [ 30.485960641958325, 45.292919239291002 ], [ 30.485064850374993, 45.287594488872998 ], [ 30.48757925937478, 45.287383712555879 ], [ 30.486683489135451, 45.282058982182456 ], [ 30.489197641700258, 45.281848190188747 ], [ 30.488726147203622, 45.263888365522085 ], [ 30.491239482536002, 45.263677594108749 ], [ 30.487957670191978, 45.244153618740611 ], [ 30.490470140753661, 45.243942935448402 ], [ 30.486297076808807, 45.219094054386382 ], [ 30.483785670337696, 45.219304556234107 ], [ 30.480808993296783, 45.201554974766182 ], [ 30.478298318420386, 45.201765292668469 ], [ 30.476811396545475, 45.192890358823952 ], [ 30.474301073422478, 45.193100557595557 ], [ 30.472815221596452, 45.184225506861594 ], [ 30.470305250095301, 45.184435586553114 ], [ 30.469117368914912, 45.177335456688915 ], [ 30.46660767309886, 45.177545430273419 ], [ 30.462317865076145, 45.167104937078506 ], [ 30.459808568865288, 45.167314724381754 ], [ 30.459215579363473, 45.163764544435729 ], [ 30.456706407141564, 45.163974251542278 ], [ 30.452419808816924, 45.153533159648489 ], [ 30.44991103602143, 45.153742680612368 ], [ 30.44931894142162, 45.150192389981854 ], [ 30.446810292570508, 45.150401830802295 ], [ 30.446218459398011, 45.146851506080871 ], [ 30.443709934483394, 45.147060866772399 ], [ 30.443118362665491, 45.143510507974341 ], [ 30.440609961679446, 45.1437197885515 ], [ 30.440018651143436, 45.140169395691053 ], [ 30.437510374078062, 45.140378596168382 ], [ 30.433820383408346, 45.13348682870933 ], [ 30.428509095873753, 45.132129595712371 ], [ 30.427918774909156, 45.128579070884605 ], [ 30.42260806522108, 45.127221511491577 ], [ 30.422018211288972, 45.123670922826634 ], [ 30.416708079357353, 45.122313037140891 ], [ 30.416118692264643, 45.118762384686782 ], [ 30.413611179436547, 45.118970983405724 ], [ 30.413316602564233, 45.117195641240393 ], [ 30.408007247806765, 45.115837280175136 ], [ 30.407418533273844, 45.112286534190019 ], [ 30.40491124086396, 45.112494918655209 ], [ 30.404617000204862, 45.110719529741829 ], [ 30.402109756073028, 45.110927847080433 ], [ 30.401815618338695, 45.109152443282547 ], [ 30.399308422491053, 45.109360693500257 ], [ 30.399014387667982, 45.107585274822853 ], [ 30.396507240110694, 45.107793457925354 ], [ 30.396213308185366, 45.106018024373455 ], [ 30.390905328925342, 45.10465874083409 ], [ 30.390317903860666, 45.101107812205441 ], [ 30.387810976792473, 45.101315781193584 ], [ 30.387517380745553, 45.099540300992309 ], [ 30.385010501988599, 45.099748202892002 ], [ 30.384717008775546, 45.09797270783713 ], [ 30.382210178335988, 45.09818054265407 ], [ 30.381916787943293, 45.09640503275056 ], [ 30.379410005827268, 45.096612800490455 ], [ 30.379116718241434, 45.094837275743316 ], [ 30.376609984455058, 45.095044976411835 ], [ 30.373517032199338, 45.091701516009451 ], [ 30.368503730774705, 45.092116594815536 ], [ 30.368210827083743, 45.090341012792734 ], [ 30.365704211125642, 45.090548458003326 ], [ 30.365411410183807, 45.088772861160827 ], [ 30.362904842589685, 45.088980239324513 ], [ 30.362612144383487, 45.087204627667298 ], [ 30.360105625159473, 45.087411938789714 ], [ 30.359813029675376, 45.085636312322791 ], [ 30.357306558827595, 45.085843556409678 ], [ 30.354215253506304, 45.082499436123591 ], [ 30.34920247821066, 45.082913601918086 ], [ 30.348910266348113, 45.081137918304584 ], [ 30.346403913533834, 45.081344907049441 ], [ 30.343313493384638, 45.07800041720381 ], [ 30.33830095430471, 45.078414072392682 ], [ 30.33800912592303, 45.076638331704778 ], [ 30.335502891262827, 45.076845065167284 ], [ 30.335211165501306, 45.075069309712553 ], [ 30.330198765978928, 45.075482588386905 ], [ 30.327109608460081, 45.072137552978624 ], [ 30.322097348635936, 45.072550455194225 ], [ 30.321806081689779, 45.070774630046778 ], [ 30.316793864729558, 45.071187289790224 ], [ 30.313705716027954, 45.067841805658482 ], [ 30.308693639003181, 45.068254089028741 ], [ 30.308402830718496, 45.066478194294561 ], [ 30.3033907967191, 45.066890235237338 ], [ 30.303100166458947, 45.065114313103663 ], [ 30.298088175549751, 45.06552611163395 ], [ 30.29779772329622, 45.063750162117003 ], [ 30.290279761231314, 45.064367414921605 ], [ 30.289989562481896, 45.062591425371878 ], [ 30.284977604066846, 45.063002630596827 ], [ 30.284687583287543, 45.06122661370361 ], [ 30.279675668190176, 45.061637576561274 ], [ 30.279385825363029, 45.059861532340825 ], [ 30.274373953648116, 45.060272252846225 ], [ 30.274084288755223, 45.058496181314766 ], [ 30.264060524697413, 45.059316920592515 ], [ 30.263771188755118, 45.057540796502671 ], [ 30.256253310157941, 45.058155743283791 ], [ 30.255964227633559, 45.056379579310317 ], [ 30.248446334023374, 45.056993999829075 ], [ 30.248157504900533, 45.055217796005991 ], [ 30.240639596493885, 45.055831690281053 ], [ 30.240351020756183, 45.054055446642415 ], [ 30.227821015231079, 45.055077455361079 ], [ 30.227532843926831, 45.05330114677443 ], [ 30.212496407545004, 45.054525690670509 ], [ 30.212208716224072, 45.052749304663678 ], [ 30.184640250419331, 45.054989088173784 ], [ 30.184353416933046, 45.053212562216885 ], [ 30.154275958132789, 45.055648319377958 ], [ 30.154561884527997, 45.05742499537795 ], [ 30.126986689238322, 45.059651039522798 ], [ 30.127271810238692, 45.061427850677248 ], [ 30.114736192395483, 45.062437577969852 ], [ 30.115020961568725, 45.064214449358992 ], [ 30.104991688400553, 45.06502130273541 ], [ 30.105276181297711, 45.066798221865596 ], [ 30.092738616764773, 45.067805627709426 ], [ 30.093022757577859, 45.06958260694153 ], [ 30.085499674887799, 45.070186435301409 ], [ 30.085783614936027, 45.071963449774692 ], [ 30.080767943105265, 45.072365754947356 ], [ 30.081051758064607, 45.074142792247656 ], [ 30.073527825333237, 45.074745879328397 ], [ 30.073811439414392, 45.076522951828842 ], [ 30.059045593858613, 45.079504876551674 ], [ 30.059328805989836, 45.081282019377255 ], [ 30.054311948469802, 45.081683226964735 ], [ 30.054595035329605, 45.083460392559118 ], [ 30.049577920979136, 45.083861407225641 ], [ 30.049860882531416, 45.085638595578565 ], [ 30.044843511367606, 45.086039417287246 ], [ 30.045126347576261, 45.087816628388438 ], [ 30.040108719616203, 45.088217257102421 ], [ 30.04039143044514, 45.089994490941706 ], [ 30.035373545705966, 45.090394926624036 ], [ 30.03565613111908, 45.092172183191146 ], [ 30.030637989617901, 45.092572425805002 ], [ 30.030920449579085, 45.09434970508967 ], [ 30.021165730832497, 45.096926912956405 ], [ 30.021447939781474, 45.098704237645443 ], [ 30.018938497053536, 45.098904096467301 ], [ 30.019220656341417, 45.100681431529992 ], [ 30.014201540406081, 45.101081010425432 ], [ 30.01448357411028, 45.102858368170438 ], [ 30.011973900900816, 45.10305808823189 ], [ 30.010028043856281, 45.106812512720225 ], [ 30.005008262677499, 45.107211729699664 ], [ 30.00306182434829, 45.11096608140857 ], [ 29.998041582186271, 45.111365020678335 ], [ 29.998323215339035, 45.113142454826225 ], [ 29.995812979010857, 45.113341855015129 ], [ 29.996094562377795, 45.11511929951547 ], [ 29.993584223892295, 45.11531865749528 ], [ 29.993865757459741, 45.117096112346111 ], [ 29.989126257747472, 45.11927216684856 ], [ 29.989689151774723, 45.122827116006256 ], [ 29.987178430769216, 45.123026359593723 ], [ 29.987459841024624, 45.12480384355068 ], [ 29.984949017828384, 45.125003044897227 ], [ 29.985230378225836, 45.126780539197455 ], [ 29.98271945283296, 45.12697969829577 ], [ 29.983000763358802, 45.128757202937294 ], [ 29.980489735763374, 45.128956319780045 ], [ 29.980770996403944, 45.130733834760932 ], [ 29.976029845323474, 45.132909466968734 ], [ 29.976592193133403, 45.136464536345322 ], [ 29.97408078281677, 45.136663538641834 ], [ 29.97436191986753, 45.138441082698755 ], [ 29.969619879627427, 45.140616514811242 ], [ 29.970181980069505, 45.144171642320302 ], [ 29.965439304810488, 45.146346948466707 ], [ 29.966001257606539, 45.149902113429313 ], [ 29.963489183776371, 45.150100928721201 ], [ 29.963770123237278, 45.151878520563777 ], [ 29.961257947122043, 45.152077293526546 ], [ 29.961819752137423, 45.155632495931293 ], [ 29.957075806220796, 45.157807549896205 ], [ 29.957637463320779, 45.161362789731768 ], [ 29.955124827934451, 45.161561460151574 ], [ 29.953735184528721, 45.16887063047534 ], [ 29.923577551973001, 45.171250347103658 ], [ 29.923857456815849, 45.173028127601711 ], [ 29.788097742147041, 45.183640103176899 ], [ 29.788373549937379, 45.18541853602305 ], [ 29.79367916872927, 45.186806726880469 ], [ 29.794231218520828, 45.19036353505652 ], [ 29.799537423162512, 45.191751405071933 ], [ 29.800089933038684, 45.195308153807794 ], [ 29.802605117969595, 45.195112781987632 ], [ 29.803157883697374, 45.198669499103772 ], [ 29.805673195830465, 45.198474048443302 ], [ 29.809294934475435, 45.205391858245946 ], [ 29.811810501039908, 45.205196249861018 ], [ 29.812640840282931, 45.210531180294403 ], [ 29.815156610587724, 45.210335480959138 ], [ 29.816264396641344, 45.217448646865826 ], [ 29.818780447259847, 45.2172528444828 ], [ 29.821275164580644, 45.233257248683387 ], [ 29.823791878498458, 45.233061282811377 ], [ 29.824069275039292, 45.234839528417858 ], [ 29.821552484519657, 45.235035506373009 ], [ 29.82462414565213, 45.23839601396039 ], [ 29.822107201908164, 45.23859201608402 ], [ 29.824604709658942, 45.254596216225188 ], [ 29.822087050195691, 45.254792272300364 ], [ 29.823197419291464, 45.261905249336955 ], [ 29.820679427163444, 45.262101298913464 ], [ 29.821512245465097, 45.267436048102397 ], [ 29.818993997287027, 45.267632079076897 ], [ 29.819549185366505, 45.271188593257556 ], [ 29.817030757824082, 45.271384593529945 ], [ 29.81758589587432, 45.274941124320549 ], [ 29.815067288935055, 45.275137093879046 ], [ 29.813658628428239, 45.282446144114985 ], [ 29.808898075026558, 45.284616208727918 ], [ 29.809452960854149, 45.288172809714524 ], [ 29.806933712838116, 45.288368644224391 ], [ 29.807211117713162, 45.290146953961049 ], [ 29.804691767, 45.290342745627029 ], [ 29.804969120891123, 45.292121065549111 ], [ 29.802449667474971, 45.292316814363843 ], [ 29.802726970368333, 45.294095144469324 ], [ 29.800207414243307, 45.294290850425433 ], [ 29.800484666125044, 45.296069190712338 ], [ 29.797965007285281, 45.296264853802462 ], [ 29.798242208141549, 45.298043204268794 ], [ 29.795722446581191, 45.298238824485544 ], [ 29.795999596398097, 45.300017185129327 ], [ 29.79347973211128, 45.300212762465328 ], [ 29.79375683087498, 45.301991133284567 ], [ 29.791236863855833, 45.302186667732414 ], [ 29.789270838410772, 45.305938931441659 ], [ 29.784230467585349, 45.306329773781179 ], [ 29.782263852583945, 45.310081961486723 ], [ 29.777223019132855, 45.310472522221175 ], [ 29.777499708525418, 45.312250967972616 ], [ 29.772458617962702, 45.312641332890323 ], [ 29.772735179236296, 45.314419800834997 ], [ 29.767693831580186, 45.314809969898953 ], [ 29.767970264698253, 45.316588460026423 ], [ 29.762928659966967, 45.31697843319963 ], [ 29.763204964892935, 45.318756945499437 ], [ 29.75564213357184, 45.319341528872407 ], [ 29.755918233265078, 45.32112007534802 ], [ 29.745833789658015, 45.321898797877409 ], [ 29.746109607030672, 45.323677390504749 ], [ 29.723417411340396, 45.325426405938302 ], [ 29.723692561042366, 45.327205104565031 ], [ 29.72117100048704, 45.32739917647767 ], [ 29.720895927843955, 45.325620465881876 ], [ 29.698201422580514, 45.327364529007156 ], [ 29.697927069194321, 45.325585708981919 ], [ 29.687840264959068, 45.326359369457002 ], [ 29.687566245479573, 45.324580499856879 ], [ 29.680001105111248, 45.325160131518814 ], [ 29.679727342438881, 45.323381224313358 ], [ 29.674683941986391, 45.323767346387982 ], [ 29.674410359016306, 45.321988413514752 ], [ 29.669367010641434, 45.322374291613244 ], [ 29.669093607354473, 45.320595333088534 ], [ 29.664050311122175, 45.320980967227008 ], [ 29.663777087499188, 45.319201983067217 ], [ 29.661255478227286, 45.319394705684864 ], [ 29.661801796789184, 45.32295269593525 ], [ 29.664323560235974, 45.32275994954 ], [ 29.664596834843501, 45.324538930005986 ], [ 29.669640439436041, 45.324153248289484 ], [ 29.669913893741189, 45.325932203117127 ], [ 29.672435734871272, 45.325739267788194 ], [ 29.672709291792984, 45.327518208865776 ], [ 29.675231184502884, 45.327325206584135 ], [ 29.675504844055073, 45.329104133906704 ], [ 29.678026788338993, 45.328911064666485 ], [ 29.678300550535592, 45.330689978229145 ], [ 29.680822546387716, 45.330496842024466 ], [ 29.68109641124266, 45.332275741822258 ], [ 29.683618458657186, 45.332082538647249 ], [ 29.683892426184396, 45.333861424675213 ], [ 29.686414525155509, 45.33366815452402 ], [ 29.686688595368921, 45.335447026777246 ], [ 29.689210745890826, 45.335253689643984 ], [ 29.689484918804368, 45.337032548117513 ], [ 29.694803650104838, 45.338424517570196 ], [ 29.695352432418286, 45.341982177512108 ], [ 29.700671755217495, 45.343373825644747 ], [ 29.701220999793204, 45.346931426679681 ], [ 29.703743562284245, 45.346737730655569 ], [ 29.704293063701702, 45.350295300359633 ], [ 29.706815754882463, 45.350101525358788 ], [ 29.707365513214892, 45.353659063718169 ], [ 29.709888333094625, 45.353465209725883 ], [ 29.710438348415298, 45.357022716726824 ], [ 29.712961297003236, 45.356828783728361 ], [ 29.713786744093621, 45.362164994376833 ], [ 29.716309898604813, 45.361970970391049 ], [ 29.71741116317958, 45.369085843962715 ], [ 29.719934600883033, 45.368891716991904 ], [ 29.722414645339786, 45.384899965642802 ], [ 29.724938752700133, 45.384705675744371 ], [ 29.725766129205265, 45.390041689078267 ], [ 29.723241789931102, 45.390236014929002 ], [ 29.72572461412938, 45.406244061934331 ], [ 29.723199552967433, 45.406438440501674 ], [ 29.724303390679459, 45.413553127438107 ], [ 29.721777994164125, 45.41374749877054 ], [ 29.722881934554856, 45.420862203766291 ], [ 29.720356202557745, 45.421056567847494 ], [ 29.72118419615628, 45.426392612941129 ], [ 29.718658206019082, 45.426586957767846 ], [ 29.719210175701349, 45.430144335796889 ], [ 29.716684004837528, 45.430338649369062 ], [ 29.717235922655796, 45.433896043897469 ], [ 29.714709571032611, 45.434090326203282 ], [ 29.713286718508122, 45.441399415777511 ], [ 29.708509056829893, 45.443566534913749 ], [ 29.709060715269402, 45.44712399915035 ], [ 29.706533717845939, 45.447318144296993 ], [ 29.70680950815542, 45.449096885591999 ], [ 29.704282407400495, 45.449290987442247 ], [ 29.702306628488611, 45.453042558899128 ], [ 29.704833910165629, 45.452848488382692 ], [ 29.705109700194956, 45.454627236055906 ], [ 29.707637033695317, 45.454433098285612 ], [ 29.707912927088891, 45.456211832119109 ], [ 29.710440312406721, 45.456017627089061 ], [ 29.710716309178586, 45.457796347077903 ], [ 29.713243746307999, 45.457602074782216 ], [ 29.713519846472185, 45.459380780921407 ], [ 29.718851079712781, 45.460770726794152 ], [ 29.719403719512815, 45.464328081774752 ], [ 29.724735547848613, 45.465717704925403 ], [ 29.728369868393088, 45.472637632245629 ], [ 29.733702680134829, 45.474026758168925 ], [ 29.734256509844229, 45.477583963155197 ], [ 29.736784671842791, 45.477389104455845 ], [ 29.737338760407791, 45.480946277906256 ], [ 29.739867051849902, 45.480751339849427 ], [ 29.74042139934442, 45.484308481750048 ], [ 29.742949820239343, 45.484113464320941 ], [ 29.743504426737267, 45.487670574657884 ], [ 29.746032977094231, 45.487475477841734 ], [ 29.746587842669513, 45.491032556601105 ], [ 29.749116522497776, 45.490837380383141 ], [ 29.749949248502915, 45.496172948315206 ], [ 29.752478135531803, 45.495977680638099 ], [ 29.753589111101025, 45.503091696715003 ], [ 29.756118283114244, 45.502896325504786 ], [ 29.75862019748882, 45.518902643123567 ], [ 29.76115004352565, 45.51870710805624 ], [ 29.761428241785104, 45.520485566315848 ], [ 29.758898317935675, 45.520681113442791 ], [ 29.76140257245045, 45.536687261523255 ], [ 29.758871921941008, 45.536882861802908 ], [ 29.759985289006831, 45.543996704642453 ], [ 29.75745430087655, 45.544192297749305 ], [ 29.758289365756539, 45.549527696276968 ], [ 29.755758117817194, 45.549723270132453 ], [ 29.75631480202517, 45.553280217184927 ], [ 29.753783372160822, 45.553475759713812 ], [ 29.754340004586684, 45.557032723349636 ], [ 29.7518083927643, 45.55722823454002 ], [ 29.75038970830186, 45.564537691393753 ], [ 29.745603877998921, 45.566707052551081 ], [ 29.746160250859567, 45.570264086264636 ], [ 29.743627988911062, 45.570459459931762 ], [ 29.743906136343536, 45.572237986015615 ], [ 29.741373770335468, 45.572433316238801 ], [ 29.741651865743979, 45.574211852488808 ], [ 29.739119395670421, 45.574407139260614 ], [ 29.73939743904084, 45.576185685674737 ], [ 29.736864864895836, 45.576380928987717 ], [ 29.737142856214039, 45.578159485563923 ], [ 29.734610177991637, 45.578354685410645 ], [ 29.732633222109165, 45.582106985414342 ], [ 29.7478299941824, 45.580935142224561 ], [ 29.748108375875496, 45.582713644960627 ], [ 29.768369904394756, 45.581147982335118 ], [ 29.768090898176037, 45.579369576158754 ], [ 29.773155863302932, 45.578977629637542 ], [ 29.772876727098023, 45.577199245743728 ], [ 29.777941431687807, 45.576807101430113 ], [ 29.777662165533943, 45.575028739829364 ], [ 29.785258792382287, 45.574440143503082 ], [ 29.784979318303449, 45.572661816308724 ], [ 29.795107476019435, 45.571876292936835 ], [ 29.79482771608772, 45.570098012289932 ], [ 29.817613837506048, 45.568327449004016 ], [ 29.817333401991984, 45.566549275641975 ], [ 29.819864984245406, 45.566352281247369 ], [ 29.820145497716648, 45.568130442461417 ], [ 29.842929258080041, 45.56635488841566 ], [ 29.843210499331636, 45.568132938236744 ], [ 29.853336243249597, 45.567342312893004 ], [ 29.853617822552007, 45.569120312051488 ], [ 29.861212087806951, 45.568526724366187 ], [ 29.861493927244162, 45.570304685009489 ], [ 29.866556794829553, 45.569908658294636 ], [ 29.866838816491487, 45.571686592602369 ], [ 29.871901734437081, 45.571290319717164 ], [ 29.872183938342872, 45.573068227672806 ], [ 29.882592311217937, 45.57405282491483 ], [ 29.885689100016862, 45.577410043130527 ], [ 29.890752271635911, 45.577012896281438 ], [ 29.891035126771985, 45.57879071091164 ], [ 29.89356675084364, 45.5785920420821 ], [ 29.896664449874301, 45.581948892291308 ], [ 29.901727877437299, 45.581551228412003 ], [ 29.902011123758292, 45.583328988241533 ], [ 29.904542875755062, 45.583130060875519 ], [ 29.904826226520431, 45.584907806510813 ], [ 29.90735802996743, 45.584708811433956 ], [ 29.90764148519127, 45.586486542870013 ], [ 29.910173340082419, 45.586287480076415 ], [ 29.910456899778818, 45.588065197308218 ], [ 29.912988806108054, 45.587866066792017 ], [ 29.913272470291098, 45.589643769814508 ], [ 29.915804428052365, 45.589444571569828 ], [ 29.91608819673613, 45.591222260378018 ], [ 29.918620205923364, 45.591022994398955 ], [ 29.918904079121955, 45.59280066898782 ], [ 29.921436139729071, 45.592601335268505 ], [ 29.921720117456552, 45.594378995633001 ], [ 29.927068475176682, 45.595757771085239 ], [ 29.92763687541456, 45.599313032948558 ], [ 29.932985830443304, 45.600691482349653 ], [ 29.933554702223095, 45.604246683363129 ], [ 29.93608717583848, 45.604046986234692 ], [ 29.93665631008238, 45.607602154864018 ], [ 29.939188913103742, 45.607402377636745 ], [ 29.939758309886397, 45.610957513867795 ], [ 29.94229104232269, 45.610757656526893 ], [ 29.942860701718764, 45.61431276034552 ], [ 29.945393563578936, 45.614112822876173 ], [ 29.945963485663121, 45.617667894268223 ], [ 29.948496476956159, 45.617467876655539 ], [ 29.949351794237174, 45.622800432163835 ], [ 29.951884993037805, 45.622600322057714 ], [ 29.953026101915928, 45.629710319474455 ], [ 29.955559586353218, 45.629510104507915 ], [ 29.958129346539835, 45.645507373640143 ], [ 29.960663507381689, 45.64530699202399 ], [ 29.96094924806707, 45.647084444272551 ], [ 29.958415009066723, 45.647284838241362 ], [ 29.960987175236323, 45.663281931881777 ], [ 29.958452205729479, 45.663482381485537 ], [ 29.959595773407763, 45.670592199580994 ], [ 29.957060464162229, 45.670792643028904 ], [ 29.957918186156231, 45.676125023183047 ], [ 29.955382615329235, 45.676325448103412 ], [ 29.955954407251728, 45.679880383162441 ], [ 29.953418653073349, 45.680080777186738 ], [ 29.953990395453015, 45.683635729151007 ], [ 29.951454457889749, 45.683836092267377 ], [ 29.950061672885973, 45.69114637910058 ], [ 29.94527474228029, 45.693324440649803 ], [ 29.945846232587627, 45.696879464112726 ], [ 29.943309639533823, 45.697079691134768 ], [ 29.943595346442994, 45.698857212287535 ], [ 29.941058648248255, 45.699057396002686 ], [ 29.941344303519866, 45.700834927549032 ], [ 29.938807500178065, 45.70103506794981 ], [ 29.939093103797958, 45.702812609887715 ], [ 29.934304733602605, 45.704990313043766 ], [ 29.93487576089106, 45.70854543652834 ], [ 29.937412931402079, 45.708345358110464 ], [ 29.937698563599348, 45.710122904598961 ], [ 29.94023578579543, 45.709922758170144 ], [ 29.940807287347862, 45.713477820627425 ], [ 29.946167913048253, 45.714854814985024 ], [ 29.946739889065604, 45.718409816366751 ], [ 29.949277423197316, 45.718209441165499 ], [ 29.949849663322446, 45.721764410040606 ], [ 29.952387327596018, 45.72156395443924 ], [ 29.952959831904149, 45.725118890793517 ], [ 29.955497626328555, 45.72491835477711 ], [ 29.956070394894937, 45.728473258596352 ], [ 29.958608319479179, 45.728272642150003 ], [ 29.959181352379066, 45.731827513419972 ], [ 29.961719407132129, 45.731626816528816 ], [ 29.962579393378782, 45.736959071655505 ], [ 29.965117656834543, 45.736758281926953 ], [ 29.966264995386734, 45.743867878531908 ], [ 29.968803546133707, 45.743666983556423 ], [ 29.969951629026941, 45.750776499304614 ], [ 29.972490467147047, 45.750575499044672 ], [ 29.973064827146363, 45.754130220385051 ], [ 29.975603795526823, 45.753929139596231 ], [ 29.976178420369035, 45.75748382830497 ], [ 29.978717519018836, 45.757282666972394 ], [ 29.982406792461752, 45.764190704546579 ], [ 29.9849461516771, 45.763989382081704 ], [ 29.985233848107786, 45.765766678427767 ], [ 29.987773258988142, 45.765565287789343 ], [ 29.988061061012143, 45.767342569756515 ], [ 29.990600523551358, 45.767141110938624 ], [ 29.990888431182924, 45.768918378521818 ], [ 29.993427945374766, 45.768716851518576 ], [ 29.996543643355761, 45.772069748318252 ], [ 29.999083260834286, 45.771868084926609 ], [ 29.998795063304783, 45.770090858557289 ], [ 30.008952948517162, 45.76928369708024 ], [ 30.008664463493588, 45.767506518495715 ], [ 30.013743086683601, 45.767102628095863 ], [ 30.013454471474674, 45.765325472435208 ], [ 30.021071967589428, 45.764719256066158 ], [ 30.020783143642017, 45.762942135798326 ], [ 30.030939111855847, 45.762133116764097 ], [ 30.030650000666082, 45.760356044385816 ], [ 30.053498636682274, 45.758532603638727 ], [ 30.053208845641333, 45.756755641666174 ], [ 30.060824333596333, 45.756146862644123 ], [ 30.061114360227279, 45.757923787095329 ], [ 30.083960062798294, 45.75609432917846 ], [ 30.083669329565765, 45.75431751747174 ], [ 30.088745695956831, 45.753910383641063 ], [ 30.088454832983167, 45.752133595030045 ], [ 30.096068942761278, 45.751522514261502 ], [ 30.095777871615226, 45.749745761312262 ], [ 30.105929322395088, 45.748930257650755 ], [ 30.10563796469479, 45.747153552957144 ], [ 30.128476425864111, 45.745315526227934 ], [ 30.128184389611285, 45.74353893279153 ], [ 30.130721781336028, 45.743334441898803 ], [ 30.131013895999835, 45.745111022734363 ], [ 30.153849895255679, 45.743267987031814 ], [ 30.154142742898852, 45.745044452294259 ], [ 30.164291676768148, 45.744223828042394 ], [ 30.16458486539231, 45.746000240726197 ], [ 30.172196512693603, 45.745384150384616 ], [ 30.17248996392938, 45.747160523089939 ], [ 30.177564414841495, 45.746749492691372 ], [ 30.177858050326574, 45.748525838050682 ], [ 30.182932548014822, 45.748114559770755 ], [ 30.183226367768061, 45.749890877767392 ], [ 30.193669507242472, 45.750843868118885 ], [ 30.193963695588462, 45.752620131340109 ], [ 30.196501028172289, 45.752414148150706 ], [ 30.196795322457174, 45.754190396653108 ], [ 30.201870061714814, 45.753778237970906 ], [ 30.204996531598262, 45.757124489898352 ], [ 30.210071418929449, 45.756711946565467 ], [ 30.210366187907596, 45.758488125464986 ], [ 30.212903668564973, 45.758281757624871 ], [ 30.213198543546405, 45.760057921776948 ], [ 30.215736074986648, 45.75985148557811 ], [ 30.216031055985507, 45.761627634977621 ], [ 30.218568638202289, 45.761421130414206 ], [ 30.218863725232723, 45.763197265056064 ], [ 30.221401358219698, 45.762990692122202 ], [ 30.22169655129586, 45.764766812001319 ], [ 30.224234235046694, 45.764560170691162 ], [ 30.224529534182725, 45.766336275802416 ], [ 30.227067268691066, 45.766129566110109 ], [ 30.227362673901109, 45.76790565644842 ], [ 30.229900459160632, 45.767698878368101 ], [ 30.23019597045883, 45.769474953928381 ], [ 30.232733806463177, 45.769268107454181 ], [ 30.233029423863687, 45.771044168231313 ], [ 30.23556731060652, 45.770837253357413 ], [ 30.235863034123476, 45.772613299346268 ], [ 30.241234789446722, 45.773975295571411 ], [ 30.241826688749196, 45.777527326321028 ], [ 30.247199043867909, 45.778888991707269 ], [ 30.24779142333464, 45.782440959137404 ], [ 30.25032972057938, 45.782233676641646 ], [ 30.250922367957997, 45.785785610345954 ], [ 30.253460794377798, 45.78557824663401 ], [ 30.257185448776998, 45.792474567864033 ], [ 30.259724133572373, 45.792267041675046 ], [ 30.260020845459096, 45.794042958920528 ], [ 30.265098288648812, 45.793627713908784 ], [ 30.265395185327357, 45.795403603523987 ], [ 30.27047267426299, 45.794988110175467 ], [ 30.270769755752106, 45.796763972143673 ], [ 30.275847290365611, 45.796348230443073 ], [ 30.278980733390693, 45.799691916995151 ], [ 30.284058414892389, 45.79927578992217 ], [ 30.284355972426205, 45.801051581670123 ], [ 30.286894849872308, 45.800843421779589 ], [ 30.287192513787637, 45.802619198646333 ], [ 30.289731441854983, 45.802410970240786 ], [ 30.290029212165965, 45.804186732221197 ], [ 30.292568190848133, 45.803978435294795 ], [ 30.292866067568941, 45.805754182383751 ], [ 30.295405096859533, 45.805545816930625 ], [ 30.295703080004319, 45.807321549123031 ], [ 30.298242159896922, 45.807113115137305 ], [ 30.298540249479853, 45.808888832428046 ], [ 30.301079379968073, 45.808680329903922 ], [ 30.301377576003304, 45.81045603228786 ], [ 30.30391675708071, 45.810247461219461 ], [ 30.304215059582418, 45.81202314869148 ], [ 30.306754291242608, 45.811814509072988 ], [ 30.307052700224929, 45.813590181627951 ], [ 30.31242983074511, 45.814948354350051 ], [ 30.31302710269512, 45.818499637691865 ], [ 30.318404833584022, 45.819857478482909 ], [ 30.319002587675556, 45.823408697940295 ], [ 30.321542229266431, 45.823199689739809 ], [ 30.32214025251891, 45.826750875163974 ], [ 30.324680023232791, 45.826541785492815 ], [ 30.325278315722183, 45.830092936869171 ], [ 30.327818215567468, 45.829883765712431 ], [ 30.328416777369789, 45.833434883026385 ], [ 30.330956806354845, 45.833225630369149 ], [ 30.331555637546078, 45.836776713606099 ], [ 30.3340957956793, 45.836567379433419 ], [ 30.334694896335506, 45.840118428578769 ], [ 30.33723518362525, 45.839909012875736 ], [ 30.337834553822475, 45.843460027914887 ], [ 30.340374970277104, 45.843250530666545 ], [ 30.341274472146367, 45.848576998924386 ], [ 30.343815096418101, 45.848367407208194 ], [ 30.345015140344753, 45.855469284125519 ], [ 30.35009693380518, 45.855049830110254 ], [ 30.350397172434789, 45.856825268302764 ], [ 30.35293810563261, 45.856615444723921 ], [ 30.353238451079196, 45.858390867910565 ], [ 30.355779434803125, 45.858180975638398 ], [ 30.356079887080867, 45.85995638381403 ], [ 30.35862092132443, 45.85974642284269 ], [ 30.358921480447513, 45.861521816002146 ], [ 30.361462565204253, 45.861311786325793 ], [ 30.361763231186874, 45.86308716446397 ], [ 30.364304366450295, 45.862877066076756 ], [ 30.364605139306651, 45.864652429188517 ], [ 30.367146325070291, 45.864442262084573 ], [ 30.36744720481456, 45.866217610164774 ], [ 30.369988441071936, 45.866007374338281 ], [ 30.370289427718301, 45.867782707381764 ], [ 30.375673145250985, 45.869137347539322 ], [ 30.376275574470608, 45.872687951356291 ], [ 30.381659893445857, 45.874042258437278 ], [ 30.382262807004448, 45.877592797844528 ], [ 30.384804453078512, 45.877382192380587 ], [ 30.385407637152635, 45.880932697468737 ], [ 30.387949412426348, 45.880722010265018 ], [ 30.388552867092312, 45.884272481019387 ], [ 30.391094771573954, 45.884061712060948 ], [ 30.391698496908042, 45.887612148466857 ], [ 30.394240530605941, 45.887401297738776 ], [ 30.394844526684487, 45.890951699781546 ], [ 30.397386689606904, 45.890740767268845 ], [ 30.397990956506263, 45.894291134933781 ], [ 30.400533248661485, 45.89408012062151 ], [ 30.401137786458023, 45.897630453893917 ], [ 30.403680207854325, 45.89741935776712 ], [ 30.404285016624417, 45.90096965663232 ], [ 30.406827567270071, 45.900758478676067 ], [ 30.407735229552568, 45.906083872184617 ], [ 30.410277988276757, 45.905872599374568 ], [ 30.411488917240181, 45.912973042543655 ], [ 30.41403196292622, 45.912761661838154 ], [ 30.41675892432599, 45.928737418565845 ], [ 30.419302651517292, 45.928525864801941 ], [ 30.419605868245373, 45.93030092531496 ], [ 30.41706206214014, 45.930512492106303 ], [ 30.419184823135531, 45.942937947832498 ], [ 30.424273512076876, 45.942514575917031 ], [ 30.424577035382026, 45.944289606510551 ], [ 30.427121416115924, 45.944077823658759 ], [ 30.427425046865569, 45.94585283909889 ], [ 30.429969478087465, 45.945640987298901 ], [ 30.430273216295834, 45.94741598758047 ], [ 30.432817697999159, 45.94720406682643 ], [ 30.433121543680521, 45.948979051944278 ], [ 30.435666075858705, 45.948767062230331 ], [ 30.435970029027288, 45.950542032179271 ], [ 30.438514611673785, 45.950329973499585 ], [ 30.438818672343846, 45.95210492827448 ], [ 30.441363305452064, 45.951892800623177 ], [ 30.441667473637846, 45.953667740218833 ], [ 30.444212157201235, 45.953455543590081 ], [ 30.444516432916981, 45.955230468001346 ], [ 30.449910334642929, 45.956580777009798 ], [ 30.450519344846438, 45.960130562942638 ], [ 30.455913850038254, 45.961480537292488 ], [ 30.456523347760278, 45.965030258166948 ], [ 30.459068441535312, 45.964817690388045 ], [ 30.45937331231378, 45.966592534551346 ], [ 30.46191845651218, 45.966379897751587 ], [ 30.462223434926926, 45.968154726697442 ], [ 30.467618960632716, 45.969504059735144 ], [ 30.468229376728708, 45.973053654598424 ], [ 30.473625506129189, 45.974402652678094 ], [ 30.47739314160123, 45.98128866902568 ], [ 30.479938825386803, 45.981075578621635 ], [ 30.483096088476998, 45.984411866160599 ], [ 30.488187628884461, 45.983985353089842 ], [ 30.488493634088208, 45.985760040576068 ], [ 30.498983036825351, 45.986680923245586 ], [ 30.502141752060751, 45.990016565545126 ], [ 30.507233522805556, 45.989589163961185 ], [ 30.50754019656096, 45.991363750864814 ], [ 30.510086117856421, 45.991149952978994 ], [ 30.510392899480024, 45.9929245245781 ], [ 30.512938871076027, 45.992710657570363 ], [ 30.513245760582087, 45.99448521385974 ], [ 30.515791782471979, 45.994271277724273 ], [ 30.516098779874746, 45.99604581869874 ], [ 30.518644852051889, 45.995831813429682 ], [ 30.518951957365633, 45.997606339084058 ], [ 30.521498079823395, 45.997392264675582 ], [ 30.521805293062368, 45.999166775004667 ], [ 30.524351465794091, 45.998952631450926 ], [ 30.524658786972562, 46.000727126449533 ], [ 30.527205009971613, 46.0005129137447 ], [ 30.527512439103837, 46.002287393407634 ], [ 30.532912572977558, 46.003633224843327 ], [ 30.533527892015286, 46.007182120644636 ], [ 30.536074344900261, 46.006967687250956 ], [ 30.53638212686247, 46.008742118723937 ], [ 30.538928629991958, 46.008527616151596 ], [ 30.539236519975429, 46.010302032267148 ], [ 30.541783073342767, 46.01008746051032 ], [ 30.542091071361781, 46.011861861263206 ], [ 30.547492434852181, 46.013206895557758 ], [ 30.548108892046255, 46.016755633425646 ], [ 30.550655675237163, 46.01654084085817 ], [ 30.550964026387163, 46.018315193334779 ], [ 30.553510859793075, 46.01810033155531 ], [ 30.553819319046131, 46.019874668647446 ], [ 30.556366202660342, 46.019659737650116 ], [ 30.556674770030753, 46.021434059352586 ], [ 30.5620773633594, 46.022778295988616 ], [ 30.562694959639188, 46.026326875642233 ], [ 30.568098157377484, 46.027670775877127 ], [ 30.568716244360672, 46.031219289569997 ], [ 30.571263537290765, 46.031003985890621 ], [ 30.571881898723774, 46.034552464419441 ], [ 30.574429321031406, 46.034337078220801 ], [ 30.575047956991405, 46.037885521570587 ], [ 30.57759550868461, 46.037670052837683 ], [ 30.578214419248791, 46.041218460993527 ], [ 30.580762100335594, 46.041002909711317 ], [ 30.581690921802853, 46.046325465878652 ], [ 30.584238811532938, 46.046109818758254 ], [ 30.58547796419521, 46.053206476843762 ], [ 30.588026141872476, 46.052990720578727 ], [ 30.588646051291139, 46.05653901003484 ], [ 30.591194358418825, 46.056323171160415 ], [ 30.59181454283382, 46.059871425355354 ], [ 30.594362979419916, 46.059655503856504 ], [ 30.594983438908585, 46.063203722775349 ], [ 30.597532004961103, 46.062987718637054 ], [ 30.598152739600774, 46.06653590226481 ], [ 30.600701435127682, 46.066319815472021 ], [ 30.601632993668527, 46.071642034689454 ], [ 30.604181898006534, 46.071425851920687 ], [ 30.60511395704938, 46.076748011620545 ], [ 30.607663070235489, 46.076531732849915 ], [ 30.608284747544722, 46.080079801797389 ], [ 30.610833990251049, 46.079863440317126 ], [ 30.611144952061078, 46.081637458203261 ], [ 30.613694244926933, 46.081421027320673 ], [ 30.614005315310955, 46.08319502970371 ], [ 30.616554658329594, 46.082978529412919 ], [ 30.616865837301923, 46.084752516287686 ], [ 30.619415230466618, 46.084535946582918 ], [ 30.619726518041542, 46.086309917944135 ], [ 30.622275961345537, 46.086093278819519 ], [ 30.622587357537363, 46.087867234662006 ], [ 30.627997899359304, 46.089207688448376 ], [ 30.628621155564982, 46.092755535840048 ], [ 30.631170828637675, 46.092538675073413 ], [ 30.631482580045141, 46.09431258214029 ], [ 30.636893936624045, 46.095652543785214 ], [ 30.637517903509831, 46.099200293555498 ], [ 30.642929866048508, 46.100539917349927 ], [ 30.643554326489795, 46.104087600518163 ], [ 30.646104408916884, 46.103870365716929 ], [ 30.64672914555409, 46.107418013371387 ], [ 30.649279357506352, 46.107200695710148 ], [ 30.649904370417076, 46.11074830783577 ], [ 30.652454711902408, 46.110530907299434 ], [ 30.653080001164305, 46.114078483881187 ], [ 30.655630472190612, 46.113861000454726 ], [ 30.656568864805628, 46.119182308692409 ], [ 30.659119544856207, 46.118964728969758 ], [ 30.66037146446596, 46.126059722274782 ], [ 30.662922433078361, 46.125842032832253 ], [ 30.665114981565864, 46.138258092614159 ], [ 30.66766647744101, 46.138040253194873 ], [ 30.668606821329593, 46.143361348422154 ], [ 30.671158526430283, 46.143143412599393 ], [ 30.672413049066371, 46.150238121727668 ], [ 30.674965043020325, 46.150020076055888 ], [ 30.675906483345564, 46.155341044486114 ], [ 30.68132489204514, 46.156678328898693 ], [ 30.681953043918664, 46.160225572022767 ], [ 30.687372060072907, 46.161562517545335 ], [ 30.691182195645229, 46.168438386486642 ], [ 30.69660221759332, 46.169774808914838 ], [ 30.697231638695975, 46.173321882210828 ], [ 30.69978451119005, 46.173103198748557 ], [ 30.700414209984853, 46.176650236266802 ], [ 30.702967212228604, 46.176431469658084 ], [ 30.703597188793569, 46.179978471383514 ], [ 30.706150320794844, 46.179759621613215 ], [ 30.70678057520799, 46.183306587530673 ], [ 30.709333836974633, 46.183087654583737 ], [ 30.709964369313965, 46.186634584678075 ], [ 30.712517760853807, 46.18641556853941 ], [ 30.713464020851259, 46.191735906592072 ], [ 30.716017621897951, 46.191516793762304 ], [ 30.716648769660253, 46.195063647720602 ], [ 30.719202500506743, 46.194844451663855 ], [ 30.719833926457571, 46.198391269751056 ], [ 30.722387787111678, 46.198171990452245 ], [ 30.723335387988364, 46.203492160416232 ], [ 30.725889458223737, 46.203272784359953 ], [ 30.727153661079473, 46.210366259148344 ], [ 30.729708020724111, 46.210146772801465 ], [ 30.732238492086221, 46.224333507387094 ], [ 30.734793460558294, 46.224113856647158 ], [ 30.735426535648291, 46.227660490966649 ], [ 30.74085344461394, 46.228994253245716 ], [ 30.741487017852513, 46.232540820076167 ], [ 30.744042296281993, 46.232320932779281 ], [ 30.744676148481862, 46.235867463612031 ], [ 30.747231556861138, 46.235647492926873 ], [ 30.747865688100614, 46.239193987746717 ], [ 30.750421226437485, 46.238973933658173 ], [ 30.751055636794934, 46.242520392449883 ], [ 30.753611305097163, 46.242300254942819 ], [ 30.754245994650955, 46.245846677691198 ], [ 30.756801792926339, 46.2456264567505 ], [ 30.757436761754828, 46.249172843440299 ], [ 30.759992690011142, 46.248952539050855 ], [ 30.760627938192748, 46.252498889666811 ], [ 30.763183996437757, 46.252278501813493 ], [ 30.763819524050906, 46.25582481634045 ], [ 30.766375712292362, 46.255604345008081 ], [ 30.76701151941549, 46.259150623430756 ], [ 30.76956783766116, 46.258930068604286 ], [ 30.770522012616716, 46.264249428692388 ], [ 30.773078540850992, 46.26402877677863 ], [ 30.774351513141021, 46.27112117114887 ], [ 30.776908331402769, 46.270900408536953 ], [ 30.779456354137434, 46.285084980728108 ], [ 30.782013782688761, 46.284864053004213 ], [ 30.782651248298993, 46.288410146374297 ], [ 30.785208806984112, 46.288189135050068 ], [ 30.785846552751899, 46.291735192216521 ], [ 30.788404241578515, 46.291514097276817 ], [ 30.789042267582531, 46.295060118224377 ], [ 30.791600086558397, 46.294838939654042 ], [ 30.792238392877266, 46.298384924367383 ], [ 30.794796342010127, 46.298163662151282 ], [ 30.798631875204769, 46.305034176937227 ], [ 30.80119008467474, 46.304812747384091 ], [ 30.801509643501532, 46.306585686472452 ], [ 30.804067903018687, 46.306364186858666 ], [ 30.804387572060485, 46.308137110058752 ], [ 30.806945881617828, 46.307915540378445 ], [ 30.807265660889076, 46.309688447684955 ], [ 30.809824020479624, 46.30946680793231 ], [ 30.810143909994757, 46.31123969933995 ], [ 30.812702319611525, 46.311017989509118 ], [ 30.813022319385016, 46.31279086501258 ], [ 30.815580779021019, 46.312569085097678 ], [ 30.815900889067283, 46.314341944691684 ], [ 30.818459398715522, 46.31412009468692 ], [ 30.818779619049046, 46.315892938366147 ], [ 30.824217118989466, 46.317221855822744 ], [ 30.82485803106, 46.320767477224017 ], [ 30.83029614211998, 46.322096052794535 ], [ 30.830937555945308, 46.325641605923245 ], [ 30.833496475897437, 46.325419378034866 ], [ 30.834138170884497, 46.328964894738071 ], [ 30.836697221002701, 46.328742583037538 ], [ 30.837339197230346, 46.332288063299877 ], [ 30.839898377522285, 46.332065667771985 ], [ 30.840540635069402, 46.335611111578125 ], [ 30.843099945542722, 46.335388632207732 ], [ 30.844063799339128, 46.340706739798641 ], [ 30.84662332022997, 46.340484162875647 ], [ 30.847587687066319, 46.345802208908133 ], [ 30.850147418411456, 46.345579534406333 ], [ 30.854637633898559, 46.355992669563328 ], [ 30.857197786262631, 46.355769799825204 ], [ 30.858485723239081, 46.36286027682268 ], [ 30.861046166476271, 46.362637295707373 ], [ 30.863624139294288, 46.376818030434478 ], [ 30.866185194893124, 46.37659488298835 ], [ 30.867475231519716, 46.383685140635194 ], [ 30.870036578254307, 46.383461881706396 ], [ 30.871327422719691, 46.390552047839584 ], [ 30.873889060670521, 46.390328677389043 ], [ 30.875180713418757, 46.397418751953403 ], [ 30.877742642666291, 46.397195269941996 ], [ 30.88065136619392, 46.413147680029532 ], [ 30.883213989251377, 46.412924017618337 ], [ 30.883537413566618, 46.414696482412616 ], [ 30.88097471000086, 46.414920158586369 ], [ 30.882591886212914, 46.423782516995608 ], [ 30.8851549924292, 46.423558771995907 ], [ 30.885802237440739, 46.427103671777424 ], [ 30.883238970113386, 46.427327444313605 ], [ 30.886152357756043, 46.443279503721207 ], [ 30.883588334538587, 46.443503343551264 ], [ 30.88488364454615, 46.450593143177045 ], [ 30.882319268205876, 46.450816981429725 ], [ 30.883290829316827, 46.456134348378967 ], [ 30.880726180409589, 46.456358171266075 ], [ 30.881373879121213, 46.459903098640474 ], [ 30.878809038279023, 46.460126892376095 ], [ 30.880104479329383, 46.467216774685134 ], [ 30.877539285049437, 46.467440566798643 ], [ 30.878510944320595, 46.472757995760489 ], [ 30.87594547723484, 46.472981772465921 ], [ 30.87659324128494, 46.476526741180834 ], [ 30.881724467991667, 46.47607907595058 ], [ 30.884938406460407, 46.479400035118218 ], [ 30.890069772854289, 46.478951974364769 ], [ 30.89039416577512, 46.480724381787411 ], [ 30.892959883865061, 46.480500252519107 ], [ 30.896174772149855, 46.483820819287736 ], [ 30.906762831614977, 46.484695715242026 ], [ 30.909978800811622, 46.488015805029768 ], [ 30.915110585315972, 46.487566557369263 ], [ 30.915435889173263, 46.489338826704682 ], [ 30.926025070815538, 46.490211806918772 ], [ 30.92635075925406, 46.491984016302439 ], [ 30.928916725045642, 46.49175903891026 ], [ 30.929242525005773, 46.493531232138871 ], [ 30.934374525985287, 46.493081079444401 ], [ 30.937592657302957, 46.496400214399166 ], [ 30.945290820627825, 46.49572430645236 ], [ 30.945617197652719, 46.497496409595186 ], [ 30.950749314222669, 46.497045492862604 ], [ 30.951075883639287, 46.498817565942325 ], [ 30.956208038594518, 46.498366394501268 ], [ 30.956534800421238, 46.500138437500659 ], [ 30.961666993689292, 46.499687011336633 ], [ 30.961993947944471, 46.501459024238393 ], [ 30.967126179452887, 46.501007343336859 ], [ 30.967453326154903, 46.502779326123786 ], [ 30.975151684361993, 46.502101337537212 ], [ 30.97547910432667, 46.503873276284253 ], [ 30.980611350321297, 46.503420972388952 ], [ 30.98093896276961, 46.505192880978989 ], [ 30.988637342368524, 46.504513957862152 ], [ 30.988965228112832, 46.506285822351479 ], [ 30.994097488143641, 46.50583289540964 ], [ 30.994425566408328, 46.507604729699814 ], [ 30.99955786424422, 46.507151547948766 ], [ 30.999886135047593, 46.508923352022549 ], [ 31.005018470616015, 46.508469915447883 ], [ 31.005346933976362, 46.510241689287959 ], [ 31.013045447326153, 46.509561067069725 ], [ 31.013374184052484, 46.511332796698525 ], [ 31.018506532843919, 46.510878736967605 ], [ 31.018835462163885, 46.512650436320556 ], [ 31.023967848433703, 46.512196121723072 ], [ 31.02429697036558, 46.513967790782907 ], [ 31.034891169611914, 46.514830035680099 ], [ 31.038116560587529, 46.518145724900982 ], [ 31.043249158250593, 46.517690504156683 ], [ 31.046475226667607, 46.521005901761391 ], [ 31.05160796082524, 46.520550284590833 ], [ 31.05193807722636, 46.522321799568743 ], [ 31.054504478399753, 46.522093891866248 ], [ 31.054834706742209, 46.523865390467691 ], [ 31.057401157567163, 46.523637412009116 ], [ 31.06062845060357, 46.526952310840635 ], [ 31.065761519636766, 46.526496014125748 ], [ 31.066092164699775, 46.528267449530418 ], [ 31.068658733245517, 46.528039202028587 ], [ 31.068989490311743, 46.529810621031032 ], [ 31.071556108469061, 46.529582302748217 ], [ 31.071886977553078, 46.531353705343037 ], [ 31.074453645314712, 46.531125316273403 ], [ 31.07768243695298, 46.53443961235633 ], [ 31.08794931726958, 46.533525149253286 ], [ 31.088280764954728, 46.535296460403437 ], [ 31.111380143247022, 46.533235472609071 ], [ 31.111712349448847, 46.535006654629456 ], [ 31.121978248603689, 46.5340891286694 ], [ 31.12231080929779, 46.535860251881999 ], [ 31.130010146685208, 46.535171469464316 ], [ 31.130342981098693, 46.536942547934288 ], [ 31.135475877298632, 46.536483047795031 ], [ 31.135808904669656, 46.538254095620616 ], [ 31.140941836783394, 46.537794340329576 ], [ 31.141275057130077, 46.539565357493494 ], [ 31.146408025084675, 46.539105347036454 ], [ 31.146741438425124, 46.540876333521368 ], [ 31.15734108791743, 46.541726502841037 ], [ 31.15767488729961, 46.543497427916101 ], [ 31.160241440565613, 46.543267068256178 ], [ 31.160575352216235, 46.545037976769336 ], [ 31.165708525818896, 46.544577058948441 ], [ 31.166042630535639, 46.546347936721048 ], [ 31.171175839650715, 46.545886763662573 ], [ 31.170841573378706, 46.544115914246532 ], [ 31.178540908260896, 46.543423771823676 ], [ 31.178206431230596, 46.541652962564036 ], [ 31.188471446387659, 46.540729368843039 ], [ 31.188136677936569, 46.538958613966663 ], [ 31.211230387890502, 46.536877339260563 ], [ 31.210894924619424, 46.535106709936315 ], [ 31.213460653626942, 46.534875187997812 ], [ 31.213796197589463, 46.536645803087573 ], [ 31.249714207731973, 46.533398346215236 ], [ 31.249377534476718, 46.531627930761424 ], [ 31.251942788157649, 46.531395558882181 ], [ 31.252279542048964, 46.533165960051072 ], [ 31.275366121276118, 46.531071935479183 ], [ 31.275703632540822, 46.532842205494866 ], [ 31.285963829937391, 46.531909998022023 ], [ 31.28630169545302, 46.533680208298293 ], [ 31.293996750906555, 46.532980415051064 ], [ 31.294334890080574, 46.534750579871456 ], [ 31.309724623722126, 46.533349378330939 ], [ 31.30938600103498, 46.531579299629485 ], [ 31.332467721350017, 46.529473804925125 ], [ 31.332128405626122, 46.527703853170507 ], [ 31.337257164131206, 46.527235371590393 ], [ 31.337596640914967, 46.529005294553265 ], [ 31.360675194298494, 46.526894196520153 ], [ 31.361015427728681, 46.528663987285896 ], [ 31.371272051249999, 46.527724192564293 ], [ 31.371612638743954, 46.529493923109804 ], [ 31.379305010881733, 46.528788439657205 ], [ 31.379645871954882, 46.530558124378565 ], [ 31.38477412043008, 46.530087490283073 ], [ 31.385115174609791, 46.531857143609301 ], [ 31.39024345550256, 46.531386254283873 ], [ 31.3905847028065, 46.533155876197661 ], [ 31.401182801997482, 46.533982922285745 ], [ 31.401524435602848, 46.535752481322689 ], [ 31.404088640557365, 46.535516682060944 ], [ 31.404430386851175, 46.537286224125545 ], [ 31.409558861117006, 46.536814426892654 ], [ 31.409900800605904, 46.53858393748316 ], [ 31.417593511780101, 46.537875773822698 ], [ 31.417935724969848, 46.539645238414472 ], [ 31.428192543628008, 46.538700170138462 ], [ 31.428535111012241, 46.540469574173983 ], [ 31.436227627515471, 46.539760135412493 ], [ 31.436570468623017, 46.541529493366525 ], [ 31.441698812387568, 46.541056222285519 ], [ 31.442041846759437, 46.542825548665668 ], [ 31.447170222172485, 46.542352022233061 ], [ 31.447513449826246, 46.544121317021975 ], [ 31.452641856814385, 46.543647535224039 ], [ 31.45298527776761, 46.545416798404446 ], [ 31.458113716257429, 46.544942761227468 ], [ 31.458457330527683, 46.546711992781987 ], [ 31.463929608050574, 46.548006900123632 ], [ 31.463585800445749, 46.546237700212295 ], [ 31.466149986814656, 46.546000469080873 ], [ 31.464087338691829, 46.535385304398858 ], [ 31.461523634997075, 46.535622448105464 ], [ 31.461180054083822, 46.533853230650131 ], [ 31.463743677358117, 46.5336161015111 ], [ 31.460652181851831, 46.517693162770151 ], [ 31.463215049323505, 46.517456108189414 ], [ 31.461841571060209, 46.510379239652551 ], [ 31.464404084861535, 46.510142186819941 ], [ 31.463374074779157, 46.504834552805931 ], [ 31.465936315334929, 46.504597487173392 ], [ 31.465249643040792, 46.501059081099079 ], [ 31.46781169069973, 46.500821988116805 ], [ 31.467124987197593, 46.497283601150009 ], [ 31.469686841996314, 46.49704648082956 ], [ 31.470875003482995, 46.489732616576511 ], [ 31.475654414687341, 46.487489061213331 ], [ 31.474967522033758, 46.483950755703496 ], [ 31.477528685942687, 46.483713511573995 ], [ 31.477185207931562, 46.48194436963027 ], [ 31.47974625931931, 46.481707083644551 ], [ 31.479402733470014, 46.47993795376739 ], [ 31.481963672344079, 46.47970062593312 ], [ 31.48162009867098, 46.477931508124257 ], [ 31.484180925038881, 46.477694138448996 ], [ 31.483837303556346, 46.475925032710187 ], [ 31.4863980174256, 46.475687621201594 ], [ 31.486054348147952, 46.473918527534551 ], [ 31.488614949526074, 46.473681074200236 ], [ 31.488271232467685, 46.471911992606728 ], [ 31.490831721362191, 46.47167449745433 ], [ 31.490487956537418, 46.469905427936062 ], [ 31.493048332955812, 46.46966789097317 ], [ 31.494920924014284, 46.465892209403663 ], [ 31.500041194621236, 46.46541691189713 ], [ 31.501913177342608, 46.461641167883521 ], [ 31.507032933381694, 46.461165590505772 ], [ 31.506688769821565, 46.459396610596706 ], [ 31.511808236190348, 46.458920836957532 ], [ 31.511463944929019, 46.457151883749788 ], [ 31.516583121614627, 46.456675913888979 ], [ 31.516238702692029, 46.454906987392434 ], [ 31.521357589681589, 46.454430821349781 ], [ 31.521013043137643, 46.452661921574347 ], [ 31.528690890411291, 46.451947293783199 ], [ 31.528346136291066, 46.450178435370141 ], [ 31.538582491838675, 46.449224868119714 ], [ 31.538237450242569, 46.447456065737512 ], [ 31.558707962868869, 46.445546344815448 ], [ 31.558362314146638, 46.443777657168312 ], [ 31.560920902031185, 46.443538703306359 ], [ 31.560229542288077, 46.440001349750503 ], [ 31.562787937815717, 46.439762368932229 ], [ 31.5624422268125, 46.437993703024546 ], [ 31.565000509915194, 46.437754680585655 ], [ 31.564654751535119, 46.435986026817744 ], [ 31.567212922220406, 46.435746962765847 ], [ 31.56686711647777, 46.433978321139406 ], [ 31.569425174753203, 46.433739215482099 ], [ 31.569079321662265, 46.43197058599889 ], [ 31.571637267535404, 46.431731438743782 ], [ 31.571291367110454, 46.429962821405503 ], [ 31.573849200588811, 46.429723632560204 ], [ 31.57350325284412, 46.427955027368569 ], [ 31.576060973935284, 46.427715796940667 ], [ 31.575714978885134, 46.425947203897429 ], [ 31.57827258759664, 46.425707931894557 ], [ 31.580137951976397, 46.42193146868982 ], [ 31.585252687373366, 46.421452702179224 ], [ 31.587117445827051, 46.41767617763044 ], [ 31.592231666678483, 46.417197132458426 ], [ 31.591885275753658, 46.415428629592434 ], [ 31.596999206764384, 46.414949388897909 ], [ 31.596652688877374, 46.413180912907592 ], [ 31.601766330034849, 46.412701476730355 ], [ 31.601419685225476, 46.410933027625518 ], [ 31.60653303651717, 46.410453396005302 ], [ 31.606186264825268, 46.408684973795779 ], [ 31.611299326238651, 46.408205146772382 ], [ 31.610952427704031, 46.406436751467993 ], [ 31.616065199226643, 46.405956729081176 ], [ 31.61571817388915, 46.404188360691769 ], [ 31.623386847367108, 46.403467949834344 ], [ 31.623039615579589, 46.401699623113778 ], [ 31.633263737797787, 46.400738347634821 ], [ 31.632916219968486, 46.398970077364055 ], [ 31.655917866365051, 46.39680405408324 ], [ 31.655569664452205, 46.395035914201756 ], [ 31.658125159773821, 46.394794978907839 ], [ 31.658473441306391, 46.396563104000663 ], [ 31.681472141828777, 46.394392026332973 ], [ 31.681821172567552, 46.396160015601552 ], [ 31.686582603555756, 46.393908947019575 ], [ 31.686931793468474, 46.395676906639331 ], [ 31.709927962240588, 46.393500137527091 ], [ 31.710277901129185, 46.395267960975488 ], [ 31.720497884171102, 46.394298989260186 ], [ 31.720848174166836, 46.396066750656523 ], [ 31.728513054508184, 46.395339387969372 ], [ 31.728863616069003, 46.397107102138101 ], [ 31.73397353069506, 46.396621883314495 ], [ 31.734324284291912, 46.398389565112737 ], [ 31.739434226170133, 46.397904092031339 ], [ 31.739785171819918, 46.399671741441807 ], [ 31.750356274760147, 46.400467649458498 ], [ 31.750707604566532, 46.402235234041676 ], [ 31.753262632675352, 46.40199214413343 ], [ 31.753614075042663, 46.403759711196749 ], [ 31.758724191270417, 46.403273333187954 ], [ 31.761982660940131, 46.406565096773576 ], [ 31.767092897069684, 46.406078322339745 ], [ 31.76744483630603, 46.407845806942689 ], [ 31.769999984316623, 46.407602320609378 ], [ 31.770352036177126, 46.409369787662207 ], [ 31.772907230656525, 46.409126230266608 ], [ 31.773259395155371, 46.410893679763866 ], [ 31.775814636095912, 46.410650051300308 ], [ 31.776166913247277, 46.412417483236538 ], [ 31.778722200641301, 46.412173783699373 ], [ 31.779074590459359, 46.413941198069125 ], [ 31.781629924299196, 46.413697427452718 ], [ 31.78198242679813, 46.415464824250556 ], [ 31.784537807076095, 46.415220982549208 ], [ 31.784890422270095, 46.416988361769683 ], [ 31.787445848978535, 46.416744448977781 ], [ 31.787798576881752, 46.418511810615406 ], [ 31.793262410185978, 46.419791115786651 ], [ 31.793968350084981, 46.423325766076992 ], [ 31.799432786855483, 46.424604719042264 ], [ 31.800139244200491, 46.428139293675656 ], [ 31.80269506212862, 46.427894995371602 ], [ 31.803401811484946, 46.431429529531393 ], [ 31.805957755409089, 46.431185145101409 ], [ 31.806664796856548, 46.434719638771334 ], [ 31.809220866782585, 46.434475168200308 ], [ 31.809928200401046, 46.438009621364145 ], [ 31.81248439633486, 46.43776506463697 ], [ 31.813545885025793, 46.443066679654784 ], [ 31.816102286616523, 46.442822021746892 ], [ 31.815748344151626, 46.441054834380026 ], [ 31.820860888240354, 46.440565380105667 ], [ 31.820506819781055, 46.438798220135205 ], [ 31.825619071502167, 46.438308571277162 ], [ 31.825264877088429, 46.436541438712823 ], [ 31.830376836430229, 46.436051595311078 ], [ 31.830022516101977, 46.43428449016254 ], [ 31.837689966564412, 46.43354934910144 ], [ 31.837335440781395, 46.43178228641397 ], [ 31.847557923288637, 46.430801372659914 ], [ 31.847203112566586, 46.429034367505622 ], [ 31.870201031100304, 46.426824164210373 ], [ 31.869845537936143, 46.425057291984771 ], [ 31.872400615785246, 46.424811448390081 ], [ 31.872756188461349, 46.426578305535777 ], [ 31.895751100409278, 46.424363053236966 ], [ 31.896107421992351, 46.426129771855159 ], [ 31.906326830745758, 46.425143696593878 ], [ 31.906683503732626, 46.426910352072916 ], [ 31.914347946914599, 46.426170161414269 ], [ 31.914704891836347, 46.42793676883236 ], [ 31.919814511911952, 46.427442997734751 ], [ 31.920171649313364, 46.429209572202637 ], [ 31.925281294122275, 46.428715546511718 ], [ 31.925638624019971, 46.430482088012162 ], [ 31.936215509954419, 46.431259781314637 ], [ 31.939485929004029, 46.434545347758963 ], [ 31.95006359451618, 46.435321653650902 ], [ 31.953335080294959, 46.438606726314582 ], [ 31.95844503089489, 46.438111142405205 ], [ 31.958803549797938, 46.439877483053223 ], [ 31.961358554051479, 46.43962959178689 ], [ 31.961717186113166, 46.441395914548828 ], [ 31.964272236148496, 46.441147952002943 ], [ 31.964630981382953, 46.442914256873308 ], [ 31.967186077192249, 46.442666223042302 ], [ 31.96754493561361, 46.444432510015609 ], [ 31.970100077189084, 46.444184404893832 ], [ 31.970459048811488, 46.445950673964632 ], [ 31.973014236145314, 46.445702497546463 ], [ 31.973373320982891, 46.447468748709234 ], [ 31.975928554067256, 46.447220500989062 ], [ 31.976287752134137, 46.448986734238332 ], [ 31.978843030961237, 46.448738415210578 ], [ 31.979202342271559, 46.450504630540856 ], [ 31.981757666833584, 46.45025624019987 ], [ 31.982117091401459, 46.452022437605685 ], [ 31.987587415538574, 46.453291622437398 ], [ 31.988306751582076, 46.456823942821174 ], [ 31.993777677972194, 46.458092773265918 ], [ 31.994497534899011, 46.461625016473242 ], [ 31.997053247052552, 46.461376238976094 ], [ 31.997773398331795, 46.464908440873678 ], [ 32.000329235710467, 46.464659576762493 ], [ 32.001049681422217, 46.468191737333889 ], [ 32.003605644031559, 46.467942786593547 ], [ 32.00432638425589, 46.471474905822298 ], [ 32.006882472101438, 46.47122586843772 ], [ 32.007964075148188, 46.476523981183348 ], [ 32.010520367804055, 46.476274841864182 ], [ 32.011963297967959, 46.483338893191736 ], [ 32.014519875060145, 46.48308963662906 ], [ 32.01776916863448, 46.49898345606745 ], [ 32.020326428430579, 46.498734005759196 ], [ 32.020687710413867, 46.500499956846447 ], [ 32.018130370957934, 46.500749422450028 ], [ 32.021382720327523, 46.516642997821123 ], [ 32.018824629623744, 46.516892544932389 ], [ 32.020270682838813, 46.523956346857588 ], [ 32.017712239154648, 46.524205898972411 ], [ 32.018796896723558, 46.529503767824167 ], [ 32.016238179713234, 46.529753309627793 ], [ 32.01696129518178, 46.533285239228768 ], [ 32.014402384575128, 46.533534755407622 ], [ 32.015125476435642, 46.537066704754601 ], [ 32.012566372195629, 46.537316195297379 ], [ 32.013289440414994, 46.540848164389324 ], [ 32.010730142504492, 46.541097629284678 ], [ 32.009616716269171, 46.548411065935824 ], [ 32.004858713202005, 46.550675867610877 ], [ 32.005581618517837, 46.554207921094132 ], [ 32.003021625466609, 46.554457267995261 ], [ 32.003383049218996, 46.556223305961538 ], [ 32.000822942253095, 46.556472611871079 ], [ 32.001184320084853, 46.558238662415782 ], [ 31.998624099196405, 46.558487927326105 ], [ 31.998985431093306, 46.560253990447592 ], [ 31.996425096274411, 46.560503214351087 ], [ 31.996786382222218, 46.562269290047688 ], [ 31.994225933464978, 46.562518472936766 ], [ 31.994587173449499, 46.564284561206826 ], [ 31.992026610746017, 46.564533703073877 ], [ 31.992387804752976, 46.566299803915769 ], [ 31.989827128095374, 46.56654890475312 ], [ 31.990188276110569, 46.568315018165194 ], [ 31.987627485490929, 46.56856407796527 ], [ 31.985788738899473, 46.572345361248459 ], [ 31.980666667794662, 46.572843260326806 ], [ 31.978827315092477, 46.576624485957176 ], [ 31.973704720115091, 46.577122108092254 ], [ 31.974065477878298, 46.578888314851206 ], [ 31.968942587007774, 46.579385742128352 ], [ 31.969303218614854, 46.581151976695928 ], [ 31.966741642206614, 46.581400621062329 ], [ 31.967102227688983, 46.583166868181465 ], [ 31.972586286262253, 46.584435706505886 ], [ 31.973307947276979, 46.587968126231374 ], [ 31.975869776074347, 46.587719308127809 ], [ 31.976591733137116, 46.591251686524942 ], [ 31.979153688137462, 46.591002781530051 ], [ 31.98316057193907, 46.597818422371788 ], [ 31.987923500842278, 46.595554092412954 ], [ 31.987200699053201, 46.592021852416281 ], [ 31.989762598141013, 46.591772706689575 ], [ 31.989039772247231, 46.588240486423956 ], [ 31.991601477163528, 46.587991314900975 ] ], [ [ 30.173438566393049, 45.331276090464698 ], [ 30.168401295993021, 45.331684055215447 ], [ 30.168112191213218, 45.329907533425647 ], [ 30.163074966445347, 45.33031525372202 ], [ 30.16278604197392, 45.328538704818449 ], [ 30.152422985416237, 45.327576836108356 ], [ 30.149327430864684, 45.324227136342465 ], [ 30.144290443012533, 45.324633988637238 ], [ 30.144002162905753, 45.322857343969005 ], [ 30.141483705368984, 45.323060675342568 ], [ 30.141195528798381, 45.321284016157549 ], [ 30.138677121091121, 45.321487280178374 ], [ 30.138389048042921, 45.319710606481578 ], [ 30.135870690171263, 45.319913803155416 ], [ 30.135582720631696, 45.318137114951845 ], [ 30.133064412601712, 45.318340244284506 ], [ 30.132776546556986, 45.316563541579164 ], [ 30.13025828837479, 45.316766603576404 ], [ 30.129970525811125, 45.314989886374249 ], [ 30.127452317482774, 45.315192881041874 ], [ 30.127164658386405, 45.313416149347937 ], [ 30.124646499917972, 45.313619076691722 ], [ 30.124358944275123, 45.31184233051097 ], [ 30.119035324739237, 45.310471222587609 ], [ 30.118460653953882, 45.306917670326214 ], [ 30.113137620810406, 45.30554623727226 ], [ 30.112563417121585, 45.301992623174023 ], [ 30.110045661308064, 45.30219518902404 ], [ 30.109471717828054, 45.298641542045743 ], [ 30.106954088521086, 45.298844028139264 ], [ 30.106380405176616, 45.295290348294998 ], [ 30.103862902367656, 45.295492754646681 ], [ 30.103289479085483, 45.291939041950528 ], [ 30.100772102765998, 45.292141368575003 ], [ 30.099912397864816, 45.286810747309971 ], [ 30.097395224605055, 45.287012981761606 ], [ 30.096249631271444, 45.27990540924749 ], [ 30.09373273758882, 45.280107539097422 ], [ 30.091157401126633, 45.264115273406674 ], [ 30.088641169488106, 45.264317236465175 ], [ 30.088355230697363, 45.262540295749616 ], [ 30.090871385847301, 45.26233834513414 ], [ 30.088298446421891, 45.2463459019691 ], [ 30.09081388687866, 45.246144008599366 ], [ 30.08967074448217, 45.239036254597103 ], [ 30.092185852712664, 45.238834356284947 ], [ 30.09132854608638, 45.233503557408682 ], [ 30.093843398580425, 45.23330164172981 ], [ 30.093271841104574, 45.229747790838331 ], [ 30.095786514281198, 45.229545845365401 ], [ 30.095214910514372, 45.225992011472691 ], [ 30.097729404406206, 45.225790036217305 ], [ 30.099100372786385, 45.218480414409569 ], [ 30.103842656213498, 45.216299412185613 ], [ 30.10327081443593, 45.212745650253432 ], [ 30.105784667783897, 45.212543543533315 ], [ 30.105498710535887, 45.210766672058639 ], [ 30.108012461004837, 45.210564523158638 ], [ 30.107726454106903, 45.208787662163971 ], [ 30.110240101702853, 45.208585471091446 ], [ 30.109954045168674, 45.206808620578741 ], [ 30.112467589897641, 45.206606387341033 ], [ 30.112181483740919, 45.204829547312215 ], [ 30.11469492560893, 45.204627271916657 ], [ 30.114408769843347, 45.202850442373681 ], [ 30.116922108856418, 45.202648124827633 ], [ 30.116635903495656, 45.200871305772409 ], [ 30.119149139659815, 45.200668946083191 ], [ 30.118862884717554, 45.19889213751766 ], [ 30.121376018038802, 45.198689735692646 ], [ 30.123316389948908, 45.194933706084882 ], [ 30.128342218608815, 45.194528679344579 ], [ 30.130282007704853, 45.190772577854624 ], [ 30.135307371753466, 45.190367273522277 ], [ 30.135020716795857, 45.188590542401968 ], [ 30.140045821869769, 45.18818504473743 ], [ 30.139759041290244, 45.186408336614754 ], [ 30.144783887372597, 45.186002645655101 ], [ 30.14449698120751, 45.184225960540246 ], [ 30.149521568281425, 45.183820076322547 ], [ 30.149234536567146, 45.182043414225795 ], [ 30.156770988576973, 45.181434216237903 ], [ 30.156483755249322, 45.179657589681369 ], [ 30.166531679475579, 45.178844612068417 ], [ 30.16624416851797, 45.177068033601437 ], [ 30.188849748349565, 45.175235756299458 ], [ 30.188561579593475, 45.173459288700442 ], [ 30.191073100729824, 45.173255442246848 ], [ 30.191361345530524, 45.175031897289678 ], [ 30.213964513013018, 45.173194712859839 ], [ 30.214253468947504, 45.174971052744461 ], [ 30.224298926939078, 45.174153058656145 ], [ 30.224588213838739, 45.175929346154071 ], [ 30.232122252955865, 45.175315240450921 ], [ 30.232411794816155, 45.177091488117561 ], [ 30.237434504984208, 45.176681786559485 ], [ 30.237724225807483, 45.178458006982048 ], [ 30.242746980244682, 45.17804806215986 ], [ 30.243036880049051, 45.179824255322025 ], [ 30.253372600273632, 45.180779801710308 ], [ 30.256464675856822, 45.1841267541337 ], [ 30.261487660742731, 45.183715945118955 ], [ 30.261778200631714, 45.185492041730875 ], [ 30.264289728575545, 45.185286542808029 ], [ 30.264580371510814, 45.187062624743866 ], [ 30.267091948453796, 45.186857058653956 ], [ 30.26738269444898, 45.188633125908716 ], [ 30.269894320385021, 45.188427492645999 ], [ 30.270185169453732, 45.190203545214686 ], [ 30.272696844376711, 45.189997844773451 ], [ 30.27298779653259, 45.19177388265112 ], [ 30.275499520436401, 45.191568115025625 ], [ 30.275790575693062, 45.193344138207252 ], [ 30.278302348571604, 45.193138303391784 ], [ 30.278593506942666, 45.194914311872381 ], [ 30.281105328789806, 45.194708409861185 ], [ 30.281396590288907, 45.196484403635779 ], [ 30.286711745505283, 45.197848377066897 ], [ 30.287294708204811, 45.201400303732768 ], [ 30.292610444790363, 45.202763951457641 ], [ 30.293193874470017, 45.20631581516507 ], [ 30.295706093213106, 45.20610955168906 ], [ 30.296289783598077, 45.209661381866823 ], [ 30.298802127366869, 45.209455038447274 ], [ 30.299386078530084, 45.213006835081181 ], [ 30.301898547332758, 45.212800411703526 ], [ 30.302482759347154, 45.216352174779409 ], [ 30.304995353191885, 45.216145671429061 ], [ 30.305872103375918, 45.221473262630504 ], [ 30.308384898395708, 45.221266666572262 ], [ 30.309554583858159, 45.22837004210843 ], [ 30.31206765623822, 45.228163340590385 ], [ 30.314701726106719, 45.244145701740088 ], [ 30.317215456893482, 45.243938831046968 ], [ 30.317508343705811, 45.245714626015832 ], [ 30.31499453670483, 45.24592150944693 ], [ 30.31763105848021, 45.261903686968424 ], [ 30.315116537971097, 45.262110630446053 ], [ 30.316288729199659, 45.269213818344753 ], [ 30.313773876228812, 45.269420758152059 ], [ 30.314653077091798, 45.274748165864928 ], [ 30.312137967871607, 45.274955089245161 ], [ 30.312724085492011, 45.278506709662032 ], [ 30.310208796305659, 45.278713603861313 ], [ 30.310794870326124, 45.282265241592796 ], [ 30.308279401140748, 45.282472106599592 ], [ 30.30693576901961, 45.289782269801947 ], [ 30.302196964638906, 45.291971686868891 ], [ 30.302782809353225, 45.295523397918984 ], [ 30.300266696276307, 45.295730133309718 ], [ 30.300559583108654, 45.297505998506452 ], [ 30.298043366328464, 45.297712691920722 ], [ 30.298336203987084, 45.299488567806719 ], [ 30.295819883497455, 45.299695219237186 ], [ 30.296112671968629, 45.301471105810506 ], [ 30.293596247763389, 45.301677715249788 ], [ 30.293888987033409, 45.303453612508562 ], [ 30.291372459106373, 45.303660179949311 ], [ 30.291665149161538, 45.305436087891621 ], [ 30.28914851750654, 45.305642613326455 ], [ 30.289441158333116, 45.307418531950397 ], [ 30.286924422943983, 45.307625015371968 ], [ 30.28721701452826, 45.309400944675637 ], [ 30.284700175398815, 45.309607386076593 ], [ 30.282768267909663, 45.313365676088388 ], [ 30.277734147419782, 45.313778336016377 ], [ 30.275801654994144, 45.317536555300521 ], [ 30.270767065020745, 45.317948937517677 ], [ 30.271059257092539, 45.319724945587033 ], [ 30.266024405166025, 45.320137134146329 ], [ 30.266316471331113, 45.321913165569384 ], [ 30.261281357468032, 45.322325160433486 ], [ 30.261573297689683, 45.32410121520001 ], [ 30.256537921906588, 45.324513016331551 ], [ 30.256829736148088, 45.326289094431367 ], [ 30.249276238861707, 45.326906423295789 ], [ 30.24956785048197, 45.328682537388438 ], [ 30.239495834084188, 45.329504926155451 ], [ 30.239787166393853, 45.331281088873304 ], [ 30.217122852877235, 45.333128371586405 ], [ 30.217413522515528, 45.334904646058952 ], [ 30.214895053312098, 45.335109638267468 ], [ 30.21460446033494, 45.333333351169571 ], [ 30.191937710051658, 45.335175700504585 ], [ 30.191647834172514, 45.333399297919797 ], [ 30.181573327140789, 45.334216643980874 ], [ 30.181283784998815, 45.332440189045627 ], [ 30.173727851499606, 45.333052585124328 ], [ 30.173438566393049, 45.331276090464698 ] ] ], [ [ [ 34.738640730333238, 45.976261668345089 ], [ 34.741147506745072, 45.975954351737514 ], [ 34.740706716007445, 45.974206583691263 ], [ 34.743213377541508, 45.97389923230277 ], [ 34.742772553390026, 45.972151479072487 ], [ 34.745279100055463, 45.971844092910338 ], [ 34.744838242502659, 45.970096354497215 ], [ 34.747344674308628, 45.969788933568672 ], [ 34.746903783366989, 45.968041209973855 ], [ 34.74941010032267, 45.967733754286222 ], [ 34.748969176004707, 45.965986045510888 ], [ 34.751475378119238, 45.965678555071399 ], [ 34.751034420437463, 45.963930861116751 ], [ 34.753540507720011, 45.96362333593266 ], [ 34.755164464774765, 45.959820432568684 ], [ 34.760176139322361, 45.959205189891186 ], [ 34.761799544598318, 45.955402260307189 ], [ 34.766810678440912, 45.954786772038496 ], [ 34.766369406055432, 45.95303918951879 ], [ 34.763863933544954, 45.953346941675385 ], [ 34.762099547587496, 45.946356498689731 ], [ 34.759594330418466, 45.946664122877458 ], [ 34.757390134362666, 45.93792588982371 ], [ 34.754885246464774, 45.938233367440262 ], [ 34.755325930266714, 45.939981040340783 ], [ 34.745305675786334, 45.941210491964682 ], [ 34.745746104271042, 45.942958235586225 ], [ 34.743240864930854, 45.943265483755987 ], [ 34.744562172398474, 45.948508747601842 ], [ 34.742056670285805, 45.948815998300539 ], [ 34.743818687003184, 45.955807037830724 ], [ 34.741312847971926, 45.956114309678071 ], [ 34.742634565595473, 45.961357605127972 ], [ 34.740128463613566, 45.961664879483877 ], [ 34.741009664020545, 45.965160427954906 ], [ 34.738503373125894, 45.965467686178243 ], [ 34.739384588135515, 45.968963256638197 ], [ 34.736878108291052, 45.969270498719034 ], [ 34.736133913196547, 45.976568931533023 ], [ 34.731560691584896, 45.97893113638699 ], [ 34.732441883344094, 45.98242680243245 ], [ 34.734949004444211, 45.982119590211184 ], [ 34.734508314023238, 45.98037177772413 ], [ 34.737015320218106, 45.980064530700169 ], [ 34.738640730333238, 45.976261668345089 ] ] ], [ [ [ 34.730375304286589, 45.984481807142032 ], [ 34.732882540301119, 45.984174629730724 ], [ 34.732441883344094, 45.98242680243245 ], [ 34.729934721524138, 45.982733961217988 ], [ 34.730375304286589, 45.984481807142032 ] ] ], [ [ [ 34.730375304286589, 45.984481807142032 ], [ 34.72786802755391, 45.984788931112234 ], [ 34.728308576829065, 45.986536791844458 ], [ 34.730815927767168, 45.98622964925039 ], [ 34.730375304286589, 45.984481807142032 ] ] ], [ [ [ 34.72580118517449, 45.986843880992062 ], [ 34.726241700949821, 45.98859175653125 ], [ 34.728749166820656, 45.988284648761692 ], [ 34.728308576829065, 45.986536791844458 ], [ 34.72580118517449, 45.986843880992062 ] ] ], [ [ [ 34.717532331131054, 45.995063480197906 ], [ 34.717972712781709, 45.996811414953157 ], [ 34.722988523454241, 45.996197424684539 ], [ 34.722547993288813, 45.994449527160945 ], [ 34.727122854649316, 45.992087496166469 ], [ 34.726241700949821, 45.98859175653125 ], [ 34.723734194364184, 45.98889881084898 ], [ 34.724174676627143, 45.990646701193974 ], [ 34.721667055101314, 45.99095372067459 ], [ 34.722107503839375, 45.992701625824168 ], [ 34.717532331131054, 45.995063480197906 ] ] ], [ [ [ 34.717972712781709, 45.996811414953157 ], [ 34.715464746380277, 45.997118329878745 ], [ 34.715905094468404, 45.99886627943507 ], [ 34.718413135140366, 45.998559345897071 ], [ 34.717972712781709, 45.996811414953157 ] ] ], [ [ [ 34.695529904464841, 46.010366802101281 ], [ 34.693021085336312, 46.010673293675502 ], [ 34.693460934397265, 46.012421406386657 ], [ 34.695969827879793, 46.012114896223657 ], [ 34.695529904464841, 46.010366802101281 ] ] ], [ [ [ 34.678973978579265, 46.02680307181663 ], [ 34.681483677505263, 46.026496806339125 ], [ 34.68104399013523, 46.024748608732459 ], [ 34.683553573970379, 46.024442308278033 ], [ 34.68311385284192, 46.02269412545126 ], [ 34.685623321595422, 46.022387790027203 ], [ 34.685183566721093, 46.02063962198153 ], [ 34.687692920402071, 46.020333251595147 ], [ 34.687253131794463, 46.018585098331741 ], [ 34.689762370412105, 46.018278692990272 ], [ 34.689322548083823, 46.016530554510375 ], [ 34.691831671647243, 46.01622411422111 ], [ 34.693460934397265, 46.012421406386657 ], [ 34.68844302542545, 46.013034266150065 ], [ 34.688882766423127, 46.014782412230147 ], [ 34.681355374906971, 46.015701356167128 ], [ 34.68179493341303, 46.017449554183926 ], [ 34.674266952903572, 46.018368072017424 ], [ 34.674706328843648, 46.020116321949892 ], [ 34.669687323178145, 46.020728436578857 ], [ 34.672763050598313, 46.032966339802428 ], [ 34.670252965690942, 46.033272446731793 ], [ 34.671131961816876, 46.036768993502207 ], [ 34.676152388875423, 46.036156651790598 ], [ 34.675273094851775, 46.032660179299334 ], [ 34.679853326440934, 46.030299492790327 ], [ 34.678973978579265, 46.02680307181663 ] ] ], [ [ [ 34.219387463953389, 46.179198879445551 ], [ 34.218960089687663, 46.177447347490599 ], [ 34.22148147895556, 46.177150452399673 ], [ 34.223147896494005, 46.173350500615335 ], [ 34.228190174093797, 46.17275651185642 ], [ 34.229856026366456, 46.168956527613858 ], [ 34.234897763398443, 46.168362286223008 ], [ 34.234470058260285, 46.166610862605999 ], [ 34.239511485321863, 46.166016440810935 ], [ 34.239083668734011, 46.164265049710458 ], [ 34.2441247858225, 46.163670447551901 ], [ 34.243696857824261, 46.161919088976276 ], [ 34.248737664936954, 46.161324306494947 ], [ 34.248309625567657, 46.159572980452509 ], [ 34.255870311668176, 46.158680455152705 ], [ 34.255442085446404, 46.156929179734313 ], [ 34.265522141784317, 46.155738460971492 ], [ 34.265093653288538, 46.153987254292488 ], [ 34.287770773977421, 46.151305136138127 ], [ 34.287341646035557, 46.149554088811101 ], [ 34.289861051667195, 46.149255823454361 ], [ 34.290290255053769, 46.15100685265778 ], [ 34.312963791905354, 46.148319868814987 ], [ 34.313393713972744, 46.150070731124863 ], [ 34.320951068158521, 46.149174042537766 ], [ 34.320520919886718, 46.147423234703901 ], [ 34.330596531887373, 46.146226966080349 ], [ 34.330166121999447, 46.144476227274311 ], [ 34.352833234526436, 46.141781626292619 ], [ 34.352402186469796, 46.140031047522577 ], [ 34.354920479394409, 46.139731395576007 ], [ 34.355351602771833, 46.141481956143309 ], [ 34.378015116833424, 46.138782495089167 ], [ 34.378446957937975, 46.140532888022442 ], [ 34.388518891091792, 46.139331651041637 ], [ 34.388951073370734, 46.141081967342146 ], [ 34.39650482827799, 46.140180418128502 ], [ 34.396937276451602, 46.141930675996072 ], [ 34.407441478612974, 46.142477962898496 ], [ 34.406575940088715, 46.138977596952138 ], [ 34.40909361774888, 46.138676756752218 ], [ 34.409880057863113, 46.131375232654584 ], [ 34.41448176131891, 46.129023298528971 ], [ 34.413616182792353, 46.125523027166992 ], [ 34.416133173487722, 46.125222099100135 ], [ 34.415700369227125, 46.123471976164659 ], [ 34.418217244627961, 46.123171012448005 ], [ 34.41778440532191, 46.12142090410228 ], [ 34.420301165437344, 46.121119904743161 ], [ 34.419868291098638, 46.119369810988431 ], [ 34.422384935937707, 46.119068775994144 ], [ 34.421952026579135, 46.117318696831653 ], [ 34.424468556150927, 46.117017626209538 ], [ 34.424035611785271, 46.115267561640472 ], [ 34.426552026098847, 46.114966455397891 ], [ 34.42611904673889, 46.113216405423522 ], [ 34.430718515286259, 46.11086405072772 ], [ 34.430285465976006, 46.109114029946412 ], [ 34.427769357250554, 46.109415189120156 ], [ 34.427336423164896, 46.107665146360652 ], [ 34.424820349410879, 46.107966233362042 ], [ 34.424387530537025, 46.106216168630063 ], [ 34.421871491763525, 46.106517183464092 ], [ 34.421438788088722, 46.1047670967653 ], [ 34.415974227031008, 46.103618801291226 ], [ 34.415109320478393, 46.100118536376662 ], [ 34.409645320017063, 46.098969868177768 ], [ 34.408780954166645, 46.095469508117205 ], [ 34.406265240584531, 46.095770125675216 ], [ 34.405401185047552, 46.092269714384742 ], [ 34.402885581561584, 46.092570241562576 ], [ 34.40202183625982, 46.089069779060381 ], [ 34.399506342868932, 46.089370215872485 ], [ 34.398642907724145, 46.085869702176694 ], [ 34.396127524427314, 46.086170048637534 ], [ 34.39483289680782, 46.080919195821529 ], [ 34.392317698637783, 46.081219433711588 ], [ 34.390592388253246, 46.074218172289328 ], [ 34.388077450198921, 46.074518283408246 ], [ 34.384198513639959, 46.058765066587533 ], [ 34.38168421050527, 46.059064959897221 ], [ 34.380822813617428, 46.055564168299853 ], [ 34.38333696685136, 46.05526431141368 ], [ 34.379461980825468, 46.039510731796639 ], [ 34.376948501829581, 46.039810424831927 ], [ 34.377378821445255, 46.041560855416563 ], [ 34.369837920668687, 46.042459666362426 ], [ 34.370268055426159, 46.044210147875575 ], [ 34.360212663666303, 46.045407882011482 ], [ 34.360642538557251, 46.047158432613685 ], [ 34.338014903794786, 46.049850349727031 ], [ 34.338444143841059, 46.05160106018527 ], [ 34.335929688308063, 46.051899911094381 ], [ 34.335500523247219, 46.050149182483857 ], [ 34.31286930997225, 46.05283625434511 ], [ 34.312440859682823, 46.051085358870196 ], [ 34.302381810302187, 46.052278140365118 ], [ 34.301953699805885, 46.050527168799675 ], [ 34.294409221327143, 46.051421135047875 ], [ 34.293981375597568, 46.049670105547023 ], [ 34.288951675122831, 46.050265777522057 ], [ 34.288524019112387, 46.048514708209979 ], [ 34.28349431021379, 46.049110128533599 ], [ 34.283066843910333, 46.047359019427354 ], [ 34.272580124529668, 46.046797956271988 ], [ 34.269211218218459, 46.043592916953223 ], [ 34.2641815554719, 46.044187438503926 ], [ 34.263754772821486, 46.042436188448335 ], [ 34.261239957173835, 46.042733350357786 ], [ 34.260813289115625, 46.040982078638308 ], [ 34.258298508980566, 46.041279168622651 ], [ 34.257871955501749, 46.039527875244964 ], [ 34.255357210888228, 46.039824893309245 ], [ 34.254930771976021, 46.038073578278976 ], [ 34.252416062892969, 46.038370524428139 ], [ 34.251989738534562, 46.036619187750979 ], [ 34.249475064990911, 46.036916061990063 ], [ 34.249048855173541, 46.035164703671647 ], [ 34.246534217178201, 46.035461506005653 ], [ 34.246108121889058, 46.033710126051645 ], [ 34.243593519450968, 46.034006856485561 ], [ 34.243167538677241, 46.032255454901623 ], [ 34.240652971805339, 46.032552113440424 ], [ 34.240227105534252, 46.030800690232219 ], [ 34.234772326743354, 46.029642346817752 ], [ 34.233921091571609, 46.026139410344115 ], [ 34.228466873572742, 46.024980696574069 ], [ 34.22761617503614, 46.021477666503642 ], [ 34.225101936169843, 46.021773929633262 ], [ 34.22425154527285, 46.018270849197158 ], [ 34.221737417031299, 46.018567022471501 ], [ 34.220887333696034, 46.015063891687632 ], [ 34.218373316077823, 46.01535997512115 ], [ 34.217523540226438, 46.011856794007485 ], [ 34.215009633230181, 46.012152787614625 ], [ 34.209948203493269, 46.001938882220962 ], [ 34.20743466766875, 46.002234660267014 ], [ 34.20701029970909, 46.000482988900181 ], [ 34.201559081313277, 45.999322636674187 ], [ 34.20071084171407, 45.995819204180307 ], [ 34.195684094621313, 45.996410239738587 ], [ 34.194018452015229, 46.000209217025585 ], [ 34.188991169438459, 46.000800001414873 ], [ 34.189414973313696, 46.002551802086053 ], [ 34.184387383718679, 46.003142407005541 ], [ 34.184811076870737, 46.004894240001533 ], [ 34.179783180260372, 46.005484665410762 ], [ 34.180206762650371, 46.007236530723247 ], [ 34.1751785590276, 46.007826776581801 ], [ 34.175602030616609, 46.009578674202416 ], [ 34.168059205824242, 46.010463692797828 ], [ 34.168482491526774, 46.012215640646424 ], [ 34.158424542511447, 46.013394982883284 ], [ 34.158847567182889, 46.015146998855187 ], [ 34.146273873550392, 46.016620053748653 ], [ 34.14711928957351, 46.020124254108424 ], [ 34.144604283091553, 46.020418739196714 ], [ 34.143779938659961, 46.027721671657609 ], [ 34.139171751704581, 46.030062667682913 ], [ 34.140017115146755, 46.033566961495872 ], [ 34.137501425931049, 46.033861356185938 ], [ 34.137924091250007, 46.035613515660977 ], [ 34.135408287670927, 46.035907874306083 ], [ 34.135830916984048, 46.03766004812443 ], [ 34.133314999032727, 46.037954370717273 ], [ 34.133737592327151, 46.039706558877619 ], [ 34.131221559994749, 46.040000845410837 ], [ 34.131644117257622, 46.041753047911939 ], [ 34.129127970535265, 46.042047298378208 ], [ 34.129550491753747, 46.043799515218765 ], [ 34.127034230632574, 46.044093729610793 ], [ 34.127456715793812, 46.045845960789528 ], [ 34.124940340264949, 46.046140139099904 ], [ 34.125362789356089, 46.047892384615565 ], [ 34.122846299410682, 46.048186526837007 ], [ 34.121174484960406, 46.051985166999089 ], [ 34.116141008188492, 46.052573253055364 ], [ 34.114468630692734, 46.056371860092717 ], [ 34.109434617825464, 46.056959693682629 ], [ 34.110278892848996, 46.060464395984326 ], [ 34.107761677064488, 46.060758267509883 ], [ 34.10693283936687, 46.068061590066023 ], [ 34.102319660793277, 46.070401609087355 ], [ 34.103163881189559, 46.073906404742985 ], [ 34.100645981321371, 46.074200185224768 ], [ 34.101068074868195, 46.075952595605656 ], [ 34.098550060455352, 46.076246339906419 ], [ 34.098972117760667, 46.077998764609006 ], [ 34.096453988794302, 46.078292472721408 ], [ 34.096876009845204, 46.080044911744388 ], [ 34.09435776631647, 46.080338583661103 ], [ 34.094779751100063, 46.08209103700321 ], [ 34.092261393000094, 46.082384672716863 ], [ 34.092683341503474, 46.084137140376818 ], [ 34.090164868823386, 46.084430739880077 ], [ 34.090586781033657, 46.086183221856587 ], [ 34.088068193764578, 46.086476785142089 ], [ 34.088490069668836, 46.088229281433868 ], [ 34.085971367801925, 46.08852280849429 ], [ 34.084296194167109, 46.092321334846474 ], [ 34.07925829285427, 46.092908189933816 ], [ 34.07758255447704, 46.096706682632174 ], [ 34.067926913956775, 46.099632309140361 ], [ 34.068769815501049, 46.103137576922528 ], [ 34.076328328394986, 46.102257757087706 ], [ 34.076750064461876, 46.104010332182192 ], [ 34.081789028440646, 46.103423479379813 ], [ 34.08221095472009, 46.105176015255111 ], [ 34.087249913133846, 46.104588910312884 ], [ 34.087672029638377, 46.106341406951834 ], [ 34.092710982412818, 46.105754049860714 ], [ 34.09313328915497, 46.107506507246171 ], [ 34.103633674481046, 46.10808345469578 ], [ 34.106998651067848, 46.111294161183416 ], [ 34.112037659040084, 46.110705903616143 ], [ 34.112460651339198, 46.112458221705396 ], [ 34.114980171968831, 46.11216399387569 ], [ 34.115403279049822, 46.113916290526383 ], [ 34.117922835936987, 46.11362199069859 ], [ 34.118346057812786, 46.115374265905061 ], [ 34.120865650948566, 46.11507989407415 ], [ 34.121288987632077, 46.116832147830721 ], [ 34.12380861700759, 46.116537703991661 ], [ 34.124232068511752, 46.118289936292719 ], [ 34.126751734118074, 46.117995420440387 ], [ 34.127175300455768, 46.119747631280248 ], [ 34.129695002284009, 46.119453043409692 ], [ 34.130118683468183, 46.121205232782671 ], [ 34.132638421509412, 46.120910572888803 ], [ 34.133062217552975, 46.122662740789274 ], [ 34.13852571315465, 46.123825351333672 ], [ 34.139373804111784, 46.127329597648995 ], [ 34.144837864696044, 46.128491837643054 ], [ 34.145686494051475, 46.131995990856737 ], [ 34.148206564124763, 46.131700934896728 ], [ 34.149055502149722, 46.135205037971325 ], [ 34.151575683948558, 46.134909892006554 ], [ 34.15242493072153, 46.138413944924139 ], [ 34.154945224247442, 46.138118708940034 ], [ 34.155794779846907, 46.141622711682594 ], [ 34.158315185101408, 46.141327385664646 ], [ 34.159590041026853, 46.146583309130314 ], [ 34.162110633605351, 46.146287875104171 ], [ 34.163811296292074, 46.153295651185203 ], [ 34.166332151834709, 46.153000091157345 ], [ 34.168884784066329, 46.163511540178213 ], [ 34.171406053926994, 46.16321581815555 ], [ 34.172683130348041, 46.168471440418372 ], [ 34.175204587666933, 46.168175610283164 ], [ 34.176908212383744, 46.175182984551505 ], [ 34.179429932871606, 46.174887028286577 ], [ 34.181987010902652, 46.185397874201207 ], [ 34.187031241612949, 46.184805583131975 ], [ 34.186604811563207, 46.183053820449437 ], [ 34.209301207563485, 46.180385990327764 ], [ 34.208874135928085, 46.178634386219642 ], [ 34.21139568385825, 46.178337707787115 ], [ 34.211822831157974, 46.180089293861592 ], [ 34.219387463953389, 46.179198879445551 ] ] ], [ [ [ 33.863606813012986, 46.166453306556384 ], [ 33.863190930098284, 46.164699245841412 ], [ 33.873288461915742, 46.163542998376336 ], [ 33.87287231348629, 46.161789004592592 ], [ 33.895588812295045, 46.159184426253155 ], [ 33.895172018472877, 46.15743058753776 ], [ 33.897695804305293, 46.1571409358396 ], [ 33.898112674113499, 46.158894756926536 ], [ 33.92082568617645, 46.156285288018864 ], [ 33.921243278464416, 46.158038946841558 ], [ 33.931337245648805, 46.156877699842177 ], [ 33.931755180538453, 46.158631284530713 ], [ 33.939325475990444, 46.157759725956872 ], [ 33.939743677537074, 46.15951325413706 ], [ 33.942267107577635, 46.159222608306258 ], [ 33.941848830100341, 46.157469097810818 ], [ 33.944372145345639, 46.157178415357762 ], [ 33.94353555514742, 46.153671419308324 ], [ 33.946058679697479, 46.15338071792921 ], [ 33.945222093150257, 46.149873743344209 ], [ 33.949849535321114, 46.147538791337759 ], [ 33.949012878428888, 46.144031866641207 ], [ 33.951535506972917, 46.143741090854391 ], [ 33.951117160962134, 46.141987640979217 ], [ 33.95363967478783, 46.141696828613114 ], [ 33.953221291793312, 46.13994339295197 ], [ 33.955743690909493, 46.139652544013963 ], [ 33.955325270944257, 46.137899122568165 ], [ 33.957847555359749, 46.137608237065628 ], [ 33.957429098436819, 46.135854829836475 ], [ 33.959951268160445, 46.135563907776792 ], [ 33.959532774292796, 46.133810514765599 ], [ 33.962054829333375, 46.133519556156131 ], [ 33.961636298534053, 46.131766177364192 ], [ 33.964158238900424, 46.131475182212299 ], [ 33.963739671182402, 46.129721817640927 ], [ 33.966261496883376, 46.129430785953978 ], [ 33.967945961787699, 46.125633031263582 ], [ 33.972989115695945, 46.125050767567657 ], [ 33.974673013410907, 46.121252977949439 ], [ 33.979715630991961, 46.12067045979871 ], [ 33.979296727415836, 46.118917201787134 ], [ 33.984339037945965, 46.11833450224271 ], [ 33.983920021838635, 46.116581276188953 ], [ 33.98139896173803, 46.116872635338559 ], [ 33.980980060242914, 46.115119388068955 ], [ 33.973416873711585, 46.115993087140367 ], [ 33.972998238236372, 46.114239783229799 ], [ 33.967956070929631, 46.11482194283289 ], [ 33.967537625751369, 46.113068600019652 ], [ 33.962495454453148, 46.113650507389771 ], [ 33.962077199559083, 46.11189712569098 ], [ 33.957035024343597, 46.112478780837399 ], [ 33.956616959720968, 46.110725360270237 ], [ 33.951574780662426, 46.111306763202208 ], [ 33.951156906298472, 46.109553303783827 ], [ 33.948635834282527, 46.109843906252458 ], [ 33.948218074440341, 46.10809042567729 ], [ 33.943175965481025, 46.108671432629549 ], [ 33.942758395869639, 46.106917913230141 ], [ 33.940237358945957, 46.107208317719767 ], [ 33.939819903828237, 46.105454777179048 ], [ 33.937298903861652, 46.105745109792004 ], [ 33.936881563224631, 46.103991548115616 ], [ 33.934360600223918, 46.104281808857017 ], [ 33.933943374054586, 46.102528226050595 ], [ 33.931422448028556, 46.102818414925522 ], [ 33.931005336313923, 46.1010648109947 ], [ 33.928484447271344, 46.101354928008234 ], [ 33.92806744999843, 46.099601302958668 ], [ 33.925546597948092, 46.099891348115911 ], [ 33.9251297151039, 46.098137701953227 ], [ 33.922608900054605, 46.098427675259266 ], [ 33.919254699560881, 46.095210221076997 ], [ 33.911692360464222, 46.0960795473204 ], [ 33.912108787348018, 46.097833288592362 ], [ 33.909587854583421, 46.098122973220633 ], [ 33.910004244409457, 46.099876728662757 ], [ 33.907483197246172, 46.100166376702575 ], [ 33.907899550001467, 46.101920146313567 ], [ 33.905378388430748, 46.102209757757613 ], [ 33.905794704102291, 46.103963541536132 ], [ 33.901168316278209, 46.106296452552208 ], [ 33.902000837869224, 46.109804073317122 ], [ 33.899479257239811, 46.110093592547642 ], [ 33.900311781905188, 46.113601234732762 ], [ 33.895684370188448, 46.11593403206583 ], [ 33.896516823594268, 46.119441723996196 ], [ 33.893994747925902, 46.11973116854972 ], [ 33.894410956792306, 46.121485026950246 ], [ 33.891888766622387, 46.121774434850288 ], [ 33.892304938307575, 46.123528307411291 ], [ 33.889782633627327, 46.123817678650504 ], [ 33.890198768118275, 46.12557156537067 ], [ 33.887676348918916, 46.125860899941664 ], [ 33.888092446202592, 46.1276148008197 ], [ 33.885569912475354, 46.127904098715099 ], [ 33.885985972538712, 46.129658013749633 ], [ 33.883463324274814, 46.129947274962092 ], [ 33.883879347104852, 46.131701204151845 ], [ 33.881356584295503, 46.131990428673966 ], [ 33.881772569879146, 46.133744372017567 ], [ 33.879249692515579, 46.134033559841995 ], [ 33.877558559965024, 46.137830640104966 ], [ 33.872512308326293, 46.138408814605235 ], [ 33.870820606953551, 46.142205858901995 ], [ 33.865773819710256, 46.142783777846994 ], [ 33.866189466941329, 46.144537827116203 ], [ 33.86114237325652, 46.145115563910394 ], [ 33.861557907161071, 46.146869644902715 ], [ 33.85651050703882, 46.147447199505613 ], [ 33.856925927577585, 46.149201312212526 ], [ 33.851878221021991, 46.149778684583573 ], [ 33.85229352815567, 46.15153282899653 ], [ 33.844721450790075, 46.152398532607521 ], [ 33.845136568449078, 46.154152726280572 ], [ 33.835039620991516, 46.155306306917346 ], [ 33.835454473047136, 46.157060567379652 ], [ 33.815258118995409, 46.159365258908359 ], [ 33.816915478027717, 46.166382827725045 ], [ 33.814390455949912, 46.166670739520477 ], [ 33.816048126936948, 46.173688323688253 ], [ 33.813522761771381, 46.173976251182836 ], [ 33.814351676179982, 46.177485057787941 ], [ 33.816877193666379, 46.17719709523309 ], [ 33.816462641028345, 46.175442711172565 ], [ 33.826564020787366, 46.174290386857052 ], [ 33.826149202111232, 46.17253606952243 ], [ 33.848874364360633, 46.169940314755472 ], [ 33.848458899252861, 46.16818615200323 ], [ 33.863606813012986, 46.166453306556384 ] ] ], [ [ [ 35.032402010901151, 46.183132324558017 ], [ 35.032855264043604, 46.184877827864184 ], [ 35.037881314035658, 46.184248059293758 ], [ 35.03742791175744, 46.182502594132551 ], [ 35.032402010901151, 46.183132324558017 ] ] ], [ [ [ 35.04336078957548, 46.185363499309865 ], [ 35.042907196214664, 46.183618076291602 ], [ 35.037881314035658, 46.184248059293758 ], [ 35.038334758267126, 46.18599352047142 ], [ 35.04336078957548, 46.185363499309865 ] ] ], [ [ [ 38.289359152428581, 47.041052555798963 ], [ 38.291871691627186, 47.040661213762334 ], [ 38.291299217363914, 47.038943626573769 ], [ 38.293811631013618, 47.038552255229675 ], [ 38.293239136654577, 47.036834685555185 ], [ 38.295751424767239, 47.036443284910817 ], [ 38.295178910323841, 47.03472573275107 ], [ 38.297691072911292, 47.034334302813498 ], [ 38.29711853839494, 47.032616768169113 ], [ 38.301569932463849, 47.030116303314671 ], [ 38.300424835927252, 47.026681298235268 ], [ 38.302936549251953, 47.026289803834054 ], [ 38.302364007304448, 47.024572315882942 ], [ 38.304875595163033, 47.024180792218495 ], [ 38.304303033187914, 47.022463321784507 ], [ 38.306814495592235, 47.022071768863938 ], [ 38.306241913600893, 47.020354315947678 ], [ 38.308753250562795, 47.019962733778172 ], [ 38.308180648566584, 47.018245298380236 ], [ 38.31069186009794, 47.017853686968913 ], [ 38.310119238108285, 47.016136269089941 ], [ 38.314568642954974, 47.013635558210993 ], [ 38.3134233717821, 47.010200786672257 ], [ 38.315934134421525, 47.009809110959502 ], [ 38.315361505231522, 47.008091739780021 ], [ 38.317872142499411, 47.007700034855347 ], [ 38.317299493361212, 47.005982681196585 ], [ 38.319810005269396, 47.00559094706712 ], [ 38.319237336194362, 47.003873610929681 ], [ 38.321747722754701, 47.003481847602565 ], [ 38.321175033754209, 47.001764528987103 ], [ 38.325622721964088, 46.999263613675474 ], [ 38.324477317034074, 46.995829040671779 ], [ 38.326987255025855, 46.995437213182555 ], [ 38.326414559021558, 46.99371994127165 ], [ 38.328924371724447, 46.993328084614646 ], [ 38.328351655839867, 46.991610830227401 ], [ 38.330861343265731, 46.991218944409773 ], [ 38.330288607512216, 46.989501707546836 ], [ 38.332798169672891, 46.989109792575682 ], [ 38.332225414061789, 46.987392573237685 ], [ 38.336671387177532, 46.984891454050818 ], [ 38.335525849290384, 46.981457079610124 ], [ 38.338034963205637, 46.981065100616078 ], [ 38.337462200786895, 46.979347927987703 ], [ 38.331871500598531, 46.97841456139021 ], [ 38.330726529208725, 46.97498009324007 ], [ 38.325136356431251, 46.974046311893211 ], [ 38.323991990990947, 46.970611715048875 ], [ 38.321483173996903, 46.971003320286229 ], [ 38.320911142728271, 46.969285989703188 ], [ 38.315321662237317, 46.968351612719296 ], [ 38.314178152758601, 46.964916828813628 ], [ 38.308589199667111, 46.963982037325614 ], [ 38.307446295679114, 46.960547124891129 ], [ 38.304937723186761, 46.960938304043005 ], [ 38.304366422529583, 46.959220815706232 ], [ 38.298778161752111, 46.958285428919275 ], [ 38.297636113107252, 46.954850329659806 ], [ 38.295127672951637, 46.955241257919234 ], [ 38.294556799900121, 46.95352367619428 ], [ 38.288969231462971, 46.952587694304263 ], [ 38.287828037806449, 46.949152408358735 ], [ 38.282240996757388, 46.948216012352006 ], [ 38.281100407869317, 46.944780598140049 ], [ 38.278592212660179, 46.945171100615298 ], [ 38.278022069372412, 46.943453361455383 ], [ 38.272435720690098, 46.942516370683677 ], [ 38.271295986172092, 46.939080770021683 ], [ 38.265710164865204, 46.938143365378401 ], [ 38.264571034657095, 46.934707636614981 ], [ 38.262063084670324, 46.935097713497406 ], [ 38.261493670607912, 46.93337981710296 ], [ 38.255908541693529, 46.9324418180328 ], [ 38.254770265237291, 46.929005903055128 ], [ 38.249185663685218, 46.928067490358501 ], [ 38.248047991080448, 46.924631447444263 ], [ 38.245540286591321, 46.925021098925271 ], [ 38.244971601215994, 46.923303045496652 ], [ 38.239387692081486, 46.922364038711173 ], [ 38.2382508726105, 46.91892780981825 ], [ 38.232667490824703, 46.917988389651427 ], [ 38.231531274746892, 46.914552032986677 ], [ 38.229023816030036, 46.914941259257773 ], [ 38.228455858803613, 46.91322304899505 ], [ 38.22287316945976, 46.912283035077373 ], [ 38.22173780589776, 46.908846492669348 ], [ 38.216155643888548, 46.907906065615364 ], [ 38.215020883261509, 46.904469395600067 ], [ 38.212513670590958, 46.904858196852793 ], [ 38.21194644097536, 46.90313982995594 ], [ 38.206364971431817, 46.902198809489093 ], [ 38.20523106270273, 46.898761953965753 ], [ 38.202723983305368, 46.899150504939826 ], [ 38.202157179572943, 46.897432045313124 ], [ 38.196576402519099, 46.896490431629246 ], [ 38.195443345333494, 46.893053390736149 ], [ 38.189863095598753, 46.892111364303148 ], [ 38.188730640626723, 46.888674196063874 ], [ 38.186223807714875, 46.889062322321429 ], [ 38.18565773074647, 46.887343706377834 ], [ 38.180078173524073, 46.886401087065742 ], [ 38.178946569477837, 46.882963733691632 ], [ 38.173367539559266, 46.882020701875391 ], [ 38.172236537268667, 46.878583221319303 ], [ 38.169729951114718, 46.878970923051966 ], [ 38.169164600372568, 46.87725215099104 ], [ 38.163586262988304, 46.876308526633629 ], [ 38.162456111005916, 46.872870861177375 ], [ 38.156878300909739, 46.871926824560788 ], [ 38.155748750225165, 46.868489032086636 ], [ 38.153242411100898, 46.868876309486204 ], [ 38.152677786047313, 46.867157381507198 ], [ 38.147100668506717, 46.86621275268736 ], [ 38.145971967512892, 46.862774775547514 ], [ 38.143465762258181, 46.863161803062638 ], [ 38.139831301235475, 46.860110685581574 ], [ 38.132312653026119, 46.861271157286168 ], [ 38.131748846069151, 46.859552033109416 ], [ 38.12422994848022, 46.860711963300659 ], [ 38.123666410587383, 46.858992764113232 ], [ 38.116147263859986, 46.860152152767377 ], [ 38.115583995043629, 46.858432878603502 ], [ 38.10555803064706, 46.859977903091121 ], [ 38.104995103362349, 46.858258530915158 ], [ 38.097475303799015, 46.859416678953956 ], [ 38.0969126456271, 46.857697231879861 ], [ 38.089392597717449, 46.858854838292878 ], [ 38.088830208670593, 46.857135316354892 ], [ 38.081309912655811, 46.858292381118559 ], [ 38.080747792746216, 46.856572784350924 ], [ 38.073227248867504, 46.857729307441708 ], [ 38.072665398107368, 46.856009635878671 ], [ 38.065144606605962, 46.857165617273125 ], [ 38.064583025007401, 46.855445870948955 ], [ 38.057061986124545, 46.856601310623603 ], [ 38.056500673699716, 46.854881489572577 ], [ 38.046472189103994, 46.856421248422876 ], [ 38.045911218395467, 46.854701329680879 ], [ 38.038389530689081, 46.855855528243602 ], [ 38.037828829190069, 46.854135534853086 ], [ 38.030306894894757, 46.855289191608392 ], [ 38.029746462617304, 46.853569123603663 ], [ 38.022224281974353, 46.854722238528282 ], [ 38.021664118930424, 46.853002095943594 ], [ 38.01414169218112, 46.854154669014349 ], [ 38.013581798382688, 46.852434451883994 ], [ 38.006059125768374, 46.853586483077699 ], [ 38.005499501227348, 46.851866191435967 ], [ 37.997976582989345, 46.853017680729522 ], [ 37.997417227717641, 46.851297314610683 ], [ 37.987386239991459, 46.852831805958402 ], [ 37.986827226618587, 46.851111342470027 ], [ 37.979303663571812, 46.85226159016041 ], [ 37.978744919503519, 46.850541052273343 ], [ 37.971221111625994, 46.851690757977011 ], [ 37.970662636874096, 46.849970145725592 ], [ 37.96313858440719, 46.851119309419587 ], [ 37.962580378983439, 46.849398622838109 ], [ 37.955056082168575, 46.850547244499531 ], [ 37.954498146084688, 46.848826483622304 ], [ 37.946973605163272, 46.849974563228336 ], [ 37.94641593843096, 46.848253728089674 ], [ 37.936382789436919, 46.849783672905119 ], [ 37.935825464760654, 46.848062740674472 ], [ 37.928300282495677, 46.849209578254289 ], [ 37.927743227205816, 46.847488571840685 ], [ 37.920217801627544, 46.848634867279443 ], [ 37.919661015735677, 46.846913786717188 ], [ 37.912135347085588, 46.848059539992249 ], [ 37.911578830603304, 46.846338385315697 ], [ 37.904052919122876, 46.847483596404423 ], [ 37.903496672061692, 46.845762367647893 ], [ 37.895970517992438, 46.846907036527718 ], [ 37.895414540363852, 46.845185733725572 ], [ 37.885379242817194, 46.846711130626453 ], [ 37.8848236074003, 46.844989731010067 ], [ 37.877296815454365, 46.84613315744464 ], [ 37.876741449504458, 46.844411683861196 ], [ 37.869214415763288, 46.845554568002086 ], [ 37.868659319291751, 46.843833020485874 ], [ 37.861132043996911, 46.844975362310748 ], [ 37.860577217015134, 46.843253740896124 ], [ 37.853049700408157, 46.844395540382628 ], [ 37.852495142927481, 46.84267384510396 ], [ 37.842458030607958, 46.844195415911308 ], [ 37.841903815470317, 46.842473624052211 ], [ 37.834375663902946, 46.843614180740076 ], [ 37.833821718300399, 46.841892315095514 ], [ 37.826293326214781, 46.843032329361023 ], [ 37.825739650158567, 46.841310389965365 ], [ 37.818211017796315, 46.842449861786349 ], [ 37.817657611297633, 46.840727848673978 ], [ 37.81012873890041, 46.841866778028354 ], [ 37.809575601970415, 46.840144691233618 ], [ 37.80204648977984, 46.841283078099316 ], [ 37.801493622429703, 46.83956091765662 ], [ 37.791454384978593, 46.841077938028171 ], [ 37.790901860124222, 46.839355681283223 ], [ 37.783372116443225, 46.840492824938572 ], [ 37.782819861202249, 46.838770494624285 ], [ 37.775289878522109, 46.839907095707865 ], [ 37.77473789290557, 46.83818469185865 ], [ 37.767207671467972, 46.839320750348584 ], [ 37.766655955486861, 46.837598272998811 ], [ 37.75912549553351, 46.838733788873299 ], [ 37.758574049198835, 46.837011238057357 ], [ 37.748533016676546, 46.838524430208963 ], [ 37.747981912966502, 46.836801783324894 ], [ 37.740450824441631, 46.837936055641812 ], [ 37.739899990411196, 46.836213335370282 ], [ 37.732368664165016, 46.837347064989409 ], [ 37.731818099825041, 46.835624271364807 ], [ 37.724286536099356, 46.836757458264536 ], [ 37.723736241460692, 46.835034591321275 ], [ 37.713693738819984, 46.836544677983539 ], [ 37.713143786911679, 46.8348217151621 ], [ 37.705611596981605, 46.835953658219992 ], [ 37.705061914807473, 46.834230622158628 ], [ 37.697529488192536, 46.835362022415389 ], [ 37.696980075763342, 46.833638913148519 ], [ 37.689447412705377, 46.834769770582724 ], [ 37.688898270031792, 46.833046588144782 ], [ 37.681365370772632, 46.834176902735017 ], [ 37.680816497865372, 46.83245364716042 ], [ 37.670772216460627, 46.833959903848438 ], [ 37.670223686410573, 46.832236552630036 ], [ 37.662690163868014, 46.833365623036322 ], [ 37.66214190361675, 46.831642198760058 ], [ 37.654608145667943, 46.832770726241456 ], [ 37.654060155226055, 46.831047228941749 ], [ 37.64652616211287, 46.832175213477022 ], [ 37.645978441490861, 46.830451643188319 ], [ 37.638444213455188, 46.831579084756306 ], [ 37.637896762663608, 46.829855441513061 ], [ 37.627850711504855, 46.831357867278349 ], [ 37.627303603696248, 46.829634128625862 ], [ 37.619768755299319, 46.830760325670624 ], [ 37.619221917353229, 46.829036514142409 ], [ 37.616710273567371, 46.829411784989873 ], [ 37.615616895159867, 46.825964100711076 ], [ 37.610047281724405, 46.824990498771662 ], [ 37.608954498141671, 46.821542692097658 ], [ 37.606443068992974, 46.821917692075694 ], [ 37.605896825871667, 46.820193758152264 ], [ 37.600327916349229, 46.819219570422732 ], [ 37.59923597432023, 46.81577158569192 ], [ 37.596724686750768, 46.816146337340399 ], [ 37.596178864339784, 46.814422314412283 ], [ 37.593667599605723, 46.814796990779278 ], [ 37.592576251938873, 46.81134888381456 ], [ 37.587008412011585, 46.810373881822301 ], [ 37.585917658510411, 46.806925652690005 ], [ 37.583406608612485, 46.807300058381735 ], [ 37.582861380367191, 46.805575913286013 ], [ 37.577294244342347, 46.804600325987749 ], [ 37.576204331503781, 46.801151919124329 ], [ 37.570637730234566, 46.800175924993205 ], [ 37.569548411099255, 46.796727396123288 ], [ 37.567037621952757, 46.797101380768375 ], [ 37.566493110774793, 46.795377085844137 ], [ 37.560927213407176, 46.794400506747778 ], [ 37.559838734309601, 46.790951800377357 ], [ 37.554273371665609, 46.789974814694844 ], [ 37.553185485808953, 46.786525986478871 ], [ 37.550674957669067, 46.786899550273183 ], [ 37.550131163014868, 46.785175105716142 ], [ 37.544566504271003, 46.784197535409149 ], [ 37.543479457827367, 46.780748529923045 ], [ 37.537915333774599, 46.77977055327657 ], [ 37.536828880109745, 46.776321426105746 ], [ 37.534318613230994, 46.77669456924518 ], [ 37.533775534557172, 46.774969975250904 ], [ 37.528212114402443, 46.773991414320676 ], [ 37.52712649952597, 46.770542110109886 ], [ 37.521563614029411, 46.76956314308682 ], [ 37.520478591469676, 46.766113717351985 ], [ 37.517968586106043, 46.766486440032487 ], [ 37.517426222869268, 46.76476169679637 ], [ 37.511864041267991, 46.763782145830248 ], [ 37.510779856872198, 46.760332543285422 ], [ 37.505218209895702, 46.759352586473021 ], [ 37.504134617354723, 46.755902862564668 ], [ 37.501624873759532, 46.75627516498227 ], [ 37.501083225416671, 46.754550272699525 ], [ 37.49552228233204, 46.753569732284724 ], [ 37.494439527330705, 46.750119831796177 ], [ 37.488879118837033, 46.749138885781683 ], [ 37.48779695522871, 46.745688864089985 ], [ 37.485287473654694, 46.74606074644074 ], [ 37.484746539662723, 46.744335705306391 ], [ 37.479186835056865, 46.74335417603011 ], [ 37.478105508364038, 46.739903977987794 ], [ 37.472546338314871, 46.738922043358329 ], [ 37.471465602553408, 46.735471724273118 ], [ 37.468956383252653, 46.735843186753122 ], [ 37.468416163068717, 46.73411799696207 ], [ 37.46285769690266, 46.733135479411395 ], [ 37.461777797432646, 46.729684984204937 ], [ 37.456219865788583, 46.728702061547558 ], [ 37.455140556788436, 46.725251445458284 ], [ 37.452631600012431, 46.725622488263731 ], [ 37.452092093093789, 46.72389715001065 ], [ 37.446534865327472, 46.722913644772653 ], [ 37.445456391994902, 46.719462852791295 ], [ 37.439899698715408, 46.718478942693025 ], [ 37.438821815391321, 46.715028029988822 ], [ 37.43631312139096, 46.71539865331588 ], [ 37.432726985013304, 46.712318201103024 ], [ 37.427709640952742, 46.71305909503176 ], [ 37.427171165023594, 46.71133353129607 ], [ 37.424662491604337, 46.711703876890809 ], [ 37.424124138284583, 46.709978285661499 ], [ 37.421615488291792, 46.710348556280415 ], [ 37.421077257569742, 46.708622937563618 ], [ 37.418568631014551, 46.708993133210996 ], [ 37.414983934210404, 46.70591193401961 ], [ 37.409966725371596, 46.706651972672319 ], [ 37.409428935389286, 46.704926249352674 ], [ 37.406920329679451, 46.705296167329628 ], [ 37.403336535138976, 46.702214481342814 ], [ 37.398319368210139, 46.702953964703774 ], [ 37.39473620734784, 46.699871921931837 ], [ 37.389719035567495, 46.700610999947706 ], [ 37.38613650839465, 46.697528600493712 ], [ 37.375565390528912, 46.697279708627235 ], [ 37.371983862240036, 46.694196725817719 ], [ 37.366966629766239, 46.694934737805191 ], [ 37.366430429917656, 46.693208629540919 ], [ 37.361413145957457, 46.693946386105615 ], [ 37.360877141588077, 46.692220228351097 ], [ 37.35585980622097, 46.692957729496364 ], [ 37.355323997324028, 46.691231522268978 ], [ 37.350306610629481, 46.691968767998198 ], [ 37.34977099719822, 46.690242511315361 ], [ 37.334182965820155, 46.690726454082075 ], [ 37.333647889452138, 46.689000054378099 ], [ 37.32863015207991, 46.689736322625286 ], [ 37.328095271167619, 46.688009873532202 ], [ 37.320568514799426, 46.68911381355192 ], [ 37.320033902430929, 46.687387293024358 ], [ 37.309997830120345, 46.688858385271665 ], [ 37.309463559415867, 46.687131771294069 ], [ 37.299426991937338, 46.688601930046012 ], [ 37.298893062932997, 46.686875222675582 ], [ 37.286346612343259, 46.688711622030091 ], [ 37.28581309822421, 46.686984799302572 ], [ 37.265736806379017, 46.689920113756216 ], [ 37.265203926765139, 46.688193109757329 ], [ 37.217511533328349, 46.695150500120477 ], [ 37.218043021331219, 46.696877921518166 ], [ 37.197956133183069, 46.699801810120185 ], [ 37.198487083602792, 46.701529401786466 ], [ 37.185930820523723, 46.703355221075377 ], [ 37.186461453079112, 46.705082917140849 ], [ 37.166898395141935, 46.709729515042319 ], [ 37.166368300902739, 46.708001648970665 ], [ 37.163856436822194, 46.708366252035212 ], [ 37.160284775740266, 46.705274966994892 ], [ 37.155261096936293, 46.706003820667156 ], [ 37.154731443031828, 46.704275851644709 ], [ 37.152219603782228, 46.704640177125846 ], [ 37.148648848137427, 46.701548408681397 ], [ 37.143625219213156, 46.702276707237182 ], [ 37.143096005539967, 46.700548635347161 ], [ 37.140584191294678, 46.700912683282056 ], [ 37.137014341053444, 46.697820431636956 ], [ 37.131990762355507, 46.698548175150769 ], [ 37.12842154840267, 46.695455569262371 ], [ 37.117845889580728, 46.695181739581493 ], [ 37.114277679165362, 46.692088554204204 ], [ 37.109254055059246, 46.69281523147982 ], [ 37.10872611276563, 46.691086856602446 ], [ 37.098150974328, 46.690811020666537 ], [ 37.097095920796363, 46.687354070937815 ], [ 37.094584134843828, 46.687717030850635 ], [ 37.09352942283008, 46.684260017104407 ], [ 37.091017735148718, 46.684622880437708 ], [ 37.089963364572604, 46.681165802694899 ], [ 37.087451775166514, 46.68152856946277 ], [ 37.086397745947799, 46.678071427744186 ], [ 37.083886254821131, 46.678434097960789 ], [ 37.082832566879596, 46.674976892287283 ], [ 37.080321174036442, 46.675339465966708 ], [ 37.079267827291879, 46.671882196359164 ], [ 37.076756532736354, 46.672244673515493 ], [ 37.072139666253548, 46.665692323229024 ], [ 37.066591309127034, 46.664688088703258 ], [ 37.065539229350186, 46.661230573745136 ], [ 37.059991411000766, 46.660225938063959 ], [ 37.058939915841513, 46.656768305625739 ], [ 37.053392636242585, 46.655763268892869 ], [ 37.052341725504206, 46.652305519039366 ], [ 37.04983099724042, 46.652667289680672 ], [ 37.049305687940233, 46.650938385412189 ], [ 37.046794984629067, 46.651300081358507 ], [ 37.046269797158317, 46.649571150294499 ], [ 37.040723399784184, 46.648565360266112 ], [ 37.039673560493839, 46.645107385920397 ], [ 37.037163005495202, 46.645468836102808 ], [ 37.036638231834814, 46.643739819618474 ], [ 37.034127701831878, 46.644101195127575 ], [ 37.033603049942151, 46.642372151873943 ], [ 37.031092544945807, 46.642733452714104 ], [ 37.030568014814868, 46.64100438269724 ], [ 37.025022671501539, 46.63999766361421 ], [ 37.022401721625485, 46.631351995371851 ], [ 37.024911809727776, 46.630990952277891 ], [ 37.020196483732541, 46.615428625781789 ], [ 37.022705863603619, 46.615067724835036 ], [ 37.015900787470372, 46.592588367460841 ], [ 37.013392359948931, 46.592948986781558 ], [ 37.008686585926789, 46.577385659846357 ], [ 37.006178768980696, 46.577746031459995 ], [ 37.00304419258935, 46.56737012334149 ], [ 37.000536766445705, 46.567730312286272 ], [ 36.998448303841251, 46.560812852902494 ], [ 36.995941122123597, 46.561172902497802 ], [ 36.994375499502894, 46.55598469022204 ], [ 36.991868489057943, 46.556344622123191 ], [ 36.989781957586324, 46.549426848848142 ], [ 36.987275191494831, 46.549786641474334 ], [ 36.986232360211304, 46.546327681447366 ], [ 36.9837256922672, 46.54668737803933 ], [ 36.978092511762831, 46.536669761944147 ], [ 36.975586186260088, 46.537029223332453 ], [ 36.974544561438627, 46.533570053365011 ], [ 36.972038334081965, 46.53392941877231 ], [ 36.970997047220607, 46.530470185568724 ], [ 36.968490918013856, 46.530829455009076 ], [ 36.967449969033076, 46.527370158589946 ], [ 36.964943937980067, 46.527729332077385 ], [ 36.960357120446886, 46.521169627223593 ], [ 36.954825484266138, 46.520157775648322 ], [ 36.95024072236285, 46.513597445767125 ], [ 36.944709987607617, 46.51258497224994 ], [ 36.943671210261066, 46.509125253891568 ], [ 36.938141011773304, 46.50811238191632 ], [ 36.937102813368512, 46.50465254744617 ], [ 36.934597446889811, 46.50501092256075 ], [ 36.934078492386902, 46.503280976309675 ], [ 36.931573151120347, 46.503639277116079 ], [ 36.931054317403273, 46.50190930435231 ], [ 36.925524997606352, 46.500895683787682 ], [ 36.924487860998035, 46.497435627259001 ], [ 36.921982668429266, 46.497793683659118 ], [ 36.921464244740932, 46.496063626408734 ], [ 36.918959077426628, 46.496421608522411 ], [ 36.918440774465644, 46.494691524785303 ], [ 36.915935632416499, 46.495049432616881 ], [ 36.915417450171077, 46.493319322399095 ], [ 36.912912333397806, 46.49367715595298 ], [ 36.912394271856144, 46.491947019260564 ], [ 36.90988918036944, 46.492304778541119 ], [ 36.909371239519722, 46.490574615380062 ], [ 36.906866173330307, 46.490932300391684 ], [ 36.906348353160723, 46.489202110768041 ], [ 36.903843312279285, 46.489559721515121 ], [ 36.903325612778055, 46.487829505434924 ], [ 36.900820597215279, 46.488187041921826 ], [ 36.900303018370572, 46.4864567993911 ], [ 36.89779802813716, 46.486814261622222 ], [ 36.89728056993718, 46.485083992646977 ], [ 36.89477560504384, 46.485441380626732 ], [ 36.894258267476758, 46.483711085213017 ], [ 36.891753327934161, 46.484068398945752 ], [ 36.888214100470371, 46.480964968317139 ], [ 36.883204275245198, 46.48167924604072 ], [ 36.882687372495873, 46.479948849894136 ], [ 36.880182461473801, 46.480305888132165 ], [ 36.879665679309582, 46.478575465575396 ], [ 36.877160793692234, 46.478932429584198 ], [ 36.873622730869911, 46.475828395048147 ], [ 36.868613013761909, 46.476541973393033 ], [ 36.865075582441364, 46.473437589206334 ], [ 36.860065872062599, 46.474150765130091 ], [ 36.859549838635601, 46.472420167764461 ], [ 36.857044985162844, 46.472776655127269 ], [ 36.856529072248911, 46.471046031395986 ], [ 36.851519368786398, 46.471758804930055 ], [ 36.847983200484514, 46.468653721751679 ], [ 36.842973504125226, 46.469366092927615 ], [ 36.842458098685071, 46.467635347332156 ], [ 36.837448358492139, 46.468347464550135 ], [ 36.836933146526754, 46.466616671228344 ], [ 36.83192336257823, 46.46732853449268 ], [ 36.831408344079911, 46.465597693461866 ], [ 36.82639851645385, 46.466309302776864 ], [ 36.825883691414901, 46.464578414054294 ], [ 36.820873820189355, 46.46528976942426 ], [ 36.820359188602076, 46.463558833027214 ], [ 36.81534927385507, 46.464269934456517 ], [ 36.814834835711743, 46.462538950402262 ], [ 36.807319827379807, 46.463605142433508 ], [ 36.806805655711742, 46.461874089384551 ], [ 36.801795559459869, 46.462584577330567 ], [ 36.801281581224977, 46.460853476666088 ], [ 36.793766300981595, 46.4619187484668 ], [ 36.793252589225908, 46.460187578866304 ], [ 36.78573710233114, 46.461252311321992 ], [ 36.785223657061564, 46.459521072819854 ], [ 36.777707963753123, 46.46058526591446 ], [ 36.777194784976551, 46.458853958544999 ], [ 36.76717349116246, 46.460272057841308 ], [ 36.766660651974817, 46.458540660334023 ], [ 36.751627732791469, 46.460666096419232 ], [ 36.751115379449274, 46.458934566256019 ], [ 36.733575338178625, 46.461411688156467 ], [ 36.73306354394208, 46.459680004193174 ], [ 36.680431102552717, 46.467095378504624 ], [ 36.680941359501162, 46.468827508353364 ], [ 36.663392088454152, 46.471294263541886 ], [ 36.663901879441923, 46.473026536892107 ], [ 36.651364909543503, 46.474787022678306 ], [ 36.651874380914236, 46.47651939707108 ], [ 36.641843666262361, 46.477926917197799 ], [ 36.642352891194406, 46.479659371414705 ], [ 36.634829142169458, 46.48071451882393 ], [ 36.635338193922387, 46.482447031677609 ], [ 36.625305577976071, 46.483853237762773 ], [ 36.62581438306357, 46.485585830377119 ], [ 36.620797646761595, 46.486288657755367 ], [ 36.621306351922136, 46.488021287825333 ], [ 36.613780675387567, 46.489075194782032 ], [ 36.614289207134817, 46.490807883431508 ], [ 36.609271708062437, 46.491510265271302 ], [ 36.60978013978675, 46.493242991357675 ], [ 36.604762306228139, 46.493945203364177 ], [ 36.60527063788971, 46.495677966880372 ], [ 36.597743315501113, 46.496730950524864 ], [ 36.598251473558733, 46.498463772578155 ], [ 36.593232877271049, 46.499165538706748 ], [ 36.591739524444655, 46.502982098536819 ], [ 36.586720352878658, 46.503683630790206 ], [ 36.587228283891633, 46.505416543954802 ], [ 36.577696767952595, 46.508552048848642 ], [ 36.576202137957374, 46.512368578571348 ], [ 36.57118172195392, 46.513069536578179 ], [ 36.569686549987864, 46.516886056547357 ], [ 36.56466555852144, 46.517586780328642 ], [ 36.565173034652254, 46.519319875597581 ], [ 36.562662395040093, 46.519670178911987 ], [ 36.563169844354505, 46.521403290464342 ], [ 36.560659084267904, 46.521753561746181 ], [ 36.559163021827857, 46.52557007293958 ], [ 36.554140972872503, 46.526270434202999 ], [ 36.55464826798066, 46.528003615672716 ], [ 36.552137099587078, 46.52835373768125 ], [ 36.552644367819461, 46.530086935429146 ], [ 36.550133078910015, 46.530437025370681 ], [ 36.548636125263471, 46.534253527564729 ], [ 36.541101394914527, 46.535303445464471 ], [ 36.5405944016577, 46.53357015197772 ], [ 36.535571161566033, 46.534269789354909 ], [ 36.535064362577025, 46.532536448975861 ], [ 36.530041082848065, 46.533235831621155 ], [ 36.529534478118563, 46.531502444367142 ], [ 36.524511158830606, 46.532201572285373 ], [ 36.52400474835234, 46.530468138173767 ], [ 36.516469640099942, 46.531516368219506 ], [ 36.515963497622522, 46.529782866240339 ], [ 36.510940006018174, 46.530481378384138 ], [ 36.510434057779854, 46.5287478295892 ], [ 36.499881202773068, 46.5284104941368 ], [ 36.498870129870681, 46.524943204624726 ], [ 36.496358422352877, 46.525292084214406 ], [ 36.493326765872354, 46.514889975405687 ], [ 36.490815454226784, 46.515238675856743 ], [ 36.488290724666214, 46.506570016053765 ], [ 36.485779735036203, 46.506918558425163 ], [ 36.484265677561282, 46.501717242547755 ], [ 36.481754862468769, 46.502065668844281 ], [ 36.479737065883882, 46.495130430599694 ], [ 36.477226498995314, 46.495478719880715 ], [ 36.475713861298736, 46.490277178444913 ], [ 36.473203468901374, 46.490625351710605 ], [ 36.472195423712215, 46.48715759177513 ], [ 36.469685132131829, 46.487505670005461 ], [ 36.468173634081623, 46.48230393167303 ], [ 36.465663516971773, 46.482651893934097 ], [ 36.464656231316539, 46.479184002784244 ], [ 36.462146215022578, 46.479531870043765 ], [ 36.460635855927912, 46.474329934964942 ], [ 36.458126014083774, 46.474677686301227 ], [ 36.453603552838402, 46.468089237353105 ], [ 36.448081346040873, 46.467050216617046 ], [ 36.443560925104634, 46.460461158116999 ], [ 36.438039628813421, 46.459421523295326 ], [ 36.437034913360606, 46.455953155482341 ], [ 36.434525630106677, 46.456300284138557 ], [ 36.433521247190413, 46.452831855648562 ], [ 36.431012064784625, 46.453178889425331 ], [ 36.430510016398408, 46.451444647209918 ], [ 36.424989804913736, 46.450404225018971 ], [ 36.423986233988138, 46.446935633466587 ], [ 36.421477207001367, 46.447282424447771 ], [ 36.420975564543717, 46.445548100723798 ], [ 36.418466564856601, 46.445894817746606 ], [ 36.417965042246628, 46.444160468437076 ], [ 36.412445722038655, 46.443119305736538 ], [ 36.411443202377967, 46.439650500106275 ], [ 36.408934358223071, 46.439996974418257 ], [ 36.408433241313453, 46.438262543684836 ], [ 36.405924424498998, 46.43860894406069 ], [ 36.405423427377698, 46.436874487767405 ], [ 36.402914637914108, 46.437220814211642 ], [ 36.402413760569061, 46.435486332364448 ], [ 36.399904998466717, 46.435832584881567 ], [ 36.399404240885914, 46.434098077486446 ], [ 36.396895506155211, 46.434444256080972 ], [ 36.396394868326595, 46.432709723143887 ], [ 36.393886160977907, 46.433055827820326 ], [ 36.393385642889456, 46.431321269347237 ], [ 36.390876962933163, 46.431667300110114 ], [ 36.39037656457284, 46.429932716107011 ], [ 36.387867912019352, 46.430278672960846 ], [ 36.387367633375085, 46.428544063433677 ], [ 36.384859008234756, 46.428889946382974 ], [ 36.384358849294529, 46.427155311337735 ], [ 36.38185025157776, 46.427501120386992 ], [ 36.381350212329522, 46.425766459829624 ], [ 36.378841642046666, 46.426112194983396 ], [ 36.375333379739438, 46.422988458618953 ], [ 36.37031630287666, 46.423679580297829 ], [ 36.369816696192174, 46.421944822431726 ], [ 36.367308162189524, 46.422290282852657 ], [ 36.366808675148008, 46.420555499502484 ], [ 36.364300168631964, 46.420900886046311 ], [ 36.363800801221373, 46.41916607721803 ], [ 36.358284622898807, 46.418121794392079 ], [ 36.357286412568072, 46.414652070185944 ], [ 36.354778062129782, 46.414997214338356 ], [ 36.352782487995562, 46.408057626724279 ], [ 36.350274385713185, 46.4084026346803 ], [ 36.348279841779693, 46.401462889255086 ], [ 36.34577198760428, 46.401807761055672 ], [ 36.340274532856299, 46.391742572513657 ], [ 36.337767027781574, 46.392087213638412 ], [ 36.336771024102383, 46.388617132408754 ], [ 36.334263620072953, 46.388961678986242 ], [ 36.332770179368673, 46.383756459957915 ], [ 36.330262949859517, 46.384100891256558 ], [ 36.329267699156269, 46.38063068047277 ], [ 36.326760570690681, 46.380975017257896 ], [ 36.325765650433169, 46.37750474638527 ], [ 36.323258623013722, 46.377848988671083 ], [ 36.322264033122899, 46.374378657729558 ], [ 36.319757106752135, 46.374722805530176 ], [ 36.315262092434814, 46.368126016849864 ], [ 36.309751848992704, 46.367078607672504 ], [ 36.305258861821102, 46.360481214933266 ], [ 36.302752367314589, 46.360824911222494 ], [ 36.302255993997534, 46.359089572708037 ], [ 36.299749527145359, 46.359433195289583 ], [ 36.298757064621903, 46.355962462958679 ], [ 36.293248271522373, 46.354914051824601 ], [ 36.292256377076001, 46.351443208936381 ], [ 36.289750140070083, 46.351786569052379 ], [ 36.289254334830112, 46.350051119980606 ], [ 36.286748125517867, 46.350394406415425 ], [ 36.286252439386878, 46.348658932036962 ], [ 36.280744536850406, 46.347609784202028 ], [ 36.279753686626812, 46.344138729631524 ], [ 36.277247633855367, 46.344481774383752 ], [ 36.276752350642646, 46.342746219500086 ], [ 36.274246325605034, 46.343089190593432 ], [ 36.273751161442, 46.341353610428612 ], [ 36.271245164148446, 46.34169650786761 ], [ 36.270750119023091, 46.339960902427563 ], [ 36.268244149483877, 46.340303726216767 ], [ 36.267749223384129, 46.338568095507441 ], [ 36.265243281609486, 46.338910845651341 ], [ 36.264748474523344, 46.337175189678646 ], [ 36.262242560523518, 46.337517866181827 ], [ 36.261747872438939, 46.335782184951718 ], [ 36.259241986224168, 46.336124787818683 ], [ 36.258747417129115, 46.334389081337065 ], [ 36.256241558709647, 46.334731610572362 ], [ 36.255747108592061, 46.332995878845189 ], [ 36.253241277978141, 46.333338334453366 ], [ 36.252746946825994, 46.331602577486557 ], [ 36.250241144027846, 46.331944959472132 ], [ 36.249746931829115, 46.33020917727162 ], [ 36.247241156856973, 46.330551485639127 ], [ 36.246747063599599, 46.328815678210859 ], [ 36.244241316463686, 46.329157912964845 ], [ 36.243747342135642, 46.327422080314726 ], [ 36.241241622846189, 46.327764241459739 ], [ 36.240747767435444, 46.326028383593716 ], [ 36.238242076002685, 46.326370471134261 ], [ 36.237748339497173, 46.32463458805826 ], [ 36.235242675931332, 46.324976601998934 ], [ 36.23174992389913, 46.321846700585951 ], [ 36.226738662811037, 46.322530381103718 ], [ 36.226245356331887, 46.320794401838207 ], [ 36.223739730953866, 46.321136142015568 ], [ 36.220247877092866, 46.318005774540175 ], [ 36.215236692586906, 46.31868890758583 ], [ 36.211745471257309, 46.315558198132905 ], [ 36.206734307709908, 46.316240930912791 ], [ 36.206241742162938, 46.314504784656414 ], [ 36.203736165662363, 46.314846050986638 ], [ 36.203243718909498, 46.31310987958615 ], [ 36.198232576503251, 46.313792212134366 ], [ 36.194742620229675, 46.31066081903775 ], [ 36.189731499147165, 46.311342751388501 ], [ 36.189239555489003, 46.309606463496756 ], [ 36.18422839979133, 46.310288142761856 ], [ 36.183736648276259, 46.308551809219438 ], [ 36.178725458040319, 46.309233235404328 ], [ 36.178233898659506, 46.307496856228454 ], [ 36.173222673962172, 46.308178029338578 ], [ 36.172731306706751, 46.306441604546443 ], [ 36.167720047624911, 46.307122524587271 ], [ 36.167228872486028, 46.305386054196106 ], [ 36.162217579096549, 46.306066721173089 ], [ 36.161726596065321, 46.304330205200131 ], [ 36.156715268445055, 46.305010619118768 ], [ 36.156224477512595, 46.30327405758122 ], [ 36.148707366995737, 46.304294219357033 ], [ 36.148216841582148, 46.302557591779156 ], [ 36.143205355289055, 46.303237393563556 ], [ 36.142715021960576, 46.301500720462663 ], [ 36.135197673776915, 46.302519964036662 ], [ 36.134707605966923, 46.300783224954223 ], [ 36.124684136262204, 46.302141392142353 ], [ 36.124194407431617, 46.30040456665003 ], [ 36.11667655135799, 46.301422573834131 ], [ 36.116187088063747, 46.299685682439133 ], [ 36.10616294200009, 46.301042201031294 ], [ 36.105673817726426, 46.299305223328432 ], [ 36.093142987760693, 46.300999575884724 ], [ 36.092654276034459, 46.299262491507839 ], [ 36.072603192852213, 46.301970533334533 ], [ 36.072115114320212, 46.300233281164722 ], [ 36.016961407910728, 46.307662430392135 ], [ 36.017447867423833, 46.309400130590006 ], [ 35.997385995874808, 46.312095428346794 ], [ 35.997871910884264, 46.313833286636786 ], [ 35.98533141526017, 46.315516221998273 ], [ 35.985817006548814, 46.317254177334256 ], [ 35.966234339835843, 46.321682384665991 ], [ 35.966719430702575, 46.32342049336296 ], [ 35.95215057308161, 46.327174299217901 ], [ 35.952635310679184, 46.328912520609862 ], [ 35.947616807243378, 46.329584035995573 ], [ 35.948101441929673, 46.331322293451613 ], [ 35.940573129720988, 46.332329228127577 ], [ 35.941057587601748, 46.334067541889326 ], [ 35.936038341434603, 46.334738606014753 ], [ 35.93652269630892, 46.336476955821027 ], [ 35.931503123512243, 46.337147847472508 ], [ 35.931987375340583, 46.338886233315904 ], [ 35.92696747591075, 46.339556952451879 ], [ 35.927451624653592, 46.341295374324936 ], [ 35.922431398586944, 46.341965920903824 ], [ 35.92291544420479, 46.343704378799096 ], [ 35.917894891497738, 46.344374752779345 ], [ 35.918378833951017, 46.34611324668942 ], [ 35.908820587850514, 46.349192006605037 ], [ 35.907277286574597, 46.35300410883427 ], [ 35.902255516609699, 46.353673898601954 ], [ 35.902739120009578, 46.35541251629008 ], [ 35.900228094023625, 46.355747351431553 ], [ 35.900711668088832, 46.357485984897025 ], [ 35.895689334098108, 46.358155535667116 ], [ 35.894144938105292, 46.361967605946646 ], [ 35.889122040029207, 46.362636917612043 ], [ 35.88960537792196, 46.364375638799977 ], [ 35.887093787850645, 46.364710234836721 ], [ 35.885548666619421, 46.368522287417157 ], [ 35.880524966949025, 46.36919129356906 ], [ 35.881008142498565, 46.370930082252116 ], [ 35.878496151605724, 46.371264525495334 ], [ 35.878979297701349, 46.373003329943501 ], [ 35.876467188064204, 46.373337740018641 ], [ 35.876950304693636, 46.375076560230937 ], [ 35.87443807630212, 46.375410937130717 ], [ 35.874921163453109, 46.377149773106154 ], [ 35.872408816297181, 46.377484116823318 ], [ 35.872891873957435, 46.37922296856091 ], [ 35.87037940802702, 46.379557279088218 ], [ 35.870862436184282, 46.381296146586926 ], [ 35.868349851469318, 46.381630423917102 ], [ 35.868832850111311, 46.383369307175954 ], [ 35.866320146601723, 46.383703551301743 ], [ 35.866803115716159, 46.385442450319715 ], [ 35.864290293401901, 46.385776661233898 ], [ 35.864773232976511, 46.387515576009967 ], [ 35.862260291847491, 46.387849753705268 ], [ 35.862743201869982, 46.389588684238468 ], [ 35.860230141916141, 46.38992282870759 ], [ 35.860713022374242, 46.391661774996919 ], [ 35.858199843585517, 46.391995886232621 ], [ 35.858682694466921, 46.393734848277056 ], [ 35.856169396833238, 46.394068926272084 ], [ 35.85665221812566, 46.395807904070629 ], [ 35.854138801636964, 46.396141948817721 ], [ 35.854621593328105, 46.39788094236939 ], [ 35.85210805797432, 46.398214953861242 ], [ 35.852590820051894, 46.399953963165025 ], [ 35.848046125160472, 46.402360911408934 ], [ 35.849011575415524, 46.40583898860929 ], [ 35.846497609127567, 46.406172920450643 ], [ 35.846980326917503, 46.407911972595848 ], [ 35.841952111882705, 46.408579716257982 ], [ 35.841469542677146, 46.406840623801834 ], [ 35.838955442526988, 46.407174395306598 ], [ 35.837990586535604, 46.403696156877125 ], [ 35.835476590368103, 46.404029834638919 ], [ 35.834512061336568, 46.400551538305002 ], [ 35.831998169153394, 46.400885122338146 ], [ 35.831033967002305, 46.39740676811936 ], [ 35.82552446037252, 46.396334471343152 ], [ 35.824560822661986, 46.392856010205847 ], [ 35.819051865649044, 46.391783325475338 ], [ 35.818088792181079, 46.388304757481322 ], [ 35.815575271440501, 46.388637913312785 ], [ 35.815093875730682, 46.386898602613122 ], [ 35.809585646568323, 46.385825358449374 ], [ 35.808623374616694, 46.382346634673034 ], [ 35.806110017422561, 46.382679549785671 ], [ 35.805629022403522, 46.380940161217033 ], [ 35.803115694993288, 46.381273002804107 ], [ 35.80263481867992, 46.379533589754452 ], [ 35.797127495631244, 46.378459614845816 ], [ 35.796166262181195, 46.37498068647794 ], [ 35.793653098423626, 46.375313287432803 ], [ 35.793172622570111, 46.373573796597334 ], [ 35.790659488635427, 46.373906324049507 ], [ 35.790179131427166, 46.372166808758294 ], [ 35.787666027325344, 46.372499262712452 ], [ 35.787185788750016, 46.3707597229714 ], [ 35.784672714491101, 46.371092103432197 ], [ 35.7841925945364, 46.369352539247195 ], [ 35.781679550130391, 46.369684846219293 ], [ 35.781199548783981, 46.367945257596226 ], [ 35.778686534240904, 46.368277491084321 ], [ 35.775213902653626, 46.365130400556346 ], [ 35.770187948740528, 46.365794520204346 ], [ 35.769708377376752, 46.364054838252571 ], [ 35.767195408154961, 46.364386797896969 ], [ 35.766715955349099, 46.362647091534932 ], [ 35.7642030160414, 46.362978977714455 ], [ 35.763723681781116, 46.361239246948003 ], [ 35.761210772397497, 46.361571059667313 ], [ 35.757739580014878, 46.35842326420866 ], [ 35.752713836727231, 46.359086542414232 ], [ 35.752234932260549, 46.357346718444063 ], [ 35.749722068443582, 46.357678257391008 ], [ 35.746251781141567, 46.354530001832636 ], [ 35.741226129191254, 46.355192732550265 ], [ 35.737756479988953, 46.352044139227132 ], [ 35.732730859638039, 46.352706469384906 ], [ 35.729261848528111, 46.349557538401761 ], [ 35.724236259957863, 46.350219468035895 ], [ 35.723758407396062, 46.348479413581487 ], [ 35.718255130704563, 46.347400990783903 ], [ 35.712877743193985, 46.337290925209089 ], [ 35.710365344046494, 46.337621489819981 ], [ 35.709410983058433, 46.334141147412559 ], [ 35.706898688221415, 46.334471618685718 ], [ 35.705467700057696, 46.329251012720185 ], [ 35.702955583725981, 46.329581370714806 ], [ 35.702001960386085, 46.326100905191716 ], [ 35.699489948360274, 46.326431169882575 ], [ 35.698536649623755, 46.32295064716137 ], [ 35.696024741905234, 46.3232808185628 ], [ 35.695071767692987, 46.31980023866285 ], [ 35.692559964283163, 46.320130316789111 ], [ 35.688143290015525, 46.313498970396012 ], [ 35.682644108051953, 46.312418306821691 ], [ 35.678229442205229, 46.30578637523314 ], [ 35.67571808622467, 46.306116007109679 ], [ 35.675242505948425, 46.304375552290949 ], [ 35.669744422370464, 46.303294117151239 ], [ 35.668793778023137, 46.299813106351365 ], [ 35.663296243575864, 46.298731285585106 ], [ 35.66234615918507, 46.295250169374206 ], [ 35.659835102508403, 46.295579395080942 ], [ 35.659360200265773, 46.29383881063417 ], [ 35.656849173826977, 46.294167963085478 ], [ 35.656374389577614, 46.292427354454361 ], [ 35.65386339338658, 46.292756433654951 ], [ 35.653388727118184, 46.291015800845337 ], [ 35.647892277219157, 46.289933082530894 ], [ 35.646943460366138, 46.286451715939506 ], [ 35.644432629087774, 46.286780555548582 ], [ 35.643958360511121, 46.285039845946962 ], [ 35.641447559518788, 46.285368612328263 ], [ 35.640973408862727, 46.28362787857327 ], [ 35.638462638166338, 46.283956571731466 ], [ 35.637988605418535, 46.282215813829005 ], [ 35.635477865027937, 46.282544433768791 ], [ 35.635003950176085, 46.280803651724668 ], [ 35.632493240101155, 46.28113219845077 ], [ 35.629035084286599, 46.277979035478118 ], [ 35.624013741702299, 46.278635782742079 ], [ 35.623540254565874, 46.276894908470091 ], [ 35.62102959175192, 46.277223182222173 ], [ 35.620556222460912, 46.275482283836176 ], [ 35.618045590013161, 46.275810484393823 ], [ 35.617572338555284, 46.274069561899665 ], [ 35.615061736483568, 46.274397689267595 ], [ 35.614588602846453, 46.27265674267111 ], [ 35.61207803116065, 46.272984796853969 ], [ 35.608621576009419, 46.269830812380064 ], [ 35.603600510556817, 46.270486574672773 ], [ 35.600144691886122, 46.267332254537081 ], [ 35.595123660820363, 46.267987617433946 ], [ 35.594651264300296, 46.266246510813602 ], [ 35.592140757397047, 46.26657409242025 ], [ 35.588685841141455, 46.263419315459842 ], [ 35.583664905607108, 46.26407413269574 ], [ 35.583192936385679, 46.262332934133532 ], [ 35.5806824773084, 46.262660242923822 ], [ 35.579267053538629, 46.257436562356816 ], [ 35.576756773162984, 46.257763758457784 ], [ 35.571417667199832, 46.247643187962765 ], [ 35.568907744167845, 46.247970158763827 ], [ 35.567965313335478, 46.244487514158983 ], [ 35.56545549489234, 46.244814392103201 ], [ 35.564042397218664, 46.239590334076667 ], [ 35.561532757411214, 46.239917099429981 ], [ 35.560591057903032, 46.236434333356094 ], [ 35.558081522679231, 46.236761005886486 ], [ 35.557140145186516, 46.233278183355523 ], [ 35.55463071454745, 46.233604763077238 ], [ 35.550239599240633, 46.226965435648189 ], [ 35.544750959213083, 46.225876657122562 ], [ 35.540361840474681, 46.219236749703846 ], [ 35.537852858781797, 46.219562885306992 ], [ 35.537383070177391, 46.217821311216383 ], [ 35.534874119090688, 46.218147373797592 ], [ 35.533934820018388, 46.214664173515501 ], [ 35.531425973538767, 46.214990143377186 ], [ 35.530017572141837, 46.209765252147292 ], [ 35.527508904247924, 46.210091109608044 ], [ 35.525631938456222, 46.20312445004646 ], [ 35.523123523085822, 46.203450175444587 ], [ 35.521247546266487, 46.196483369587853 ], [ 35.518739383366231, 46.196808962963892 ], [ 35.516864395029941, 46.189842010891141 ], [ 35.514356484546475, 46.190167472285616 ], [ 35.512950919405171, 46.184942154949276 ], [ 35.510443187386549, 46.185267504067347 ], [ 35.509506508023811, 46.181783898779308 ], [ 35.506998880558875, 46.182109155306435 ], [ 35.505594407436973, 46.176883656814546 ], [ 35.503086958410407, 46.177208801111099 ], [ 35.50215100683544, 46.17372507509976 ], [ 35.499643662357073, 46.174050126839262 ], [ 35.498708031318763, 46.1705663447067 ], [ 35.49620079138959, 46.17089130390341 ], [ 35.495265480809586, 46.167407465668731 ], [ 35.49275834543058, 46.167732332336904 ], [ 35.491823355230544, 46.164248438019214 ], [ 35.489316324402665, 46.164573212173096 ], [ 35.488381654504295, 46.161089261791496 ], [ 35.485874728228474, 46.161413943445311 ], [ 35.481499527300734, 46.154770463734692 ], [ 35.478992810131871, 46.1550949604312 ], [ 35.478525933853049, 46.153352903298135 ], [ 35.476019247415003, 46.153677327148337 ], [ 35.475085771778161, 46.150193161083592 ], [ 35.469606039396176, 46.149099642130246 ], [ 35.467740367724289, 46.142131086148808 ], [ 35.465234068780482, 46.142455213101663 ], [ 35.461971316734434, 46.130259941857183 ], [ 35.459465491228144, 46.130583878479761 ], [ 35.456670966220102, 46.120130508271416 ], [ 35.454165540198716, 46.120454274233495 ], [ 35.452303677798412, 46.113485198915761 ], [ 35.449798503699789, 46.113808833421423 ], [ 35.448402778902725, 46.108581924404838 ], [ 35.445897782981369, 46.108905447052557 ], [ 35.444502665531822, 46.103678441813905 ], [ 35.441997847767517, 46.104001852629771 ], [ 35.436704794379118, 46.093870852665518 ], [ 35.434200332868265, 46.094194039896031 ], [ 35.433271425514135, 46.090709181624767 ], [ 35.43076706845595, 46.091032276634905 ], [ 35.429838479757549, 46.08754736264752 ], [ 35.427334227152862, 46.087870365451522 ], [ 35.426405957032287, 46.084385395767008 ], [ 35.42390180888188, 46.084708306379092 ], [ 35.422509945647768, 46.079480762100054 ], [ 35.417038241127813, 46.078383744699813 ], [ 35.416110926273213, 46.074898608037657 ], [ 35.413607091490555, 46.075221242159316 ], [ 35.409249686177013, 46.068573343976666 ], [ 35.403779263806236, 46.067475521431973 ], [ 35.402853136131078, 46.063990170687866 ], [ 35.400349645600471, 46.064312455840941 ], [ 35.39988671940813, 46.062569754765526 ], [ 35.397383259764283, 46.062891967317213 ], [ 35.396457682618873, 46.059406513774881 ], [ 35.39098835221214, 46.058307929681682 ], [ 35.389138469204724, 46.051336800571818 ], [ 35.386635396550908, 46.051658717476187 ], [ 35.384324369947379, 46.042944615711519 ], [ 35.381821622381985, 46.043266382214071 ], [ 35.379973862249287, 46.036294948589095 ], [ 35.377471366165835, 46.036616584194938 ], [ 35.375624581443979, 46.029645006703028 ], [ 35.373122336788782, 46.029966511452422 ], [ 35.367852030995742, 46.019830239852169 ], [ 35.365350142121599, 46.020151521863475 ], [ 35.364427956407376, 46.016665542268605 ], [ 35.361926171940489, 46.016986732372303 ], [ 35.360543432499099, 46.011757673817065 ], [ 35.358041825885337, 46.012078752610279 ], [ 35.357120358903742, 46.008592654154292 ], [ 35.354618856691111, 46.008913641073576 ], [ 35.353697706450177, 46.005427487335588 ], [ 35.351196308639317, 46.005748382395183 ], [ 35.350275475061494, 46.002262173394008 ], [ 35.347774181653101, 46.002582976608103 ], [ 35.343432275171473, 45.995931104274277 ], [ 35.33797017374696, 45.99482908570176 ], [ 35.333630235931253, 45.988176642566707 ], [ 35.328169046273565, 45.987074033376572 ], [ 35.327250257808835, 45.983587454452071 ], [ 35.324749548488739, 45.983907653873864 ], [ 35.324290291144834, 45.982164338899409 ], [ 35.318829824016547, 45.981061182170755 ], [ 35.317911814427205, 45.977574454311124 ], [ 35.315411271650177, 45.977894417249288 ], [ 35.314952403677708, 45.976151027828735 ], [ 35.312451891975186, 45.976470918403464 ], [ 35.311993139659073, 45.974727505544529 ], [ 35.309492659040551, 45.975047323760563 ], [ 35.30903402236855, 45.973303887468965 ], [ 35.303574633381174, 45.972199847125324 ], [ 35.30265786478838, 45.96871287676133 ], [ 35.300157550837795, 45.96903245859896 ], [ 35.299699303262031, 45.967288947960789 ], [ 35.297199020431904, 45.967608457462781 ], [ 35.296740888440418, 45.965864923416547 ], [ 35.294240636740213, 45.966184360587597 ], [ 35.293782620320769, 45.964440803139084 ], [ 35.291282399759929, 45.964760167983947 ], [ 35.290824498900292, 45.96301658713886 ], [ 35.288324309488281, 45.963335879662267 ], [ 35.287866524176231, 45.961592275426376 ], [ 35.285366365922464, 45.961911495633039 ], [ 35.28490869614572, 45.960167868012078 ], [ 35.282408569059683, 45.960487015906743 ], [ 35.278993480154305, 45.957318766119982 ], [ 35.273993308559213, 45.957956719685129 ], [ 35.273536058661591, 45.956213002650117 ], [ 35.271035982995627, 45.956531880633229 ], [ 35.27057884858295, 45.954788140240282 ], [ 35.268078804133317, 45.955106945930872 ], [ 35.267621785193313, 45.953363182185704 ], [ 35.265121771969454, 45.953681915588533 ], [ 35.261708098469853, 45.950512979184367 ], [ 35.256708154891498, 45.951150103863363 ], [ 35.253295110242114, 45.947980838028982 ], [ 35.248295207589415, 45.948617567616367 ], [ 35.247838912516791, 45.9468736486767 ], [ 35.245338971453783, 45.947191914704874 ], [ 35.244882791777513, 45.945447972455732 ], [ 35.239882930224788, 45.946084306989285 ], [ 35.23647114323753, 45.942914382606332 ], [ 35.231471322958974, 45.94355032212394 ], [ 35.231015636093396, 45.941806271506294 ], [ 35.226015794525793, 45.942441960521307 ], [ 35.222605003116179, 45.939271496769322 ], [ 35.217605203111731, 45.939906790823983 ], [ 35.217150008948252, 45.93816263195118 ], [ 35.21215018784396, 45.938797675528086 ], [ 35.211695182343632, 45.937053474192325 ], [ 35.204195356262787, 45.938005584327975 ], [ 35.203740612781402, 45.936261321346208 ], [ 35.19874066588411, 45.936895757954517 ], [ 35.198286111048255, 45.935151452550961 ], [ 35.193286143308065, 45.935785638699244 ], [ 35.192831777107273, 45.934041290890917 ], [ 35.185331731543457, 45.934992114898705 ], [ 35.184877627347916, 45.933247705526931 ], [ 35.177377425223845, 45.934197994785066 ], [ 35.176923583034231, 45.932453523884107 ], [ 35.1694232245815, 45.93340327838547 ], [ 35.16896964439848, 45.931658745989644 ], [ 35.161469129848726, 45.9326079657272 ], [ 35.161015811672904, 45.93086337187075 ], [ 35.151014834244755, 45.932128179076159 ], [ 35.15056185149372, 45.930383504661222 ], [ 35.155109189111556, 45.928006605251014 ], [ 35.154203138772196, 45.924517312911632 ], [ 35.158749847474553, 45.922140342418622 ], [ 35.15784375415889, 45.918651102566436 ], [ 35.162389834169616, 45.916274061062701 ], [ 35.161483697978191, 45.912784873701654 ], [ 35.166029149521101, 45.910407761259286 ], [ 35.165122970554371, 45.906918626393285 ], [ 35.167621989807635, 45.90660232881374 ], [ 35.16671583124225, 45.903113216184948 ], [ 35.169214662156548, 45.902796903907046 ], [ 35.168308524013497, 45.899307813515634 ], [ 35.17080716662587, 45.898991486549093 ], [ 35.169901048926143, 45.895502418395218 ], [ 35.172399503273674, 45.895186076749766 ], [ 35.173085595407855, 45.887891650840736 ], [ 35.175583673336824, 45.887575279866653 ], [ 35.175130624347823, 45.885830781153146 ], [ 35.177628587327497, 45.88551437638295 ], [ 35.177175506868167, 45.883769892802633 ], [ 35.17967335490787, 45.883453454243536 ], [ 35.179220242990439, 45.881708985797516 ], [ 35.181717976099513, 45.88139251345671 ], [ 35.181264832736218, 45.879648060146096 ], [ 35.183762450923993, 45.87933155403077 ], [ 35.183309276127076, 45.87758711585667 ], [ 35.185806779402881, 45.877270575974052 ], [ 35.185353573184557, 45.875526152937582 ], [ 35.187850961557736, 45.875209579294854 ], [ 35.187397723930239, 45.8734651713971 ], [ 35.189894997410121, 45.873148564001468 ], [ 35.189441728385681, 45.87140417124354 ], [ 35.191938886981617, 45.871087530102201 ], [ 35.191485586572426, 45.86934315248525 ], [ 35.193982630293732, 45.869026477605395 ], [ 35.193529298512047, 45.867282115130472 ], [ 35.196026227368051, 45.866965406519299 ], [ 35.195572864226072, 45.865221059187562 ], [ 35.198069678226112, 45.864904316852268 ], [ 35.197616283736068, 45.863159984664811 ], [ 35.202156141379682, 45.860782081808537 ], [ 35.201249268833386, 45.857293473994716 ], [ 35.203745665257223, 45.856976649700428 ], [ 35.203292218550494, 45.855232358929094 ], [ 35.205788500166463, 45.854915500941281 ], [ 35.205335022161918, 45.853171225317894 ], [ 35.209873731717437, 45.850793147816233 ], [ 35.208966692344234, 45.847304653142885 ], [ 35.213504775981406, 45.8449265055837 ], [ 35.212597695099547, 45.841438063463634 ], [ 35.215093256834912, 45.841121075475058 ], [ 35.214639706036088, 45.839376867554016 ], [ 35.217135153041085, 45.839059845918705 ], [ 35.216228030750166, 45.835571456355794 ], [ 35.220764863218704, 45.833193168896926 ], [ 35.219857699618302, 45.829704831895079 ], [ 35.222352656617304, 45.829387747731687 ], [ 35.221445514145948, 45.825899432983256 ], [ 35.22394028355783, 45.825582334390113 ], [ 35.223033162236248, 45.822094041895326 ], [ 35.225527744097903, 45.821776928882095 ], [ 35.224620643946793, 45.818288658641052 ], [ 35.227115038295111, 45.817971531217459 ], [ 35.22620795933522, 45.814483283230338 ], [ 35.228702166207086, 45.814166141406062 ], [ 35.22779510845907, 45.810677915673025 ], [ 35.230289127891339, 45.810360759457708 ], [ 35.228928635707263, 45.805128448195127 ], [ 35.231422394911434, 45.80481129678526 ], [ 35.230515463096417, 45.801323107500913 ], [ 35.2330090349515, 45.801005941720057 ], [ 35.231648731702563, 45.795773685129838 ], [ 35.234142043459713, 45.795456524174668 ], [ 35.233235237625216, 45.791968371338157 ], [ 35.235728362123723, 45.791651196032028 ], [ 35.235274949004186, 45.789907132755779 ], [ 35.240260927348821, 45.789272662370422 ], [ 35.239807410436619, 45.787528633443578 ], [ 35.244793076424195, 45.786893990604149 ], [ 35.244339455757562, 45.78514999603442 ], [ 35.249324809388874, 45.784515180781391 ], [ 35.250909871152118, 45.780709808070682 ], [ 35.260425324600625, 45.777695615919399 ], [ 35.25997136196893, 45.775951739639986 ], [ 35.262463476706955, 45.775634066392278 ], [ 35.262009483156362, 45.773890205286648 ], [ 35.266993442056005, 45.773254739221386 ], [ 35.268577061128418, 45.769449308170422 ], [ 35.273560478916579, 45.768813603042915 ], [ 35.273106247431059, 45.767069825913254 ], [ 35.275597821057616, 45.766751913603294 ], [ 35.275143558723052, 45.765008151655429 ], [ 35.277635017972393, 45.764690205932133 ], [ 35.279217745685933, 45.760884748456689 ], [ 35.284200164957966, 45.76024867077205 ], [ 35.283745737573149, 45.758504973611892 ], [ 35.286236811971655, 45.758186875069256 ], [ 35.285782353796876, 45.756443193097084 ], [ 35.288273313853999, 45.756125061175091 ], [ 35.287818824901336, 45.754381394392013 ], [ 35.290309670626378, 45.754063229097824 ], [ 35.289855150907925, 45.75231957750492 ], [ 35.292345882310187, 45.752001378845691 ], [ 35.291891331838023, 45.750257742444063 ], [ 35.294381948926812, 45.749939510426948 ], [ 35.29392736771301, 45.748195889217683 ], [ 35.296417870497628, 45.747877623849838 ], [ 35.295963258554281, 45.746134017834038 ], [ 35.298453647044035, 45.745815719122639 ], [ 35.297999004383207, 45.744072128301369 ], [ 35.300489278587413, 45.743753796253557 ], [ 35.300034605221171, 45.742010220627932 ], [ 35.302524765149123, 45.741691855250863 ], [ 35.302070061089537, 45.739948294821971 ], [ 35.304560106750543, 45.739629896122814 ], [ 35.304105372009694, 45.737886350891714 ], [ 35.306595303413054, 45.737567918877609 ], [ 35.306140538002992, 45.735824388845444 ], [ 35.308630355158009, 45.735505923523554 ], [ 35.30817555909082, 45.733762408691369 ], [ 35.312700023980732, 45.731381878521731 ], [ 35.311790351084511, 45.727894905604266 ], [ 35.314279753134947, 45.727576359664837 ], [ 35.313824906964442, 45.725832886378811 ], [ 35.318348491695176, 45.723452236592593 ], [ 35.317438718741954, 45.719965346775929 ], [ 35.321961682617591, 45.717584628822003 ], [ 35.321051870945965, 45.714097791704127 ], [ 35.323540557381172, 45.713779117989759 ], [ 35.323085641884724, 45.712035712606173 ], [ 35.325574214187291, 45.711717005653767 ], [ 35.32466436389528, 45.708230221238473 ], [ 35.329186086722999, 45.705849367162905 ], [ 35.328276197908515, 45.702362635453994 ], [ 35.330764283272416, 45.702043867380709 ], [ 35.329854417019426, 45.698557157961652 ], [ 35.332342316030591, 45.69823837595775 ], [ 35.331432472359324, 45.694751688828688 ], [ 35.333920185054367, 45.694432892903798 ], [ 35.333010363985025, 45.69094622806486 ], [ 35.335497890400539, 45.690627418228559 ], [ 35.336165656321057, 45.683335331683658 ], [ 35.338652810287314, 45.683016494053348 ], [ 35.338197912831895, 45.681273197102641 ], [ 35.34565890747789, 45.680316427424472 ], [ 35.345203835218904, 45.678573184251995 ], [ 35.350177478369005, 45.677935114220247 ], [ 35.349722303545704, 45.676191905554006 ], [ 35.354695635192861, 45.67555366441762 ], [ 35.354240357843167, 45.673810490265225 ], [ 35.359213377988553, 45.673172078064574 ], [ 35.358757998150374, 45.671428938433692 ], [ 35.363730706795138, 45.670790355209121 ], [ 35.363275224506388, 45.669047250107354 ], [ 35.36824762165174, 45.668408495899243 ], [ 35.367792036950298, 45.666665425334216 ], [ 35.372764122597431, 45.666026500182944 ], [ 35.372308435521219, 45.66428346416231 ], [ 35.377280209671362, 45.66364436810818 ], [ 35.378854352856735, 45.659838773135505 ], [ 35.38382558770369, 45.6591994401264 ], [ 35.385399196261694, 45.655393826305712 ], [ 35.390369891857112, 45.654754256446054 ], [ 35.389913837515778, 45.6530113545913 ], [ 35.392399050511038, 45.652691510468109 ], [ 35.39397195046876, 45.648885875362105 ], [ 35.398941879144445, 45.648246002756359 ], [ 35.398485662349941, 45.646503165979254 ], [ 35.400970491906889, 45.646183170518903 ], [ 35.40051424499277, 45.644440348991971 ], [ 35.402998960707698, 45.644120320548552 ], [ 35.404570978450657, 45.640314661830125 ], [ 35.409539912697724, 45.639674420742907 ], [ 35.409083503552829, 45.637931664322025 ], [ 35.411567835925645, 45.637611484666621 ], [ 35.411111396719527, 45.635868743502016 ], [ 35.413595615286177, 45.635548530897339 ], [ 35.413139146030765, 45.63380580499004 ], [ 35.415623250800522, 45.633485559443237 ], [ 35.415166751507776, 45.631742848794332 ], [ 35.41765074248994, 45.63142257031253 ], [ 35.41719421317179, 45.629679874923063 ], [ 35.419678090375626, 45.629359563513354 ], [ 35.419221531043988, 45.62761688338442 ], [ 35.421705294478812, 45.627296539053937 ], [ 35.421248705145622, 45.625553874186615 ], [ 35.423732354820721, 45.625233496942464 ], [ 35.423275735497896, 45.623490847337827 ], [ 35.42778604430552, 45.621107359796092 ], [ 35.426872727656573, 45.617622117542844 ], [ 35.42935596427062, 45.617301660967414 ], [ 35.428899296935427, 45.615559053055385 ], [ 35.431382419837512, 45.615238563596535 ], [ 35.430925722561675, 45.613495970950751 ], [ 35.433408731761055, 45.613175448615578 ], [ 35.432952004556491, 45.611432871237128 ], [ 35.437460924762895, 45.609049165856256 ], [ 35.436547392595898, 45.605564068070699 ], [ 35.44105569664525, 45.60318029645633 ], [ 35.440142128704444, 45.599695251542592 ], [ 35.442624426020629, 45.599374603688211 ], [ 35.442167633125429, 45.597632094449914 ], [ 35.44464981681579, 45.597311413765439 ], [ 35.443736213197539, 45.593826421727179 ], [ 35.448243285589903, 45.591442517857892 ], [ 35.448897730782029, 45.584151921506262 ], [ 35.453403829270513, 45.581767935960528 ], [ 35.452490178755106, 45.578283072018472 ], [ 35.454971394235123, 45.577962272050115 ], [ 35.454057767908346, 45.574477430442364 ], [ 35.456538798232629, 45.57415661708658 ], [ 35.455625196114127, 45.570671797813254 ], [ 35.458106041319034, 45.57035097107952 ], [ 35.456735737274833, 45.565123769507728 ], [ 35.459216325798451, 45.564802948791439 ], [ 35.45830285587256, 45.56131816596848 ], [ 35.460783259365947, 45.560997331893894 ], [ 35.460326515606873, 45.559254953704347 ], [ 35.470247424689248, 45.557971173758347 ], [ 35.469790436549829, 45.556228869025432 ], [ 35.484212739104166, 45.552559559822299 ], [ 35.483755405564288, 45.550817363285709 ], [ 35.488714677002477, 45.55017465190668 ], [ 35.48825724236314, 45.54843249007925 ], [ 35.495695620718557, 45.547468090652934 ], [ 35.495238013540657, 45.545725982965727 ], [ 35.500196579898869, 45.545082828497826 ], [ 35.499738871711848, 45.54334075553956 ], [ 35.504697127439528, 45.542697431672615 ], [ 35.504239318280945, 45.540955393450815 ], [ 35.51167617301504, 45.539990075534945 ], [ 35.513238976769649, 45.536184265476493 ], [ 35.518196300615621, 45.535540433653658 ], [ 35.51773818876763, 45.533798499686412 ], [ 35.527193691920061, 45.530768429165569 ], [ 35.528755252599439, 45.526962571931733 ], [ 35.533711417917559, 45.526318167413251 ], [ 35.535272449773124, 45.522512293289452 ], [ 35.540228077861912, 45.521867654615491 ], [ 35.541788581107774, 45.518061763682127 ], [ 35.546743672019616, 45.517416890956618 ], [ 35.54628496850296, 45.515675176887491 ], [ 35.548762379675196, 45.515352682031029 ], [ 35.548303646869812, 45.513610983294051 ], [ 35.550780944764035, 45.513288455942543 ], [ 35.552340575959612, 45.509482544629769 ], [ 35.557294676687988, 45.508837308029499 ], [ 35.556835784840501, 45.507095674781034 ], [ 35.559312700951423, 45.506772998032602 ], [ 35.558853779872827, 45.505031380122254 ], [ 35.561330582741583, 45.504708670912407 ], [ 35.56087163244365, 45.502967068341214 ], [ 35.563348322079534, 45.502644326677029 ], [ 35.562889342574017, 45.500902739446055 ], [ 35.565365918986302, 45.500579965334587 ], [ 35.564906910284968, 45.498838393444878 ], [ 35.567383373482926, 45.498515586893198 ], [ 35.566924335597548, 45.496774030345804 ], [ 35.569400685590445, 45.496451191360975 ], [ 35.56894161853279, 45.49470965015697 ], [ 35.571417855329905, 45.494386778746076 ], [ 35.57297575735538, 45.490580838542492 ], [ 35.575451767788763, 45.490257902300662 ], [ 35.57958604981367, 45.505931171725713 ], [ 35.582062658815815, 45.505608007982019 ], [ 35.586661013918622, 45.523022161342951 ], [ 35.589138293130603, 45.52269875042461 ], [ 35.59189975505673, 45.533146925312799 ], [ 35.594377419769415, 45.532823345216762 ], [ 35.596219522496561, 45.539788633588614 ], [ 35.598697430234715, 45.53946492333759 ], [ 35.600079664028954, 45.544688787159849 ], [ 35.602557743520926, 45.544364966268681 ], [ 35.604401597963928, 45.551329981356055 ], [ 35.606879920564559, 45.551006030238611 ], [ 35.608263468707769, 45.556229688998904 ], [ 35.610741963113469, 45.555905627183932 ], [ 35.611664682437087, 45.559388006318748 ], [ 35.614143277305224, 45.559063853354139 ], [ 35.615527887300622, 45.564287331963264 ], [ 35.618006653999032, 45.563963068256506 ], [ 35.618930081440013, 45.567445327244599 ], [ 35.621408948605968, 45.567120972355205 ], [ 35.622332687968033, 45.570603175424175 ], [ 35.624811655600482, 45.570278729338277 ], [ 35.625735706958821, 45.573760876469457 ], [ 35.628214775056726, 45.573436339173114 ], [ 35.629139138486572, 45.576918430347838 ], [ 35.631618307048917, 45.57659380182718 ], [ 35.635947239449735, 45.58323309647372 ], [ 35.641368636329105, 45.58432436649715 ], [ 35.64569950311617, 45.590963087641853 ], [ 35.648179102552113, 45.590638022416982 ], [ 35.648642157645547, 45.592378906245834 ], [ 35.654064612502239, 45.593469420768209 ], [ 35.654991220549149, 45.596951088869126 ], [ 35.660414204455307, 45.598041225489126 ], [ 35.661341352961784, 45.601522789769859 ], [ 35.663821240272206, 45.601197326842737 ], [ 35.664284949675078, 45.602938083017008 ], [ 35.666764865957916, 45.602612548386254 ], [ 35.667228689290759, 45.604353280694447 ], [ 35.669708634536619, 45.604027674355493 ], [ 35.670172571811243, 45.605768382791886 ], [ 35.672652546010696, 45.605442704740156 ], [ 35.673116597238888, 45.607183389299081 ], [ 35.678540797654591, 45.60827247871471 ], [ 35.679469398527118, 45.611753748067009 ], [ 35.681949530988746, 45.61142783517645 ], [ 35.68241396669012, 45.613168443845666 ], [ 35.684894128068933, 45.612842459219948 ], [ 35.685358677781622, 45.614583043987295 ], [ 35.687838868068191, 45.614256987621836 ], [ 35.688303531803975, 45.61599754848163 ], [ 35.690783750988892, 45.615671420371861 ], [ 35.694193668650755, 45.618826270487311 ], [ 35.699154179962662, 45.61817367520257 ], [ 35.69961925730334, 45.619914144607996 ], [ 35.702099520521365, 45.61958774917683 ], [ 35.702564711933469, 45.62132819464783 ], [ 35.705045004001541, 45.621001727453589 ], [ 35.705510309496859, 45.622742148984457 ], [ 35.707990630405554, 45.622415610022543 ], [ 35.708456049995874, 45.624156007607588 ], [ 35.710936399735729, 45.623829396873447 ], [ 35.714347959810098, 45.626983437672294 ], [ 35.719308731893598, 45.626329877026684 ], [ 35.719774565306807, 45.628070183015119 ], [ 35.722254958808648, 45.627743304875374 ], [ 35.72566739036138, 45.63089689499764 ], [ 35.730628249775329, 45.630242799485067 ], [ 35.734041295753237, 45.633396058530408 ], [ 35.744429592859255, 45.6338269836777 ], [ 35.747843610570207, 45.636979700127497 ], [ 35.752804500797218, 45.636324574167219 ], [ 35.753271533545366, 45.638064609154753 ], [ 35.758232395558558, 45.637409235436444 ], [ 35.758699614002879, 45.639149226613085 ], [ 35.763660447729031, 45.638493605130577 ], [ 35.764127851878825, 45.640233552479508 ], [ 35.769088657244765, 45.639577683226676 ], [ 35.769556247109378, 45.641317586731134 ], [ 35.774517024041877, 45.640661469701826 ], [ 35.774984799630623, 45.642401329345006 ], [ 35.779945548056475, 45.641744964533096 ], [ 35.780413509378654, 45.64348478029823 ], [ 35.787854524833982, 45.642499783334685 ], [ 35.788322743330163, 45.644239535390881 ], [ 35.793283348740459, 45.643582570915086 ], [ 35.79375175298506, 45.64532227905265 ], [ 35.809101843542493, 45.645089602700153 ], [ 35.809570762138335, 45.646829183271237 ], [ 35.819491284520836, 45.64551314315387 ], [ 35.819960531685979, 45.647252640037514 ], [ 35.829880652042227, 45.645935688143332 ], [ 35.830350227752334, 45.647675101283163 ], [ 35.842749767474906, 45.646027641744269 ], [ 35.843219743072318, 45.647766951201746 ], [ 35.863057339241749, 45.645128152665443 ], [ 35.863527928688661, 45.646867298644651 ], [ 35.908153716314594, 45.640917479865351 ], [ 35.907681843662189, 45.639178692700987 ], [ 35.927510466742433, 45.636529085272123 ], [ 35.927038067512129, 45.634790453535523 ], [ 35.941907291807674, 45.632801187029266 ], [ 35.941434508719773, 45.63106267088471 ], [ 35.951346174970595, 45.629735535069429 ], [ 35.950873150538342, 45.627997094583897 ], [ 35.95830623231469, 45.627001257869573 ], [ 35.957833037776638, 45.62526287306261 ], [ 35.967742922787238, 45.623934444509004 ], [ 35.967269487116639, 45.622196135425256 ], [ 35.972224027543227, 45.621531649973797 ], [ 35.971750493013325, 45.619793376582138 ], [ 35.979181765466556, 45.618796319546618 ], [ 35.978708061050561, 45.617058101891701 ], [ 35.983661883886462, 45.616393178017752 ], [ 35.984135730416916, 45.618131355589327 ], [ 35.98908952196485, 45.617466184241451 ], [ 35.98956355395287, 45.619204317343204 ], [ 35.994517314139571, 45.618538898515666 ], [ 35.994991531594081, 45.620276987130843 ], [ 35.999945260346344, 45.61961132081786 ], [ 36.000419663276261, 45.621349364929664 ], [ 36.005373360520835, 45.620683451125544 ], [ 36.005847948935049, 45.622421450717233 ], [ 36.013278382291467, 45.621422131012679 ], [ 36.01375322723014, 45.623160065986646 ], [ 36.018706774356602, 45.622493553515596 ], [ 36.019181804793583, 45.624231443928991 ], [ 36.026612012645757, 45.623231226222899 ], [ 36.02708729960883, 45.624969051961315 ], [ 36.03451732923677, 45.623968307515746 ], [ 36.034992872722412, 45.62570606854559 ], [ 36.044899253933337, 45.624370936677735 ], [ 36.045375124934935, 45.626108612845279 ], [ 36.055281093721561, 45.624772571444744 ], [ 36.055757292213528, 45.626510162693819 ], [ 36.068139128106061, 45.624838844598081 ], [ 36.068615725028032, 45.626576330724085 ], [ 36.073568296249434, 45.625907400580758 ], [ 36.074045078688535, 45.627644841982963 ], [ 36.076521369857211, 45.627310279058662 ], [ 36.079951596966559, 45.630450453240549 ], [ 36.084904245035659, 45.629780987753684 ], [ 36.085381442174047, 45.631518335233757 ], [ 36.087857771708258, 45.631183504624488 ], [ 36.088335083450737, 45.632920827505195 ], [ 36.090811440291404, 45.632585924923909 ], [ 36.091288866649577, 45.634323223199488 ], [ 36.093765250787079, 45.633988248641714 ], [ 36.094242791772558, 45.635725522306423 ], [ 36.096719203197239, 45.635390475767672 ], [ 36.100151067798734, 45.638529830717353 ], [ 36.105103956036608, 45.637859397892711 ], [ 36.108536432021971, 45.640998418149003 ], [ 36.113489341799216, 45.640327593745056 ], [ 36.116922429172511, 45.643466279206727 ], [ 36.1218753603153, 45.642795063189538 ], [ 36.122353916895939, 45.644532103766238 ], [ 36.124830387776854, 45.644196397847651 ], [ 36.125309059080493, 45.645933413755337 ], [ 36.13026201141497, 45.645261806090971 ], [ 36.133696321575947, 45.648399821659652 ], [ 36.149034156982495, 45.648120022585331 ], [ 36.14951364202026, 45.649856838514729 ], [ 36.154466373137943, 45.649184136749042 ], [ 36.15494604389314, 45.650920907698676 ], [ 36.170283750032652, 45.650638083028774 ], [ 36.17076393408184, 45.652374723408762 ], [ 36.175716388554761, 45.651701071608073 ], [ 36.176196758339486, 45.653437666944065 ], [ 36.191534331918092, 45.653151816496994 ], [ 36.192015214990093, 45.654888281081753 ], [ 36.196967391716342, 45.654213679267706 ], [ 36.197448460541843, 45.655950098744263 ], [ 36.212785898264748, 45.655661222340058 ], [ 36.213267480370369, 45.657397510883783 ], [ 36.218219378247966, 45.656721959078602 ], [ 36.2187011461249, 45.6584582024499 ], [ 36.234038444696438, 45.658166299910278 ], [ 36.234520725845954, 45.659902412167163 ], [ 36.239472343772796, 45.659225910393637 ], [ 36.239954810711275, 45.660961977413898 ], [ 36.255291966834882, 45.660667048562232 ], [ 36.255774947037978, 45.662402984286537 ], [ 36.260726283911836, 45.661725532567978 ], [ 36.261209449921452, 45.663461422991439 ], [ 36.27654646029967, 45.663163467652737 ], [ 36.277030139565476, 45.664899226598713 ], [ 36.28198119428405, 45.664220824958967 ], [ 36.282465059373791, 45.665956538539959 ], [ 36.297801920708253, 45.665655556540877 ], [ 36.298286299045408, 45.667391138462854 ], [ 36.303237070506235, 45.666711786926342 ], [ 36.303721634684543, 45.668447323419102 ], [ 36.319058343676026, 45.668143314588029 ], [ 36.319543421092533, 45.669878719240302 ], [ 36.324493908193084, 45.669198417831964 ], [ 36.324979171467852, 45.670933776990857 ], [ 36.332404781747982, 45.66991287579522 ], [ 36.332890301639338, 45.671648168959898 ], [ 36.496157082980858, 45.649069425305932 ], [ 36.495666904433435, 45.647335490403897 ], [ 36.604400132432829, 45.632159188835203 ], [ 36.60489340484083, 45.63389221133756 ], [ 36.649351361568158, 45.627654654238519 ], [ 36.649845941993284, 45.629387297193112 ], [ 36.669600905770572, 45.62660954037085 ], [ 36.66762061165204, 45.619679607826278 ], [ 36.670089498697401, 45.619332240648824 ], [ 36.668598797957323, 45.605125064458775 ], [ 36.671067034487933, 45.604777761598939 ], [ 36.66958274040136, 45.599580337213681 ], [ 36.672050721842261, 45.599233045655893 ], [ 36.670072014511717, 45.5923031638943 ], [ 36.672539670978466, 45.591955904511323 ], [ 36.670561405201205, 45.585026030736906 ], [ 36.673028736817997, 45.584678803534317 ], [ 36.671050912477718, 45.577748937751664 ], [ 36.673517919368713, 45.577401742735077 ], [ 36.671540536349113, 45.570471884948752 ], [ 36.674007218638387, 45.57012472212373 ], [ 36.672030276823293, 45.5631948723384 ], [ 36.674496634634863, 45.562847741710506 ], [ 36.672520133908115, 45.555917899930741 ], [ 36.674986167365937, 45.555570801505588 ], [ 36.673500197941273, 45.541364075764349 ], [ 36.675965583063281, 45.541017041761371 ], [ 36.674484131976946, 45.53581968552561 ], [ 36.676949262856326, 45.535472662894321 ], [ 36.674974345448369, 45.528542872023529 ], [ 36.677439152441842, 45.528195881619347 ], [ 36.675464675598903, 45.521266098773943 ], [ 36.677929158830167, 45.520919140602466 ], [ 36.675955122436456, 45.513989365787097 ], [ 36.678419282029097, 45.513642439853889 ], [ 36.676445685968915, 45.50671267307316 ], [ 36.67890952204651, 45.506365779383827 ], [ 36.676936366204217, 45.499436020642364 ], [ 36.679399878890266, 45.499089159202462 ], [ 36.677427163150277, 45.492159408504854 ], [ 36.679890352568215, 45.491812579319983 ], [ 36.678411078425754, 45.486615279391295 ], [ 36.675948097717111, 45.486962046073472 ], [ 36.67447093172629, 45.490773716330338 ], [ 36.669544467633557, 45.491467077594727 ], [ 36.670037325573382, 45.493199589523265 ], [ 36.665110542808939, 45.493892788063249 ], [ 36.665603306416692, 45.495625336938076 ], [ 36.656241454088608, 45.498743831497308 ], [ 36.65673402892071, 45.500476454243973 ], [ 36.649342353431862, 45.501515442745323 ], [ 36.6498347641636, 45.503248123224047 ], [ 36.639978290458565, 45.504632808638938 ], [ 36.640470467334964, 45.506365567627654 ], [ 36.623219425056163, 45.508786943626561 ], [ 36.623711158807382, 45.510519843431666 ], [ 36.601527395241703, 45.513629544360747 ], [ 36.602018546014875, 45.515362626370901 ], [ 36.599553389841802, 45.515707913551651 ], [ 36.599062308845298, 45.51397481079055 ], [ 36.576874518880778, 45.517079904874848 ], [ 36.576384110779038, 45.515346610825063 ], [ 36.566521988069972, 45.516725238388567 ], [ 36.566031903934508, 45.514991856817815 ], [ 36.558635052503398, 45.516025227586013 ], [ 36.558145222519499, 45.514291779248985 ], [ 36.553213904738833, 45.514980395586292 ], [ 36.552724259064611, 45.513246901208582 ], [ 36.547792902508043, 45.513935271261666 ], [ 36.547303441135604, 45.512201730859957 ], [ 36.536951334908082, 45.511844145723508 ], [ 36.533507549798742, 45.508720696848258 ], [ 36.528576127960996, 45.509408184278335 ], [ 36.528087333853584, 45.507674480608003 ], [ 36.525621625979504, 45.508018126812118 ], [ 36.525132946267981, 45.50628439785104 ], [ 36.522667263723051, 45.506627972164431 ], [ 36.522178698396104, 45.504894217918327 ], [ 36.51971304119008, 45.505237720345328 ], [ 36.519224590236441, 45.503503940819961 ], [ 36.516758958379064, 45.503847371364913 ], [ 36.51627062178742, 45.502113566566017 ], [ 36.513805015288476, 45.502456925233261 ], [ 36.51331679304753, 45.500723095166578 ], [ 36.510851211916737, 45.501066381960463 ], [ 36.510363104015191, 45.499332526631726 ], [ 36.507897548262335, 45.499675741556594 ], [ 36.507409554688884, 45.497941860971551 ], [ 36.501990640099301, 45.496894169396015 ], [ 36.501015154640882, 45.493426302619412 ], [ 36.495596754412858, 45.492378227279374 ], [ 36.491181903740511, 45.485785028140576 ], [ 36.481320862395677, 45.487155608688241 ], [ 36.48083389726655, 45.485421501054709 ], [ 36.473437859865136, 45.486448836786714 ], [ 36.472951148655277, 45.484714662772603 ], [ 36.46802037500197, 45.485399255924577 ], [ 36.467533847852891, 45.48366503614281 ], [ 36.462603036582784, 45.484349383193496 ], [ 36.462116693486422, 45.482615117660693 ], [ 36.459651291234607, 45.482957193756903 ], [ 36.460623882007589, 45.486425761374953 ], [ 36.458158295694879, 45.486767827374301 ], [ 36.459617304599767, 45.491970706068123 ], [ 36.457151464289936, 45.49231278253361 ], [ 36.458124218713827, 45.495781386507957 ], [ 36.455658194254134, 45.496123452858107 ], [ 36.456630986161571, 45.499592079604113 ], [ 36.454164777515579, 45.499934135829896 ], [ 36.453644080847781, 45.507213503729446 ], [ 36.449197242235485, 45.509631894734774 ], [ 36.450170095223335, 45.513100621751668 ], [ 36.447703219464699, 45.513442616820143 ], [ 36.448189642482063, 45.515176994010005 ], [ 36.44572265237862, 45.515518958341524 ], [ 36.44620904973624, 45.517253351507755 ], [ 36.443741945278234, 45.517595285095354 ], [ 36.444228316964733, 45.519329694237001 ], [ 36.441761098142479, 45.519671597073668 ], [ 36.44224744414651, 45.521406022189822 ], [ 36.439780110950245, 45.521747894268579 ], [ 36.44026643126049, 45.523482335358338 ], [ 36.437798983680473, 45.523824176672193 ], [ 36.438285278285555, 45.525558633734612 ], [ 36.43581771631208, 45.525900444276587 ], [ 36.436303985200666, 45.527634917310763 ], [ 36.433836308823977, 45.527976697073854 ], [ 36.43234097861658, 45.53178744003101 ], [ 36.427405123856332, 45.532470825047994 ], [ 36.425909277252629, 45.536281560033416 ], [ 36.420972876082566, 45.536964719098869 ], [ 36.421458875977656, 45.538699313072406 ], [ 36.416522157256956, 45.539382307750898 ], [ 36.417008061208101, 45.54111693822869 ], [ 36.412071024931926, 45.541799768479819 ], [ 36.412556832901785, 45.543534435454823 ], [ 36.407619479065339, 45.544217101238125 ], [ 36.408105191016567, 45.545951804703286 ], [ 36.400698617466595, 45.546975479518579 ], [ 36.401184163172523, 45.548710239991891 ], [ 36.391307830920667, 45.55007450218455 ], [ 36.391793140093753, 45.551809340161938 ], [ 36.369568170964151, 45.554876106613804 ], [ 36.370052892214929, 45.556611124539465 ], [ 36.365113383005387, 45.557292103393841 ], [ 36.364628802297013, 45.555557044495899 ], [ 36.342399455305014, 45.558618718154584 ], [ 36.341915551441708, 45.556883470478496 ], [ 36.332034974457613, 45.558242794478971 ], [ 36.331551396025453, 45.556507460461297 ], [ 36.324140710844055, 45.557526351668258 ], [ 36.323657387531071, 45.555790951797398 ], [ 36.318716850846634, 45.556469914347353 ], [ 36.31823371231431, 45.554734469082405 ], [ 36.313293139929698, 45.555413184857969 ], [ 36.31281018616972, 45.553677694215637 ], [ 36.302446165596272, 45.553298849461378 ], [ 36.299010794004744, 45.550166675326622 ], [ 36.294070167599997, 45.550844507033581 ], [ 36.293587882487934, 45.549108855442732 ], [ 36.291117573607615, 45.549447673668887 ], [ 36.290635402865057, 45.54771199716722 ], [ 36.288165120330341, 45.548050743514025 ], [ 36.287683063945849, 45.546315042107295 ], [ 36.285212807766435, 45.546653716579179 ], [ 36.284730865728555, 45.544917990273099 ], [ 36.282260635914099, 45.545256592874452 ], [ 36.281778808211392, 45.543520841674798 ], [ 36.279308604771572, 45.54385937241004 ], [ 36.27882689139259, 45.54212359632249 ], [ 36.276356714337076, 45.542462055196054 ], [ 36.275875115270367, 45.540726254226342 ], [ 36.273404964608822, 45.541064641242627 ], [ 36.272923479842952, 45.53932881539653 ], [ 36.270453355585047, 45.53966713055992 ], [ 36.269971985108576, 45.537931279843136 ], [ 36.267501887263968, 45.538269523158085 ], [ 36.267020631065435, 45.536533647576363 ], [ 36.26455055964378, 45.536871819047249 ], [ 36.264069417711731, 45.535135918606294 ], [ 36.261599372722678, 45.535474018237544 ], [ 36.261118345045681, 45.533738092943111 ], [ 36.258648326498907, 45.534076120739144 ], [ 36.258167413065514, 45.532340170596939 ], [ 36.255697420970655, 45.532678126562168 ], [ 36.255216621769392, 45.530942151577939 ], [ 36.249796031993469, 45.52988184821308 ], [ 36.248834934309791, 45.526409794418072 ], [ 36.243414863389575, 45.525349108976329 ], [ 36.242454310123961, 45.52187694691834 ], [ 36.239984591101781, 45.522214503149009 ], [ 36.239024353794456, 45.518742282495154 ], [ 36.23655473160494, 45.519079746612064 ], [ 36.235594810181226, 45.515607467381457 ], [ 36.23312528482645, 45.51594483939833 ], [ 36.232165679211676, 45.51247250161007 ], [ 36.229696250693742, 45.512809781540618 ], [ 36.228257381525587, 45.507601180330305 ], [ 36.225788120145616, 45.507938347887617 ], [ 36.223870521705884, 45.500993402374142 ], [ 36.22140149772796, 45.501330437290598 ], [ 36.217090091658577, 45.485703865486016 ], [ 36.21462165626405, 45.486040666392014 ], [ 36.214142899878347, 45.484304337997401 ], [ 36.216611265044278, 45.483967557369624 ], [ 36.212303790688964, 45.468340583215145 ], [ 36.214771480414633, 45.46800393363948 ], [ 36.212857901587391, 45.461058576725407 ], [ 36.215325267053998, 45.460721956834789 ], [ 36.213890330630939, 45.455512953060165 ], [ 36.216357442079563, 45.455176342594292 ], [ 36.215400895667294, 45.451703691617062 ], [ 36.205532749158664, 45.453049663135424 ], [ 36.20505482182768, 45.4513132499089 ], [ 36.197653464605679, 45.452322128365701 ], [ 36.198131181547822, 45.454058602342087 ], [ 36.195663905188127, 45.4543948126488 ], [ 36.195186258385149, 45.452658318428171 ], [ 36.187784378363922, 45.453666580311463 ], [ 36.18826181472069, 45.455403135247685 ], [ 36.183804209551298, 45.45781168430365 ], [ 36.184759019340966, 45.461284852850405 ], [ 36.182291271117933, 45.461620815497113 ], [ 36.182768671151088, 45.463357413325632 ], [ 36.180300809183976, 45.463693344792709 ], [ 36.180778182569291, 45.465429958400826 ], [ 36.178310206848508, 45.465765858681259 ], [ 36.178787553574523, 45.467502488068035 ], [ 36.17631946409054, 45.467838357154825 ], [ 36.176796784145822, 45.469575002319282 ], [ 36.174328580889053, 45.469910840205429 ], [ 36.174805874262134, 45.471647501146613 ], [ 36.172337557223038, 45.471983307825091 ], [ 36.172814823902499, 45.473719984542058 ], [ 36.170346393071497, 45.474055760005896 ], [ 36.17082363304587, 45.475792452497643 ], [ 36.168355088413392, 45.47612819673985 ], [ 36.168832301671237, 45.47786490500544 ], [ 36.16636364322774, 45.478200618018967 ], [ 36.164849217283916, 45.482009763645742 ], [ 36.159911401556201, 45.48268101325413 ], [ 36.158396456789006, 45.486490148427997 ], [ 36.153458098616326, 45.487161170065228 ], [ 36.153935037471683, 45.48889799760066 ], [ 36.148996364528671, 45.489568853731129 ], [ 36.14947320623601, 45.491305717232834 ], [ 36.144534218518828, 45.491976407816203 ], [ 36.145010963040868, 45.493713307277005 ], [ 36.140071660545679, 45.49438383227298 ], [ 36.140548307845123, 45.49612076768571 ], [ 36.13560869056807, 45.496791127053967 ], [ 36.136085240607606, 45.498528098411427 ], [ 36.128675277272215, 45.499533311688069 ], [ 36.129151659606855, 45.501270339163575 ], [ 36.11927081802915, 45.502609982946915 ], [ 36.119746962153599, 45.504347086691581 ], [ 36.097511892156412, 45.507358451753227 ], [ 36.097987445594221, 45.509095732486955 ], [ 36.095516594591437, 45.509430090995892 ], [ 36.095041111639738, 45.507692790119393 ], [ 36.072802133976936, 45.510699514945358 ], [ 36.072327328978638, 45.508962028511021 ], [ 36.062442493338615, 45.510296929206639 ], [ 36.061968013817172, 45.508559357941046 ], [ 36.054554143677585, 45.509559931499126 ], [ 36.054079919108467, 45.507822295548557 ], [ 36.049137263540771, 45.508489046447878 ], [ 36.048663223373836, 45.506751365929212 ], [ 36.043720535727772, 45.507417870283767 ], [ 36.043246679954244, 45.505680145213709 ], [ 36.032887537328854, 45.505274644706375 ], [ 36.029469307002429, 45.502131900195543 ], [ 36.024526578219351, 45.502797521631145 ], [ 36.024053389363878, 45.501059638573963 ], [ 36.021582030704266, 45.50139235183687 ], [ 36.02110895562781, 45.499654444352423 ], [ 36.018637624323468, 45.499987085965159 ], [ 36.018164663014481, 45.498249154059117 ], [ 36.015693359074909, 45.498581724026145 ], [ 36.015220511521854, 45.496843767704242 ], [ 36.012749234956551, 45.497176266030024 ], [ 36.012276501147902, 45.495438285297951 ], [ 36.009805251966391, 45.495770711986957 ], [ 36.00933263189058, 45.494032706850419 ], [ 36.006861410102339, 45.494365061907139 ], [ 36.006388903747833, 45.492627032371814 ], [ 36.003917709362369, 45.492959315800697 ], [ 36.003445316717624, 45.491221261872312 ], [ 35.998030731246473, 45.490147535548736 ], [ 35.997086443849184, 45.486671325791782 ], [ 35.991672379681106, 45.485597219868573 ], [ 35.990728633138282, 45.482120903905432 ], [ 35.988257717004529, 45.482452789251631 ], [ 35.98731428390181, 45.478976415851534 ], [ 35.984843465763745, 45.4793082096053 ], [ 35.983900346026523, 45.475831778787125 ], [ 35.981429625885774, 45.476163480962242 ], [ 35.98048681943942, 45.472686992744805 ], [ 35.978016197297613, 45.473018603355023 ], [ 35.976602522001365, 45.467803778434089 ], [ 35.974132068371965, 45.468135277510477 ], [ 35.972248052311684, 45.461182036814911 ], [ 35.969777837670399, 45.46151340440769 ], [ 35.967894791550961, 45.454560014289925 ], [ 35.96542481584909, 45.454891250438465 ], [ 35.963895952341652, 45.458699218642238 ], [ 35.958955504146161, 45.459361512983591 ], [ 35.957426119642875, 45.463169468817668 ], [ 35.952485131623064, 45.463831533544166 ], [ 35.952955507043754, 45.465570009958427 ], [ 35.950484878066625, 45.46590098489883 ], [ 35.951425616713024, 45.469377964623888 ], [ 35.94895480369221, 45.469708927876823 ], [ 35.948365376094053, 45.476993906563202 ], [ 35.943893294029436, 45.479394280468711 ], [ 35.944834069596041, 45.482871359103456 ], [ 35.942362590650767, 45.483202255564528 ], [ 35.942832972279575, 45.484940808328773 ], [ 35.940361379748886, 45.485271673108848 ], [ 35.940831733727116, 45.487010241486374 ], [ 35.938360027601561, 45.487341074578424 ], [ 35.938830353917652, 45.489079658568215 ], [ 35.936358534187768, 45.4894104599652 ], [ 35.936828832830138, 45.491149059566268 ], [ 35.934356899486467, 45.491479829261181 ], [ 35.934827170443555, 45.493218444472525 ], [ 35.932355123476647, 45.49354918245831 ], [ 35.932825366736871, 45.495287813278942 ], [ 35.930353206137255, 45.495618519548572 ], [ 35.930823421689013, 45.497357165977498 ], [ 35.928351147447252, 45.497687840523938 ], [ 35.926819107485677, 45.501495823018892 ], [ 35.921874061418329, 45.502156993501316 ], [ 35.920341498760145, 45.505964963115815 ], [ 35.915395912087064, 45.50662590322159 ], [ 35.915865847451641, 45.50836466752969 ], [ 35.910919947509832, 45.509025440712449 ], [ 35.911389784322168, 45.510764240539764 ], [ 35.906443571108575, 45.511424846759226 ], [ 35.90691330933128, 45.51316368209843 ], [ 35.901966782842891, 45.513824121314322 ], [ 35.902436422438562, 45.515562992158117 ], [ 35.895016098410608, 45.516553322834191 ], [ 35.895485568538128, 45.518292249078868 ], [ 35.885590919173509, 45.519612045410646 ], [ 35.88606014893179, 45.521351046930022 ], [ 35.871216463145856, 45.523329308561181 ], [ 35.871685310697039, 45.525068425075055 ], [ 35.849416251203266, 45.528032502675636 ], [ 35.849884503593579, 45.529771793658931 ], [ 35.84740987858136, 45.530100896598512 ], [ 35.846941697106679, 45.528361585765879 ], [ 35.844467100200902, 45.528690617074119 ], [ 35.84493521075521, 45.530429947753184 ], [ 35.84246050012095, 45.530758947120525 ], [ 35.84199246049171, 45.529019596597891 ], [ 35.819718777917721, 45.53197808160995 ], [ 35.819251419571607, 45.530238548345373 ], [ 35.809351177362686, 45.53155200441342 ], [ 35.808884145627601, 45.529812387637406 ], [ 35.801458728373717, 45.530796876239513 ], [ 35.800991952285898, 45.529057195799005 ], [ 35.79604160261281, 45.529713222858923 ], [ 35.795575011183629, 45.527973498571335 ], [ 35.790624632783967, 45.528629278778482 ], [ 35.790158226004195, 45.526889510660524 ], [ 35.779791161176227, 45.526460518609213 ], [ 35.776383989017404, 45.523308328887197 ], [ 35.771433581648715, 45.523963225400394 ], [ 35.770967842369728, 45.522223301880075 ], [ 35.76849264578329, 45.522550652641911 ], [ 35.768027020100597, 45.520810705115707 ], [ 35.765551851925586, 45.521137984300793 ], [ 35.765086339827519, 45.519398012774396 ], [ 35.762611200073323, 45.519725220387258 ], [ 35.762145801548179, 45.517985224866315 ], [ 35.759670690224205, 45.518312360911509 ], [ 35.759205405260332, 45.516572341401748 ], [ 35.75673032237593, 45.516899405883805 ], [ 35.756265150961653, 45.515159362390875 ], [ 35.753790096526252, 45.51548635531433 ], [ 35.753325038649862, 45.513746287843929 ], [ 35.750850012672814, 45.514073209213315 ], [ 35.750385068322629, 45.512333117771114 ], [ 35.744970270945544, 45.511246630457563 ], [ 35.744040878782833, 45.507766347479475 ], [ 35.738626606813504, 45.506679482425639 ], [ 35.737697753530043, 45.50319909516886 ], [ 35.735223011951568, 45.503525619425041 ], [ 35.734294470500707, 45.50004517581619 ], [ 35.731819828407637, 45.500371608854003 ], [ 35.730891598714564, 45.496891108911747 ], [ 35.728417056108093, 45.497217450744998 ], [ 35.727489138097994, 45.493736894488066 ], [ 35.725014694979336, 45.494063145130582 ], [ 35.723623348996291, 45.488842219958634 ], [ 35.721149076312877, 45.489168359741392 ], [ 35.719294825738416, 45.482206988272644 ], [ 35.716820794399148, 45.482532997545725 ], [ 35.713114894520601, 45.468609894486256 ], [ 35.710641388052466, 45.468935694629387 ], [ 35.707242071283972, 45.465780546386959 ], [ 35.702295130257539, 45.466431809189793 ], [ 35.701832451513276, 45.464691315252381 ], [ 35.699358988423889, 45.465016849347656 ], [ 35.69889642286244, 45.463276331549217 ], [ 35.696422988362428, 45.463601794228104 ], [ 35.695960535972134, 45.461861252574352 ], [ 35.693487130070842, 45.462186643841399 ], [ 35.693024790839992, 45.460446078337924 ], [ 35.690551413546714, 45.460771398197686 ], [ 35.690089187463677, 45.459030808850208 ], [ 35.687615838787735, 45.459356057307232 ], [ 35.687153725840815, 45.457615444121387 ], [ 35.684680405791525, 45.457940621180192 ], [ 35.684218405969055, 45.456199984161671 ], [ 35.681745114555717, 45.456525089826833 ], [ 35.681283227846023, 45.454784428981235 ], [ 35.678809965077946, 45.455109463257315 ], [ 35.678348191469361, 45.453368778590345 ], [ 35.672940091387048, 45.45227792451071 ], [ 35.67201703870127, 45.448796455727113 ], [ 35.66660946337889, 45.447705225126064 ], [ 35.665686947260575, 45.444223652750047 ], [ 35.663213969585797, 45.444548290953549 ], [ 35.662291763838738, 45.44106666261095 ], [ 35.659818885716398, 45.441391209868861 ], [ 35.658896990266008, 45.437909525578249 ], [ 35.656424211697185, 45.438233981904432 ], [ 35.65550262646893, 45.434752241684372 ], [ 35.653029947454655, 45.435076607092618 ], [ 35.651648097995462, 45.429853906617382 ], [ 35.649175589363637, 45.430178161546351 ], [ 35.647333996068859, 45.423214424030832 ], [ 35.644861728608753, 45.423538548938339 ], [ 35.640721241776681, 45.407869718842633 ], [ 35.63824956929755, 45.408193615984629 ], [ 35.637789796170225, 45.406452594417281 ], [ 35.640261397894932, 45.406128716828491 ], [ 35.63980159603836, 45.404387710637494 ], [ 35.637330065062272, 45.404711568674252 ], [ 35.636870375969025, 45.40297053875593 ], [ 35.63934183620232, 45.40264670027009 ], [ 35.637503216971226, 45.395682617045118 ], [ 35.635032039650788, 45.396006377338857 ], [ 35.634113123459798, 45.392524271590219 ], [ 35.631642045578459, 45.3928479411097 ], [ 35.630264198250536, 45.387624692580076 ], [ 35.627793290508869, 45.387948251804325 ], [ 35.625957030934472, 45.380983783930169 ], [ 35.623486363994488, 45.381307213357246 ], [ 35.619357868765064, 45.365636741232187 ], [ 35.616887795800039, 45.365959943319609 ], [ 35.615970954584753, 45.362477531366245 ], [ 35.61844088630103, 45.362154368303457 ], [ 35.614316537834149, 45.346483484214964 ], [ 35.616785792378543, 45.346160445092202 ], [ 35.615411551191507, 45.340936800729622 ], [ 35.605535128711793, 45.342228413554295 ], [ 35.605992885052977, 45.343969710485275 ], [ 35.601054281798959, 45.344615246207503 ], [ 35.601511938806823, 45.346356577963959 ], [ 35.596573027178493, 45.34700194617173 ], [ 35.597030584815968, 45.348743312746201 ], [ 35.592091364811481, 45.349388513399575 ], [ 35.592548823041525, 45.351129914784622 ], [ 35.585139467793276, 45.352097386909534 ], [ 35.585596755953311, 45.3538388425684 ], [ 35.575716748248247, 45.355128160206135 ], [ 35.576173795616896, 45.356869689579455 ], [ 35.553940700037657, 45.359767807050588 ], [ 35.55439715306116, 45.361509507306188 ], [ 35.551926529785447, 45.361831281411021 ], [ 35.551470147463377, 45.360089561723029 ], [ 35.529233298367963, 45.362983027678247 ], [ 35.528777594215384, 45.361241129111143 ], [ 35.518893750005653, 45.362525692133303 ], [ 35.51934917116499, 45.364267668291873 ], [ 35.516878035282332, 45.364588699162248 ], [ 35.517333427302987, 45.366330690598978 ], [ 35.514862179029052, 45.366651689140255 ], [ 35.515317541899321, 45.368393695854088 ], [ 35.51284618122498, 45.36871466205919 ], [ 35.513301514933175, 45.370456684049095 ], [ 35.510830041849218, 45.370777617910981 ], [ 35.51128534638368, 45.372519655175878 ], [ 35.508813760880976, 45.372840556687528 ], [ 35.509269036229988, 45.374582609226316 ], [ 35.506797338299357, 45.374903478380688 ], [ 35.507252584451223, 45.376645546192371 ], [ 35.504780774083528, 45.376966382982388 ], [ 35.503219255935058, 45.380771368838751 ], [ 35.49827514378542, 45.381412861158935 ], [ 35.496713100460582, 45.385217830312328 ], [ 35.491768455225959, 45.385859089522008 ], [ 35.492223413462959, 45.387601272421598 ], [ 35.487278460069675, 45.388242363257071 ], [ 35.487733318124306, 45.389984580783214 ], [ 35.482788056570911, 45.390625503204497 ], [ 35.48324281440599, 45.392367755349703 ], [ 35.478297244690957, 45.3930085093168 ], [ 35.478751902269302, 45.394750796073538 ], [ 35.471333023097031, 45.395711596574976 ], [ 35.471787509437696, 45.39745393728235 ], [ 35.464368043346454, 45.398414329529807 ], [ 35.46482235837761, 45.400156724168028 ], [ 35.454928871361616, 45.401436599021409 ], [ 35.455382944023889, 45.403179066899156 ], [ 35.433119530192783, 45.406055926806161 ], [ 35.433573005243346, 45.407798564431772 ], [ 35.43109901406779, 45.408117975588979 ], [ 35.430645610056402, 45.406375318662874 ], [ 35.408378463108015, 45.40924751150262 ], [ 35.407925740077978, 45.407504676937066 ], [ 35.398028437408129, 45.408779781279343 ], [ 35.397576040116512, 45.407036865589284 ], [ 35.390152841732771, 45.407992591295312 ], [ 35.389700699101738, 45.406249613784453 ], [ 35.384751835507956, 45.406886466319762 ], [ 35.384299876436323, 45.405143446262151 ], [ 35.37935098962577, 45.405780052754345 ], [ 35.37889921410364, 45.404036990166581 ], [ 35.368549779136941, 45.403566359947561 ], [ 35.365172617273998, 45.40039800163661 ], [ 35.36022372088172, 45.401033727817548 ], [ 35.35977260834472, 45.399290514484328 ], [ 35.357298169338499, 45.399608280520646 ], [ 35.356847169185706, 45.397865043938047 ], [ 35.354372760021768, 45.398182738872599 ], [ 35.353921872241379, 45.396439479046222 ], [ 35.351447492928862, 45.396757102883619 ], [ 35.350996717509098, 45.395013819819098 ], [ 35.348522368057083, 45.395331372563966 ], [ 35.348071704986147, 45.393588066266901 ], [ 35.345597385403735, 45.393905547923886 ], [ 35.345146834669833, 45.392162218399875 ], [ 35.342672544966121, 45.392479628973561 ], [ 35.342222106557479, 45.390736276228246 ], [ 35.339747846741552, 45.391053615723273 ], [ 35.339297520646362, 45.389310239762253 ], [ 35.333898876920706, 45.388201306363754 ], [ 35.332998715095677, 45.38471445758455 ], [ 35.327600598960352, 45.383605151159408 ], [ 35.326700968521386, 45.380118201549699 ], [ 35.324227000461129, 45.380435147396419 ], [ 35.323327676788097, 45.376948143370704 ], [ 35.320853809747412, 45.377264999018116 ], [ 35.319954792765948, 45.373777940594671 ], [ 35.31748102674532, 45.374094706056695 ], [ 35.31658231638108, 45.37060759325373 ], [ 35.314108651380941, 45.370924268544215 ], [ 35.312761107289809, 45.365693511773564 ], [ 35.310287614362984, 45.366010077766532 ], [ 35.308491748268167, 45.359035602639949 ], [ 35.306018498428038, 45.359352040228387 ], [ 35.301980840546882, 45.343659064340635 ], [ 35.299508188724403, 45.343975277955757 ], [ 35.299059836196768, 45.342231574804629 ], [ 35.301532417040271, 45.341915380307697 ], [ 35.29929091460891, 45.333196900038494 ], [ 35.296818688571967, 45.333512998961346 ], [ 35.29726683611019, 45.335256722140286 ], [ 35.294794498134841, 45.335572788355385 ], [ 35.29524261570198, 45.337316526640372 ], [ 35.290297674874836, 45.337948541812978 ], [ 35.288721075229176, 45.341752050852214 ], [ 35.283775604609069, 45.342383831433409 ], [ 35.284223490196467, 45.344127653231951 ], [ 35.279277713694192, 45.344759264630916 ], [ 35.279725498227513, 45.346503120622373 ], [ 35.274779415842282, 45.347134562799276 ], [ 35.2752270992844, 45.348878452975988 ], [ 35.270280711015495, 45.349509725890954 ], [ 35.270728293329292, 45.351253650245354 ], [ 35.263308190689422, 45.352200227856031 ], [ 35.263755600773422, 45.353944205458156 ], [ 35.253861273262842, 45.355205658947639 ], [ 35.254308439957271, 45.356949708844645 ], [ 35.232043170226909, 45.359785114984668 ], [ 35.232489737788015, 45.361529332377089 ], [ 35.230015543389307, 45.361844137013463 ], [ 35.229569046967491, 45.360099900582071 ], [ 35.184582672841721, 45.364012579124754 ], [ 35.185027847234437, 45.365757161712231 ], [ 35.182552948675927, 45.366070960537272 ], [ 35.183443277266214, 45.369560151812351 ], [ 35.178938155917649, 45.371932297168662 ], [ 35.17982844404245, 45.375421540641128 ], [ 35.17735306701293, 45.375735278466721 ], [ 35.177798200940167, 45.377479913251591 ], [ 35.175322711887503, 45.377793618073994 ], [ 35.175767815291643, 45.379538267883405 ], [ 35.173292214206825, 45.379851939695527 ], [ 35.173737287076001, 45.381596604528376 ], [ 35.171261573950041, 45.381910243323127 ], [ 35.171706616272417, 45.383654923178298 ], [ 35.169230791096318, 45.383968528948643 ], [ 35.169675802859999, 45.385713223825007 ], [ 35.167199865624781, 45.386026796563833 ], [ 35.167644846817915, 45.387771506460275 ], [ 35.165168797514575, 45.388085046160512 ], [ 35.165613748125303, 45.389829771075959 ], [ 35.163137586744838, 45.390143277730537 ], [ 35.16358250676128, 45.391888017663838 ], [ 35.16110623329471, 45.392201491265638 ], [ 35.159519595935585, 45.396004456723439 ], [ 35.154566559867611, 45.396631219640568 ], [ 35.152979392272826, 45.40043416489344 ], [ 35.148025826276289, 45.401060691400538 ], [ 35.148470450343503, 45.402805544314248 ], [ 35.143516578642824, 45.403431900524673 ], [ 35.143961100606568, 45.405176787393557 ], [ 35.139006923201443, 45.405802973267456 ], [ 35.139451343024454, 45.407547894083834 ], [ 35.134496859914563, 45.408173909581258 ], [ 35.134941177559547, 45.409918864337449 ], [ 35.127508933296163, 45.410857553842462 ], [ 35.128397261913356, 45.414347565145171 ], [ 35.130874860300494, 45.414034682859331 ], [ 35.131319157127706, 45.415779663675764 ], [ 35.133796786287583, 45.415466710369941 ], [ 35.134241195300007, 45.417211668313143 ], [ 35.139641067111597, 45.418330483687242 ], [ 35.140530374685639, 45.421820304106014 ], [ 35.145930777627115, 45.422938747725063 ], [ 35.146820615649666, 45.42642846868069 ], [ 35.149298541518192, 45.426115122289616 ], [ 35.150188685611596, 45.429604789545479 ], [ 35.152666713702068, 45.429291353134893 ], [ 35.153557163940945, 45.432780966672837 ], [ 35.156035294253194, 45.432467440228805 ], [ 35.156926050712244, 45.435957000030626 ], [ 35.15940428324609, 45.435643383539208 ], [ 35.160740938614708, 45.440877636681428 ], [ 35.163219344898408, 45.440563911148701 ], [ 35.165002409887627, 45.447542784059522 ], [ 35.167481061489532, 45.447228930472633 ], [ 35.171495992383107, 45.46293099211541 ], [ 35.173975247281163, 45.462616915443817 ], [ 35.174868047162221, 45.466106180911794 ], [ 35.172388649052543, 45.466420295587781 ], [ 35.176407629677044, 45.482121965059036 ], [ 35.173927545868288, 45.482436198631063 ], [ 35.176161387553719, 45.491159304631047 ], [ 35.173680904352153, 45.491473581073173 ], [ 35.175468428238311, 45.498452070541276 ], [ 35.172987617191076, 45.498766370834538 ], [ 35.174328475159996, 45.504000253332961 ], [ 35.171847407899399, 45.504314558453721 ], [ 35.172741374622802, 45.507803831650399 ], [ 35.170260122848525, 45.50811812257372 ], [ 35.171154109981543, 45.511607417934336 ], [ 35.168672673657497, 45.511921694650582 ], [ 35.167979088160081, 45.519214614362333 ], [ 35.16346236789262, 45.521587760569815 ], [ 35.164356354458178, 45.52507715251356 ], [ 35.161874251425303, 45.525391353294751 ], [ 35.162321234357876, 45.527136062329859 ], [ 35.159839018472979, 45.527450229847865 ], [ 35.16028597054455, 45.52919495392743 ], [ 35.15780364179853, 45.529509088175104 ], [ 35.158250562997111, 45.531253827297974 ], [ 35.155768121380902, 45.531567928268252 ], [ 35.156215011694513, 45.533312682433305 ], [ 35.153732457199027, 45.533626750119062 ], [ 35.154179316615689, 45.535371519325182 ], [ 35.151696649231823, 45.535685553719297 ], [ 35.152143477739571, 45.53743033796539 ], [ 35.149660697458252, 45.537744339060737 ], [ 35.150107495045091, 45.539489138345672 ], [ 35.147624601857224, 45.539803106135132 ], [ 35.146035098116705, 45.543606684293572 ], [ 35.141068819077113, 45.54423443428793 ], [ 35.139478780757038, 45.548037991597745 ], [ 35.13451196801239, 45.548665503598102 ], [ 35.13495846686687, 45.550410416032506 ], [ 35.129991346283006, 45.55103775665853 ], [ 35.130437742132173, 45.55278270310113 ], [ 35.125470313708746, 45.553409872312727 ], [ 35.125916606514984, 45.555154852755805 ], [ 35.120948870251695, 45.555781850512865 ], [ 35.121395059977353, 45.557526864948677 ], [ 35.113942932411547, 45.558467025797249 ], [ 35.114835002481051, 45.561957156617972 ], [ 35.117319230031683, 45.561643784105932 ], [ 35.119104149753447, 45.568623922525838 ], [ 35.121588624587126, 45.568310421766597 ], [ 35.12560773976611, 45.584015331372385 ], [ 35.128092822457631, 45.583701607417353 ], [ 35.128539667935485, 45.585446558625144 ], [ 35.126054513121716, 45.585760301565401 ], [ 35.130077319641209, 45.601464855315513 ], [ 35.127591474398287, 45.601778716737876 ], [ 35.12938016693775, 45.60875849149803 ], [ 35.126893991840333, 45.609072376451451 ], [ 35.128235725802995, 45.614307222948106 ], [ 35.125749292962496, 45.614621112429091 ], [ 35.126643843170946, 45.618111028293647 ], [ 35.124157224766691, 45.618424903297374 ], [ 35.125051794783872, 45.6219148413197 ], [ 35.122564990779509, 45.622228701836505 ], [ 35.121867200515752, 45.62952249037383 ], [ 35.11734003060932, 45.631895124120334 ], [ 35.118234597473126, 45.63538515868396 ], [ 35.115747123036805, 45.63569894216608 ], [ 35.116194395772474, 45.637443972503767 ], [ 35.113706807913516, 45.637757722462894 ], [ 35.114154049397129, 45.639502767833314 ], [ 35.11166634810639, 45.63981648426229 ], [ 35.112113558325859, 45.641561544664349 ], [ 35.109625743594208, 45.641875227556007 ], [ 35.110072922537455, 45.643620302988552 ], [ 35.107584994355754, 45.643933952335772 ], [ 35.108032142010714, 45.645679042797703 ], [ 35.105544100369819, 45.645992658593329 ], [ 35.105991216724384, 45.647737764083523 ], [ 35.103503061615164, 45.648051346320408 ], [ 35.103950146657262, 45.649796466837728 ], [ 35.10146187807058, 45.65011001550873 ], [ 35.099867572095683, 45.653913816718266 ], [ 35.09489053988495, 45.654540727195688 ], [ 35.093295695568273, 45.658344506708985 ], [ 35.088318127189261, 45.658971177672328 ], [ 35.088764910576238, 45.660716411239662 ], [ 35.083787033036984, 45.661342909828669 ], [ 35.08423371254451, 45.663088177371975 ], [ 35.079255525844779, 45.663714503546409 ], [ 35.079702101434947, 45.665459805057949 ], [ 35.07472360557459, 45.666085958777522 ], [ 35.075170077209457, 45.667831294249495 ], [ 35.067701808133407, 45.668770187181352 ], [ 35.068148103251787, 45.670515575547839 ], [ 35.058189546740152, 45.67176677202788 ], [ 35.058635592721565, 45.673512232199585 ], [ 35.036225789427434, 45.67632451610308 ], [ 35.036671223226946, 45.678070142597967 ], [ 35.031245382515706, 45.676948889071568 ], [ 35.031690671112116, 45.678694553368373 ], [ 35.029200333635536, 45.679006679779164 ], [ 35.029645590561579, 45.680752359052725 ], [ 35.027155139527963, 45.681064451705424 ], [ 35.027600364771445, 45.682810145954633 ], [ 35.025109800171705, 45.683122204842107 ], [ 35.025554993720498, 45.684867914065791 ], [ 35.023064315545497, 45.685179939180848 ], [ 35.021463815750998, 45.688983393882644 ], [ 35.016481964114831, 45.689607256300832 ], [ 35.014880923915612, 45.693410688390671 ], [ 35.009898536005167, 45.69403431022603 ], [ 35.010343425506576, 45.695780132065579 ], [ 35.005360728525588, 45.696403580870957 ], [ 35.00580551352477, 45.698149436548377 ], [ 35.000822507473302, 45.698772712283507 ], [ 35.001267187932264, 45.700518601790968 ], [ 34.99628387281038, 45.701141704415541 ], [ 34.99672844869108, 45.702887627745213 ], [ 34.989252951072658, 45.703821942869155 ], [ 34.989697349573625, 45.705567918869583 ], [ 34.979729156044336, 45.706813009567107 ], [ 34.980173304304806, 45.708559057063368 ], [ 34.97020416583846, 45.709803379275272 ], [ 34.970648063741336, 45.711549498228223 ], [ 34.965663103812332, 45.712171380490879 ], [ 34.966106896908713, 45.713917533210477 ], [ 34.963614282862402, 45.714228414030138 ], [ 34.962009045318155, 45.718031611148923 ], [ 34.9570233216918, 45.718653184237681 ], [ 34.955417542106417, 45.722456358040198 ], [ 34.950431282062304, 45.723077689710898 ], [ 34.950874769251342, 45.724823954719973 ], [ 34.945888200169001, 45.72544511284655 ], [ 34.946331582368664, 45.727191411589679 ], [ 34.941344704248351, 45.72781239613181 ], [ 34.941787981420539, 45.729558728601134 ], [ 34.936800794262524, 45.730179539518552 ], [ 34.937243966369131, 45.731925905706198 ], [ 34.929762660902036, 45.732856782353345 ], [ 34.930205654949837, 45.734603201043704 ], [ 34.920229718313742, 45.735843705498233 ], [ 34.920672461250213, 45.737590195452064 ], [ 34.905706895810319, 45.73944947962265 ], [ 34.906149241497154, 45.741196078332727 ], [ 34.901602488162709, 45.743562086804367 ], [ 34.902487091049153, 45.747055339926632 ], [ 34.899992314009673, 45.74736500496418 ], [ 34.900434603492052, 45.749111644482802 ], [ 34.897939712674912, 45.749421275405162 ], [ 34.89838196982231, 45.751167929814166 ], [ 34.895886965218423, 45.751477526614117 ], [ 34.896329190018577, 45.753224195912374 ], [ 34.893834071618834, 45.753533758582762 ], [ 34.894276264059471, 45.75528044276907 ], [ 34.891781031854791, 45.75558997130269 ], [ 34.892223191923648, 45.757336670375935 ], [ 34.889727845904936, 45.757646164765568 ], [ 34.890169973589742, 45.759392878724597 ], [ 34.887674513747889, 45.759702338963066 ], [ 34.888116609036352, 45.761449067806701 ], [ 34.885621035362291, 45.761758493886809 ], [ 34.88606309824214, 45.763505237613913 ], [ 34.883567410726741, 45.763814629528447 ], [ 34.884009441185711, 45.76556138813784 ], [ 34.881513639819907, 45.765870745879631 ], [ 34.879901688200682, 45.769673631302538 ], [ 34.874909589308189, 45.770292157121048 ], [ 34.873297093051768, 45.774095018212677 ], [ 34.868304457236739, 45.774713301343468 ], [ 34.868746179013449, 45.776460171809454 ], [ 34.863753234030199, 45.777078280606197 ], [ 34.864194850076622, 45.778825184668577 ], [ 34.85920159592569, 45.779443119090921 ], [ 34.859643106203578, 45.781190056741828 ], [ 34.854649542885504, 45.781807816749421 ], [ 34.855090947356594, 45.78355478798089 ], [ 34.847600077639413, 45.784481086845709 ], [ 34.848041303000898, 45.78622811035703 ], [ 34.838052614509337, 45.787462508591588 ], [ 34.838493587399036, 45.789209603058289 ], [ 34.816016002126993, 45.791984066999149 ], [ 34.816456355793228, 45.793731325763453 ], [ 34.813958569991399, 45.79403935315694 ], [ 34.813518289665609, 45.792292075725307 ], [ 34.791037052391005, 45.7950617681946 ], [ 34.790597472852696, 45.793314319070198 ], [ 34.780605051621428, 45.794543840077679 ], [ 34.780165806118809, 45.792796312609482 ], [ 34.772671285217733, 45.793717840545035 ], [ 34.772232300370355, 45.791970253403406 ], [ 34.767235897560816, 45.79258430289908 ], [ 34.766797099965935, 45.79083667472387 ], [ 34.76180068216469, 45.791450474810709 ], [ 34.761362071811178, 45.789702805618838 ], [ 34.756365639091527, 45.790316356304672 ], [ 34.7559272159682, 45.788568646113085 ], [ 34.753429012388551, 45.788875323285772 ], [ 34.75268411605898, 45.7961729140684 ], [ 34.755182653729726, 45.795866215588276 ], [ 34.7556211651127, 45.797613929150373 ], [ 34.75811973579215, 45.797307159009705 ], [ 34.758558361041786, 45.799054850168638 ], [ 34.761056964720922, 45.798748008362601 ], [ 34.761495703849533, 45.800495677112721 ], [ 34.763994340519304, 45.800188763636456 ], [ 34.764433193539304, 45.801936409972093 ], [ 34.766931863190628, 45.801629424820817 ], [ 34.767370830114366, 45.803377048736323 ], [ 34.769869532738213, 45.803069991905147 ], [ 34.770308613578067, 45.804817593394894 ], [ 34.772807349165369, 45.804510464879009 ], [ 34.773246543933681, 45.806258043937305 ], [ 34.775745312475387, 45.805950843731885 ], [ 34.776184621184555, 45.807698400353097 ], [ 34.781621679757272, 45.808831319032748 ], [ 34.782500793537714, 45.812326338673003 ], [ 34.787938399206446, 45.813458884540175 ], [ 34.788818050041357, 45.816953806703538 ], [ 34.79131713013858, 45.81664621069195 ], [ 34.792197090138075, 45.820141080269849 ], [ 34.794696276609244, 45.819833393882625 ], [ 34.795576545850018, 45.82332821085685 ], [ 34.798075838695553, 45.823020434079808 ], [ 34.802336704428143, 45.829702042963135 ], [ 34.807335674996516, 45.829086074670478 ], [ 34.806895063730124, 45.827338758062105 ], [ 34.809394414589534, 45.827030712947767 ], [ 34.811012330259267, 45.823228044712558 ], [ 34.816010534944752, 45.822611763767455 ], [ 34.817627903581894, 45.81880907036436 ], [ 34.822625570657429, 45.818192545719249 ], [ 34.8221846483818, 45.816445340666448 ], [ 34.827182006021012, 45.81582864115515 ], [ 34.826740977562103, 45.814081469636058 ], [ 34.831738025764324, 45.81346459529896 ], [ 34.831296891160484, 45.811717457321549 ], [ 34.836293629925045, 45.81110040819906 ], [ 34.835852389214644, 45.809353303771232 ], [ 34.843346972186787, 45.808427388424292 ], [ 34.842905552046879, 45.806680336259625 ], [ 34.85289746630513, 45.805445114943666 ], [ 34.852455793472274, 45.803698133779413 ], [ 34.874934558794017, 45.800915953246765 ], [ 34.874492266891671, 45.799169136804622 ], [ 34.876989630492844, 45.798859759393025 ], [ 34.877431995680354, 45.800606557089715 ], [ 34.899907092557584, 45.797819607458884 ], [ 34.900350157925338, 45.799566232438224 ], [ 34.910338321799721, 45.798326135768249 ], [ 34.910781720971045, 45.800072681745071 ], [ 34.918272634680058, 45.799141996760177 ], [ 34.918716294409606, 45.800888482476886 ], [ 34.923710178984336, 45.800267723426018 ], [ 34.924154026049393, 45.80201416765545 ], [ 34.929147893513608, 45.801393159164142 ], [ 34.92959192792506, 45.803139561889353 ], [ 34.940023832996864, 45.80364315775919 ], [ 34.943409693754433, 45.806824922415466 ], [ 34.948403573968243, 45.806203021988708 ], [ 34.948848284661182, 45.807949277367435 ], [ 34.951345236534479, 45.807638228888521 ], [ 34.951790061416908, 45.809384461529262 ], [ 34.954287045527444, 45.809073341256074 ], [ 34.954731984611655, 45.81081955115318 ], [ 34.957229000950264, 45.810508359080963 ], [ 34.957674054248535, 45.812254546228765 ], [ 34.960171102806072, 45.811943282352708 ], [ 34.960616270330682, 45.813689446745535 ], [ 34.963113351097967, 45.813378111060842 ], [ 34.963558632861201, 45.815124252692996 ], [ 34.966055745829074, 45.814812845194893 ], [ 34.966501141843231, 45.816558964060718 ], [ 34.968998287002492, 45.816247484744437 ], [ 34.969443797279837, 45.817993580838234 ], [ 34.97488380868873, 45.819116480048038 ], [ 34.975775327437255, 45.822608577202388 ], [ 34.981215883634512, 45.823731101836891 ], [ 34.982107941811442, 45.827223099991791 ], [ 34.984605394267859, 45.826911223739174 ], [ 34.985497763339062, 45.830403168455895 ], [ 34.987995321184549, 45.830091201455488 ], [ 34.988888001226762, 45.833583092715621 ], [ 34.991385664461362, 45.83327103495327 ], [ 34.992278655551303, 45.836762872738419 ], [ 34.994776424175036, 45.836450724199892 ], [ 34.996116439233404, 45.841688394753447 ], [ 34.998614386525169, 45.841376136515024 ], [ 35.000401942763368, 45.848359566675434 ], [ 35.002900142043558, 45.848047179794129 ], [ 35.006925213523481, 45.86375949763319 ], [ 35.009424031533769, 45.863446887428779 ], [ 35.009871541173254, 45.865192661941229 ], [ 35.007372649807245, 45.865505291077127 ], [ 35.011401432750297, 45.881217255110613 ], [ 35.008901839623569, 45.881530001633323 ], [ 35.010693189236854, 45.888513070230502 ], [ 35.008193261090952, 45.888825839457361 ], [ 35.00953698650698, 45.894063156410169 ], [ 35.007036796686769, 45.894375929391167 ], [ 35.00793267318037, 45.897867492233161 ], [ 35.0054322951, 45.89818025001707 ], [ 35.006328189826952, 45.901671835000691 ], [ 35.003827623449425, 45.901984577577693 ], [ 35.004723536388177, 45.905476184702778 ], [ 35.002222781676473, 45.905788912063066 ], [ 35.003118712805453, 45.909280541329373 ], [ 35.00061776972256, 45.909593253463171 ], [ 35.001513719020153, 45.913084904870487 ], [ 34.999012587529059, 45.91339760176794 ], [ 34.998303220607411, 45.920693652656169 ], [ 34.993748070030378, 45.92306481212723 ], [ 34.994644009139975, 45.926556559961277 ], [ 34.992142197266439, 45.926869176881098 ], [ 34.991432129177142, 45.934165340602227 ], [ 34.986875612003828, 45.936536388139714 ], [ 34.987771540539192, 45.940028232391377 ], [ 34.985269047819898, 45.940340769183415 ], [ 34.985717000402524, 45.942086704343289 ], [ 34.983214392668863, 45.942399206883771 ], [ 34.983662312889741, 45.944145157041788 ], [ 34.981159590132449, 45.944457625323494 ], [ 34.981607477979196, 45.946203590478525 ], [ 34.979104640189, 45.946516024494201 ], [ 34.979552495649251, 45.948262004645109 ], [ 34.977049542816886, 45.9485744043875 ], [ 34.977497365878236, 45.950320399533133 ], [ 34.974994297994435, 45.950632764995021 ], [ 34.97544208864452, 45.95237877513425 ], [ 34.972938905699998, 45.9526911063084 ], [ 34.973386663926433, 45.954437131440059 ], [ 34.970883365911909, 45.954749428319268 ], [ 34.969275371950509, 45.958553786132349 ], [ 34.964268274272818, 45.959178189440337 ], [ 34.964715861369221, 45.960924278452872 ], [ 34.962212176777598, 45.961236419171264 ], [ 34.962659731389941, 45.962982523169799 ], [ 34.960155931692803, 45.963294629558909 ], [ 34.960603453808687, 45.965040748542272 ], [ 34.958099538996763, 45.965352820594838 ], [ 34.958547028603782, 45.967098954561926 ], [ 34.956042998667797, 45.967410992270715 ], [ 34.954433735236314, 45.971215308509237 ], [ 34.949425173514967, 45.971839193246574 ], [ 34.947815360589097, 45.975643485205786 ], [ 34.942806255662376, 45.97626712590872 ], [ 34.945042564173015, 45.984998320011755 ], [ 34.947547506746197, 45.984686431839428 ], [ 34.951576130106247, 46.000402164381718 ], [ 34.954081696756155, 46.000090052795599 ], [ 34.95587356689623, 46.00707464524772 ], [ 34.953367704356694, 46.007386832474246 ], [ 34.957401167117425, 46.023102106170022 ], [ 34.954894597048686, 46.023414410298123 ], [ 34.956688027483629, 46.030398950006195 ], [ 34.954181119757088, 46.03071127645147 ], [ 34.955526405286328, 46.035949696770842 ], [ 34.95301923387283, 46.036262026602877 ], [ 34.953916149843785, 46.039754325027261 ], [ 34.951408788784192, 46.040066639314389 ], [ 34.952754251153543, 46.045305114267968 ], [ 34.950246626274719, 46.04561743192108 ], [ 34.951592239200181, 46.0508559283031 ], [ 34.949084350424265, 46.051168249312006 ], [ 34.950430113905483, 46.056406767122759 ], [ 34.947921961154591, 46.056719091477298 ], [ 34.949267875191168, 46.061957630717131 ], [ 34.946759458387398, 46.062269958407086 ], [ 34.948105522978999, 46.06750851907632 ], [ 34.945596842044374, 46.067820850091515 ], [ 34.946943057190595, 46.07305943219049 ], [ 34.944434112047183, 46.073371766520729 ], [ 34.946229349290391, 46.08035656337195 ], [ 34.943720065577764, 46.080668919931483 ], [ 34.945066706314606, 46.085907533109797 ], [ 34.942557158213717, 46.086219892964401 ], [ 34.944352962981498, 46.093204731253969 ], [ 34.941843076078747, 46.093517113319869 ], [ 34.943639247697462, 46.100501964472095 ], [ 34.941129021861585, 46.100814368741062 ], [ 34.941313365204145, 46.111604105511688 ], [ 34.938802609951146, 46.111916516301086 ], [ 34.939700996976832, 46.115408984739638 ], [ 34.937190051333609, 46.115721379844715 ], [ 34.938088455670062, 46.119213870427593 ], [ 34.935577319599105, 46.119526249838522 ], [ 34.936475741224278, 46.123018762565565 ], [ 34.933964414688042, 46.123331126272369 ], [ 34.933249792677309, 46.130628566150939 ], [ 34.928675477356514, 46.132999487573159 ], [ 34.933169177382013, 46.150462376251383 ], [ 34.935681746461491, 46.15014988934481 ], [ 34.936131419756734, 46.151896137669546 ], [ 34.933618776098939, 46.152208643512026 ], [ 34.937667037258848, 46.167924871946553 ], [ 34.935153680468154, 46.168237494616591 ], [ 34.937403798526141, 46.176968689698562 ], [ 34.939917528608952, 46.176655972294974 ], [ 34.941268323409197, 46.181894585274165 ], [ 34.943782235859643, 46.18158175734473 ], [ 34.945584177982283, 46.188566443691812 ], [ 34.948098347528109, 46.188253486247106 ], [ 34.949450466194634, 46.193491902740497 ], [ 34.956993396898952, 46.192552537596335 ], [ 34.956542424809136, 46.190806459625399 ], [ 34.966598782458973, 46.189553297173731 ], [ 34.966147553342772, 46.187807291185898 ], [ 34.988771242059876, 46.184984707301716 ], [ 34.988319382808761, 46.183238868370978 ], [ 34.990832842352361, 46.182924998702589 ], [ 34.991284776235268, 46.184670818617384 ], [ 35.013904700884616, 46.18184340686301 ], [ 35.014357348123482, 46.183589051525999 ], [ 35.024409857626281, 46.182330953639443 ], [ 35.024862845112459, 46.184076518117628 ], [ 35.032402010901151, 46.183132324558017 ], [ 35.031948799694682, 46.181386817271054 ], [ 35.021443922106457, 46.180899971026157 ], [ 35.018025423108178, 46.177723278202542 ], [ 35.012999532049982, 46.178352105621912 ], [ 35.012547010444784, 46.176606449044677 ], [ 35.010034076679496, 46.176920763293204 ], [ 35.009581671513175, 46.175175083705625 ], [ 35.007068770460883, 46.175489325303829 ], [ 35.006616481720883, 46.173743622711662 ], [ 35.004103613391017, 46.174057791664325 ], [ 35.003651441064811, 46.172312066073374 ], [ 35.001138605466807, 46.172626162385335 ], [ 35.00068654954184, 46.170880413801378 ], [ 34.998173746685161, 46.171194437477482 ], [ 34.997721807148878, 46.169448665906245 ], [ 34.995209037042926, 46.169762616951331 ], [ 34.994757213882792, 46.168016822398606 ], [ 34.992244476537039, 46.168330700817506 ], [ 34.991792769740499, 46.16658488328909 ], [ 34.986315802921744, 46.165466581769302 ], [ 34.985412896477271, 46.161974850887766 ], [ 34.979936484346659, 46.16085617104396 ], [ 34.979034126649275, 46.157364340437411 ], [ 34.97652170234619, 46.157677817811752 ], [ 34.975619660676564, 46.154185933414126 ], [ 34.973107343726248, 46.154499319212526 ], [ 34.972205618005937, 46.151007381042469 ], [ 34.969693408408411, 46.151320675279251 ], [ 34.968791998559027, 46.147828683355456 ], [ 34.96627989631429, 46.148141886045032 ], [ 34.964928317744409, 46.14290381163984 ], [ 34.962416397361856, 46.143216903826541 ], [ 34.960615173944845, 46.1362326735374 ], [ 34.958103509891458, 46.136545636285049 ], [ 34.954053863134952, 46.120830717008715 ], [ 34.95154282760334, 46.121143455601228 ], [ 34.950643512646721, 46.117651170113845 ], [ 34.953154399322571, 46.11733846941582 ], [ 34.949108870220634, 46.101623160494064 ], [ 34.951619045809899, 46.101310576752013 ], [ 34.949821815872525, 46.094325968514269 ], [ 34.95233165253633, 46.094013407020306 ], [ 34.95098394323341, 46.088774966370273 ], [ 34.95349351540731, 46.088462408196385 ], [ 34.952595101571042, 46.084970132645211 ], [ 34.955104483620275, 46.084657558864649 ], [ 34.954206087305117, 46.081165305460871 ], [ 34.956715279267158, 46.080852716083527 ], [ 34.957427541200204, 46.073555670754736 ], [ 34.961995856682478, 46.071184303650284 ], [ 34.961097447643546, 46.067692146705205 ], [ 34.963605953838645, 46.067379476097706 ], [ 34.963156737381148, 46.065633410666713 ], [ 34.965665127855651, 46.065320705567466 ], [ 34.965215878714517, 46.063574655146013 ], [ 34.967724153477796, 46.063261915562279 ], [ 34.967274871665516, 46.061515880151539 ], [ 34.969783030726894, 46.061203106090581 ], [ 34.969333716255967, 46.059457085691662 ], [ 34.97184175962478, 46.059144277160776 ], [ 34.971392412507662, 46.057398271774836 ], [ 34.973900340193268, 46.057085428781257 ], [ 34.973450960442435, 46.055339438409462 ], [ 34.975958772454177, 46.055026560960435 ], [ 34.975509360082086, 46.053280585603893 ], [ 34.978017056429302, 46.052967673706718 ], [ 34.979625714563291, 46.049162821705941 ], [ 34.98464060312395, 46.048536806774528 ], [ 34.986248709908274, 46.044731930531029 ], [ 34.991263052862507, 46.04410567116733 ], [ 34.990813329409939, 46.042359808837986 ], [ 34.995827358032329, 46.041733373930235 ], [ 34.99537752799236, 46.039987545600006 ], [ 35.000391242282944, 46.039360935188981 ], [ 34.999941305694513, 46.037615140865775 ], [ 35.004954705653311, 46.036988354992289 ], [ 35.004504662555306, 46.035242594683993 ], [ 35.009517748182397, 46.034615633388832 ], [ 35.009067598613719, 46.032869907103326 ], [ 35.01658669318077, 46.031929122087611 ], [ 35.016136363184536, 46.030183448828602 ], [ 35.026160944348554, 46.028928398193891 ], [ 35.025710360028626, 46.027182796988761 ], [ 35.048262567180046, 46.024355985338502 ], [ 35.047811358996803, 46.022610551360081 ], [ 35.05031687763752, 46.022296213708678 ], [ 35.05076815973861, 46.024041628651368 ], [ 35.073316616873299, 46.021210020610738 ], [ 35.073768605750068, 46.022955260115573 ], [ 35.083789353133952, 46.021695306227372 ], [ 35.084241679246659, 46.023440465460254 ], [ 35.091757022956209, 46.022494883512856 ], [ 35.092209612427283, 46.024239981506355 ], [ 35.097219780393637, 46.023609289053773 ], [ 35.097672559369144, 46.025354344870941 ], [ 35.102682707855621, 46.024723401187359 ], [ 35.103135676346213, 46.026468414811127 ], [ 35.113609072597107, 46.026950745135096 ], [ 35.117020949132538, 46.030124758301724 ], [ 35.122031102695686, 46.029492916127253 ], [ 35.122484755511131, 46.031237779937008 ], [ 35.124989843325864, 46.030921759840503 ], [ 35.125443611869208, 46.032666600513153 ], [ 35.127948731641979, 46.032350508029701 ], [ 35.128402615925594, 46.034095325559498 ], [ 35.130907767647003, 46.03377916068434 ], [ 35.131361767683281, 46.03552395506555 ], [ 35.133866951343897, 46.035207717793853 ], [ 35.134321067145208, 46.036952489020734 ], [ 35.136826282735612, 46.036636179347759 ], [ 35.137280514314327, 46.038380927414558 ], [ 35.139785761825124, 46.038064545335509 ], [ 35.14024010919362, 46.039809270236461 ], [ 35.142745388615374, 46.039492815746584 ], [ 35.143199851786022, 46.041237517475949 ], [ 35.148665085309894, 46.042349069796543 ], [ 35.14957451691162, 46.045838376514588 ], [ 35.155040299345785, 46.046949550398963 ], [ 35.155950278354638, 46.050438756300522 ], [ 35.158455864925301, 46.050121901328929 ], [ 35.159366159729629, 46.053611052774521 ], [ 35.161871852036107, 46.053294106171293 ], [ 35.162782462713722, 46.056783203142217 ], [ 35.165288260755709, 46.056466164893074 ], [ 35.166199187384471, 46.059955207370571 ], [ 35.168705091161627, 46.059638077461251 ], [ 35.170072018252938, 46.064871553361627 ], [ 35.172578101672556, 46.064554312576881 ], [ 35.174401555907266, 46.071532147173293 ], [ 35.176907892918209, 46.071214776278467 ], [ 35.181013793955167, 46.086914495085836 ], [ 35.183520754443904, 46.086596897941945 ], [ 35.184433788400938, 46.09008564146373 ], [ 35.181926679936232, 46.090403277055245 ], [ 35.186036754292985, 46.106102595830613 ], [ 35.183528937427447, 46.106420351141701 ], [ 35.185356437923943, 46.113397797939918 ], [ 35.182848282574916, 46.113715576823274 ], [ 35.184219128906982, 46.118948677152289 ], [ 35.181710709054144, 46.119266460364905 ], [ 35.182624669488234, 46.122755212161231 ], [ 35.180116059181351, 46.123072980458645 ], [ 35.181030040258563, 46.126561754543467 ], [ 35.17852123945999, 46.126879507915866 ], [ 35.177840272131164, 46.13417486138809 ], [ 35.173278792249576, 46.136554696685813 ], [ 35.17419277121612, 46.140043568009737 ], [ 35.171683282281897, 46.140361242354302 ], [ 35.172140260912158, 46.142105691181229 ], [ 35.169630655533759, 46.14242333132443 ], [ 35.170087602181958, 46.144167795336728 ], [ 35.167577880349832, 46.144485401271304 ], [ 35.168034795003528, 46.146229880467843 ], [ 35.165524956708182, 46.146547452186532 ], [ 35.165981839354913, 46.148291946566196 ], [ 35.163471884586848, 46.14860948406173 ], [ 35.163928735214171, 46.150353993623412 ], [ 35.161418663963858, 46.150671496888499 ], [ 35.161875482559324, 46.152416021631119 ], [ 35.159365294817249, 46.152733490658505 ], [ 35.159822081368418, 46.154478030580933 ], [ 35.157311777125059, 46.154795465363321 ], [ 35.157768531619475, 46.156540020464426 ], [ 35.155258110865347, 46.156857420994598 ], [ 35.15366098635959, 46.16066394299903 ], [ 35.148639636534028, 46.161298553524226 ], [ 35.14704195971148, 46.165105052616298 ], [ 35.142020059290481, 46.165739419030736 ], [ 35.142476504620959, 46.167484088415023 ], [ 35.137454286681077, 46.168118279231209 ], [ 35.137910625493284, 46.169862982980618 ], [ 35.132888090033887, 46.170496998157496 ], [ 35.133344322288615, 46.172241736264205 ], [ 35.128321469309121, 46.17287557576072 ], [ 35.128777594967126, 46.174620348216877 ], [ 35.121242775957555, 46.175570763586514 ], [ 35.121698720562861, 46.177315589563484 ], [ 35.111651407228237, 46.178582137285574 ], [ 35.112107096263337, 46.180327035930951 ], [ 35.08949750623789, 46.183173808097123 ], [ 35.089952567173981, 46.184918875112814 ], [ 35.084927601657938, 46.185550940226399 ], [ 35.084472689718112, 46.183805834935342 ], [ 35.061858933130445, 46.186647303521724 ], [ 35.061404733932541, 46.184902022146041 ], [ 35.051353380751983, 46.18616342729387 ], [ 35.050899521743311, 46.184418065527211 ], [ 35.04336078957548, 46.185363499309865 ], [ 35.043814424906834, 46.187108918341828 ], [ 35.054320257612552, 46.187593495084769 ], [ 35.057741417723662, 46.19076877868153 ], [ 35.062767457602618, 46.190137854286803 ], [ 35.063221782886373, 46.191883123675368 ], [ 35.065734814334654, 46.191567561963254 ], [ 35.066189256218507, 46.193312808242844 ], [ 35.068702320179689, 46.192997173813126 ], [ 35.069156878676175, 46.194742396977951 ], [ 35.071669975140743, 46.194426689825804 ], [ 35.072124650262403, 46.196171889870115 ], [ 35.074637779220865, 46.195856109990679 ], [ 35.075092570980225, 46.197601286908672 ], [ 35.077605732423088, 46.197285434297164 ], [ 35.078060640832682, 46.199030588083069 ], [ 35.080573834750439, 46.198714662734673 ], [ 35.081028859822801, 46.200459793382677 ], [ 35.083542086205959, 46.200143795292554 ], [ 35.083997227953617, 46.201888902796902 ], [ 35.089479036513609, 46.203001772727099 ], [ 35.090389828922518, 46.20649189111559 ], [ 35.095872191944331, 46.207604381387824 ], [ 35.096783535575192, 46.211094399088964 ], [ 35.099297073306346, 46.210777998899687 ], [ 35.100208734801072, 46.214267962218258 ], [ 35.102722379536267, 46.213951470084879 ], [ 35.103634358973544, 46.217441379002082 ], [ 35.106148110712525, 46.217124794910255 ], [ 35.107060408171058, 46.220614649407288 ], [ 35.109574266913583, 46.220297973342625 ], [ 35.110943253596943, 46.225532667395342 ], [ 35.113457293965013, 46.225215880161173 ], [ 35.115283499431314, 46.232195339160349 ], [ 35.117797796089029, 46.231878421540387 ], [ 35.118254527747759, 46.23362325703426 ], [ 35.120768856781162, 46.233306266577607 ], [ 35.121682596229768, 46.236795887089215 ], [ 35.127168508504056, 46.23790643425361 ], [ 35.128082800361227, 46.241395953768155 ], [ 35.13059737578029, 46.241078706355474 ], [ 35.131511986241776, 46.244568171313865 ], [ 35.134026668670153, 46.244250831822349 ], [ 35.134941597814795, 46.247740242205737 ], [ 35.137456387252165, 46.247422810620982 ], [ 35.138371635158819, 46.250912166410529 ], [ 35.140886531604863, 46.250594642718163 ], [ 35.141802098352407, 46.25408394389494 ], [ 35.144317101806813, 46.25376632808058 ], [ 35.145690993897958, 46.259000191832875 ], [ 35.148206179066506, 46.258682464644991 ], [ 35.150038927695242, 46.265660816067069 ], [ 35.152554369325827, 46.265342958234434 ], [ 35.156681208906392, 46.281043838880429 ], [ 35.159197280882687, 46.280725754081878 ], [ 35.15759875146744, 46.284532878905814 ], [ 35.160114973018828, 46.284214755586795 ], [ 35.166304219145836, 46.297852268218726 ], [ 35.181403991128022, 46.295941152765678 ], [ 35.180484571451665, 46.292452486093389 ], [ 35.183000901547757, 46.292133817404419 ], [ 35.18162186689576, 46.286900844782082 ], [ 35.184137930085711, 46.286582180263366 ], [ 35.183218636908997, 46.283093550105271 ], [ 35.185734508020786, 46.282774870474498 ], [ 35.184815235560109, 46.279286262638941 ], [ 35.187330914631787, 46.278967567905973 ], [ 35.188007919013415, 46.271671709377593 ], [ 35.192578765620418, 46.269289956792676 ], [ 35.191659491152237, 46.265801446383293 ], [ 35.194174477112334, 46.265482672042893 ], [ 35.193714829022142, 46.263738430034039 ], [ 35.196229697772331, 46.263419621341171 ], [ 35.195770017566183, 46.261675394563078 ], [ 35.198284769116086, 46.261356551525047 ], [ 35.197825056806501, 46.25961233997883 ], [ 35.200339691165716, 46.259293462602962 ], [ 35.199879946765229, 46.257549266289693 ], [ 35.202394463943378, 46.25723035458325 ], [ 35.20193468746448, 46.255486173504082 ], [ 35.204449087471168, 46.255167227474359 ], [ 35.2039892789264, 46.253423061630365 ], [ 35.206503561771235, 46.253104081284675 ], [ 35.206043721173096, 46.251359930676976 ], [ 35.208557886865705, 46.251040916022596 ], [ 35.210152158109331, 46.247233611564717 ], [ 35.215179978383894, 46.246595391461653 ], [ 35.216773695629811, 46.242788064418249 ], [ 35.221800962296356, 46.242149600010968 ], [ 35.221340812539829, 46.240405564244682 ], [ 35.226367759847584, 46.239766924142621 ], [ 35.225907503613477, 46.238022922950975 ], [ 35.230934131563387, 46.237384107195311 ], [ 35.23047376889113, 46.235640140586149 ], [ 35.235500077484183, 46.235001149218064 ], [ 35.235039608413139, 46.233257217199174 ], [ 35.242578528363914, 46.2322983864549 ], [ 35.242117878464498, 46.230554508379726 ], [ 35.252168877311917, 46.229275395060213 ], [ 35.251707972216522, 46.227531590305816 ], [ 35.261757991229082, 46.226251697787653 ], [ 35.261296831059717, 46.224507966393304 ], [ 35.283906208546746, 46.22162525150636 ], [ 35.283444421534817, 46.21988169044802 ], [ 35.285956286792413, 46.219561140641233 ], [ 35.286418148168018, 46.221304682303206 ], [ 35.309023682090036, 46.218417152226102 ], [ 35.309486255287361, 46.220160515066972 ], [ 35.319532344880386, 46.218875700077767 ], [ 35.319995258130717, 46.220618981066572 ], [ 35.327529598910573, 46.21965475002559 ], [ 35.327992777890877, 46.221397968555372 ], [ 35.333015606257781, 46.220754841612276 ], [ 35.333478976669788, 46.22249801710673 ], [ 35.338501782282634, 46.221854637379607 ], [ 35.33896534413671, 46.223597769821502 ], [ 35.349474640103089, 46.224053341359763 ], [ 35.352914036723639, 46.227217367980337 ], [ 35.357936836386578, 46.226573083968901 ], [ 35.358401089827858, 46.228316063519898 ], [ 35.360912499573182, 46.227993821832911 ], [ 35.361376870225797, 46.229736777747974 ], [ 35.363888311330115, 46.229414463105797 ], [ 35.364352799206507, 46.231157395379121 ], [ 35.366864271660113, 46.230835007776989 ], [ 35.367328876772689, 46.232577916402775 ], [ 35.369840380565925, 46.232255455835926 ], [ 35.370305102927098, 46.233998340808327 ], [ 35.372816638050274, 46.23367580727205 ], [ 35.373281477672464, 46.235418668585254 ], [ 35.375793044115902, 46.235096062074753 ], [ 35.3762580010115, 46.236838899722962 ], [ 35.378769598765501, 46.236516220233497 ], [ 35.379234672946957, 46.238259034210856 ], [ 35.381746302001829, 46.237936281737667 ], [ 35.382211493481527, 46.239679072038385 ], [ 35.387700154245479, 46.240776114740122 ], [ 35.38863104950353, 46.244261596440182 ], [ 35.3941202616654, 46.245358256533272 ], [ 35.395051712423779, 46.248843635115399 ], [ 35.397563646457819, 46.248520478565716 ], [ 35.398495418113271, 46.252005801400692 ], [ 35.401007457713455, 46.251682552281096 ], [ 35.401939550344771, 46.255167819349829 ], [ 35.404451695510311, 46.254844477646017 ], [ 35.405384109196312, 46.258329688929415 ], [ 35.407896359926383, 46.258006254627041 ], [ 35.409295526843273, 46.263233981587348 ], [ 35.411807957486715, 46.262910435105425 ], [ 35.413674414701298, 46.269880601020681 ], [ 35.416187099648219, 46.269556922758518 ], [ 35.42038982316074, 46.285239375523076 ], [ 35.422903134506583, 46.284915467511226 ], [ 35.423370394184154, 46.286657921774911 ], [ 35.420857008411431, 46.286981849376119 ], [ 35.42319358294499, 46.295694155911846 ], [ 35.425707340945387, 46.295370130346079 ], [ 35.426174860006455, 46.297112559507717 ], [ 35.428688649223382, 46.296788460800563 ], [ 35.429156285997642, 46.298530866176243 ], [ 35.431670106421322, 46.298206694322921 ], [ 35.432137860921195, 46.299949075906824 ], [ 35.434651712541871, 46.29962483090258 ], [ 35.435119584779805, 46.30136718868885 ], [ 35.437633467587709, 46.301042870528974 ], [ 35.438101457576131, 46.302785204511771 ], [ 35.440615371561478, 46.302460813191495 ], [ 35.441083479312844, 46.304203123364985 ], [ 35.446579626303532, 46.305296407582553 ], [ 35.44751635625795, 46.308780928460415 ], [ 35.453013055716681, 46.309873828868788 ], [ 35.453950343619205, 46.313358246023697 ], [ 35.45646456230638, 46.313033449552037 ], [ 35.457402172624541, 46.316517810620134 ], [ 35.459916496924379, 46.316192921306126 ], [ 35.460854429737317, 46.319677226268226 ], [ 35.463368859648874, 46.31935224409748 ], [ 35.464307115035695, 46.322836492934414 ], [ 35.466821650558053, 46.322511417892606 ], [ 35.467760228597911, 46.325995610585139 ], [ 35.470274869730112, 46.32567044265793 ], [ 35.471683286041959, 46.330896641134338 ], [ 35.47419810731067, 46.330571360639489 ], [ 35.475607138224177, 46.335797462197831 ], [ 35.478122139649706, 46.335472069108974 ], [ 35.48000175427164, 46.342440066805445 ], [ 35.482517010435643, 46.342114541413935 ], [ 35.486749359264238, 46.357792112269422 ], [ 35.489265243220729, 46.35746635606592 ], [ 35.490206393236285, 46.360950174865863 ], [ 35.487690360036233, 46.361275970465186 ], [ 35.491927019779389, 46.376953123221767 ], [ 35.489410271081084, 46.377279042511397 ], [ 35.490352081039177, 46.380762847157534 ], [ 35.513002593581966, 46.377827287382672 ], [ 35.513474236118604, 46.37956900586709 ], [ 35.523540294471175, 46.378262839009636 ], [ 35.524012279302426, 46.380004474284412 ], [ 35.53156158833832, 46.379024226761665 ], [ 35.532033840801844, 46.38076579852904 ], [ 35.537066644239061, 46.380111992526452 ], [ 35.537539089698235, 46.381853520519392 ], [ 35.542571867501813, 46.381199460485462 ], [ 35.543044505966684, 46.382940944686631 ], [ 35.54807725805977, 46.382286630614793 ], [ 35.548550089540406, 46.384028071006874 ], [ 35.559088540793915, 46.384460077288963 ], [ 35.562551453456059, 46.387615247368288 ], [ 35.567584189576856, 46.386960024309587 ], [ 35.56805771860364, 46.388701309100298 ], [ 35.570574095550732, 46.388373597340852 ], [ 35.571047743028522, 46.390114858055384 ], [ 35.573564150760539, 46.389787072869318 ], [ 35.574037916701755, 46.391528309501759 ], [ 35.576554355208792, 46.391200450884355 ], [ 35.577028239625911, 46.392941663428864 ], [ 35.579544708898041, 46.392613731375363 ], [ 35.580018711803469, 46.394354919826036 ], [ 35.582535211830802, 46.394026914331768 ], [ 35.58300933323698, 46.395768078682714 ], [ 35.585525864009568, 46.395439999742905 ], [ 35.58899102388186, 46.398594103732073 ], [ 35.594024164436703, 46.397937598424079 ], [ 35.597489965235113, 46.401091365723019 ], [ 35.602523140734981, 46.400434459330306 ], [ 35.602998004086274, 46.40217546339116 ], [ 35.605514600539244, 46.401846909916394 ], [ 35.605989582468389, 46.403587889833794 ], [ 35.608506209584696, 46.403259262884177 ], [ 35.608981310104113, 46.405000218652198 ], [ 35.611497967873831, 46.404671518223012 ], [ 35.611973186995954, 46.406412449835827 ], [ 35.61448987540912, 46.406083675922339 ], [ 35.614965213146391, 46.407824583374016 ], [ 35.617481932193066, 46.407495735971516 ], [ 35.617957388557898, 46.409236619256191 ], [ 35.620474138228133, 46.408907698359933 ], [ 35.620949713232953, 46.410648557471724 ], [ 35.623466493516808, 46.41031956307706 ], [ 35.623942187174066, 46.412060398010013 ], [ 35.62645899806158, 46.411731330112161 ], [ 35.62693481038368, 46.413472140860463 ], [ 35.629451651864898, 46.413142999454728 ], [ 35.629927582864276, 46.41488378601246 ], [ 35.632444454929242, 46.414554571094151 ], [ 35.632920504618333, 46.416295333455395 ], [ 35.638430508850867, 46.417377421220991 ], [ 35.639383127148328, 46.420858844816038 ], [ 35.644893684418264, 46.421940545924343 ], [ 35.645846865892537, 46.425421864027946 ], [ 35.648364040019977, 46.425092241642055 ], [ 35.648840771587992, 46.426832874309518 ], [ 35.653875136759915, 46.42617342881109 ], [ 35.654352061766744, 46.427914017317377 ], [ 35.6593863996602, 46.427254317455883 ], [ 35.662857932739307, 46.430405431552508 ], [ 35.667892304213943, 46.429745330192247 ], [ 35.668369734955554, 46.43148580605861 ], [ 35.670886929054831, 46.431155654996608 ], [ 35.671364478636441, 46.432896106591521 ], [ 35.673881703178544, 46.432565881955192 ], [ 35.674359371612582, 46.434306309272742 ], [ 35.676876626587536, 46.433976011057396 ], [ 35.677354413886391, 46.435716414091694 ], [ 35.679871699284199, 46.435386042292599 ], [ 35.680349605460307, 46.437126421037746 ], [ 35.682866921270964, 46.436795975650206 ], [ 35.683344946336732, 46.438536330100277 ], [ 35.68586229255024, 46.438205811119587 ], [ 35.686340436518094, 46.43994614126872 ], [ 35.688857813124422, 46.439615548690199 ], [ 35.689336076006789, 46.441355854532425 ], [ 35.691853482995938, 46.441025188351354 ], [ 35.692331864805226, 46.442765469880818 ], [ 35.697845270640563, 46.443844173902946 ], [ 35.698802554346415, 46.447324635335917 ], [ 35.70431651314442, 46.448402951908861 ], [ 35.705274361414297, 46.451883307318511 ], [ 35.707792069496442, 46.451552233053924 ], [ 35.708750244470522, 46.455032531083404 ], [ 35.711268057552829, 46.454701363173498 ], [ 35.712226559310892, 46.45818160380329 ], [ 35.714744477391925, 46.457850342233677 ], [ 35.715703306013744, 46.461330525444254 ], [ 35.718221329092046, 46.460999170200573 ], [ 35.719660129041394, 46.466219352329887 ], [ 35.722178331818988, 46.465887883374116 ], [ 35.724097652356939, 46.472847985163483 ], [ 35.726616109576646, 46.472516382437547 ], [ 35.730937853448957, 46.488176176252047 ], [ 35.733456938972509, 46.487844339499212 ], [ 35.734417965276705, 46.49132420562124 ], [ 35.736937155865611, 46.490992275082405 ], [ 35.737417810555485, 46.492732181545918 ], [ 35.739937031419252, 46.492400177263214 ], [ 35.740417805411028, 46.49414005930489 ], [ 35.742937056539581, 46.493807981273612 ], [ 35.7434179498457, 46.495547838887518 ], [ 35.745937231228964, 46.495215687102949 ], [ 35.746418243861825, 46.496955520283187 ], [ 35.748937555489704, 46.496623294740637 ], [ 35.749418687461777, 46.498363103481267 ], [ 35.751938029324208, 46.498030804176047 ], [ 35.752419280647899, 46.499770588471144 ], [ 35.754938652734758, 46.499438215398548 ], [ 35.755420023422502, 46.501177975242193 ], [ 35.760940348293474, 46.502252743162359 ], [ 35.761903611802758, 46.505732160629258 ], [ 35.767424490452768, 46.506806539925563 ], [ 35.768388320870919, 46.510285850735052 ], [ 35.773909753340725, 46.511359841302649 ], [ 35.774874150867433, 46.514839045392726 ], [ 35.777393958670366, 46.514506095491754 ], [ 35.777876299247673, 46.516245670845358 ], [ 35.780396137197727, 46.515912647126768 ], [ 35.780878597272327, 46.517652197976325 ], [ 35.78339846535939, 46.517319100435465 ], [ 35.783881044943712, 46.519058626775113 ], [ 35.786400943157645, 46.51872545540725 ], [ 35.786883642264129, 46.520464957230978 ], [ 35.789403570594814, 46.520131712031457 ], [ 35.789886389235875, 46.521871189333361 ], [ 35.7924063476732, 46.521537870297458 ], [ 35.792889285861278, 46.523277323071632 ], [ 35.795409274395105, 46.522943930194657 ], [ 35.795892332142621, 46.524683358435126 ], [ 35.798412350762824, 46.524349891712411 ], [ 35.798895528082191, 46.526089295413264 ], [ 35.801415576778638, 46.525755754840098 ], [ 35.801898873682298, 46.527495133995373 ], [ 35.804418952444848, 46.527161519567073 ], [ 35.804902368945243, 46.528900874170866 ], [ 35.807422477763751, 46.528567185882764 ], [ 35.807906013873279, 46.530306515929091 ], [ 35.810426152737598, 46.529972753776491 ], [ 35.810909808468708, 46.531712059259434 ], [ 35.813429977368713, 46.531378223237631 ], [ 35.813913752733818, 46.533117504151249 ], [ 35.819438075611778, 46.534188866819719 ], [ 35.820406149784965, 46.537667325921205 ], [ 35.825931026536466, 46.538738299120872 ], [ 35.826899669157307, 46.542216651025463 ], [ 35.829420137771805, 46.541882405220633 ], [ 35.83038910956666, 46.545360699084654 ], [ 35.832909683012794, 46.545026359184547 ], [ 35.833878984061855, 46.548504594988287 ], [ 35.836399662337946, 46.548170160978565 ], [ 35.837369292721434, 46.551648338702314 ], [ 35.839890075825764, 46.551313810568551 ], [ 35.841345082916533, 46.55653098336591 ], [ 35.843866045730266, 46.556196340886601 ], [ 35.8458069839036, 46.563152428469451 ], [ 35.848328201348529, 46.562817651402931 ], [ 35.85075576036423, 46.571512560117469 ], [ 35.855798809478308, 46.570842642522969 ], [ 35.856284606107984, 46.572581570513989 ], [ 35.878976772716939, 46.569564098639198 ], [ 35.879463288552209, 46.571302839991439 ], [ 35.889547823955041, 46.569960263139173 ], [ 35.890034684396824, 46.571698918981809 ], [ 35.897597837043399, 46.570691361378962 ], [ 35.898084967203161, 46.572429951936819 ], [ 35.903126993089622, 46.571757937686229 ], [ 35.903614318106158, 46.573496483214797 ], [ 35.908656313147453, 46.572824213502173 ], [ 35.909143833030242, 46.574562713984058 ], [ 35.919715445023307, 46.574955863566672 ], [ 35.923212357978564, 46.578096168246027 ], [ 35.92825431929186, 46.577422984051417 ], [ 35.928742543891751, 46.579161324495743 ], [ 35.931263531563694, 46.578824631506428 ], [ 35.931751876237563, 46.58056294715194 ], [ 35.934272893521545, 46.580226180122949 ], [ 35.93476135828179, 46.581964470963648 ], [ 35.937282405167565, 46.581627629890363 ], [ 35.937770990026614, 46.583365895920274 ], [ 35.940292066503908, 46.583028980797998 ], [ 35.940780771474138, 46.584767222011159 ], [ 35.943301877532704, 46.584430232835238 ], [ 35.943790702626529, 46.58616844922571 ], [ 35.946311838256108, 46.585831385991483 ], [ 35.946800783485912, 46.587569577553261 ], [ 35.949321948676264, 46.587232440256074 ], [ 35.949811014054454, 46.588970606983217 ], [ 35.955342618615305, 46.590034252067866 ], [ 35.956321275366868, 46.593510481658072 ], [ 35.961853433462544, 46.594573735514395 ], [ 35.962832661708887, 46.598049856692185 ], [ 35.965354124276033, 46.597712308266374 ], [ 35.968855250657363, 46.60085072781547 ], [ 35.978941064535313, 46.599499618968551 ], [ 35.979431286666255, 46.601237541523879 ], [ 35.986995394863172, 46.600223584673458 ], [ 35.987485886973154, 46.601961441530172 ], [ 35.992528548309323, 46.601285160925663 ], [ 35.993019235553326, 46.6030229724606 ], [ 35.998061864770492, 46.602346436194601 ], [ 35.998552747157838, 46.604084202390318 ], [ 36.003595344177612, 46.603407410457045 ], [ 36.004086421717609, 46.605145131296076 ], [ 36.00912898646164, 46.60446808368976 ], [ 36.009620259163583, 46.606205759154705 ], [ 36.014662791553491, 46.605528455869567 ], [ 36.016201040648163, 46.601714490841431 ], [ 36.021243000674843, 46.601036947136336 ], [ 36.020751444941062, 46.599299364818641 ], [ 36.025793073282529, 46.598621647262647 ], [ 36.025301413507471, 46.596884101313044 ], [ 36.030342710167879, 46.596206209948171 ], [ 36.02985094639174, 46.594468700374058 ], [ 36.034891911375233, 46.5937906352423 ], [ 36.034400043638222, 46.592053162051116 ], [ 36.041960925273237, 46.591035723284158 ], [ 36.041468878891017, 46.589298306948017 ], [ 36.051549117656386, 46.587941052708906 ], [ 36.05105681800957, 46.586203713722988 ], [ 36.073734016043574, 46.58314693853125 ], [ 36.073241089981927, 46.581409779408581 ], [ 36.075760475933578, 46.581069890131637 ], [ 36.076253476635124, 46.582807028750437 ], [ 36.098926567492498, 46.579745428624101 ], [ 36.099420285414588, 46.58148237801209 ], [ 36.10949632525864, 46.580120191344037 ], [ 36.109990387250896, 46.581857054007301 ], [ 36.117547160781626, 46.580834789770485 ], [ 36.118041492245176, 46.582571586209149 ], [ 36.123079261675514, 46.581889767725954 ], [ 36.123573788039572, 46.58362651847068 ], [ 36.12861152353841, 46.582944444567893 ], [ 36.12910624481205, 46.584681149601266 ], [ 36.139676529894217, 46.585052894819242 ], [ 36.143185712047682, 46.588184703448896 ], [ 36.148223402722941, 46.587501714940672 ], [ 36.148718829175003, 46.589238257552964 ], [ 36.151237680297129, 46.588896662354621 ], [ 36.154747774252741, 46.592028002643332 ], [ 36.162304362106219, 46.591002611348614 ], [ 36.161808471185218, 46.589266180949139 ], [ 36.166845817901603, 46.588582360188731 ], [ 36.1663498238117, 46.586845966425912 ], [ 36.173905276080831, 46.585819895532133 ], [ 36.173409104358505, 46.584083559038596 ], [ 36.183482099949956, 46.582714797497282 ], [ 36.182985676196779, 46.58097853892852 ], [ 36.205646558605004, 46.577895880266631 ], [ 36.205149510776657, 46.576159802937376 ], [ 36.212702087552017, 46.575131348954905 ], [ 36.21319935862077, 46.576867364282457 ], [ 36.235855273991767, 46.573778928023636 ], [ 36.236353260556314, 46.575514752554234 ], [ 36.246421656520667, 46.574140641090175 ], [ 36.246919986588495, 46.575876378161226 ], [ 36.254471022717638, 46.574845171057426 ], [ 36.254969621921404, 46.576580841335314 ], [ 36.260003564145848, 46.575893061193902 ], [ 36.260502358146695, 46.577628685375402 ], [ 36.265536264529516, 46.5769406499507 ], [ 36.266035253336263, 46.578676228018416 ], [ 36.276602141884936, 46.579034923234438 ], [ 36.280117941573963, 46.582161495472285 ], [ 36.285151796214492, 46.581472545755197 ], [ 36.28565149001529, 46.583207959958195 ], [ 36.288168422345407, 46.582863384165456 ], [ 36.288668236682042, 46.584598772943529 ], [ 36.29118519711205, 46.584254122936152 ], [ 36.291685131996736, 46.585989486283289 ], [ 36.294202120516182, 46.585644762056695 ], [ 36.294702175961106, 46.587380099966929 ], [ 36.297219192559545, 46.587035301516543 ], [ 36.297719368576949, 46.58877061398384 ], [ 36.300236413243937, 46.588425741305102 ], [ 36.300736709846014, 46.590161028323486 ], [ 36.303253782571076, 46.589816081411833 ], [ 36.303754199770054, 46.591551342975279 ], [ 36.306271300542747, 46.591206321826149 ], [ 36.306771838350819, 46.59294155792869 ], [ 36.312306782426631, 46.593986503535319 ], [ 36.313308386866758, 46.597456869185464 ], [ 36.318843879276145, 46.598501420546832 ], [ 36.319846059025501, 46.601971674907674 ], [ 36.322363448551798, 46.601626240876968 ], [ 36.326886302249967, 46.608221039406111 ], [ 36.341991171462034, 46.606146492148653 ], [ 36.342493111109057, 46.607881426943997 ], [ 36.352562392933095, 46.606497243031683 ], [ 36.353064676306886, 46.608232089737733 ], [ 36.360616372926785, 46.607193328080143 ], [ 36.361118925694136, 46.608928107505633 ], [ 36.36615330636662, 46.60823529081037 ], [ 36.366656054223178, 46.609970023794496 ], [ 36.37169039753659, 46.609276951611506 ], [ 36.372193340490981, 46.611011638136858 ], [ 36.382765052786972, 46.611359367336256 ], [ 36.386288978634006, 46.614481636211281 ], [ 36.391323264856858, 46.613787648879352 ], [ 36.391826914006622, 46.615522170302221 ], [ 36.394344061549575, 46.615175075590109 ], [ 36.394847831561734, 46.616909571385357 ], [ 36.397365006807163, 46.616562402336527 ], [ 36.397868897693883, 46.618296872498121 ], [ 36.400386100631252, 46.617949629108018 ], [ 36.40089011240471, 46.619684073629955 ], [ 36.403407343023481, 46.619336755894082 ], [ 36.403911475695878, 46.621071174770307 ], [ 36.406428733985528, 46.620723782684067 ], [ 36.406932987569043, 46.622458175908605 ], [ 36.409450273519028, 46.622110709467492 ], [ 36.409954648025824, 46.623845077034289 ], [ 36.412471961625599, 46.623497536233742 ], [ 36.412976457067877, 46.625231878136802 ], [ 36.415493798306898, 46.624884262972287 ], [ 36.41599841469683, 46.626618579205591 ], [ 36.421537917400194, 46.627657416323991 ], [ 36.42254768073154, 46.631125941337885 ], [ 36.425065179121347, 46.630778082103831 ], [ 36.425570205126519, 46.632512316552415 ], [ 36.428087731114175, 46.632164382932011 ], [ 36.42909807185584, 46.635632795696338 ], [ 36.434638669951383, 46.636670841661704 ], [ 36.435649588302255, 46.640139142112808 ], [ 36.438167345637474, 46.639790943367636 ], [ 36.439178599626814, 46.64325918289039 ], [ 36.441696458837853, 46.642910888756901 ], [ 36.446237935137631, 46.649498795400113 ], [ 36.448755998091663, 46.649150310447119 ], [ 36.449262105380043, 46.65088434113256 ], [ 36.451780195861964, 46.650535781740331 ], [ 36.452286424300191, 46.652269786678907 ], [ 36.454804542299399, 46.651921152842874 ], [ 36.455310891899629, 46.653655132028561 ], [ 36.457829037405567, 46.653306423744212 ], [ 36.458335508179985, 46.65504037717097 ], [ 36.460853681182044, 46.654691594433771 ], [ 36.46136027314283, 46.656425522095553 ], [ 36.463878473630416, 46.656076664900979 ], [ 36.464385186789755, 46.65781056679176 ], [ 36.466903414752281, 46.657461635135277 ], [ 36.467410249122324, 46.659195511249031 ], [ 36.469928504549188, 46.658846505126093 ], [ 36.47043546014212, 46.660580355456752 ], [ 36.472953743022721, 46.660231274862859 ], [ 36.473460819850729, 46.661965099404419 ], [ 36.479004666005935, 46.663000513531969 ], [ 36.480019351599701, 46.666468054649435 ], [ 36.485563745604473, 46.667503072382864 ], [ 36.486579010231466, 46.670970500701962 ], [ 36.489097578925119, 46.670621005598591 ], [ 36.490113180111337, 46.674088372715275 ], [ 36.492631850558233, 46.673738782055779 ], [ 36.493647788384258, 46.677206087949656 ], [ 36.496166560581429, 46.676856401719775 ], [ 36.497182835127809, 46.680323646370482 ], [ 36.499701709072262, 46.679973864555926 ], [ 36.501226696627704, 46.685174632456416 ], [ 36.503745746704737, 46.684824733975589 ], [ 36.50578001950479, 46.691758939866268 ], [ 36.510818573708761, 46.691058813884496 ], [ 36.511327408360536, 46.692792311224821 ], [ 36.516365923086354, 46.692091929151751 ], [ 36.5199033667948, 46.69520851166935 ], [ 36.524941896552868, 46.694507724354324 ], [ 36.525451244497297, 46.696241101849125 ], [ 36.527970513099774, 46.695890606874585 ], [ 36.52847998256604, 46.697623958464845 ], [ 36.530999278436227, 46.697273388908265 ], [ 36.531508869436486, 46.699006714587931 ], [ 36.534028192563731, 46.698656070444756 ], [ 36.534537905110163, 46.700389370207766 ], [ 36.537057255483816, 46.700038651473498 ], [ 36.537567089588578, 46.701771925313807 ], [ 36.540086467197945, 46.701421131983913 ], [ 36.540596422873222, 46.703154379895487 ], [ 36.543115827707631, 46.702803511965442 ], [ 36.543625904965594, 46.704536733942206 ], [ 36.54614533701438, 46.704185791407525 ], [ 36.546655535867174, 46.705918987443418 ], [ 36.549174995119671, 46.705567970299548 ], [ 36.549685315579474, 46.707301140388545 ], [ 36.552204802024974, 46.706950048630993 ], [ 36.552715244103958, 46.708683192766976 ], [ 36.555234757731796, 46.708332026391226 ], [ 36.555745321442124, 46.710065144568198 ], [ 36.558264862241622, 46.709713903569728 ], [ 36.558775547595459, 46.7114469957816 ], [ 36.5612951155559, 46.7110956801559 ], [ 36.561805922565412, 46.712828746396617 ], [ 36.564325517676131, 46.712477356139196 ], [ 36.564836446353489, 46.714210396402684 ], [ 36.567356068603765, 46.713858931509009 ], [ 36.567867118961111, 46.715591945789235 ], [ 36.570386768340285, 46.715240406254772 ], [ 36.570897940389806, 46.71697339454569 ], [ 36.573417616887134, 46.716621780365919 ], [ 36.573928910640994, 46.71835474266144 ], [ 36.576448614245791, 46.718003053831893 ], [ 36.57696002971614, 46.719735990125955 ], [ 36.579479760417705, 46.71938422664212 ], [ 36.579991297616708, 46.721117136928655 ], [ 36.582511055404325, 46.720765298785999 ], [ 36.583022714344146, 46.722498183058946 ], [ 36.585542499207122, 46.722146270252971 ], [ 36.586054279899905, 46.72387912850629 ], [ 36.588574091827518, 46.72352714103247 ], [ 36.589085994285448, 46.725259973260087 ], [ 36.591605833266968, 46.724907911113938 ], [ 36.595149869551591, 46.728021360644775 ], [ 36.600189608275663, 46.727316884153112 ], [ 36.599677313433695, 46.725584146395413 ], [ 36.604716713776433, 46.724879498394785 ], [ 36.604204317541786, 46.723146798200602 ], [ 36.609243379509657, 46.722441978733379 ], [ 36.60873088192271, 46.720709316109861 ], [ 36.613769605522172, 46.720004325218412 ], [ 36.613257006623314, 46.718271700172608 ], [ 36.618295391860833, 46.717566537899337 ], [ 36.617782691690429, 46.715833950438395 ], [ 36.625339690871158, 46.714775869859707 ], [ 36.624826815152993, 46.713043341218267 ], [ 36.634901852710783, 46.711631903959955 ], [ 36.634388727235049, 46.709899455395202 ], [ 36.65705411665801, 46.706720787886702 ], [ 36.656540370326418, 46.70498852572198 ], [ 36.659058435258451, 46.704635094696684 ], [ 36.65957225581937, 46.706367335595374 ], [ 36.682233369575776, 46.703183862624655 ], [ 36.682747905523996, 46.704915907110042 ], [ 36.685265643490375, 46.704561899715941 ], [ 36.684751033360477, 46.702829876527254 ], [ 36.68978621821104, 46.702121744237616 ], [ 36.689271507316938, 46.700389758760316 ], [ 36.696823705242714, 46.699327224050393 ], [ 36.696308819482013, 46.697595297600309 ], [ 36.701343231861159, 46.696886717001455 ], [ 36.700828245433655, 46.695154828281481 ], [ 36.705862319167252, 46.694446076953348 ], [ 36.705347232113219, 46.692714225970541 ], [ 36.714899176030727, 46.689564398057271 ], [ 36.71438388784447, 46.687832622569957 ], [ 36.716900440574967, 46.687478017594323 ], [ 36.716385125941741, 46.685746258533833 ], [ 36.718901556990296, 46.685391621579107 ], [ 36.718386215922159, 46.683659878946237 ], [ 36.720902525299536, 46.683305210019675 ], [ 36.720387157808538, 46.681573483815342 ], [ 36.722903345525467, 46.681218782924184 ], [ 36.722387951623666, 46.679487073149232 ], [ 36.724904017690918, 46.679132340300711 ], [ 36.724388597390366, 46.677400646956023 ], [ 36.726904541818698, 46.677045882157394 ], [ 36.728389444869691, 46.673227748020757 ], [ 36.73342079960743, 46.672518037395136 ], [ 36.734905158409006, 46.668699894547672 ], [ 36.739935931476218, 46.66798994971667 ], [ 36.739420231455668, 46.666258381231565 ], [ 36.74445066607327, 46.66554826608867 ], [ 36.743934865814978, 46.66381673539594 ], [ 36.74896496198987, 46.663106449983438 ], [ 36.748449061534032, 46.661374957090089 ], [ 36.753478819273134, 46.660664501450306 ], [ 36.752962818659945, 46.65893304636338 ], [ 36.760506876126925, 46.657867027792605 ], [ 36.759990701518177, 46.656135631889327 ], [ 36.770048481888828, 46.654713614254135 ], [ 36.76953205951277, 46.652982298934134 ], [ 36.792158610347606, 46.649779839574009 ], [ 36.791641571297106, 46.648048711872732 ], [ 36.79415532008543, 46.647692638537642 ], [ 36.794672432926966, 46.649423744830429 ], [ 36.817294686812112, 46.646216499574386 ], [ 36.817812511331361, 46.647947408108791 ], [ 36.827865898770426, 46.646520497956494 ], [ 36.828384066060089, 46.648251315760987 ], [ 36.835923825610557, 46.647180510770092 ], [ 36.836442261920247, 46.648911259249026 ], [ 36.841468676459208, 46.648197080634134 ], [ 36.841987308069108, 46.649927781221976 ], [ 36.847013678544521, 46.64921334712426 ], [ 36.847532505462347, 46.650943999803587 ], [ 36.858104136139794, 46.651244969895977 ], [ 36.86165583575827, 46.654348483328278 ], [ 36.86668212508615, 46.653633133510539 ], [ 36.867201659619028, 46.655363615883545 ], [ 36.869714806052372, 46.655005839783051 ], [ 36.870234462242102, 46.656736295673589 ], [ 36.872747634406878, 46.656378444941197 ], [ 36.873267412265449, 46.658108874343249 ], [ 36.875780610150834, 46.657750948974567 ], [ 36.876300509690147, 46.659481351882029 ], [ 36.878813733285348, 46.659123351872644 ], [ 36.879333754517383, 46.660853728279449 ], [ 36.881847003811551, 46.660495653624928 ], [ 36.882367146748265, 46.662226003524985 ], [ 36.884880421730585, 46.661867854220908 ], [ 36.885400686383896, 46.663598177608158 ], [ 36.887913987043568, 46.663239953650113 ], [ 36.888434373425461, 46.6649702505185 ], [ 36.893981559855881, 46.665983848966277 ], [ 36.895022867665084, 46.669444331595024 ], [ 36.900570595673031, 46.670457530221555 ], [ 36.901612486756484, 46.673917896685857 ], [ 36.904126063058385, 46.673559256291469 ], [ 36.905168293956223, 46.677019559646723 ], [ 36.907681969590072, 46.676660823007111 ], [ 36.908724540382593, 46.680121063232619 ], [ 36.911238315344612, 46.679762230333644 ], [ 36.912281226112185, 46.683222407408678 ], [ 36.914795100398599, 46.682863478236158 ], [ 36.916360048870928, 46.688053641576403 ], [ 36.918874096221998, 46.687694594541966 ], [ 36.920961663568313, 46.694614655861088 ], [ 36.923475957761738, 46.694255469355817 ], [ 36.928176468275829, 46.709825119614599 ], [ 36.930691378352314, 46.709465685624565 ], [ 36.931736614477693, 46.71292550949039 ], [ 36.929221556761533, 46.713284986678588 ], [ 36.929744173390723, 46.715014912677816 ], [ 36.932259304935691, 46.714655413888593 ], [ 36.932782043664503, 46.716385313262919 ], [ 36.930266838284737, 46.716744833654495 ], [ 36.932880886917694, 46.725394363180094 ], [ 36.935396461561126, 46.72503473475696 ], [ 36.937488865308559, 46.731954181465852 ], [ 36.934972995146474, 46.732313896337871 ], [ 36.936542583651786, 46.73750349341303 ], [ 36.941574719037938, 46.736783880739836 ], [ 36.945137791679443, 46.73988357106105 ], [ 36.95016993254761, 46.73916355252225 ], [ 36.950693691636069, 46.740893289954379 ], [ 36.95320976340561, 46.74053317921237 ], [ 36.953733644779327, 46.742262889968501 ], [ 36.95624974205866, 46.741902704362353 ], [ 36.956773745729578, 46.74363238843636 ], [ 36.95928986850781, 46.743272127961681 ], [ 36.959813994487895, 46.745001785347519 ], [ 36.962330142754077, 46.744641449999889 ], [ 36.962854391055309, 46.746371080691411 ], [ 36.965370564798505, 46.746010670466433 ], [ 36.965894935432864, 46.747740274457541 ], [ 36.968411134642153, 46.747379789350802 ], [ 36.968935627621576, 46.749109366635409 ], [ 36.971451852286016, 46.748748806642489 ], [ 36.971976467622468, 46.750478357214476 ], [ 36.977533730978536, 46.751486536405757 ], [ 36.978583499636478, 46.754945525607759 ], [ 36.984141305768539, 46.755953303332653 ], [ 36.985191661066494, 46.759412175477053 ], [ 36.987708160666322, 46.759051197616891 ], [ 36.988758857887667, 46.762510006146606 ], [ 36.991275456799336, 46.762148931674012 ], [ 36.992326496024809, 46.765607676568173 ], [ 36.994843194244361, 46.765246505468951 ], [ 36.995894575554701, 46.768705186706697 ], [ 36.998411373078142, 46.768343918966671 ], [ 36.999463096554123, 46.77180253652714 ], [ 37.001979993377454, 46.771441172132135 ], [ 37.003032059099858, 46.774899725994437 ], [ 37.005549055219085, 46.774538264930271 ], [ 37.007127740221726, 46.779725992533777 ], [ 37.009644909592581, 46.779364413065785 ], [ 37.011750799619691, 46.786281225256303 ], [ 37.014268216235301, 46.785919505629217 ], [ 37.019009981669655, 46.801481840290137 ], [ 37.024046000912364, 46.800757849941149 ], [ 37.024573255272529, 46.80248692932706 ], [ 37.047233595451999, 46.799226139754225 ], [ 37.047761564588761, 46.800955018179593 ], [ 37.057831854724824, 46.799504306355495 ], [ 37.058360168550671, 46.801233092544869 ], [ 37.065912595534094, 46.800144434138147 ], [ 37.066441180062846, 46.801873149835025 ], [ 37.07147603512324, 46.80114706772035 ], [ 37.072004816400344, 46.802875734698297 ], [ 37.077039623942689, 46.802149395987563 ], [ 37.077568601975507, 46.803878014229063 ], [ 37.08816724898189, 46.80415313649145 ], [ 37.088696620548099, 46.805881657207586 ], [ 37.09121397725977, 46.805518129564753 ], [ 37.091743471672167, 46.807246623325888 ], [ 37.096778186201533, 46.806519364662712 ], [ 37.097307877403992, 46.808247809624554 ], [ 37.099825235199148, 46.807884078599699 ], [ 37.100355049272103, 46.80961249659002 ], [ 37.102872432049985, 46.809248690485852 ], [ 37.103402369005401, 46.810977081498514 ], [ 37.105919776754945, 46.810613200310613 ], [ 37.10644983660476, 46.812341564339526 ], [ 37.108967269314917, 46.81197760806355 ], [ 37.109497452071032, 46.813705945102562 ], [ 37.112014909730753, 46.813341913734106 ], [ 37.112545215405142, 46.815070223777049 ], [ 37.115062698003335, 46.814706117311758 ], [ 37.115593126607905, 46.816434400352556 ], [ 37.118110634133515, 46.816070218786038 ], [ 37.118641185680218, 46.817798474818481 ], [ 37.121158718122174, 46.817434218146389 ], [ 37.12168939262294, 46.819162447164402 ], [ 37.124206949970159, 46.818798115382315 ], [ 37.127786250123002, 46.821890085454001 ], [ 37.132821415312918, 46.821161068188218 ], [ 37.136401355972424, 46.824252682871482 ], [ 37.141436522434994, 46.82352325863561 ], [ 37.141967959743496, 46.825251308694142 ], [ 37.147003077666049, 46.824521627730732 ], [ 37.15058402843021, 46.82761266061236 ], [ 37.155619147307355, 46.826882572635562 ], [ 37.15615110156984, 46.828610497664258 ], [ 37.158668661211649, 46.828245351916451 ], [ 37.159200738537216, 46.829973249858483 ], [ 37.161718322938434, 46.829608028960813 ], [ 37.16225052333899, 46.83133589981005 ], [ 37.164768132488554, 46.830970603758168 ], [ 37.165300455976016, 46.832698447508463 ], [ 37.167818089862777, 46.832333076297992 ], [ 37.16835053644909, 46.834060892943185 ], [ 37.170868195061928, 46.833695446569742 ], [ 37.171400764758992, 46.835423236103729 ], [ 37.17391844808683, 46.835057714562971 ], [ 37.174451140906562, 46.836785476979578 ], [ 37.176968848938259, 46.83641988026713 ], [ 37.177501664892574, 46.838147615560189 ], [ 37.183070094123906, 46.839143904766189 ], [ 37.184136267892107, 46.842599261639236 ], [ 37.186654123889291, 46.842233417425682 ], [ 37.187187358580097, 46.843961066127285 ], [ 37.192756502427173, 46.844956773667263 ], [ 37.193823513897563, 46.84841195726959 ], [ 37.19634151776836, 46.848045865488928 ], [ 37.196875171377599, 46.849773427531645 ], [ 37.201911179059771, 46.849041040316287 ], [ 37.200843625453231, 46.845585998956331 ], [ 37.205345289571554, 46.843126002257051 ], [ 37.204277736221172, 46.839671017667165 ], [ 37.206795197961675, 46.839304747697255 ], [ 37.20626142136755, 46.837577269595023 ], [ 37.208778759928656, 46.837210968404044 ], [ 37.208244958773264, 46.835483507092256 ], [ 37.210762174166121, 46.83511717468739 ], [ 37.210228348461371, 46.833389730166886 ], [ 37.212745440697113, 46.833023366555366 ], [ 37.212211590454885, 46.831295938826912 ], [ 37.214728559544639, 46.830929544015966 ], [ 37.214194684776842, 46.829202133080344 ], [ 37.21671153073175, 46.828835707077189 ], [ 37.216177631450257, 46.827108312935188 ], [ 37.218694354281446, 46.826741855747073 ], [ 37.218160430498152, 46.825014478399503 ], [ 37.220677030216784, 46.824647990033618 ], [ 37.222125585809458, 46.820826766188496 ], [ 37.227158243550932, 46.820093611632977 ], [ 37.228606258274482, 46.816272383506643 ], [ 37.233638325088805, 46.815538998065897 ], [ 37.233104131492389, 46.813811748711252 ], [ 37.238135853547227, 46.813078194734459 ], [ 37.237601561821968, 46.81135098419243 ], [ 37.242632939126231, 46.810617261722236 ], [ 37.242098549312558, 46.808890089999615 ], [ 37.247129581875214, 46.808156199078667 ], [ 37.246595094013536, 46.80642906618224 ], [ 37.254141051736426, 46.805327897529196 ], [ 37.253606392202606, 46.803600825492254 ], [ 37.263666683552842, 46.80213194533335 ], [ 37.263131778790594, 46.800404956211239 ], [ 37.285763882891295, 46.797097068902744 ], [ 37.285228365074232, 46.795370273009617 ], [ 37.287742722702973, 46.795002486699097 ], [ 37.288278314094796, 46.796729260527961 ], [ 37.310905969972247, 46.793416597882931 ], [ 37.311442272766755, 46.79514316775834 ], [ 37.321498016532857, 46.793669405879449 ], [ 37.322034662903519, 46.79539588210865 ], [ 37.329576171402358, 46.794289937600922 ], [ 37.330113087815029, 46.796016342243789 ], [ 37.335140659480672, 46.795278736567624 ], [ 37.335677772433698, 46.797005091713963 ], [ 37.340705292875853, 46.796267229720492 ], [ 37.341242602376084, 46.797993535352866 ], [ 37.351834995323884, 46.798243298501212 ], [ 37.355424231597631, 46.801326395209983 ], [ 37.36045164560251, 46.800587613927448 ], [ 37.360989667888127, 46.802313743486145 ], [ 37.363503373917581, 46.801944251177943 ], [ 37.364041519317873, 46.803670353303616 ], [ 37.366555249176024, 46.803300785828419 ], [ 37.367093517702763, 46.805026860514914 ], [ 37.369607271378428, 46.804657217868403 ], [ 37.370145663043417, 46.806383265109552 ], [ 37.372659440525389, 46.806013547287428 ], [ 37.373197955340395, 46.807739567077078 ], [ 37.375711756617491, 46.807369774075049 ], [ 37.376250394594301, 46.809095766407069 ], [ 37.378764219655324, 46.808725898220828 ], [ 37.379302980805711, 46.810451863089014 ], [ 37.381816829639455, 46.81008191971425 ], [ 37.382355713975201, 46.811807857112491 ], [ 37.384869586570467, 46.811437838544883 ], [ 37.385408594103353, 46.813163748467019 ], [ 37.387922490448922, 46.812793654702311 ], [ 37.388461621190729, 46.814519537142161 ], [ 37.390975541275402, 46.814149368176018 ], [ 37.391514795237903, 46.815875223127435 ], [ 37.397082083774677, 46.816860487030496 ], [ 37.398161134428207, 46.820312081644715 ], [ 37.403728961035746, 46.821296939960725 ], [ 37.404808604361783, 46.824748413926976 ], [ 37.407322789942491, 46.824377824452931 ], [ 37.408402779498253, 46.827829232765687 ], [ 37.410917062244778, 46.827458545831597 ], [ 37.411997398111083, 46.830909888469634 ], [ 37.414511778018607, 46.830539104061366 ], [ 37.415592460276258, 46.833990381003389 ], [ 37.418106937339957, 46.833619499106888 ], [ 37.419187966069757, 46.837070710331624 ], [ 37.421702540284841, 46.836699730932793 ], [ 37.422783915567642, 46.84015087641896 ], [ 37.425298586929273, 46.839779799503667 ], [ 37.426380308845907, 46.843230879229992 ], [ 37.428895077349232, 46.842859704784154 ], [ 37.429977145980565, 46.84631071872932 ], [ 37.432492011620745, 46.845939446738832 ], [ 37.43357442704766, 46.84939039488156 ], [ 37.436089389819863, 46.849019025332339 ], [ 37.437172152123253, 46.852469907651333 ], [ 37.439687212022577, 46.852098440529247 ], [ 37.44545259089471, 46.862079172186021 ], [ 37.44796799216126, 46.861707465311483 ], [ 37.449051995639891, 46.865158128697949 ], [ 37.45156749403121, 46.864786324197105 ], [ 37.4526518447787, 46.868236921664376 ], [ 37.455167440289884, 46.867865019523087 ], [ 37.456794562524173, 46.873040808804028 ], [ 37.459310328741324, 46.872668786707223 ], [ 37.460938122381407, 46.87784446101503 ], [ 37.46345405931779, 46.877472318936022 ], [ 37.465082524605286, 46.88264787822164 ], [ 37.467598632274083, 46.882275616133789 ], [ 37.469770915438559, 46.889176197721021 ], [ 37.472287267485989, 46.888803793274484 ], [ 37.475004117900383, 46.897429288237412 ], [ 37.480581075875889, 46.898409135043053 ], [ 37.485273187546262, 46.904936447418692 ], [ 37.490851052974357, 46.905915658369814 ], [ 37.491939483589796, 46.909365531105465 ], [ 37.494456491993297, 46.908992517655555 ], [ 37.495545270975974, 46.912442324206282 ], [ 37.498062376481492, 46.912069212927179 ], [ 37.4991515039126, 46.915518953271558 ], [ 37.501668706515183, 46.915145744149115 ], [ 37.50275818247593, 46.918595418265767 ], [ 37.505275482170497, 46.918222111285857 ], [ 37.506910294502944, 46.923396515022752 ], [ 37.509427764990413, 46.923023087789424 ], [ 37.511608514215936, 46.929922127950356 ], [ 37.514126229233199, 46.929548558046662 ], [ 37.517944995415327, 46.941621514377495 ], [ 37.520463176265892, 46.941247734557578 ], [ 37.52100898960618, 46.942972398660473 ], [ 37.523527193811859, 46.942598543290067 ], [ 37.524073131327881, 46.944323179596438 ], [ 37.52965567146255, 46.945299850690667 ], [ 37.530748093713299, 46.948749006686015 ], [ 37.536331173531146, 46.94972526966049 ], [ 37.53742419361523, 46.95317430358218 ], [ 37.53994266196446, 46.952800025534771 ], [ 37.54103603152943, 46.956248992993544 ], [ 37.543554596944276, 46.955874616925051 ], [ 37.544648316071537, 46.959323517899399 ], [ 37.547166978546862, 46.958949043795677 ], [ 37.548261047317808, 46.962397878264092 ], [ 37.550779806848503, 46.962023306111021 ], [ 37.552421510413033, 46.967196449908428 ], [ 37.554940440796571, 46.966821757237248 ], [ 37.557130381942635, 46.973719116722812 ], [ 37.559649557012456, 46.973344281043801 ], [ 37.561292765473787, 46.978517176416275 ], [ 37.563812111434245, 46.978142220158695 ], [ 37.564907984446791, 46.98159074504489 ], [ 37.567427427466278, 46.981215690658978 ], [ 37.568523650668546, 46.984664148910973 ], [ 37.571043190741833, 46.984288996382574 ], [ 37.572139764215351, 46.987737387978839 ], [ 37.574659401337271, 46.987362137293843 ], [ 37.575756325163582, 46.990810462212785 ], [ 37.578276059328921, 46.990435113357051 ], [ 37.579373333589601, 46.993883371577134 ], [ 37.581893164793136, 46.993507924536516 ], [ 37.582990789569742, 46.996956116036131 ], [ 37.585510717806244, 46.996580570796475 ], [ 37.587157756956415, 47.001752749780366 ], [ 37.589677856101567, 47.001377083816877 ], [ 37.593296479813318, 47.004449366739465 ], [ 37.598336719884209, 47.003697678735698 ], [ 37.601955985409248, 47.006769600118027 ], [ 37.606996216330394, 47.006017502804241 ], [ 37.6075460510841, 47.007741372162165 ], [ 37.610066164221074, 47.007365221172044 ], [ 37.610616123654488, 47.009089062542451 ], [ 37.613136259852347, 47.008712835814322 ], [ 37.61368634397725, 47.010436649190986 ], [ 37.616206503224518, 47.010060346720564 ], [ 37.616756712052727, 47.01178413209724 ], [ 37.619276894337872, 47.01140775388027 ], [ 37.622897891462884, 47.014478786640993 ], [ 37.635498524359157, 47.012595606093257 ], [ 37.634947696791684, 47.010871989558389 ], [ 37.657624964987271, 47.007479117433974 ], [ 37.657073523985659, 47.00575569868446 ], [ 37.682264911718086, 47.001981017127029 ], [ 37.682817090305747, 47.003704209770859 ], [ 37.705485642992855, 47.000302250384394 ], [ 37.706038535965469, 47.002025233784934 ], [ 37.716112415911432, 47.000511780433172 ], [ 37.716665654652424, 47.002234667693237 ], [ 37.724220749273272, 47.001098952183227 ], [ 37.724774260090747, 47.002821765921652 ], [ 37.729810881633057, 47.002064311450837 ], [ 37.730364590869428, 47.003787074316307 ], [ 37.735401155218391, 47.003029362137561 ], [ 37.735955062879789, 47.004752074112524 ], [ 37.740991569954062, 47.003994104223175 ], [ 37.741545676046584, 47.005716765290025 ], [ 37.74658212576481, 47.004958537687394 ], [ 37.747136430294553, 47.006681147828573 ], [ 37.757763660310431, 47.006886478670715 ], [ 37.761391352183118, 47.009951993045355 ], [ 37.768945758252883, 47.008813184925685 ], [ 37.769500856592209, 47.010535591188308 ], [ 37.79216196932105, 47.007116096962569 ], [ 37.792717781212552, 47.008838292970772 ], [ 37.802788347503814, 47.007317047501722 ], [ 37.803344504932134, 47.009039146891837 ], [ 37.810897111316102, 47.007897587609349 ], [ 37.811453540709564, 47.009619613106878 ], [ 37.816488501931765, 47.008858262877297 ], [ 37.817045129753303, 47.01058023723759 ], [ 37.822080032537393, 47.009818629329267 ], [ 37.822636858792968, 47.011540552534733 ], [ 37.833263513416732, 47.011738435704899 ], [ 37.833820736558131, 47.013460256547965 ], [ 37.836338125766261, 47.013079092575751 ], [ 37.836895473851044, 47.014800885026716 ], [ 37.841930244967607, 47.014038352405819 ], [ 37.842487791515872, 47.01576009363874 ], [ 37.845005173401049, 47.015378724985858 ], [ 37.845562844916039, 47.017100437809916 ], [ 37.8480802488398, 47.016718993318008 ], [ 37.848638045333182, 47.01844067772695 ], [ 37.85115547128391, 47.018059157391825 ], [ 37.854788887218497, 47.021120844756801 ], [ 37.859823775647442, 47.020357447676332 ], [ 37.863457831114445, 47.023418770894651 ], [ 37.868492704391528, 47.022654964361386 ], [ 37.86905127295136, 47.024376460893734 ], [ 37.871568705765569, 47.023994455258403 ], [ 37.872127399373731, 47.025715923329642 ], [ 37.87464485412184, 47.025333841825997 ], [ 37.875203672790001, 47.027055281429831 ], [ 37.877721149460356, 47.026673124053659 ], [ 37.881356660604212, 47.029733684581302 ], [ 37.893943746907759, 47.027821608881077 ], [ 37.893384310687274, 47.026100340633413 ], [ 37.903452756664365, 47.024569817729116 ], [ 37.902893078275348, 47.022848635432915 ], [ 37.92554339926572, 47.019402066042694 ], [ 37.924983111881588, 47.017681084306417 ], [ 37.930015801350748, 47.016914643310095 ], [ 37.930576235478291, 47.018635579197081 ], [ 37.953221438484981, 47.015183767932967 ], [ 37.953782584423912, 47.016904491708559 ], [ 37.963846066949316, 47.015368885502852 ], [ 37.964407557902042, 47.017089511782736 ], [ 37.971954845964532, 47.015937182644151 ], [ 37.972516608602866, 47.017657734349648 ], [ 37.977548021520263, 47.016889204436296 ], [ 37.978109982551167, 47.018609704518433 ], [ 37.98565693305477, 47.017456443928367 ], [ 37.986219165759046, 47.019176869376928 ], [ 38.008857876082502, 47.015714024489434 ], [ 38.00942081990577, 47.017434237195339 ], [ 38.019481412497981, 47.015893728107976 ], [ 38.020044701110578, 47.017613843019646 ], [ 38.027589819858875, 47.016457837012346 ], [ 38.028153380026204, 47.01817787711763 ], [ 38.033183345792807, 47.01740689605996 ], [ 38.033747104315545, 47.019126884376412 ], [ 38.038777008549864, 47.018355645793008 ], [ 38.039340965433546, 47.020075582303029 ], [ 38.049964744229399, 47.020252217236546 ], [ 38.050529097851474, 47.02197205008104 ], [ 38.053043983445164, 47.021586070917195 ], [ 38.05360846227552, 47.023305874980018 ], [ 38.058638223672581, 47.022533711960662 ], [ 38.059202900891812, 47.024253464153887 ], [ 38.064232600383797, 47.023481043592227 ], [ 38.063667776844007, 47.021761337570759 ], [ 38.066182475330692, 47.021375071119131 ], [ 38.065617630713142, 47.019655382471647 ], [ 38.068132203986281, 47.019269086277703 ], [ 38.069516899635289, 47.015443435178142 ], [ 38.074545493324329, 47.014670671047206 ], [ 38.075929656160561, 47.010845023384768 ], [ 38.080957645007693, 47.010072034788777 ], [ 38.080392549016643, 47.00835247922123 ], [ 38.085420183390866, 47.00757932563927 ], [ 38.084854993356082, 47.005859810558221 ], [ 38.089882273269765, 47.005086492033442 ], [ 38.089316989231854, 47.003367017445193 ], [ 38.094343914697426, 47.002593534020654 ], [ 38.093778536696973, 47.000874099931529 ], [ 38.101318315083752, 46.999713548361242 ], [ 38.100752770161343, 46.997994177898853 ], [ 38.110804786459944, 46.996446129666779 ], [ 38.110239001726114, 46.994726845979827 ], [ 38.13285233175273, 46.991240860331985 ], [ 38.13228594272131, 46.989521779202292 ], [ 38.134798201237054, 46.989134206991551 ], [ 38.13536466317489, 46.990853264963341 ], [ 38.157973297113159, 46.987362534808604 ], [ 38.158540467177694, 46.989081378468732 ], [ 38.168587682491534, 46.987528480037639 ], [ 38.169155196196435, 46.989247225160995 ], [ 38.176690277440457, 46.988081928577763 ], [ 38.177258061919623, 46.989800598317387 ], [ 38.182281333641662, 46.989023424130387 ], [ 38.18284931606469, 46.990742041668881 ], [ 38.187872524206881, 46.989964610360822 ], [ 38.188440704579001, 46.991683175680656 ], [ 38.199055308124748, 46.99184605477754 ], [ 38.202704120502176, 46.994893872398322 ], [ 38.207727178271817, 46.994115517907844 ], [ 38.208296077699131, 46.995833897427239 ], [ 38.210807600805282, 46.995444617943107 ], [ 38.211376625420669, 46.997162968416816 ], [ 38.213888168925095, 46.996773613020537 ], [ 38.214457318739981, 46.998491934442278 ], [ 38.216968882630887, 46.998102503129758 ], [ 38.217538157656683, 46.999820795493264 ], [ 38.220049741922303, 46.999431288260418 ], [ 38.220619142170442, 47.001149551559408 ], [ 38.223130746798986, 47.00075996840215 ], [ 38.223700272280865, 47.002478202630328 ], [ 38.226211897260534, 47.002088543544545 ], [ 38.226781547987599, 47.003806748695681 ], [ 38.229293193306596, 47.003417013677307 ], [ 38.229862969290259, 47.005135189745083 ], [ 38.235456222150717, 47.006073638872302 ], [ 38.236596327706522, 47.009509868823244 ], [ 38.242190110452519, 47.010447903575823 ], [ 38.243330822257285, 47.01388400546535 ], [ 38.245842714695399, 47.013493844127055 ], [ 38.246983782236896, 47.016929876139493 ], [ 38.249495767751206, 47.016539615531499 ], [ 38.250637191110606, 47.01997557764475 ], [ 38.253149269694596, 47.019585217753104 ], [ 38.254291048953007, 47.023021109944985 ], [ 38.256803220600169, 47.022630650755787 ], [ 38.257945355838743, 47.0260664730042 ], [ 38.260457620542539, 47.025675914503481 ], [ 38.262171436413858, 47.030829534179119 ], [ 38.264683867003583, 47.030438853024869 ], [ 38.266969982970927, 47.037310170931306 ], [ 38.269482652309456, 47.036919343760367 ], [ 38.271198010698569, 47.042072700883324 ], [ 38.27679566573503, 47.043008475755499 ], [ 38.277939898229036, 47.046443912891426 ], [ 38.280452846708194, 47.046052787567987 ], [ 38.284110477287832, 47.049096929875596 ], [ 38.286623466073102, 47.048705652442209 ], [ 38.286050999438274, 47.046988018565415 ], [ 38.290504113467648, 47.044487759351213 ], [ 38.289359152428581, 47.041052555798963 ] ] ], [ [ [ 34.024549073849151, 47.099550244738779 ], [ 34.024114140040986, 47.097797600022197 ], [ 34.01898091922083, 47.098391470850416 ], [ 34.018546185755724, 47.096638786336712 ], [ 34.01341296082699, 47.097232396557445 ], [ 34.012978427691586, 47.095479672264489 ], [ 34.010411833643246, 47.09577637513042 ], [ 34.010846287049965, 47.097529117503775 ], [ 34.008279572407048, 47.097825782337651 ], [ 34.007845198733769, 47.096073021887108 ], [ 33.997578250622695, 47.097259047774841 ], [ 33.99801230531466, 47.099011880501891 ], [ 34.000579183352045, 47.098715440141184 ], [ 34.001013358634729, 47.100468251203125 ], [ 34.006147151692311, 47.099875165978119 ], [ 34.006581527336287, 47.101627937296044 ], [ 34.009148442335302, 47.101331292425613 ], [ 34.009582938599792, 47.103084042062264 ], [ 34.012149892484487, 47.10278732298999 ], [ 34.015586239691146, 47.10599596391652 ], [ 34.018153271318639, 47.105699096424765 ], [ 34.017718454013185, 47.103946408257706 ], [ 34.020285364983458, 47.103649502734648 ], [ 34.019850508829933, 47.101896829049757 ], [ 34.024549073849151, 47.099550244738779 ] ] ], [ [ [ 34.990766358626431, 47.167391321841521 ], [ 34.989142176146984, 47.171201345182418 ], [ 34.994261513045863, 47.170563333088047 ], [ 34.994729411455417, 47.172308830142889 ], [ 34.997289092762536, 47.171989721372512 ], [ 34.995885293180031, 47.16675327606454 ], [ 34.998444694659497, 47.166434169834034 ], [ 34.997976770571285, 47.164688699268062 ], [ 34.992858081020387, 47.165326817436728 ], [ 34.993325847833439, 47.167072326734541 ], [ 34.990766358626431, 47.167391321841521 ] ] ], [ [ [ 34.808062987483993, 47.276585228315454 ], [ 34.81062976611291, 47.276269767630886 ], [ 34.809702720946042, 47.272776050517166 ], [ 34.812269297277709, 47.272460572259007 ], [ 34.811342267624525, 47.26896687746666 ], [ 34.813908641699548, 47.268651381645235 ], [ 34.814620800888754, 47.261348545650691 ], [ 34.817186770572313, 47.261033014733549 ], [ 34.816723257314678, 47.259286202822338 ], [ 34.819289104151693, 47.258970635200669 ], [ 34.818362049700774, 47.255477037706285 ], [ 34.820927694424931, 47.255161452561723 ], [ 34.817220583970943, 47.241187055748455 ], [ 34.819785551218054, 47.240871568114734 ], [ 34.81793272357627, 47.23388435027487 ], [ 34.820497330526372, 47.233568883476188 ], [ 34.819107929005021, 47.22832848555673 ], [ 34.821672254953, 47.228013020437288 ], [ 34.820746046418869, 47.224519440137655 ], [ 34.823310170583525, 47.224203957543097 ], [ 34.822383977724044, 47.220710399560254 ], [ 34.824947900145879, 47.22039489950086 ], [ 34.825659282265377, 47.213092332971968 ], [ 34.807713431964508, 47.215299515818202 ], [ 34.808175937204958, 47.217046408584622 ], [ 34.803048002205188, 47.217676568436872 ], [ 34.802585655221407, 47.215929637387582 ], [ 34.779508511700136, 47.218762422161575 ], [ 34.779970146279325, 47.220509525327188 ], [ 34.78253452601335, 47.220194975600123 ], [ 34.783458083621845, 47.223689131756693 ], [ 34.786022578354327, 47.223374487975967 ], [ 34.786946467849759, 47.226868589956212 ], [ 34.789511077580862, 47.226553852106818 ], [ 34.790897474890507, 47.231794917800407 ], [ 34.793462278828862, 47.231480066737952 ], [ 34.795311733283, 47.238468021948002 ], [ 34.797876810683071, 47.238153038507676 ], [ 34.802041338317949, 47.253875531852458 ], [ 34.804607085605532, 47.253560320246976 ], [ 34.805070107585486, 47.255307224818409 ], [ 34.802504281004659, 47.255622455576543 ], [ 34.806672723171936, 47.271344589141634 ], [ 34.804106139103737, 47.271659936422097 ], [ 34.805959594457214, 47.2786475239689 ], [ 34.803392649327328, 47.27896289198187 ], [ 34.804782959951012, 47.284203598113933 ], [ 34.802215733040853, 47.28451896768722 ], [ 34.803142665750997, 47.288012790093291 ], [ 34.800575236418283, 47.288328142053302 ], [ 34.804069772733634, 47.291506596491622 ], [ 34.808741084279717, 47.289128785214373 ], [ 34.806886583451863, 47.282141293730845 ], [ 34.809453643818784, 47.281825831462449 ], [ 34.808062987483993, 47.276585228315454 ] ] ], [ [ [ 34.50035428176286, 47.387910740773791 ], [ 34.497778696478214, 47.388219794430526 ], [ 34.497624338153877, 47.377415927320378 ], [ 34.492474088131303, 47.378033752627708 ], [ 34.492019408108291, 47.376284565924493 ], [ 34.486869147227544, 47.376902128269144 ], [ 34.486414670580224, 47.375152900120277 ], [ 34.481264398922889, 47.375770199510811 ], [ 34.480810125638619, 47.374020929934325 ], [ 34.470055480386428, 47.373505428901503 ], [ 34.466572739871943, 47.370314984997705 ], [ 34.461422511419308, 47.370931345358734 ], [ 34.460968971177586, 47.369181929004554 ], [ 34.458393873114197, 47.36949000590662 ], [ 34.457940455888, 47.367740566955298 ], [ 34.4553653953732, 47.368048568758702 ], [ 34.454912101148665, 47.366299107216257 ], [ 34.452337078192436, 47.366607033926186 ], [ 34.451883906955743, 47.364857549798636 ], [ 34.44930892156809, 47.365165401420299 ], [ 34.448855873305391, 47.363415894713668 ], [ 34.446280925496289, 47.363723671252224 ], [ 34.445828000193735, 47.361974141972524 ], [ 34.443253089973155, 47.36228184343318 ], [ 34.442800287616919, 47.360532291586431 ], [ 34.440225414994849, 47.360839917974374 ], [ 34.439772735571061, 47.359090343566599 ], [ 34.434170546657199, 47.357955774182322 ], [ 34.433265722088692, 47.354456531327152 ], [ 34.427664132620045, 47.353321575374004 ], [ 34.426759884775649, 47.349822234705762 ], [ 34.424185360798432, 47.350129448404083 ], [ 34.423281443822951, 47.346630055026431 ], [ 34.420707037739213, 47.346937174996242 ], [ 34.419803451547409, 47.343437728928436 ], [ 34.417229163356303, 47.343744755184886 ], [ 34.416325907862984, 47.340245256446231 ], [ 34.413751737563622, 47.340552189004576 ], [ 34.408469741627876, 47.330360253174497 ], [ 34.403322150866529, 47.330973612593986 ], [ 34.403773181375165, 47.332723461487625 ], [ 34.396051235958701, 47.333643134257024 ], [ 34.396502068327962, 47.335393035323719 ], [ 34.386205225578408, 47.336618551766236 ], [ 34.386655779483768, 47.338368523631495 ], [ 34.368634108700277, 47.340511138856499 ], [ 34.369084143171932, 47.342261237366785 ], [ 34.363934552013021, 47.342872943227952 ], [ 34.364384468299335, 47.344623075184465 ], [ 34.359234546924291, 47.345234592825328 ], [ 34.359684344982618, 47.346984758219534 ], [ 34.351958904022929, 47.347901667718546 ], [ 34.35240850347023, 47.349651885149342 ], [ 34.347257836916526, 47.350262913449242 ], [ 34.348156841521721, 47.35376341135138 ], [ 34.3661845575378, 47.351623565033442 ], [ 34.366634685895534, 47.353373677999372 ], [ 34.376935626040861, 47.352149593749061 ], [ 34.377386118171607, 47.353899628383274 ], [ 34.385111618463057, 47.352980917338797 ], [ 34.385562394032249, 47.354730892231885 ], [ 34.390712675784258, 47.354118099046794 ], [ 34.39116365448114, 47.355868032821824 ], [ 34.396313926847306, 47.355254976845416 ], [ 34.396765108684733, 47.357004869484385 ], [ 34.407517009924902, 47.35752782060743 ], [ 34.410995452257296, 47.360720524709613 ], [ 34.416145771437044, 47.360106530205904 ], [ 34.416597685662076, 47.361856276814635 ], [ 34.419172861674753, 47.3615491763248 ], [ 34.419624898802866, 47.363298900413774 ], [ 34.422200112519306, 47.362991724862738 ], [ 34.422652272564385, 47.364741426425944 ], [ 34.425227523974598, 47.364434175808483 ], [ 34.425679806950477, 47.366183854839903 ], [ 34.428255096044502, 47.365876529150825 ], [ 34.428707501965057, 47.367626185644454 ], [ 34.431282828732925, 47.367318784878577 ], [ 34.431735357611984, 47.36906841882837 ], [ 34.43431072204374, 47.368760942980508 ], [ 34.434763373895166, 47.370510554380466 ], [ 34.43733877598082, 47.37020300344539 ], [ 34.437791550818467, 47.371952592289496 ], [ 34.443395365749275, 47.373086831419208 ], [ 34.444301450153532, 47.376585915009358 ], [ 34.449905864990335, 47.37771976727084 ], [ 34.450812527011848, 47.381218752866125 ], [ 34.453388277885587, 47.380910788927572 ], [ 34.45429527154225, 47.384409721658102 ], [ 34.456871140360313, 47.384101663841371 ], [ 34.457778465737576, 47.38760054368781 ], [ 34.460354452500731, 47.387292391977716 ], [ 34.461262109684021, 47.390791218920718 ], [ 34.463838214393064, 47.390482973302021 ], [ 34.465200262206508, 47.395731128556541 ], [ 34.467776565242154, 47.395422770245013 ], [ 34.469593549911394, 47.402420181578449 ], [ 34.495357439118692, 47.399332745465465 ], [ 34.49490232491091, 47.39758358632691 ], [ 34.497478397622537, 47.397274551366671 ], [ 34.497933592182854, 47.399023691696051 ], [ 34.503085769572102, 47.398405415011808 ], [ 34.50035428176286, 47.387910740773791 ] ] ], [ [ [ 34.067772587790898, 47.484043753308647 ], [ 34.065187697147636, 47.484343534023303 ], [ 34.061718618517837, 47.481138737448624 ], [ 34.05654895357339, 47.481737941495247 ], [ 34.056990843093999, 47.483490240091463 ], [ 34.062602764696123, 47.484643257881643 ], [ 34.063487078079078, 47.488147763632291 ], [ 34.066072173221642, 47.487848003213699 ], [ 34.06651447398329, 47.489600232300241 ], [ 34.071242238045471, 47.487248311790353 ], [ 34.067772587790898, 47.484043753308647 ] ] ], [ [ [ 34.95744447832471, 47.487245597815573 ], [ 34.957916365849385, 47.488991279364193 ], [ 34.960491808910724, 47.488671385481737 ], [ 34.960019841318633, 47.486925723368564 ], [ 34.95744447832471, 47.487245597815573 ] ] ], [ [ [ 35.175993564086326, 47.575370960463175 ], [ 35.175032487500673, 47.571882977574276 ], [ 35.179705918128136, 47.56948857458525 ], [ 35.178744792807059, 47.566000645341177 ], [ 35.181321515233051, 47.565675397878273 ], [ 35.180840940410086, 47.563931446668036 ], [ 35.1855133996376, 47.561536906635475 ], [ 35.184552156147618, 47.558049062090149 ], [ 35.187128422545868, 47.557723724973322 ], [ 35.186647788680503, 47.555979816114039 ], [ 35.191319276984132, 47.553585139201587 ], [ 35.189877302780914, 47.548353493108749 ], [ 35.187301526956304, 47.54867884386136 ], [ 35.186340597104525, 47.5451910191683 ], [ 35.183764935992038, 47.545516274240576 ], [ 35.182804347065584, 47.542028393163321 ], [ 35.180228800665965, 47.542353552570418 ], [ 35.179268552578641, 47.53886561512909 ], [ 35.176693120892601, 47.539190678886115 ], [ 35.175253327684501, 47.533958681881977 ], [ 35.172678090661876, 47.534283630276228 ], [ 35.170759318728095, 47.52730749633767 ], [ 35.168184356273329, 47.527632309677237 ], [ 35.163870479844221, 47.511935584434553 ], [ 35.156147478984657, 47.512909155402461 ], [ 35.156626378462512, 47.514653311930637 ], [ 35.15147732600213, 47.515302117947336 ], [ 35.150998586303629, 47.513557922030934 ], [ 35.127826338941787, 47.516474592502711 ], [ 35.127348363522096, 47.514730215305271 ], [ 35.117048736116558, 47.516024974477489 ], [ 35.116571125459537, 47.514280514475345 ], [ 35.108846172478806, 47.515250935122928 ], [ 35.108368846647473, 47.513506412012184 ], [ 35.103218813145496, 47.514153038962469 ], [ 35.102741692176039, 47.512408472406939 ], [ 35.097591638873084, 47.513054835389482 ], [ 35.097114722753965, 47.511310225407328 ], [ 35.091964649732923, 47.511956324429612 ], [ 35.091487938452637, 47.510211671038952 ], [ 35.073461828920777, 47.512471110503327 ], [ 35.073937980284668, 47.514215901112252 ], [ 35.06878709956036, 47.514860988681782 ], [ 35.068311108219774, 47.513116158896203 ], [ 35.060584690963061, 47.514083309959403 ], [ 35.061060442229405, 47.515828198486204 ], [ 35.063636039496558, 47.515505851428109 ], [ 35.064587836558125, 47.51899557685136 ], [ 35.067163549074024, 47.518673134417824 ], [ 35.068115685559668, 47.522162804034032 ], [ 35.070691513323851, 47.521840266209928 ], [ 35.071643989319675, 47.525329879999028 ], [ 35.074219932331637, 47.525007246769178 ], [ 35.075649223042618, 47.530241577433678 ], [ 35.078225361372361, 47.52991882918176 ], [ 35.080132031139655, 47.536897799986527 ], [ 35.082708444902863, 47.536574917075406 ], [ 35.086047407331385, 47.548787818143381 ], [ 35.088624336973403, 47.548464741670109 ], [ 35.089101591547397, 47.550209405508319 ], [ 35.094255476191165, 47.549563044532327 ], [ 35.094732936019419, 47.551307664937845 ], [ 35.099886800979441, 47.550661039663211 ], [ 35.100364466073543, 47.552405616617854 ], [ 35.105518311266692, 47.551758727037068 ], [ 35.109051112360959, 47.554924221353787 ], [ 35.114205007874226, 47.554276915644877 ], [ 35.114683208711533, 47.556021381798416 ], [ 35.117260169012525, 47.555697624904063 ], [ 35.117738495040449, 47.557442067206622 ], [ 35.120315490399349, 47.557118234394594 ], [ 35.12079394163154, 47.558862652840041 ], [ 35.123370972037804, 47.55853874410532 ], [ 35.123849548487925, 47.560283138687467 ], [ 35.126426613931024, 47.559959154024995 ], [ 35.126905315612746, 47.561703524737737 ], [ 35.129482416082112, 47.561379464142455 ], [ 35.12996124300907, 47.56312381097964 ], [ 35.132538378494161, 47.562799674446502 ], [ 35.133017330680048, 47.564543997401955 ], [ 35.135594501170289, 47.564219784925911 ], [ 35.136073578628768, 47.565964083993507 ], [ 35.141707227327188, 47.56705970636613 ], [ 35.142665928585672, 47.570548204708331 ], [ 35.145243284172302, 47.570223744671623 ], [ 35.145722782711857, 47.571967967832379 ], [ 35.148300173262946, 47.57164343182815 ], [ 35.148779797141827, 47.573387631074716 ], [ 35.151357222646794, 47.573063019097965 ], [ 35.151836971878673, 47.574807194424167 ], [ 35.154414432326924, 47.574482506469799 ], [ 35.154894306925463, 47.576226657869512 ], [ 35.160529332588396, 47.577321181474844 ], [ 35.161489628581336, 47.580809384315934 ], [ 35.167125250273699, 47.5819035123859 ], [ 35.168086138497095, 47.585391610993184 ], [ 35.170663933836742, 47.585066503597062 ], [ 35.171319447267848, 47.577765283753337 ], [ 35.175993564086326, 47.575370960463175 ] ] ] ] } }
]
}
