{
"type": "FeatureCollection",
"name": "zones_5km",
"crs": { "type": "name", "properties": { "name": "urn:ogc:def:crs:OGC:1.3:CRS84" } },
"features": [
{ "type": "Feature", "properties": { "distance_km": 5 }, "geometry": { "type": "MultiPolygon", "coordinates": [ [ [ [ 24.724634894731803, 47.898603850486367 ], [ 24.735699295280135, 47.903641298376698 ], [ 24.751455546408856, 47.899528658419982 ], [ 24.744821230078799, 47.881754240060566 ], [ 24.746452756514486, 47.867307898116209 ], [ 24.756083724968608, 47.852599709430834 ], [ 24.768765861213939, 47.843187814311442 ], [ 24.789571162287828, 47.835305383514971 ], [ 24.829555175405378, 47.833976638486469 ], [ 24.851410829743454, 47.840441054927858 ], [ 24.865407121875677, 47.848965763380221 ], [ 24.877143453213716, 47.862962716973826 ], [ 24.877947847066707, 47.873730466396509 ], [ 24.891284637672122, 47.873278564378907 ], [ 24.898208269430704, 47.858650037157503 ], [ 24.910865079107644, 47.849223100890534 ], [ 24.921393606835256, 47.847064246547625 ], [ 24.919633502465047, 47.823735182572435 ], [ 24.929207222879302, 47.809013960645011 ], [ 24.941846666945974, 47.799584036233476 ], [ 24.962606717427374, 47.791671373638344 ], [ 24.98110955655844, 47.7892309175812 ], [ 25.002548999826246, 47.790283325590345 ], [ 25.018940780098514, 47.795107252691537 ], [ 25.031421131770855, 47.783873660689807 ], [ 25.036745698340241, 47.783686219165595 ], [ 25.036467429537208, 47.780097605298117 ], [ 25.049079984295766, 47.77065657888577 ], [ 25.069951411794374, 47.764519503441882 ], [ 25.074572026297272, 47.755359188785469 ], [ 25.087171698376412, 47.745914313990845 ], [ 25.076530882701192, 47.746293404751341 ], [ 25.068130007992892, 47.741194331808522 ], [ 25.06014994908552, 47.741477397111794 ], [ 25.05510899860478, 47.745254356248246 ], [ 25.040277893684994, 47.725986918026166 ], [ 25.027119682681139, 47.728249391801583 ], [ 25.027396804615933, 47.731838079509721 ], [ 25.016619866002497, 47.73041717885166 ], [ 25.006256974442525, 47.734378416821976 ], [ 25.000249011520367, 47.725592287799088 ], [ 24.992270669476284, 47.725870564860259 ], [ 24.987226049263025, 47.729644641003986 ], [ 24.971267754456431, 47.730198865998794 ], [ 24.882820617535124, 47.724234233598544 ], [ 24.886282556946199, 47.734911979119097 ], [ 24.881095562309181, 47.736886961513662 ], [ 24.88176358425353, 47.745860243805254 ], [ 24.87657534129416, 47.747835053776519 ], [ 24.879637025755649, 47.753128980099866 ], [ 24.856482453833348, 47.764705567918405 ], [ 24.851954939944779, 47.775652857594778 ], [ 24.836244425340546, 47.779778137605987 ], [ 24.837302669397094, 47.794136030786206 ], [ 24.822112719591367, 47.805438528776286 ], [ 24.822772185468096, 47.814412326451695 ], [ 24.828629743681979, 47.821413458389515 ], [ 24.783325198170736, 47.822917660682798 ], [ 24.779038790568396, 47.837452209957618 ], [ 24.768505495942804, 47.839598091032272 ], [ 24.757711671339528, 47.838153257782281 ], [ 24.75439738457813, 47.829266147060295 ], [ 24.744252483887589, 47.836794491721506 ], [ 24.738920634632748, 47.836968507036374 ], [ 24.736770975895372, 47.844235133876843 ], [ 24.72038726966068, 47.839370576002693 ], [ 24.704390345449827, 47.839888576074436 ], [ 24.705158328117683, 47.850658523643411 ], [ 24.694874323764381, 47.856387777430569 ], [ 24.684205960821387, 47.856731079112734 ], [ 24.679253226236355, 47.862287475355203 ], [ 24.671377847685555, 47.864339032564907 ], [ 24.666549817836206, 47.871689984044565 ], [ 24.667691478081505, 47.887845492915467 ], [ 24.673283183160983, 47.891264732693074 ], [ 24.673664584487533, 47.89664985061048 ], [ 24.694889879232196, 47.89416879236181 ], [ 24.724634894731803, 47.898603850486367 ] ] ], [ [ [ 24.673791743040301, 47.898444888278242 ], [ 24.670995381658862, 47.896735329764788 ], [ 24.671122448327523, 47.898530372780414 ], [ 24.673791743040301, 47.898444888278242 ] ] ], [ [ [ 25.448985001565031, 48.014922403862563 ], [ 25.455764751164345, 48.000264907837582 ], [ 25.442867746950714, 48.006163258360232 ], [ 25.421642518562606, 48.008783083906138 ], [ 25.402781677747726, 48.007709656615773 ], [ 25.380792385241186, 48.001354928588739 ], [ 25.366672646121156, 47.992897294692149 ], [ 25.354775569489892, 47.978955779781501 ], [ 25.352359528985271, 47.950259447267605 ], [ 25.366712762905745, 47.929921699513407 ], [ 25.381813632676689, 47.918549801799941 ], [ 25.357650161077935, 47.917671761471546 ], [ 25.345212675401037, 47.928939496323792 ], [ 25.316604276445251, 47.939016661199688 ], [ 25.304152729037526, 47.950280338025756 ], [ 25.288430399144577, 47.954468045553647 ], [ 25.29139816966131, 47.957955471785453 ], [ 25.299409139225318, 47.957655314971085 ], [ 25.32137050733839, 47.964026569485512 ], [ 25.335474992509972, 47.972490285199157 ], [ 25.341720715376354, 47.98304942338526 ], [ 25.347063609176974, 47.982846961838789 ], [ 25.361177439368472, 47.991307206295069 ], [ 25.370406771410298, 48.005349796034523 ], [ 25.383769140590427, 48.004839664652749 ], [ 25.405760275081494, 48.011193761107677 ], [ 25.414391726868427, 48.018058811981277 ], [ 25.440812472518942, 48.013439973961077 ], [ 25.448985001565031, 48.014922403862563 ] ] ], [ [ [ 25.486425025481488, 47.982875560275943 ], [ 25.501200805149267, 47.967901982254375 ], [ 25.49287874202124, 47.964629897787432 ], [ 25.481083132827973, 47.983084503600736 ], [ 25.486425025481488, 47.982875560275943 ] ] ], [ [ [ 25.211015370038115, 48.056294483333019 ], [ 25.222924441530608, 48.037864500180106 ], [ 25.211346824762341, 48.027494968009286 ], [ 25.209152417457982, 48.000587342723968 ], [ 25.201133863765268, 48.000881399906959 ], [ 25.201717618979472, 48.008056860010321 ], [ 25.187278327962304, 48.028376290858013 ], [ 25.156485942349409, 48.04568919422951 ], [ 25.16183659929537, 48.045495160851921 ], [ 25.175939351867367, 48.053978541204152 ], [ 25.191067957875035, 48.075017129678201 ], [ 25.209951415009552, 48.076124799359398 ], [ 25.211015370038115, 48.056294483333019 ] ] ], [ [ [ 24.525544334430297, 48.196343587564101 ], [ 24.53529572445327, 48.181651537675982 ], [ 24.548097243230195, 48.1722614726662 ], [ 24.569068677706142, 48.164415268597708 ], [ 24.611874848572409, 48.161277391304601 ], [ 24.597202754347503, 48.143747619417596 ], [ 24.595069460966709, 48.113230580932758 ], [ 24.604786223869688, 48.098533349040501 ], [ 24.61768085797139, 48.090931356105493 ], [ 24.62713454514634, 48.072642283900691 ], [ 24.642443829979928, 48.061362923349385 ], [ 24.663355705599688, 48.053500883257776 ], [ 24.679291379459933, 48.051191911887059 ], [ 24.673297933216269, 48.042388526021703 ], [ 24.65456060126921, 48.042986870577849 ], [ 24.632640256715767, 48.036486658687352 ], [ 24.618628142972984, 48.027934059388642 ], [ 24.606920249425514, 48.013910123359139 ], [ 24.60504123695717, 47.98698301424443 ], [ 24.614733388604428, 47.972285354023931 ], [ 24.630142921463761, 47.962803287415511 ], [ 24.626589552249886, 47.950322053641969 ], [ 24.607884555738014, 47.950911938521195 ], [ 24.602165420327776, 47.945694426217649 ], [ 24.59682152993291, 47.945862126476356 ], [ 24.594897498345926, 47.956716955270245 ], [ 24.589552428775182, 47.956884346050124 ], [ 24.579607192916477, 47.967989613614847 ], [ 24.560894854106426, 47.968572006208575 ], [ 24.552135585686077, 47.958049128468218 ], [ 24.541690343830854, 47.961970247275907 ], [ 24.522857191260098, 47.960751093594972 ], [ 24.514472561211193, 47.955611076689017 ], [ 24.514228783016307, 47.952020408496502 ], [ 24.500866062106894, 47.952429004242717 ], [ 24.474742348854459, 47.962218585927594 ], [ 24.448010231052166, 47.963025164067275 ], [ 24.435120499181529, 47.970608049178942 ], [ 24.418366348620783, 47.960314197889296 ], [ 24.410346656086332, 47.960552880103037 ], [ 24.39104544021707, 47.952129800461321 ], [ 24.393482919019746, 47.948459633631295 ], [ 24.38220573065637, 47.939797445553005 ], [ 24.381268066964761, 47.925432713748272 ], [ 24.365005554113885, 47.922312833177962 ], [ 24.362101179416481, 47.91879990504399 ], [ 24.345725890006367, 47.913881562796007 ], [ 24.340615249067231, 47.917628597910387 ], [ 24.332601513559698, 47.917861696281889 ], [ 24.327720108757127, 47.925199563856587 ], [ 24.322376780033007, 47.925354443159272 ], [ 24.30844508764077, 47.916761910554257 ], [ 24.303102523525997, 47.916915872801717 ], [ 24.300088283278132, 47.91160552137984 ], [ 24.29207514907575, 47.911835770031608 ], [ 24.283720731302822, 47.906678127592258 ], [ 24.251557513647981, 47.90579529755356 ], [ 24.260134535085808, 47.914547000169172 ], [ 24.263597216015441, 47.927041730473206 ], [ 24.261829671364083, 47.941484192903381 ], [ 24.256710147295511, 47.945227676545997 ], [ 24.257613934103023, 47.95959417271694 ], [ 24.265861338842825, 47.96295774678309 ], [ 24.277466158203733, 47.977018988177321 ], [ 24.281735845656787, 48.002083171537315 ], [ 24.289763029908563, 48.001853321247339 ], [ 24.299892571276544, 47.992567379573259 ], [ 24.320832514721289, 47.984767167361419 ], [ 24.360952408096438, 47.983598973152795 ], [ 24.410158605868901, 47.998338366214661 ], [ 24.438104502156637, 48.015494797595935 ], [ 24.488946561579574, 48.013960106009279 ], [ 24.510840583372655, 48.020488486083877 ], [ 24.524833464990852, 48.029054756399454 ], [ 24.53652317348034, 48.043087511973802 ], [ 24.538370147549614, 48.070016370459278 ], [ 24.528639046439213, 48.084708370447224 ], [ 24.523403110617796, 48.086668279565018 ], [ 24.511596699627511, 48.110417639537673 ], [ 24.498803070278964, 48.119803501453823 ], [ 24.47783804250011, 48.127636731360717 ], [ 24.432247142229212, 48.129008931365689 ], [ 24.407514856732636, 48.120750667268801 ], [ 24.394817630692966, 48.131920924890601 ], [ 24.373830921345164, 48.139735629629385 ], [ 24.355052165278327, 48.140285953274187 ], [ 24.351793604981616, 48.172763038008675 ], [ 24.344441730825181, 48.183771345603176 ], [ 24.366274620664022, 48.188530335183806 ], [ 24.385070777435331, 48.187977764871519 ], [ 24.407028000456332, 48.19452435413104 ], [ 24.409951955490893, 48.19803555711885 ], [ 24.447548940441237, 48.196912900426348 ], [ 24.469517373694885, 48.20344724397404 ], [ 24.483555158560669, 48.212017284534063 ], [ 24.48966020481096, 48.222625980563279 ], [ 24.505779837625042, 48.222134987130922 ], [ 24.533263466191848, 48.230287715525705 ], [ 24.527519011818946, 48.225067268494605 ], [ 24.523968698530993, 48.212583147771781 ], [ 24.525544334430297, 48.196343587564101 ] ] ], [ [ [ 24.025037354651289, 48.104481255415088 ], [ 24.022250239373559, 48.102755710851845 ], [ 24.022355631664372, 48.104551879794101 ], [ 24.025037354651289, 48.104481255415088 ] ] ], [ [ [ 23.994144142993729, 48.173650378350089 ], [ 23.991354169884474, 48.171924158385785 ], [ 23.991458739014643, 48.173720356578286 ], [ 23.994144142993729, 48.173650378350089 ] ] ], [ [ [ 23.751306803908445, 48.359609686318244 ], [ 23.780959283922918, 48.35889614348369 ], [ 23.78326318437276, 48.351645016297979 ], [ 23.809227019182313, 48.333024907835409 ], [ 23.843750965411399, 48.323181593647249 ], [ 23.866985592241633, 48.304615666670678 ], [ 23.872370708822345, 48.30448119221662 ], [ 23.874659449212047, 48.297228478480918 ], [ 23.892894974428327, 48.285977595579865 ], [ 23.89248893168245, 48.278792303187231 ], [ 23.883808363148109, 48.268217216660645 ], [ 23.869952524336611, 48.261368625274244 ], [ 23.869751265745624, 48.257775892595788 ], [ 23.845739523075132, 48.261970869916787 ], [ 23.824117153994887, 48.260705485946474 ], [ 23.819329642783565, 48.271616273277139 ], [ 23.806268594177769, 48.279131454649466 ], [ 23.804167642775816, 48.289975917056218 ], [ 23.794184543133468, 48.304609949455113 ], [ 23.781209165203819, 48.31391895373995 ], [ 23.760050701259559, 48.321624412207072 ], [ 23.716950119591825, 48.322651347245241 ], [ 23.695020089367155, 48.315972308079189 ], [ 23.68108119986271, 48.307304131371467 ], [ 23.669558522966994, 48.293181666953423 ], [ 23.669277398843978, 48.287791683722453 ], [ 23.648111872987887, 48.295476670392063 ], [ 23.667615416947349, 48.307617465576612 ], [ 23.684906199537817, 48.328800841962206 ], [ 23.691619542450844, 48.35382743548 ], [ 23.711155983680257, 48.365960124343857 ], [ 23.7352284905696, 48.36179221474076 ], [ 23.746108590711238, 48.36333165116465 ], [ 23.751306803908445, 48.359609686318244 ] ] ], [ [ [ 24.70110966808738, 48.354531495604903 ], [ 24.698638668405071, 48.320429403087594 ], [ 24.706191326498814, 48.312989787862413 ], [ 24.70758013558455, 48.294954527330958 ], [ 24.712438525111132, 48.287601395227838 ], [ 24.701680868585505, 48.287948637976676 ], [ 24.690534521311314, 48.282910231049456 ], [ 24.682466837415848, 48.283169201904329 ], [ 24.660438779992603, 48.27667725311931 ], [ 24.655958563190357, 48.2894132132501 ], [ 24.650835467327283, 48.293174244226421 ], [ 24.656600193019834, 48.298387955872187 ], [ 24.660189778792464, 48.310866847509246 ], [ 24.662634305935541, 48.344970471490669 ], [ 24.687385409756647, 48.351374777266727 ], [ 24.701500247067937, 48.359916009277143 ], [ 24.701760696927291, 48.363505680928391 ], [ 24.709971410494926, 48.365039852922948 ], [ 24.70110966808738, 48.354531495604903 ] ] ], [ [ [ 23.194413954442314, 48.402166163047184 ], [ 23.189015709930686, 48.402269039730569 ], [ 23.189170035003293, 48.40586357050735 ], [ 23.191869350972663, 48.405812157350169 ], [ 23.194413954442314, 48.402166163047184 ] ] ], [ [ [ 23.189324390422556, 48.409458098658696 ], [ 23.186470711447249, 48.405914920380553 ], [ 23.186624876910827, 48.409509454978149 ], [ 23.189324390422556, 48.409458098658696 ] ] ], [ [ [ 23.362077063995773, 48.406039666701666 ], [ 23.359294891500117, 48.404298020100065 ], [ 23.359378054932989, 48.4060950727905 ], [ 23.362077063995773, 48.406039666701666 ] ] ], [ [ [ 23.186779072691404, 48.413103986951199 ], [ 23.183925355819834, 48.409560748005248 ], [ 23.184079361605544, 48.413155286417521 ], [ 23.186779072691404, 48.413103986951199 ] ] ], [ [ [ 23.170963463950276, 48.422397248993676 ], [ 23.149664711321403, 48.42999218293 ], [ 23.130835032933501, 48.432141270574512 ], [ 23.109153856338732, 48.430742157327863 ], [ 23.092727549142072, 48.425646043806708 ], [ 23.082807176179735, 48.447410634772233 ], [ 23.117928767430371, 48.44676935345931 ], [ 23.136689027555015, 48.442824981775615 ], [ 23.161077346125253, 48.444168093485807 ], [ 23.168875297093866, 48.436826439786422 ], [ 23.179525398830503, 48.43302768054668 ], [ 23.178987258954013, 48.420446790115484 ], [ 23.184079361605544, 48.413155286417521 ], [ 23.170963463950276, 48.422397248993676 ] ] ], [ [ [ 23.403847318881873, 48.489715583379088 ], [ 23.430880504006794, 48.489147513889257 ], [ 23.427833925725999, 48.482016856981815 ], [ 23.429935712316897, 48.469381216547404 ], [ 23.435082087543222, 48.463876119253946 ], [ 23.434480233504591, 48.451297559671119 ], [ 23.444594834545867, 48.436692928146421 ], [ 23.452523113033884, 48.432926601945823 ], [ 23.45226356026075, 48.427535835774989 ], [ 23.443818818192632, 48.42052052612101 ], [ 23.440344728707604, 48.404405372860104 ], [ 23.421453176177344, 48.404804728167974 ], [ 23.404921031873553, 48.3979565896718 ], [ 23.362077063995773, 48.406039666701666 ], [ 23.379193596572154, 48.425473168215845 ], [ 23.382481919102339, 48.437996383396033 ], [ 23.380453365598321, 48.452428400454792 ], [ 23.367614958204385, 48.467083352573553 ], [ 23.379096215055185, 48.481236414152413 ], [ 23.379937465674089, 48.499206412246316 ], [ 23.403847318881873, 48.489715583379088 ] ] ], [ [ [ 23.59209026013226, 48.942502432280826 ], [ 23.621431410938424, 48.92924820966504 ], [ 23.648696477949084, 48.928624878497871 ], [ 23.656208373773389, 48.91586124918306 ], [ 23.669358100160238, 48.906564009511307 ], [ 23.690773439156231, 48.898871219619473 ], [ 23.731643574348368, 48.897909666321155 ], [ 23.75383511943576, 48.904576300047097 ], [ 23.767956016319996, 48.91323151718322 ], [ 23.759185962959197, 48.902649602609948 ], [ 23.7577026328273, 48.875704486393197 ], [ 23.767802584401984, 48.861072590639672 ], [ 23.780917128570788, 48.851763184271341 ], [ 23.802291417861078, 48.844050348007002 ], [ 23.821240825660876, 48.841789107837052 ], [ 23.843113066469339, 48.843050110527024 ], [ 23.851481240794509, 48.846440754615706 ], [ 23.850971028108486, 48.83745968880428 ], [ 23.86103621418048, 48.822820194138956 ], [ 23.874123319138466, 48.813500640084627 ], [ 23.895466498781335, 48.805771052047497 ], [ 23.941691849587848, 48.804599656246644 ], [ 23.935204790819203, 48.786777493065806 ], [ 23.937188572403784, 48.774135514678512 ], [ 23.944920232000438, 48.766742945083806 ], [ 23.938332707854023, 48.747124684275683 ], [ 23.940209759610024, 48.732686516467894 ], [ 23.952627792963735, 48.712582047714882 ], [ 23.965669748777529, 48.703252832369799 ], [ 23.98705852041963, 48.69730340175964 ], [ 23.978282782910689, 48.686737993579925 ], [ 23.964297587736123, 48.679903807712179 ], [ 23.952607939864965, 48.665813871126382 ], [ 23.949162202367141, 48.653310603428473 ], [ 23.950929016013209, 48.637076066049467 ], [ 23.960927447875662, 48.62242875739733 ], [ 23.973945320311429, 48.613098970588183 ], [ 23.995189079350798, 48.605352654060724 ], [ 24.035810996221453, 48.604288014944629 ], [ 24.063434564898845, 48.612550018757361 ], [ 24.077522812918726, 48.621168247114895 ], [ 24.095094765504996, 48.642282978322363 ], [ 24.124903354659555, 48.641477346383681 ], [ 24.144318712306454, 48.64814383456406 ], [ 24.134517488258361, 48.621428534645823 ], [ 24.136446655364161, 48.608784002657771 ], [ 24.146385388108925, 48.594121777549304 ], [ 24.159361012994054, 48.584771855460701 ], [ 24.180563034156211, 48.576992134667265 ], [ 24.226338385650621, 48.57211958056871 ], [ 24.223404027185936, 48.56860408817866 ], [ 24.201418009733317, 48.56382148334918 ], [ 24.187325847005507, 48.555218469291169 ], [ 24.175605681374268, 48.541151653298257 ], [ 24.173920240956157, 48.514214998013586 ], [ 24.186307553468161, 48.495883585652933 ], [ 24.180454032764104, 48.488850083664097 ], [ 24.163685617627387, 48.480318232287473 ], [ 24.163462069652525, 48.476726608578623 ], [ 24.1467004866238, 48.468192116267872 ], [ 24.135012614440907, 48.454120311031161 ], [ 24.133132777822805, 48.423590432419388 ], [ 24.143038870973406, 48.40892884451106 ], [ 24.155969549397149, 48.399580045600388 ], [ 24.177096346346207, 48.391802397113715 ], [ 24.190578175531773, 48.391428944000339 ], [ 24.195745707738432, 48.38768755412012 ], [ 24.222592934044052, 48.385139010300449 ], [ 24.241578262941236, 48.386404029458085 ], [ 24.252705581668291, 48.391486424494559 ], [ 24.290450946411823, 48.390411980691006 ], [ 24.312485414956427, 48.396974759658448 ], [ 24.326552779458726, 48.405563145739606 ], [ 24.338280769208172, 48.419614610343032 ], [ 24.339811798019927, 48.442956290238065 ], [ 24.364099293998446, 48.442248065832125 ], [ 24.38076760085459, 48.448954804992638 ], [ 24.415851881538693, 48.447917591087091 ], [ 24.437926533310197, 48.454455295707803 ], [ 24.452030662891296, 48.463027372822715 ], [ 24.463806737319544, 48.477064773206514 ], [ 24.467364356154739, 48.489550197116181 ], [ 24.463921958266393, 48.518437143403453 ], [ 24.474731147031914, 48.518110991612865 ], [ 24.496843787127755, 48.524636410270894 ], [ 24.510977625184676, 48.533200464717467 ], [ 24.526196880255139, 48.518343068411461 ], [ 24.525947414751933, 48.514752798047084 ], [ 24.511940646780687, 48.507985665369262 ], [ 24.50579355094019, 48.497379522130267 ], [ 24.480622076450079, 48.48555166268649 ], [ 24.468839355940553, 48.471516158909616 ], [ 24.465160544704215, 48.457235457214537 ], [ 24.469701344483155, 48.444505760941674 ], [ 24.468355330181829, 48.424757788713663 ], [ 24.478163555722134, 48.410069630272375 ], [ 24.483433835322359, 48.408111032856858 ], [ 24.47755080091596, 48.40109331785154 ], [ 24.458556225048834, 48.399867564979068 ], [ 24.424471884483214, 48.415279939465101 ], [ 24.384016125028413, 48.416478215017662 ], [ 24.361964586729115, 48.409929580690445 ], [ 24.347890232635407, 48.401345700726473 ], [ 24.336164108293527, 48.38729514429788 ], [ 24.33463773373002, 48.363953151087614 ], [ 24.307692149144295, 48.364731912525627 ], [ 24.291061027612916, 48.358013654483756 ], [ 24.282978056824845, 48.358244861540442 ], [ 24.26096408182325, 48.351675927001544 ], [ 24.244114959562964, 48.341359233913934 ], [ 24.232431495440068, 48.327297024878028 ], [ 24.228604145601967, 48.309415277553299 ], [ 24.206392825432097, 48.299243672322952 ], [ 24.194729747776783, 48.285177099050927 ], [ 24.191143232646233, 48.270885284430221 ], [ 24.193049327855267, 48.258239741955528 ], [ 24.202908305171874, 48.243573716583619 ], [ 24.215787423828544, 48.23421912191084 ], [ 24.236837585348717, 48.226432013997758 ], [ 24.250275138184971, 48.226052529242871 ], [ 24.257197071057405, 48.207866805504885 ], [ 24.240850958817859, 48.20473131992685 ], [ 24.226854303603293, 48.1961306413817 ], [ 24.215210575485187, 48.182065534823764 ], [ 24.214423897518227, 48.169494815092861 ], [ 24.200553233633869, 48.162686404079402 ], [ 24.188924609345221, 48.148618232232032 ], [ 24.184350835645578, 48.118162734350634 ], [ 24.175972318157243, 48.112997908129401 ], [ 24.148714685494372, 48.106552845541174 ], [ 24.134760412132717, 48.097939888797313 ], [ 24.134541857235753, 48.09434792552544 ], [ 24.129180006278158, 48.094494199275147 ], [ 24.121572440370901, 48.101897156493642 ], [ 24.100553856414781, 48.109662548144179 ], [ 24.089826579907918, 48.109951742454257 ], [ 24.100986505740984, 48.116846684919985 ], [ 24.112583894349761, 48.13092451004826 ], [ 24.116136980356007, 48.145219758320813 ], [ 24.114214710249417, 48.15786455370349 ], [ 24.104345285095981, 48.172523339440559 ], [ 24.091460185634773, 48.181865621053156 ], [ 24.070404647867733, 48.189626204515953 ], [ 24.049022609739293, 48.191994765619931 ], [ 24.030112813394627, 48.190696283526457 ], [ 24.008202006899126, 48.184076562819762 ], [ 23.996934303168505, 48.175376526146884 ], [ 23.991667907991729, 48.177312750758645 ], [ 23.992191009675096, 48.186293723348278 ], [ 24.008517644897552, 48.189465060605848 ], [ 24.022477074100951, 48.198093168831761 ], [ 24.034072728212163, 48.212178821332586 ], [ 24.035666984647811, 48.239120468509448 ], [ 24.020592978696122, 48.257506918035993 ], [ 24.021334550575528, 48.2700797646335 ], [ 24.056308610868054, 48.269154704713607 ], [ 24.078262109688499, 48.275764248457456 ], [ 24.103456475501492, 48.291276705415697 ], [ 24.115096362120301, 48.305353043699796 ], [ 24.11673851077278, 48.332292202617928 ], [ 24.106838565336457, 48.346951533830712 ], [ 24.09132551187631, 48.358163270568326 ], [ 24.072785733297529, 48.364057135130821 ], [ 24.090044266134203, 48.381583375153831 ], [ 24.091677585382214, 48.408522815358403 ], [ 24.08175656551607, 48.423180286299399 ], [ 24.068806077167601, 48.432521112536989 ], [ 24.047645196924979, 48.440279498942303 ], [ 24.026157322737898, 48.442645948134953 ], [ 24.007154662325146, 48.441345664842835 ], [ 23.985032104432651, 48.432927841940668 ], [ 23.976934889178338, 48.433137783766774 ], [ 23.954924906178576, 48.426510139668913 ], [ 23.940912234761196, 48.417875153423651 ], [ 23.937799550648709, 48.410759309376274 ], [ 23.932403534223049, 48.410897071428757 ], [ 23.912901110952845, 48.400599737942379 ], [ 23.907608509057063, 48.402532573210514 ], [ 23.913825316658336, 48.416765993375748 ], [ 23.911332238402426, 48.420426851924169 ], [ 23.922744871067923, 48.430930396123252 ], [ 23.926373136475316, 48.447027741432045 ], [ 23.924395775378272, 48.459669960853141 ], [ 23.914416593308282, 48.474314029828342 ], [ 23.901421920589815, 48.483636790349181 ], [ 23.880213197611447, 48.491365215558076 ], [ 23.83967592841158, 48.492373244910993 ], [ 23.817656711286233, 48.485719527610932 ], [ 23.803649867665893, 48.477067752990564 ], [ 23.79205332207593, 48.462959343393209 ], [ 23.787143281058377, 48.472072523689171 ], [ 23.771521017007984, 48.483242923310804 ], [ 23.744886287621295, 48.491076877461275 ], [ 23.745080378718985, 48.494669848362264 ], [ 23.766996759565409, 48.49954111073756 ], [ 23.781003913466161, 48.508197321193933 ], [ 23.792608310705191, 48.522306608784049 ], [ 23.794190837427347, 48.551048980090172 ], [ 23.784156747045497, 48.565682590506754 ], [ 23.806107552676654, 48.57054569445777 ], [ 23.820141326165167, 48.57919654211122 ], [ 23.831773571065423, 48.593301203882781 ], [ 23.835286326700231, 48.607605042394596 ], [ 23.833281662754096, 48.620245942375249 ], [ 23.823246166962328, 48.634882853080867 ], [ 23.823948574256097, 48.647457085927201 ], [ 23.813905274330537, 48.662093275188255 ], [ 23.800844831816555, 48.671405673001082 ], [ 23.771601594536275, 48.682906079729221 ], [ 23.739046144465114, 48.683685293001325 ], [ 23.742247188420503, 48.692602853532911 ], [ 23.737502508489225, 48.705307025604966 ], [ 23.739063839688079, 48.734049817547636 ], [ 23.760592452104383, 48.729938188096881 ], [ 23.782414933820267, 48.73121166087487 ], [ 23.804538317099219, 48.737869933304232 ], [ 23.818619643903677, 48.74651987141916 ], [ 23.839050851771699, 48.771200514991492 ], [ 23.840673810158037, 48.799940491466863 ], [ 23.830606907934179, 48.814578282840522 ], [ 23.799069004149136, 48.835135045627503 ], [ 23.777697933810778, 48.842847233636235 ], [ 23.758745865985727, 48.845101352331703 ], [ 23.736874185265417, 48.843824305472694 ], [ 23.714711972076017, 48.837153819265914 ], [ 23.700621952710186, 48.828491428504961 ], [ 23.688968768520805, 48.814374336653138 ], [ 23.687623647204457, 48.789223712326702 ], [ 23.679658630803559, 48.793006728038229 ], [ 23.67479400144747, 48.803912081719567 ], [ 23.66167142587372, 48.813209598266887 ], [ 23.640287427879219, 48.820896520139868 ], [ 23.618615744572399, 48.823189875731536 ], [ 23.585688008589493, 48.818537558982634 ], [ 23.570743454567772, 48.845852300836818 ], [ 23.581909190901602, 48.850998678338442 ], [ 23.585001796755112, 48.858124066347273 ], [ 23.593355807230637, 48.861533708952969 ], [ 23.604993951488133, 48.875660644977373 ], [ 23.606395197744973, 48.902609130969928 ], [ 23.59623963903104, 48.917227725949672 ], [ 23.564632174480721, 48.939519293380407 ], [ 23.559177685275394, 48.939640520146177 ], [ 23.559821299556191, 48.952216813850733 ], [ 23.59209026013226, 48.942502432280826 ] ], [ [ 24.029964772729066, 48.597246793431005 ], [ 24.015891205547025, 48.588622409275118 ], [ 24.004209683482568, 48.57453738479505 ], [ 24.000758515889988, 48.562035622936364 ], [ 24.002613255521343, 48.547596532857227 ], [ 24.012580074240677, 48.532945199410108 ], [ 24.02556595068614, 48.523610107554106 ], [ 24.046764523469292, 48.51585509094938 ], [ 24.065578942277419, 48.513556271734842 ], [ 24.087312895351246, 48.514773748424098 ], [ 24.109377726137744, 48.521374772605931 ], [ 24.123447437548368, 48.529987861707205 ], [ 24.13515065469694, 48.544060379757795 ], [ 24.138633347572146, 48.556557458900805 ], [ 24.136817274299766, 48.570997901244667 ], [ 24.126879947960596, 48.585659312379796 ], [ 24.113897927375845, 48.595005699286006 ], [ 24.092677659562842, 48.602773479307103 ], [ 24.073831715410801, 48.605077366699049 ], [ 24.052059095883241, 48.603858152291046 ], [ 24.029964772729066, 48.597246793431005 ] ] ], [ [ [ 24.242573206812743, 48.571663063967279 ], [ 24.228929763021785, 48.57024798498572 ], [ 24.229044217387624, 48.572043653206478 ], [ 24.242573206812743, 48.571663063967279 ] ] ], [ [ [ 24.245278970780262, 48.571586755638428 ], [ 24.253626856405372, 48.574948697721716 ], [ 24.259038664249832, 48.574795490418474 ], [ 24.255986503962575, 48.569485267050702 ], [ 24.245278970780262, 48.571586755638428 ] ] ], [ [ [ 23.210663560723489, 48.651874863420133 ], [ 23.220723552480596, 48.633694511141641 ], [ 23.233883567340254, 48.624446496144792 ], [ 23.255249892127701, 48.616835143917008 ], [ 23.26338113871191, 48.616675549982872 ], [ 23.26297935000667, 48.607690001523657 ], [ 23.270786644672381, 48.600341473725301 ], [ 23.270303222784705, 48.58955883810966 ], [ 23.280491734131655, 48.574967813836295 ], [ 23.29362571426498, 48.565713284482975 ], [ 23.304374455350363, 48.56369984856218 ], [ 23.311759520428474, 48.547363323979276 ], [ 23.284693029609599, 48.547903891800111 ], [ 23.279683469307443, 48.556996782774192 ], [ 23.266549090921988, 48.566249738036852 ], [ 23.245205609429984, 48.573862900501972 ], [ 23.226327324782194, 48.576028327757825 ], [ 23.204582506390448, 48.574648211031693 ], [ 23.182606568599866, 48.567872305029994 ], [ 23.160177046950547, 48.550308596527103 ], [ 23.160483250138078, 48.557497607379076 ], [ 23.168759224486859, 48.560939324987508 ], [ 23.180207810371286, 48.575112522533189 ], [ 23.183458185206934, 48.587641705201079 ], [ 23.181368353999058, 48.602070784844358 ], [ 23.17114578722127, 48.616653465874094 ], [ 23.157899387582159, 48.624097222831594 ], [ 23.163551931504848, 48.629387140240162 ], [ 23.166802133044861, 48.641916692545692 ], [ 23.164705811710046, 48.65634544516287 ], [ 23.194311075070544, 48.650389017556989 ], [ 23.210663560723489, 48.651874863420133 ] ] ], [ [ [ 24.292792720304181, 48.593621978028459 ], [ 24.287262475838297, 48.591981258804516 ], [ 24.287379084634509, 48.593776816019002 ], [ 24.292792720304181, 48.593621978028459 ] ] ], [ [ [ 22.610652565531588, 48.6492407215718 ], [ 22.623987505657734, 48.64185906062005 ], [ 22.626411225666981, 48.632831866424475 ], [ 22.61844686931088, 48.638339874300165 ], [ 22.607653567348443, 48.640289661793673 ], [ 22.599742858155938, 48.647594201656538 ], [ 22.594316604605215, 48.647669454184417 ], [ 22.586515668185172, 48.658568721878268 ], [ 22.591999738708825, 48.6602916289036 ], [ 22.594600108101027, 48.656658477082914 ], [ 22.610767117939801, 48.652836302866888 ], [ 22.610652565531588, 48.6492407215718 ] ] ], [ [ [ 22.502975661251092, 48.679473589252503 ], [ 22.508512960871155, 48.682998342693324 ], [ 22.524749423134992, 48.680985974135538 ], [ 22.524640879241218, 48.677390262566611 ], [ 22.502975661251092, 48.679473589252503 ] ] ], [ [ [ 23.068220562159773, 48.686897312698193 ], [ 23.057215946735401, 48.683497149400367 ], [ 23.057362423588987, 48.687091810819858 ], [ 23.068220562159773, 48.686897312698193 ] ] ], [ [ [ 22.344652188165352, 48.751573973590787 ], [ 22.341885272134721, 48.749807695813125 ], [ 22.341933159241098, 48.751605672879343 ], [ 22.344652188165352, 48.751573973590787 ] ] ], [ [ [ 22.353002393908518, 48.75867036118543 ], [ 22.363685257243382, 48.751350282746621 ], [ 22.344652188165352, 48.751573973590787 ], [ 22.345036231543215, 48.765957752615051 ], [ 22.35047582714807, 48.765894129626517 ], [ 22.353002393908518, 48.75867036118543 ] ] ], [ [ [ 22.786877998136923, 48.873262298542322 ], [ 22.80575898524696, 48.867572412383531 ], [ 22.816007158787318, 48.849425836358236 ], [ 22.872064208585869, 48.817953230891931 ], [ 22.87159566164102, 48.805370794269116 ], [ 22.876702659481193, 48.796294823176254 ], [ 22.873714073532213, 48.789149124785347 ], [ 22.881068681152257, 48.767446225353446 ], [ 22.870125195968559, 48.765825791971814 ], [ 22.853281236126293, 48.751709252433372 ], [ 22.847844504488538, 48.751796585396008 ], [ 22.845323684444235, 48.757232763610219 ], [ 22.82396475513152, 48.76836441368939 ], [ 22.824746719388415, 48.789935004659505 ], [ 22.814383517019351, 48.804487250931906 ], [ 22.801099065504449, 48.813688499882147 ], [ 22.795655477389538, 48.813773450423618 ], [ 22.795912396268932, 48.820963712986163 ], [ 22.785534617883012, 48.835513465976376 ], [ 22.772236739173763, 48.844711500309849 ], [ 22.750699176823531, 48.852234862722504 ], [ 22.723459359191192, 48.852645381836417 ], [ 22.696765886479948, 48.869228290952655 ], [ 22.740426680185291, 48.870375900657173 ], [ 22.762478721858646, 48.877235026479987 ], [ 22.770908474065177, 48.8843000151533 ], [ 22.776359786133806, 48.88421614389388 ], [ 22.776232429287191, 48.880621015174519 ], [ 22.786877998136923, 48.873262298542322 ] ] ], [ [ [ 23.410122604843504, 49.075950426708005 ], [ 23.365934314832522, 49.067872221515906 ], [ 23.35183665941495, 49.059167569321623 ], [ 23.340224545986672, 49.045015041521289 ], [ 23.338959995922394, 49.018061811680155 ], [ 23.351857574597688, 49.001612116278821 ], [ 23.346395437473987, 49.001723384127004 ], [ 23.338454702762984, 49.007280477534579 ], [ 23.33862310039132, 49.01087425826281 ], [ 23.325383719269567, 49.020134942302782 ], [ 23.319919452443042, 49.020244987390818 ], [ 23.306757212699559, 49.031300524215659 ], [ 23.285224171595061, 49.038923497067891 ], [ 23.249853671238391, 49.04321598492519 ], [ 23.236427779033217, 49.048872783501416 ], [ 23.234257873377004, 49.061504804076677 ], [ 23.239726988286638, 49.061398749833458 ], [ 23.25662257894674, 49.071860888753164 ], [ 23.271281601396083, 49.093156013231898 ], [ 23.298726542117247, 49.094411036734158 ], [ 23.32095156363448, 49.101160371432265 ], [ 23.32949786151282, 49.108182421997469 ], [ 23.35900722797297, 49.094992824887349 ], [ 23.378074298351127, 49.092802803041522 ], [ 23.400048749013759, 49.094146345696416 ], [ 23.41672664408339, 49.099193955343978 ], [ 23.416464816785094, 49.093803671538559 ], [ 23.426707711140079, 49.07919992187292 ], [ 23.439943124575464, 49.069927743632554 ], [ 23.410122604843504, 49.075950426708005 ] ] ], [ [ [ 23.442677746712722, 49.06986986870821 ], [ 23.43985509288343, 49.06813100480548 ], [ 23.439943124575464, 49.069927743632554 ], [ 23.442677746712722, 49.06986986870821 ] ] ], [ [ [ 22.60552155155446, 49.084556340789781 ], [ 22.627298571229218, 49.080654374290198 ], [ 22.629799827829022, 49.073425190927878 ], [ 22.618855003256296, 49.073579253582103 ], [ 22.60266898106747, 49.080999059564363 ], [ 22.567092086010899, 49.081487663284904 ], [ 22.564581314553482, 49.088715574038638 ], [ 22.57005554644925, 49.088641228723908 ], [ 22.570168951354685, 49.092236605639542 ], [ 22.586764624039745, 49.097405002639526 ], [ 22.600336791494708, 49.09362067695713 ], [ 22.60552155155446, 49.084556340789781 ] ] ], [ [ [ 24.135133979080802, 49.067514291653403 ], [ 24.134568681373072, 49.058535898422711 ], [ 24.123639046749567, 49.058832511538093 ], [ 24.112372544305071, 49.053740934204839 ], [ 24.095979256583064, 49.054182281705238 ], [ 24.096760897597136, 49.066752497916028 ], [ 24.105071654680302, 49.068327746108942 ], [ 24.122370584741372, 49.082250589607646 ], [ 24.135133979080802, 49.067514291653403 ] ] ], [ [ [ 22.750548296563615, 49.159781870078625 ], [ 22.739522162653202, 49.158150081486241 ], [ 22.742641382844234, 49.168893804878707 ], [ 22.753416024757193, 49.163335274823126 ], [ 22.750548296563615, 49.159781870078625 ] ] ], [ [ [ 22.715290263152564, 49.171101876883739 ], [ 22.70712769933343, 49.173021317687528 ], [ 22.707375063449408, 49.180211470743153 ], [ 22.723639444510226, 49.174574438616801 ], [ 22.723327372263952, 49.165586813427304 ], [ 22.715103930774543, 49.165709276759898 ], [ 22.715290263152564, 49.171101876883739 ] ] ], [ [ [ 23.70967049506767, 49.995551757096919 ], [ 23.706682532992495, 49.992024688961536 ], [ 23.706884320644942, 49.995616836926551 ], [ 23.70967049506767, 49.995551757096919 ] ] ], [ [ [ 23.586900955829172, 50.099065381570064 ], [ 23.625306740552958, 50.085614056588305 ], [ 23.630398073244873, 50.076506791943132 ], [ 23.643858983075528, 50.067208826974117 ], [ 23.676843736832691, 50.057460333316605 ], [ 23.690189794124986, 50.04636110247305 ], [ 23.717674906284842, 50.038526654623801 ], [ 23.716964937689845, 50.025954329990036 ], [ 23.72223599763063, 50.020435436965229 ], [ 23.710478881381956, 50.009920287694776 ], [ 23.70977150770581, 49.99734782590118 ], [ 23.704198941577122, 49.997477926947468 ], [ 23.69664433982404, 50.012041266464557 ], [ 23.680521178408608, 50.023205592578478 ], [ 23.658615012996869, 50.030903502816358 ], [ 23.614000447623646, 50.031917654410677 ], [ 23.602554992710061, 50.026779871684276 ], [ 23.560921790005104, 50.031303428857726 ], [ 23.54130670270429, 50.029936499889097 ], [ 23.535540347204567, 50.026465948796776 ], [ 23.507656413918415, 50.027072191543368 ], [ 23.496316251991253, 50.023720085925383 ], [ 23.495763850434777, 50.066892716108789 ], [ 23.501438866719567, 50.068568849550125 ], [ 23.516333639220363, 50.08623034370779 ], [ 23.51671014305953, 50.093415609789069 ], [ 23.531144820158783, 50.102093416620001 ], [ 23.553486455569413, 50.101603910003526 ], [ 23.573227453566535, 50.104764535127138 ], [ 23.581605829471805, 50.104578429838561 ], [ 23.586900955829172, 50.099065381570064 ] ] ], [ [ [ 24.563058896750828, 50.103762784057992 ], [ 24.551765276848599, 50.102310581228686 ], [ 24.535553443983734, 50.110000609552294 ], [ 24.557877864319114, 50.109317846577575 ], [ 24.563058896750828, 50.103762784057992 ] ] ], [ [ [ 24.530104298280747, 50.111965261222288 ], [ 24.524390913053242, 50.110340383970346 ], [ 24.524522798356013, 50.112135025239361 ], [ 24.530104298280747, 50.111965261222288 ] ] ], [ [ [ 24.479999124950972, 50.115278218990881 ], [ 24.471495905264312, 50.113734422116032 ], [ 24.471625829244953, 50.115529163728041 ], [ 24.479999124950972, 50.115278218990881 ] ] ], [ [ [ 24.485581256375184, 50.115110587568495 ], [ 24.482659857496458, 50.11339971632944 ], [ 24.48279019724135, 50.115194436772278 ], [ 24.485581256375184, 50.115110587568495 ] ] ], [ [ [ 24.524522798356013, 50.112135025239361 ], [ 24.488502863136112, 50.116821380406762 ], [ 24.508303159407895, 50.11982139540352 ], [ 24.524522798356013, 50.112135025239361 ] ] ], [ [ [ 25.948575376129405, 50.275980778165156 ], [ 25.902190641415462, 50.261758177373181 ], [ 25.894359035902461, 50.267486638746952 ], [ 25.911682248959064, 50.272151753989213 ], [ 25.917827338692412, 50.277288932131697 ], [ 25.948575376129405, 50.275980778165156 ] ] ], [ [ [ 26.0911045093174, 50.269809780476706 ], [ 26.082530691073369, 50.268386683456143 ], [ 26.080309663704124, 50.273881926179904 ], [ 26.091487451558805, 50.273391568798566 ], [ 26.0911045093174, 50.269809780476706 ] ] ], [ [ [ 26.270912956956625, 50.7763973882522 ], [ 26.256795346275787, 50.777036271017678 ], [ 26.22755789969116, 50.769357162911056 ], [ 26.211815112162007, 50.780859648707306 ], [ 26.234206103750861, 50.77805494114326 ], [ 26.254172923728451, 50.778954120169857 ], [ 26.271922174758981, 50.785348518819838 ], [ 26.288663309739505, 50.782789192970171 ], [ 26.270912956956625, 50.7763973882522 ] ] ], [ [ [ 26.668378923960056, 50.84768234509356 ], [ 26.690766991673129, 50.844789595654966 ], [ 26.722505990173655, 50.848631392707382 ], [ 26.703363130794571, 50.831575187291037 ], [ 26.700084766783686, 50.80474135285646 ], [ 26.712449532414212, 50.789737427603811 ], [ 26.711793394382838, 50.784370729468591 ], [ 26.702672734454193, 50.779419526503332 ], [ 26.692464737609928, 50.765522721465672 ], [ 26.642334100491851, 50.773365349657311 ], [ 26.622367605374492, 50.772533003939586 ], [ 26.61043693744751, 50.767710581078688 ], [ 26.568114184846962, 50.769745127570751 ], [ 26.552033669464105, 50.777712254748288 ], [ 26.538134225872241, 50.780174604838443 ], [ 26.492972249880779, 50.782316629274113 ], [ 26.494024079303426, 50.791264478908758 ], [ 26.533548582601899, 50.789390566709997 ], [ 26.556983362990245, 50.795471280565607 ], [ 26.575204031454533, 50.805396541114952 ], [ 26.591465417732959, 50.822611538095416 ], [ 26.592537584141422, 50.831557831487174 ], [ 26.611641307305273, 50.848633572063996 ], [ 26.634899127750991, 50.852908108653615 ], [ 26.641201382785894, 50.858001467673851 ], [ 26.668378923960056, 50.84768234509356 ] ] ], [ [ [ 24.623035207597432, 50.893293465305923 ], [ 24.606429950856459, 50.899203877533211 ], [ 24.612799651840753, 50.907999340708244 ], [ 24.623035207597432, 50.893293465305923 ] ] ], [ [ [ 25.663691569785787, 50.890470932277879 ], [ 25.642610766773824, 50.878719920744246 ], [ 25.648990200676664, 50.885661542875432 ], [ 25.650062918946109, 50.896412830653745 ], [ 25.661575607548308, 50.897751723334444 ], [ 25.663691569785787, 50.890470932277879 ] ] ], [ [ [ 25.975856205630819, 50.936925384911888 ], [ 25.99776173383508, 50.928790794924048 ], [ 26.006263349604218, 50.92842570631273 ], [ 26.000734763482612, 50.903474283220476 ], [ 25.941251070009915, 50.9060132464517 ], [ 25.917831651639961, 50.89980782732151 ], [ 25.90857900715223, 50.893001531207162 ], [ 25.880256930991997, 50.894191796508558 ], [ 25.884591971676457, 50.908403210703398 ], [ 25.910278422484822, 50.909122313215313 ], [ 25.933701713927341, 50.915329143043955 ], [ 25.948820467594036, 50.923683642877883 ], [ 25.96168350868021, 50.937529905111418 ], [ 25.96263913630078, 50.946485119554808 ], [ 25.975856205630819, 50.936925384911888 ] ] ], [ [ [ 25.840449625786061, 51.003799919226694 ], [ 25.822297531835453, 50.99375768268748 ], [ 25.812296094742425, 50.979778271769106 ], [ 25.803597348189065, 50.978338033365965 ], [ 25.802241514276211, 50.992786632076339 ], [ 25.820203012887557, 51.001040717528497 ], [ 25.820575174315465, 51.004623525268869 ], [ 25.840449625786061, 51.003799919226694 ] ] ], [ [ [ 24.027305892049643, 51.090108387268579 ], [ 24.043819725936977, 51.080687846695909 ], [ 24.043466050589227, 51.075302224484673 ], [ 24.028748336006522, 51.068491706919112 ], [ 24.022347606207195, 51.057867869775897 ], [ 24.016650265636915, 51.058015179401572 ], [ 24.008569998395398, 51.065416707446907 ], [ 23.986238861863917, 51.073182877303076 ], [ 23.949191856049996, 51.074124189566625 ], [ 23.955463876051724, 51.082956898920528 ], [ 23.986932978655631, 51.083954686251936 ], [ 24.010201923235943, 51.090550406495687 ], [ 24.019221978118452, 51.097510683081097 ], [ 24.024924157666689, 51.097363166899981 ], [ 24.027305892049643, 51.090108387268579 ] ] ], [ [ [ 25.809617993035396, 51.091432399388019 ], [ 25.788592506895181, 51.081502996411544 ], [ 25.785192673550725, 51.076245310082186 ], [ 25.768129515341247, 51.076944111153438 ], [ 25.771342788027855, 51.080410836471515 ], [ 25.785933661968315, 51.083411197202032 ], [ 25.801269945596431, 51.09357539392807 ], [ 25.809617993035396, 51.091432399388019 ] ] ], [ [ [ 25.525762610321035, 51.109984910968258 ], [ 25.520243917563988, 51.111997738351349 ], [ 25.518097343242442, 51.11927655787904 ], [ 25.510079268990349, 51.124983451925146 ], [ 25.526815335977048, 51.120737642260721 ], [ 25.525762610321035, 51.109984910968258 ] ] ], [ [ [ 25.5102541651918, 51.126775610463234 ], [ 25.507231352856341, 51.125093472088807 ], [ 25.507406139531643, 51.126885637624952 ], [ 25.5102541651918, 51.126775610463234 ] ] ], [ [ [ 25.504558095935167, 51.126995595598238 ], [ 25.507580944143275, 51.128677802178444 ], [ 25.507406139531643, 51.126885637624952 ], [ 25.504558095935167, 51.126995595598238 ] ] ], [ [ [ 25.504907504006646, 51.130579937711602 ], [ 25.501884619943318, 51.128897662919705 ], [ 25.502059223389615, 51.130689840475718 ], [ 25.504907504006646, 51.130579937711602 ] ] ], [ [ [ 26.05318598545178, 51.176492214193452 ], [ 26.063794478619329, 51.168835439210753 ], [ 26.069491035622626, 51.168588083786709 ], [ 26.06222221823873, 51.154509850352838 ], [ 26.063497786639317, 51.140060674000608 ], [ 26.073309690615595, 51.12524049893171 ], [ 26.08939637553242, 51.115543481317616 ], [ 26.076639524830725, 51.103504765620954 ], [ 26.072027218855069, 51.087512317117742 ], [ 26.073495672019266, 51.074853767083553 ], [ 26.09122576817774, 51.054289179120424 ], [ 26.082702242661821, 51.054661105256585 ], [ 26.066438374259327, 51.062565985490579 ], [ 26.05507117011879, 51.063059395956579 ], [ 26.057614837075484, 51.086339065197109 ], [ 26.049867019303317, 51.093871736965127 ], [ 26.050453760530001, 51.099243999491371 ], [ 26.040639319192202, 51.114062341877847 ], [ 26.027388104476422, 51.123630292424551 ], [ 26.005398266104354, 51.131772719382511 ], [ 25.982820669528312, 51.134538428393093 ], [ 25.986827658252299, 51.145162313706223 ], [ 26.001451371451409, 51.148134724029333 ], [ 26.01970342563375, 51.158146081630264 ], [ 26.032657394305385, 51.171981730493584 ], [ 26.034808330421722, 51.191680237128544 ], [ 26.046011428584158, 51.189397179800963 ], [ 26.05318598545178, 51.176492214193452 ] ] ], [ [ [ 25.463489237756182, 51.175344550558428 ], [ 25.487580498518241, 51.158230977500118 ], [ 25.486709606802535, 51.149269944085653 ], [ 25.502059223389615, 51.130689840475718 ], [ 25.479967420364822, 51.138735494844923 ], [ 25.451477820459527, 51.13982545699848 ], [ 25.452341596246196, 51.14878693615259 ], [ 25.439644363793089, 51.165460405516477 ], [ 25.451219774939194, 51.166818540662348 ], [ 25.463489237756182, 51.175344550558428 ] ] ], [ [ [ 25.666784398324904, 51.17638991031356 ], [ 25.683159127368903, 51.168538121652269 ], [ 25.657328439744862, 51.167772584943449 ], [ 25.633808432466004, 51.161512686470068 ], [ 25.634888219168648, 51.172263696503173 ], [ 25.629727023686733, 51.177865428713226 ], [ 25.666784398324904, 51.17638991031356 ] ] ], [ [ [ 26.465322353224877, 51.175906855625243 ], [ 26.508023301183496, 51.173898173008467 ], [ 26.5075956467083, 51.170319356044011 ], [ 26.518338234722037, 51.164413021359799 ], [ 26.514636199500831, 51.157390089851738 ], [ 26.51840030638083, 51.141016406061617 ], [ 26.488386754917538, 51.15322992248214 ], [ 26.479850492942024, 51.153631352894799 ], [ 26.464261567500305, 51.166959166292195 ], [ 26.453299378762313, 51.171071169782337 ], [ 26.448875367440376, 51.182074731859707 ], [ 26.465322353224877, 51.175906855625243 ] ] ], [ [ [ 25.42514849449195, 51.34229866730346 ], [ 25.435901717866329, 51.334695764882014 ], [ 25.472221903764307, 51.324317611599767 ], [ 25.46901244761187, 51.320842613617259 ], [ 25.426107726445441, 51.322475037555122 ], [ 25.402535849969315, 51.316169808923107 ], [ 25.387378411173106, 51.307745543776477 ], [ 25.374573633216766, 51.293834874657755 ], [ 25.370521284046383, 51.281394715923902 ], [ 25.37184518701083, 51.265155763439267 ], [ 25.382248776119457, 51.253973057591175 ], [ 25.381736682991388, 51.248595761402129 ], [ 25.372998172239157, 51.247124331840887 ], [ 25.363273815692619, 51.265476137560114 ], [ 25.349835582950178, 51.274971223327647 ], [ 25.333026418475121, 51.279193291364891 ], [ 25.339250243602521, 51.284358790458668 ], [ 25.343972511327916, 51.303970258801073 ], [ 25.356431024841726, 51.314299471851704 ], [ 25.358473320487953, 51.335809089334269 ], [ 25.38777358729179, 51.341908437008179 ], [ 25.405977276888549, 51.352016870144709 ], [ 25.409529214524625, 51.35907831572397 ], [ 25.415254762935817, 51.35886226573615 ], [ 25.42514849449195, 51.34229866730346 ] ] ], [ [ [ 24.919386726878287, 51.338759042289311 ], [ 24.933088247793393, 51.331104715523573 ], [ 24.932780924929581, 51.327517854375898 ], [ 24.893159810502549, 51.334239209208647 ], [ 24.872966244271776, 51.333111050144581 ], [ 24.849459120878151, 51.326692835040987 ], [ 24.846295787803399, 51.323199791197055 ], [ 24.838157763454202, 51.328862802788954 ], [ 24.876132292422557, 51.336603310264088 ], [ 24.89422515096707, 51.346793787909817 ], [ 24.897546184436571, 51.352078911396937 ], [ 24.914425081709258, 51.347918133463736 ], [ 24.919386726878287, 51.338759042289311 ] ] ], [ [ [ 25.626868398436198, 51.348880447121019 ], [ 25.624157806758248, 51.322003362655757 ], [ 25.639503914059308, 51.303405514995347 ], [ 25.635921900874109, 51.296351809665566 ], [ 25.621631695405476, 51.296917879336661 ], [ 25.62235307008222, 51.304085180421851 ], [ 25.612358903138791, 51.31887168285531 ], [ 25.590916598674539, 51.334107416216334 ], [ 25.57411053382474, 51.338364120366641 ], [ 25.574468012413103, 51.341947986774656 ], [ 25.580369117978268, 51.343515847935095 ], [ 25.587167032563446, 51.354042896415258 ], [ 25.615964348771584, 51.354708361518895 ], [ 25.639582922299102, 51.360969253088861 ], [ 25.626868398436198, 51.348880447121019 ] ] ], [ [ [ 25.104074560676214, 51.380988056466876 ], [ 25.125220644878354, 51.360458746642024 ], [ 25.136514491528693, 51.358261180311942 ], [ 25.146672226898758, 51.343511896515594 ], [ 25.163035233112833, 51.333936998480787 ], [ 25.161897001978012, 51.321386542922326 ], [ 25.133443885377741, 51.324194550618941 ], [ 25.110229054342913, 51.321415510115514 ], [ 25.110871312803052, 51.328587672738216 ], [ 25.100704916178419, 51.343334057033445 ], [ 25.079076405256618, 51.358479747632757 ], [ 25.091012192600544, 51.363458897583193 ], [ 25.104074560676214, 51.380988056466876 ] ] ], [ [ [ 26.212823295864606, 51.322411066873613 ], [ 26.21914876253398, 51.327526543405988 ], [ 26.228945973353678, 51.33788430205918 ], [ 26.224455602873565, 51.323690677087363 ], [ 26.212823295864606, 51.322411066873613 ] ] ], [ [ [ 25.684342584463003, 51.377174212189502 ], [ 25.678433851212851, 51.37561180934523 ], [ 25.654984870599641, 51.371150826311428 ], [ 25.667713184814442, 51.38323619583317 ], [ 25.668443986527091, 51.390402922073967 ], [ 25.691169508048294, 51.387694429138165 ], [ 25.684342584463003, 51.377174212189502 ] ] ], [ [ [ 26.250811976973079, 51.378288130918172 ], [ 26.248143760199202, 51.355016708934151 ], [ 26.24222084366745, 51.353483289176431 ], [ 26.229150220751755, 51.339674478576036 ], [ 26.232011892537948, 51.364736830768258 ], [ 26.219345914011296, 51.379697781081049 ], [ 26.219958511817456, 51.385068351150025 ], [ 26.240190005554251, 51.38596223502757 ], [ 26.263900845053353, 51.392093960101555 ], [ 26.250811976973079, 51.378288130918172 ] ] ], [ [ [ 25.106807718732387, 51.411469571020099 ], [ 25.101073302286412, 51.411670690201703 ], [ 25.101394719257836, 51.4152567590586 ], [ 25.10712958205114, 51.415055614220641 ], [ 25.106807718732387, 51.411469571020099 ] ] ], [ [ [ 25.431906597408997, 51.412197630784476 ], [ 25.437464757758317, 51.410188079441433 ], [ 25.43711711723385, 51.406603578889445 ], [ 25.428173180655246, 51.40334481951664 ], [ 25.418538382285739, 51.392916149990306 ], [ 25.411325526995128, 51.407579051283442 ], [ 25.403072976520182, 51.411487616653005 ], [ 25.404798882284549, 51.429410889862666 ], [ 25.422001781480162, 51.428761966122316 ], [ 25.431906597408997, 51.412197630784476 ] ] ], [ [ [ 25.756767524747339, 51.410230505453562 ], [ 25.762496670066465, 51.409997326515089 ], [ 25.767665532604255, 51.40438961620503 ], [ 25.756394924167783, 51.406647612297931 ], [ 25.756767524747339, 51.410230505453562 ] ] ], [ [ [ 26.266762070154751, 51.391965048473949 ], [ 26.264106852626256, 51.393884019616365 ], [ 26.266968188440185, 51.393755099781501 ], [ 26.266762070154751, 51.391965048473949 ] ] ], [ [ [ 26.26717432795617, 51.395545149946336 ], [ 26.269829503023558, 51.393626110316667 ], [ 26.266968188440185, 51.393755099781501 ], [ 26.26717432795617, 51.395545149946336 ] ] ], [ [ [ 26.27310353953089, 51.397077117550815 ], [ 26.270035753260444, 51.395416152269227 ], [ 26.270242024742018, 51.397206193078382 ], [ 26.27310353953089, 51.397077117550815 ] ] ], [ [ [ 25.069234667967486, 51.53868710970427 ], [ 25.094306102478779, 51.528820237860536 ], [ 25.086627551395498, 51.507504674115424 ], [ 25.060128755889345, 51.501231851832053 ], [ 25.041937262374283, 51.491069409533011 ], [ 25.0291809564124, 51.477120078411737 ], [ 25.02680905270994, 51.450222347641947 ], [ 25.034627193856917, 51.440959995905956 ], [ 24.98855992405727, 51.44074021246233 ], [ 24.970719973496021, 51.434152348836037 ], [ 24.962423418969546, 51.438030694374369 ], [ 24.945206941941638, 51.438612230080537 ], [ 24.957926696052507, 51.452571557953277 ], [ 24.962040941084744, 51.466821112224061 ], [ 24.96025828708925, 51.479471538506701 ], [ 24.950011676201875, 51.494206290385669 ], [ 24.936420403410509, 51.503656790132133 ], [ 24.950632763932724, 51.501379655498276 ], [ 24.970902142812673, 51.502492729759055 ], [ 24.976961566818041, 51.505884299777613 ], [ 25.017190011740865, 51.504511300608179 ], [ 25.040811717622887, 51.510893111633493 ], [ 25.05597733272338, 51.519362007583709 ], [ 25.068754225494644, 51.533307902870789 ], [ 25.069234667967486, 51.53868710970427 ] ] ], [ [ [ 24.075404429304978, 51.597751668694819 ], [ 24.106249585540095, 51.584351430552843 ], [ 24.126294603253232, 51.58202053839414 ], [ 24.108395298950065, 51.573505413189835 ], [ 24.098776361534203, 51.559374476256195 ], [ 24.087379225104673, 51.561473344589366 ], [ 24.046820124963912, 51.55893800141704 ], [ 24.02918309297764, 51.554000498408712 ], [ 24.026780587439298, 51.561255214430183 ], [ 24.041659848339247, 51.56806284179715 ], [ 24.06038967547633, 51.589153574419534 ], [ 24.061839266268752, 51.610693784699954 ], [ 24.075404429304978, 51.597751668694819 ] ] ], [ [ [ 26.010169120727035, 51.543580632262945 ], [ 26.02027369917252, 51.530553429362072 ], [ 26.008592504963222, 51.529254779901734 ], [ 25.993255440634137, 51.520914383350664 ], [ 25.98020674336567, 51.507077232269481 ], [ 25.97577275361985, 51.492872679767174 ], [ 25.958559387867137, 51.493603477712874 ], [ 25.945380081187349, 51.504956064552374 ], [ 25.939640591456509, 51.5051984970519 ], [ 25.94693549560537, 51.51928335473059 ], [ 25.976423332639222, 51.525229680473934 ], [ 25.99175897294613, 51.533572323744202 ], [ 26.004819248937512, 51.547407848106459 ], [ 26.006198575598042, 51.559943006228373 ], [ 26.011549728952712, 51.556115695903856 ], [ 26.010169120727035, 51.543580632262945 ] ] ], [ [ [ 25.502887264482968, 51.636143971054842 ], [ 25.512980822048117, 51.621364819960704 ], [ 25.526481651776361, 51.61184970241731 ], [ 25.548788834069697, 51.603790213642206 ], [ 25.594828146966769, 51.60199349459235 ], [ 25.61857467283955, 51.608255347686779 ], [ 25.6369375945652, 51.618323542267433 ], [ 25.637303619043507, 51.621906920084463 ], [ 25.663208398945681, 51.620878701796101 ], [ 25.662840347828997, 51.617295455250947 ], [ 25.676307492358564, 51.607763881774581 ], [ 25.698584259985608, 51.599676577195225 ], [ 25.721411356301822, 51.596959672359432 ], [ 25.756490282720222, 51.600937355378854 ], [ 25.772996512900182, 51.593069802482255 ], [ 25.784500397339659, 51.592600401417513 ], [ 25.786621507841495, 51.585317628262111 ], [ 25.808298135139285, 51.571836329759591 ], [ 25.802549053236046, 51.572072269984929 ], [ 25.784170524852065, 51.562030459597707 ], [ 25.771171276609913, 51.548168740304249 ], [ 25.769857106432053, 51.535629155002191 ], [ 25.758180131343643, 51.534305353839542 ], [ 25.739826737378934, 51.524255899168601 ], [ 25.726852206053309, 51.510388581196658 ], [ 25.72064165772505, 51.478257329220497 ], [ 25.697873510049828, 51.480972624689571 ], [ 25.662891607328866, 51.476974892139296 ], [ 25.660754491860303, 51.484255876800688 ], [ 25.655198042839132, 51.486275999461647 ], [ 25.658433760934987, 51.489745159358101 ], [ 25.678523144361026, 51.488943756496113 ], [ 25.702220140396584, 51.495189916268622 ], [ 25.720553494332961, 51.505245810287938 ], [ 25.733524586168016, 51.519113920935702 ], [ 25.737886677308463, 51.533329448921222 ], [ 25.736318767675716, 51.545985893086183 ], [ 25.726314253454412, 51.560782137168367 ], [ 25.710181981485032, 51.572226079989122 ], [ 25.687920562914755, 51.580315227875744 ], [ 25.679293801319776, 51.580660227109796 ], [ 25.657206071217974, 51.59053538012558 ], [ 25.61118236869649, 51.592356278993705 ], [ 25.587445216554134, 51.586092687051405 ], [ 25.569106252783293, 51.576016110401625 ], [ 25.556166818303893, 51.562129046570789 ], [ 25.553477137120296, 51.535250278162295 ], [ 25.563533664822501, 51.520467541430968 ], [ 25.590811517916059, 51.50500967890536 ], [ 25.579326523459333, 51.505459557115593 ], [ 25.567302669367521, 51.500532613613643 ], [ 25.516153755020056, 51.507913834246573 ], [ 25.495874719987345, 51.506895546430059 ], [ 25.472197270844347, 51.500607072051444 ], [ 25.458891560967295, 51.511907706399867 ], [ 25.436611440828358, 51.519949466311253 ], [ 25.393517994422108, 51.521574429425776 ], [ 25.397774940287675, 51.535805075067636 ], [ 25.41806572927668, 51.536840104446362 ], [ 25.441755524342437, 51.543139231438488 ], [ 25.457003513956455, 51.551554068117625 ], [ 25.46991012849298, 51.565452902013384 ], [ 25.474019422559234, 51.577887910669645 ], [ 25.472553404959029, 51.592334630025888 ], [ 25.462452344594858, 51.607110507243618 ], [ 25.448938991959881, 51.616618533284111 ], [ 25.443181330736468, 51.616836999589324 ], [ 25.438474689738996, 51.627808282443588 ], [ 25.427480736373468, 51.633620592869953 ], [ 25.427830452129726, 51.63720500096931 ], [ 25.445462456729334, 51.640135153555399 ], [ 25.454807177114169, 51.646975621946531 ], [ 25.463096587740008, 51.643062597374005 ], [ 25.483082074550847, 51.640500971762968 ], [ 25.503420830024645, 51.641520026261702 ], [ 25.502887264482968, 51.636143971054842 ] ] ], [ [ [ 25.241450642405358, 51.622513140848028 ], [ 25.276009133302228, 51.621257380031643 ], [ 25.26940693198036, 51.612504450664026 ], [ 25.249922729609018, 51.620407521761194 ], [ 25.229763608960209, 51.621136795104519 ], [ 25.221623703503042, 51.626826371473953 ], [ 25.230431634594151, 51.628307497631596 ], [ 25.241450642405358, 51.622513140848028 ] ] ], [ [ [ 24.205780124938034, 51.685969363495879 ], [ 24.170502892240901, 51.677936718270821 ], [ 24.164353243251689, 51.672708118626637 ], [ 24.147157482739214, 51.674968739640477 ], [ 24.162092131473258, 51.681760035412822 ], [ 24.173766660247061, 51.683243086931277 ], [ 24.176905454464698, 51.686754555189232 ], [ 24.188581696326228, 51.688236101718566 ], [ 24.19172198345915, 51.691747145764523 ], [ 24.203399937764203, 51.693227186697953 ], [ 24.206541718218475, 51.696737806161472 ], [ 24.212317860740541, 51.696579856590056 ], [ 24.205780124938034, 51.685969363495879 ] ] ], [ [ [ 25.040280635373296, 51.667390438628551 ], [ 25.037077791914868, 51.663903553669186 ], [ 25.037397070160388, 51.667489752992488 ], [ 25.040280635373296, 51.667390438628551 ] ] ], [ [ [ 26.331820550359776, 51.653523308240239 ], [ 26.34409642439158, 51.63496994246664 ], [ 26.357419454565527, 51.625364141134398 ], [ 26.379573314338188, 51.61715064873367 ], [ 26.411195052008505, 51.615693221388874 ], [ 26.40416691712954, 51.605221348633741 ], [ 26.38202352350428, 51.613439212045918 ], [ 26.362112445116288, 51.61615232611112 ], [ 26.333152530374168, 51.615675810352258 ], [ 26.309314497791874, 51.60956187203238 ], [ 26.293896966403551, 51.60126333087895 ], [ 26.283607793292401, 51.587333448877999 ], [ 26.26882529921987, 51.58440112483332 ], [ 26.250344004560301, 51.574435650415438 ], [ 26.236790325079138, 51.55704974296107 ], [ 26.228175131736226, 51.557434944218855 ], [ 26.231058641915073, 51.582496401431776 ], [ 26.246251887726618, 51.589013686876761 ], [ 26.2594047413879, 51.602818057501565 ], [ 26.265809655599899, 51.633118722133652 ], [ 26.261926432013702, 51.64948721096173 ], [ 26.279190564941135, 51.648710243804089 ], [ 26.303045963798787, 51.654829827998036 ], [ 26.324660831426161, 51.666444630753674 ], [ 26.331681472413351, 51.676921467499049 ], [ 26.331820550359776, 51.653523308240239 ] ] ], [ [ [ 24.280818497484333, 51.723456719605402 ], [ 24.277799003269756, 51.721742839630423 ], [ 24.277928916701846, 51.723537443128869 ], [ 24.280818497484333, 51.723456719605402 ] ] ], [ [ [ 24.384494200079054, 51.754680422697383 ], [ 24.39525091218399, 51.743580199879872 ], [ 24.394577779217919, 51.734608277259547 ], [ 24.365143886942011, 51.728262650300884 ], [ 24.350031592684765, 51.719703595205345 ], [ 24.340305256734105, 51.705594706815106 ], [ 24.329279603523531, 51.713101006137478 ], [ 24.306693061590792, 51.720932463058041 ], [ 24.280818497484333, 51.723456719605402 ], [ 24.289878348522258, 51.728597866974063 ], [ 24.290139209474361, 51.732187025518897 ], [ 24.302092277911754, 51.737246136055958 ], [ 24.302354187425319, 51.740835245186211 ], [ 24.317333381869215, 51.747605923449441 ], [ 24.317728224516188, 51.752989493522989 ], [ 24.332184807361852, 51.752580108963336 ], [ 24.355847212343853, 51.7590992092222 ], [ 24.370974085211547, 51.767657212787256 ], [ 24.383751512997339, 51.783474099214281 ], [ 24.384494200079054, 51.754680422697383 ] ] ], [ [ [ 25.856388525769514, 51.751556774344309 ], [ 25.871578111532596, 51.731137012627578 ], [ 25.862154464445045, 51.724331966506554 ], [ 25.860037177761782, 51.704630112055867 ], [ 25.851196939724726, 51.703197259142115 ], [ 25.85311805474435, 51.721108280684483 ], [ 25.843117456015772, 51.735914224112229 ], [ 25.826764910565338, 51.745583718430424 ], [ 25.827339012677399, 51.750957191299335 ], [ 25.856388525769514, 51.751556774344309 ] ] ], [ [ [ 25.072372553876466, 51.76700227882813 ], [ 25.063541863449505, 51.765509769378681 ], [ 25.052465313944598, 51.771288523771169 ], [ 25.061135627388357, 51.770988835427467 ], [ 25.084904264069372, 51.777358391531777 ], [ 25.072695810793949, 51.770588258213493 ], [ 25.072372553876466, 51.76700227882813 ] ] ], [ [ [ 26.495145146842749, 51.735946687885082 ], [ 26.51112581185069, 51.724399131370056 ], [ 26.504491978752846, 51.717513046525468 ], [ 26.498730763835976, 51.717783607660053 ], [ 26.500037258268375, 51.728519198904891 ], [ 26.495145146842749, 51.735946687885082 ] ] ], [ [ [ 26.19531791878472, 51.749621841583256 ], [ 26.203557565794391, 51.745657799491653 ], [ 26.200055489961581, 51.740415381356527 ], [ 26.194288492307734, 51.740671092372921 ], [ 26.19531791878472, 51.749621841583256 ] ] ], [ [ [ 26.49536283965438, 51.737735961336888 ], [ 26.492263333513623, 51.736081808359209 ], [ 26.492480913563448, 51.737871090434261 ], [ 26.49536283965438, 51.737735961336888 ] ] ], [ [ [ 26.485138923389364, 51.749011877541328 ], [ 26.482038966275613, 51.747357467262425 ], [ 26.482256230295214, 51.749146776598401 ], [ 26.485138923389364, 51.749011877541328 ] ] ], [ [ [ 26.479373514682297, 51.749281605203834 ], [ 26.482690825893776, 51.752725391675654 ], [ 26.482256230295214, 51.749146776598401 ], [ 26.479373514682297, 51.749281605203834 ] ] ], [ [ [ 26.480618782409305, 51.783413340146922 ], [ 26.475995680762267, 51.769233658603255 ], [ 26.479807884553516, 51.752860237493195 ], [ 26.466476336266165, 51.762480184267062 ], [ 26.44693837362124, 51.768788195887936 ], [ 26.469730196121695, 51.789320328928362 ], [ 26.47103315807124, 51.800056311459471 ], [ 26.494120468905297, 51.798976599852708 ], [ 26.480618782409305, 51.783413340146922 ] ] ], [ [ [ 25.21687923930045, 51.855429456631256 ], [ 25.196614402118584, 51.856155362840589 ], [ 25.179243863586336, 51.856774795496719 ], [ 25.186034078998588, 51.867324836374735 ], [ 25.211927785474284, 51.864600446431382 ], [ 25.21687923930045, 51.855429456631256 ] ] ], [ [ [ 26.604663097798969, 51.824335914736317 ], [ 26.585787616381509, 51.812639880939912 ], [ 26.5686909185746, 51.815252765443546 ], [ 26.589561969948392, 51.819658182804083 ], [ 26.590672635136634, 51.828602978169869 ], [ 26.605108565708715, 51.827913741192354 ], [ 26.604663097798969, 51.824335914736317 ] ] ], [ [ [ 25.287745429489313, 51.958986385547213 ], [ 25.290303901989702, 51.955295642414512 ], [ 25.301908023260562, 51.954871475314583 ], [ 25.309922255397602, 51.94738304785907 ], [ 25.321351452206954, 51.945164629604577 ], [ 25.32373375232531, 51.939680868991147 ], [ 25.338233183321432, 51.939146476792445 ], [ 25.34333921835163, 51.931762965362253 ], [ 25.352037173688917, 51.931441129640078 ], [ 25.355284144168301, 51.934918283343741 ], [ 25.369607004642372, 51.932587787976843 ], [ 25.36838652165547, 51.920041993868736 ], [ 25.37858293279605, 51.905272450918751 ], [ 25.386925501131088, 51.901363687642764 ], [ 25.380432439173934, 51.894410999755657 ], [ 25.378687246143503, 51.876488564815126 ], [ 25.364208756028727, 51.877027483871252 ], [ 25.357083791712519, 51.893480674210437 ], [ 25.358299962821398, 51.906026714217582 ], [ 25.34809662078397, 51.920794649559653 ], [ 25.33446808736047, 51.930291822958424 ], [ 25.311961717653134, 51.938314712102468 ], [ 25.280061865238018, 51.939480891463177 ], [ 25.272043865714963, 51.946967368423103 ], [ 25.249517452623195, 51.95497871111165 ], [ 25.229377593429316, 51.957503795808208 ], [ 25.200194505842916, 51.956751597038625 ], [ 25.176314521609129, 51.950407970124409 ], [ 25.160977389327357, 51.941958821995733 ], [ 25.150949263768535, 51.92792449754193 ], [ 25.116478793084369, 51.93273418017511 ], [ 25.096013047378072, 51.931650642091832 ], [ 25.072160171987473, 51.92528523253025 ], [ 25.056850734772443, 51.916821872074344 ], [ 25.046860695664851, 51.902777818046779 ], [ 25.035910077220613, 51.910348684395224 ], [ 25.01319698343498, 51.916522195982111 ], [ 25.022377144585185, 51.921603984781299 ], [ 25.028176871126039, 51.921405338456644 ], [ 25.058956395474642, 51.94013052622531 ], [ 25.067659149701473, 51.939829671188981 ], [ 25.080077242432285, 51.948392133280514 ], [ 25.091846150396119, 51.949781615514922 ], [ 25.095074756363179, 51.953266345816594 ], [ 25.118122980718109, 51.950662544147093 ], [ 25.153436380026012, 51.95481585998732 ], [ 25.162639869955996, 51.959886148863106 ], [ 25.16297257410443, 51.963471603112104 ], [ 25.180551756057302, 51.96464636593543 ], [ 25.189760271217619, 51.969714414181006 ], [ 25.215712433930996, 51.966987941963978 ], [ 25.221010507497496, 51.96140186719515 ], [ 25.235518895534202, 51.960879973114999 ], [ 25.244902230129266, 51.967736133148691 ], [ 25.265386561806842, 51.968793286743654 ], [ 25.270678517334897, 51.963205106756696 ], [ 25.287745429489313, 51.958986385547213 ] ] ], [ [ [ 28.71535104955889, 45.30488478753491 ], [ 28.713985734554608, 45.276181149260623 ], [ 28.71806434174411, 45.268704836839312 ], [ 28.713013571751969, 45.269048118979534 ], [ 28.696405948206838, 45.259376662851373 ], [ 28.684369513984649, 45.245793921597617 ], [ 28.682676752584509, 45.233310162179123 ], [ 28.645776641336894, 45.243000315685585 ], [ 28.564976254591542, 45.248412723475887 ], [ 28.54548538475392, 45.255108871307726 ], [ 28.533805358994286, 45.263083435947664 ], [ 28.523700372303054, 45.263753413037641 ], [ 28.494800216448503, 45.276463053718267 ], [ 28.487219047408946, 45.276963145576161 ], [ 28.490218301127296, 45.280364875573895 ], [ 28.50056344874735, 45.281481813609922 ], [ 28.517148185354188, 45.291183731767028 ], [ 28.517622315958285, 45.294751869479605 ], [ 28.525205323691292, 45.2942496066849 ], [ 28.539419764410727, 45.286107675291916 ], [ 28.556871325474408, 45.283147841480961 ], [ 28.605838470806219, 45.287077382099319 ], [ 28.627014332537307, 45.292855937141169 ], [ 28.640853663347141, 45.300924269241804 ], [ 28.647355480224771, 45.311285162978315 ], [ 28.676959361001959, 45.303887892756599 ], [ 28.697175990999853, 45.302518997430809 ], [ 28.71535104955889, 45.30488478753491 ] ] ], [ [ [ 28.380298589266868, 45.375749408782035 ], [ 28.402618390461367, 45.370697402190643 ], [ 28.423341181848091, 45.372944433867126 ], [ 28.438295941929407, 45.370166234524383 ], [ 28.396151583337385, 45.360320072931856 ], [ 28.382327860750763, 45.352220556930689 ], [ 28.367111574738111, 45.333411119170918 ], [ 28.36225633898103, 45.315728343675076 ], [ 28.347542631322369, 45.320280593369411 ], [ 28.331453789440324, 45.333918460571802 ], [ 28.325481979170132, 45.346902046976666 ], [ 28.316282133778373, 45.354693997535399 ], [ 28.317207327521263, 45.36183345079786 ], [ 28.327566190448671, 45.362965473311981 ], [ 28.341385702241066, 45.371071995177843 ], [ 28.350609371185364, 45.383073869569813 ], [ 28.370869475517072, 45.381760986548109 ], [ 28.380298589266868, 45.375749408782035 ] ] ], [ [ [ 28.512175759235461, 45.368902915984229 ], [ 28.503633551124341, 45.362268549920444 ], [ 28.489395543672703, 45.370407525001994 ], [ 28.471912645803702, 45.373358892789525 ], [ 28.485043137645036, 45.376093804916543 ], [ 28.501655453886471, 45.385796369343787 ], [ 28.510676745611569, 45.395998800344678 ], [ 28.515895100685956, 45.377655721250157 ], [ 28.512175759235461, 45.368902915984229 ] ] ], [ [ [ 28.791176769675044, 45.429291511911252 ], [ 28.785865928070834, 45.427856076286609 ], [ 28.786112577270611, 45.429638977717914 ], [ 28.791176769675044, 45.429291511911252 ] ] ], [ [ [ 28.769864270037655, 45.441551181286904 ], [ 28.786112577270611, 45.429638977717914 ], [ 28.76560886123368, 45.429243628742327 ], [ 28.754742781993098, 45.424586970223132 ], [ 28.749924054999013, 45.426715849063655 ], [ 28.758257869465965, 45.431546062401893 ], [ 28.764798723129729, 45.441897774363362 ], [ 28.769864270037655, 45.441551181286904 ] ] ], [ [ [ 28.504121464412624, 45.481022486005706 ], [ 28.515608959821176, 45.471263854386571 ], [ 28.525512362214613, 45.468808239153262 ], [ 28.53216265642293, 45.461168147983074 ], [ 28.551723726949234, 45.454469652514675 ], [ 28.541106734556408, 45.451575569425543 ], [ 28.524467430594129, 45.441880475238875 ], [ 28.523990431328588, 45.438312485613672 ], [ 28.50752562331115, 45.468198888473403 ], [ 28.493739015424978, 45.479908212380224 ], [ 28.474398570669344, 45.488381865693178 ], [ 28.459415430048765, 45.491166691116256 ], [ 28.495880735202125, 45.495965120025147 ], [ 28.504121464412624, 45.481022486005706 ] ] ], [ [ [ 28.305805262360707, 45.5299466800533 ], [ 28.287333387289738, 45.525733637626203 ], [ 28.27324876840774, 45.515837431728713 ], [ 28.255244676293284, 45.515188771064025 ], [ 28.269095075255326, 45.523302417164913 ], [ 28.269557370162801, 45.526872418425917 ], [ 28.300044370674211, 45.544715355264039 ], [ 28.305124601534914, 45.544388815043675 ], [ 28.305805262360707, 45.5299466800533 ] ] ], [ [ [ 28.745287793575365, 45.504424709310712 ], [ 28.74250613965355, 45.502814610954061 ], [ 28.742752065236139, 45.504597673318465 ], [ 28.745287793575365, 45.504424709310712 ] ] ], [ [ [ 28.742752065236139, 45.504597673318465 ], [ 28.737680539421429, 45.504943433976834 ], [ 28.73817214540038, 45.508509596673591 ], [ 28.740708076996835, 45.508336722860619 ], [ 28.742752065236139, 45.504597673318465 ] ] ], [ [ [ 28.532880093672304, 45.561910135201956 ], [ 28.513667572282877, 45.55238384781056 ], [ 28.501600832147904, 45.538782933034533 ], [ 28.490658184863783, 45.571901894873491 ], [ 28.535039098351543, 45.577965363291888 ], [ 28.532880093672304, 45.561910135201956 ] ] ], [ [ [ 28.546852617000614, 45.627576397458043 ], [ 28.561865651130194, 45.624777980639877 ], [ 28.559695466681589, 45.608723881212818 ], [ 28.554371521043659, 45.607278290711967 ], [ 28.539260404580098, 45.59028404206736 ], [ 28.540221495048659, 45.597419573764277 ], [ 28.535619565281646, 45.601324668041698 ], [ 28.525170292927548, 45.638014229593281 ], [ 28.546852617000614, 45.627576397458043 ] ] ], [ [ [ 28.497524466887832, 45.661440543444371 ], [ 28.487108038239978, 45.660327759012816 ], [ 28.482736532400235, 45.666015339263609 ], [ 28.48258295559668, 45.684023905767894 ], [ 28.488152459477337, 45.68725659470406 ], [ 28.489261373915717, 45.676384405011582 ], [ 28.497524466887832, 45.661440543444371 ] ] ], [ [ [ 28.702881961296256, 45.735891907977837 ], [ 28.735983573891673, 45.733641731231714 ], [ 28.735240599769188, 45.728292667294646 ], [ 28.747787818338708, 45.707638462110069 ], [ 28.768206327222675, 45.688244516372109 ], [ 28.778132994366622, 45.685765049150831 ], [ 28.765972345389283, 45.672198384236715 ], [ 28.752199238193526, 45.68393886231997 ], [ 28.732837075311263, 45.692458634739012 ], [ 28.710184184026566, 45.69579889221739 ], [ 28.684245924830641, 45.693957296638708 ], [ 28.678085133696868, 45.705173267994766 ], [ 28.686864531553706, 45.731577571299951 ], [ 28.686040984480321, 45.744232522282459 ], [ 28.702881961296256, 45.735891907977837 ] ] ], [ [ [ 28.516349365363755, 45.724991136080078 ], [ 28.513321258093772, 45.721591742557592 ], [ 28.513802311249815, 45.725159643400666 ], [ 28.516349365363755, 45.724991136080078 ] ] ], [ [ [ 28.784248416200573, 45.85813732401337 ], [ 28.797551462244108, 45.842825191850366 ], [ 28.816951749718765, 45.834291634377863 ], [ 28.834802710605246, 45.833061352956889 ], [ 28.828983474063438, 45.810063627739005 ], [ 28.833613468239506, 45.788145197676791 ], [ 28.825969323897954, 45.788672322453948 ], [ 28.828480879475755, 45.806498426502451 ], [ 28.820293559302421, 45.821462018773133 ], [ 28.802151391156062, 45.838909374415515 ], [ 28.78019592144258, 45.847615447877004 ], [ 28.777093973560014, 45.862227373002305 ], [ 28.784248416200573, 45.85813732401337 ] ] ], [ [ [ 28.774542221313624, 45.862402094032461 ], [ 28.777344105194299, 45.864010176535693 ], [ 28.777093973560014, 45.862227373002305 ], [ 28.774542221313624, 45.862402094032461 ] ] ], [ [ [ 28.777649981820375, 45.939586866009513 ], [ 28.785611673243018, 45.922841783650632 ], [ 28.780251944339291, 45.921409132985879 ], [ 28.768031446232996, 45.907846074866193 ], [ 28.763727092993367, 45.895540810756167 ], [ 28.754706434062363, 45.923156234085383 ], [ 28.755456343786513, 45.928504868393361 ], [ 28.763621506920561, 45.931546918543297 ], [ 28.764372493182684, 45.936895431427295 ], [ 28.7597624181426, 45.940810395191178 ], [ 28.756903235785934, 45.957205276155634 ], [ 28.777854177033635, 45.959372403479591 ], [ 28.776803873297222, 45.970244086578582 ], [ 28.787281865061722, 45.971326125712828 ], [ 28.781414839303682, 45.966328351787404 ], [ 28.777101305018352, 45.954024083581551 ], [ 28.777649981820375, 45.939586866009513 ] ] ], [ [ [ 28.001799607019816, 49.914339880251021 ], [ 27.998776187096688, 49.912722854899435 ], [ 27.999035780189867, 49.914507548253333 ], [ 28.001799607019816, 49.914339880251021 ] ] ], [ [ [ 27.999295399251032, 49.916292240063697 ], [ 27.99627192739193, 49.914675150794693 ], [ 27.996531445978828, 49.916459853133077 ], [ 27.999295399251032, 49.916292240063697 ] ] ], [ [ [ 26.823583673866793, 50.244309369826489 ], [ 26.811116925017817, 50.23413733086489 ], [ 26.808064767208442, 50.209094604405159 ], [ 26.777402918716955, 50.210628496746615 ], [ 26.77848680717015, 50.219572839485373 ], [ 26.787285267201977, 50.222732848364117 ], [ 26.800179452840862, 50.23648532792599 ], [ 26.803012371330549, 50.259739512237935 ], [ 26.824458691845038, 50.251464218326824 ], [ 26.823583673866793, 50.244309369826489 ] ] ], [ [ [ 28.441494227787757, 50.14252105494991 ], [ 28.423460868309792, 50.134677715814135 ], [ 28.417913016280465, 50.135034208921567 ], [ 28.402383155718532, 50.125226083985631 ], [ 28.396836130696204, 50.125581521760765 ], [ 28.403482528567423, 50.150366379783179 ], [ 28.417911565529685, 50.153042119329044 ], [ 28.433454084904408, 50.162847602573606 ], [ 28.444555721419036, 50.162132581853321 ], [ 28.441494227787757, 50.14252105494991 ] ] ], [ [ [ 27.074657152124715, 50.276406613890821 ], [ 27.05956843136957, 50.268197828760776 ], [ 27.05262464819495, 50.257761856285271 ], [ 27.047046760892403, 50.258053279850586 ], [ 27.042376870886226, 50.265496437744666 ], [ 27.046302427437158, 50.274290781591361 ], [ 27.058145119911124, 50.279071433018615 ], [ 27.074657152124715, 50.276406613890821 ] ] ], [ [ [ 29.586289488927072, 50.536860090821953 ], [ 29.598282728646812, 50.525156984278524 ], [ 29.58647774278322, 50.522430931188943 ], [ 29.584989054072945, 50.52974911073958 ], [ 29.575131484893678, 50.537688510854871 ], [ 29.586939902838346, 50.54041556846061 ], [ 29.586289488927072, 50.536860090821953 ] ] ], [ [ [ 27.179873218297676, 50.717225157614713 ], [ 27.176821927584491, 50.715587521938609 ], [ 27.177057778921064, 50.717374930864182 ], [ 27.179873218297676, 50.717225157614713 ] ] ], [ [ [ 26.725551369403519, 50.85028118214148 ], [ 26.722505990173655, 50.848631392707382 ], [ 26.722725590926323, 50.850420240045977 ], [ 26.725551369403519, 50.85028118214148 ] ] ], [ [ [ 27.804565896042945, 50.995560577855578 ], [ 27.828707315065113, 50.985143048205138 ], [ 27.868295910650591, 50.982811143383444 ], [ 27.875983777181514, 50.976955221029471 ], [ 27.872097778921741, 50.969983012474991 ], [ 27.853816980137051, 50.96205982032437 ], [ 27.840404458169743, 50.948446090198331 ], [ 27.839614877516659, 50.943091156797983 ], [ 27.828838856353354, 50.947325672128507 ], [ 27.809058658580973, 50.948486031715589 ], [ 27.799063467988613, 50.958073251344473 ], [ 27.780060577995414, 50.964584333765529 ], [ 27.791418342482061, 50.983726150404415 ], [ 27.791731122128041, 51.005313082478956 ], [ 27.804565896042945, 50.995560577855578 ] ] ], [ [ [ 27.607000190529234, 51.010552213612655 ], [ 27.621685973962318, 50.993514480463148 ], [ 27.609602733692395, 50.988800883579529 ], [ 27.602925828571362, 50.981978988329196 ], [ 27.607000190529234, 51.010552213612655 ] ] ], [ [ [ 27.604169396353555, 51.010712956586538 ], [ 27.607509953550267, 51.0141238403641 ], [ 27.607000190529234, 51.010552213612655 ], [ 27.604169396353555, 51.010712956586538 ] ] ], [ [ [ 27.605188597344021, 51.017856244939587 ], [ 27.60184791014732, 51.014445298800965 ], [ 27.602357348066914, 51.018016960397176 ], [ 27.605188597344021, 51.017856244939587 ] ] ], [ [ [ 27.792254974543443, 51.008883358534938 ], [ 27.788901719346242, 51.005478288000504 ], [ 27.789425357629167, 51.00904858497244 ], [ 27.792254974543443, 51.008883358534938 ] ] ], [ [ [ 27.602866889971377, 51.021588616126714 ], [ 27.599526072793584, 51.018177607614916 ], [ 27.600035400072564, 51.021749283693126 ], [ 27.602866889971377, 51.021588616126714 ] ] ], [ [ [ 27.789949102737282, 51.012618875870423 ], [ 27.78659571400858, 51.009213743265043 ], [ 27.787119244934342, 51.012784055073688 ], [ 27.789949102737282, 51.012618875870423 ] ] ], [ [ [ 27.036732754220441, 51.232314563643527 ], [ 27.046241533493031, 51.217422886072534 ], [ 27.059296325751266, 51.207745739523155 ], [ 27.081117412307119, 51.199409969422177 ], [ 27.10933134103497, 51.196134843250086 ], [ 27.132566100343073, 51.198514674425141 ], [ 27.131613421448115, 51.191365021500253 ], [ 27.141560255312964, 51.180041657166306 ], [ 27.130411510282659, 51.16082925284865 ], [ 27.131113779768679, 51.144592847737975 ], [ 27.140575689461308, 51.129695018244682 ], [ 27.156187987503433, 51.118071350841802 ], [ 27.167308312356813, 51.115683182920229 ], [ 27.164205246528955, 51.092447921572322 ], [ 27.173647001496789, 51.077548076963645 ], [ 27.189234092122998, 51.065920821321264 ], [ 27.210964764107384, 51.05756373899986 ], [ 27.236245419168053, 51.054412362116445 ], [ 27.256335218063949, 51.055134529130029 ], [ 27.279988796708718, 51.061061170889161 ], [ 27.292547472225053, 51.06938333292743 ], [ 27.312399768603992, 51.068308679777296 ], [ 27.334984022347417, 51.045480948894571 ], [ 27.356922113806533, 51.038884604647372 ], [ 27.344745462493297, 51.012547639430025 ], [ 27.350302820453017, 50.990643385920677 ], [ 27.33736918575719, 51.000348981022171 ], [ 27.315689401143523, 51.008727955519554 ], [ 27.307192382502617, 51.009188788903742 ], [ 27.302257026106695, 51.014856344435039 ], [ 27.280563741210134, 51.023229224017356 ], [ 27.255303809112458, 51.02638954038386 ], [ 27.235226536529439, 51.02566676041026 ], [ 27.22907801701065, 51.022395947961996 ], [ 27.197906864885169, 51.02405988190209 ], [ 27.174281703464317, 51.018115526354897 ], [ 27.155853968367609, 51.008291806917583 ], [ 27.142625406177377, 50.994591139794366 ], [ 27.138838431832109, 50.96599194008332 ], [ 27.14826626228573, 50.951094620592947 ], [ 27.161228445375539, 50.941409148897797 ], [ 27.182908215126368, 50.93305906439889 ], [ 27.222503743693398, 50.930947685067231 ], [ 27.216130071323388, 50.925888499610473 ], [ 27.211390950634872, 50.911741776208558 ], [ 27.212546058155823, 50.899080169849313 ], [ 27.22193802666223, 50.884178104219934 ], [ 27.234866695999223, 50.874485565604537 ], [ 27.25650188125498, 50.866123273644014 ], [ 27.27602821445711, 50.863270755113362 ], [ 27.275305701810698, 50.857909670068871 ], [ 27.239029430208625, 50.841862200492109 ], [ 27.231039473619944, 50.845890771392021 ], [ 27.211516920829567, 50.848735571852032 ], [ 27.18563283738975, 50.846515792583681 ], [ 27.177637177221044, 50.850540877768765 ], [ 27.163519590644345, 50.851290199071947 ], [ 27.176472590607304, 50.863202469293448 ], [ 27.180506233072055, 50.893587486994463 ], [ 27.17109904658383, 50.90848672035451 ], [ 27.158147613231563, 50.918172927076121 ], [ 27.136469712220698, 50.926518316440678 ], [ 27.09121426690934, 50.928896739988559 ], [ 27.067650447328788, 50.922928567628574 ], [ 27.049283376372696, 50.913085846320527 ], [ 27.036114762085901, 50.899370986341609 ], [ 27.033564202745843, 50.879704850137358 ], [ 27.026475090910552, 50.890871538434141 ], [ 27.013496751397476, 50.900542488293226 ], [ 26.991798563830496, 50.908861502786273 ], [ 26.980486526530289, 50.909443583460856 ], [ 27.012749667494059, 50.91677972745947 ], [ 27.028050252135788, 50.92498720061139 ], [ 27.041224470183266, 50.938702781282949 ], [ 27.045682946323041, 50.951070295332315 ], [ 27.044947830568518, 50.967307322702204 ], [ 27.03548323173116, 50.982197474479698 ], [ 27.030051265919688, 50.98427888609438 ], [ 27.033075366253048, 51.007520399817388 ], [ 27.023599741167953, 51.022409944466077 ], [ 27.012957177178084, 51.028359620519403 ], [ 27.012211626324646, 51.044596771012507 ], [ 27.002722547452738, 51.059485052122653 ], [ 26.994674704961543, 51.063499250483233 ], [ 27.016163857228605, 51.074990160177741 ], [ 27.02938117859328, 51.088705608018493 ], [ 27.033854396594297, 51.101073053315837 ], [ 27.032883510198708, 51.115522272150166 ], [ 27.023388582194997, 51.130412421277391 ], [ 27.004895272118915, 51.142165995995711 ], [ 27.010067754635568, 51.159897870725551 ], [ 27.004100659642077, 51.180003744829946 ], [ 27.013567786904737, 51.186715162253115 ], [ 27.018048546583842, 51.199082946316814 ], [ 27.014460515435221, 51.215466812533897 ], [ 27.022729170277206, 51.234838503370575 ], [ 27.023162045062204, 51.260014247425389 ], [ 27.039787096466014, 51.255554801917192 ], [ 27.036732754220441, 51.232314563643527 ] ] ], [ [ [ 27.787642882671076, 51.016354360810517 ], [ 27.784289360428652, 51.012949166122056 ], [ 27.784812783933145, 51.016519492764232 ], [ 27.787642882671076, 51.016354360810517 ] ] ], [ [ [ 27.782505974515121, 51.020254898025634 ], [ 27.784812783933145, 51.016519492764232 ], [ 27.781982658496034, 51.016684556553024 ], [ 27.782505974515121, 51.020254898025634 ] ] ], [ [ [ 27.600035400072564, 51.021749283693126 ], [ 27.584824869960553, 51.035213102720235 ], [ 27.579159997383144, 51.035533556075777 ], [ 27.579414022697012, 51.037319462943486 ], [ 27.599496177586524, 51.037982444342923 ], [ 27.600035400072564, 51.021749283693126 ] ] ], [ [ [ 26.872083100187279, 51.132735377943717 ], [ 26.882539886155246, 51.12500900546673 ], [ 26.888223249029569, 51.124721984163209 ], [ 26.884347906615073, 51.094321774476271 ], [ 26.893882151795438, 51.079441708735693 ], [ 26.901941987509023, 51.075434107945448 ], [ 26.88070667876336, 51.065709474046606 ], [ 26.86753924653193, 51.051975477794024 ], [ 26.863115845116109, 51.039600001905519 ], [ 26.86391385822051, 51.023362105467861 ], [ 26.87344207147779, 51.008483890410922 ], [ 26.884099252771307, 51.002546531570346 ], [ 26.885798152458069, 50.993461854132164 ], [ 26.863580562068336, 50.998182442306451 ], [ 26.837622815045755, 50.995887354204221 ], [ 26.837265833670397, 51.015702261388647 ], [ 26.827274365927895, 51.027001009434791 ], [ 26.837134712781854, 51.037305572944852 ], [ 26.842002524640112, 51.053259088100774 ], [ 26.840745396615663, 51.065920249449569 ], [ 26.830970521348277, 51.07900800873054 ], [ 26.83687458085808, 51.080512091437463 ], [ 26.850042010120621, 51.094249555735878 ], [ 26.853668006019479, 51.122863291839572 ], [ 26.846048864415422, 51.130444682250975 ], [ 26.852413755543626, 51.135524463879811 ], [ 26.857072776155018, 51.149688373060705 ], [ 26.862759430091, 51.149402491344368 ], [ 26.872083100187279, 51.132735377943717 ] ] ], [ [ [ 27.782505974515121, 51.020254898025634 ], [ 27.77710669872673, 51.022370052227814 ], [ 27.777368209130792, 51.024155240063131 ], [ 27.783029397316696, 51.023825233430713 ], [ 27.782505974515121, 51.020254898025634 ] ] ], [ [ [ 27.576835383873625, 51.03926551287762 ], [ 27.57374883152232, 51.03763966341419 ], [ 27.574002667875064, 51.039425589103502 ], [ 27.576835383873625, 51.03926551287762 ] ] ], [ [ [ 26.664319088935436, 51.141216902606232 ], [ 26.680060096566571, 51.129653303512114 ], [ 26.673494448774054, 51.122774568931746 ], [ 26.651190793427734, 51.127457194029724 ], [ 26.664319088935436, 51.141216902606232 ] ] ], [ [ [ 29.029261180585888, 51.047059463293905 ], [ 29.02612751420509, 51.045474582961269 ], [ 29.026437185822587, 51.047254709770215 ], [ 29.029261180585888, 51.047059463293905 ] ] ], [ [ [ 27.358727566659994, 51.155792906635078 ], [ 27.330561231930066, 51.159126960589674 ], [ 27.328456188266845, 51.164641589024768 ], [ 27.348594235626095, 51.165346086186382 ], [ 27.372315858475339, 51.171251507628376 ], [ 27.358727566659994, 51.155792906635078 ] ] ], [ [ [ 27.372563124505273, 51.173038105706489 ], [ 27.375157779909006, 51.171096035973171 ], [ 27.372315858475339, 51.171251507628376 ], [ 27.372563124505273, 51.173038105706489 ] ] ], [ [ [ 27.378247158944134, 51.172727073967671 ], [ 27.375652554195284, 51.174669210996164 ], [ 27.37849466720796, 51.174513650907528 ], [ 27.378247158944134, 51.172727073967671 ] ] ], [ [ [ 27.378742200813527, 51.176300226437036 ], [ 27.381336754878898, 51.174358022111448 ], [ 27.37849466720796, 51.174513650907528 ], [ 27.378742200813527, 51.176300226437036 ] ] ], [ [ [ 27.384426567728287, 51.175988880390626 ], [ 27.381832064374983, 51.177931152015326 ], [ 27.384674343626298, 51.17777543475993 ], [ 27.384426567728287, 51.175988880390626 ] ] ], [ [ [ 27.384922144894645, 51.179561987717207 ], [ 27.387516597507268, 51.177619648791413 ], [ 27.384674343626298, 51.17777543475993 ], [ 27.384922144894645, 51.179561987717207 ] ] ], [ [ [ 28.5036090084729, 51.118220586016221 ], [ 28.492571286121766, 51.120733418726495 ], [ 28.487486624839914, 51.124663042838982 ], [ 28.496273718201941, 51.125897953068879 ], [ 28.5036090084729, 51.118220586016221 ] ] ], [ [ [ 27.44760935059816, 51.197711869391298 ], [ 27.434487453525975, 51.185836014381877 ], [ 27.414589436736602, 51.186933185583996 ], [ 27.387764507255049, 51.179406191866605 ], [ 27.401121367495186, 51.19307429836649 ], [ 27.406203518636758, 51.208996356259554 ], [ 27.422518934109853, 51.202697830536337 ], [ 27.442423431051342, 51.201599070179626 ], [ 27.44760935059816, 51.197711869391298 ] ] ], [ [ [ 27.450953545526733, 51.201127141605923 ], [ 27.447859762316451, 51.199498195349442 ], [ 27.448110199681899, 51.201284519877966 ], [ 27.450953545526733, 51.201127141605923 ] ] ], [ [ [ 28.785870241261975, 51.162703416121708 ], [ 28.782735938407562, 51.161111941741787 ], [ 28.78303751875017, 51.162893084666884 ], [ 28.785870241261975, 51.162703416121708 ] ] ], [ [ [ 27.884372347382396, 51.22493085983384 ], [ 27.869359716153507, 51.220415631946629 ], [ 27.865009322694949, 51.229674740274774 ], [ 27.884372347382396, 51.22493085983384 ] ] ], [ [ [ 26.806863461877146, 51.296177084585992 ], [ 26.818178051142411, 51.27221722452871 ], [ 26.812475796055853, 51.272501421566034 ], [ 26.812928693661579, 51.276078286932417 ], [ 26.78884439276619, 51.289873469007972 ], [ 26.806863461877146, 51.296177084585992 ] ] ], [ [ [ 28.552209078718612, 51.205129665926314 ], [ 28.536561703010126, 51.197138772686202 ], [ 28.530888683633059, 51.197506139069631 ], [ 28.518456379155101, 51.209116796856534 ], [ 28.507398272123972, 51.211631902061733 ], [ 28.505143506785526, 51.215379526702279 ], [ 28.542032465713916, 51.212994282409227 ], [ 28.552795428518447, 51.208693855360643 ], [ 28.552209078718612, 51.205129665926314 ] ] ], [ [ [ 28.322065874994237, 51.290074117212043 ], [ 28.343669940880698, 51.281510003336514 ], [ 28.363569692881487, 51.280253336596019 ], [ 28.377208636108776, 51.275788085756915 ], [ 28.381169840823379, 51.264731153259923 ], [ 28.393939614903314, 51.25491591666789 ], [ 28.415512955122228, 51.246339662917883 ], [ 28.43539428654406, 51.2450714057547 ], [ 28.462343410461173, 51.234341531381574 ], [ 28.472248499992858, 51.224700727510509 ], [ 28.42966626092981, 51.227426962105753 ], [ 28.40580212264198, 51.221743914251505 ], [ 28.402388211275539, 51.218359116721231 ], [ 28.393872111053234, 51.218900463600114 ], [ 28.388768540504397, 51.222826539871832 ], [ 28.36066284392135, 51.226408313799347 ], [ 28.356698988581265, 51.237464625983421 ], [ 28.343925303027586, 51.247275903113263 ], [ 28.322336791312765, 51.255839427856387 ], [ 28.271468349638806, 51.260828185352231 ], [ 28.283969988737216, 51.26725039183367 ], [ 28.297611190115408, 51.280803554332408 ], [ 28.300737864673795, 51.30041762705352 ], [ 28.314674400827105, 51.297742296810739 ], [ 28.322065874994237, 51.290074117212043 ] ] ], [ [ [ 26.819832429135694, 51.353122065750327 ], [ 26.823598618800673, 51.360133161242587 ], [ 26.835708689350447, 51.364927717154863 ], [ 26.82908385807464, 51.358059723409781 ], [ 26.827945324730177, 51.349117933195728 ], [ 26.822233629089794, 51.349402908066708 ], [ 26.819832429135694, 51.353122065750327 ] ] ], [ [ [ 26.836164894532747, 51.36850437783108 ], [ 26.838565445689518, 51.364784905346802 ], [ 26.835708689350447, 51.364927717154863 ], [ 26.836164894532747, 51.36850437783108 ] ] ], [ [ [ 26.842335563756894, 51.371795267740062 ], [ 26.839021871097881, 51.368361547859408 ], [ 26.839478390401233, 51.371938185266245 ], [ 26.842335563756894, 51.371795267740062 ] ] ], [ [ [ 27.207297662230051, 51.412359408995847 ], [ 27.237999173440652, 51.405322982501389 ], [ 27.261100634681288, 51.405886340555298 ], [ 27.25742847577142, 51.379082514494037 ], [ 27.266890269197603, 51.364174429644279 ], [ 27.279935430735865, 51.354472847816176 ], [ 27.301780317138746, 51.346094832805015 ], [ 27.350279795540573, 51.34346521006966 ], [ 27.374095931191295, 51.34936699045744 ], [ 27.389607812796982, 51.357519231209423 ], [ 27.39346009481865, 51.364508812130332 ], [ 27.39916756626203, 51.364195937397405 ], [ 27.401021001875574, 51.356893640715171 ], [ 27.414034422471332, 51.347178119128216 ], [ 27.435849125676263, 51.338775964231232 ], [ 27.464114804491132, 51.335412836685876 ], [ 27.499092508598867, 51.338869867387473 ], [ 27.517580864856011, 51.307234024335813 ], [ 27.530555196760012, 51.297506846130901 ], [ 27.541695381695877, 51.295082095296841 ], [ 27.53940214619815, 51.279008372311914 ], [ 27.546670201100348, 51.269599116136241 ], [ 27.54097612029646, 51.269918757737017 ], [ 27.541485502017814, 51.273490700672198 ], [ 27.528519941047101, 51.283218785600532 ], [ 27.506749359339704, 51.291636772016126 ], [ 27.469715310666615, 51.293697520247534 ], [ 27.47047177533295, 51.29905617145895 ], [ 27.461089376287369, 51.313978017696854 ], [ 27.445495748807634, 51.325642002424992 ], [ 27.423689027529292, 51.334045689381576 ], [ 27.380910630057581, 51.336393493829668 ], [ 27.357100639624527, 51.330492897862804 ], [ 27.347554200729888, 51.323812274116158 ], [ 27.331185870371566, 51.330102093931792 ], [ 27.288403457227105, 51.332415986984053 ], [ 27.26460588148246, 51.326496020284054 ], [ 27.258169049163055, 51.321441344879609 ], [ 27.23632685254351, 51.329811074972142 ], [ 27.216601543433143, 51.332663739609657 ], [ 27.187831200824444, 51.33239302999332 ], [ 27.175696316523574, 51.327635972764561 ], [ 27.14170222515391, 51.331230169611253 ], [ 27.140287155783895, 51.342104369375242 ], [ 27.149808798451623, 51.348802833339761 ], [ 27.154345476990677, 51.361163445147895 ], [ 27.153654695528125, 51.377399565848798 ], [ 27.144152788740918, 51.392299764893863 ], [ 27.122973856242833, 51.406012050467432 ], [ 27.148933898012562, 51.406447757075185 ], [ 27.172761054855147, 51.412390404266603 ], [ 27.188503942160818, 51.422357026931692 ], [ 27.207297662230051, 51.412359408995847 ] ] ], [ [ [ 27.688303847916828, 51.355177912061919 ], [ 27.685713410759895, 51.357126827410205 ], [ 27.688565030407755, 51.356963325189405 ], [ 27.688303847916828, 51.355177912061919 ] ] ], [ [ [ 27.717866738440975, 51.360680424414596 ], [ 27.750815346559666, 51.369580512497812 ], [ 27.74923342665258, 51.358869406621423 ], [ 27.754408582346681, 51.354968894501617 ], [ 27.755940774135766, 51.345877903996971 ], [ 27.73703845287454, 51.354173225910841 ], [ 27.688565030407755, 51.356963325189405 ], [ 27.697904420842555, 51.361828541184629 ], [ 27.717866738440975, 51.360680424414596 ] ] ], [ [ [ 27.120355537791436, 51.40794926792303 ], [ 27.117258157702697, 51.406311639852397 ], [ 27.117497566062294, 51.408099037449972 ], [ 27.120355537791436, 51.40794926792303 ] ] ], [ [ [ 27.089631563424998, 51.414955386277903 ], [ 27.086534720659795, 51.413316922947907 ], [ 27.086772990786024, 51.415104420975617 ], [ 27.089631563424998, 51.414955386277903 ] ] ], [ [ [ 26.830087566097713, 51.433598140547815 ], [ 26.824137176216162, 51.432095203958653 ], [ 26.824365363459734, 51.433883551302173 ], [ 26.830087566097713, 51.433598140547815 ] ] ], [ [ [ 26.793799689215479, 51.442602112480273 ], [ 26.787849148998042, 51.441097327125668 ], [ 26.78807599232406, 51.442885787009828 ], [ 26.793799689215479, 51.442602112480273 ] ] ], [ [ [ 27.421969573974668, 51.42414918774822 ], [ 27.41525024982348, 51.41731795002503 ], [ 27.416254892838829, 51.424463432209514 ], [ 27.421969573974668, 51.42414918774822 ] ] ], [ [ [ 27.794260958517889, 51.410269228023076 ], [ 27.791140960044444, 51.408650406699998 ], [ 27.791406646949074, 51.410435424451926 ], [ 27.794260958517889, 51.410269228023076 ] ] ], [ [ [ 27.338218542255284, 51.52593256469401 ], [ 27.308584112376131, 51.520335911602515 ], [ 27.293027754598349, 51.512174370229197 ], [ 27.279353784768183, 51.496709418781833 ], [ 27.230685193570459, 51.499315125524419 ], [ 27.20680502607183, 51.493386116182265 ], [ 27.191275411439374, 51.485210090800898 ], [ 27.190789529748919, 51.481635838153629 ], [ 27.180310691940321, 51.489390635899937 ], [ 27.158375043882685, 51.497748832775542 ], [ 27.138571887191187, 51.500590847213694 ], [ 27.115421734711955, 51.500004762062105 ], [ 27.09155425541913, 51.494051702143153 ], [ 27.072942415555929, 51.484221010020789 ], [ 27.059587983310205, 51.47051514561258 ], [ 27.054588533398782, 51.454575285073226 ], [ 27.055788034521438, 51.441913842866285 ], [ 27.065328371040739, 51.427019613791423 ], [ 27.083914393630092, 51.415253386265107 ], [ 27.060807457026165, 51.41465502660337 ], [ 27.036991776918569, 51.408689084714339 ], [ 27.021520854758379, 51.400488508073991 ], [ 27.008207969972474, 51.386775383061774 ], [ 27.004451380423788, 51.358170958723179 ], [ 26.992561028859569, 51.355182261193853 ], [ 26.974206924259985, 51.368721844779479 ], [ 26.952286531110413, 51.377040733503129 ], [ 26.938001626062839, 51.377768083919626 ], [ 26.927268566368213, 51.383712815075974 ], [ 26.907496758099509, 51.386514537977831 ], [ 26.881546056884815, 51.386024682229873 ], [ 26.85776609205551, 51.380020937481198 ], [ 26.85753704212004, 51.378232680414058 ], [ 26.854679545733394, 51.378375981306561 ], [ 26.854450629524035, 51.37658771384568 ], [ 26.851593219758396, 51.376730936231183 ], [ 26.851364437252869, 51.374942658382444 ], [ 26.848507114114607, 51.375085802269012 ], [ 26.848278465290601, 51.373297514038278 ], [ 26.845421228786083, 51.373440579434003 ], [ 26.845192713621298, 51.371652280827078 ], [ 26.842335563756894, 51.371795267740062 ], [ 26.853424327302498, 51.391037112942804 ], [ 26.852626817935182, 51.407274771632927 ], [ 26.843019248552981, 51.422153675191261 ], [ 26.829859157771178, 51.431809811362434 ], [ 26.855836312374269, 51.432310349857246 ], [ 26.879643866010252, 51.438313602456525 ], [ 26.898196918519375, 51.448177045590114 ], [ 26.911497184048404, 51.461903133742716 ], [ 26.915983791615147, 51.474274593378674 ], [ 26.914977366809577, 51.488723863425939 ], [ 26.905375566364587, 51.503607695684067 ], [ 26.889572772858177, 51.515203649059337 ], [ 26.867567261192619, 51.52350925797036 ], [ 26.821699959861125, 51.525802199790995 ], [ 26.797852401422546, 51.519788363612562 ], [ 26.782382667855885, 51.511556007063248 ], [ 26.76910445897418, 51.497814518762382 ], [ 26.763975732371922, 51.480070717554604 ], [ 26.765256337021903, 51.467409794917955 ], [ 26.774898141762026, 51.452536261358048 ], [ 26.78807599232406, 51.442885787009828 ], [ 26.747556936974075, 51.441286542193062 ], [ 26.731283227326713, 51.449284497607394 ], [ 26.714107461198513, 51.450125606332179 ], [ 26.733531264614751, 51.467170797942345 ], [ 26.73713294682997, 51.495788617875121 ], [ 26.743314854352118, 51.499084395127014 ], [ 26.747760722254792, 51.511463566170498 ], [ 26.747378693970177, 51.531278690829154 ], [ 26.742094972428994, 51.53513759595743 ], [ 26.745258494300831, 51.560177538235081 ], [ 26.752508363643891, 51.549023164915745 ], [ 26.765717496545108, 51.539374281968449 ], [ 26.787750586589965, 51.531087053073797 ], [ 26.810460601625643, 51.528161007159817 ], [ 26.851517816658017, 51.533312368016091 ], [ 26.853924693077659, 51.529592395606265 ], [ 26.875935758592998, 51.521289188922474 ], [ 26.895767814130739, 51.518490919580202 ], [ 26.924659986631692, 51.518829971672666 ], [ 26.942555688244898, 51.523321023863119 ], [ 26.95285024632074, 51.513798146176349 ], [ 26.974834306459424, 51.505477120784612 ], [ 26.994652072181431, 51.502662479474239 ], [ 27.020668451174771, 51.503124980735102 ], [ 27.044532717094736, 51.509092669795685 ], [ 27.063149422636766, 51.51892773964623 ], [ 27.07341556768878, 51.530994096958601 ], [ 27.104219272473472, 51.523989648880303 ], [ 27.127381708478822, 51.524577556795506 ], [ 27.151269623034214, 51.530522596459988 ], [ 27.16394276699252, 51.538854814838842 ], [ 27.171084684534637, 51.527678029439599 ], [ 27.184195068894333, 51.517985033520056 ], [ 27.206135000107487, 51.509621831357379 ], [ 27.225936832442088, 51.506768371260186 ], [ 27.251953423459415, 51.507179197770462 ], [ 27.275846075513993, 51.513098524536751 ], [ 27.29451130121479, 51.522894960660572 ], [ 27.307950935390735, 51.536570958445914 ], [ 27.308943065839394, 51.543717788766124 ], [ 27.319907571470083, 51.539525138997867 ], [ 27.339962673415322, 51.538438792739804 ], [ 27.338218542255284, 51.52593256469401 ] ] ], [ [ [ 27.47370020891541, 51.484299544351536 ], [ 27.450053912552743, 51.48020730029581 ], [ 27.434488210425467, 51.472064993217316 ], [ 27.421032596034479, 51.458404160628454 ], [ 27.419271302985912, 51.445899741727665 ], [ 27.413302587418141, 51.44442757724557 ], [ 27.411951409666056, 51.455302832530116 ], [ 27.421536055685003, 51.461976838880553 ], [ 27.424558990925881, 51.483412788275359 ], [ 27.451319408061188, 51.489138441026846 ], [ 27.457802047783428, 51.49418081316346 ], [ 27.47370020891541, 51.484299544351536 ] ] ], [ [ [ 27.637502812654965, 51.480504228663875 ], [ 27.661423942696739, 51.486343350691186 ], [ 27.677032570448173, 51.494453734632849 ], [ 27.684327006827431, 51.504838789663552 ], [ 27.690048656271472, 51.504511118627057 ], [ 27.694981752295551, 51.498827139918014 ], [ 27.712143742436211, 51.497841816299257 ], [ 27.719933194768377, 51.491992456169839 ], [ 27.725652817526562, 51.49166310647572 ], [ 27.743554103296781, 51.476226854368718 ], [ 27.760440787890463, 51.473449620858098 ], [ 27.76981237103028, 51.47830789190575 ], [ 27.769343313361141, 51.494539367946089 ], [ 27.781846455035438, 51.501015660878814 ], [ 27.782645145208445, 51.506370728528196 ], [ 27.792292750782334, 51.513011856562315 ], [ 27.794086395982063, 51.505705504570273 ], [ 27.809643706614878, 51.4939960733277 ], [ 27.826264123412841, 51.489424318622049 ], [ 27.812689611713736, 51.475813238265893 ], [ 27.807162263552119, 51.458130671852416 ], [ 27.808151978680506, 51.44546941191598 ], [ 27.827526359116952, 51.420930697977305 ], [ 27.823336436453339, 51.412173260238355 ], [ 27.806210483020749, 51.413173676339184 ], [ 27.805944193630012, 51.411388714460841 ], [ 27.800235542630887, 51.411721612333558 ], [ 27.799969499718301, 51.409936627784084 ], [ 27.794260958517889, 51.410269228023076 ], [ 27.793533125213465, 51.424715511330056 ], [ 27.784236814677207, 51.439660269622316 ], [ 27.771281618445457, 51.449415092100608 ], [ 27.749483597510856, 51.457879604052145 ], [ 27.721433807855902, 51.463099148758268 ], [ 27.695448033902188, 51.462792179617296 ], [ 27.671535834878689, 51.456959739646948 ], [ 27.655941588526591, 51.448848109245908 ], [ 27.652041581916588, 51.441868956280594 ], [ 27.637235748577581, 51.439111134196693 ], [ 27.636458393195898, 51.453558200238298 ], [ 27.62710434888384, 51.468492447366444 ], [ 27.608646210798767, 51.480340793575834 ], [ 27.637502812654965, 51.480504228663875 ] ] ], [ [ [ 27.602926638855628, 51.48066438640992 ], [ 27.608905453680144, 51.482126458166526 ], [ 27.608646210798767, 51.480340793575834 ], [ 27.602926638855628, 51.48066438640992 ] ] ], [ [ [ 27.578219528849438, 51.489260220906068 ], [ 27.572240599844633, 51.487796575625893 ], [ 27.572498489636246, 51.489582369170947 ], [ 27.578219528849438, 51.489260220906068 ] ] ], [ [ [ 27.566777344234279, 51.489904239788686 ], [ 27.563659172760421, 51.488279246750558 ], [ 27.563916731740314, 51.490065070976101 ], [ 27.566777344234279, 51.489904239788686 ] ] ], [ [ [ 27.572498489636246, 51.489582369170947 ], [ 27.566777344234279, 51.489904239788686 ], [ 27.56703504001328, 51.491690052321481 ], [ 27.572756405975024, 51.491368161244147 ], [ 27.572498489636246, 51.489582369170947 ] ] ], [ [ [ 28.803289233511929, 51.433544936581967 ], [ 28.813769112001498, 51.427438255636325 ], [ 28.813157868683792, 51.423876390827274 ], [ 28.807155171418831, 51.422477396720531 ], [ 28.793322293547476, 51.408992326181661 ], [ 28.788647699242201, 51.398496576531173 ], [ 28.780105872390862, 51.399067435214356 ], [ 28.777866451348057, 51.40281976973376 ], [ 28.75629762344553, 51.411463414815046 ], [ 28.728115706026234, 51.415137648684663 ], [ 28.70787282323462, 51.414677314479981 ], [ 28.683879720538574, 51.409056933255179 ], [ 28.677282047749497, 51.404087999687768 ], [ 28.659892095133301, 51.403431361533698 ], [ 28.683133943196779, 51.421715212162361 ], [ 28.686742310556344, 51.443092907637215 ], [ 28.700995378270893, 51.442151904836663 ], [ 28.713604972756386, 51.448523274754578 ], [ 28.721552813624264, 51.444394247842197 ], [ 28.735805112080072, 51.443448996415135 ], [ 28.733988900404579, 51.432761422054988 ], [ 28.741932140186108, 51.428631194024661 ], [ 28.738477239716246, 51.425257993674293 ], [ 28.749570798221008, 51.422719279690078 ], [ 28.748358623013598, 51.415594445144528 ], [ 28.75720749964858, 51.416806946319397 ], [ 28.767575647697832, 51.426924414716993 ], [ 28.770615721716354, 51.444735596839941 ], [ 28.794636916935087, 51.450336855379163 ], [ 28.803289233511929, 51.433544936581967 ] ] ], [ [ [ 28.271059662558127, 51.673264207446167 ], [ 28.259593133650686, 51.637958373314525 ], [ 28.252431941140639, 51.629398577404274 ], [ 28.253867570872178, 51.620304760475264 ], [ 28.283373258802865, 51.623871180295097 ], [ 28.2827992560089, 51.620305058824272 ], [ 28.30341190138256, 51.604609930015606 ], [ 28.311713781645413, 51.602289367346124 ], [ 28.309699073044776, 51.589808657964447 ], [ 28.314847898608349, 51.585884199286866 ], [ 28.313984413205461, 51.580535356612728 ], [ 28.30482422743497, 51.577506968019819 ], [ 28.291082891671195, 51.563958365503829 ], [ 28.285643762201673, 51.548089441046571 ], [ 28.286499183995016, 51.535429404984939 ], [ 28.295642732460934, 51.520450499875679 ], [ 28.308785029544733, 51.512424161084411 ], [ 28.307637743231293, 51.505292181192942 ], [ 28.267636024827794, 51.507790833304767 ], [ 28.243638155872809, 51.502079545419384 ], [ 28.227933406142235, 51.494049071890828 ], [ 28.214241858181047, 51.480489520595981 ], [ 28.212545185109768, 51.469789231052339 ], [ 28.193684284308009, 51.478157282311955 ], [ 28.142270028463358, 51.481316201962585 ], [ 28.118299722083407, 51.475577971140801 ], [ 28.099490831314885, 51.46591942869884 ], [ 28.085845415786562, 51.452343008219771 ], [ 28.080494189584929, 51.436461254982724 ], [ 28.053700622438356, 51.430881753083582 ], [ 28.038052738434779, 51.422823486795195 ], [ 28.017909858273651, 51.404229715731688 ], [ 28.013796161488091, 51.377467080750613 ], [ 28.023004793826008, 51.362507331666876 ], [ 28.035880572879126, 51.352727503074192 ], [ 28.052425083232663, 51.348126307743058 ], [ 28.049124134222737, 51.3267176158406 ], [ 28.022673214101179, 51.322912461597518 ], [ 28.018346661805715, 51.332176434453928 ], [ 28.010349190118184, 51.336259060818115 ], [ 28.013085577510829, 51.354101115312758 ], [ 28.003875047410197, 51.369060144541216 ], [ 27.985558384406346, 51.380962912353148 ], [ 27.97687961628889, 51.399488939419584 ], [ 27.968866936853193, 51.403569290669459 ], [ 27.961942111046202, 51.414786654231804 ], [ 27.970103742356038, 51.430504978313586 ], [ 27.969978068943529, 51.448518917654994 ], [ 27.960736931262669, 51.463475723820494 ], [ 27.955296252264858, 51.465600788113193 ], [ 27.948904996968569, 51.480386602843154 ], [ 27.933389667453529, 51.492113101131736 ], [ 27.916780526539846, 51.496699754845146 ], [ 27.930391889600301, 51.510297311042798 ], [ 27.935974919454871, 51.527971962197661 ], [ 27.935021326192633, 51.540632990224395 ], [ 27.925752541185439, 51.555588084782947 ], [ 27.917708711821568, 51.559666083908404 ], [ 27.918252900363179, 51.563235076941574 ], [ 27.924251439250014, 51.564680199513234 ], [ 27.935023351315902, 51.578446086056324 ], [ 27.943615142761889, 51.577935623185276 ], [ 27.94988987878358, 51.581163709418689 ], [ 27.954396304729695, 51.591699379226995 ], [ 27.969542624555437, 51.596198619691677 ], [ 27.974997664376879, 51.594072343825289 ], [ 27.966799503770464, 51.578355638550676 ], [ 27.960797965242584, 51.576912821429744 ], [ 27.959702504471323, 51.569775491363437 ], [ 27.944292963942239, 51.563490211104742 ], [ 27.943473658359721, 51.558137015464851 ], [ 28.048727740487369, 51.566236529810311 ], [ 28.038479035473014, 51.55605040210294 ], [ 28.033681262822164, 51.543734503860421 ], [ 28.03377828819556, 51.525721517008201 ], [ 28.045311421471336, 51.50701878510516 ], [ 28.058220065933995, 51.497235178013248 ], [ 28.079973084529477, 51.48871447280451 ], [ 28.099696122695754, 51.485715342145376 ], [ 28.125688742267741, 51.485931643485834 ], [ 28.14966542233504, 51.49166810737136 ], [ 28.168495376880355, 51.501317723479801 ], [ 28.182180687814043, 51.514882920790001 ], [ 28.186413384902064, 51.541635119778277 ], [ 28.177229320980945, 51.556606986070307 ], [ 28.156590973148138, 51.572280669333921 ], [ 28.134815186713897, 51.580816616203848 ], [ 28.114774261073833, 51.58203942416359 ], [ 28.119318527756068, 51.592567261490295 ], [ 28.153681131758322, 51.590467303575238 ], [ 28.177717418020073, 51.596195730838282 ], [ 28.193451150408102, 51.604231921942734 ], [ 28.207177806148529, 51.617792655585482 ], [ 28.211440834251601, 51.644542908866548 ], [ 28.201963501791443, 51.657733800995274 ], [ 28.210849828600235, 51.658986565379472 ], [ 28.21743886738793, 51.663982412311356 ], [ 28.229194367651814, 51.665056534311276 ], [ 28.236071938762738, 51.671834466257188 ], [ 28.257866284728291, 51.681288310586389 ], [ 28.266184538170602, 51.678970362872114 ], [ 28.271059662558127, 51.673264207446167 ] ] ], [ [ [ 28.507264646147444, 51.490813518973546 ], [ 28.487279887818165, 51.492098315354582 ], [ 28.480982915394176, 51.488900176779559 ], [ 28.47241804187437, 51.489449284318759 ], [ 28.46846536372156, 51.50050914400407 ], [ 28.479888002291212, 51.49977713626199 ], [ 28.51621693920216, 51.510049589643366 ], [ 28.518187880317409, 51.504519076254937 ], [ 28.511887089495183, 51.501322765870547 ], [ 28.507264646147444, 51.490813518973546 ] ] ], [ [ [ 29.160062644049813, 51.542426755935153 ], [ 29.186668576024751, 51.529749704560913 ], [ 29.206314073376408, 51.526565932515659 ], [ 29.232306331413266, 51.52653425883404 ], [ 29.250713414180687, 51.532439867747797 ], [ 29.259270258001042, 51.531833619768236 ], [ 29.261149784522551, 51.526294600458833 ], [ 29.255122029329655, 51.524919932652914 ], [ 29.249620041074266, 51.494677261931187 ], [ 29.25499637289742, 51.492494454663571 ], [ 29.256551800822837, 51.485176586322716 ], [ 29.272350802854426, 51.476847821452715 ], [ 29.270407146168001, 51.466174382703315 ], [ 29.274807216188673, 51.458654133264574 ], [ 29.300758788207446, 51.458608890629577 ], [ 29.308650277839778, 51.454442128953097 ], [ 29.306699714864529, 51.443769635508289 ], [ 29.316458325004515, 51.434063171146825 ], [ 29.314832440508997, 51.425169577978068 ], [ 29.28637894082539, 51.427198541399044 ], [ 29.262321427521609, 51.421700945741257 ], [ 29.246482314, 51.413814705758689 ], [ 29.239182250190414, 51.405322331470387 ], [ 29.207890772549771, 51.407533010976238 ], [ 29.183851603706188, 51.402018304254668 ], [ 29.168032138641401, 51.394120480102892 ], [ 29.160431096513314, 51.383842972056627 ], [ 29.135153871944436, 51.387414136664965 ], [ 29.102917107400359, 51.384257450824201 ], [ 29.095649033889401, 51.391969970243885 ], [ 29.074152067253074, 51.40066964352669 ], [ 29.042850871924145, 51.402836113443463 ], [ 29.040633522484782, 51.406592566254957 ], [ 29.049171345264202, 51.406002664499631 ], [ 29.073199419265947, 51.411545829289075 ], [ 29.076676863739497, 51.414908049713205 ], [ 29.096599833123744, 51.413524367998264 ], [ 29.120636667292132, 51.419057308282021 ], [ 29.139622654103533, 51.428542124565631 ], [ 29.153560140841766, 51.441981212509234 ], [ 29.15866869337566, 51.470452064886707 ], [ 29.149825878289619, 51.485485444691825 ], [ 29.137169409519917, 51.495379104156804 ], [ 29.115634468627999, 51.504088234600268 ], [ 29.084582758866759, 51.508048599767228 ], [ 29.077927791879329, 51.5193204809609 ], [ 29.092191118620665, 51.518330908593292 ], [ 29.11628450626328, 51.523862368655408 ], [ 29.132143549562034, 51.531765655554359 ], [ 29.146114093463463, 51.545204355577468 ], [ 29.147394005408209, 51.552322123085936 ], [ 29.160062644049813, 51.542426755935153 ] ] ], [ [ [ 27.206632067574606, 51.597796242197951 ], [ 27.200648917720926, 51.596313651283481 ], [ 27.200893231819897, 51.598100709863438 ], [ 27.206632067574606, 51.597796242197951 ] ] ], [ [ [ 28.051867617411183, 51.56784768378089 ], [ 28.048727740487369, 51.566236529810311 ], [ 28.049005013334124, 51.568020524837301 ], [ 28.051867617411183, 51.56784768378089 ] ] ], [ [ [ 27.607305403550573, 51.610041401469495 ], [ 27.613041168602727, 51.609717020737371 ], [ 27.61538763310633, 51.605983523507227 ], [ 27.62685784505144, 51.605333729623133 ], [ 27.624248132691786, 51.58747804201694 ], [ 27.612782357212129, 51.588127422695621 ], [ 27.602616236252985, 51.597703964310412 ], [ 27.580715102382186, 51.606140488013708 ], [ 27.537694835305441, 51.608554583507697 ], [ 27.530634368149837, 51.619750965402659 ], [ 27.559064115176628, 51.616358987894721 ], [ 27.591396382188613, 51.619941314544761 ], [ 27.607305403550573, 51.610041401469495 ] ] ], [ [ [ 28.073852934681661, 51.579123156938735 ], [ 28.07071151295586, 51.577512654225607 ], [ 28.070989758459312, 51.579296560963947 ], [ 28.073852934681661, 51.579123156938735 ] ] ], [ [ [ 26.912763496480874, 51.71560954964945 ], [ 26.925045198210494, 51.698790485851013 ], [ 26.915945290261899, 51.695651085740565 ], [ 26.902569300317626, 51.681927967151964 ], [ 26.899072303189158, 51.65510752068014 ], [ 26.872967566536154, 51.654620633214982 ], [ 26.849044872321766, 51.648619649048328 ], [ 26.830416345267999, 51.638750780921697 ], [ 26.817083698204808, 51.625016507851335 ], [ 26.816165974005777, 51.617863251695155 ], [ 26.798929222404709, 51.618718762283059 ], [ 26.775034476129889, 51.612701737745112 ], [ 26.759535621972947, 51.604467271840356 ], [ 26.746234713327382, 51.5907239177468 ], [ 26.740649381273361, 51.569402162912702 ], [ 26.742302219377986, 51.605314313524516 ], [ 26.759989766541782, 51.608044269383285 ], [ 26.778590684697058, 51.617925237021062 ], [ 26.782375853765174, 51.624937022917941 ], [ 26.788122486350289, 51.624652918710062 ], [ 26.806736289400614, 51.63452899712302 ], [ 26.820068923394896, 51.648264449270336 ], [ 26.825243712140946, 51.666004258075795 ], [ 26.84537315526174, 51.665000761740203 ], [ 26.869304260049983, 51.671002234040081 ], [ 26.884845665561741, 51.679220765230703 ], [ 26.898215569936124, 51.692946105899878 ], [ 26.902726625204419, 51.705317238487147 ], [ 26.899772192191712, 51.727063546485226 ], [ 26.914402074101783, 51.728125355315555 ], [ 26.912763496480874, 51.71560954964945 ] ] ], [ [ [ 27.530891845307707, 51.621536867800216 ], [ 27.527765390960976, 51.619911199373 ], [ 27.528022756971392, 51.621697111967279 ], [ 27.530891845307707, 51.621536867800216 ] ] ], [ [ [ 28.854540583402471, 51.563411115811576 ], [ 28.830539425380636, 51.541605840120965 ], [ 28.820651713847923, 51.551276761904518 ], [ 28.814938575780964, 51.551659759709722 ], [ 28.815859896541948, 51.557002414861238 ], [ 28.822188500937976, 51.560181056425158 ], [ 28.836165561572681, 51.557441255401059 ], [ 28.839946690167181, 51.562591600115688 ], [ 28.854540583402471, 51.563411115811576 ] ] ], [ [ [ 29.009090190712175, 51.554699597191046 ], [ 29.013226960649391, 51.545406995137135 ], [ 28.991642939841157, 51.554095212622165 ], [ 28.960542969712058, 51.558024407615207 ], [ 28.972906585723393, 51.562584510698166 ], [ 28.977991833782188, 51.558633404387805 ], [ 29.009090190712175, 51.554699597191046 ] ] ], [ [ [ 27.201668938630153, 51.772661454301598 ], [ 27.205742581537834, 51.696844591229166 ], [ 27.182003162539484, 51.692700978062106 ], [ 27.166406280027783, 51.684523868935315 ], [ 27.149600099878938, 51.667408458597336 ], [ 27.148143058613016, 51.65668517391002 ], [ 27.113660121296213, 51.658492077058106 ], [ 27.089707577978373, 51.652541429304456 ], [ 27.080126842335616, 51.645840000150088 ], [ 27.074380576946268, 51.646138478166655 ], [ 27.064084687519205, 51.655672107593823 ], [ 27.047557798657561, 51.661927128629458 ], [ 27.049230374091334, 51.674439960968819 ], [ 27.039161761286497, 51.685759304343748 ], [ 27.039878051051346, 51.691122016265723 ], [ 27.045869415557185, 51.692612593420932 ], [ 27.0592909927481, 51.706317811303734 ], [ 27.063369401120699, 51.736705113456082 ], [ 27.053771517568716, 51.75160096183609 ], [ 27.040568268565249, 51.761282216960808 ], [ 27.018476662473876, 51.76961903469978 ], [ 27.201668938630153, 51.772661454301598 ] ] ], [ [ [ 29.142375192647318, 51.588709035980735 ], [ 29.139198405027575, 51.587129037413618 ], [ 29.139518543910686, 51.588908500285768 ], [ 29.142375192647318, 51.588709035980735 ] ] ], [ [ [ 29.136661862274714, 51.589107895612017 ], [ 29.139838715693116, 51.590687961194881 ], [ 29.139518543910686, 51.588908500285768 ], [ 29.136661862274714, 51.589107895612017 ] ] ], [ [ [ 29.137302020071978, 51.59266684074764 ], [ 29.134125100867774, 51.591086708142115 ], [ 29.134445086867284, 51.592866192365342 ], [ 29.137302020071978, 51.59266684074764 ] ] ], [ [ [ 29.13158812077614, 51.593065474992017 ], [ 29.134765105753239, 51.594645674627102 ], [ 29.134445086867284, 51.592866192365342 ], [ 29.13158812077614, 51.593065474992017 ] ] ], [ [ [ 29.123656220971597, 51.597221972487809 ], [ 29.13033045134372, 51.602162206646668 ], [ 29.131908030301197, 51.594844969887014 ], [ 29.123656220971597, 51.597221972487809 ] ] ], [ [ [ 29.022481297006021, 45.348383375142745 ], [ 29.015406405660759, 45.352483000600884 ], [ 29.022988108870383, 45.351947178514351 ], [ 29.022481297006021, 45.348383375142745 ] ] ], [ [ [ 29.153180438293951, 45.457856166436024 ], [ 29.184007708872411, 45.441237582681012 ], [ 29.183489182659162, 45.437675262818324 ], [ 29.197370589937162, 45.427673727815566 ], [ 29.19685146826458, 45.424111519292026 ], [ 29.205929360693919, 45.416255773431985 ], [ 29.184660965141056, 45.410592857395237 ], [ 29.180578873855975, 45.400088191724649 ], [ 29.172218092390047, 45.395291253464677 ], [ 29.129449596950032, 45.382165472157439 ], [ 29.116553270728094, 45.38128899862847 ], [ 29.107944017986981, 45.374705244057957 ], [ 29.092521684633585, 45.374006502456396 ], [ 29.102410158211899, 45.389499272660963 ], [ 29.11102132758953, 45.396083337769703 ], [ 29.118647128724888, 45.413536347061758 ], [ 29.118173775844095, 45.427969018182679 ], [ 29.110108661595234, 45.442944648520232 ], [ 29.103029950033942, 45.447050131101236 ], [ 29.106588546946551, 45.453995360199642 ], [ 29.132157389944247, 45.453965428485041 ], [ 29.143055816592423, 45.458583316477082 ], [ 29.153180438293951, 45.457856166436024 ] ] ], [ [ [ 28.882151160103483, 45.513002534026661 ], [ 28.878864987914472, 45.507831132882281 ], [ 28.874545246109044, 45.513530449178212 ], [ 28.882151160103483, 45.513002534026661 ] ] ], [ [ [ 29.534086856279014, 45.507229663828078 ], [ 29.511308214944123, 45.508941873438793 ], [ 29.492407106884059, 45.519358723252545 ], [ 29.500811971919681, 45.524128709509867 ], [ 29.515191078656173, 45.5176499805128 ], [ 29.532910529183425, 45.516317850936893 ], [ 29.534086856279014, 45.507229663828078 ] ] ], [ [ [ 29.084265465395227, 45.565380443902178 ], [ 29.079192682115632, 45.56574173365059 ], [ 29.06522705803577, 45.557735752818751 ], [ 29.05303286420358, 45.544202714403056 ], [ 29.052264724519421, 45.538857582677466 ], [ 29.039587546042313, 45.539756432026124 ], [ 29.055338579119844, 45.560238018698278 ], [ 29.061466520699053, 45.585001327875851 ], [ 29.091913519747038, 45.582834258673827 ], [ 29.084265465395227, 45.565380443902178 ] ] ], [ [ [ 28.993009421079805, 45.697837751717394 ], [ 29.003165465630197, 45.679122910913428 ], [ 29.019421825980309, 45.667175955521031 ], [ 29.008984395033426, 45.648113950838749 ], [ 29.009480170167787, 45.633679723852367 ], [ 29.002115590927545, 45.635999116826049 ], [ 28.99856662922679, 45.64704870697787 ], [ 28.984596972516211, 45.657031854708798 ], [ 28.9922311659111, 45.674493642607281 ], [ 28.993009421079805, 45.697837751717394 ] ] ], [ [ [ 28.914143443540279, 45.739362086774655 ], [ 28.90396206460867, 45.74007140876359 ], [ 28.890476821076884, 45.735609731597584 ], [ 28.889699944167699, 45.74826314769404 ], [ 28.885365959573541, 45.753964014216763 ], [ 28.910826157640717, 45.752192752123513 ], [ 28.90981266855885, 45.745063680890468 ], [ 28.914143443540279, 45.739362086774655 ] ] ], [ [ [ 29.671508084959708, 45.700199662450892 ], [ 29.66869243975286, 45.698614963486563 ], [ 29.668969456239697, 45.700393806630572 ], [ 29.671508084959708, 45.700199662450892 ] ] ], [ [ [ 29.540284283687861, 45.715559502439469 ], [ 29.517966327781686, 45.720838080245123 ], [ 29.53457420615873, 45.728589471248242 ], [ 29.540284283687861, 45.715559502439469 ] ] ], [ [ [ 29.33402204263141, 45.779502667827835 ], [ 29.353305997346748, 45.770884379164123 ], [ 29.368569172138706, 45.769759444642915 ], [ 29.367496787136638, 45.762638548715046 ], [ 29.372047319417842, 45.758702802576373 ], [ 29.366556744553716, 45.739307951971384 ], [ 29.370566230098252, 45.69761253452441 ], [ 29.360404028153031, 45.698361982722105 ], [ 29.338745785456062, 45.690956311547652 ], [ 29.333931242074904, 45.693110093604147 ], [ 29.328439085207098, 45.707913216707681 ], [ 29.312510589735684, 45.72168131280602 ], [ 29.292970003755418, 45.728511328638703 ], [ 29.30538188709761, 45.760003036989872 ], [ 29.304434367435174, 45.770872335767415 ], [ 29.309789115795258, 45.772280247033734 ], [ 29.322633473669633, 45.789338702266242 ], [ 29.33402204263141, 45.779502667827835 ] ] ], [ [ [ 29.70416059046557, 45.72829799499528 ], [ 29.684437866515474, 45.717210257404211 ], [ 29.678249324451166, 45.710484010754037 ], [ 29.68273148438811, 45.722741062984753 ], [ 29.679873341580429, 45.737360233937274 ], [ 29.692296114894528, 45.734608417761173 ], [ 29.713173061422992, 45.736605901983218 ], [ 29.712058138850171, 45.729491403450595 ], [ 29.70416059046557, 45.72829799499528 ] ] ], [ [ [ 29.07457424519172, 45.782061382135858 ], [ 29.084499790120372, 45.779554851841084 ], [ 29.084195301042588, 45.75977702903306 ], [ 29.058742467462132, 45.761587150465012 ], [ 29.052654423293887, 45.772818953940181 ], [ 29.060588811259898, 45.79205525854487 ], [ 29.07457424519172, 45.782061382135858 ] ] ], [ [ [ 29.557138080000019, 45.791690125999352 ], [ 29.569305994044807, 45.787171232145134 ], [ 29.567383739001272, 45.774716191331137 ], [ 29.550757201601378, 45.766970908098287 ], [ 29.550132214096578, 45.779618269296961 ], [ 29.539880344291849, 45.796591075319334 ], [ 29.548334236925495, 45.801354297067221 ], [ 29.557138080000019, 45.791690125999352 ] ] ], [ [ [ 29.040865905508692, 45.869052826814347 ], [ 29.045966694003159, 45.868691396692803 ], [ 29.045449203233353, 45.865128116803142 ], [ 29.036764731537229, 45.858543396356012 ], [ 29.035473113841231, 45.849634965744372 ], [ 29.016106510193133, 45.858204103541091 ], [ 29.026853913971433, 45.879044380504936 ], [ 29.040865905508692, 45.869052826814347 ] ] ], [ [ [ 29.764141144195509, 45.864082984626009 ], [ 29.761314140617518, 45.862501377200594 ], [ 29.761595698018183, 45.864279728062826 ], [ 29.764141144195509, 45.864082984626009 ] ] ], [ [ [ 29.51839957827416, 45.908010140864121 ], [ 29.536593465792414, 45.892241667650644 ], [ 29.551332339782377, 45.887531236047174 ], [ 29.54176507742217, 45.875651636700034 ], [ 29.532672605400734, 45.883536320999667 ], [ 29.51338414225398, 45.892185998850699 ], [ 29.495817995200841, 45.895303130637359 ], [ 29.472606241457722, 45.895239175891959 ], [ 29.451398916713135, 45.891420968389127 ], [ 29.447932384629183, 45.902479550423713 ], [ 29.440827738740637, 45.906608531007279 ], [ 29.441371267023243, 45.910168218823522 ], [ 29.462585560938518, 45.913987860065227 ], [ 29.465680515771837, 45.917357080692383 ], [ 29.485805496010411, 45.914053328553727 ], [ 29.50419971048732, 45.916275954804583 ], [ 29.516947273395566, 45.915319523308632 ], [ 29.51839957827416, 45.908010140864121 ] ] ], [ [ [ 29.344601097680755, 45.935327516737601 ], [ 29.341780741740163, 45.933734841174207 ], [ 29.342049581031464, 45.935515132214917 ], [ 29.344601097680755, 45.935327516737601 ] ] ], [ [ [ 29.336946471866156, 45.935890194016444 ], [ 29.342318445614087, 45.937295421475824 ], [ 29.342049581031464, 45.935515132214917 ], [ 29.336946471866156, 45.935890194016444 ] ] ], [ [ [ 29.334932154386845, 45.939638286565014 ], [ 29.332111806560292, 45.938045365847003 ], [ 29.332380376791818, 45.939825699646207 ], [ 29.334932154386845, 45.939638286565014 ] ] ], [ [ [ 29.312233203006226, 45.943103398397 ], [ 29.30941324225158, 45.94150987935538 ], [ 29.309681118312469, 45.943290315400795 ], [ 29.312233203006226, 45.943103398397 ] ] ], [ [ [ 29.302024713028889, 45.943850727927249 ], [ 29.29920497132337, 45.942256937080067 ], [ 29.299472527557928, 45.944037419269534 ], [ 29.302024713028889, 45.943850727927249 ] ] ], [ [ [ 29.149375014314941, 45.958514604635319 ], [ 29.140400444927753, 45.950158461705371 ], [ 29.135293386467993, 45.95052460551323 ], [ 29.123835467923257, 45.960345324147241 ], [ 29.149375014314941, 45.958514604635319 ] ] ], [ [ [ 29.317337296748775, 45.94272939515573 ], [ 29.31451722653086, 45.941136012028537 ], [ 29.314785262487423, 45.942916424981483 ], [ 29.317337296748775, 45.94272939515573 ] ] ], [ [ [ 28.903579713354048, 45.990291745473783 ], [ 28.898210856884113, 45.988865295923503 ], [ 28.898465983527803, 45.990647540524272 ], [ 28.903579713354048, 45.990291745473783 ] ] ], [ [ [ 29.780525894115744, 46.06443265044571 ], [ 29.800098907693613, 46.0413130072615 ], [ 29.819384007088892, 46.03261387229999 ], [ 29.834414645370124, 46.029643548367012 ], [ 29.83611044873744, 46.024110817078913 ], [ 29.851973700763679, 46.010272057813388 ], [ 29.857076695051223, 46.009873517047794 ], [ 29.872644217157266, 45.994254719157709 ], [ 29.887373882434222, 45.989500568521834 ], [ 29.901491725002021, 45.964990448568948 ], [ 29.896361088715146, 45.949191610681851 ], [ 29.85813189727449, 45.95218530720139 ], [ 29.836601195781959, 45.946664937898412 ], [ 29.822435736504833, 45.938767387200521 ], [ 29.809971152286035, 45.92533548145493 ], [ 29.805151823126739, 45.895107528678366 ], [ 29.813070086246896, 45.880091208836461 ], [ 29.845013106917548, 45.854201706028633 ], [ 29.833416457526255, 45.846105391834655 ], [ 29.828328132502321, 45.846501789530237 ], [ 29.824089913785791, 45.85223213138012 ], [ 29.804864681987976, 45.860927466977508 ], [ 29.764141144195509, 45.864082984626009 ], [ 29.77600861604709, 45.890166723934051 ], [ 29.772602552547603, 45.917432261605896 ], [ 29.768071497301026, 45.921383027345122 ], [ 29.773445017411408, 45.938968746128126 ], [ 29.772875089555004, 45.95161387182732 ], [ 29.768341596733944, 45.955564851150299 ], [ 29.770321035533744, 45.968012829375887 ], [ 29.765786162775463, 45.971963817035935 ], [ 29.770313788855653, 46.000416315995203 ], [ 29.756411127086754, 46.026693172045327 ], [ 29.742505959356823, 46.036766924882983 ], [ 29.767470663205277, 46.047440833038067 ], [ 29.780525894115744, 46.06443265044571 ] ] ], [ [ [ 29.013082048445135, 46.033017398704068 ], [ 28.99618099477971, 46.02340875035317 ], [ 28.991323789261742, 46.025550717408372 ], [ 28.995174568973869, 46.034279735515888 ], [ 29.013082048445135, 46.033017398704068 ] ] ], [ [ [ 29.557478170616303, 46.043677265689574 ], [ 29.554093082809075, 46.038532154371033 ], [ 29.548983310352337, 46.038917344333989 ], [ 29.552367969267586, 46.044062640007809 ], [ 29.557478170616303, 46.043677265689574 ] ] ], [ [ [ 29.1759624666443, 46.120407870472526 ], [ 29.172605958072094, 46.115249296024459 ], [ 29.168278963474943, 46.120960950721269 ], [ 29.1759624666443, 46.120407870472526 ] ] ], [ [ [ 29.008953718970222, 46.146711203084152 ], [ 29.017424978622817, 46.151513637725387 ], [ 29.020728670720949, 46.138679937389121 ], [ 29.005350428434486, 46.139765040211522 ], [ 29.008953718970222, 46.146711203084152 ] ] ], [ [ [ 29.276471632036749, 46.168927867470401 ], [ 29.273640049462596, 46.167334158364142 ], [ 29.273908889001074, 46.169114686523379 ], [ 29.276471632036749, 46.168927867470401 ] ] ], [ [ [ 29.25111119714213, 46.172574128474622 ], [ 29.230070918664211, 46.170501183161022 ], [ 29.230605870103297, 46.174062629114417 ], [ 29.246521041525057, 46.176507896016552 ], [ 29.269714572551528, 46.192821957458214 ], [ 29.269858291005427, 46.176610341246246 ], [ 29.273908889001074, 46.169114686523379 ], [ 29.25111119714213, 46.172574128474622 ] ] ], [ [ [ 29.270252501627038, 46.196383031697998 ], [ 29.272278444694187, 46.192635159056451 ], [ 29.269714572551528, 46.192821957458214 ], [ 29.270252501627038, 46.196383031697998 ] ] ], [ [ [ 29.963755196950437, 46.188715105254332 ], [ 29.987007785799086, 46.172471968638966 ], [ 29.984965327415885, 46.160031795177645 ], [ 29.991178440426751, 46.150537770031761 ], [ 29.989719848705604, 46.141652010278833 ], [ 29.97467081526413, 46.144644612558388 ], [ 29.96932861455074, 46.159469648044308 ], [ 29.959970720185002, 46.165610431340845 ], [ 29.963755196950437, 46.188715105254332 ] ] ], [ [ [ 29.728481159088574, 46.257474306177393 ], [ 29.741870159004925, 46.243841457938153 ], [ 29.761518185814342, 46.236924784586698 ], [ 29.765501972693137, 46.2294159387124 ], [ 29.784283974785069, 46.217161346295704 ], [ 29.784845093405291, 46.204516051425408 ], [ 29.796778382044181, 46.181988053073411 ], [ 29.794778151049375, 46.169541428147532 ], [ 29.802728102993004, 46.154522690164882 ], [ 29.818347401194703, 46.138907296730991 ], [ 29.835390708002492, 46.132179965265564 ], [ 29.833671665286921, 46.121512459364766 ], [ 29.809516937219968, 46.116190582250447 ], [ 29.80070550004551, 46.109673846590624 ], [ 29.800145855314106, 46.122318856529994 ], [ 29.792198569312724, 46.137337118504441 ], [ 29.780833798119573, 46.147218775180768 ], [ 29.748993153597269, 46.15868060089867 ], [ 29.710603815124038, 46.1616352434487 ], [ 29.712584503631831, 46.174084706149984 ], [ 29.718271030517609, 46.177248244180689 ], [ 29.723382356722048, 46.19305739512432 ], [ 29.722806665406527, 46.205703359722683 ], [ 29.718250821229375, 46.209654086425616 ], [ 29.71994468628645, 46.236527655060108 ], [ 29.713390708752932, 46.244232277976494 ], [ 29.7136655987638, 46.262213782963208 ], [ 29.728481159088574, 46.257474306177393 ] ] ], [ [ [ 28.952681976229503, 46.258669292338197 ], [ 28.957326710955275, 46.27274467069325 ], [ 28.962465880044082, 46.272384559019834 ], [ 28.960129284157084, 46.25634758505565 ], [ 28.952681976229503, 46.258669292338197 ] ] ], [ [ [ 29.126501351677717, 46.29316861925291 ], [ 29.158132198800892, 46.29630118890546 ], [ 29.157333428889242, 46.290958156698082 ], [ 29.143424126773866, 46.284755888118625 ], [ 29.131025700752247, 46.271243260150364 ], [ 29.125277829424626, 46.250053227472897 ], [ 29.119878184976482, 46.248639328353534 ], [ 29.120672138895085, 46.253982900364214 ], [ 29.112516855157235, 46.268966704730687 ], [ 29.096121504847467, 46.280937388667759 ], [ 29.099028580044489, 46.300531459024107 ], [ 29.126501351677717, 46.29316861925291 ] ] ], [ [ [ 29.563451548262979, 46.280851297534802 ], [ 29.575492018960155, 46.258339263615206 ], [ 29.577547657903793, 46.238381420485766 ], [ 29.563612066096137, 46.232233117239183 ], [ 29.55397131045946, 46.220358805160409 ], [ 29.515519126470373, 46.223250875158151 ], [ 29.493626606811663, 46.215890576839655 ], [ 29.485936050917072, 46.216465912255529 ], [ 29.484476956410298, 46.223775772567208 ], [ 29.473036248197154, 46.23363147847224 ], [ 29.453621069382997, 46.242280067113548 ], [ 29.41514351464275, 46.245139410446924 ], [ 29.393526033740301, 46.239539326779386 ], [ 29.38195714837558, 46.265596708002789 ], [ 29.370488704314173, 46.275443865905949 ], [ 29.365354504376718, 46.275822328529259 ], [ 29.356448571482929, 46.285479170225543 ], [ 29.344154548638503, 46.289983823420066 ], [ 29.350652807972178, 46.298506937775478 ], [ 29.356062053317306, 46.299909107713773 ], [ 29.357539256091012, 46.29259961870698 ], [ 29.369013413634413, 46.282753376523111 ], [ 29.388457591362247, 46.274117449796819 ], [ 29.411284318588201, 46.270628083076389 ], [ 29.42952457437648, 46.271075147510174 ], [ 29.446024532994642, 46.277049362458591 ], [ 29.468571021795931, 46.271768945240794 ], [ 29.489376978634759, 46.272014799941566 ], [ 29.511015117630176, 46.277595039737918 ], [ 29.525236089307992, 46.28552878330418 ], [ 29.534884468438989, 46.297405203593136 ], [ 29.564568872321033, 46.28796792012664 ], [ 29.563451548262979, 46.280851297534802 ] ] ], [ [ [ 29.957657648588587, 46.230604055776233 ], [ 29.954805233989298, 46.229029039493561 ], [ 29.955096660594062, 46.230806339615988 ], [ 29.957657648588587, 46.230604055776233 ] ] ], [ [ [ 29.95282701858471, 46.232785877379584 ], [ 29.954284297994711, 46.241672400823774 ], [ 29.952597226641945, 46.247206573872418 ], [ 29.956325643668205, 46.254113450589344 ], [ 29.957949183283855, 46.232381341444317 ], [ 29.95282701858471, 46.232785877379584 ] ] ], [ [ [ 29.703643951863029, 46.345795977675159 ], [ 29.688815307516109, 46.334330421572773 ], [ 29.679096210764914, 46.354877446235996 ], [ 29.69736088407209, 46.355279248613051 ], [ 29.703643951863029, 46.345795977675159 ] ] ], [ [ [ 29.966027730541086, 46.3919744953158 ], [ 29.964267599655003, 46.381311285402461 ], [ 29.950841749315192, 46.378770850027877 ], [ 29.936540020925243, 46.370896701226961 ], [ 29.929944445805916, 46.362414319012288 ], [ 29.922242354190107, 46.363020454305669 ], [ 29.903105449214085, 46.357322736544084 ], [ 29.895162765606511, 46.372348769675774 ], [ 29.896035704532537, 46.377681404044814 ], [ 29.936081809431716, 46.399738891336831 ], [ 29.966027730541086, 46.3919744953158 ] ] ], [ [ [ 30.161076038616159, 46.437600486146451 ], [ 30.158206675544768, 46.436031803382008 ], [ 30.158506825746759, 46.437808032472418 ], [ 30.161076038616159, 46.437600486146451 ] ] ], [ [ [ 29.449179095483366, 46.498244654274309 ], [ 29.446324484728144, 46.496656745868989 ], [ 29.446602066017011, 46.498436382154523 ], [ 29.449179095483366, 46.498244654274309 ] ] ], [ [ [ 30.142319622199285, 46.449917128785422 ], [ 30.139450025079611, 46.448347976524651 ], [ 30.13974969450587, 46.450124295598407 ], [ 30.142319622199285, 46.449917128785422 ] ] ], [ [ [ 30.140049392249061, 46.451900612625707 ], [ 30.134609754175671, 46.450538458081994 ], [ 30.134909289130135, 46.452314800651031 ], [ 30.140049392249061, 46.451900612625707 ] ] ], [ [ [ 30.129769072789543, 46.452728760461952 ], [ 30.135208852390019, 46.454091141175034 ], [ 30.134909289130135, 46.452314800651031 ], [ 30.129769072789543, 46.452728760461952 ] ] ], [ [ [ 30.13036790196967, 46.45628149052574 ], [ 30.127498241209437, 46.454712033596302 ], [ 30.127797588525677, 46.45648841036693 ], [ 30.13036790196967, 46.45628149052574 ] ] ], [ [ [ 29.239673119479406, 46.526239413532402 ], [ 29.236822372744957, 46.524645921958601 ], [ 29.237093381384181, 46.52642650540831 ], [ 29.239673119479406, 46.526239413532402 ] ] ], [ [ [ 29.237364415719529, 46.528207087084027 ], [ 29.223779444634523, 46.541793005281974 ], [ 29.19932235291887, 46.55256196349864 ], [ 29.215079845288255, 46.55322385471645 ], [ 29.236813406996845, 46.558851131388074 ], [ 29.237364415719529, 46.528207087084027 ] ] ], [ [ [ 29.927558359941024, 46.553445701470508 ], [ 29.924688267623395, 46.551871036882204 ], [ 29.924982012017772, 46.553648384231352 ], [ 29.927558359941024, 46.553445701470508 ] ] ], [ [ [ 30.061255002542708, 46.634672178385067 ], [ 30.082550997448156, 46.605961262556278 ], [ 30.101971625009909, 46.597202570185033 ], [ 30.124864202714484, 46.593562820663671 ], [ 30.132162398618696, 46.57497013116437 ], [ 30.143536073496882, 46.565051165594767 ], [ 30.180047943522354, 46.549497966589207 ], [ 30.172324806574792, 46.550122857576675 ], [ 30.145074639098052, 46.543320819750299 ], [ 30.14370356115257, 46.550633451117974 ], [ 30.130057886057934, 46.562535859670731 ], [ 30.120056628555574, 46.565140990742229 ], [ 30.118081488157301, 46.568900830578862 ], [ 30.098673441439438, 46.577661376936604 ], [ 30.083215381740931, 46.578900223177705 ], [ 30.07440408984468, 46.588608001845841 ], [ 30.064394742929537, 46.59120873975349 ], [ 30.055090169040337, 46.613558029445933 ], [ 30.043689890567844, 46.62346997256914 ], [ 30.028812213083754, 46.628255940010852 ], [ 30.041515544646625, 46.641648551177923 ], [ 30.0464846213955, 46.655656757752652 ], [ 30.061966127291772, 46.654421327244449 ], [ 30.061255002542708, 46.634672178385067 ] ] ], [ [ [ 29.652745824519403, 46.922216107974727 ], [ 29.646977274317681, 46.9190542594623 ], [ 29.647553995631895, 46.922611392698428 ], [ 29.652745824519403, 46.922216107974727 ] ] ], [ [ [ 29.608865874883037, 46.975963676763783 ], [ 29.623305744942666, 46.967666723857157 ], [ 29.623312027290986, 46.951461562484184 ], [ 29.571665166063305, 46.940965164078435 ], [ 29.558651669568778, 46.958150464715459 ], [ 29.596172923168854, 46.962520418827808 ], [ 29.597595409946944, 46.987620042641979 ], [ 29.604818359022218, 46.983472317159794 ], [ 29.608865874883037, 46.975963676763783 ] ] ], [ [ [ 30.302530592774087, 47.166170905447878 ], [ 30.299614907318315, 47.164608841592447 ], [ 30.299927503806352, 47.166384132371917 ], [ 30.302530592774087, 47.166170905447878 ] ] ], [ [ [ 30.300552786217867, 47.169934707521556 ], [ 30.297324385027967, 47.166597300870812 ], [ 30.29794949860807, 47.170147902340688 ], [ 30.300552786217867, 47.169934707521556 ] ] ], [ [ [ 29.677971009247791, 47.318226079446013 ], [ 29.679438475932116, 47.327117546097391 ], [ 29.683201044731707, 47.317826890916741 ], [ 29.677971009247791, 47.318226079446013 ] ] ], [ [ [ 30.214304853214536, 47.492129823638827 ], [ 30.224267613139169, 47.473311663973227 ], [ 30.23149651869381, 47.469122775039523 ], [ 30.220082436164777, 47.464646166762954 ], [ 30.214845596904425, 47.465070827009349 ], [ 30.199211162470267, 47.49695425433432 ], [ 30.214304853214536, 47.492129823638827 ] ] ], [ [ [ 29.391341391487497, 47.579211284534942 ], [ 29.377962026731595, 47.56218985450645 ], [ 29.356927308807801, 47.563735412246807 ], [ 29.374417643711027, 47.573254440876923 ], [ 29.381393371440108, 47.58354517753979 ], [ 29.386940166754474, 47.584937477588618 ], [ 29.391914254816239, 47.582770390428706 ], [ 29.391341391487497, 47.579211284534942 ] ] ], [ [ [ 29.392285460615149, 47.651168596876254 ], [ 29.383810812711115, 47.648191296206647 ], [ 29.373904807852298, 47.636315243206305 ], [ 29.358964172269921, 47.642814623318408 ], [ 29.364459238175179, 47.660417971189368 ], [ 29.384958395474079, 47.655309553263294 ], [ 29.395780904383457, 47.656313073420897 ], [ 29.392285460615149, 47.651168596876254 ] ] ], [ [ [ 29.74176812217415, 47.858990579017082 ], [ 29.729461834914879, 47.865337047645923 ], [ 29.729762704878048, 47.867114930753011 ], [ 29.743274532122093, 47.867879690682784 ], [ 29.74176812217415, 47.858990579017082 ] ] ], [ [ [ 30.349283885636741, 47.873765127226385 ], [ 30.340726194569356, 47.870865319016033 ], [ 30.338731797025094, 47.87463156339264 ], [ 30.349283885636741, 47.873765127226385 ] ] ], [ [ [ 29.668645248411266, 48.849781571343748 ], [ 29.662639222869966, 48.84663387037245 ], [ 29.654557696809459, 48.847245466691554 ], [ 29.655484083924463, 48.852579269134736 ], [ 29.668645248411266, 48.849781571343748 ] ] ], [ [ [ 30.224709351164829, 49.519807850047584 ], [ 30.216159365116514, 49.533109376625958 ], [ 30.22673078455087, 49.530457489321584 ], [ 30.224709351164829, 49.519807850047584 ] ] ], [ [ [ 29.903695053178023, 49.716339147637036 ], [ 29.890446967294807, 49.704752136333816 ], [ 29.884842374489594, 49.719600337049421 ], [ 29.875187459160458, 49.72755379297152 ], [ 29.905332684961991, 49.725221498465757 ], [ 29.903695053178023, 49.716339147637036 ] ] ], [ [ [ 30.428348679920187, 49.769981832127776 ], [ 30.415347917540444, 49.774653287159637 ], [ 30.415694745934651, 49.776427184629696 ], [ 30.429390520217282, 49.775303321215318 ], [ 30.428348679920187, 49.769981832127776 ] ] ], [ [ [ 29.68381494547841, 50.666525962744252 ], [ 29.678222103383284, 50.666945746990912 ], [ 29.662262197882193, 50.657330004269618 ], [ 29.650748915651651, 50.656389729571593 ], [ 29.673949176018205, 50.674474425163325 ], [ 29.679058182155828, 50.686705502793053 ], [ 29.686128267453025, 50.678966600917512 ], [ 29.68381494547841, 50.666525962744252 ] ] ], [ [ [ 30.816713124368725, 50.658738347235257 ], [ 30.813553343263987, 50.657203846670022 ], [ 30.813926179618168, 50.658975386161146 ], [ 30.816713124368725, 50.658738347235257 ] ] ], [ [ [ 29.753882473187449, 50.798206227014091 ], [ 29.775305055423349, 50.791177536761701 ], [ 29.760536943985048, 50.758055089335436 ], [ 29.76066372091254, 50.743628236728625 ], [ 29.737926106176769, 50.743545407743504 ], [ 29.714190826109835, 50.738126883310272 ], [ 29.698529555076675, 50.730294817957251 ], [ 29.684680063902572, 50.716918580905656 ], [ 29.679895992795338, 50.706465227405239 ], [ 29.67414348618296, 50.721313108581278 ], [ 29.661795482805598, 50.731248376150184 ], [ 29.656194608646562, 50.731667486144907 ], [ 29.662786489840709, 50.736580344664297 ], [ 29.66790143087583, 50.748811744009153 ], [ 29.669400887728344, 50.772126317174852 ], [ 29.682601187194379, 50.781949392991109 ], [ 29.68492370214944, 50.794389825323215 ], [ 29.706547294642291, 50.803578229913867 ], [ 29.753882473187449, 50.798206227014091 ] ] ], [ [ [ 30.838535526894809, 50.721798425396493 ], [ 30.859683105109191, 50.687534375130404 ], [ 30.853731758082088, 50.686239320655986 ], [ 30.845908805216773, 50.676087164616085 ], [ 30.827313980833591, 50.668655662422445 ], [ 30.826567081494677, 50.66511273022099 ], [ 30.817086099936471, 50.660509869340501 ], [ 30.823232493639157, 50.676216200803985 ], [ 30.829555580705577, 50.67928439807595 ], [ 30.838872619606359, 50.696523428906957 ], [ 30.838535526894809, 50.721798425396493 ] ] ], [ [ [ 30.843200053350671, 50.730417417034161 ], [ 30.838910162326687, 50.723569811385786 ], [ 30.840409081336588, 50.730655329864454 ], [ 30.843200053350671, 50.730417417034161 ] ] ], [ [ [ 30.844324945200047, 50.735731484388992 ], [ 30.840783905434353, 50.732426703113141 ], [ 30.84153366687876, 50.73596944196342 ], [ 30.844324945200047, 50.735731484388992 ] ] ], [ [ [ 30.884288391671195, 50.790025447401 ], [ 30.880140877962432, 50.770542966835457 ], [ 30.861501387577682, 50.763119342771297 ], [ 30.850869302512336, 50.75320670355849 ], [ 30.851081439060366, 50.76761540620398 ], [ 30.844203851412079, 50.775415269456573 ], [ 30.849627918250064, 50.78757633268939 ], [ 30.867146170914328, 50.789687824789972 ], [ 30.88617514576304, 50.79888101759412 ], [ 30.891009173043678, 50.794860315204858 ], [ 30.884288391671195, 50.790025447401 ] ] ], [ [ [ 30.208407003252514, 50.8386320204499 ], [ 30.205252194209898, 50.837080421816879 ], [ 30.205604370875591, 50.838855063611952 ], [ 30.208407003252514, 50.8386320204499 ] ] ], [ [ [ 30.205956583141628, 50.840629703098557 ], [ 30.202801702898341, 50.839078040160253 ], [ 30.203153811647489, 50.840852693661049 ], [ 30.205956583141628, 50.840629703098557 ] ] ], [ [ [ 30.198956124485527, 50.848397177934331 ], [ 30.195800891554445, 50.846845338350271 ], [ 30.196152832012391, 50.848620024649769 ], [ 30.198956124485527, 50.848397177934331 ] ] ], [ [ [ 30.196152832012391, 50.848620024649769 ], [ 30.190897909190564, 50.850840230148549 ], [ 30.191249713623904, 50.85261493984126 ], [ 30.196856819683745, 50.852169390332008 ], [ 30.196152832012391, 50.848620024649769 ] ] ], [ [ [ 30.188093889755056, 51.509089057328715 ], [ 30.21364153826724, 51.492643816600605 ], [ 30.247024646371198, 51.486387594508621 ], [ 30.266856190771684, 51.470384150436821 ], [ 30.291330288792334, 51.463021228246468 ], [ 30.290603467440228, 51.459473185677531 ], [ 30.298759051239731, 51.45701790113273 ], [ 30.306185885461929, 51.451014198187181 ], [ 30.305458224647484, 51.447466299127385 ], [ 30.311136037452819, 51.447011520915154 ], [ 30.310408097153129, 51.443463669727237 ], [ 30.31855965982162, 51.441007192275251 ], [ 30.325252578441063, 51.431454781167723 ], [ 30.330928084182947, 51.430999144692024 ], [ 30.330199027617819, 51.427451485168788 ], [ 30.352532522638725, 51.423852732429317 ], [ 30.343291162407283, 51.420990056877486 ], [ 30.342561409536309, 51.417442517288393 ], [ 30.347504866542465, 51.413438639224708 ], [ 30.347421852800021, 51.399020425848143 ], [ 30.351268445511014, 51.389695269035343 ], [ 30.356573350345876, 51.387464926999506 ], [ 30.357218233791894, 51.376594307579403 ], [ 30.345516962611832, 51.37573340284878 ], [ 30.344423899884855, 51.370412082909894 ], [ 30.324875372683174, 51.359361898106286 ], [ 30.353853067968231, 51.346212754597055 ], [ 30.373589794156945, 51.330196145143525 ], [ 30.389479524728305, 51.323502646871724 ], [ 30.393678391439114, 51.315950436121064 ], [ 30.403900918621289, 51.309713265272741 ], [ 30.431828536615157, 51.305643844597718 ], [ 30.438220919333702, 51.308730481978067 ], [ 30.463683020779879, 51.30665688673367 ], [ 30.458646958160003, 51.296248320597172 ], [ 30.46393566513559, 51.294013902139632 ], [ 30.462832102657277, 51.288694331133478 ], [ 30.450418420530472, 51.284296527194286 ], [ 30.453869553526562, 51.273196341986129 ], [ 30.465177171066472, 51.272274361224532 ], [ 30.483611003438671, 51.277981743385453 ], [ 30.506964707546242, 51.27967677613578 ], [ 30.516793256858442, 51.27165792553614 ], [ 30.540746914177387, 51.262477150633977 ], [ 30.570487400234569, 51.267240132341506 ], [ 30.574800390726264, 51.27409742954508 ], [ 30.587593878943402, 51.280253972119112 ], [ 30.602097965808611, 51.280857546058655 ], [ 30.60663069946763, 51.275072145842294 ], [ 30.627740416954367, 51.266108208375286 ], [ 30.641865448875148, 51.264934693927543 ], [ 30.653740806683746, 51.253126284940002 ], [ 30.674830531667599, 51.244154790640962 ], [ 30.719999419758874, 51.240376588205912 ], [ 30.744092053858203, 51.245567979427769 ], [ 30.75407421620217, 51.251942587699574 ], [ 30.805106177403744, 51.26206606041567 ], [ 30.821128645457211, 51.269727826269666 ], [ 30.835478356027306, 51.282940395768293 ], [ 30.840596427926407, 51.293328027602143 ], [ 30.850893435930722, 51.274416980008532 ], [ 30.87041614273345, 51.258326919296294 ], [ 30.891460100020542, 51.249318116540515 ], [ 30.899925430498193, 51.24859529457018 ], [ 30.898005561028533, 51.23974077448392 ], [ 30.86328925998524, 51.21203864376421 ], [ 30.860615053927287, 51.199640838333529 ], [ 30.839508405479886, 51.181595700139894 ], [ 30.821014509927881, 51.148897389849651 ], [ 30.806932484009195, 51.150090596203377 ], [ 30.782886241258762, 51.14491003268737 ], [ 30.766916036701623, 51.137240391416704 ], [ 30.752636393682014, 51.12401601042307 ], [ 30.746237422551683, 51.093896325425249 ], [ 30.75448071484761, 51.07877473548038 ], [ 30.762165438417302, 51.074520135348848 ], [ 30.762342874865258, 51.061881175793495 ], [ 30.761214231843333, 51.056566089226429 ], [ 30.747715324907109, 51.046883212358345 ], [ 30.74227764061694, 51.03471730175194 ], [ 30.741711992381546, 51.018534502872512 ], [ 30.750696751444469, 51.006957513764611 ], [ 30.74882176551365, 50.998098630581275 ], [ 30.72748577020365, 50.978254222524249 ], [ 30.725243498918221, 50.967622763259151 ], [ 30.709720301073354, 50.961713474391026 ], [ 30.69551742351959, 50.948478430328763 ], [ 30.688452155026873, 50.914808444919743 ], [ 30.699493120753822, 50.899456854779096 ], [ 30.698378143797054, 50.894140619968496 ], [ 30.684943587869743, 50.884447272171741 ], [ 30.683089232356007, 50.875586460970709 ], [ 30.676375686227569, 50.870738904651596 ], [ 30.657666867031587, 50.890335194309678 ], [ 30.636726217884721, 50.899294941646424 ], [ 30.617474528010984, 50.902700708966904 ], [ 30.583099482753553, 50.901947806158162 ], [ 30.559205580276966, 50.896712660530618 ], [ 30.540191630549018, 50.887464136754055 ], [ 30.526060294811423, 50.874204545490556 ], [ 30.520706104159498, 50.86202422552855 ], [ 30.520592402274936, 50.847609394112297 ], [ 30.528878512816576, 50.832502621731592 ], [ 30.551152775178547, 50.816240230654451 ], [ 30.572076629292528, 50.80729718558112 ], [ 30.588496476324494, 50.804133080243197 ], [ 30.54616552793868, 50.80583402509091 ], [ 30.522325840469016, 50.800588410922259 ], [ 30.503360466857455, 50.791331386603559 ], [ 30.489272044876966, 50.778065255995138 ], [ 30.484566979065185, 50.755013297860486 ], [ 30.471218074823962, 50.745290665544395 ], [ 30.458418293391404, 50.710281343894373 ], [ 30.445891856374068, 50.718517679334191 ], [ 30.450211615362214, 50.7397989558809 ], [ 30.441191618440541, 50.751353534691759 ], [ 30.444707420133984, 50.754672019842317 ], [ 30.444433133859704, 50.767314652763623 ], [ 30.439560472960348, 50.771318494235906 ], [ 30.445601378764088, 50.787051061112152 ], [ 30.442890607818029, 50.801695770474083 ], [ 30.458327966804944, 50.807645473649117 ], [ 30.472418145803847, 50.820915400157247 ], [ 30.473866756971791, 50.828008525182717 ], [ 30.487242319774637, 50.837729601313761 ], [ 30.491599257887902, 50.859007878711388 ], [ 30.504988103978313, 50.868726244219701 ], [ 30.510815725348102, 50.897095580501556 ], [ 30.501786016444484, 50.908655837090187 ], [ 30.514577514688387, 50.92924109321509 ], [ 30.514078135344107, 50.954525053847668 ], [ 30.505770401169674, 50.969632300439031 ], [ 30.493553730814288, 50.979650329539297 ], [ 30.464474224235122, 50.991046838805261 ], [ 30.422324331070744, 50.994485027384265 ], [ 30.398394975994606, 50.989218130582053 ], [ 30.38253967947972, 50.981489418899706 ], [ 30.38181829012402, 50.977942014482011 ], [ 30.369570981790055, 50.987948450117784 ], [ 30.353427972712456, 50.992859469109504 ], [ 30.354147580801325, 50.996407154796941 ], [ 30.36330061094213, 50.99927321292526 ], [ 30.377430784213569, 51.012553260872849 ], [ 30.383493334832806, 51.028288762380605 ], [ 30.409167832325601, 51.028008640426677 ], [ 30.433118894472468, 51.033272202963659 ], [ 30.44900077401471, 51.040992624003948 ], [ 30.463168731339234, 51.054260264412704 ], [ 30.469374790459781, 51.084405388232867 ], [ 30.461034032362672, 51.099511537619513 ], [ 30.448776114537235, 51.109527225502291 ], [ 30.427695345641446, 51.118456525241328 ], [ 30.388243376288361, 51.121659244547708 ], [ 30.367506191981722, 51.132352142168628 ], [ 30.347771762925571, 51.133945300943367 ], [ 30.348494565704925, 51.137492958883634 ], [ 30.333742151647144, 51.14949950431555 ], [ 30.312618861175675, 51.158409938292301 ], [ 30.293229819846324, 51.161768508115408 ], [ 30.270298123077794, 51.161801187033802 ], [ 30.246292359912118, 51.156506317717749 ], [ 30.227220412257488, 51.147208412152182 ], [ 30.219438549307743, 51.13701042246678 ], [ 30.190898453982921, 51.151895757266672 ], [ 30.171500611102015, 51.155234247098768 ], [ 30.14292453765097, 51.155687763269036 ], [ 30.088951748454466, 51.143705510839474 ], [ 30.04694556821967, 51.163213321375856 ], [ 30.024705653344995, 51.166748149958785 ], [ 29.998592231760469, 51.165171284414896 ], [ 29.988339872782952, 51.171373738466229 ], [ 29.968915003557449, 51.174679421027747 ], [ 29.945968759472052, 51.174648189810469 ], [ 29.939626244579983, 51.171531925301089 ], [ 29.914201038109219, 51.173487837257156 ], [ 29.898283257171741, 51.180116915169762 ], [ 29.90911221626294, 51.206323647261755 ], [ 29.908703152656468, 51.218972616579897 ], [ 29.900153194758808, 51.234048482789085 ], [ 29.887732724647979, 51.244012412833897 ], [ 29.860810264682826, 51.253279821550649 ], [ 29.856869386267245, 51.262592808311048 ], [ 29.844431898075989, 51.27255293679486 ], [ 29.814993453889809, 51.283802925203901 ], [ 29.769665629846742, 51.287233456772022 ], [ 29.745637840524918, 51.281835178861527 ], [ 29.726602583733939, 51.272452477448219 ], [ 29.719242560189691, 51.263993469979503 ], [ 29.679588064308007, 51.266962886068221 ], [ 29.655579666373512, 51.261544958758378 ], [ 29.645738025422826, 51.255068786518287 ], [ 29.597585183537294, 51.258642096732338 ], [ 29.57358900354965, 51.253206547831873 ], [ 29.563760100602359, 51.246722799851277 ], [ 29.5452607506727, 51.255293359611969 ], [ 29.531095353297783, 51.256334217146154 ], [ 29.515419396053158, 51.264692421543799 ], [ 29.470403654434993, 51.269784114526047 ], [ 29.429734947462546, 51.26733471206623 ], [ 29.405750054492529, 51.261863754064699 ], [ 29.395941324553419, 51.255364793576057 ], [ 29.3902730577488, 51.255774112139825 ], [ 29.374474681153028, 51.247903715066215 ], [ 29.36685684420971, 51.237640727041942 ], [ 29.354550329984782, 51.23312028114492 ], [ 29.340627181871959, 51.219705101895023 ], [ 29.334883753102098, 51.2039001400803 ], [ 29.335452032480838, 51.191246144655011 ], [ 29.344186367912254, 51.176204010729258 ], [ 29.359220182541733, 51.164311713535348 ], [ 29.380551107345756, 51.155566885642067 ], [ 29.353802994854426, 51.150286287572499 ], [ 29.338048743458327, 51.142408998814886 ], [ 29.327309796319518, 51.130566470608308 ], [ 29.293384004371884, 51.132994166213983 ], [ 29.269484273836536, 51.127491145240427 ], [ 29.249967424823765, 51.114464944899538 ], [ 29.232370988462353, 51.112110145709934 ], [ 29.21664953054163, 51.104214840827098 ], [ 29.202808179271518, 51.090779580413397 ], [ 29.197449122943119, 51.076744331877165 ], [ 29.202438923049364, 51.056573098711077 ], [ 29.185794792631835, 51.043334396633149 ], [ 29.182323479828604, 51.023760644502431 ], [ 29.176680439018465, 51.0241583359945 ], [ 29.170092491436854, 51.019217269636322 ], [ 29.156299960672875, 51.021989012452636 ], [ 29.157243248218212, 51.027327682024364 ], [ 29.148468915641761, 51.042357178693443 ], [ 29.135923527044575, 51.052245298186989 ], [ 29.124942614698419, 51.054815932655799 ], [ 29.135297580561911, 51.064900662211492 ], [ 29.139697513960115, 51.089815430069351 ], [ 29.145663798418301, 51.091198748789779 ], [ 29.159489363043786, 51.104641572569435 ], [ 29.164224448493968, 51.131334154348949 ], [ 29.155436453812609, 51.146364972418738 ], [ 29.132177107941324, 51.160607066877667 ], [ 29.144444041756259, 51.165152921216084 ], [ 29.148537219992566, 51.172072707645164 ], [ 29.154514693667753, 51.173455080743409 ], [ 29.168370250426122, 51.186895622824125 ], [ 29.173737260087002, 51.20093204167032 ], [ 29.213387115374296, 51.198136632513624 ], [ 29.237319240810493, 51.203649854384189 ], [ 29.253080002637255, 51.211540656603056 ], [ 29.257194091578924, 51.218455681814312 ], [ 29.28081990396463, 51.222180214409562 ], [ 29.299749737992126, 51.23164104892107 ], [ 29.313665495964045, 51.245061510919946 ], [ 29.318761848875518, 51.257310117236592 ], [ 29.316001346124839, 51.273724669616016 ], [ 29.32450863115049, 51.273115833275369 ], [ 29.348491787457395, 51.278603749001697 ], [ 29.36429732507116, 51.286477405558173 ], [ 29.381739138568872, 51.303240966869772 ], [ 29.38718833196512, 51.317263890170317 ], [ 29.386636890221681, 51.329917571767503 ], [ 29.377240200471636, 51.34140670120992 ], [ 29.381814999759474, 51.366305006099992 ], [ 29.370222154904486, 51.381555586096098 ], [ 29.376334306466308, 51.399135705522177 ], [ 29.395359969898031, 51.408576729596739 ], [ 29.401047034994118, 51.408166300105378 ], [ 29.419752285659516, 51.415824630656246 ], [ 29.450372029630387, 51.410000935929261 ], [ 29.455397746124159, 51.406031661982425 ], [ 29.482831666360482, 51.398628414040537 ], [ 29.500216847663328, 51.399161625940906 ], [ 29.505384490274082, 51.411398947754385 ], [ 29.511735432363292, 51.414538812737881 ], [ 29.513398907328639, 51.423427897212441 ], [ 29.521929601870173, 51.422803433053041 ], [ 29.52492891634483, 51.438803298105611 ], [ 29.519573090356602, 51.440997691689681 ], [ 29.521906528861404, 51.45344208396218 ], [ 29.534957850896578, 51.461496683706933 ], [ 29.538969167259236, 51.482828930131795 ], [ 29.544663335179909, 51.482411107647351 ], [ 29.546840823397918, 51.478646819509912 ], [ 29.55253435285028, 51.478228638847618 ], [ 29.554711010068321, 51.474464242614509 ], [ 29.560403901056105, 51.474045703902362 ], [ 29.581158261358432, 51.461703944915428 ], [ 29.60594207738605, 51.470687533211233 ], [ 29.610325206281729, 51.49379309589105 ], [ 29.621713993469225, 51.492950121705796 ], [ 29.628084323436543, 51.496082733628633 ], [ 29.632961493584052, 51.506535053961038 ], [ 29.641166275262982, 51.504123979110922 ], [ 29.64299762808859, 51.498581023897295 ], [ 29.652217577261222, 51.501500754108356 ], [ 29.653235066263147, 51.506832156650702 ], [ 29.672488620177258, 51.501794597534186 ], [ 29.674188570034069, 51.510679777785121 ], [ 29.683753281885295, 51.515373813349157 ], [ 29.701523368383945, 51.517651671659827 ], [ 29.711433879658973, 51.524120110539592 ], [ 29.712459108235858, 51.529450650283913 ], [ 29.741630334345281, 51.53086873797173 ], [ 29.742421190736795, 51.519994620140729 ], [ 29.747430859388011, 51.516013347022771 ], [ 29.741050088760311, 51.512887789065473 ], [ 29.740022130972189, 51.507557642938522 ], [ 29.745716339428327, 51.507129916299576 ], [ 29.742974933453613, 51.492916314068893 ], [ 29.734436161933221, 51.493557476827341 ], [ 29.733409685822437, 51.488227218501883 ], [ 29.734545021228591, 51.479129866832068 ], [ 29.741027549854984, 51.467828507033268 ], [ 29.746374445465278, 51.46562426484055 ], [ 29.744663217138477, 51.456740732670426 ], [ 29.753194883004014, 51.456099149855291 ], [ 29.766384721877984, 51.449698657607804 ], [ 29.783444114481647, 51.448411840682979 ], [ 29.796627167399578, 51.442008222064246 ], [ 29.794037276390856, 51.458426399087607 ], [ 29.81178820183456, 51.460688186252945 ], [ 29.816785488681948, 51.456704525679655 ], [ 29.815405941119813, 51.449599043671256 ], [ 29.830311053224833, 51.45207353420507 ], [ 29.843066451058093, 51.458314674313293 ], [ 29.851249836939846, 51.455889719327779 ], [ 29.850211141003019, 51.450561108992567 ], [ 29.881131855074059, 51.446401623847429 ], [ 29.881068481778254, 51.46082713222242 ], [ 29.889945599666706, 51.461951601470531 ], [ 29.892381507959588, 51.474383623199898 ], [ 29.88669363815637, 51.474818273041244 ], [ 29.887389501528386, 51.478370314156585 ], [ 29.893426002952275, 51.479711599108029 ], [ 29.894470818708854, 51.485039554964537 ], [ 29.920768948410167, 51.486631217571713 ], [ 29.930701154708192, 51.49307978605998 ], [ 29.949211559329108, 51.484446618275392 ], [ 29.947459785723133, 51.475568012654257 ], [ 29.952445911768148, 51.471579008576519 ], [ 29.966661745549896, 51.470483948465791 ], [ 29.972314390220564, 51.484469623725907 ], [ 29.978705309695258, 51.487581908411087 ], [ 29.995064457660682, 51.482712543457424 ], [ 30.011046238264662, 51.4904892300979 ], [ 30.016734110725682, 51.490048455102382 ], [ 30.021698114800135, 51.50048013678429 ], [ 30.013870771686438, 51.50469244176788 ], [ 30.042317304069165, 51.502484719435529 ], [ 30.050141405971697, 51.49827064421801 ], [ 30.078936702867779, 51.497829396434796 ], [ 30.103817087918578, 51.492278844548366 ], [ 30.108790259539173, 51.488283709104749 ], [ 30.120162210950863, 51.487392434007454 ], [ 30.126562711447427, 51.49049606915122 ], [ 30.120176549608708, 51.501814366053104 ], [ 30.124092746277285, 51.506915880859779 ], [ 30.132624876574646, 51.506246242913164 ], [ 30.13190925889425, 51.502696630754336 ], [ 30.139366293625745, 51.496702154423083 ], [ 30.155349951485096, 51.490036155258814 ], [ 30.16387818076447, 51.489364399460861 ], [ 30.167827674736063, 51.508885439275261 ], [ 30.174234341375637, 51.511986142449473 ], [ 30.188093889755056, 51.509089057328715 ] ], [ [ 29.98266494545237, 51.463840959600446 ], [ 29.966697517722412, 51.4560596951397 ], [ 29.952526957747285, 51.44273008652646 ], [ 29.946231841313061, 51.410766907994258 ], [ 29.954792135847928, 51.395686682104113 ], [ 29.967234359707138, 51.385714222816461 ], [ 29.983559586528671, 51.380848196897908 ], [ 29.982858701954026, 51.377297034946956 ], [ 29.995289862382233, 51.367322115239318 ], [ 30.037849992526745, 51.349597874656567 ], [ 30.00633928787979, 51.335820659443641 ], [ 29.992199489602321, 51.322494704909339 ], [ 29.986952277560302, 51.295861141357399 ], [ 29.995481828407886, 51.280779678366521 ], [ 30.010366622344318, 51.268809766781111 ], [ 30.031604096789906, 51.259949050511295 ], [ 30.076872497793776, 51.256418500459844 ], [ 30.100917010752092, 51.26174688710644 ], [ 30.129569341048558, 51.275722052336803 ], [ 30.143730969380371, 51.289029962050407 ], [ 30.149051590575471, 51.301230554438568 ], [ 30.149067646322713, 51.315651912648356 ], [ 30.140585287750564, 51.330742493323534 ], [ 30.128196928788274, 51.340730900142255 ], [ 30.106589916305282, 51.347835285200262 ], [ 30.12572894148774, 51.357150207380776 ], [ 30.139917847697603, 51.370457441496065 ], [ 30.145606514854496, 51.384432613027748 ], [ 30.145267861526047, 51.397079307577386 ], [ 30.140663907925017, 51.402850139902597 ], [ 30.14316265460673, 51.415273647587625 ], [ 30.132538303705008, 51.434137630021304 ], [ 30.120122679963217, 51.444126692049082 ], [ 30.093496505727398, 51.455226602349775 ], [ 30.059754754597705, 51.459663403176023 ], [ 30.049449921790615, 51.465874180193097 ], [ 30.029907431056643, 51.469196063774646 ], [ 30.006813771440505, 51.469184139897003 ], [ 29.98266494545237, 51.463840959600446 ] ], [ [ 30.182692401943807, 51.311194884504992 ], [ 30.166751035402886, 51.303440229539838 ], [ 30.152578033930741, 51.290135676940366 ], [ 30.147258157560664, 51.277935235390487 ], [ 30.147244187177947, 51.263513873544291 ], [ 30.155714579521788, 51.248423581134688 ], [ 30.168074027830965, 51.238433819236306 ], [ 30.189263853498343, 51.22954646512688 ], [ 30.208690871480687, 51.226203469803679 ], [ 30.231656481412546, 51.226181364816412 ], [ 30.255698574621839, 51.231477526966962 ], [ 30.27162680552825, 51.239220426093837 ], [ 30.285814956059017, 51.252509435765532 ], [ 30.291167245567131, 51.264701781113537 ], [ 30.291226774808219, 51.27912082723104 ], [ 30.28279809471606, 51.294219069634927 ], [ 30.270451782139613, 51.304220587356312 ], [ 30.249246807528625, 51.313123764367809 ], [ 30.229787376367948, 51.316475275849925 ], [ 30.20677620744636, 51.316499276635533 ], [ 30.182692401943807, 51.311194884504992 ] ], [ [ 30.594862621668106, 51.232766295815225 ], [ 30.57888789503259, 51.225070599068587 ], [ 30.564628807083508, 51.211821520904635 ], [ 30.558472661571521, 51.196099892586254 ], [ 30.558702435787016, 51.183458184361115 ], [ 30.567762190406768, 51.171891176373613 ], [ 30.565541116186029, 51.161255024950954 ], [ 30.574595415321603, 51.149687818553311 ], [ 30.570524823404782, 51.130188458364941 ], [ 30.577496138371817, 51.122399437403978 ], [ 30.571211367688061, 51.09226405415761 ], [ 30.579513795922857, 51.077151948489458 ], [ 30.594546876066801, 51.066891335458969 ], [ 30.580707967550435, 51.055414647951544 ], [ 30.575312183554104, 51.043238604799321 ], [ 30.575035311659338, 51.014410582796309 ], [ 30.58332578180481, 50.999299090330851 ], [ 30.595526296565776, 50.989272319800662 ], [ 30.616514527385078, 50.980317378481168 ], [ 30.667049131629501, 50.976106543271648 ], [ 30.696981792068431, 50.982618197348494 ], [ 30.712884409067915, 50.99030089414331 ], [ 30.727106526303086, 51.003532879671084 ], [ 30.732535487916834, 51.015699888287521 ], [ 30.732161492923858, 51.040978501099445 ], [ 30.723915744721779, 51.056098485292431 ], [ 30.711729292297527, 51.066138305103969 ], [ 30.700854156180441, 51.068853408776214 ], [ 30.715100395646964, 51.082085836636466 ], [ 30.720913477071498, 51.09602505765055 ], [ 30.720725740872556, 51.10866460181613 ], [ 30.7096512086943, 51.124020775484524 ], [ 30.714343377769804, 51.132644354824983 ], [ 30.714155031776684, 51.145284027383575 ], [ 30.70927171878024, 51.149300239775869 ], [ 30.715659265856917, 51.179422976718449 ], [ 30.706637257103523, 51.190999663132587 ], [ 30.708517093281884, 51.199859374168376 ], [ 30.700241673219764, 51.214979784754377 ], [ 30.688011971093541, 51.225019742503179 ], [ 30.666933504372231, 51.233993027221693 ], [ 30.647547137014769, 51.237411254094198 ], [ 30.618940308640209, 51.237984682108213 ], [ 30.594862621668106, 51.232766295815225 ] ] ], [ [ [ 30.764395093738493, 51.353877121244537 ], [ 30.761185565781933, 51.352343598274118 ], [ 30.761565732269123, 51.354115207151757 ], [ 30.764395093738493, 51.353877121244537 ] ] ], [ [ [ 30.937599165633575, 51.395086032864626 ], [ 30.945817982949187, 51.37995094416312 ], [ 30.953530125983892, 51.375681746469297 ], [ 30.952754431601093, 51.37214060328791 ], [ 30.947096653723776, 51.372625925262547 ], [ 30.940276741565668, 51.367799059447755 ], [ 30.935006357100729, 51.37005442235219 ], [ 30.936049318615861, 51.388003413724526 ], [ 30.927826049940524, 51.403138070213174 ], [ 30.915604886122871, 51.413202223687342 ], [ 30.909941397455682, 51.413686024927216 ], [ 30.910714936046329, 51.417227606898066 ], [ 30.941864503349585, 51.414563018140548 ], [ 30.937599165633575, 51.395086032864626 ] ] ], [ [ [ 30.584028230889409, 51.441049179640139 ], [ 30.588951305415517, 51.43703597532545 ], [ 30.587827573180093, 51.431718483055775 ], [ 30.582904909082526, 51.435731613764538 ], [ 30.584028230889409, 51.441049179640139 ] ] ], [ [ [ 30.581191963276201, 51.441283188816307 ], [ 30.584777303224161, 51.444594211092685 ], [ 30.584028230889409, 51.441049179640139 ], [ 30.581191963276201, 51.441283188816307 ] ] ], [ [ [ 30.583064397461516, 51.450145822548166 ], [ 30.579104303073439, 51.445062220606189 ], [ 30.580227558156434, 51.450379837640362 ], [ 30.583064397461516, 51.450145822548166 ] ] ], [ [ [ 30.775717994074686, 51.4467128674059 ], [ 30.760779764818803, 51.444362345465819 ], [ 30.765741041419492, 51.467392728028784 ], [ 30.771795778023105, 51.468687063588028 ], [ 30.77708611352783, 51.466438088192533 ], [ 30.774410855956081, 51.454037588027205 ], [ 30.779317232329458, 51.450017108961035 ], [ 30.775717994074686, 51.4467128674059 ] ] ], [ [ [ 30.544616024117666, 51.54167818244575 ], [ 30.542895976070877, 51.547229673448413 ], [ 30.551425373849352, 51.546529204213371 ], [ 30.556736605474342, 51.544289255677811 ], [ 30.555987036536003, 51.540743991535507 ], [ 30.549927094586533, 51.53943855795287 ], [ 30.544616024117666, 51.54167818244575 ] ] ], [ [ [ 30.518849357266255, 51.6664239875875 ], [ 30.520724769929529, 51.675287906188842 ], [ 30.529654281005438, 51.676360556659191 ], [ 30.518849357266255, 51.6664239875875 ] ] ], [ [ [ 30.811078037514118, 51.822532979312413 ], [ 30.808608280910363, 51.824544945445815 ], [ 30.811466613026344, 51.824304180275227 ], [ 30.811078037514118, 51.822532979312413 ] ] ], [ [ [ 30.827703870036306, 51.831954908989367 ], [ 30.84225764943535, 51.845157793966436 ], [ 30.844989294711308, 51.857554928178679 ], [ 30.868260304241847, 51.857389830932142 ], [ 30.892707297219506, 51.862532354156343 ], [ 30.916265878657086, 51.876766063795394 ], [ 30.917552694291054, 51.869440070276198 ], [ 30.903754357642931, 51.859789515392535 ], [ 30.897362765861626, 51.844096158596734 ], [ 30.897476096827496, 51.831458090472083 ], [ 30.906553554708449, 51.8198617984485 ], [ 30.905376950855665, 51.814549717364891 ], [ 30.896414333693841, 51.813507811672636 ], [ 30.875512940436778, 51.824302553838422 ], [ 30.855898022874488, 51.827768324712267 ], [ 30.82978369046992, 51.828171459996184 ], [ 30.811466613026344, 51.824304180275227 ], [ 30.827703870036306, 51.831954908989367 ] ] ], [ [ [ 31.11390925620773, 51.87420436791438 ], [ 31.12087988191513, 51.8663811170168 ], [ 31.117219238489231, 51.863090492086734 ], [ 31.111502983354868, 51.863587069215853 ], [ 31.11390925620773, 51.87420436791438 ] ] ], [ [ [ 31.114711676829728, 51.87774344554002 ], [ 31.111451496214624, 51.876222203557958 ], [ 31.111852618473247, 51.877991756689113 ], [ 31.114711676829728, 51.87774344554002 ] ] ], [ [ [ 31.112654986646511, 51.881530854724005 ], [ 31.10939457369593, 51.88000956527668 ], [ 31.109795669703672, 51.881779128611008 ], [ 31.112654986646511, 51.881530854724005 ] ] ], [ [ [ 31.106884216255548, 51.894662556607635 ], [ 31.112604496154766, 51.894165995164727 ], [ 31.110196806928741, 51.883548689203558 ], [ 31.103221939028046, 51.891371549166514 ], [ 31.106884216255548, 51.894662556607635 ] ] ], [ [ [ 31.046341111880743, 51.988312880884322 ], [ 31.030009675170433, 51.980697463118801 ], [ 31.016948465582765, 51.974603277320746 ], [ 31.016076328563351, 51.983699796314106 ], [ 31.046341111880743, 51.988312880884322 ] ] ], [ [ [ 30.159943016307587, 46.106419991409936 ], [ 30.150206595304493, 46.094604408566369 ], [ 30.140289187211774, 46.097205019758569 ], [ 30.144619852874651, 46.107657479681357 ], [ 30.14413998801399, 46.120298367272241 ], [ 30.139623397911805, 46.124263320579075 ], [ 30.142770932029496, 46.127610077763912 ], [ 30.155544980997611, 46.126578843060884 ], [ 30.153467867878671, 46.114144419048735 ], [ 30.159943016307587, 46.106419991409936 ] ] ], [ [ [ 30.170751521324114, 46.433217398551371 ], [ 30.197960723832526, 46.40940764966016 ], [ 30.206880611182992, 46.38527755794847 ], [ 30.228921416963413, 46.361879845560374 ], [ 30.248232769885767, 46.353104122460316 ], [ 30.271313039686294, 46.351218647181369 ], [ 30.27522960400794, 46.343696367874827 ], [ 30.262395495929972, 46.314138219991371 ], [ 30.262238490313006, 46.297947108694402 ], [ 30.278497935668295, 46.271411126754941 ], [ 30.255451665952144, 46.273295573485449 ], [ 30.233907717199344, 46.284054941579022 ], [ 30.215976641797539, 46.285514331380881 ], [ 30.210393490450933, 46.298571059135099 ], [ 30.199081757740501, 46.308491726759989 ], [ 30.179775991532509, 46.31725845199432 ], [ 30.172085589173157, 46.317880946845641 ], [ 30.173582694977778, 46.326761906897602 ], [ 30.165122332495912, 46.338248752194225 ], [ 30.166020473116422, 46.343577420166028 ], [ 30.153921452502605, 46.364359721910041 ], [ 30.14682194721863, 46.368533579368254 ], [ 30.147719257248944, 46.373862494001187 ], [ 30.163247530021838, 46.388812552891331 ], [ 30.167914308706962, 46.401038463779514 ], [ 30.1686486176249, 46.420784171140561 ], [ 30.160775807103075, 46.435824269853683 ], [ 30.170751521324114, 46.433217398551371 ] ] ], [ [ [ 30.41497491669352, 46.324970917178362 ], [ 30.402778072062446, 46.329584668082134 ], [ 30.396317860555598, 46.337322518052389 ], [ 30.404821814702228, 46.356422561067987 ], [ 30.409948967510495, 46.35599691826112 ], [ 30.41497491669352, 46.324970917178362 ] ] ], [ [ [ 31.30930786336739, 46.830558680621202 ], [ 31.314465735592709, 46.830088910987364 ], [ 31.316359883835784, 46.826314045164146 ], [ 31.305702800572618, 46.825483459813235 ], [ 31.30930786336739, 46.830558680621202 ] ] ], [ [ [ 31.165075989207065, 46.872415194597728 ], [ 31.174175187213603, 46.878802670968064 ], [ 31.169902160107089, 46.870180857914328 ], [ 31.165075989207065, 46.872415194597728 ] ] ], [ [ [ 30.576486217568903, 46.929077279540984 ], [ 30.573258596071113, 46.925747989632477 ], [ 30.573896700565683, 46.929295894884099 ], [ 30.576486217568903, 46.929077279540984 ] ] ], [ [ [ 31.086297866360447, 46.969512408185871 ], [ 31.083374033971005, 46.967971493933263 ], [ 31.083710396168403, 46.969742696576184 ], [ 31.086297866360447, 46.969512408185871 ] ] ], [ [ [ 31.236264975260539, 46.983079894512926 ], [ 31.240413629125289, 46.977301287791818 ], [ 31.223870273019166, 46.973391964403191 ], [ 31.218697154169607, 46.973858729642885 ], [ 31.211959283862665, 46.979869920278865 ], [ 31.218979526913266, 47.002652644548277 ], [ 31.231039419091655, 47.010570315240194 ], [ 31.236215880340499, 47.010102715942786 ], [ 31.240024235230379, 47.002553609057451 ], [ 31.236264975260539, 46.983079894512926 ] ] ], [ [ [ 30.329158706585979, 47.122565654057141 ], [ 30.32624493761498, 47.121004168054881 ], [ 30.32655794405672, 47.122779336789193 ], [ 30.329158706585979, 47.122565654057141 ] ] ], [ [ [ 30.32718404643223, 47.126329667828898 ], [ 30.324270103781135, 47.124768140975739 ], [ 30.324583085689646, 47.126543318610288 ], [ 30.32718404643223, 47.126329667828898 ] ] ], [ [ [ 30.325209138996875, 47.130093667451746 ], [ 30.322295022648603, 47.128532099736326 ], [ 30.322607980003685, 47.130307286270209 ], [ 30.325209138996875, 47.130093667451746 ] ] ], [ [ [ 30.323233984202165, 47.133857652911722 ], [ 30.320319694139588, 47.132296044322651 ], [ 30.320632626921018, 47.134071239754981 ], [ 30.323233984202165, 47.133857652911722 ] ] ], [ [ [ 30.321571604245271, 47.139396813201927 ], [ 30.318657026363876, 47.137835179050633 ], [ 30.318969964378411, 47.139610381239528 ], [ 30.321571604245271, 47.139396813201927 ] ] ], [ [ [ 31.10936758519496, 47.104347067572711 ], [ 31.101471776635826, 47.09064117677498 ], [ 31.101696423685794, 47.078012613784672 ], [ 31.110035568819931, 47.066461762711938 ], [ 31.108682271464595, 47.059377637087017 ], [ 31.096288553004648, 47.049675200828993 ], [ 31.093250235557537, 47.033735135271705 ], [ 31.08413005423445, 47.027342307053623 ], [ 31.085478588408971, 47.034427013517437 ], [ 31.079054703268788, 47.042203210314824 ], [ 31.084452028784931, 47.07054217952637 ], [ 31.076781430770779, 47.085634025350529 ], [ 31.06550116992414, 47.095642307665919 ], [ 31.046096957971955, 47.10456845145417 ], [ 31.035719441189578, 47.105487617240193 ], [ 31.034134030927319, 47.111031565389453 ], [ 31.047107257598142, 47.109882540688695 ], [ 31.069212937484163, 47.115126054202591 ], [ 31.081281368648934, 47.123059579642479 ], [ 31.099783800437162, 47.123213818863967 ], [ 31.104634443365775, 47.12098027987264 ], [ 31.10936758519496, 47.104347067572711 ] ] ], [ [ [ 30.31137785652944, 47.156441267467848 ], [ 30.308462523821838, 47.15487941339709 ], [ 30.308775308736102, 47.15665466220225 ], [ 30.31137785652944, 47.156441267467848 ] ] ], [ [ [ 31.296876519409402, 47.213559825696173 ], [ 31.333239445723557, 47.210250184988958 ], [ 31.342051752623753, 47.187829266693299 ], [ 31.355539222243724, 47.175788997219804 ], [ 31.356395238435869, 47.166703717894016 ], [ 31.31487412351666, 47.170491004612863 ], [ 31.292727619435379, 47.165299193884842 ], [ 31.280620231682288, 47.157391398901993 ], [ 31.275430210511708, 47.157862116653064 ], [ 31.266773345532748, 47.167653506978837 ], [ 31.256735196418074, 47.170363790724679 ], [ 31.259836980573084, 47.186295302817129 ], [ 31.257563994122304, 47.215323093558403 ], [ 31.283888193790183, 47.214739085250443 ], [ 31.289775890125643, 47.217807519021584 ], [ 31.296876519409402, 47.213559825696173 ] ] ], [ [ [ 31.254965985157359, 47.215558176707262 ], [ 31.257909075060841, 47.217093253009466 ], [ 31.257563994122304, 47.215323093558403 ], [ 31.254965985157359, 47.215558176707262 ] ] ], [ [ [ 30.602027975265173, 47.461828937419128 ], [ 30.618049108037265, 47.447864956111694 ], [ 30.623278121695879, 47.447422011221875 ], [ 30.619684307162917, 47.442322866397845 ], [ 30.61445574320194, 47.442765611607491 ], [ 30.603339129211879, 47.454513291545915 ], [ 30.595819787744567, 47.456950005022669 ], [ 30.592543492561997, 47.468033925282093 ], [ 30.583382281771751, 47.476012011100593 ], [ 30.594172756311998, 47.476902330937101 ], [ 30.602027975265173, 47.461828937419128 ] ] ], [ [ [ 31.071278179107139, 47.457196907841578 ], [ 31.080355491771446, 47.449185061350292 ], [ 31.099871699053448, 47.440243702321169 ], [ 31.11814325856626, 47.438615708511662 ], [ 31.120067063569113, 47.434841192637471 ], [ 31.106674454582212, 47.434233556814462 ], [ 31.102139453841144, 47.438240352843025 ], [ 31.063323774670227, 47.443491078178532 ], [ 31.03834916857295, 47.465518955542407 ], [ 31.043573277794223, 47.465056724029132 ], [ 31.058681540607807, 47.474527265466399 ], [ 31.063906213494715, 47.474064041478059 ], [ 31.071278179107139, 47.457196907841578 ] ] ], [ [ [ 30.493757213523313, 47.625831713427694 ], [ 30.490840351260822, 47.609864245634533 ], [ 30.498741024500717, 47.59479446040762 ], [ 30.510556800635637, 47.58660142265645 ], [ 30.500745809458721, 47.576614732204867 ], [ 30.495534318188941, 47.562640651040013 ], [ 30.48831731735455, 47.566845837082838 ], [ 30.486989285679947, 47.574161507417131 ], [ 30.475495094286906, 47.584126401925303 ], [ 30.470250202937805, 47.584563548298462 ], [ 30.465973730492166, 47.590323391407082 ], [ 30.446279428645138, 47.599166629593796 ], [ 30.438409121260964, 47.599820411184403 ], [ 30.434127924391476, 47.605579381870079 ], [ 30.423954126088958, 47.608224468560032 ], [ 30.417046336748072, 47.614200479716239 ], [ 30.422938427438144, 47.617314610750689 ], [ 30.433436080612761, 47.616443958689757 ], [ 30.455721267169661, 47.621797230933964 ], [ 30.470460187377729, 47.629576331229543 ], [ 30.477652111087682, 47.639784298263962 ], [ 30.490129134934268, 47.63514085557383 ], [ 30.493757213523313, 47.625831713427694 ] ] ], [ [ [ 31.10200081743432, 47.766137499665071 ], [ 31.104828039377441, 47.753274309918204 ], [ 31.096257857455388, 47.750433148190687 ], [ 31.08575422926123, 47.751366361370508 ], [ 31.068617057415079, 47.745680239573041 ], [ 31.061429210471907, 47.749920462090159 ], [ 31.056309150190259, 47.764787004169115 ], [ 31.049117743454207, 47.769026713921157 ], [ 31.064324748040509, 47.778490319928778 ], [ 31.083959825029606, 47.76954227778662 ], [ 31.10200081743432, 47.766137499665071 ] ] ], [ [ [ 31.237911817917961, 47.858469759163292 ], [ 31.234929533369016, 47.856936702970543 ], [ 31.235281677375728, 47.858706792059749 ], [ 31.237911817917961, 47.858469759163292 ] ] ], [ [ [ 31.232651503015049, 47.858943765577251 ], [ 31.235633855200877, 47.860476878638998 ], [ 31.235281677375728, 47.858706792059749 ], [ 31.232651503015049, 47.858943765577251 ] ] ], [ [ [ 31.413337116411274, 47.957845077444865 ], [ 31.420518652280972, 47.953582422973852 ], [ 31.427453710422849, 47.934925854859273 ], [ 31.439175224640465, 47.92664100728701 ], [ 31.440727126885879, 47.921092330989659 ], [ 31.425296374752726, 47.924311921888041 ], [ 31.395268177226008, 47.921658458766885 ], [ 31.386764115511852, 47.945862167163881 ], [ 31.37538744895274, 47.955911805446377 ], [ 31.365209332371819, 47.958642963795931 ], [ 31.361014118798309, 47.964431609517817 ], [ 31.341365811999204, 47.97342978314618 ], [ 31.40603554095318, 47.974732338033782 ], [ 31.413337116411274, 47.957845077444865 ] ] ], [ [ [ 31.160861221638971, 48.05097735590892 ], [ 31.157868767350617, 48.049442870300119 ], [ 31.15822065301332, 48.051213329196074 ], [ 31.160861221638971, 48.05097735590892 ] ] ], [ [ [ 31.345094283186537, 48.084815196411732 ], [ 31.359015977961661, 48.087151287392679 ], [ 31.35386202259858, 48.075006523727104 ], [ 31.338020386808005, 48.076448611690623 ], [ 31.345094283186537, 48.084815196411732 ] ] ], [ [ [ 31.502448602645494, 48.274032943275543 ], [ 31.498784884564106, 48.256348320230636 ], [ 31.480611804714545, 48.259827212759618 ], [ 31.476776573838119, 48.267389776138344 ], [ 31.469560058167541, 48.271659012557301 ], [ 31.469468668866462, 48.284283414323795 ], [ 31.489202456021257, 48.275255650133388 ], [ 31.502448602645494, 48.274032943275543 ] ] ], [ [ [ 31.228085327362816, 48.345890745779506 ], [ 31.224714412057143, 48.342589354997287 ], [ 31.225430119355181, 48.346129347040659 ], [ 31.228085327362816, 48.345890745779506 ] ] ], [ [ [ 31.580671538152881, 48.364109556044625 ], [ 31.577648076063049, 48.362588372468423 ], [ 31.578018386121101, 48.364356360794687 ], [ 31.580671538152881, 48.364109556044625 ] ] ], [ [ [ 31.578388731970616, 48.366124346443868 ], [ 31.572711974691316, 48.364849789513642 ], [ 31.573082143273595, 48.366617805623655 ], [ 31.578388731970616, 48.366124346443868 ] ] ], [ [ [ 31.351411783241524, 48.406828874842255 ], [ 31.325683803579405, 48.400154714369314 ], [ 31.327856704951184, 48.410771156954723 ], [ 31.352864153999956, 48.413905924805299 ], [ 31.351411783241524, 48.406828874842255 ] ] ], [ [ [ 30.826020680266048, 48.516442248797169 ], [ 30.839945186569114, 48.50442919604999 ], [ 30.845278440868185, 48.503968625370405 ], [ 30.846905004852065, 48.49842219881338 ], [ 30.826856466063429, 48.49294475779665 ], [ 30.799848210352703, 48.493468245261333 ], [ 30.81293136618984, 48.504956191611939 ], [ 30.81940194909788, 48.524220464874212 ], [ 30.824737613120977, 48.523760707210272 ], [ 30.826020680266048, 48.516442248797169 ] ] ], [ [ [ 31.610239806989654, 48.453281689749268 ], [ 31.607209771623552, 48.451761724313165 ], [ 31.607582268746381, 48.45352951458775 ], [ 31.610239806989654, 48.453281689749268 ] ] ], [ [ [ 31.607954801917241, 48.455297302167082 ], [ 31.602267084123842, 48.454024982960824 ], [ 31.602639439231837, 48.455792801134997 ], [ 31.607954801917241, 48.455297302167082 ] ] ], [ [ [ 31.330403088548273, 48.502457678862882 ], [ 31.325078027386162, 48.502940699800426 ], [ 31.325804763012997, 48.506479468254923 ], [ 31.331130182596794, 48.505996387597392 ], [ 31.330403088548273, 48.502457678862882 ] ] ], [ [ [ 31.33415652902622, 48.507524091756217 ], [ 31.331130182596794, 48.505996387597392 ], [ 31.331493782483673, 48.507765738079108 ], [ 31.33415652902622, 48.507524091756217 ] ] ], [ [ [ 31.607013190977259, 48.502251180478908 ], [ 31.603980039721939, 48.500731322182062 ], [ 31.604353065439792, 48.50249911618311 ], [ 31.607013190977259, 48.502251180478908 ] ] ], [ [ [ 31.753582271505717, 49.308853424023773 ], [ 31.765144204664864, 49.29874750766821 ], [ 31.780571558349767, 49.293685422979877 ], [ 31.788254114317933, 49.278533167125246 ], [ 31.774753647625708, 49.279807977969625 ], [ 31.76587459977096, 49.277038893579032 ], [ 31.762419419855604, 49.2863811466447 ], [ 31.750859409366708, 49.29648660982896 ], [ 31.745456704690401, 49.296995108130972 ], [ 31.736592755893369, 49.306845283632903 ], [ 31.703400244252304, 49.318977120759499 ], [ 31.720393482690042, 49.320990025090673 ], [ 31.748609510528279, 49.336371409808891 ], [ 31.745885252085642, 49.324004450132918 ], [ 31.753582271505717, 49.308853424023773 ] ] ], [ [ [ 31.8336953431834, 49.470806109009757 ], [ 31.82699914444359, 49.440781022349398 ], [ 31.837390356367973, 49.425367946667649 ], [ 31.830702623663587, 49.39534299675244 ], [ 31.811719249994724, 49.384517070396669 ], [ 31.803956383747714, 49.374430960822885 ], [ 31.781141264280009, 49.371176270022431 ], [ 31.762177940085476, 49.360340744242301 ], [ 31.763375477969063, 49.378261664768061 ], [ 31.755674024120985, 49.393414025916123 ], [ 31.73945581108671, 49.407563206601793 ], [ 31.726696867494304, 49.412368354179236 ], [ 31.746846740558272, 49.428509087562105 ], [ 31.752317738039721, 49.453242344382602 ], [ 31.76664991231123, 49.455500001318669 ], [ 31.773245176980346, 49.460288877636266 ], [ 31.786795226755579, 49.459010831026042 ], [ 31.81004610678032, 49.464027923014889 ], [ 31.828669040105297, 49.473085989982827 ], [ 31.829457265620547, 49.476618356696697 ], [ 31.844193315094479, 49.480631705016428 ], [ 31.8336953431834, 49.470806109009757 ] ] ], [ [ [ 31.748395395325073, 49.597889923397361 ], [ 31.745284627499611, 49.596378641490595 ], [ 31.745677427250254, 49.598145279219423 ], [ 31.748395395325073, 49.597889923397361 ] ] ], [ [ [ 31.885039633714818, 49.588573665246081 ], [ 31.881925818106058, 49.587066358700156 ], [ 31.882323422510179, 49.588832193721871 ], [ 31.885039633714818, 49.588573665246081 ] ] ], [ [ [ 31.753831215370393, 49.597379023158084 ], [ 31.748395395325073, 49.597889923397361 ], [ 31.75307885061601, 49.606467492260556 ], [ 31.771712739397685, 49.602910765244268 ], [ 31.753831215370393, 49.597379023158084 ] ] ], [ [ [ 31.863831767472689, 49.617645466656199 ], [ 31.877354531487725, 49.60373436329666 ], [ 31.883118748740582, 49.59236385508143 ], [ 31.87920966218724, 49.587324808379144 ], [ 31.854762499328338, 49.589648030874045 ], [ 31.850122347728608, 49.593695663418181 ], [ 31.831499719097522, 49.597264576277439 ], [ 31.798890972207371, 49.600348086086257 ], [ 31.822213186339248, 49.605358177713384 ], [ 31.841689926231208, 49.617942769749661 ], [ 31.863831767472689, 49.617645466656199 ] ] ], [ [ [ 31.517467644448388, 49.951181475528038 ], [ 31.532736317756179, 49.944369516002979 ], [ 31.551520183222948, 49.940839166414356 ], [ 31.579690924239696, 49.94185077260078 ], [ 31.573039415240224, 49.937053426351447 ], [ 31.570301701222601, 49.924680600563882 ], [ 31.564044389385227, 49.921650101989741 ], [ 31.557792778382673, 49.905993722726024 ], [ 31.557798210193059, 49.893368253035881 ], [ 31.565620324521426, 49.878219073347857 ], [ 31.585156607039618, 49.865595163029894 ], [ 31.576174778188179, 49.850192320915482 ], [ 31.577350486737437, 49.830244834038069 ], [ 31.55587854304699, 49.834028269665708 ], [ 31.536358876775576, 49.834021063575555 ], [ 31.518796280495874, 49.830223922795632 ], [ 31.517226497199534, 49.835778413006921 ], [ 31.503149869636626, 49.847890076587497 ], [ 31.497681514545373, 49.848391028909191 ], [ 31.503882654084695, 49.876678621560494 ], [ 31.496040482697534, 49.891824790638125 ], [ 31.481556270171932, 49.902167233227374 ], [ 31.491296970043233, 49.921114938538473 ], [ 31.491663248402368, 49.935509558089244 ], [ 31.483810202125824, 49.95065584526089 ], [ 31.47440079158061, 49.958729569765886 ], [ 31.485363148386114, 49.957728002792955 ], [ 31.497491166146613, 49.962029316394968 ], [ 31.505712939117494, 49.961276564362237 ], [ 31.517467644448388, 49.951181475528038 ] ] ], [ [ [ 31.271712143507017, 50.0041038267711 ], [ 31.267522204476631, 49.9846421456703 ], [ 31.261653741024425, 49.983363660518073 ], [ 31.250381616720617, 49.969944557034196 ], [ 31.236664816297473, 49.971168802211672 ], [ 31.21906718593852, 49.967327192681935 ], [ 31.217838434447568, 49.974649597191508 ], [ 31.198533351883754, 49.98898915646604 ], [ 31.178083842799413, 49.998016939917747 ], [ 31.158864510057033, 49.999719155718289 ], [ 31.154503248649991, 50.005514582460798 ], [ 31.128543904269819, 50.015020149393862 ], [ 31.130048205326791, 50.022100217529825 ], [ 31.121690042652549, 50.035459528377395 ], [ 31.141302599464431, 50.035532539276062 ], [ 31.150408871351473, 50.025711930765219 ], [ 31.170875494948156, 50.016688024860201 ], [ 31.189722628631806, 50.013213718189164 ], [ 31.2120704743106, 50.013031410331863 ], [ 31.235557258842558, 50.018153045271163 ], [ 31.239063595776681, 50.02144700207878 ], [ 31.263016755200731, 50.015701547111448 ], [ 31.279872189958294, 50.015996752310748 ], [ 31.281472964859976, 50.010443344847282 ], [ 31.271712143507017, 50.0041038267711 ] ] ], [ [ [ 31.28261780186925, 50.015750850032568 ], [ 31.284981628139551, 50.013735733272036 ], [ 31.282236151628517, 50.013981684314714 ], [ 31.28261780186925, 50.015750850032568 ] ] ], [ [ [ 31.910744832266147, 50.166992617141581 ], [ 31.922450972082881, 50.156857983603672 ], [ 31.927946709980873, 50.156334676002807 ], [ 31.918075080911908, 50.150057760371638 ], [ 31.912579879641218, 50.150580553633027 ], [ 31.911459010891122, 50.157903830419016 ], [ 31.899750113106229, 50.16803750823324 ], [ 31.884068720054202, 50.17313422103777 ], [ 31.888848835789418, 50.181701559499089 ], [ 31.89628450869807, 50.17738746834948 ], [ 31.90728150192238, 50.176342764741747 ], [ 31.910744832266147, 50.166992617141581 ] ] ], [ [ [ 31.238009229941927, 50.600466227337392 ], [ 31.234841476476664, 50.598943877577774 ], [ 31.235229348100361, 50.60071313112455 ], [ 31.238009229941927, 50.600466227337392 ] ] ], [ [ [ 31.238009229941927, 50.600466227337392 ], [ 31.23839724132252, 50.602235462739273 ], [ 31.241177185058095, 50.60198847803094 ], [ 31.240789072849783, 50.600219258077416 ], [ 31.238009229941927, 50.600466227337392 ] ] ], [ [ [ 31.241565336214791, 50.603757695281423 ], [ 31.243957089845278, 50.601741427848069 ], [ 31.241177185058095, 50.60198847803094 ], [ 31.241565336214791, 50.603757695281423 ] ] ], [ [ [ 31.250682260402751, 50.606554635582327 ], [ 31.244345341834226, 50.603510629645136 ], [ 31.245121962706421, 50.607049025125605 ], [ 31.250682260402751, 50.606554635582327 ] ] ], [ [ [ 31.375201628292299, 50.66937026971565 ], [ 31.391107883751374, 50.664329660877257 ], [ 31.398269929122531, 50.658271979100839 ], [ 31.397499176671438, 50.64210615203887 ], [ 31.378031856360774, 50.643860772800359 ], [ 31.37283774966388, 50.658759550747206 ], [ 31.36766712887691, 50.661028630374211 ], [ 31.369242239828321, 50.668102568293044 ], [ 31.363256012286911, 50.679464299692484 ], [ 31.375201628292299, 50.66937026971565 ] ] ], [ [ [ 31.363649822990009, 50.681232807671904 ], [ 31.360472572947224, 50.679714470981402 ], [ 31.360866282530687, 50.68148299461194 ], [ 31.363649822990009, 50.681232807671904 ] ] ], [ [ [ 31.361653820353521, 50.685020033596075 ], [ 31.358476350520426, 50.683501652480665 ], [ 31.358870038065501, 50.685270186242626 ], [ 31.361653820353521, 50.685020033596075 ] ] ], [ [ [ 31.358870038065501, 50.685270186242626 ], [ 31.3493080403452, 50.693344498534273 ], [ 31.357660957274472, 50.692594443343268 ], [ 31.358870038065501, 50.685270186242626 ] ] ], [ [ [ 31.346917034936002, 50.69536298386658 ], [ 31.343739231378009, 50.693844207201479 ], [ 31.34413250946757, 50.695612821017605 ], [ 31.346917034936002, 50.69536298386658 ] ] ], [ [ [ 31.341741160850738, 50.697631219226125 ], [ 31.338563339983796, 50.69611229841383 ], [ 31.338956455111127, 50.697880940730712 ], [ 31.341741160850738, 50.697631219226125 ] ] ], [ [ [ 31.336564763240926, 50.699899251780437 ], [ 31.333386925127467, 50.698380186808855 ], [ 31.333779877238491, 50.700148857615034 ], [ 31.336564763240926, 50.699899251780437 ] ] ], [ [ [ 31.331387842069223, 50.702167081470954 ], [ 31.328209986771622, 50.700647872327949 ], [ 31.328602775812321, 50.702416571612005 ], [ 31.331387842069223, 50.702167081470954 ] ] ], [ [ [ 31.321032428890764, 50.706702132026152 ], [ 31.325817670079029, 50.702665996093295 ], [ 31.309106207215866, 50.704161164000844 ], [ 31.321032428890764, 50.706702132026152 ] ] ], [ [ [ 31.378056184478588, 50.885592685122042 ], [ 31.354501371035038, 50.882295372314886 ], [ 31.313418744081922, 50.86432439671195 ], [ 31.302991499326609, 50.881491086165994 ], [ 31.332926632543348, 50.887836174360871 ], [ 31.34888750050883, 50.895426948125277 ], [ 31.349680147550469, 50.898963993110229 ], [ 31.358069787713188, 50.898211737911382 ], [ 31.378850763009059, 50.889129406387809 ], [ 31.378056184478588, 50.885592685122042 ] ] ], [ [ [ 31.447936794679705, 50.891918641326868 ], [ 31.471879770336216, 50.871707327575464 ], [ 31.471078645533559, 50.868171653242129 ], [ 31.465491214999343, 50.868678422721992 ], [ 31.461897088165749, 50.865395927708185 ], [ 31.436354566687719, 50.878533098851506 ], [ 31.41998496192064, 50.881815976144146 ], [ 31.420782608116468, 50.885352224213264 ], [ 31.444341786342637, 50.888635622419287 ], [ 31.447936794679705, 50.891918641326868 ] ] ], [ [ [ 31.63319945110106, 50.977851281590247 ], [ 31.637223429305493, 50.982894084654674 ], [ 31.640022449305931, 50.982636211465582 ], [ 31.638796917417782, 50.977335698245653 ], [ 31.63319945110106, 50.977851281590247 ] ] ], [ [ [ 31.646564889001716, 51.010905174043693 ], [ 31.63822476268761, 51.024305193939909 ], [ 31.671840080984225, 51.021204267059112 ], [ 31.67340993606652, 51.015645550637828 ], [ 31.685769803335482, 51.007284379003067 ], [ 31.654491296919677, 50.995738114223393 ], [ 31.642821428082293, 50.982378272139137 ], [ 31.646564889001716, 51.010905174043693 ] ] ], [ [ [ 31.612591565436166, 51.111474935805312 ], [ 31.619783499631566, 51.105400774963989 ], [ 31.610545049052995, 51.102640132202893 ], [ 31.595641263859843, 51.087766712455782 ], [ 31.574824645386457, 51.096891069766585 ], [ 31.557984956733254, 51.098430388508604 ], [ 31.567627505454997, 51.102962687892372 ], [ 31.579312438577713, 51.116329830619044 ], [ 31.584927611042648, 51.115815838321254 ], [ 31.601009994310004, 51.123364814488099 ], [ 31.601828354123061, 51.126898842394894 ], [ 31.607034987432392, 51.124616713039323 ], [ 31.612591565436166, 51.111474935805312 ] ] ], [ [ [ 31.446891767211817, 51.113935066202103 ], [ 31.427229952054372, 51.115709622612002 ], [ 31.436472899369623, 51.131114675215727 ], [ 31.439282703303132, 51.13086109057091 ], [ 31.446891767211817, 51.113935066202103 ] ] ], [ [ [ 31.472679966680115, 51.176559974625533 ], [ 31.469462804048504, 51.175046767741243 ], [ 31.469867688533345, 51.176814523042673 ], [ 31.472679966680115, 51.176559974625533 ] ] ], [ [ [ 31.467055369366509, 51.177069004753584 ], [ 31.470272614038208, 51.178582275500951 ], [ 31.469867688533345, 51.176814523042673 ], [ 31.467055369366509, 51.177069004753584 ] ] ], [ [ [ 31.468269957284598, 51.182372301519926 ], [ 31.465052485662802, 51.180858985714856 ], [ 31.465457285413112, 51.182626764432371 ], [ 31.468269957284598, 51.182372301519926 ] ] ], [ [ [ 31.727366314267112, 51.173067411033486 ], [ 31.723405101348021, 51.180653832925692 ], [ 31.734230528221648, 51.177844591169503 ], [ 31.727366314267112, 51.173067411033486 ] ] ], [ [ [ 31.723819776245701, 51.182420119819085 ], [ 31.720594877908859, 51.18091442086002 ], [ 31.721009449256751, 51.182680724096429 ], [ 31.723819776245701, 51.182420119819085 ] ] ], [ [ [ 31.710271122721551, 51.198113719941539 ], [ 31.707045429647614, 51.196607677747508 ], [ 31.707459715032034, 51.198374055380654 ], [ 31.710271122721551, 51.198113719941539 ] ] ], [ [ [ 31.732611090609364, 51.280868197006328 ], [ 31.758684114422309, 51.269422574157247 ], [ 31.751802308907578, 51.264647743482499 ], [ 31.749301146569437, 51.254051108214753 ], [ 31.724289676587254, 51.245543515522662 ], [ 31.709712230869233, 51.232455761558491 ], [ 31.703581726648395, 51.21858516012221 ], [ 31.703493505387833, 51.2059601380682 ], [ 31.70828841167538, 51.201906801800568 ], [ 31.704648265386172, 51.198634324207077 ], [ 31.681410202432168, 51.209806405138941 ], [ 31.682650827160504, 51.215105965557669 ], [ 31.667505242373313, 51.236355445123522 ], [ 31.688445397909536, 51.239836897617742 ], [ 31.704589615075534, 51.24736801884498 ], [ 31.730112894454635, 51.270270917037664 ], [ 31.732611090609364, 51.280868197006328 ] ] ], [ [ [ 32.135957392261005, 51.282450453086163 ], [ 32.108919358903023, 51.277830067745761 ], [ 32.095487120388405, 51.293562745063312 ], [ 32.124052219050419, 51.29262353937218 ], [ 32.128814909875793, 51.288554412152727 ], [ 32.145691731319133, 51.286928673157242 ], [ 32.135957392261005, 51.282450453086163 ] ] ], [ [ [ 31.999373793047578, 51.300938761425492 ], [ 31.996131935423854, 51.299441783025166 ], [ 31.99655883509153, 51.30120642036924 ], [ 31.999373793047578, 51.300938761425492 ] ] ], [ [ [ 32.095917738907147, 51.29532678629392 ], [ 32.089859907848854, 51.294102561466751 ], [ 32.090290318997262, 51.295866636539529 ], [ 32.095917738907147, 51.29532678629392 ] ] ], [ [ [ 32.030946886941912, 51.312374013419245 ], [ 32.04655120122198, 51.305468862595873 ], [ 32.026846806362478, 51.307349130839199 ], [ 32.026418651458677, 51.305584677027397 ], [ 32.020788641318987, 51.306121262839739 ], [ 32.020360737507239, 51.30435677227883 ], [ 32.014730761587323, 51.304893057756814 ], [ 32.014303108845219, 51.303128530468115 ], [ 32.008673167250329, 51.303664515626615 ], [ 32.008245765555472, 51.301899951631469 ], [ 32.002615858390811, 51.302435636485349 ], [ 32.002188707720769, 51.300671035805067 ], [ 31.999373793047578, 51.300938761425492 ], [ 32.000227929952572, 51.304467993278344 ], [ 32.012770936389465, 51.308690179394304 ], [ 32.020969385409508, 51.318740920647066 ], [ 32.026600936824273, 51.318204232631331 ], [ 32.030946886941912, 51.312374013419245 ] ] ], [ [ [ 31.569832473818799, 51.348182360840276 ], [ 31.568598955439388, 51.342880960437832 ], [ 31.543613532121558, 51.346962835062456 ], [ 31.520217325086513, 51.345480994867209 ], [ 31.51256871535919, 51.349784581461357 ], [ 31.5150237996138, 51.360389275590414 ], [ 31.561832562459703, 51.363349391119591 ], [ 31.569832473818799, 51.348182360840276 ] ] ], [ [ [ 32.247404637911778, 51.302354848653863 ], [ 32.2244665157273, 51.302778724141184 ], [ 32.22296055193231, 51.308341603840844 ], [ 32.22989487634257, 51.313084958707584 ], [ 32.255651164230336, 51.312385831944745 ], [ 32.25715310873867, 51.306822755745507 ], [ 32.247404637911778, 51.302354848653863 ] ] ], [ [ [ 31.97447214506839, 51.483830897050247 ], [ 31.971216964303277, 51.482333898714785 ], [ 31.971645701510997, 51.484098630312801 ], [ 31.97447214506839, 51.483830897050247 ] ] ], [ [ [ 31.980124901315417, 51.48329522912065 ], [ 31.97447214506839, 51.483830897050247 ], [ 31.9753299603336, 51.487360317336979 ], [ 31.983809659229859, 51.48655661379329 ], [ 31.980124901315417, 51.48329522912065 ] ] ], [ [ [ 31.8537911712978, 51.643228101761039 ], [ 31.900470378666213, 51.644267809601104 ], [ 31.915776129479593, 51.635607142305695 ], [ 31.941302036516618, 51.633202256048236 ], [ 31.938723575155262, 51.622613001305851 ], [ 31.929358739315742, 51.619885058033951 ], [ 31.91458832729251, 51.606833054607712 ], [ 31.908756454226531, 51.594744366157805 ], [ 31.907311264236231, 51.576827041712448 ], [ 31.917622651261674, 51.559608621868037 ], [ 31.903463802687472, 51.560941146161134 ], [ 31.879101909265568, 51.556008668782638 ], [ 31.872160199134129, 51.551244103223183 ], [ 31.866922714284645, 51.553540393756393 ], [ 31.876421768662151, 51.568896969642402 ], [ 31.877000654658485, 51.583284855524361 ], [ 31.867522104142097, 51.60403154136759 ], [ 31.853068279113796, 51.616216506543381 ], [ 31.832082228603653, 51.625399000457044 ], [ 31.823572326445188, 51.626193236800148 ], [ 31.824563191356528, 51.642347973622165 ], [ 31.819738336364892, 51.646408463541654 ], [ 31.826691147474698, 51.65117571537656 ], [ 31.834353688192827, 51.646849994452708 ], [ 31.8537911712978, 51.643228101761039 ] ] ], [ [ [ 32.325144844982262, 51.567443026913466 ], [ 32.322760270933173, 51.569482097495701 ], [ 32.325588584895414, 51.569205583895474 ], [ 32.325144844982262, 51.567443026913466 ] ] ], [ [ [ 32.332133112596267, 51.572177390059565 ], [ 32.331245077355881, 51.568652355349521 ], [ 32.325588584895414, 51.569205583895474 ], [ 32.326032369959883, 51.570968137613889 ], [ 32.332133112596267, 51.572177390059565 ] ] ], [ [ [ 31.552143116625697, 51.705334371298221 ], [ 31.546870291853054, 51.707618114049389 ], [ 31.54894913721661, 51.71645384445668 ], [ 31.559495945747479, 51.711885852949244 ], [ 31.552143116625697, 51.705334371298221 ] ] ], [ [ [ 31.269423048062436, 51.916532887351309 ], [ 31.29597769430741, 51.90516453509403 ], [ 31.286174924310231, 51.90061703900821 ], [ 31.281683460526686, 51.893795204249919 ], [ 31.264531370880732, 51.895308707501634 ], [ 31.259628099152547, 51.89935011499248 ], [ 31.254307358894124, 51.914255714551494 ], [ 31.246540821311797, 51.918548578176875 ], [ 31.254705816195187, 51.928657578783778 ], [ 31.260427761712609, 51.928153602337673 ], [ 31.259612430125181, 51.924616173446324 ], [ 31.269423048062436, 51.916532887351309 ] ] ], [ [ [ 32.115835794147856, 51.97415500297155 ], [ 32.103294793576516, 51.959099616876379 ], [ 32.077598324870216, 51.961550500324208 ], [ 32.073208009026459, 51.967386332140549 ], [ 32.099141610227342, 51.977555513387259 ], [ 32.100024533403428, 51.98108313932358 ], [ 32.115835794147856, 51.97415500297155 ] ] ], [ [ [ 32.451559494691942, 51.983110500223326 ], [ 32.447674227807354, 51.990719396928853 ], [ 32.47335424376832, 51.988186810621976 ], [ 32.468676789198696, 51.981422330378237 ], [ 32.451559494691942, 51.983110500223326 ] ] ], [ [ [ 32.131580268121866, 52.048501930680999 ], [ 32.129163603565551, 52.050539153087797 ], [ 32.132024110710503, 52.050265527713712 ], [ 32.131580268121866, 52.048501930680999 ] ] ], [ [ [ 32.132467998902463, 52.052029121529941 ], [ 32.137744988180131, 52.049718071682157 ], [ 32.132024110710503, 52.050265527713712 ], [ 32.132467998902463, 52.052029121529941 ] ] ], [ [ [ 32.233560038006225, 52.069405477274856 ], [ 32.232388075552436, 52.053262530214077 ], [ 32.221571689862344, 52.045275323464558 ], [ 32.17098800468348, 52.053755628679042 ], [ 32.138189092883017, 52.051481630968325 ], [ 32.1447987836804, 52.054460906508766 ], [ 32.14371580779914, 52.061788967483992 ], [ 32.154968749190239, 52.071547459212532 ], [ 32.174998955721342, 52.069625717413182 ], [ 32.181613719226831, 52.072602613675379 ], [ 32.193059043316126, 52.071502283259115 ], [ 32.192165917365806, 52.067975840623795 ], [ 32.197887870971257, 52.067425334200244 ], [ 32.202983562396348, 52.075965800101564 ], [ 32.213533982914427, 52.071337164966195 ], [ 32.233560038006225, 52.069405477274856 ] ], [ [ 32.197887870971257, 52.067425334200244 ], [ 32.200301959994938, 52.065386804240205 ], [ 32.200748778925281, 52.067149978344979 ], [ 32.197887870971257, 52.067425334200244 ] ] ], [ [ [ 31.695676137543774, 52.111024203706926 ], [ 31.692380056393965, 52.109521254250602 ], [ 31.692807530977639, 52.111287443840965 ], [ 31.695676137543774, 52.111024203706926 ] ] ], [ [ [ 31.542436384182778, 46.562328929158802 ], [ 31.539525611687008, 46.560799173909039 ], [ 31.539872062516295, 46.562567934067623 ], [ 31.542436384182778, 46.562328929158802 ] ] ], [ [ [ 32.267260325729431, 46.532008147799523 ], [ 32.276006828477293, 46.523929615844636 ], [ 32.304824740677766, 46.512040956600266 ], [ 32.286936380934314, 46.513830830087869 ], [ 32.278529788736783, 46.511068326825743 ], [ 32.264673375030831, 46.519656989158655 ], [ 32.242036056421099, 46.523714561304352 ], [ 32.223771766323331, 46.523730243560529 ], [ 32.209885031833238, 46.519705813258824 ], [ 32.195646771280714, 46.526522276909958 ], [ 32.202230813971077, 46.533074519716806 ], [ 32.220498933575477, 46.533062064836351 ], [ 32.242430144513641, 46.538085896359227 ], [ 32.257432160827449, 46.547399194758249 ], [ 32.262177262916666, 46.545124653589866 ], [ 32.267260325729431, 46.532008147799523 ] ] ], [ [ [ 31.305189323998764, 46.686846338636961 ], [ 31.295240452588455, 46.689552746230362 ], [ 31.297281130626327, 46.700173367502543 ], [ 31.305189323998764, 46.686846338636961 ] ] ], [ [ [ 31.809132035373725, 46.69385084316589 ], [ 31.787160293939451, 46.688744210450224 ], [ 31.766339050079786, 46.676318800458461 ], [ 31.74836361781702, 46.678028948333591 ], [ 31.760055724082076, 46.684121849784226 ], [ 31.760766039940645, 46.687656728437744 ], [ 31.782379722748267, 46.691001451064068 ], [ 31.791509642862401, 46.697335457970354 ], [ 31.809132035373725, 46.69385084316589 ] ] ], [ [ [ 31.642475551052655, 46.711458977169677 ], [ 31.648076357143776, 46.700124632840179 ], [ 31.639663620832405, 46.697313933335188 ], [ 31.627164816298333, 46.700290158030462 ], [ 31.60882276995412, 46.700210774913295 ], [ 31.600411590260101, 46.697396976205063 ], [ 31.603914024609949, 46.715080530450201 ], [ 31.628456652347616, 46.719981948542561 ], [ 31.643070245892758, 46.727613921996507 ], [ 31.643773995873939, 46.731150140289856 ], [ 31.642475551052655, 46.711458977169677 ] ] ], [ [ [ 32.023872921323921, 46.770386392762582 ], [ 32.02937793689658, 46.771650763901349 ], [ 32.029393121129921, 46.759039280768171 ], [ 32.022778608626844, 46.765088836674067 ], [ 32.023872921323921, 46.770386392762582 ] ] ], [ [ [ 32.094368453159426, 46.857166078765708 ], [ 32.092163053025637, 46.859184064220265 ], [ 32.094736711100722, 46.858931473526965 ], [ 32.094368453159426, 46.857166078765708 ] ] ], [ [ [ 32.113129139082815, 46.871537049798363 ], [ 32.112022174043616, 46.866241202893761 ], [ 32.094736711100722, 46.858931473526965 ], [ 32.102095174563324, 46.869018246024204 ], [ 32.113129139082815, 46.871537049798363 ] ] ], [ [ [ 31.396691951205696, 47.049526087160551 ], [ 31.393755577384557, 47.047994249375705 ], [ 31.394103151956593, 47.049763692641193 ], [ 31.396691951205696, 47.049526087160551 ] ] ], [ [ [ 31.66297691059944, 47.049982299682391 ], [ 31.660033943905294, 47.048458010776812 ], [ 31.660390327545581, 47.050225924193349 ], [ 31.66297691059944, 47.049982299682391 ] ] ], [ [ [ 31.661103196201321, 47.05376174318085 ], [ 31.657803710701323, 47.050469491233201 ], [ 31.638888273764938, 47.061256159303049 ], [ 31.656998660515882, 47.059552678345909 ], [ 31.661103196201321, 47.05376174318085 ] ] ], [ [ [ 31.48402561883216, 47.10452398608868 ], [ 31.507819355431039, 47.091510265207923 ], [ 31.525595329189837, 47.088058018850525 ], [ 31.549253291780126, 47.08765796077153 ], [ 31.577269846862119, 47.095853105711996 ], [ 31.579150810885583, 47.092074446830914 ], [ 31.598799721698725, 47.084832454831108 ], [ 31.598090201746214, 47.081295932205059 ], [ 31.609257666379825, 47.071242686647025 ], [ 31.628538738815386, 47.062228311913074 ], [ 31.597486899344865, 47.065139247967018 ], [ 31.575367869162939, 47.060001683149402 ], [ 31.560662409949796, 47.052367117033633 ], [ 31.55043025346616, 47.040711115016741 ], [ 31.53043666067051, 47.046175206915187 ], [ 31.509384188639721, 47.046329734769792 ], [ 31.48175338847296, 47.039883850859574 ], [ 31.462800420417206, 47.05064345333551 ], [ 31.437264962774893, 47.05480109930555 ], [ 31.418794763622905, 47.05470039052399 ], [ 31.418446312351783, 47.052931089007473 ], [ 31.413268712760626, 47.053407251961609 ], [ 31.412920460007847, 47.051637918634945 ], [ 31.407742893698458, 47.052113821859152 ], [ 31.407394839445832, 47.050344456739992 ], [ 31.402217306494205, 47.050820100248238 ], [ 31.401869450723577, 47.049050703354261 ], [ 31.396691951205696, 47.049526087160551 ], [ 31.396034715790876, 47.073003964013871 ], [ 31.400909076915919, 47.097775651979461 ], [ 31.392633474886747, 47.109343483348994 ], [ 31.394375221677482, 47.118190612118077 ], [ 31.404046018024236, 47.113700047655819 ], [ 31.434795942609593, 47.109070152086566 ], [ 31.453284846887414, 47.109166760573359 ], [ 31.475417414664406, 47.114327631965772 ], [ 31.48402561883216, 47.10452398608868 ] ] ], [ [ [ 32.307407020742808, 47.055860301167741 ], [ 32.314707395053986, 47.040715114783133 ], [ 32.321692278729749, 47.03641200127943 ], [ 32.320936253951345, 47.032884091581693 ], [ 32.294757621579855, 47.03370139417558 ], [ 32.290351052683484, 47.037745256982483 ], [ 32.259382721260494, 47.040834246138829 ], [ 32.271266712693446, 47.059469752943166 ], [ 32.270568478165188, 47.068548463292331 ], [ 32.3092966373842, 47.064680436108993 ], [ 32.307407020742808, 47.055860301167741 ] ] ], [ [ [ 32.164931384754091, 47.179931447306259 ], [ 32.187810999337906, 47.163255654564338 ], [ 32.188897233570039, 47.155940764882729 ], [ 32.175961243953097, 47.157219830169382 ], [ 32.153765441175622, 47.1522035903266 ], [ 32.138961181545078, 47.14465345729527 ], [ 32.124883596919524, 47.128020984335777 ], [ 32.119710875355558, 47.128529663172237 ], [ 32.104918020411823, 47.120974133307165 ], [ 32.087901444118394, 47.102824209888084 ], [ 32.068328642009426, 47.110146489853364 ], [ 32.069070007874011, 47.113677436534118 ], [ 32.085328619647001, 47.115688684008141 ], [ 32.100117479127412, 47.123247134440412 ], [ 32.113441168065307, 47.136353054506955 ], [ 32.117913477766855, 47.157535195923998 ], [ 32.139735750800234, 47.16079357889074 ], [ 32.154545076628196, 47.168343246417344 ], [ 32.164931384754091, 47.179931447306259 ] ] ], [ [ [ 31.91897255923908, 47.369701870970466 ], [ 31.897089320877825, 47.353791287862691 ], [ 31.891204129035305, 47.325528102058193 ], [ 31.898654000983349, 47.310396655695719 ], [ 31.909799965057648, 47.300314057619488 ], [ 31.929098033274698, 47.291245396091163 ], [ 31.962843120926816, 47.287982358385122 ], [ 31.960996321243208, 47.279152046794259 ], [ 31.969159573661081, 47.267550285259439 ], [ 31.967682278231816, 47.260486167583963 ], [ 31.955092454230623, 47.250894588219623 ], [ 31.94918239579318, 47.23525034594504 ], [ 31.949197552372933, 47.222636427307464 ], [ 31.957356908889388, 47.211036113222441 ], [ 31.951084894951343, 47.193625621451446 ], [ 31.952588597578956, 47.175462662881657 ], [ 31.960006127828969, 47.160330616369059 ], [ 31.973332994837541, 47.148228602827686 ], [ 31.983318984894307, 47.145457947514046 ], [ 31.988873497063519, 47.134108249350213 ], [ 31.999968908764497, 47.124021402295227 ], [ 32.024362241779798, 47.114440000418597 ], [ 32.007736164101786, 47.11065388758864 ], [ 31.995548638081313, 47.102830605195656 ], [ 31.99074407229152, 47.105099184455995 ], [ 31.98777894336072, 47.116197421138956 ], [ 31.967802149457899, 47.134351134445211 ], [ 31.9485650542196, 47.143421051562548 ], [ 31.925265994311282, 47.145673006801943 ], [ 31.918963781781766, 47.153488078948165 ], [ 31.930765454427465, 47.172167549752032 ], [ 31.935150913379942, 47.205976875029755 ], [ 31.924005758262659, 47.228674239024329 ], [ 31.919186949793712, 47.230940982295408 ], [ 31.916203791970016, 47.242039326563891 ], [ 31.905069681232511, 47.252121387497837 ], [ 31.885780031619881, 47.26118506749345 ], [ 31.8624244106216, 47.263428462936886 ], [ 31.8686800907963, 47.280845746094109 ], [ 31.86864786908124, 47.293461302781921 ], [ 31.864187018365566, 47.297493004864421 ], [ 31.866751864593382, 47.30985941700736 ], [ 31.859292420666851, 47.324989477772093 ], [ 31.854462141809737, 47.32725441046918 ], [ 31.851462908081977, 47.338352717095518 ], [ 31.835830567891936, 47.352462283125512 ], [ 31.828396762835848, 47.354975125996837 ], [ 31.826450255571519, 47.383990388257573 ], [ 31.840958582741422, 47.377197089096384 ], [ 31.858797560697578, 47.373686227845219 ], [ 31.885170370920605, 47.372956208494848 ], [ 31.907447187912691, 47.378020154068793 ], [ 31.92229534193461, 47.385598390135144 ], [ 31.91897255923908, 47.369701870970466 ] ] ], [ [ [ 31.567057318753402, 47.294975900716338 ], [ 31.564101745171193, 47.293449912737231 ], [ 31.56445799518416, 47.295218306522926 ], [ 31.567057318753402, 47.294975900716338 ] ] ], [ [ [ 31.558440324685773, 47.304787329367763 ], [ 31.563283642173921, 47.302534263124059 ], [ 31.56445799518416, 47.295218306522926 ], [ 31.546973211702451, 47.300450510707314 ], [ 31.558440324685773, 47.304787329367763 ] ] ], [ [ [ 32.154370508858072, 47.242237457666704 ], [ 32.155086034059082, 47.23315737129159 ], [ 32.135853696988903, 47.242259723733468 ], [ 32.12548628111837, 47.24327970356854 ], [ 32.129201422235496, 47.248320003933465 ], [ 32.143661465490737, 47.254104288221086 ], [ 32.157409956300292, 47.268966591049647 ], [ 32.164060874380134, 47.262904677177943 ], [ 32.154370508858072, 47.242237457666704 ] ] ], [ [ [ 32.138676445224313, 47.330276890040437 ], [ 32.1397690228385, 47.322961437789296 ], [ 32.110117615100073, 47.333084248307138 ], [ 32.112743067545537, 47.345440266047206 ], [ 32.11793706802591, 47.344930138075924 ], [ 32.127230509043535, 47.35122471882422 ], [ 32.132424818455725, 47.35071388732127 ], [ 32.13054569059382, 47.34188877924209 ], [ 32.138676445224313, 47.330276890040437 ] ] ], [ [ [ 32.395416247563048, 47.340748545785701 ], [ 32.386096423685544, 47.334478627316095 ], [ 32.380430992052091, 47.320631830333568 ], [ 32.34930750011398, 47.323759276073048 ], [ 32.327027407844668, 47.318784321703987 ], [ 32.309175732535152, 47.309758161292073 ], [ 32.305057772392487, 47.302961571466177 ], [ 32.292852496195415, 47.307784887300009 ], [ 32.293613950137257, 47.311312975295557 ], [ 32.30513206299004, 47.315568582724858 ], [ 32.30925132141499, 47.322365101569702 ], [ 32.329702120126193, 47.331131080291087 ], [ 32.337185832400053, 47.341193873476882 ], [ 32.353520311698176, 47.343159729325883 ], [ 32.371774839567053, 47.353940876473523 ], [ 32.385518740242965, 47.356162537589505 ], [ 32.399934084091662, 47.349304023864811 ], [ 32.395416247563048, 47.340748545785701 ] ] ], [ [ [ 31.805551553087152, 47.41121174991779 ], [ 31.802582881523247, 47.409693053583787 ], [ 31.802948562965383, 47.411460021727478 ], [ 31.805551553087152, 47.41121174991779 ] ] ], [ [ [ 31.939738193592454, 47.405537506414355 ], [ 31.936396499027158, 47.402256450594614 ], [ 31.93713665501604, 47.405788801948617 ], [ 31.939738193592454, 47.405537506414355 ] ] ], [ [ [ 31.603671495451419, 47.462716129947744 ], [ 31.616793969474138, 47.448875357592975 ], [ 31.636202339705108, 47.439848506701004 ], [ 31.651836789813885, 47.438380065258791 ], [ 31.654881712933388, 47.427283194667687 ], [ 31.661974427580049, 47.423012537041579 ], [ 31.66053019148988, 47.415941361351031 ], [ 31.666537625001297, 47.406367220098709 ], [ 31.651995259216388, 47.413140481624779 ], [ 31.634123772841654, 47.416620753495202 ], [ 31.609961290460117, 47.415282067335625 ], [ 31.598547933000511, 47.450583042934895 ], [ 31.587309093527775, 47.460642150719366 ], [ 31.56788365420746, 47.46966185465152 ], [ 31.547377254942283, 47.4733734408766 ], [ 31.545842639820162, 47.478921428478273 ], [ 31.571926396342651, 47.476491894637071 ], [ 31.591620760508835, 47.481860481309234 ], [ 31.599085766554055, 47.479360941455802 ], [ 31.603671495451419, 47.462716129947744 ] ] ], [ [ [ 31.823919043501366, 47.486939181438288 ], [ 31.837016070542024, 47.460460393860565 ], [ 31.82252207956299, 47.454638384193778 ], [ 31.809170479848973, 47.441498067471919 ], [ 31.800345538013659, 47.411708235407374 ], [ 31.796601450709236, 47.41927251710225 ], [ 31.797654751668876, 47.437190653205441 ], [ 31.813607211715308, 47.450084030460523 ], [ 31.819146206753135, 47.463970292571574 ], [ 31.817971538323299, 47.483903391301197 ], [ 31.823919043501366, 47.486939181438288 ] ] ], [ [ [ 32.075788453461861, 47.433756347526824 ], [ 32.067233514865521, 47.430988898951128 ], [ 32.066505834606303, 47.440070156203092 ], [ 32.075788453461861, 47.433756347526824 ] ] ], [ [ [ 32.066880738680176, 47.441835541036411 ], [ 32.063903715027557, 47.440324467351196 ], [ 32.064278535376175, 47.442089867808704 ], [ 32.066880738680176, 47.441835541036411 ] ] ], [ [ [ 32.065028283130708, 47.445620660319683 ], [ 32.062051068683793, 47.444109549817377 ], [ 32.062425876660818, 47.445874960294908 ], [ 32.065028283130708, 47.445620660319683 ] ] ], [ [ [ 32.063175599674985, 47.449405772847307 ], [ 32.060198194411619, 47.447894625516767 ], [ 32.060572989999642, 47.449660046013854 ], [ 32.063175599674985, 47.449405772847307 ] ] ], [ [ [ 32.061322688238704, 47.453190878606712 ], [ 32.058345092136712, 47.451679694436741 ], [ 32.058719875318346, 47.4534451249529 ], [ 32.061322688238704, 47.453190878606712 ] ] ], [ [ [ 32.059094694187188, 47.455210552669179 ], [ 32.056117026710787, 47.453699313230807 ], [ 32.05649176178472, 47.45546475656473 ], [ 32.059094694187188, 47.455210552669179 ] ] ], [ [ [ 32.381390840673937, 47.446687780769899 ], [ 32.378020466249261, 47.443422310216896 ], [ 32.378791234817925, 47.446949262699242 ], [ 32.381390840673937, 47.446687780769899 ] ] ], [ [ [ 32.235059204055581, 47.470321633625922 ], [ 32.246162897540529, 47.460208065794326 ], [ 32.263227313924695, 47.453104610467619 ], [ 32.256118375645244, 47.444801090808213 ], [ 32.247935288229257, 47.443812535927847 ], [ 32.246096524206699, 47.447599567863598 ], [ 32.226810051532418, 47.456722931902597 ], [ 32.216403815045766, 47.457754651142743 ], [ 32.213480936456307, 47.468857122381415 ], [ 32.208656488001111, 47.471137106931124 ], [ 32.210557207735611, 47.479959638446815 ], [ 32.206872132061456, 47.487533166251687 ], [ 32.228077374569217, 47.48723394788481 ], [ 32.235059204055581, 47.470321633625922 ] ] ], [ [ [ 31.482759270877047, 47.535220116538206 ], [ 31.479317647893826, 47.544546937631445 ], [ 31.497603363923265, 47.542855716346835 ], [ 31.495461275781548, 47.532243465390209 ], [ 31.482759270877047, 47.535220116538206 ] ] ], [ [ [ 31.742050538152835, 47.566806115842851 ], [ 31.71447765049059, 47.562208125715905 ], [ 31.713996390320556, 47.585678539153662 ], [ 31.724445731517289, 47.58469046291799 ], [ 31.746806847728429, 47.589780491247339 ], [ 31.742050538152835, 47.566806115842851 ] ] ], [ [ [ 32.035889798188904, 47.608850105210585 ], [ 32.040358779522819, 47.604810361829493 ], [ 32.038854374476543, 47.597748365435997 ], [ 32.02952092530272, 47.591448910693536 ], [ 32.02390774140278, 47.577578272676483 ], [ 32.023890464844534, 47.564965154122085 ], [ 32.030215177818647, 47.557141016384982 ], [ 32.028339598107522, 47.548313135934563 ], [ 32.021624791223225, 47.541758356324245 ], [ 32.000015404607623, 47.540254819749748 ], [ 32.006353200920962, 47.54504540048103 ], [ 32.011582192178835, 47.557151812058372 ], [ 32.01234569598126, 47.573296502471436 ], [ 32.007876638231785, 47.577335074681507 ], [ 32.017971972842254, 47.599781261796196 ], [ 32.017989272722872, 47.612394559554382 ], [ 32.008310793186844, 47.629554696412264 ], [ 32.034429117465727, 47.627013997692252 ], [ 32.035889798188904, 47.608850105210585 ] ] ], [ [ [ 32.266723082972085, 47.604144555924528 ], [ 32.260739010255222, 47.601135246050589 ], [ 32.259588563581346, 47.595842768765557 ], [ 32.250997887894748, 47.593092155469094 ], [ 32.243939436405995, 47.597397874317721 ], [ 32.220845463825803, 47.601491000790645 ], [ 32.202202008963553, 47.601534568172646 ], [ 32.196221436615126, 47.598521510580618 ], [ 32.180568073180403, 47.600068034516454 ], [ 32.160783506550715, 47.594810612084082 ], [ 32.172796088420476, 47.613450776137249 ], [ 32.172470942335174, 47.624296379844964 ], [ 32.186987988002748, 47.617456580142218 ], [ 32.207483372025592, 47.613627872074574 ], [ 32.226131041967818, 47.613583082859215 ], [ 32.248537132262818, 47.618568773905785 ], [ 32.254906428624153, 47.623342820662067 ], [ 32.260125332253637, 47.622823974300097 ], [ 32.263040891118102, 47.611720122502213 ], [ 32.267874583692183, 47.60943689416677 ], [ 32.266723082972085, 47.604144555924528 ] ] ], [ [ [ 31.525922383499317, 47.682574977859964 ], [ 31.522943791546272, 47.681049423961042 ], [ 31.523303513349177, 47.682817935720593 ], [ 31.525922383499317, 47.682574977859964 ] ] ], [ [ [ 31.603585823623874, 47.696964983581481 ], [ 31.611158510328025, 47.681841303095908 ], [ 31.622433339977892, 47.671776242372346 ], [ 31.627668247036972, 47.671285828356631 ], [ 31.626579044819099, 47.66598208096601 ], [ 31.616472806835102, 47.668730471612982 ], [ 31.586955980093819, 47.667885629686566 ], [ 31.567819617550519, 47.678679650008128 ], [ 31.528541219215107, 47.682331961150595 ], [ 31.545334932939344, 47.68617778535215 ], [ 31.563214374144025, 47.695325770759183 ], [ 31.577308402215927, 47.712031788713666 ], [ 31.605399416615455, 47.705805167762428 ], [ 31.603585823623874, 47.696964983581481 ] ] ], [ [ [ 32.440183706981237, 47.653437469896225 ], [ 32.450229974001459, 47.650619225840714 ], [ 32.452057756118222, 47.646829369745909 ], [ 32.443450427667038, 47.644094929122041 ], [ 32.429896714805302, 47.631044717337993 ], [ 32.424445527883037, 47.606361034337752 ], [ 32.419231265847124, 47.606887218277471 ], [ 32.418179810284329, 47.614202956917183 ], [ 32.413353510562267, 47.616492129348529 ], [ 32.42545909649575, 47.635097611390812 ], [ 32.426357137983679, 47.651229032905206 ], [ 32.42191775644126, 47.65528196498893 ], [ 32.429086554638587, 47.663570767791306 ], [ 32.440183706981237, 47.653437469896225 ] ] ], [ [ [ 31.955024105131862, 47.793311656483489 ], [ 31.95165210406136, 47.790032909226817 ], [ 31.952403405421382, 47.793564841284415 ], [ 31.955024105131862, 47.793311656483489 ] ] ], [ [ [ 32.524971689001163, 47.758398216042913 ], [ 32.529804377511304, 47.756103525450435 ], [ 32.529015024205584, 47.752578646894392 ], [ 32.505098865865385, 47.753208926333606 ], [ 32.509827654671611, 47.774359816374599 ], [ 32.515451437942303, 47.775590639340365 ], [ 32.516240510556429, 47.779115674227725 ], [ 32.524971689001163, 47.758398216042913 ] ] ], [ [ [ 32.559677493064797, 47.900880610911081 ], [ 32.553008163543225, 47.90696945834177 ], [ 32.575169608795974, 47.910115280142413 ], [ 32.56753908756221, 47.900077982033636 ], [ 32.559677493064797, 47.900880610911081 ] ] ], [ [ [ 32.451505767461114, 48.243597221608638 ], [ 32.437911594003104, 48.243165600442786 ], [ 32.426705325884882, 48.253309958407215 ], [ 32.450615033885875, 48.263520633484177 ], [ 32.451413255182494, 48.267046182742675 ], [ 32.451259796809943, 48.254440301491876 ], [ 32.457581893135178, 48.246589793747773 ], [ 32.451505767461114, 48.243597221608638 ] ] ], [ [ [ 32.329486251003274, 48.349602064613322 ], [ 32.324590777528357, 48.351893530149802 ], [ 32.324986759785091, 48.353657061541469 ], [ 32.330278527899473, 48.353129065362879 ], [ 32.329486251003274, 48.349602064613322 ] ] ], [ [ [ 32.322340818468916, 48.353920969940013 ], [ 32.325382780211839, 48.355420589952132 ], [ 32.324986759785091, 48.353657061541469 ], [ 32.322340818468916, 48.353920969940013 ] ] ], [ [ [ 32.313339228894264, 48.362030426190415 ], [ 32.310297137266531, 48.360530483587063 ], [ 32.310692746083085, 48.362294100519676 ], [ 32.313339228894264, 48.362030426190415 ] ] ], [ [ [ 32.272962965457175, 48.375061291469713 ], [ 32.25482335519721, 48.378663574391929 ], [ 32.271613029849242, 48.393225440604624 ], [ 32.272797321500661, 48.398516966865238 ], [ 32.288570381453887, 48.384328927571694 ], [ 32.301018007269832, 48.379484723623442 ], [ 32.303939334596251, 48.368375743588544 ], [ 32.310692746083085, 48.362294100519676 ], [ 32.300897063757432, 48.366875554364121 ], [ 32.282368321331276, 48.368718151125847 ], [ 32.272962965457175, 48.375061291469713 ] ] ], [ [ [ 31.80761032937637, 48.627591781722998 ], [ 31.804563712981388, 48.626078249710439 ], [ 31.804945388536705, 48.627844834455757 ], [ 31.80761032937637, 48.627591781722998 ] ] ], [ [ [ 31.913504209896679, 48.776146192665131 ], [ 31.918072511597771, 48.772102119664332 ], [ 31.91462597156319, 48.768826512232081 ], [ 31.887557309826175, 48.782236335577387 ], [ 31.86884969517822, 48.784023557868508 ], [ 31.869621845062895, 48.787555868506615 ], [ 31.883372100845772, 48.788045500599395 ], [ 31.897859536980064, 48.779447738106178 ], [ 31.913504209896679, 48.776146192665131 ] ] ], [ [ [ 32.24205334485719, 48.841545654659448 ], [ 32.235109964192134, 48.835017777117933 ], [ 32.234036270540066, 48.842337327419152 ], [ 32.247126468248716, 48.851864839538635 ], [ 32.248727807912438, 48.858920244815522 ], [ 32.257147823728161, 48.859891147016079 ], [ 32.250870555567026, 48.844281113125575 ], [ 32.24205334485719, 48.841545654659448 ] ] ], [ [ [ 32.493024072223626, 48.863362529688551 ], [ 32.503298777495345, 48.860520233577809 ], [ 32.502889420089083, 48.858757965237253 ], [ 32.494876942224934, 48.859567979653463 ], [ 32.493024072223626, 48.863362529688551 ] ] ], [ [ [ 32.737271994778631, 48.867275131925631 ], [ 32.746114719083884, 48.869969642006716 ], [ 32.743607222115195, 48.859405226607329 ], [ 32.737271994778631, 48.867275131925631 ] ] ], [ [ [ 32.764787664356703, 49.429150992578784 ], [ 32.784668072909646, 49.419879626652282 ], [ 32.808523143247818, 49.41560644970145 ], [ 32.827836341727789, 49.4154085787398 ], [ 32.85426378727022, 49.421686026215561 ], [ 32.857078234247645, 49.410565710001478 ], [ 32.871107800052997, 49.400082247490424 ], [ 32.870247119317902, 49.396562716688109 ], [ 32.858172263579853, 49.392406078131224 ], [ 32.843953300497517, 49.379448329636922 ], [ 32.838255700027318, 49.367408653277899 ], [ 32.836664663369604, 49.349528811174785 ], [ 32.844011589788501, 49.33432929649188 ], [ 32.855332634867729, 49.324129252365658 ], [ 32.875153374159858, 49.314846681452231 ], [ 32.904759730229515, 49.311756131255606 ], [ 32.903039093504056, 49.304717820937945 ], [ 32.910360129250947, 49.289516192580528 ], [ 32.921657263787893, 49.279311435318654 ], [ 32.941446500009704, 49.270019672266933 ], [ 32.94951217327263, 49.269173464830075 ], [ 32.958108567225167, 49.259248169578768 ], [ 32.977882219652223, 49.249951219476102 ], [ 32.99625884269836, 49.246211539258404 ], [ 33.032050901227485, 49.24604290936572 ], [ 33.030316156696045, 49.239007837134253 ], [ 33.037589650105197, 49.223801945083082 ], [ 33.047028144234758, 49.217389379521222 ], [ 33.045726740949313, 49.212113348936406 ], [ 33.05299270334924, 49.19690722213857 ], [ 33.071419309943337, 49.182321587256254 ], [ 33.077805806049376, 49.163597890525338 ], [ 33.089040347705279, 49.153381602151079 ], [ 33.108745579487547, 49.144067196857804 ], [ 33.134673177933713, 49.137694578609043 ], [ 33.204326488438205, 49.130240359151102 ], [ 33.203989227375871, 49.106815843945377 ], [ 33.209831081428554, 49.097165293710866 ], [ 33.193770808375959, 49.098889069575556 ], [ 33.176399094049167, 49.095337103434616 ], [ 33.175468521348456, 49.102655234214076 ], [ 33.164263396073935, 49.112877695515536 ], [ 33.14458202403523, 49.122199918423554 ], [ 33.112435885578769, 49.125628397363556 ], [ 33.091869936201086, 49.131425986582464 ], [ 33.072678092894414, 49.131660182447085 ], [ 33.049507538880128, 49.126899075924477 ], [ 33.033947952346161, 49.119523848443734 ], [ 33.019778357450534, 49.106586370656132 ], [ 33.017622823943768, 49.097791909763714 ], [ 33.008725611921527, 49.095122790437244 ], [ 33.000689942851807, 49.095970930289901 ], [ 32.986337143359236, 49.104702002163641 ], [ 32.95236132991505, 49.111885730675247 ], [ 32.933172362095696, 49.112095759990325 ], [ 32.906912690897379, 49.105825335121942 ], [ 32.882790294657561, 49.108347241045365 ], [ 32.853431507057017, 49.100583815079254 ], [ 32.831987592019701, 49.102815643115569 ], [ 32.834110681715387, 49.111616124365909 ], [ 32.826782109119229, 49.126812066026922 ], [ 32.815493288396432, 49.137005909507479 ], [ 32.795725875578896, 49.146273221827308 ], [ 32.782308588867792, 49.147662818355407 ], [ 32.771284008511941, 49.170454236750274 ], [ 32.759974103294105, 49.180644250366278 ], [ 32.740178202391611, 49.189904051400148 ], [ 32.707940161303647, 49.193223169422495 ], [ 32.700984402403257, 49.21017591163605 ], [ 32.689650787812404, 49.220360751116083 ], [ 32.649990502609604, 49.238857378218647 ], [ 32.623928990032816, 49.245127723320365 ], [ 32.601986138085678, 49.245560083185993 ], [ 32.575681198302924, 49.239214899752042 ], [ 32.577768936306086, 49.248023345027228 ], [ 32.570344239882225, 49.263210415295589 ], [ 32.558970581760789, 49.273385181283054 ], [ 32.514241119959806, 49.294149426817178 ], [ 32.500770086424446, 49.295509280441642 ], [ 32.47589889603757, 49.307035911555218 ], [ 32.440858197369138, 49.310557368102444 ], [ 32.425292921038469, 49.326550212516878 ], [ 32.405368670687309, 49.335760638136684 ], [ 32.391881086766944, 49.337108626943945 ], [ 32.387310132426975, 49.341173084099509 ], [ 32.336043077863721, 49.346279607321456 ], [ 32.321490418484203, 49.354940562418818 ], [ 32.28369685294949, 49.35868467658058 ], [ 32.270764207744044, 49.374394103811959 ], [ 32.250787993848803, 49.38358093793979 ], [ 32.239981697072643, 49.384645769969175 ], [ 32.240796938756077, 49.388173242635055 ], [ 32.228916344274062, 49.396558288419136 ], [ 32.227843283959174, 49.4038793850034 ], [ 32.216363955488973, 49.414027399612081 ], [ 32.200955586209716, 49.419148104988054 ], [ 32.199878312316777, 49.426469292571376 ], [ 32.188388076215105, 49.436615299688484 ], [ 32.16796424601096, 49.444026456655948 ], [ 32.158491639144792, 49.462991121179563 ], [ 32.135067674014991, 49.481512123476165 ], [ 32.135878166736099, 49.48504081671728 ], [ 32.144002433733903, 49.484248411098726 ], [ 32.150503271703442, 49.476398438415053 ], [ 32.170536859245409, 49.46722511107545 ], [ 32.205314978865864, 49.462013734398838 ], [ 32.224665738009364, 49.461916981034527 ], [ 32.256885537377748, 49.469568606078582 ], [ 32.275827691840661, 49.467699387595353 ], [ 32.293705069199646, 49.473148327857047 ], [ 32.317645948279193, 49.468973372218521 ], [ 32.321821854318316, 49.463147159165544 ], [ 32.341812880629952, 49.453946369176229 ], [ 32.355334877217011, 49.452601901175271 ], [ 32.3663776156151, 49.440678270992393 ], [ 32.381771237945799, 49.435535899485728 ], [ 32.382820692573254, 49.428214910703765 ], [ 32.394265214800711, 49.418052310673744 ], [ 32.409648449547362, 49.412906902222375 ], [ 32.416096018796367, 49.405045581534033 ], [ 32.436044213113213, 49.395831284250107 ], [ 32.47654581737747, 49.391763677155346 ], [ 32.494411042727229, 49.397181395018137 ], [ 32.505210425626373, 49.396092589172916 ], [ 32.518261357799524, 49.369516841330004 ], [ 32.531943239146123, 49.357309027630308 ], [ 32.556822804290562, 49.345769127530389 ], [ 32.599961770545505, 49.341387988216709 ], [ 32.623630606320134, 49.347998333738666 ], [ 32.631718389246721, 49.347173372572222 ], [ 32.663384601295668, 49.329503305054772 ], [ 32.684517407718197, 49.325534382627687 ], [ 32.703798858508748, 49.325360174316629 ], [ 32.727045738623367, 49.330187692320962 ], [ 32.74575822877145, 49.339086762362818 ], [ 32.763485822038881, 49.355302307250227 ], [ 32.769163530393598, 49.3673471675679 ], [ 32.769878450267875, 49.381708962910871 ], [ 32.762502779203921, 49.396906043374223 ], [ 32.717621525156574, 49.428594692875194 ], [ 32.728419142841595, 49.427484530243127 ], [ 32.751718441419285, 49.4323033422408 ], [ 32.755271244991064, 49.435546082801743 ], [ 32.76067016192868, 49.434989310351689 ], [ 32.764787664356703, 49.429150992578784 ] ] ], [ [ [ 32.011153087886989, 49.533206152455016 ], [ 32.022000634599614, 49.532160427391887 ], [ 32.026218203639786, 49.526342222741597 ], [ 32.010350197438584, 49.529675983064848 ], [ 32.011153087886989, 49.533206152455016 ] ] ], [ [ [ 32.621263487241265, 49.499803823045582 ], [ 32.646609721620628, 49.490001492476445 ], [ 32.64533881417141, 49.48471796044845 ], [ 32.634525369560606, 49.485821294405874 ], [ 32.630387634003561, 49.491656427990286 ], [ 32.612727635325804, 49.498868529155729 ], [ 32.613572947320108, 49.502391291637181 ], [ 32.619404889941585, 49.503601936094633 ], [ 32.621263487241265, 49.499803823045582 ] ] ], [ [ [ 32.714722744558962, 49.862011113423179 ], [ 32.711567471525562, 49.860529552554389 ], [ 32.711999132822648, 49.862290198386738 ], [ 32.714722744558962, 49.862011113423179 ] ] ], [ [ [ 32.176848105501008, 50.318218005537574 ], [ 32.145289341385805, 50.315872517277725 ], [ 32.139947231324683, 50.329023157779474 ], [ 32.151806335259103, 50.331481057956033 ], [ 32.175768905747951, 50.325541612260004 ], [ 32.176848105501008, 50.318218005537574 ] ] ], [ [ [ 32.326693412806733, 50.437087268455841 ], [ 32.323506987612383, 50.435596567014279 ], [ 32.323933127295909, 50.437359473792746 ], [ 32.326693412806733, 50.437087268455841 ] ] ], [ [ [ 32.286559211492232, 50.446452994666537 ], [ 32.308866780701408, 50.456893186627454 ], [ 32.310776443435842, 50.453095306245451 ], [ 32.316299057236932, 50.45255133343619 ], [ 32.323933127295909, 50.437359473792746 ], [ 32.313743179831654, 50.441973590436042 ], [ 32.286559211492232, 50.446452994666537 ] ] ], [ [ [ 32.576138455144367, 50.565655991924068 ], [ 32.570466364812908, 50.577059700687499 ], [ 32.581092363988461, 50.574183640020927 ], [ 32.576138455144367, 50.565655991924068 ] ] ], [ [ [ 32.687038573927524, 50.747626297926978 ], [ 32.703346592112766, 50.733327601897003 ], [ 32.690917269999161, 50.729174942173309 ], [ 32.676271408590992, 50.716217760737962 ], [ 32.673167209994617, 50.703893375395175 ], [ 32.662192339716334, 50.69417342217961 ], [ 32.641903125168206, 50.69261866489191 ], [ 32.636679206238661, 50.705786717430428 ], [ 32.631574988188312, 50.708108798369793 ], [ 32.642547676893564, 50.717831911044136 ], [ 32.651520237768302, 50.742202062314043 ], [ 32.663063240879843, 50.742837629700105 ], [ 32.67316338878264, 50.749035577214023 ], [ 32.687038573927524, 50.747626297926978 ] ] ], [ [ [ 32.498654059511047, 50.837026496157527 ], [ 32.516809275823697, 50.829794969255047 ], [ 32.514612789265222, 50.820986990460952 ], [ 32.51929599624706, 50.816907313500089 ], [ 32.519880228172305, 50.807821151123854 ], [ 32.500418048685646, 50.809767478098692 ], [ 32.499391423910005, 50.817092092351018 ], [ 32.487677131682148, 50.827289285633164 ], [ 32.467172895176482, 50.836555474772297 ], [ 32.468923823714476, 50.843603033241216 ], [ 32.480492864530341, 50.844255524590785 ], [ 32.487373798721627, 50.848985751055018 ], [ 32.498654059511047, 50.837026496157527 ] ] ], [ [ [ 32.323895936341351, 51.007800930571292 ], [ 32.306696721703275, 51.007683129211422 ], [ 32.307130981194192, 51.009445967555266 ], [ 32.323895936341351, 51.007800930571292 ] ] ], [ [ [ 32.304336668856408, 51.009719910167966 ], [ 32.301108256680344, 51.008230914410916 ], [ 32.301542312788087, 51.009993786997526 ], [ 32.304336668856408, 51.009719910167966 ] ] ], [ [ [ 32.332713041033188, 51.008740205049683 ], [ 32.326689942296404, 51.007526527545657 ], [ 32.327124957255435, 51.009289242704355 ], [ 32.332713041033188, 51.008740205049683 ] ] ], [ [ [ 32.274462557614342, 51.016255014244969 ], [ 32.295953469498116, 51.010541343297362 ], [ 32.295519616796419, 51.008778436483638 ], [ 32.275958001281708, 51.010692691330625 ], [ 32.274462557614342, 51.016255014244969 ] ] ], [ [ [ 32.271667517600221, 51.016528201454115 ], [ 32.274895727354945, 51.018018048244656 ], [ 32.274462557614342, 51.016255014244969 ], [ 32.271667517600221, 51.016528201454115 ] ] ], [ [ [ 32.82070721086744, 51.080725501978023 ], [ 32.814145356748746, 51.088623315504655 ], [ 32.829997825660513, 51.083384661488864 ], [ 32.829087351737535, 51.079865612157455 ], [ 32.82070721086744, 51.080725501978023 ] ] ], [ [ [ 32.980728241186661, 51.089487049299407 ], [ 32.985876338865211, 51.076306080267322 ], [ 32.980293277518214, 51.076886867990062 ], [ 32.964033536208589, 51.069544447817592 ], [ 32.949191548465564, 51.056633614814579 ], [ 32.942306258132831, 51.030251851221038 ], [ 32.928359849335493, 51.03169719941382 ], [ 32.931568161237593, 51.04400941863608 ], [ 32.924073555997552, 51.059236498583566 ], [ 32.910074082137456, 51.071522915030208 ], [ 32.889566414612354, 51.080866433337413 ], [ 32.8984022917818, 51.081760688001125 ], [ 32.915116264509187, 51.090871785134453 ], [ 32.931873984717072, 51.08913763747362 ], [ 32.956055596493648, 51.093856606359218 ], [ 32.975577751938516, 51.10266801656968 ], [ 32.983932794502067, 51.11263839887922 ], [ 32.980728241186661, 51.089487049299407 ] ] ], [ [ [ 32.814600145913722, 51.090382935426895 ], [ 32.811351342083967, 51.088909688890986 ], [ 32.811806029858168, 51.090669326692975 ], [ 32.814600145913722, 51.090382935426895 ] ] ], [ [ [ 33.230941531935784, 51.070410809401274 ], [ 33.225364303504335, 51.071003247863274 ], [ 33.218377510263927, 51.066324486253102 ], [ 33.210011935838885, 51.067212096252987 ], [ 33.205400384564307, 51.0821557675824 ], [ 33.220726706110845, 51.075109366081918 ], [ 33.234670901669666, 51.073628248581173 ], [ 33.230941531935784, 51.070410809401274 ] ] ], [ [ [ 33.205869902837705, 51.08391283233744 ], [ 33.202610818364526, 51.082451458443465 ], [ 33.203080235899591, 51.084208541632258 ], [ 33.205869902837705, 51.08391283233744 ] ] ], [ [ [ 32.993678215345355, 51.127883312745332 ], [ 33.002061540822567, 51.127010454887504 ], [ 32.994161661114759, 51.118800238252099 ], [ 32.99136767925674, 51.119091034518078 ], [ 32.993678215345355, 51.127883312745332 ] ] ], [ [ [ 32.997397446559866, 51.131109275914696 ], [ 32.99414046215476, 51.129641757766187 ], [ 32.994602755508907, 51.131400199244524 ], [ 32.997397446559866, 51.131109275914696 ] ] ], [ [ [ 32.498672240918516, 51.225253013880554 ], [ 32.494977166619243, 51.222009165610075 ], [ 32.495866773520397, 51.22553237251509 ], [ 32.498672240918516, 51.225253013880554 ] ] ], [ [ [ 33.073762337314051, 51.202628106893613 ], [ 33.073763392004352, 51.213468591117795 ], [ 33.079361007166014, 51.212882228586331 ], [ 33.083090435380207, 51.20526427988495 ], [ 33.079358638423706, 51.202041832504541 ], [ 33.073762337314051, 51.202628106893613 ] ] ], [ [ [ 33.396521535323117, 51.341857853308554 ], [ 33.380582481359809, 51.336340606548049 ], [ 33.378740212076096, 51.340153202848875 ], [ 33.363359157945879, 51.347225423355688 ], [ 33.372251032085636, 51.348079220859056 ], [ 33.391960078772421, 51.356807664930535 ], [ 33.392922683429546, 51.360319130697931 ], [ 33.39853139333875, 51.359716288377335 ], [ 33.396521535323117, 51.341857853308554 ] ] ], [ [ [ 33.399494600572567, 51.363227663806285 ], [ 33.396208539953648, 51.361773450894376 ], [ 33.396690065832672, 51.363529155544313 ], [ 33.399494600572567, 51.363227663806285 ] ] ], [ [ [ 32.400895194124537, 51.569041064124448 ], [ 32.418003199495331, 51.556519031038611 ], [ 32.400149945714979, 51.554665988125414 ], [ 32.374554189304547, 51.568019098732194 ], [ 32.401788628495062, 51.572565236393011 ], [ 32.400895194124537, 51.569041064124448 ] ] ], [ [ [ 32.890795232278798, 51.514316250871936 ], [ 32.919916075745235, 51.514931179978781 ], [ 32.918984536611546, 51.511413550385718 ], [ 32.889865956674797, 51.51079824361166 ], [ 32.890795232278798, 51.514316250871936 ] ] ], [ [ [ 33.146698704188992, 51.496739202656158 ], [ 33.158909322567737, 51.499069127567843 ], [ 33.157959922383341, 51.495554619375561 ], [ 33.145750322183552, 51.493224531632166 ], [ 33.146698704188992, 51.496739202656158 ] ] ], [ [ [ 32.775474282302113, 51.648970693012338 ], [ 32.787765640624634, 51.640492908113117 ], [ 32.779281275689591, 51.641356476979517 ], [ 32.754808013976422, 51.636617052939357 ], [ 32.747768078189488, 51.63191157496469 ], [ 32.721854674379351, 51.632731451336916 ], [ 32.712450205454076, 51.630069951106307 ], [ 32.718498233018174, 51.642104383008288 ], [ 32.716521400014635, 51.656757566350819 ], [ 32.735867802254312, 51.652991840879324 ], [ 32.771203756792545, 51.654825147389559 ], [ 32.775474282302113, 51.648970693012338 ] ] ], [ [ [ 33.20288950281936, 51.778199636271438 ], [ 33.221691268760082, 51.76175551727556 ], [ 33.2103666606776, 51.762950549065252 ], [ 33.200910911803824, 51.760332338071215 ], [ 33.20288950281936, 51.778199636271438 ] ] ], [ [ [ 32.823826296192379, 51.83196082558905 ], [ 32.799708109513368, 51.828996825739253 ], [ 32.78601955103688, 51.821354347391924 ], [ 32.761908520533538, 51.818381976341826 ], [ 32.73785707272701, 51.80455760084498 ], [ 32.740175594313975, 51.813357042206839 ], [ 32.729686111020243, 51.828873273347241 ], [ 32.744761751326024, 51.84180240921367 ], [ 32.775079711532555, 51.835114256183218 ], [ 32.795427365300945, 51.834853232458386 ], [ 32.814335553785668, 51.840156210804544 ], [ 32.822856145736502, 51.839287764826643 ], [ 32.823826296192379, 51.83196082558905 ] ] ], [ [ [ 33.203852051164958, 51.781713380909508 ], [ 33.200057193928586, 51.778498108434782 ], [ 33.201019532540421, 51.782011890494232 ], [ 33.203852051164958, 51.781713380909508 ] ] ], [ [ [ 33.201982067156415, 51.78552565769234 ], [ 33.19866810283083, 51.784067237208049 ], [ 33.199149289744518, 51.785824137659489 ], [ 33.201982067156415, 51.78552565769234 ] ] ], [ [ [ 33.200111810590997, 51.789337927417563 ], [ 33.196797594331784, 51.787879466023668 ], [ 33.197278774335985, 51.789636377754235 ], [ 33.200111810590997, 51.789337927417563 ] ] ], [ [ [ 33.190918511429317, 51.840919339108126 ], [ 33.205041748603833, 51.828586290493824 ], [ 33.210712491944946, 51.827988633047127 ], [ 33.200704126170699, 51.812774518669372 ], [ 33.197760003347561, 51.791393285770518 ], [ 33.182253295079747, 51.809293874358445 ], [ 33.161496963305346, 51.818705382835816 ], [ 33.14448448564346, 51.820490205036876 ], [ 33.149239566227706, 51.827221799408342 ], [ 33.149763961441117, 51.839819734276567 ], [ 33.145050548008463, 51.843929034399913 ], [ 33.147451703866928, 51.852715185922875 ], [ 33.159282323643502, 51.853281911670649 ], [ 33.175876391226005, 51.860577481762199 ], [ 33.183961431857995, 51.868765892107696 ], [ 33.183425674900043, 51.856168660003675 ], [ 33.190918511429317, 51.840919339108126 ] ] ], [ [ [ 32.980446703064935, 51.915280835257327 ], [ 32.977128629792453, 51.913816171574879 ], [ 32.97760341095811, 51.915574490386987 ], [ 32.980446703064935, 51.915280835257327 ] ] ], [ [ [ 32.97760341095811, 51.915574490386987 ], [ 32.972391298742288, 51.917919950150605 ], [ 32.972865964758796, 51.919678298609789 ], [ 32.978553118827669, 51.91909111716172 ], [ 32.97760341095811, 51.915574490386987 ] ] ], [ [ [ 32.655561556452248, 52.091111218922187 ], [ 32.636091876923409, 52.084026809457441 ], [ 32.627982906240462, 52.086645058774806 ], [ 32.640736827770532, 52.101631248131184 ], [ 32.656491934498618, 52.094631883329235 ], [ 32.655561556452248, 52.091111218922187 ] ] ], [ [ [ 32.917790960551919, 52.116929070799564 ], [ 32.890178968840146, 52.112527758602923 ], [ 32.87352421515385, 52.105193685713473 ], [ 32.872576400203577, 52.101675806427643 ], [ 32.866863817561907, 52.102259297772072 ], [ 32.86590198861537, 52.109586905932083 ], [ 32.85398386530764, 52.11983980369542 ], [ 32.843026112551676, 52.12276412515952 ], [ 32.843972319228406, 52.126282373285754 ], [ 32.855877999860141, 52.126876006504858 ], [ 32.860646365758981, 52.122774834131064 ], [ 32.883031957222492, 52.118680928374687 ], [ 32.903506639402849, 52.118393064823323 ], [ 32.919218875445964, 52.122204992750419 ], [ 32.917790960551919, 52.116929070799564 ] ] ], [ [ [ 32.762383657942998, 45.445913803281314 ], [ 32.793695436002487, 45.424634191567037 ], [ 32.82120941037951, 45.421748888772868 ], [ 32.807852859876462, 45.40694649984512 ], [ 32.796465573794727, 45.41354139256957 ], [ 32.779329630723943, 45.417135761476999 ], [ 32.753944548423185, 45.417987927926426 ], [ 32.74569882171923, 45.41524744600337 ], [ 32.746810353112053, 45.420532775595312 ], [ 32.739766464337187, 45.435670781353146 ], [ 32.731237669420622, 45.443761326416542 ], [ 32.739116755317845, 45.444740734106091 ], [ 32.756360324482415, 45.453744630857514 ], [ 32.761366430049328, 45.453221889570528 ], [ 32.762383657942998, 45.445913803281314 ] ] ], [ [ [ 32.966497794788154, 45.431604757647115 ], [ 32.949234168315044, 45.422635986472592 ], [ 32.941974430563192, 45.412603650760168 ], [ 32.921356648505885, 45.42379152731759 ], [ 32.935739919186986, 45.431269656755951 ], [ 32.936493143494062, 45.434790749426789 ], [ 32.966497794788154, 45.431604757647115 ] ] ], [ [ [ 33.008011358912476, 45.434385109684698 ], [ 33.005132651751843, 45.432891730244911 ], [ 33.005511425491413, 45.434651824811603 ], [ 33.008011358912476, 45.434385109684698 ] ] ], [ [ [ 32.186335792731306, 46.682362201270728 ], [ 32.193290535167677, 46.678070404401502 ], [ 32.188863033607753, 46.656892006506652 ], [ 32.194707980747538, 46.647305832283649 ], [ 32.179331141104164, 46.648828771362787 ], [ 32.168343258888349, 46.646312919199623 ], [ 32.164320926051815, 46.652114716943544 ], [ 32.135762240558371, 46.665741906179186 ], [ 32.097296928764834, 46.669526771569657 ], [ 32.067259293151956, 46.663466204767587 ], [ 32.04968538723822, 46.6543780864966 ], [ 32.036518014819919, 46.641254318218294 ], [ 32.031410436595593, 46.62914385901081 ], [ 32.031067967144445, 46.614766840452965 ], [ 32.040247475076391, 46.59585727971411 ], [ 32.060027456779544, 46.577711015956908 ], [ 32.065148602102916, 46.577209523837517 ], [ 32.064057623628287, 46.571912536260491 ], [ 32.072115593815163, 46.560315381242006 ], [ 32.071024580337443, 46.555018504327627 ], [ 32.078351660170618, 46.539890049646822 ], [ 32.093712769214683, 46.525773616018753 ], [ 32.115273684695808, 46.516448795474211 ], [ 32.105416465526574, 46.506610995006533 ], [ 32.100312136795054, 46.494504149031926 ], [ 32.099231371464484, 46.476598176875932 ], [ 32.106543406338183, 46.461469662586225 ], [ 32.119687516786946, 46.449368984094122 ], [ 32.138661247334269, 46.440294225508872 ], [ 32.156169827103298, 46.436764530375321 ], [ 32.176959483473546, 46.4365096963882 ], [ 32.18826877056312, 46.44079323387669 ], [ 32.195927792836898, 46.44003400651043 ], [ 32.205039951091202, 46.433726374477857 ], [ 32.227644677422617, 46.429679363552665 ], [ 32.256452690672063, 46.430412994979896 ], [ 32.265555416510068, 46.424101223687394 ], [ 32.290700625387473, 46.419787627615051 ], [ 32.308927537091442, 46.419764148439626 ], [ 32.330815627307942, 46.424773940680559 ], [ 32.345424607152403, 46.432312697436515 ], [ 32.36189544210945, 46.448668652544775 ], [ 32.370243207208631, 46.438821469093035 ], [ 32.389163384953783, 46.429708467270707 ], [ 32.396815485823659, 46.428935930619879 ], [ 32.402976449319638, 46.421108368843448 ], [ 32.421884362537298, 46.411990918981289 ], [ 32.462673995872294, 46.407854452751508 ], [ 32.484565796733207, 46.412833412472516 ], [ 32.502114215375222, 46.42185365933571 ], [ 32.515321787308871, 46.434917093073118 ], [ 32.521349337551612, 46.463123606254328 ], [ 32.542890218933422, 46.466325922745241 ], [ 32.561784450434189, 46.457185528765898 ], [ 32.600037548502556, 46.453258321669367 ], [ 32.632917061962523, 46.460680663263332 ], [ 32.639159313675144, 46.465440989342845 ], [ 32.651528404685365, 46.462362448805237 ], [ 32.672690127067007, 46.463777171854865 ], [ 32.666063852950373, 46.457256994503901 ], [ 32.660082098093532, 46.441662683687703 ], [ 32.659962877270083, 46.429065079196604 ], [ 32.667106065520862, 46.413915055016638 ], [ 32.677936285137257, 46.403787053980246 ], [ 32.696783199413531, 46.39462808776485 ], [ 32.734973968471657, 46.390659826435915 ], [ 32.738916366541666, 46.384845209113237 ], [ 32.73815048218183, 46.381322146348786 ], [ 32.722113121259291, 46.379387861853445 ], [ 32.707476369214859, 46.371901698148974 ], [ 32.700478227650542, 46.363621269104918 ], [ 32.688896921595216, 46.370226553825226 ], [ 32.655805555561933, 46.37365194602107 ], [ 32.661511895962498, 46.400082539531937 ], [ 32.654368166901378, 46.415232143891096 ], [ 32.643531163192172, 46.425358498578511 ], [ 32.624663655353984, 46.434510352620791 ], [ 32.607200330877788, 46.438110240614066 ], [ 32.581328237863495, 46.438968206743183 ], [ 32.55941986749891, 46.434009860347174 ], [ 32.544785524734685, 46.426501679647217 ], [ 32.54072779380548, 46.419711459093257 ], [ 32.518077394780214, 46.411218331736478 ], [ 32.504876116528294, 46.398154819444407 ], [ 32.499699930977357, 46.386073434095557 ], [ 32.498870693157073, 46.369946335827755 ], [ 32.506056481561359, 46.354803400389756 ], [ 32.519080379585681, 46.34266655137106 ], [ 32.533601352458255, 46.337580147207767 ], [ 32.532765459054929, 46.321454283886879 ], [ 32.538895856264908, 46.313622279613675 ], [ 32.538144712800474, 46.310096635408478 ], [ 32.530513016067331, 46.310877099515295 ], [ 32.508661858669043, 46.305903872466537 ], [ 32.505369078375573, 46.302637348094521 ], [ 32.480000719920007, 46.317830617091779 ], [ 32.462559983721093, 46.321405393077235 ], [ 32.428726921657194, 46.321235544562185 ], [ 32.409422415447615, 46.315984643550252 ], [ 32.422578717411518, 46.329063038430562 ], [ 32.42773037212352, 46.341149881666063 ], [ 32.435931485531263, 46.379946338809972 ], [ 32.428723049960936, 46.395086899053332 ], [ 32.417842800515977, 46.405194801946479 ], [ 32.3989362561571, 46.414311409454271 ], [ 32.38145765555344, 46.417876884745603 ], [ 32.318021740114546, 46.413448832211742 ], [ 32.29613919733908, 46.408436047093389 ], [ 32.278255995853328, 46.397615790322291 ], [ 32.252774127365655, 46.412767466553717 ], [ 32.235282170234015, 46.416310975404869 ], [ 32.201743637296389, 46.417842587302857 ], [ 32.17403198546635, 46.409781518539603 ], [ 32.174762265041984, 46.41331161161262 ], [ 32.163826680908386, 46.423399365236079 ], [ 32.14486342557089, 46.43247746950253 ], [ 32.127355132565846, 46.436005343404965 ], [ 32.101456587748366, 46.436753184104226 ], [ 32.090153569697854, 46.432460240744447 ], [ 32.064616548709154, 46.43496510827341 ], [ 32.042739724009266, 46.429901637018503 ], [ 32.028166963720949, 46.42231981423069 ], [ 32.015071466916517, 46.409188724622666 ], [ 32.00964031762603, 46.395309391095736 ], [ 31.999430048535423, 46.396304210050722 ], [ 31.977573489332553, 46.391226215298119 ], [ 31.963019867422378, 46.383634313310175 ], [ 31.946683601922015, 46.367208049181464 ], [ 31.940205139267309, 46.348024215563527 ], [ 31.940258760582644, 46.335411804174754 ], [ 31.95015473243819, 46.320044649410043 ], [ 31.945519657352133, 46.29708086331545 ], [ 31.954339754591292, 46.276414824597929 ], [ 31.965293272494584, 46.266346905326969 ], [ 31.984238750862371, 46.257301768122161 ], [ 32.008984495628702, 46.251289941300243 ], [ 32.022071359659904, 46.25181420457681 ], [ 32.035910606381663, 46.243258443154446 ], [ 32.051181265068379, 46.241764770485865 ], [ 32.05812828865897, 46.22487570742237 ], [ 32.069051955597622, 46.214800330161019 ], [ 32.087960434769805, 46.20574084501645 ], [ 32.128283520204228, 46.199971831601758 ], [ 32.132646064543692, 46.195939682486099 ], [ 32.150078916502892, 46.192417913928892 ], [ 32.17839986957469, 46.191417454464627 ], [ 32.186749923296595, 46.194192083451163 ], [ 32.185299085266308, 46.187131910455847 ], [ 32.192561526216778, 46.172004003878719 ], [ 32.203448932337757, 46.161918777680462 ], [ 32.222313961776621, 46.152840353127196 ], [ 32.240089002761337, 46.151071154288218 ], [ 32.228472650774862, 46.132417064220824 ], [ 32.22774175939665, 46.116281249218503 ], [ 32.234986000391729, 46.10115266024215 ], [ 32.248025901193188, 46.089047863816425 ], [ 32.266859021695318, 46.079964973027785 ], [ 32.274465885614369, 46.07920502910364 ], [ 32.283514749232829, 46.072897564741695 ], [ 32.30343033684926, 46.069102867906508 ], [ 32.32153893846187, 46.069087785755897 ], [ 32.349082363099257, 46.077125546564162 ], [ 32.359555448250426, 46.065265600486391 ], [ 32.37835894234626, 46.056166449991792 ], [ 32.400792078879498, 46.05210002221223 ], [ 32.418892050608406, 46.052069737320558 ], [ 32.446066956766131, 46.058319565083451 ], [ 32.457677831683704, 46.064344309542712 ], [ 32.474610697575763, 46.04641374850749 ], [ 32.493385378993409, 46.037297688849733 ], [ 32.538950393535387, 46.032643480551037 ], [ 32.566123456163758, 46.03886381115025 ], [ 32.583550274771916, 46.047880445520036 ], [ 32.59666756060399, 46.060939893485589 ], [ 32.598164440382398, 46.067989998391418 ], [ 32.622734205584912, 46.061857259351662 ], [ 32.64083046636997, 46.061790858635639 ], [ 32.657523142403249, 46.067269803141357 ], [ 32.688276722945012, 46.065885740335318 ], [ 32.710036774029284, 46.070831135048316 ], [ 32.724584465545725, 46.078323968855443 ], [ 32.725341434846406, 46.081847390097522 ], [ 32.745214214565493, 46.077976819174481 ], [ 32.776347017002358, 46.078329708087367 ], [ 32.798117004346167, 46.083256790927685 ], [ 32.804322165509276, 46.088010248005041 ], [ 32.820513238370026, 46.079108271889936 ], [ 32.837844713147028, 46.075487442941068 ], [ 32.858851303939339, 46.076880454998459 ], [ 32.878324944573698, 46.071226541763352 ], [ 32.929297173454813, 46.067641082400243 ], [ 32.951070768311382, 46.072537513357943 ], [ 32.965646126355402, 46.079995846811421 ], [ 32.966418480652791, 46.08351615425974 ], [ 32.976922603828555, 46.084200801480293 ], [ 32.991891450638043, 46.093415134970499 ], [ 33.004539408284217, 46.092067662277032 ], [ 33.015820832104261, 46.096268183888441 ], [ 33.033915569219673, 46.096137248844045 ], [ 33.055706566678197, 46.101011365733747 ], [ 33.064853059762548, 46.10723672755293 ], [ 33.085666897693571, 46.09599841040491 ], [ 33.13118148465346, 46.09110354407288 ], [ 33.152975367205137, 46.095958067749237 ], [ 33.170894679256349, 46.106631152138597 ], [ 33.192303342950339, 46.109718356763231 ], [ 33.195619589049478, 46.112961735559516 ], [ 33.209607875491457, 46.106041413814481 ], [ 33.22943741633555, 46.102087397396147 ], [ 33.223519094985058, 46.075710872380249 ], [ 33.230470001812542, 46.060545594492915 ], [ 33.2453876466518, 46.046314680372987 ], [ 33.264007060358679, 46.037082154765784 ], [ 33.291378787643737, 46.032294524200005 ], [ 33.309442600678985, 46.032121172855106 ], [ 33.334141811775424, 46.038422753559708 ], [ 33.35287777522548, 46.018354531228354 ], [ 33.371466645799032, 46.009106895225763 ], [ 33.409295776731994, 46.004940321766675 ], [ 33.431067400072877, 46.009741514507859 ], [ 33.440233250502466, 46.015933334450125 ], [ 33.455363760163927, 46.014258877645645 ], [ 33.48258646698239, 46.020247471815466 ], [ 33.497205237523033, 46.027630648187355 ], [ 33.510514278452355, 46.040561708358453 ], [ 33.515858288895863, 46.052576655344083 ], [ 33.515248814995992, 46.072459687702384 ], [ 33.520296149121876, 46.071897913871901 ], [ 33.53493444054854, 46.079274357622921 ], [ 33.548266801102436, 46.092198934734228 ], [ 33.555559699714202, 46.123811132077464 ], [ 33.573644399178065, 46.123592136714414 ], [ 33.578695253713697, 46.123027304309034 ], [ 33.57715950662331, 46.105184359060225 ], [ 33.584008950347503, 46.090006465481274 ], [ 33.596713634791172, 46.077775333664214 ], [ 33.615270846107215, 46.068489126767794 ], [ 33.622838297087064, 46.067639815750645 ], [ 33.633007318533977, 46.055689112555513 ], [ 33.638050807433174, 46.05512229737321 ], [ 33.631379647833391, 46.048666313872239 ], [ 33.62519878463339, 46.033147923853953 ], [ 33.62487501000043, 46.02057458639996 ], [ 33.631704650260261, 46.005396487956205 ], [ 33.646493828835119, 45.991124292050124 ], [ 33.665014203209907, 45.981833838170047 ], [ 33.675086342329493, 45.98069856449785 ], [ 33.673457602103774, 45.973676834406547 ], [ 33.68026984487777, 45.95849790390627 ], [ 33.687005785161936, 45.954135156968746 ], [ 33.68537704728093, 45.947113723814553 ], [ 33.692184014141354, 45.931934841299579 ], [ 33.705239497401095, 45.921453301312454 ], [ 33.704017553351093, 45.916187579831686 ], [ 33.711224275684096, 45.902763801247758 ], [ 33.686969899547513, 45.898299338689888 ], [ 33.672368874934669, 45.890940334043364 ], [ 33.658663975480223, 45.876273665100378 ], [ 33.632227781168915, 45.884651438827888 ], [ 33.6012494023851, 45.884525970974309 ], [ 33.57952192752289, 45.87975458272826 ], [ 33.564938033614439, 45.87237959714723 ], [ 33.554582126285453, 45.860928373850058 ], [ 33.536371307800941, 45.882773241766671 ], [ 33.51785485537367, 45.892040942186505 ], [ 33.477602199278039, 45.896514751109827 ], [ 33.455875655594546, 45.891718676729191 ], [ 33.438387341765306, 45.882847393160461 ], [ 33.425139920820932, 45.8699027337328 ], [ 33.415999882629777, 45.829487022962603 ], [ 33.389276839732375, 45.825229770172008 ], [ 33.368516667021396, 45.813106337755876 ], [ 33.352646179777459, 45.811248367871187 ], [ 33.338107173096432, 45.803839024176227 ], [ 33.324904098557376, 45.790878470175535 ], [ 33.322936696156042, 45.782089093256459 ], [ 33.300167069853487, 45.795387089513795 ], [ 33.282965815608755, 45.799067550501356 ], [ 33.259950505272244, 45.799777057981778 ], [ 33.243302390660133, 45.794386104343779 ], [ 33.228219282458511, 45.796026428795876 ], [ 33.206546739144315, 45.791175892288621 ], [ 33.189126641658113, 45.782258671113794 ], [ 33.175961590544539, 45.769276601323369 ], [ 33.170524794919366, 45.744652143268354 ], [ 33.160475705103316, 45.745738594123367 ], [ 33.133415728481197, 45.739655184484654 ], [ 33.118921685833676, 45.732212672426478 ], [ 33.108297668813321, 45.718949466928166 ], [ 33.085105158172809, 45.730446559412329 ], [ 33.065389691398565, 45.734362660492017 ], [ 33.047415600431286, 45.734487141882795 ], [ 33.025777572774665, 45.729597688707067 ], [ 33.011298307723358, 45.722139556536021 ], [ 32.998188514487651, 45.709131228814591 ], [ 32.991856768966542, 45.69179808306464 ], [ 32.974880899804425, 45.684601375704446 ], [ 32.961789607776417, 45.671587174547668 ], [ 32.956085153940208, 45.645182239148987 ], [ 32.961713425946556, 45.635580777309357 ], [ 32.942017567808797, 45.639472587891703 ], [ 32.924070285171403, 45.63957425325254 ], [ 32.907875457977191, 45.635886254485506 ], [ 32.894328153077701, 45.644521048803668 ], [ 32.874622116846353, 45.648401768757985 ], [ 32.856669675364884, 45.648492911707265 ], [ 32.808090072717256, 45.63739141255062 ], [ 32.782121519823683, 45.623905408468922 ], [ 32.762574676133546, 45.604341094490429 ], [ 32.757452255445173, 45.592271699956477 ], [ 32.756977017199191, 45.577916539231765 ], [ 32.76402647604192, 45.562775728259957 ], [ 32.774699169547823, 45.552657480307595 ], [ 32.779713715363549, 45.552133055451883 ], [ 32.778967197759506, 45.54861000761202 ], [ 32.768938567260747, 45.549658513711094 ], [ 32.762907806901573, 45.55749085984371 ], [ 32.744334889079155, 45.566631501394745 ], [ 32.701690400957773, 45.571070123959991 ], [ 32.680137242609419, 45.566104901817532 ], [ 32.671130516424526, 45.559836255995037 ], [ 32.655339455511147, 45.557870160305797 ], [ 32.640950807758287, 45.550355288236013 ], [ 32.627968877562665, 45.537291845003395 ], [ 32.622079478064336, 45.509091576395917 ], [ 32.610517625404853, 45.490478550583035 ], [ 32.610086408452105, 45.476119328040483 ], [ 32.617170292352036, 45.460985470833045 ], [ 32.630360642947437, 45.450622228350568 ], [ 32.614538587824207, 45.436050889205873 ], [ 32.609042730960084, 45.409611419947822 ], [ 32.617891258017941, 45.390695398607114 ], [ 32.63496956940876, 45.374529744810189 ], [ 32.649239273366135, 45.369454121316807 ], [ 32.642641055513771, 45.337730275255254 ], [ 32.649705384989481, 45.322597314722742 ], [ 32.660363434324502, 45.312492893273479 ], [ 32.678876123835053, 45.303373522477564 ], [ 32.716329733586988, 45.299483200474441 ], [ 32.737776737121784, 45.304450931130717 ], [ 32.752105899031349, 45.311957923859111 ], [ 32.761814279238884, 45.32174619308207 ], [ 32.785028761669537, 45.322919506371335 ], [ 32.806488724769892, 45.327872593690167 ], [ 32.82083206189052, 45.335369309077542 ], [ 32.830928452764653, 45.346911317159822 ], [ 32.840173985353466, 45.342338612157249 ], [ 32.862649263333125, 45.339972556276791 ], [ 32.870770754623976, 45.330114615204984 ], [ 32.889247328409212, 45.320963240751965 ], [ 32.908840107353427, 45.317091723867485 ], [ 32.926683723563457, 45.317002765893442 ], [ 32.942781988492285, 45.320696840373785 ], [ 32.940905685544216, 45.311894117099605 ], [ 32.947883344003799, 45.296750817954454 ], [ 32.958477622778446, 45.286623945802496 ], [ 32.974806342947723, 45.2794867094835 ], [ 32.993858888782476, 45.261254858573281 ], [ 33.012290598454555, 45.252087594272581 ], [ 33.024749487937491, 45.25075689649487 ], [ 33.027470749396052, 45.239664247488136 ], [ 33.038040297158084, 45.229532502747325 ], [ 33.072749453523151, 45.213211585111729 ], [ 33.074105116863763, 45.207665288092251 ], [ 33.082927749485833, 45.201317301840731 ], [ 33.082171597480503, 45.197797983860262 ], [ 33.093102035885295, 45.189422562586557 ], [ 33.094077311671256, 45.182116724600448 ], [ 33.104624728530382, 45.171981140751136 ], [ 33.12300806808274, 45.162800631412132 ], [ 33.140036458093007, 45.159163964505808 ], [ 33.178092743226259, 45.158650616452952 ], [ 33.180782046257896, 45.147558030124436 ], [ 33.197619958247159, 45.13133149711787 ], [ 33.211766327327837, 45.126195958569177 ], [ 33.215591762607112, 45.120379911390316 ], [ 33.233937926498029, 45.111184870893055 ], [ 33.278638056316453, 45.10631296005316 ], [ 33.305384969323789, 45.11239002305993 ], [ 33.325456196392636, 45.122793051818363 ], [ 33.332346540436042, 45.13103861302735 ], [ 33.377431561590114, 45.127884228860673 ], [ 33.409548312345549, 45.135144843039569 ], [ 33.435775267932677, 45.150248948135165 ], [ 33.434610557504605, 45.144976990540371 ], [ 33.441436499164723, 45.129819573742417 ], [ 33.453999731778389, 45.117626759808395 ], [ 33.458963352152757, 45.117076650936063 ], [ 33.47492686073781, 45.097303620170592 ], [ 33.493603931386012, 45.089828249052594 ], [ 33.500409545874753, 45.074669821024372 ], [ 33.510859191051814, 45.064506020991836 ], [ 33.515817120314566, 45.06395394616203 ], [ 33.52169485872534, 45.056098429757277 ], [ 33.53578531689395, 45.050927082048837 ], [ 33.529549715932205, 45.022820042838212 ], [ 33.536340841724538, 45.007661567791232 ], [ 33.545076738111732, 45.001286247079172 ], [ 33.541432289786911, 44.996292734053853 ], [ 33.543657518124832, 44.983443643501886 ], [ 33.538988059008467, 44.962363840309884 ], [ 33.549163890116539, 44.939627198489127 ], [ 33.562056506296003, 44.929186369313072 ], [ 33.552834034065675, 44.910416860292834 ], [ 33.551809144502151, 44.894331381595578 ], [ 33.55858583057546, 44.879174338582231 ], [ 33.563138395418292, 44.876865436437463 ], [ 33.559114579352475, 44.870115418582905 ], [ 33.554174154396492, 44.870667519653942 ], [ 33.545211876371781, 44.864468679371207 ], [ 33.529616205991644, 44.862608869398301 ], [ 33.515330930431809, 44.855201083490599 ], [ 33.502360318681312, 44.842245458777072 ], [ 33.496417318097961, 44.826707294336984 ], [ 33.498268842793728, 44.812102271151865 ], [ 33.482845849551481, 44.79941745633716 ], [ 33.477684294935663, 44.787391641009435 ], [ 33.47761931404542, 44.764000987725709 ], [ 33.486105547385989, 44.74506036814045 ], [ 33.498974625150765, 44.73463085593766 ], [ 33.495130166460243, 44.717060583715913 ], [ 33.502680267325971, 44.705422304326461 ], [ 33.501143178056466, 44.698394298728402 ], [ 33.492217087967546, 44.692187893586471 ], [ 33.485534393081231, 44.673133525934297 ], [ 33.471689598157553, 44.667471886945172 ], [ 33.458397642632519, 44.65274876966501 ], [ 33.419178524143561, 44.646290842475992 ], [ 33.391515404218296, 44.634946307080668 ], [ 33.371812014151118, 44.613720977974729 ], [ 33.370295616385881, 44.606689314098389 ], [ 33.359316133623821, 44.60249800200345 ], [ 33.343230995035974, 44.586268971018001 ], [ 33.337565710376403, 44.55989696616065 ], [ 33.346084783490902, 44.540966205990742 ], [ 33.356487037543729, 44.530825722794773 ], [ 33.37463520334547, 44.521631518410139 ], [ 33.398826302659721, 44.517166587049218 ], [ 33.421694303558631, 44.518241078338825 ], [ 33.41979769074802, 44.509453030338591 ], [ 33.423951371840189, 44.505395005915553 ], [ 33.422434420147148, 44.498364619222684 ], [ 33.429222561539412, 44.483218305829865 ], [ 33.439600079614486, 44.473072975897516 ], [ 33.457715630649368, 44.463868854595418 ], [ 33.494520913481296, 44.459783510200722 ], [ 33.515673007105576, 44.464627874465883 ], [ 33.518889667637126, 44.467868548960517 ], [ 33.525486435987759, 44.463534585069105 ], [ 33.544729278822729, 44.459588758586101 ], [ 33.562281827823703, 44.459427428284286 ], [ 33.573242150590431, 44.463600008431456 ], [ 33.612483022585671, 44.459202215881241 ], [ 33.615081183346049, 44.448113799950541 ], [ 33.625416959844891, 44.437955643719299 ], [ 33.64593684251706, 44.428450175190605 ], [ 33.6449238074999, 44.412369449811521 ], [ 33.653324705820765, 44.393429685277745 ], [ 33.668157332194667, 44.38096192695177 ], [ 33.669065909439361, 44.373662020038694 ], [ 33.679380468834694, 44.363501632174049 ], [ 33.70398796398036, 44.349925606569855 ], [ 33.725621810931152, 44.345677637304085 ], [ 33.743519547946853, 44.34724726605743 ], [ 33.785102235644636, 44.342521761114853 ], [ 33.819227581023114, 44.349427771240457 ], [ 33.825286647438425, 44.354133973798177 ], [ 33.835459291922625, 44.354771083044803 ], [ 33.844355982633765, 44.360951213017785 ], [ 33.854919973205526, 44.36334108632402 ], [ 33.903831406136959, 44.357730839813101 ], [ 33.921431198706181, 44.346710052082535 ], [ 33.96053998778703, 44.342202029940026 ], [ 33.986948100541184, 44.348146649767941 ], [ 33.995857227498128, 44.3543128946745 ], [ 34.01296553155079, 44.352330823368021 ], [ 34.039381193099452, 44.35826184619355 ], [ 34.051137077499511, 44.365892183534044 ], [ 34.080005295932544, 44.371528143308737 ], [ 34.091768752860283, 44.379153270978009 ], [ 34.119051717336745, 44.377766313865429 ], [ 34.140198012392538, 44.382489445839326 ], [ 34.160502224951706, 44.39450480915152 ], [ 34.165390565458765, 44.393931305747174 ], [ 34.185302885070108, 44.404188706931222 ], [ 34.201536890949718, 44.420273740400013 ], [ 34.211617154890781, 44.453276669985165 ], [ 34.223847422067607, 44.451835568115193 ], [ 34.250321905174978, 44.457708726632895 ], [ 34.278822530870045, 44.472333082586012 ], [ 34.282887304544424, 44.479049799525001 ], [ 34.287780238763446, 44.478470195921986 ], [ 34.313447304113915, 44.491621849155329 ], [ 34.326483666883711, 44.504469775510159 ], [ 34.328515978247644, 44.513226045612896 ], [ 34.335037916307911, 44.519648949645067 ], [ 34.345642628336009, 44.521986482757988 ], [ 34.363182109018645, 44.532494675186825 ], [ 34.378685640078615, 44.534245044917569 ], [ 34.395825324154977, 44.542996155547286 ], [ 34.406444070635281, 44.556123867272468 ], [ 34.414608823665226, 44.558746474611141 ], [ 34.427684209454164, 44.571578297290991 ], [ 34.438743606634532, 44.597248193117842 ], [ 34.438349123155717, 44.606293995989617 ], [ 34.454305159616148, 44.620577488586022 ], [ 34.46087700026245, 44.637785918050568 ], [ 34.476848674930586, 44.652064610493689 ], [ 34.47932729056884, 44.66256527594814 ], [ 34.488337738289935, 44.668680487776911 ], [ 34.489992338604644, 44.675680588410913 ], [ 34.494897563209783, 44.67509008226709 ], [ 34.526436812892747, 44.691086058920966 ], [ 34.530550480364489, 44.697788850636393 ], [ 34.54568449352761, 44.697760409096709 ], [ 34.566972759291758, 44.702384475769172 ], [ 34.581321562278092, 44.709645589531661 ], [ 34.585443136356396, 44.716345464301384 ], [ 34.59034982330413, 44.715750436267498 ], [ 34.604704731586232, 44.723007807499371 ], [ 34.605540540499206, 44.726506116830819 ], [ 34.626423811289982, 44.729367902679286 ], [ 34.640786152544401, 44.73661968730066 ], [ 34.654376928148089, 44.751163429504793 ], [ 34.68627748324085, 44.747270476211519 ], [ 34.707590629461215, 44.751864085632292 ], [ 34.733471279991456, 44.764893404690923 ], [ 34.746668896376875, 44.777674211949787 ], [ 34.751323662653832, 44.796902932280368 ], [ 34.777813103425657, 44.781046993263679 ], [ 34.817073924968966, 44.776209491344176 ], [ 34.838403360979562, 44.780775448799091 ], [ 34.855681199153949, 44.78943876818073 ], [ 34.859841062466216, 44.796124042875711 ], [ 34.877762426463576, 44.786703826769866 ], [ 34.917010162778752, 44.781831489526816 ], [ 34.938345421258035, 44.786377009387408 ], [ 34.956066440812535, 44.796769229767698 ], [ 34.995307658233941, 44.79186912589978 ], [ 35.016649682563092, 44.796398373751614 ], [ 35.019964851911659, 44.799583240434281 ], [ 35.049389932958519, 44.795892740053709 ], [ 35.070735449488836, 44.800410869089397 ], [ 35.085161585906164, 44.807596205573091 ], [ 35.092668628668029, 44.817451545712331 ], [ 35.113868617504494, 44.811178863890689 ], [ 35.133916921890133, 44.810447860397169 ], [ 35.160610120580678, 44.816072620542954 ], [ 35.175049469416457, 44.823244412390288 ], [ 35.191678286679988, 44.83913737892258 ], [ 35.198680193657339, 44.867051878433919 ], [ 35.230310815215006, 44.872032902266881 ], [ 35.244773046784857, 44.879192919978507 ], [ 35.258105463626066, 44.891895928426862 ], [ 35.262508605312021, 44.909337311886993 ], [ 35.27276655997715, 44.909828792485662 ], [ 35.295931860937173, 44.921272042161377 ], [ 35.306831833842082, 44.934280612246368 ], [ 35.32872238093082, 44.920675262009965 ], [ 35.34791086071565, 44.91641399576897 ], [ 35.365529713467971, 44.915951679431863 ], [ 35.386934048510156, 44.920400362121285 ], [ 35.401425392290321, 44.92753606973119 ], [ 35.414803034147631, 44.940214681392654 ], [ 35.420377695975553, 44.952098403513574 ], [ 35.418812249187816, 44.975705957024438 ], [ 35.42908041338957, 44.97618130946713 ], [ 35.443592035003171, 44.983309223970409 ], [ 35.456994485856242, 44.995980206594943 ], [ 35.462586087511305, 45.007860281259504 ], [ 35.464612039395192, 45.025603400588452 ], [ 35.454350917040038, 45.044936609555748 ], [ 35.461061529386399, 45.051270837643273 ], [ 35.499314183919786, 45.071522902339346 ], [ 35.509599116840306, 45.071988560125313 ], [ 35.532425174121727, 45.081626772747207 ], [ 35.545874410181817, 45.094282111054561 ], [ 35.558031869384706, 45.12151010172726 ], [ 35.558741672403158, 45.134022858472122 ], [ 35.550513153500205, 45.151301722746446 ], [ 35.56372719393552, 45.153181661476943 ], [ 35.567095787319026, 45.156344106821187 ], [ 35.574480332462578, 45.155381039079117 ], [ 35.582963704300852, 45.148871641858598 ], [ 35.600190235077065, 45.146621660609341 ], [ 35.593377941190298, 45.120500197720233 ], [ 35.599584924514836, 45.105283326397625 ], [ 35.609609317216503, 45.094969216231675 ], [ 35.627458068525883, 45.085430625152675 ], [ 35.666778424088349, 45.080274419920194 ], [ 35.688258926563336, 45.084654317835643 ], [ 35.702827143021899, 45.091740938514441 ], [ 35.716313185773046, 45.104370523687763 ], [ 35.723177748449764, 45.130477375569612 ], [ 35.717005281383969, 45.145697522519605 ], [ 35.706996393940145, 45.156020255537655 ], [ 35.689144691501568, 45.165573068186902 ], [ 35.703278814666142, 45.170916614104868 ], [ 35.716788665803378, 45.183544176960702 ], [ 35.718164662747661, 45.188765540077526 ], [ 35.735392566712058, 45.186493612336193 ], [ 35.756918526049461, 45.190854632618347 ], [ 35.771524620840317, 45.197927992163223 ], [ 35.772445708131443, 45.201408019956936 ], [ 35.78229019585023, 45.200105121090559 ], [ 35.78982881699396, 45.190102087737181 ], [ 35.807666011149138, 45.180534081482563 ], [ 35.824884325131542, 45.178248976631416 ], [ 35.810278949706777, 45.171182928774549 ], [ 35.796754266779345, 45.158569109562087 ], [ 35.791072205644575, 45.146715958139417 ], [ 35.78938941541675, 45.130731332214381 ], [ 35.795540337671241, 45.115509890575666 ], [ 35.805525286080048, 45.105182245154808 ], [ 35.823335396487408, 45.095615747189264 ], [ 35.842521716532936, 45.091265633100221 ], [ 35.86017186423264, 45.090718126201907 ], [ 35.881662578067903, 45.095058055268694 ], [ 35.896252258079457, 45.102115797499444 ], [ 35.897177853062523, 45.105593873281613 ], [ 35.929698142971795, 45.094045038361223 ], [ 35.952253907520657, 45.092825932780237 ], [ 35.979122190413861, 45.098226477272298 ], [ 35.993722017663885, 45.105269695746209 ], [ 36.007269555236583, 45.117855141224823 ], [ 36.014737088235904, 45.145664769845872 ], [ 36.008648226119782, 45.160891500166464 ], [ 35.998698300950608, 45.171234272030667 ], [ 35.980904449920736, 45.180828605722105 ], [ 35.964163980760041, 45.184875801702574 ], [ 35.936654688379811, 45.18676027679885 ], [ 35.91512487369809, 45.182435835572882 ], [ 35.896659214755928, 45.17049444284887 ], [ 35.882834691445844, 45.175940537360916 ], [ 35.881302841390109, 45.179746657696263 ], [ 35.89545342344806, 45.185062917607411 ], [ 35.909005630044163, 45.197661205894647 ], [ 35.910864717035125, 45.20461681342735 ], [ 35.933466404223545, 45.203395848997161 ], [ 35.955005353245809, 45.207715562895196 ], [ 35.977947843744857, 45.217245720804435 ], [ 35.982276405180976, 45.223868823128178 ], [ 36.001017538527847, 45.217748721159005 ], [ 36.024086457849712, 45.218246848245144 ], [ 36.018467190310851, 45.19739090390577 ], [ 36.026544202598835, 45.180094298941214 ], [ 36.017887983951255, 45.166852003763545 ], [ 36.016605670028454, 45.15261700407283 ], [ 36.022691886385779, 45.137390276203575 ], [ 36.032632268816293, 45.127046812532505 ], [ 36.050400084205926, 45.117447645133971 ], [ 36.087211522669307, 45.112474947751728 ], [ 36.108717804311475, 45.116767429989807 ], [ 36.136443333267245, 45.13461915200304 ], [ 36.153720096258581, 45.123268266181597 ], [ 36.172875027376669, 45.118862779209046 ], [ 36.1692022616377, 45.095950735347117 ], [ 36.175242059446141, 45.080722052097862 ], [ 36.185142968991109, 45.070369989997076 ], [ 36.202862449113624, 45.060752151395455 ], [ 36.219541111644013, 45.056675928570499 ], [ 36.23961095307569, 45.055735231027953 ], [ 36.25082717009969, 45.059603943306115 ], [ 36.2581758165461, 45.058598403319685 ], [ 36.260236538442761, 45.04751139245257 ], [ 36.270115269189581, 45.037154631098083 ], [ 36.287807379385931, 45.027526516573559 ], [ 36.326966874891149, 45.022148664346744 ], [ 36.348443014483976, 45.026396339742256 ], [ 36.363056073998884, 45.033386888870481 ], [ 36.376654209763764, 45.045918094016706 ], [ 36.381897148250978, 45.065004059718426 ], [ 36.39413814195067, 45.063313694939097 ], [ 36.41563286034684, 45.067545642580995 ], [ 36.43319101971062, 45.075920492648251 ], [ 36.450222935048842, 45.091569374836283 ], [ 36.451661268167065, 45.09677280576738 ], [ 36.474565089005942, 45.11520576942884 ], [ 36.482740090159055, 45.144687745728497 ], [ 36.475298214563381, 45.163732736876561 ], [ 36.465446091545992, 45.17410645296561 ], [ 36.445299173037689, 45.184105810629049 ], [ 36.475036574205696, 45.217804181817527 ], [ 36.482758133888488, 45.245551407624028 ], [ 36.476801138436208, 45.260789493344269 ], [ 36.491012337475418, 45.266019622145343 ], [ 36.504706519935667, 45.278525279306407 ], [ 36.513913740564064, 45.31146989647884 ], [ 36.529142375881676, 45.311149414102644 ], [ 36.552739287755955, 45.304254297370711 ], [ 36.590556944094779, 45.302569860061425 ], [ 36.601355740438009, 45.30466048861382 ], [ 36.59256608876683, 45.282472942799366 ], [ 36.594110431957468, 45.251633412724679 ], [ 36.586771806347436, 45.243654111561817 ], [ 36.555927873972365, 45.224549643029739 ], [ 36.53539887686096, 45.205799941550595 ], [ 36.530044261350213, 45.195739369619275 ], [ 36.540056309959894, 45.140308576021752 ], [ 36.554404673009074, 45.100483559810982 ], [ 36.552956822741557, 45.095282723816482 ], [ 36.558368674946649, 45.087322857150916 ], [ 36.556921128674261, 45.082122109765194 ], [ 36.562331558653362, 45.074162338817203 ], [ 36.560884316499646, 45.068961680037951 ], [ 36.566293325673726, 45.061002005048607 ], [ 36.56484638776201, 45.055801434873487 ], [ 36.60970220333229, 44.943274493646634 ], [ 36.604372681342213, 44.933217264507903 ], [ 36.594165998903989, 44.923842997158367 ], [ 36.588805568145155, 44.922792855317901 ], [ 36.584443401640364, 44.916200783116793 ], [ 36.566445544993222, 44.906113517062828 ], [ 36.565486058819523, 44.902646385505378 ], [ 36.554290675088758, 44.898808701731689 ], [ 36.553332163704546, 44.895341360684732 ], [ 36.487200814655523, 44.866744335784965 ], [ 36.427840141229773, 44.85337450040295 ], [ 36.388885478649208, 44.849758971890402 ], [ 36.366459080500334, 44.851053247308045 ], [ 36.307684584844488, 44.83033447598558 ], [ 36.241533731213629, 44.819594533554358 ], [ 36.170877202230571, 44.820228933020218 ], [ 36.101017537068543, 44.833311003624907 ], [ 36.053017828392555, 44.814594261938602 ], [ 36.004911060144416, 44.804872283283295 ], [ 35.953311277030359, 44.800997743081886 ], [ 35.923544661470387, 44.803182183359816 ], [ 35.883241764438438, 44.794162088982553 ], [ 35.821874011286205, 44.791526280227252 ], [ 35.757884148977283, 44.798202921920343 ], [ 35.712795058431027, 44.809553595716203 ], [ 35.671484312178777, 44.825789731909779 ], [ 35.631949545098905, 44.848978489977796 ], [ 35.62390085832611, 44.837430632894126 ], [ 35.611411769190838, 44.82826346425955 ], [ 35.610062589227454, 44.823039227350257 ], [ 35.604719259614107, 44.82193771365661 ], [ 35.597130046463597, 44.812128345555912 ], [ 35.591787911849252, 44.811026050478517 ], [ 35.578413406027721, 44.798370621735437 ], [ 35.570178523871867, 44.795844541028778 ], [ 35.569282526043125, 44.792361047541114 ], [ 35.50609362809805, 44.762779789354127 ], [ 35.438733643061717, 44.746301794281464 ], [ 35.410502906243266, 44.744544912321857 ], [ 35.396063596030579, 44.737405246631013 ], [ 35.390084603833451, 44.723774865126835 ], [ 35.373008144875662, 44.706171766257427 ], [ 35.371686149329776, 44.700941788980337 ], [ 35.342211330921323, 44.674127813655268 ], [ 35.318714438493664, 44.660940267339249 ], [ 35.317837711029895, 44.657452746190174 ], [ 35.274631572229673, 44.635978684939722 ], [ 35.269746131305268, 44.636602205518997 ], [ 35.223259635850219, 44.611926950935633 ], [ 35.218375098523794, 44.612548011791006 ], [ 35.209310489325617, 44.606500770479357 ], [ 35.204426105165616, 44.607121175655635 ], [ 35.18185266159194, 44.597387018796567 ], [ 35.134001718626827, 44.587245215575635 ], [ 35.102969590817288, 44.583962277449757 ], [ 35.04751159913441, 44.583739427730826 ], [ 34.977077176273795, 44.59435794522188 ], [ 34.928296818813259, 44.611237043153551 ], [ 34.880877618637577, 44.602728659543658 ], [ 34.832714001226861, 44.601490420982813 ], [ 34.808252469649055, 44.60450953677104 ], [ 34.780415832207723, 44.593540580147696 ], [ 34.738331972591716, 44.586112776247205 ], [ 34.72973402001454, 44.581767937876933 ], [ 34.728894969262747, 44.578271387947353 ], [ 34.717852897317727, 44.574225187850566 ], [ 34.717014779110563, 44.570728456010464 ], [ 34.676919617856512, 44.550435740842971 ], [ 34.666303087741944, 44.54813207311485 ], [ 34.647410884483364, 44.521641065217807 ], [ 34.627755893733458, 44.502438426922126 ], [ 34.622452710772997, 44.501283746001661 ], [ 34.613786290080469, 44.475343777019859 ], [ 34.590025947365071, 44.438638869956414 ], [ 34.541867364559906, 44.394084104474615 ], [ 34.484454548497048, 44.363218636130036 ], [ 34.479575212641308, 44.363805469923918 ], [ 34.473469477300235, 44.359141413078966 ], [ 34.457606681726766, 44.355648732363889 ], [ 34.441739290663151, 44.341358263890186 ], [ 34.401493498557308, 44.319186289155681 ], [ 34.396616123874111, 44.319769123934279 ], [ 34.384833517675666, 44.31217974699809 ], [ 34.379956385287969, 44.312761798091529 ], [ 34.373863919263307, 44.308090729344876 ], [ 34.368986903137603, 44.308672269890081 ], [ 34.352333133400442, 44.301660039762666 ], [ 34.345032037873025, 44.291733503258087 ], [ 34.339752028096221, 44.290562415219327 ], [ 34.335699501686634, 44.28384737027082 ], [ 34.330420344095657, 44.282675732683053 ], [ 34.317445111963103, 44.26982329695489 ], [ 34.306487594797701, 44.265726148414977 ], [ 34.305682850428539, 44.262223182103369 ], [ 34.265941857100195, 44.241741460607059 ], [ 34.261068150436699, 44.242317713615492 ], [ 34.25215549790061, 44.23617421612083 ], [ 34.247281974148883, 44.236749823960274 ], [ 34.219716837222215, 44.225607994331988 ], [ 34.151982359758478, 44.213777248811645 ], [ 34.091907186157869, 44.21360504414492 ], [ 34.048176264208344, 44.197107694988006 ], [ 34.003599771649071, 44.18788728245881 ], [ 33.960206715532941, 44.183909323447679 ], [ 33.927736505758617, 44.18405432457569 ], [ 33.852535946866148, 44.194485447839106 ], [ 33.836351716707242, 44.189139856122083 ], [ 33.797832995106944, 44.184539740959025 ], [ 33.755208737053756, 44.183990439248269 ], [ 33.691770851544319, 44.191174887302708 ], [ 33.620449813641066, 44.208203709565709 ], [ 33.580835682866137, 44.221641242052129 ], [ 33.565255297865434, 44.230580962382113 ], [ 33.536313367605025, 44.235612031461244 ], [ 33.489699524295119, 44.251596368955838 ], [ 33.453593986908103, 44.269995817617925 ], [ 33.451902180276562, 44.273781693600405 ], [ 33.433838896435503, 44.282977923832497 ], [ 33.430075329890244, 44.288791863356053 ], [ 33.425181452506251, 44.289332839077126 ], [ 33.421416670451684, 44.295146638615847 ], [ 33.39449484765472, 44.298117767022489 ], [ 33.34948154617301, 44.310267766665604 ], [ 33.324414546353921, 44.322014350107025 ], [ 33.317066559501832, 44.322819417455563 ], [ 33.278776269871415, 44.343200425533844 ], [ 33.274993252129541, 44.349011366093301 ], [ 33.270091456733901, 44.349546264192462 ], [ 33.25761926575975, 44.361702297409003 ], [ 33.252716088385924, 44.362236569566917 ], [ 33.22567303890667, 44.388571034715461 ], [ 33.226416765013212, 44.392088944179989 ], [ 33.21771904290167, 44.398432212034017 ], [ 33.218462547960634, 44.401950221474507 ], [ 33.206340732852851, 44.41586213299891 ], [ 33.196894626007648, 44.418686227020508 ], [ 33.195182750188543, 44.422470659326798 ], [ 33.18573487409639, 44.425293990190909 ], [ 33.181938100601251, 44.431103492729399 ], [ 33.170403389801706, 44.435950916447425 ], [ 33.136660284938152, 44.466588131914236 ], [ 33.137400687751573, 44.470107175982236 ], [ 33.126594042670717, 44.478470469093871 ], [ 33.127334146972181, 44.481989639069425 ], [ 33.11136760088376, 44.501704560287443 ], [ 33.106949399427137, 44.516576170245962 ], [ 33.102400248951909, 44.518865150748368 ], [ 33.103509835073503, 44.524144343682082 ], [ 33.097609390164322, 44.531977090675106 ], [ 33.092205501606145, 44.554152569394638 ], [ 33.090001649126833, 44.579583401044729 ], [ 33.102980144927322, 44.641174531159926 ], [ 33.12311794153306, 44.676799270571436 ], [ 33.128795300609056, 44.679786663198918 ], [ 33.129913524233494, 44.685065186116518 ], [ 33.152780316581747, 44.709592751519075 ], [ 33.158088561587881, 44.710818837792083 ], [ 33.177011579376568, 44.728568958436746 ], [ 33.188007697562846, 44.732777178623884 ], [ 33.188758114890362, 44.736295379807437 ], [ 33.231422445264649, 44.758660038944257 ], [ 33.23635943404495, 44.758122957816717 ], [ 33.244896374701405, 44.762593106443923 ], [ 33.241231712005309, 44.804387986238524 ], [ 33.251821718051012, 44.853631158257286 ], [ 33.259419189868026, 44.865402493616493 ], [ 33.270241912853152, 44.903820695025196 ], [ 33.28622697643975, 44.930874852865585 ], [ 33.295939510942787, 44.940613151769931 ], [ 33.272895701276823, 44.93953071973857 ], [ 33.191550865140066, 44.950178851754053 ], [ 33.160477389017132, 44.958942814408729 ], [ 33.139682966146118, 44.968389079785318 ], [ 33.129769218888953, 44.969458566751733 ], [ 33.086048904687665, 44.990364561676671 ], [ 33.061623774371107, 44.994785928926987 ], [ 33.01921531811751, 45.010124514038928 ], [ 32.966975301091864, 45.039093082496237 ], [ 32.947974055332097, 45.057312762166404 ], [ 32.915421914286156, 45.071564450077204 ], [ 32.913679446805723, 45.075349107562381 ], [ 32.904109844018336, 45.078161767516448 ], [ 32.90025191757298, 45.083970050783805 ], [ 32.888564868189576, 45.08880532324828 ], [ 32.85009709008942, 45.123463785586267 ], [ 32.850837007580324, 45.126986176592823 ], [ 32.84199440972931, 45.133317187629792 ], [ 32.832879034859708, 45.150477132748868 ], [ 32.729838421268163, 45.11985628013101 ], [ 32.722372219325777, 45.120633794701696 ], [ 32.71131997106842, 45.116383474548876 ], [ 32.679994689779839, 45.112436487854374 ], [ 32.641568567707679, 45.111014890189345 ], [ 32.564390608096026, 45.118965285127331 ], [ 32.511397411147698, 45.133393300935673 ], [ 32.488278308154086, 45.144753623829438 ], [ 32.450537743549063, 45.146795298400477 ], [ 32.382518653255289, 45.162686971035903 ], [ 32.324065123957872, 45.188376543517663 ], [ 32.322278795481303, 45.192156243546997 ], [ 32.303730049184161, 45.201218440117323 ], [ 32.299799816729504, 45.207012899579439 ], [ 32.294807147583363, 45.207513284852993 ], [ 32.256217886915927, 45.243775822387761 ], [ 32.25692416641764, 45.247305623970334 ], [ 32.250134664435876, 45.251583708176383 ], [ 32.250840759230762, 45.255113579673043 ], [ 32.238316398127061, 45.268964007809849 ], [ 32.237228242880619, 45.276273209143469 ], [ 32.232581199606791, 45.278536488250573 ], [ 32.223959385394927, 45.299197316111716 ], [ 32.22357523755565, 45.31003681885322 ], [ 32.219277790458385, 45.314064970575501 ], [ 32.218508802607417, 45.335744218625074 ], [ 32.210615109604319, 45.347330811614668 ], [ 32.211674155325461, 45.352626253263146 ], [ 32.203038000226222, 45.373287523310566 ], [ 32.200788361969344, 45.413117299967489 ], [ 32.20751021204034, 45.446655444901388 ], [ 32.221771019620505, 45.479443760831792 ], [ 32.239649042908958, 45.50466877801567 ], [ 32.248603172673427, 45.51097743503697 ], [ 32.249671838647153, 45.516272028086526 ], [ 32.264720671696374, 45.527372430182858 ], [ 32.270088100618928, 45.541239462482444 ], [ 32.288011946709965, 45.566453118204684 ], [ 32.310621086563437, 45.589393869935797 ], [ 32.316006485022093, 45.590653953073435 ], [ 32.328936356721492, 45.603759397187325 ], [ 32.337197167301419, 45.606529994061404 ], [ 32.337917511376354, 45.610058575442331 ], [ 32.354803339258218, 45.6173616893823 ], [ 32.355525059813928, 45.620890046209823 ], [ 32.420236930751216, 45.648563174166327 ], [ 32.479204979487037, 45.660578839679971 ], [ 32.491823768909882, 45.671897109240639 ], [ 32.537939224242038, 45.695995355889735 ], [ 32.542970862885404, 45.695480082918777 ], [ 32.551990151505549, 45.701758484068023 ], [ 32.557022054586227, 45.70124254209852 ], [ 32.576845885653867, 45.71001167361031 ], [ 32.587279438439097, 45.710739938842707 ], [ 32.612589169019117, 45.733344059071051 ], [ 32.632803702355311, 45.743863875317551 ], [ 32.633546119860782, 45.747388669635576 ], [ 32.676518441293545, 45.768153766933878 ], [ 32.681554057376651, 45.76763175771363 ], [ 32.687709197858361, 45.772395671117806 ], [ 32.703937505178686, 45.776113225947263 ], [ 32.723913269428259, 45.797446405099009 ], [ 32.732219307574773, 45.800183294413962 ], [ 32.739133176771333, 45.808467099086933 ], [ 32.771357939528407, 45.826714325313084 ], [ 32.705836140667451, 45.833541704204499 ], [ 32.669518658716434, 45.844512401393715 ], [ 32.590597686021013, 45.849055987968008 ], [ 32.541254559666172, 45.859522085198286 ], [ 32.531900545507703, 45.86408111253467 ], [ 32.493307757688228, 45.864421149444659 ], [ 32.435616920581666, 45.872088805182756 ], [ 32.391627860904386, 45.883744979610505 ], [ 32.380094386039708, 45.890311943763962 ], [ 32.359520646676621, 45.890585610020096 ], [ 32.294914898772468, 45.902477028486274 ], [ 32.288057424605071, 45.906765108282521 ], [ 32.256280205871839, 45.915343192002645 ], [ 32.251946328398361, 45.919377140547553 ], [ 32.191612729954592, 45.927179810360769 ], [ 32.164505237235439, 45.933467141297875 ], [ 32.147870124117333, 45.940514301972499 ], [ 32.059643116978599, 45.950996824248769 ], [ 32.027793771582708, 45.959515687113168 ], [ 32.001706964923237, 45.971065229731309 ], [ 31.929291538457029, 45.983502057926593 ], [ 31.893380119891315, 45.997777235611117 ], [ 31.865141343443064, 45.998697519908539 ], [ 31.822731775007522, 46.006371802588447 ], [ 31.81074756196703, 46.01112117967957 ], [ 31.729218009575369, 46.017095449246028 ], [ 31.687455925919945, 46.028257419445723 ], [ 31.613832030599255, 46.035198671944634 ], [ 31.566945420342044, 46.046796162815724 ], [ 31.540703797337024, 46.058250468345783 ], [ 31.490557591587766, 46.06651805623693 ], [ 31.4417425653889, 46.081842446999964 ], [ 31.403745528996684, 46.099751346830665 ], [ 31.401874631810248, 46.10352483255474 ], [ 31.382864719962619, 46.112475078831423 ], [ 31.376574052549817, 46.120255303475119 ], [ 31.371483829197043, 46.120722404053588 ], [ 31.343083927496899, 46.148533466969518 ], [ 31.337990552942436, 46.14899929448827 ], [ 31.333901824624846, 46.154775082580642 ], [ 31.321835555699138, 46.159478583296668 ], [ 31.313317979206076, 46.169259166281819 ], [ 31.308222208724903, 46.169723826960571 ], [ 31.28607835439793, 46.189747058020792 ], [ 31.286746106036052, 46.19328768538297 ], [ 31.277550050531516, 46.199525876425611 ], [ 31.278217482051883, 46.203066593525669 ], [ 31.26303535245297, 46.218850925319686 ], [ 31.261818487796834, 46.226164135917934 ], [ 31.257049966331405, 46.228397404537752 ], [ 31.249510892694495, 46.243486503328732 ], [ 31.238641899743371, 46.282286016769682 ], [ 31.240539326965568, 46.319929898379222 ], [ 31.233320814642909, 46.336790001119773 ], [ 31.230659670808659, 46.36404233894941 ], [ 31.238017260937966, 46.402994358200367 ], [ 31.158663075943704, 46.410146835512144 ], [ 31.149654062263405, 46.403752106035988 ], [ 31.144533856703237, 46.404211242045186 ], [ 31.118843987490834, 46.392105152069419 ], [ 31.045449150671033, 46.375234092644597 ], [ 31.02723174890227, 46.304821570330908 ], [ 31.00151410940402, 46.263881589051799 ], [ 30.967247091443948, 46.232692996496716 ], [ 30.958184573418325, 46.183074244821995 ], [ 30.931945144215398, 46.13856581009378 ], [ 30.885371589586555, 46.095830418329747 ], [ 30.839189155266151, 46.069246938002287 ], [ 30.828365331998157, 46.066586527186537 ], [ 30.801335396896455, 46.031121258878109 ], [ 30.795927925860358, 46.029789011920585 ], [ 30.792117646969228, 46.022917032140136 ], [ 30.786711172714696, 46.021584262529274 ], [ 30.774006046819025, 46.008278861626025 ], [ 30.765741578950902, 46.005391468735532 ], [ 30.765111454514624, 46.001845020225581 ], [ 30.719379592783618, 45.976975223063221 ], [ 30.714292173666184, 45.977411982318898 ], [ 30.705409437449514, 45.970972505988001 ], [ 30.667304862561178, 45.959830472822887 ], [ 30.661960391374535, 45.944083622238878 ], [ 30.640807352450533, 45.911680887819166 ], [ 30.600667355122145, 45.873685472870015 ], [ 30.571885328878817, 45.856319807314343 ], [ 30.560584706023505, 45.835671574398305 ], [ 30.531928678810441, 45.803883419273845 ], [ 30.526548928079759, 45.802536047449131 ], [ 30.513961167954673, 45.789192821638508 ], [ 30.505742089508392, 45.786282829286023 ], [ 30.505133254169813, 45.782733507955285 ], [ 30.485554942526207, 45.773574379058346 ], [ 30.474610224214995, 45.754688640931043 ], [ 30.44635153132732, 45.724646741141349 ], [ 30.426201110253306, 45.711924919710626 ], [ 30.425598886367048, 45.708374729521516 ], [ 30.411727678739236, 45.702328076276181 ], [ 30.411126572346294, 45.698777731152255 ], [ 30.368935174833457, 45.677074916797785 ], [ 30.34464911226684, 45.670081239184697 ], [ 30.332137191904732, 45.656712165803455 ], [ 30.309505361868879, 45.644174255527403 ], [ 30.308911930678725, 45.640622828526602 ], [ 30.280638262952305, 45.624942668175549 ], [ 30.261740762447534, 45.619289513726407 ], [ 30.248966302524256, 45.604132853869281 ], [ 30.228903768662139, 45.591369084314472 ], [ 30.228316512712258, 45.587816807916937 ], [ 30.217317892636828, 45.583312360555176 ], [ 30.216731532251263, 45.579759962351211 ], [ 30.171882290100019, 45.556400358140635 ], [ 30.166824920556813, 45.5568098185351 ], [ 30.160893992684201, 45.55188959615483 ], [ 30.125990723736056, 45.542107146029707 ], [ 30.117536660837477, 45.53738793263188 ], [ 30.116957522036518, 45.533834505916566 ], [ 30.105977584400936, 45.529317725107418 ], [ 30.105399336318058, 45.525764178238084 ], [ 30.074423321731185, 45.508449961927298 ], [ 30.066553896309781, 45.507280129359323 ], [ 30.074583805425281, 45.477837173329355 ], [ 30.072735928337266, 45.434785727539229 ], [ 30.118524762286697, 45.449108274945978 ], [ 30.165697917436738, 45.456100156145922 ], [ 30.212004542458679, 45.457742623105148 ], [ 30.282370743526467, 45.450195909958531 ], [ 30.343369989250267, 45.432578098689291 ], [ 30.381342719345277, 45.415037524638109 ], [ 30.392461787233888, 45.405115463267265 ], [ 30.404468517334813, 45.400518534680778 ], [ 30.410838911876322, 45.392789089051384 ], [ 30.415878112011637, 45.39236999845896 ], [ 30.440311832266268, 45.370534822600867 ], [ 30.43971584831997, 45.366984566873924 ], [ 30.457473400616511, 45.351102255280473 ], [ 30.458797321243583, 45.343791720752243 ], [ 30.467671228140745, 45.335849829052492 ], [ 30.481103377955353, 45.309525845556578 ], [ 30.491239482536002, 45.263677594108749 ], [ 30.480808993296783, 45.201554974766182 ], [ 30.462317865076145, 45.167104937078506 ], [ 30.456706407141564, 45.163974251542278 ], [ 30.452419808816924, 45.153533159648489 ], [ 30.433820383408346, 45.13348682870933 ], [ 30.428509095873753, 45.132129595712371 ], [ 30.416118692264643, 45.118762384686782 ], [ 30.408007247806765, 45.115837280175136 ], [ 30.407418533273844, 45.112286534190019 ], [ 30.390905328925342, 45.10465874083409 ], [ 30.390317903860666, 45.101107812205441 ], [ 30.327109608460081, 45.072137552978624 ], [ 30.274084288755223, 45.058496181314766 ], [ 30.264060524697413, 45.059316920592515 ], [ 30.240351020756183, 45.054055446642415 ], [ 30.184353416933046, 45.053212562216885 ], [ 30.126986689238322, 45.059651039522798 ], [ 30.105276181297711, 45.066798221865596 ], [ 30.092738616764773, 45.067805627709426 ], [ 30.021165730832497, 45.096926912956405 ], [ 30.010028043856281, 45.106812512720225 ], [ 29.998041582186271, 45.111365020678335 ], [ 29.989126257747472, 45.11927216684856 ], [ 29.989689151774723, 45.122827116006256 ], [ 29.976029845323474, 45.132909466968734 ], [ 29.976592193133403, 45.136464536345322 ], [ 29.969619879627427, 45.140616514811242 ], [ 29.970181980069505, 45.144171642320302 ], [ 29.957075806220796, 45.157807549896205 ], [ 29.953735184528721, 45.16887063047534 ], [ 29.690002427406277, 45.191205081117211 ], [ 29.688850647913604, 45.200292497673033 ], [ 29.721558706952663, 45.197780029373902 ], [ 29.742782686333715, 45.203343887938033 ], [ 29.756737165698667, 45.211265560139289 ], [ 29.769005678758347, 45.224715512266307 ], [ 29.773694500129096, 45.254949957582397 ], [ 29.765828877597276, 45.269957539085205 ], [ 29.754612978583726, 45.279823893714024 ], [ 29.735558692219186, 45.288493758306245 ], [ 29.697759536515186, 45.291401068848053 ], [ 29.67371101972455, 45.284244797642366 ], [ 29.669763350959677, 45.291746271765739 ], [ 29.669974870646207, 45.309728714882191 ], [ 29.665205723386872, 45.311893297865886 ], [ 29.656147651891494, 45.335983762136557 ], [ 29.633102148045644, 45.352140395613858 ], [ 29.657723934298279, 45.362861582348216 ], [ 29.67000882184956, 45.37632166277821 ], [ 29.675274460565234, 45.393917725837461 ], [ 29.673241699555938, 45.41387224709171 ], [ 29.665332151484986, 45.42887649761893 ], [ 29.654069416844134, 45.438736526400653 ], [ 29.634946657044601, 45.447394527200714 ], [ 29.617253559007661, 45.448740908710207 ], [ 29.605160109648654, 45.453259394826674 ], [ 29.594698887501391, 45.468452349189924 ], [ 29.619984678902235, 45.466532464411095 ], [ 29.630919047244994, 45.471100249184602 ], [ 29.643561639885217, 45.470136946297437 ], [ 29.664887210733912, 45.475708523944846 ], [ 29.681709810254564, 45.485220916581447 ], [ 29.706082604985998, 45.510350683816931 ], [ 29.710231058982796, 45.537031345966589 ], [ 29.702319243393092, 45.55203878204216 ], [ 29.691041917083094, 45.56190386114465 ], [ 29.671886387434714, 45.570570790140209 ], [ 29.649365625769882, 45.574091317904617 ], [ 29.631358825404615, 45.573663773650956 ], [ 29.620403096330833, 45.56909746846695 ], [ 29.613077850092054, 45.571454193704319 ], [ 29.615819358222758, 45.589245565173044 ], [ 29.607875768446892, 45.604248758213558 ], [ 29.592048143866652, 45.618049178097493 ], [ 29.577381756739559, 45.622759613824662 ], [ 29.578202023310705, 45.628097500349789 ], [ 29.583821230294646, 45.631272193854322 ], [ 29.589370079046624, 45.650651843964567 ], [ 29.584153189948051, 45.683446897429306 ], [ 29.62984104783683, 45.679978687002269 ], [ 29.651249169884483, 45.685547198916211 ], [ 29.668415449225741, 45.696836118477478 ], [ 29.663939294910357, 45.684578131868527 ], [ 29.66624771519502, 45.666401551381497 ], [ 29.674181396409075, 45.651394725446735 ], [ 29.701563511671392, 45.629496167462406 ], [ 29.720732621451532, 45.62082305895246 ], [ 29.738196429991493, 45.617678128531402 ], [ 29.771421352273251, 45.616911852748167 ], [ 29.782117450161287, 45.619683602208099 ], [ 29.786346014042476, 45.613955848119517 ], [ 29.805494778581235, 45.605269709231045 ], [ 29.843493090120919, 45.602310964544252 ], [ 29.864885537549991, 45.607839602106488 ], [ 29.889947687779518, 45.620276434547996 ], [ 29.905452578806841, 45.637059309643881 ], [ 29.910259396526232, 45.651081768625936 ], [ 29.909714059967914, 45.663724973924964 ], [ 29.901845245520281, 45.678743795953871 ], [ 29.890583944489421, 45.688628118093881 ], [ 29.866632811018025, 45.699504833075686 ], [ 29.854804550084893, 45.722030337245556 ], [ 29.86749596955109, 45.721038054896887 ], [ 29.888937695953491, 45.726558633040746 ], [ 29.903052567029413, 45.734451042083904 ], [ 29.918598276281337, 45.751229548790349 ], [ 29.920597073275758, 45.76367288333163 ], [ 29.938697702072339, 45.780247652399616 ], [ 29.940416443896275, 45.790912730723932 ], [ 29.95623531492183, 45.793263880477014 ], [ 29.970376985750207, 45.801145939017736 ], [ 29.982845437505208, 45.814559282741527 ], [ 29.98370993022202, 45.819891149843379 ], [ 30.009646294124693, 45.805231044791434 ], [ 30.027432947327792, 45.803815401986249 ], [ 30.041518184954487, 45.795491797637773 ], [ 30.066630032485723, 45.791684973933393 ], [ 30.095443070878456, 45.794775970601563 ], [ 30.097399909394163, 45.791018569080187 ], [ 30.116548852723852, 45.782278702567936 ], [ 30.154634449376346, 45.77920736766071 ], [ 30.184324993604537, 45.787604923813682 ], [ 30.204161644879427, 45.798595949233246 ], [ 30.216682244479507, 45.811979239789373 ], [ 30.221587893419724, 45.825981414968943 ], [ 30.236830265891903, 45.824739469369057 ], [ 30.258339836806467, 45.830184089985224 ], [ 30.27536737272704, 45.839592137229573 ], [ 30.297329699621546, 45.862994384986351 ], [ 30.300317377976398, 45.880751338387135 ], [ 30.324396564701942, 45.885972446720054 ], [ 30.338609512877422, 45.893802606164186 ], [ 30.363768299710411, 45.92052936492869 ], [ 30.368724352060585, 45.934521641752404 ], [ 30.368291682910041, 45.94715936570266 ], [ 30.361863096001635, 45.954892058381454 ], [ 30.363069911192607, 45.961993434442263 ], [ 30.374460851009676, 45.968252331890866 ], [ 30.398584288219165, 45.97345418959241 ], [ 30.412830955885607, 45.981272514149737 ], [ 30.416591876731975, 45.98816110739665 ], [ 30.430540636781295, 45.994201697285838 ], [ 30.443164461718069, 46.007552373163236 ], [ 30.44468883126525, 46.016426917441891 ], [ 30.459973632845323, 46.015151158920965 ], [ 30.481576210950255, 46.020545873263458 ], [ 30.495846381230411, 46.028351899286463 ], [ 30.49645985819657, 46.031901165249813 ], [ 30.510427778727372, 46.037930370738742 ], [ 30.511042394347523, 46.041479479335038 ], [ 30.525014250379893, 46.04750657324184 ], [ 30.537673806233194, 46.060844015667271 ], [ 30.539216155723544, 46.069716026586576 ], [ 30.557603066465326, 46.086169548690251 ], [ 30.566108752386317, 46.105255818065153 ], [ 30.576621580842588, 46.106167628895413 ], [ 30.599824354589867, 46.120406733117363 ], [ 30.612520594393661, 46.133733143070529 ], [ 30.615637919529018, 46.15147296870613 ], [ 30.624543982871657, 46.157918161640751 ], [ 30.627355290286005, 46.173883378470109 ], [ 30.644240684616939, 46.181448873066898 ], [ 30.679244434106312, 46.218073040486694 ], [ 30.683652472321441, 46.242903445261959 ], [ 30.6976952910988, 46.248903774374256 ], [ 30.726399907701836, 46.278851645758003 ], [ 30.733079960679451, 46.30168507570194 ], [ 30.758638642770403, 46.328294742689501 ], [ 30.787107629808091, 46.342043135796899 ], [ 30.799907110011429, 46.355341094245574 ], [ 30.801187615319996, 46.362432802178731 ], [ 30.810472643999031, 46.370631922669489 ], [ 30.821373180813378, 46.402098802064174 ], [ 30.827141234577088, 46.405199703265694 ], [ 30.834531104446942, 46.431568360198696 ], [ 30.834221695507217, 46.444200096256502 ], [ 30.827816158279592, 46.45195898915275 ], [ 30.829426799892509, 46.460822721257607 ], [ 30.823663161566635, 46.472127097024334 ], [ 30.825918915891624, 46.484536418540102 ], [ 30.816629777559847, 46.505149940535993 ], [ 30.842625940780543, 46.504694407588588 ], [ 30.864458176441271, 46.50999782225179 ], [ 30.873456781031749, 46.516416652876146 ], [ 30.908784718191242, 46.524135581483897 ], [ 30.914897040210811, 46.52900290848865 ], [ 30.928061897983586, 46.529650245153611 ], [ 30.950237403681722, 46.536707770237335 ], [ 30.957940962857581, 46.536030564186404 ], [ 31.01771690463962, 46.548765815396308 ], [ 31.057632662375322, 46.566837108855808 ], [ 31.06442489382713, 46.575237822981833 ], [ 31.084310864212597, 46.569866510176702 ], [ 31.112894014767331, 46.569117619263913 ], [ 31.140241530129149, 46.575675637445698 ], [ 31.155087002337787, 46.58515021756417 ], [ 31.185572218932677, 46.580610210654541 ], [ 31.19997343859318, 46.573910576605392 ], [ 31.217610204723719, 46.570518837303993 ], [ 31.276989040770928, 46.566943180530764 ], [ 31.29921518119146, 46.573927238113271 ], [ 31.338920800927784, 46.563102420940204 ], [ 31.362354393485457, 46.562759648991971 ], [ 31.384245516338154, 46.567956467278968 ], [ 31.396218155826883, 46.575861892681736 ], [ 31.419312243238231, 46.57373733855971 ], [ 31.441211688947096, 46.578922289346174 ], [ 31.450284378387646, 46.585288631556857 ], [ 31.460892899565113, 46.58610916020838 ], [ 31.483986524921484, 46.583971192500286 ], [ 31.48808302255733, 46.578188323104243 ], [ 31.514227051460544, 46.56495487233483 ], [ 31.539525611687008, 46.560799173909039 ], [ 31.517772396667425, 46.543012864100199 ], [ 31.512446359793131, 46.529099907695723 ], [ 31.512593361878473, 46.51647920162781 ], [ 31.520080955803433, 46.501374957728963 ], [ 31.531161639426443, 46.491338658767006 ], [ 31.550265479465796, 46.482353954163351 ], [ 31.567841659453482, 46.478911680651905 ], [ 31.599603488807631, 46.481341643486353 ], [ 31.597866786275532, 46.472499415243867 ], [ 31.605325419972825, 46.457392047933276 ], [ 31.616381082370438, 46.447349463262604 ], [ 31.644987682703249, 46.433853460044297 ], [ 31.665097014493867, 46.430156992427726 ], [ 31.683694742193154, 46.432002736883049 ], [ 31.711819777692149, 46.429340828463502 ], [ 31.742049209160371, 46.437277907167989 ], [ 31.756592460741054, 46.444899874377185 ], [ 31.769640242759422, 46.458065692920684 ], [ 31.774580510493266, 46.482809806469774 ], [ 31.780050952196632, 46.484089245639829 ], [ 31.797960512712368, 46.482379550786142 ], [ 31.82822984322652, 46.490289965552719 ], [ 31.829368524308922, 46.482976429044371 ], [ 31.840382864706402, 46.472914872404203 ], [ 31.859419733491006, 46.463882602355874 ], [ 31.876961752196273, 46.460394232666815 ], [ 31.897770968803169, 46.460190195543809 ], [ 31.919651956853876, 46.465282027601326 ], [ 31.922923888518888, 46.468568002788253 ], [ 31.933508382093329, 46.469345324673007 ], [ 31.950999476348116, 46.478458101096827 ], [ 31.964100540696897, 46.491596689349407 ], [ 31.969494665767947, 46.518090763238533 ], [ 31.9602976011214, 46.536995303446389 ], [ 31.949296809177255, 46.547067907730415 ], [ 31.930250691537434, 46.556116714188001 ], [ 31.879029559687137, 46.561059378467569 ], [ 31.85711030492925, 46.555962518031485 ], [ 31.850918113671977, 46.551153692811333 ], [ 31.84579570865748, 46.551645380795655 ], [ 31.835124927153025, 46.563475882170891 ], [ 31.816050764160682, 46.572507454438842 ], [ 31.79334201009689, 46.576479296211659 ], [ 31.775046916459292, 46.576423513883711 ], [ 31.753127506404933, 46.571306076754688 ], [ 31.738547227546306, 46.563686331649322 ], [ 31.72547622920618, 46.55051821288373 ], [ 31.723362728247196, 46.539912052234854 ], [ 31.695181713227125, 46.542581627217729 ], [ 31.688444210062499, 46.561229805574804 ], [ 31.677383458432846, 46.571280438893531 ], [ 31.65827550872315, 46.580287671427357 ], [ 31.632981801366277, 46.584470065641568 ], [ 31.603722837140054, 46.58181415174996 ], [ 31.62435310357343, 46.606894382423697 ], [ 31.651060491229359, 46.609785421083686 ], [ 31.66761449008267, 46.60102043785735 ], [ 31.67787454257261, 46.600052018202824 ], [ 31.696633199505968, 46.589273285313439 ], [ 31.731823901374653, 46.582336132048823 ], [ 31.760729812616784, 46.583190729398353 ], [ 31.782654760843055, 46.588306230655213 ], [ 31.7976029088919, 46.597686457535104 ], [ 31.807502331359089, 46.594939246495322 ], [ 31.833849488968696, 46.596019462404385 ], [ 31.838263158577735, 46.591993939532806 ], [ 31.855847670934764, 46.588505184741628 ], [ 31.879270071982884, 46.588054219864617 ], [ 31.906688497346529, 46.594417607716345 ], [ 31.929706012774488, 46.604802515332025 ], [ 31.942838736105724, 46.617941665087145 ], [ 31.947925395104981, 46.630057896158966 ], [ 31.946403007882534, 46.648218197602375 ], [ 31.966198588024511, 46.642696477772375 ], [ 31.989639681783959, 46.642220609197231 ], [ 32.019659760104666, 46.648303641095005 ], [ 32.034298884880329, 46.655881700947809 ], [ 32.047470010103048, 46.669005500099956 ], [ 32.051844108663822, 46.690194146185668 ], [ 32.0709097735363, 46.681122260286287 ], [ 32.114516482866087, 46.676841030390733 ], [ 32.136503025755715, 46.681881486989482 ], [ 32.151166126422233, 46.689442177317119 ], [ 32.155203553010011, 46.696249285918832 ], [ 32.16216276534918, 46.691959039571536 ], [ 32.18011763196494, 46.690183524288088 ], [ 32.187073853739967, 46.685891977419168 ], [ 32.186335792731306, 46.682362201270728 ] ], [ [ 32.482460029983898, 45.427984462653498 ], [ 32.462757485572801, 45.419188168924066 ], [ 32.44985024493679, 45.406097506373342 ], [ 32.444819866557602, 45.394006108467401 ], [ 32.444436928522073, 45.379642371378182 ], [ 32.451560703165157, 45.364516152542691 ], [ 32.460485224088863, 45.358207940334658 ], [ 32.465102003454824, 45.343335915203333 ], [ 32.475800184027605, 45.333245449296946 ], [ 32.494355226819003, 45.324153016940521 ], [ 32.511490506160207, 45.320603352091297 ], [ 32.539344898522941, 45.319554185316143 ], [ 32.560790776187545, 45.324556644964396 ], [ 32.577969704341861, 45.333594181726497 ], [ 32.581926464953462, 45.340388679311936 ], [ 32.587290296556155, 45.341637392526351 ], [ 32.600208912984968, 45.35471038239664 ], [ 32.606421551472884, 45.384676302192972 ], [ 32.599340305620686, 45.399808608081834 ], [ 32.584381755007541, 45.413950480318391 ], [ 32.558671446186437, 45.425593190752039 ], [ 32.524344881750537, 45.432710323282571 ], [ 32.506451063094964, 45.432738681998302 ], [ 32.482460029983898, 45.427984462653498 ] ], [ [ 30.169886786338363, 45.293765439911304 ], [ 30.155859923261204, 45.285900932370417 ], [ 30.143489992075576, 45.272501214244237 ], [ 30.138960733729149, 45.260267576411181 ], [ 30.139176825403354, 45.245851033435812 ], [ 30.146936566440374, 45.230825444297082 ], [ 30.158069260163696, 45.220926234572772 ], [ 30.177026167328982, 45.212191931999172 ], [ 30.194330050257047, 45.208988260928578 ], [ 30.214722958960351, 45.20913027780135 ], [ 30.235985404944923, 45.214597258279781 ], [ 30.250002569990336, 45.222452286415816 ], [ 30.262383157764472, 45.235839158870746 ], [ 30.266935672989913, 45.248065869569295 ], [ 30.266752443207974, 45.262480085540396 ], [ 30.259022970347718, 45.277511771743882 ], [ 30.247899974711427, 45.287420460863075 ], [ 30.228932411021251, 45.296167835821393 ], [ 30.211605271190969, 45.299378774093888 ], [ 30.191179500522036, 45.299238744175433 ], [ 30.169886786338363, 45.293765439911304 ] ] ], [ [ [ 33.035128650105975, 45.429687813014212 ], [ 33.010132335181545, 45.43235827903942 ], [ 33.010511257316111, 45.434118341047331 ], [ 33.008011358912476, 45.434385109684698 ], [ 33.008390241868959, 45.436145184957617 ], [ 33.013390152052324, 45.435611561607452 ], [ 33.025286718480693, 45.443343515143738 ], [ 33.030286950056166, 45.44280908667637 ], [ 33.035128650105975, 45.429687813014212 ] ] ], [ [ [ 33.250779465177722, 45.456826677815734 ], [ 33.240011909236479, 45.454397810228599 ], [ 33.225588925257199, 45.446963552570104 ], [ 33.2125120552003, 45.433979648727345 ], [ 33.210201402272098, 45.423427229249214 ], [ 33.195215537874262, 45.425052961117537 ], [ 33.186953523784815, 45.422347311180907 ], [ 33.185224251228853, 45.426135714813512 ], [ 33.164276451812881, 45.435605000513327 ], [ 33.167731535714118, 45.451436300102799 ], [ 33.190222666751822, 45.449001297626694 ], [ 33.211753917947533, 45.45386814778329 ], [ 33.226177395687436, 45.461304209751958 ], [ 33.226949481894266, 45.464821459506297 ], [ 33.240784669815994, 45.457914879749715 ], [ 33.250779465177722, 45.456826677815734 ] ] ], [ [ [ 32.99771186720551, 45.52911222979602 ], [ 33.009472184698303, 45.524256757270479 ], [ 33.008712056064951, 45.520736671560144 ], [ 32.953999877003561, 45.528361354271425 ], [ 32.957261503466803, 45.531616106906164 ], [ 32.978435571665621, 45.534766560763792 ], [ 32.984583189221787, 45.539513963761458 ], [ 32.989592697194013, 45.538980446879833 ], [ 32.99771186720551, 45.52911222979602 ] ] ], [ [ [ 33.006934371643162, 45.607357122912376 ], [ 33.000776343304103, 45.602611814128508 ], [ 32.999411415556487, 45.608159386348333 ], [ 33.006934371643162, 45.607357122912376 ] ] ], [ [ [ 33.211121010430396, 45.614195935565363 ], [ 33.208227501967848, 45.612709223127659 ], [ 33.208615008444283, 45.614467922963371 ], [ 33.211121010430396, 45.614195935565363 ] ] ], [ [ [ 33.198795395868366, 45.628138446021175 ], [ 33.208615008444283, 45.614467922963371 ], [ 33.179700233985706, 45.62300425749509 ], [ 33.161766444391333, 45.623143491876831 ], [ 33.134384230578753, 45.615295439553293 ], [ 33.144989918670362, 45.651967047333123 ], [ 33.172578987656294, 45.648985695412428 ], [ 33.199594702532956, 45.655063492849756 ], [ 33.19553619253783, 45.648300340139492 ], [ 33.198795395868366, 45.628138446021175 ] ] ], [ [ [ 32.664509643852362, 46.208835761806903 ], [ 32.683184002528087, 46.187088832234195 ], [ 32.701961161015994, 46.177936347831988 ], [ 32.721870383918095, 46.174066436707761 ], [ 32.706157700272747, 46.161290048499964 ], [ 32.667097183021667, 46.172544445290583 ], [ 32.648964766276492, 46.172618490676818 ], [ 32.65846208949845, 46.180642477857305 ], [ 32.664131406810625, 46.20707370362085 ], [ 32.657003770379951, 46.222220531250393 ], [ 32.647982481465107, 46.228556572315533 ], [ 32.648738524200269, 46.232080877861783 ], [ 32.659273553732447, 46.232793080342297 ], [ 32.657381979223473, 46.223982630120474 ], [ 32.664509643852362, 46.208835761806903 ] ] ], [ [ [ 32.379151771937892, 46.295626389892846 ], [ 32.351857085796489, 46.289370058321929 ], [ 32.344223240226711, 46.290137820468651 ], [ 32.330429214026623, 46.298728361250767 ], [ 32.305343558996739, 46.303045525893509 ], [ 32.303901754247661, 46.30859338965567 ], [ 32.326075961060361, 46.302767687225241 ], [ 32.354442936290575, 46.301717946128221 ], [ 32.392295495602482, 46.308709381825452 ], [ 32.379151771937892, 46.295626389892846 ] ] ], [ [ [ 32.27775577689323, 46.332823049554669 ], [ 32.274841154064902, 46.331313103828109 ], [ 32.275208521483592, 46.333077558623089 ], [ 32.27775577689323, 46.332823049554669 ] ] ], [ [ [ 33.245588726589453, 46.300289856418978 ], [ 33.243449958161172, 46.302324001427735 ], [ 33.246384973179481, 46.303806336651995 ], [ 33.245588726589453, 46.300289856418978 ] ] ], [ [ [ 33.293504060661078, 46.31668661648331 ], [ 33.290567216750041, 46.315205704379345 ], [ 33.290966969298324, 46.316963640972311 ], [ 33.293504060661078, 46.31668661648331 ] ] ], [ [ [ 32.901634131919188, 46.438040601583957 ], [ 32.918290013291958, 46.430875979403154 ], [ 32.920057114785408, 46.427086037198386 ], [ 32.905772246368912, 46.421389838202479 ], [ 32.892482422262198, 46.408380851814712 ], [ 32.891317879667021, 46.403099241133866 ], [ 32.878811737135173, 46.393609108374925 ], [ 32.872227848774301, 46.363678037314003 ], [ 32.879303395877187, 46.348520990696962 ], [ 32.890078854939837, 46.338377521473298 ], [ 32.908861951148779, 46.329188465537868 ], [ 32.931343913364202, 46.325008832349234 ], [ 32.95498878981811, 46.32610548215996 ], [ 32.953821569607506, 46.320825014614044 ], [ 32.964781787375223, 46.299845990612383 ], [ 32.94524219503429, 46.305522094730655 ], [ 32.919453892098566, 46.306451636367726 ], [ 32.917689075243864, 46.310241112454555 ], [ 32.898913768661174, 46.319430861788845 ], [ 32.876043727810782, 46.321843333791669 ], [ 32.873280040512434, 46.332942963026909 ], [ 32.86250199276806, 46.343084996546757 ], [ 32.843705073881281, 46.352267478994108 ], [ 32.816115067324553, 46.356964576300172 ], [ 32.819814170021928, 46.361980984518823 ], [ 32.830374138535731, 46.362674570588645 ], [ 32.84795226352383, 46.371636809658845 ], [ 32.861221486198183, 46.384652804917977 ], [ 32.867029196771718, 46.411063591231127 ], [ 32.857786240654903, 46.428249760623153 ], [ 32.880873192778559, 46.438429315866934 ], [ 32.888297624690495, 46.448455692337497 ], [ 32.893391644672278, 46.447918311402653 ], [ 32.901634131919188, 46.438040601583957 ] ] ], [ [ [ 33.341868411991314, 46.369046637564082 ], [ 33.352953305002231, 46.360624125937299 ], [ 33.351746368293782, 46.355351594257577 ], [ 33.33584066605966, 46.342682608280583 ], [ 33.330092053905169, 46.328899442566843 ], [ 33.331555948394247, 46.312524646166487 ], [ 33.293504060661078, 46.31668661648331 ], [ 33.309792590470494, 46.33112103992039 ], [ 33.315536546201486, 46.34490573078228 ], [ 33.315805378411916, 46.357487745764452 ], [ 33.303645183098638, 46.384040461572134 ], [ 33.339202814604022, 46.380148869354478 ], [ 33.341868411991314, 46.369046637564082 ] ] ], [ [ [ 33.268200388222581, 46.411329789236902 ], [ 33.265258405168709, 46.409848606141864 ], [ 33.265658666453795, 46.411606683216064 ], [ 33.268200388222581, 46.411329789236902 ] ] ], [ [ [ 32.312861558254603, 46.513037195470709 ], [ 32.309935387402575, 46.511529059958526 ], [ 32.310306207747857, 46.513293243501103 ], [ 32.312861558254603, 46.513037195470709 ] ] ], [ [ [ 32.436296831585068, 46.516810498419765 ], [ 32.408196292344471, 46.519654454722975 ], [ 32.386263332124173, 46.514663708754171 ], [ 32.371624990671123, 46.507132633860373 ], [ 32.357684092100008, 46.490522821212075 ], [ 32.346773100444516, 46.500626873925022 ], [ 32.327821553552219, 46.509735657290555 ], [ 32.315045894823484, 46.511016939249849 ], [ 32.333303107584946, 46.510986794747353 ], [ 32.355603794333646, 46.517752349628587 ], [ 32.379345141552641, 46.518964137134972 ], [ 32.390685468042555, 46.523224401870877 ], [ 32.408944539043858, 46.523181596703978 ], [ 32.438922416118523, 46.529154225956653 ], [ 32.436296831585068, 46.516810498419765 ] ] ], [ [ [ 32.715915614143448, 46.482714092786495 ], [ 32.712981897378597, 46.481217344799347 ], [ 32.713365346118913, 46.482979008054329 ], [ 32.715915614143448, 46.482714092786495 ] ] ], [ [ [ 32.794105411882661, 46.553831747901356 ], [ 32.780801166896509, 46.540809687834489 ], [ 32.768126549601298, 46.518712715930732 ], [ 32.768986965412552, 46.498805947114214 ], [ 32.757629317418576, 46.494586176258451 ], [ 32.743966187717277, 46.47979634790066 ], [ 32.715915614143448, 46.482714092786495 ], [ 32.727789980063399, 46.50129639797327 ], [ 32.728312897792044, 46.515654205009518 ], [ 32.733800740856992, 46.516884890289568 ], [ 32.747087512533355, 46.529914032784745 ], [ 32.74939927656952, 46.540482569770994 ], [ 32.766021825666158, 46.55676533991808 ], [ 32.794105411882661, 46.553831747901356 ] ] ], [ [ [ 32.836278078991391, 46.56742913687193 ], [ 32.833336482914682, 46.565936241769265 ], [ 32.833724962838879, 46.567697106904113 ], [ 32.836278078991391, 46.56742913687193 ] ] ], [ [ [ 33.148395257251408, 46.676565265367969 ], [ 33.155413162470403, 46.661393256264446 ], [ 33.16442940900793, 46.655014642471265 ], [ 33.151013127448167, 46.642047003137925 ], [ 33.142310578858101, 46.626768258351319 ], [ 33.13353499339663, 46.588073229840099 ], [ 33.110737361954854, 46.579714962872963 ], [ 33.086926973274522, 46.555244925391449 ], [ 33.06375421611736, 46.545115895929293 ], [ 33.058654332422073, 46.545661731869679 ], [ 33.052368527529389, 46.540929012660591 ], [ 33.014905226853671, 46.548532660381191 ], [ 33.016087681757291, 46.553811722990957 ], [ 33.008642474819503, 46.567217244480119 ], [ 33.01434893979004, 46.581022961006489 ], [ 33.014558895194966, 46.593612806513917 ], [ 33.010242696840599, 46.597676301435598 ], [ 33.014797569237864, 46.629622821243942 ], [ 33.006370619875561, 46.650340487870196 ], [ 32.997728671548778, 46.658467795644846 ], [ 33.027820947523033, 46.664270267788751 ], [ 33.06030203760524, 46.680620248434124 ], [ 33.103989679526528, 46.688550610355833 ], [ 33.113255227337717, 46.694762852667608 ], [ 33.136261910744707, 46.69228786596193 ], [ 33.147286874981788, 46.694703978274546 ], [ 33.151197534715969, 46.68887660965347 ], [ 33.148395257251408, 46.676565265367969 ] ] ], [ [ [ 33.456394323892695, 46.650136709383084 ], [ 33.442819952080974, 46.648033418177775 ], [ 33.445686234073811, 46.660331018500173 ], [ 33.453750762043519, 46.661241467059412 ], [ 33.452931083989782, 46.657727993398041 ], [ 33.459765176267403, 46.653367874380983 ], [ 33.456394323892695, 46.650136709383084 ] ] ], [ [ [ 33.064560777569653, 46.872976173692258 ], [ 33.084681829754189, 46.86901962895292 ], [ 33.103037324615833, 46.868853076647802 ], [ 33.111534985420853, 46.871544862425509 ], [ 33.126673074759637, 46.857303037532098 ], [ 33.14557388225132, 46.848060114886309 ], [ 33.173365853399602, 46.843260451897031 ], [ 33.152458560708574, 46.843714008979482 ], [ 33.140998789880214, 46.839542412124608 ], [ 33.133309441104366, 46.840370203544758 ], [ 33.111197716975944, 46.835539312941471 ], [ 33.096377895210061, 46.828119937678132 ], [ 33.095576730906153, 46.824601787307856 ], [ 33.087888203181976, 46.825426327313409 ], [ 33.071546275186229, 46.834385247526995 ], [ 33.033089821761749, 46.838495467984039 ], [ 33.010984321466893, 46.833643913659365 ], [ 32.996176642669212, 46.826209980734205 ], [ 32.982746256847342, 46.813221903170771 ], [ 32.978384757539878, 46.793863673730726 ], [ 32.942506873904939, 46.797668554351034 ], [ 32.920029724039352, 46.791036679876463 ], [ 32.902088765665212, 46.792931261688622 ], [ 32.89104909890068, 46.790491798888716 ], [ 32.893016565058012, 46.799293886165223 ], [ 32.885909536041765, 46.814458274131965 ], [ 32.872488948290275, 46.82488111195061 ], [ 32.885504358048664, 46.836124129337442 ], [ 32.888262194799843, 46.848447183999887 ], [ 32.896748478820285, 46.851156502666292 ], [ 32.90424844794061, 46.861177167585801 ], [ 32.929118948961538, 46.854945986199752 ], [ 32.952606067847185, 46.854261692391894 ], [ 32.974717387907283, 46.859124484148992 ], [ 32.986966887562154, 46.866833458285129 ], [ 32.999795591583833, 46.865469330972743 ], [ 33.021914377899684, 46.870322018112503 ], [ 33.039703927075678, 46.879236734954155 ], [ 33.043468688768257, 46.884241007779117 ], [ 33.064560777569653, 46.872976173692258 ] ] ], [ [ [ 33.224352426310887, 46.859368556903881 ], [ 33.231100631319549, 46.865845201663689 ], [ 33.237573586802711, 46.859736132048795 ], [ 33.229073366583108, 46.857054321615834 ], [ 33.224352426310887, 46.859368556903881 ] ] ], [ [ [ 33.492594387169873, 46.927274876119213 ], [ 33.511441407346062, 46.91797376471019 ], [ 33.534092190304754, 46.913653395815643 ], [ 33.532012025684963, 46.904872801794852 ], [ 33.526055795101563, 46.901930490376614 ], [ 33.498283433881085, 46.906817564809842 ], [ 33.476951677057407, 46.905577330092513 ], [ 33.45851510837371, 46.91662938590607 ], [ 33.417492063698283, 46.9211577870376 ], [ 33.387225688423392, 46.915477234933384 ], [ 33.372349505586484, 46.908099890655826 ], [ 33.365168738028167, 46.899876531921834 ], [ 33.358708004541164, 46.905992119185562 ], [ 33.327418105597097, 46.918430425058865 ], [ 33.337981681784427, 46.929890649805202 ], [ 33.349577564244527, 46.923213718519463 ], [ 33.388048480348758, 46.918991440835171 ], [ 33.415752568385152, 46.924954163041868 ], [ 33.434029851405931, 46.93555539509763 ], [ 33.456697374656621, 46.931249381287081 ], [ 33.488711324207202, 46.933112591981676 ], [ 33.492594387169873, 46.927274876119213 ] ] ], [ [ [ 32.934414083411475, 47.04180299137375 ], [ 32.928631164703248, 47.004568939867447 ], [ 32.919322980286225, 46.998343937762179 ], [ 32.9139713094063, 46.986294211700709 ], [ 32.913369263500009, 46.971940910493075 ], [ 32.926605568996038, 46.948917530186534 ], [ 32.907423961914866, 46.945537183360521 ], [ 32.892593862916492, 46.938090893858508 ], [ 32.888442394603715, 46.931320174082089 ], [ 32.883302623322216, 46.931861576215304 ], [ 32.880333594300723, 46.953798816231291 ], [ 32.885673148179805, 46.965851036257689 ], [ 32.891211950298413, 46.967069602605946 ], [ 32.904668277914858, 46.980067578884842 ], [ 32.9104138176776, 46.993878216426182 ], [ 32.90844309921421, 47.008503219563707 ], [ 32.91775219157234, 47.014729092071484 ], [ 32.923716977872786, 47.041131496477021 ], [ 32.929264582152591, 47.0423474250032 ], [ 32.934414083411475, 47.04180299137375 ] ] ], [ [ [ 33.046297007964412, 47.092993850530533 ], [ 33.064642121584107, 47.069406161099707 ], [ 33.08836978582395, 47.057854863036823 ], [ 33.106386933757243, 47.055922838386394 ], [ 33.11385123835003, 47.042505415957159 ], [ 33.112234722929472, 47.035469823997353 ], [ 33.103708891954305, 47.032780379883654 ], [ 33.085699355188723, 47.034711265464885 ], [ 33.079747489907788, 47.031744204986616 ], [ 33.072028802554058, 47.032570437926616 ], [ 33.069298679137852, 47.043676142256167 ], [ 33.058442880014418, 47.053848308277942 ], [ 33.03470906292516, 47.065393689792934 ], [ 33.014510022011542, 47.069348471756491 ], [ 33.03535011639481, 47.07974356793364 ], [ 33.046297007964412, 47.092993850530533 ] ] ], [ [ [ 32.521682414421363, 47.131522393845103 ], [ 32.536020131297711, 47.124653417728759 ], [ 32.561455616466688, 47.120251536679788 ], [ 32.579916342782994, 47.120162952921902 ], [ 32.596959598234236, 47.125622988939718 ], [ 32.604705208395849, 47.124827619275841 ], [ 32.613476883987644, 47.116717937600775 ], [ 32.604681549961896, 47.088788982461409 ], [ 32.599521330647548, 47.089318978595308 ], [ 32.598492799836983, 47.096632732505817 ], [ 32.587528123891893, 47.106768154721273 ], [ 32.56842685733421, 47.115933865782331 ], [ 32.529696935815402, 47.11989274344635 ], [ 32.507496422662307, 47.114947828024512 ], [ 32.501289768885876, 47.122787754585524 ], [ 32.489145468501903, 47.127627155495034 ], [ 32.498049622310312, 47.132127543415763 ], [ 32.505528359355523, 47.142178467364751 ], [ 32.510695427140533, 47.14165226113856 ], [ 32.521682414421363, 47.131522393845103 ] ] ], [ [ [ 32.839482960507993, 47.147316640189025 ], [ 32.830358661274737, 47.130250734327014 ], [ 32.834717961883165, 47.149618400356587 ], [ 32.839482960507993, 47.147316640189025 ] ] ], [ [ [ 33.462751265782153, 47.101816428785511 ], [ 33.456507755160949, 47.075467969853499 ], [ 33.464295611938262, 47.063791720589364 ], [ 33.463047709991528, 47.058522086075101 ], [ 33.438252288490304, 47.054050970177094 ], [ 33.436511835519632, 47.057848055930378 ], [ 33.417603560952138, 47.067142702297303 ], [ 33.384174099108805, 47.070820096300523 ], [ 33.397358463563108, 47.081988599634307 ], [ 33.410218764728491, 47.080573612402794 ], [ 33.432454071222402, 47.08533371928003 ], [ 33.447392402544203, 47.092697985316484 ], [ 33.461011755773299, 47.105613921317101 ], [ 33.463928402876043, 47.117909684795563 ], [ 33.470396959621212, 47.111786448802249 ], [ 33.468729573730712, 47.104760486582769 ], [ 33.462751265782153, 47.101816428785511 ] ] ], [ [ [ 32.810078158352923, 47.181033944216814 ], [ 32.804516904453671, 47.179813125398603 ], [ 32.804912849364435, 47.181573989072014 ], [ 32.810078158352923, 47.181033944216814 ] ] ], [ [ [ 32.755329798499574, 47.255231501054737 ], [ 32.763303118579458, 47.243587780344015 ], [ 32.757375673341329, 47.217170778629026 ], [ 32.764554363241132, 47.20200531276641 ], [ 32.785040810674069, 47.187253868184776 ], [ 32.756623845735348, 47.190215373768915 ], [ 32.742523486815784, 47.186275459286207 ], [ 32.730170759755467, 47.201976683060188 ], [ 32.71106725270316, 47.211167636395594 ], [ 32.682629882263704, 47.214111911668773 ], [ 32.683969131767938, 47.231995589573479 ], [ 32.676763526923388, 47.24715833865443 ], [ 32.671981765606766, 47.249454628269291 ], [ 32.679052737002351, 47.281164588191047 ], [ 32.669644985711429, 47.298356980755642 ], [ 32.675217476827427, 47.299583697613507 ], [ 32.676004136829029, 47.303107003331419 ], [ 32.710680154123807, 47.292309600077168 ], [ 32.734374465557693, 47.291653731367859 ], [ 32.765621316152846, 47.301020570089364 ], [ 32.755329798499574, 47.255231501054737 ] ] ], [ [ [ 32.566419229915745, 47.310769909693292 ], [ 32.546590836523706, 47.292972657919698 ], [ 32.540890700306754, 47.279137237854961 ], [ 32.542961884492556, 47.264508348436969 ], [ 32.501530430788186, 47.268731507502835 ], [ 32.479265696762809, 47.263785985362432 ], [ 32.4643876547768, 47.25628513220957 ], [ 32.450947575993652, 47.243230460846256 ], [ 32.445279762760322, 47.229387755606503 ], [ 32.43646383260262, 47.237488242660163 ], [ 32.41210875349465, 47.247157572517658 ], [ 32.421798085353011, 47.25518954323077 ], [ 32.427463911600434, 47.269033779500845 ], [ 32.458546737663745, 47.26588786057215 ], [ 32.480811178237751, 47.270837574669684 ], [ 32.48715120211903, 47.27559996663534 ], [ 32.500101880145493, 47.274283288878145 ], [ 32.522372511411049, 47.279224154779158 ], [ 32.540243582930394, 47.288214234132447 ], [ 32.553717747060055, 47.301255485276585 ], [ 32.558391746232019, 47.322404363519389 ], [ 32.566419229915745, 47.310769909693292 ] ] ], [ [ [ 32.894159466664213, 47.237092715149643 ], [ 32.902128373421512, 47.248869736979906 ], [ 32.900743592961305, 47.254422835247482 ], [ 32.909300258386281, 47.257125586599685 ], [ 32.902897572353915, 47.228962549584253 ], [ 32.895145209197388, 47.229779433576162 ], [ 32.894159466664213, 47.237092715149643 ] ] ], [ [ [ 33.426529756662958, 47.316730413620085 ], [ 33.437351576379584, 47.306523614036493 ], [ 33.456753575792078, 47.298974050613033 ], [ 33.462402844429853, 47.289335882289862 ], [ 33.441890482118232, 47.269967118818435 ], [ 33.436383138372662, 47.257955193254581 ], [ 33.435620531988789, 47.243617302753179 ], [ 33.443431145099765, 47.231939325720496 ], [ 33.442177957911611, 47.22666941978337 ], [ 33.400913641330909, 47.231214491435651 ], [ 33.378615126384673, 47.226453323369391 ], [ 33.363642700556362, 47.21908223606296 ], [ 33.362812849948668, 47.215567883377688 ], [ 33.34259423075018, 47.219584856681927 ], [ 33.324124153235296, 47.219801758832247 ], [ 33.318138060320635, 47.216850357566123 ], [ 33.266952970018266, 47.224230499789684 ], [ 33.270248960519417, 47.238292953599277 ], [ 33.27799168607725, 47.237450591520108 ], [ 33.300289746663083, 47.242232182218061 ], [ 33.336644945138886, 47.26169705244763 ], [ 33.350291810020657, 47.274625459799339 ], [ 33.352368945250483, 47.283411648165966 ], [ 33.363945767938617, 47.287551638012374 ], [ 33.377606824518644, 47.30047558493316 ], [ 33.379273577668336, 47.307503775238047 ], [ 33.393858392750836, 47.313113502588529 ], [ 33.407534157678441, 47.326032613741731 ], [ 33.409206371427132, 47.333059965181135 ], [ 33.418214126816196, 47.337477249136334 ], [ 33.426529756662958, 47.316730413620085 ] ] ], [ [ [ 32.67710879259004, 47.414738463892064 ], [ 32.68314385696489, 47.394288536849196 ], [ 32.696732158090228, 47.383871312865061 ], [ 32.695941892631815, 47.380348320334029 ], [ 32.69075499360401, 47.380884919035701 ], [ 32.669446056989202, 47.368667926785186 ], [ 32.657661234275572, 47.375290993059025 ], [ 32.653029711061151, 47.390187393455811 ], [ 32.64823469707288, 47.392483934181641 ], [ 32.649415883941835, 47.397769317733292 ], [ 32.658776256952173, 47.404013863207048 ], [ 32.664921070503155, 47.419601504571396 ], [ 32.67710879259004, 47.414738463892064 ] ] ], [ [ [ 32.897391026694706, 47.402578173948648 ], [ 32.877820463391963, 47.386612060563252 ], [ 32.873409126501429, 47.367248248474439 ], [ 32.844105057835023, 47.366719132809912 ], [ 32.848696465126025, 47.375250098683445 ], [ 32.844730638461783, 47.404505802609002 ], [ 32.865876026557657, 47.404089751948725 ], [ 32.883039799043154, 47.409496077116991 ], [ 32.890818844209775, 47.408677673682064 ], [ 32.897391026694706, 47.402578173948648 ] ] ], [ [ [ 32.646945666085507, 47.493551806825103 ], [ 32.640957069947426, 47.490563522874631 ], [ 32.641746709295141, 47.494087147538146 ], [ 32.646945666085507, 47.493551806825103 ] ] ], [ [ [ 33.043075446000593, 47.504314848170573 ], [ 33.0303914206564, 47.484033394298237 ], [ 33.007999736361043, 47.479204749819935 ], [ 33.005657066907794, 47.492072663651939 ], [ 33.020266312621949, 47.497730199417191 ], [ 33.030910049707074, 47.509216472185699 ], [ 33.043075446000593, 47.504314848170573 ] ] ], [ [ [ 32.848283287453889, 47.548340100778802 ], [ 32.859489758831387, 47.550770333207304 ], [ 32.855681094077823, 47.545761837704902 ], [ 32.848283287453889, 47.548340100778802 ] ] ], [ [ [ 33.632971908860071, 47.511964163695737 ], [ 33.622157328590596, 47.522190737232648 ], [ 33.632522368539043, 47.521030565020858 ], [ 33.632971908860071, 47.511964163695737 ] ] ], [ [ [ 33.357553262155974, 47.562292093573006 ], [ 33.348427538540399, 47.568699659549374 ], [ 33.349266737737736, 47.572213991466064 ], [ 33.358812754222782, 47.567563408099517 ], [ 33.357553262155974, 47.562292093573006 ] ] ], [ [ [ 33.347089745488219, 47.574255123602335 ], [ 33.349266737737736, 47.572213991466064 ], [ 33.346670168840831, 47.5724979453042 ], [ 33.347089745488219, 47.574255123602335 ] ] ], [ [ [ 32.642298425025565, 47.674285157043734 ], [ 32.643888220699552, 47.68133213622778 ], [ 32.651316646097555, 47.678764826261073 ], [ 32.647515245871908, 47.67374826754785 ], [ 32.642298425025565, 47.674285157043734 ] ] ], [ [ [ 32.824677382451604, 47.713057184038952 ], [ 32.819056123910286, 47.711841855171436 ], [ 32.819459995084543, 47.713602463329437 ], [ 32.824677382451604, 47.713057184038952 ] ] ], [ [ [ 32.942595547468535, 47.691652567949824 ], [ 32.931762039936764, 47.690993360461519 ], [ 32.930377466515807, 47.696548065067653 ], [ 32.917177835461736, 47.708757109662649 ], [ 32.890523825531659, 47.720576963410991 ], [ 32.913590739071537, 47.71634657164455 ], [ 32.932253267425509, 47.716181894757092 ], [ 32.946516291768404, 47.720084747040417 ], [ 32.94064425244872, 47.706281721240131 ], [ 32.942595547468535, 47.691652567949824 ] ] ], [ [ [ 32.558310933387958, 47.82350146965954 ], [ 32.533814226502606, 47.809774973046579 ], [ 32.53618846150831, 47.82034928690323 ], [ 32.558310933387958, 47.82350146965954 ] ] ], [ [ [ 33.348831527898191, 47.759790854174462 ], [ 33.367139615065099, 47.746968634530013 ], [ 33.352424586715536, 47.741365427083046 ], [ 33.34468297101828, 47.731392122601832 ], [ 33.339052252377535, 47.730204006270277 ], [ 33.335107729646637, 47.736044444754867 ], [ 33.320320285973018, 47.741264384959763 ], [ 33.33411409414532, 47.754185377576334 ], [ 33.339178708943635, 47.775271646158366 ], [ 33.348831527898191, 47.759790854174462 ] ] ], [ [ [ 32.938184392354671, 47.845369698413307 ], [ 32.936449298832592, 47.814901426393021 ], [ 32.924771620785691, 47.810723998259114 ], [ 32.920932972620463, 47.805719610310454 ], [ 32.915708159003586, 47.806270064156166 ], [ 32.918159591563921, 47.81682974386905 ], [ 32.912363227376545, 47.826455189834455 ], [ 32.915224599108178, 47.838774914022729 ], [ 32.909017091650966, 47.84664051884009 ], [ 32.910243687046702, 47.851920466487279 ], [ 32.933775221080502, 47.849440937060621 ], [ 32.938184392354671, 47.845369698413307 ] ] ], [ [ [ 33.734093584646693, 47.760287345394566 ], [ 33.75665267620105, 47.764954368712758 ], [ 33.775321759277176, 47.775468203168856 ], [ 33.777904216200625, 47.764353992101583 ], [ 33.788726413747732, 47.754109973711039 ], [ 33.775720256075203, 47.755583081169867 ], [ 33.753164479556965, 47.750919689083332 ], [ 33.734944301512634, 47.742155514753655 ], [ 33.721062700573228, 47.729292506607585 ], [ 33.718022556484271, 47.717010372417562 ], [ 33.689419979748379, 47.72022980258479 ], [ 33.68811918571371, 47.725786569512252 ], [ 33.697223383707104, 47.740994543630052 ], [ 33.697659170420877, 47.753570361356296 ], [ 33.69245632002918, 47.764976852238874 ], [ 33.734093584646693, 47.760287345394566 ] ] ], [ [ [ 33.689853639945532, 47.76526945620531 ], [ 33.692890372251924, 47.766731615709084 ], [ 33.69245632002918, 47.764976852238874 ], [ 33.689853639945532, 47.76526945620531 ] ] ], [ [ [ 32.578188992678449, 47.911609489529269 ], [ 32.575169608795974, 47.910115280142413 ], [ 32.575568016932095, 47.911877382384453 ], [ 32.578188992678449, 47.911609489529269 ] ] ], [ [ [ 32.596708148538269, 47.922334723042162 ], [ 32.593687618158405, 47.920841101368019 ], [ 32.594086804936751, 47.922603083444699 ], [ 32.596708148538269, 47.922334723042162 ] ] ], [ [ [ 32.601950721120687, 47.921797826087243 ], [ 32.596708148538269, 47.922334723042162 ], [ 32.597506807252138, 47.925858645055662 ], [ 32.610391422319395, 47.935355781070157 ], [ 32.61323508948545, 47.924247051720883 ], [ 32.601950721120687, 47.921797826087243 ] ] ], [ [ [ 32.694466281528314, 48.056520803993159 ], [ 32.682744835301357, 48.052320953945937 ], [ 32.677286800658088, 48.063701906448081 ], [ 32.695679979783996, 48.061804698814555 ], [ 32.694466281528314, 48.056520803993159 ] ] ], [ [ [ 32.664143476913694, 48.27602371600301 ], [ 32.671245862293077, 48.27168645046649 ], [ 32.670432394764113, 48.268163673532229 ], [ 32.661704636884735, 48.265455084819862 ], [ 32.650542321992319, 48.252176668078491 ], [ 32.644861392525542, 48.25095699088417 ], [ 32.633698969562829, 48.261118743058368 ], [ 32.650543209329065, 48.275618515277202 ], [ 32.653386987383449, 48.287949048717131 ], [ 32.661305146954454, 48.287135138764974 ], [ 32.664143476913694, 48.27602371600301 ] ] ], [ [ [ 33.125957262426603, 48.252800872450997 ], [ 33.115105956731213, 48.2413367500709 ], [ 33.108050758663261, 48.24569842277694 ], [ 33.097518973815795, 48.246823783345704 ], [ 33.102258144993002, 48.255335572132893 ], [ 33.114056708557179, 48.259485206948092 ], [ 33.119323655563093, 48.258921777524947 ], [ 33.125957262426603, 48.252800872450997 ] ] ], [ [ [ 33.023050924376413, 48.319680910385387 ], [ 33.013042207184277, 48.311724331415903 ], [ 33.002074365644184, 48.311082882673013 ], [ 32.986796600923583, 48.303682029184969 ], [ 32.979015715620989, 48.293683451195228 ], [ 32.964447019790981, 48.300633117156863 ], [ 32.946403019426739, 48.30434010079906 ], [ 32.922248290406053, 48.305079994010455 ], [ 32.899484646562172, 48.300258118710488 ], [ 32.884223093800173, 48.29284191828858 ], [ 32.872998646542982, 48.279590634221307 ], [ 32.867724754631318, 48.280142950338657 ], [ 32.885051968881221, 48.296361936868678 ], [ 32.890592526478869, 48.308405186827137 ], [ 32.890294914354989, 48.330078329587018 ], [ 32.900436481580947, 48.327210644172546 ], [ 32.919741366313183, 48.328789394039056 ], [ 32.935157928812352, 48.325363661294006 ], [ 32.962377593223124, 48.326101310035426 ], [ 32.99085260493424, 48.332110264685738 ], [ 33.006140286171274, 48.339509867037577 ], [ 33.016993914105491, 48.350985014349426 ], [ 33.016694750584364, 48.338391284159933 ], [ 33.024729498375414, 48.326717286433528 ], [ 33.023050924376413, 48.319680910385387 ] ] ], [ [ [ 33.774648309546841, 48.307719470229955 ], [ 33.789487397182931, 48.291607768661819 ], [ 33.787260732231367, 48.28283805603116 ], [ 33.777152583758244, 48.27495920146945 ], [ 33.760942111197373, 48.274985379237094 ], [ 33.764052573319155, 48.287264248807482 ], [ 33.758833570924189, 48.2986788707763 ], [ 33.769389648383601, 48.308313327174695 ], [ 33.774648309546841, 48.307719470229955 ] ] ], [ [ [ 32.868948133280725, 48.411670501855959 ], [ 32.86018604774295, 48.408980029152382 ], [ 32.846292859854557, 48.396003732779477 ], [ 32.839920737318607, 48.380437481296383 ], [ 32.841478256494156, 48.364043316806793 ], [ 32.828269915942428, 48.365421833713462 ], [ 32.821836294017473, 48.384127611786944 ], [ 32.79647827131592, 48.40299938693633 ], [ 32.801766232562585, 48.40244930212689 ], [ 32.817053863474932, 48.409875139880022 ], [ 32.821353827375326, 48.416641174316027 ], [ 32.838463878135499, 48.420267251970991 ], [ 32.841937971892492, 48.423511700155728 ], [ 32.851685928115707, 48.418886403844745 ], [ 32.870195118877902, 48.416950713156105 ], [ 32.868948133280725, 48.411670501855959 ] ] ], [ [ [ 33.295218841613696, 48.481684165023793 ], [ 33.319055995359392, 48.468270899669946 ], [ 33.332266726677432, 48.466833819026355 ], [ 33.335820701184154, 48.459230661287691 ], [ 33.322612122383987, 48.460667983001734 ], [ 33.299751389215047, 48.455935728292367 ], [ 33.284388894307156, 48.448582219171385 ], [ 33.26688202553548, 48.432439033515934 ], [ 33.265959630837962, 48.439754775901655 ], [ 33.25668237975097, 48.446170564966152 ], [ 33.260056391162863, 48.471061438236703 ], [ 33.256919912590128, 48.48042074204826 ], [ 33.284157541461902, 48.491903962904068 ], [ 33.295218841613696, 48.481684165023793 ] ] ], [ [ [ 32.772140151179222, 48.553419031816873 ], [ 32.768245540989412, 48.548412024815107 ], [ 32.769488046318884, 48.55369405659723 ], [ 32.772140151179222, 48.553419031816873 ] ] ], [ [ [ 32.940474976935747, 48.802809702278346 ], [ 32.96020090518865, 48.782693818454213 ], [ 32.949975262542843, 48.785574210640462 ], [ 32.932484098261085, 48.803649396196462 ], [ 32.907536282861123, 48.813483291851156 ], [ 32.905717431972647, 48.817281969060687 ], [ 32.939082870405656, 48.808368176513589 ], [ 32.940474976935747, 48.802809702278346 ] ] ], [ [ [ 33.397470414323976, 48.795321229755793 ], [ 33.369127459624622, 48.791196690966594 ], [ 33.347012858321186, 48.779169681411119 ], [ 33.33809580615803, 48.798184134985505 ], [ 33.338971255808985, 48.801697861199891 ], [ 33.367319272023117, 48.805829696147335 ], [ 33.386351702836905, 48.816385306323269 ], [ 33.394330950868792, 48.815514005387399 ], [ 33.392131910932832, 48.806731547400332 ], [ 33.398349922815328, 48.798834158303173 ], [ 33.397470414323976, 48.795321229755793 ] ] ], [ [ [ 33.036549047147965, 48.917158422734772 ], [ 33.020964589633486, 48.920612437198358 ], [ 33.021393050680039, 48.922371367788301 ], [ 33.051180302557597, 48.921020407784653 ], [ 33.049033285589111, 48.912226695305769 ], [ 33.04102819472854, 48.913075311897089 ], [ 33.036549047147965, 48.917158422734772 ] ] ], [ [ [ 33.765852963591399, 48.857326762079559 ], [ 33.75956858351018, 48.84359432907268 ], [ 33.759054606262147, 48.831017440598735 ], [ 33.763008952486551, 48.825157460066976 ], [ 33.741756558879047, 48.827548091286133 ], [ 33.735650341750272, 48.846283552899671 ], [ 33.722414421816502, 48.858599105572715 ], [ 33.731294661126228, 48.861212324839975 ], [ 33.73576358318509, 48.867930355281977 ], [ 33.752562184271902, 48.858822408272339 ], [ 33.765852963591399, 48.857326762079559 ] ] ], [ [ [ 33.899719420748454, 48.908963222180766 ], [ 33.926670173809974, 48.896867085947243 ], [ 33.914198595978341, 48.891067777429612 ], [ 33.899895193314762, 48.878254944778377 ], [ 33.894487327761688, 48.868039288658039 ], [ 33.885689781265206, 48.8762603531381 ], [ 33.870657411923041, 48.881578426135803 ], [ 33.875146733651327, 48.88828924370565 ], [ 33.875693727298597, 48.900863281140531 ], [ 33.869547607279323, 48.908781823100682 ], [ 33.872296420995141, 48.919300888374011 ], [ 33.888715688115347, 48.919240775547124 ], [ 33.899719420748454, 48.908963222180766 ] ] ], [ [ [ 33.460770301812573, 48.959830228755997 ], [ 33.438548112301547, 48.958657557486198 ], [ 33.439435572627922, 48.9621698321629 ], [ 33.460770301812573, 48.959830228755997 ] ] ], [ [ [ 33.468770114898611, 48.958951881401774 ], [ 33.465658911371335, 48.957488768470469 ], [ 33.466103553615234, 48.959244724213328 ], [ 33.468770114898611, 48.958951881401774 ] ] ], [ [ [ 33.156926499912423, 48.994562276498492 ], [ 33.150714941785232, 48.991617672361684 ], [ 33.148911462379296, 48.995419440254715 ], [ 33.156926499912423, 48.994562276498492 ] ] ], [ [ [ 34.104123121209845, 50.169772294512654 ], [ 34.12573038185888, 50.156446223971308 ], [ 34.126991788966407, 50.150879708031951 ], [ 34.097790685051393, 50.147006950489867 ], [ 34.081246900722995, 50.138062348332511 ], [ 34.045819272983657, 50.142118069295229 ], [ 34.056907051119431, 50.151692116230976 ], [ 34.058848977451724, 50.158698066338729 ], [ 34.070239819368261, 50.159201157598815 ], [ 34.089516511419461, 50.167834325635347 ], [ 34.097892527180441, 50.177716024244596 ], [ 34.103346354553985, 50.177089990678716 ], [ 34.104123121209845, 50.169772294512654 ] ] ], [ [ [ 33.820855727381179, 50.245293866948245 ], [ 33.816074667373179, 50.22776239460908 ], [ 33.798374972062952, 50.235166613561859 ], [ 33.80171755072238, 50.247439532204773 ], [ 33.798159397340086, 50.255065175797661 ], [ 33.820855727381179, 50.245293866948245 ] ] ], [ [ [ 34.110866023097188, 50.214176875115911 ], [ 34.105896407587196, 50.216554725285832 ], [ 34.106873096055011, 50.220056972805182 ], [ 34.112331550435975, 50.219430136288537 ], [ 34.110866023097188, 50.214176875115911 ] ] ], [ [ [ 33.798637095885205, 50.256818456980945 ], [ 33.795424708126134, 50.255371397239777 ], [ 33.795902311478237, 50.257124697360808 ], [ 33.798637095885205, 50.256818456980945 ] ] ], [ [ [ 34.000572129782945, 50.24305227797057 ], [ 33.988675753398788, 50.240791721555645 ], [ 33.984180680742703, 50.244916910079731 ], [ 34.000572129782945, 50.24305227797057 ] ] ], [ [ [ 33.981932859929216, 50.246979461734355 ], [ 33.978716481678994, 50.245537951354244 ], [ 33.979200641640823, 50.247289970132286 ], [ 33.981932859929216, 50.246979461734355 ] ] ], [ [ [ 33.976952488452845, 50.249352449694989 ], [ 33.968271290402399, 50.248531375118745 ], [ 33.969238994784995, 50.2520355542907 ], [ 33.976952488452845, 50.249352449694989 ] ] ], [ [ [ 34.060363636365885, 50.245265521035904 ], [ 34.058119435367594, 50.247329325817681 ], [ 34.061337981344231, 50.248768399048629 ], [ 34.060363636365885, 50.245265521035904 ] ] ], [ [ [ 33.657595734962122, 51.3568713657071 ], [ 33.657743109088166, 51.367702615479644 ], [ 33.677355705236209, 51.365546948415925 ], [ 33.67160168436363, 51.355332179522442 ], [ 33.657595734962122, 51.3568713657071 ] ] ], [ [ [ 34.223776997320194, 51.573626563734614 ], [ 34.218677253453784, 51.576020658266785 ], [ 34.224294018639377, 51.575376442947324 ], [ 34.223776997320194, 51.573626563734614 ] ] ], [ [ [ 34.22481109219401, 51.577126317928311 ], [ 34.227102322883702, 51.575054236612196 ], [ 34.224294018639377, 51.575376442947324 ], [ 34.22481109219401, 51.577126317928311 ] ] ], [ [ [ 34.230427852211065, 51.576481799308887 ], [ 34.228654005979692, 51.580303788605008 ], [ 34.234788605095325, 51.581408860067725 ], [ 34.235823834047601, 51.584908451371355 ], [ 34.243732007259325, 51.582190948016297 ], [ 34.230427852211065, 51.576481799308887 ] ] ], [ [ [ 34.192138003438615, 51.584488121479275 ], [ 34.198272634819823, 51.585595164865012 ], [ 34.213644087186523, 51.598307965346912 ], [ 34.211059427195359, 51.589558178498983 ], [ 34.216678037422717, 51.588914208582104 ], [ 34.215868792531268, 51.576342667245321 ], [ 34.191106146364866, 51.580987902768591 ], [ 34.192138003438615, 51.584488121479275 ] ] ], [ [ [ 33.811488956810351, 51.705152473292301 ], [ 33.807965600883165, 51.692883062968384 ], [ 33.796683851188995, 51.694133345726875 ], [ 33.778253552999324, 51.690747813445697 ], [ 33.771989132175875, 51.709525728105454 ], [ 33.762708653509321, 51.717785246247253 ], [ 33.807860379548522, 51.71278918051879 ], [ 33.811488956810351, 51.705152473292301 ] ] ], [ [ [ 33.73748804397615, 51.731418807614773 ], [ 33.734163499901115, 51.729976662309895 ], [ 33.734664497163834, 51.731729948639909 ], [ 33.73748804397615, 51.731418807614773 ] ] ], [ [ [ 33.702128468490713, 51.760628335580854 ], [ 33.7204045855038, 51.753193456735524 ], [ 33.734664497163834, 51.731729948639909 ], [ 33.71025056839656, 51.738034134346925 ], [ 33.692804688842635, 51.738142652807987 ], [ 33.69630255495828, 51.750417557775087 ], [ 33.684345686298094, 51.769814352488474 ], [ 33.693325077640708, 51.770637436109482 ], [ 33.702128468490713, 51.760628335580854 ] ] ], [ [ [ 33.649444635860277, 51.954486516149927 ], [ 33.621557814466229, 51.959337090886379 ], [ 33.62255934897604, 51.96284507598299 ], [ 33.652455859989587, 51.965009283005529 ], [ 33.649444635860277, 51.954486516149927 ] ] ], [ [ [ 33.761219701515564, 52.128540501116596 ], [ 33.749826129101571, 52.129793640899628 ], [ 33.751352847262005, 52.135052807665083 ], [ 33.759899059372628, 52.134112877160831 ], [ 33.761219701515564, 52.128540501116596 ] ] ], [ [ [ 33.795863344265513, 52.358112988143048 ], [ 33.765179685135713, 52.354250271282424 ], [ 33.748300892860151, 52.347056737512879 ], [ 33.739713278565794, 52.347998498515686 ], [ 33.714764758909105, 52.343493934405096 ], [ 33.697897557006065, 52.336292310142525 ], [ 33.689111598551541, 52.326397219097807 ], [ 33.674997215613487, 52.33879218396315 ], [ 33.664055094193962, 52.341794080850924 ], [ 33.671819736761456, 52.348184202984655 ], [ 33.680409685064582, 52.347247374653534 ], [ 33.680096937022107, 52.356327152972817 ], [ 33.698300824372716, 52.357958186436448 ], [ 33.705562011880595, 52.36259225348892 ], [ 33.717529189401318, 52.363092720898827 ], [ 33.721208969068094, 52.355453157055301 ], [ 33.729286514420451, 52.352759511608731 ], [ 33.739412955053965, 52.357077667427852 ], [ 33.745139263975219, 52.356449833561285 ], [ 33.749541330882252, 52.361394818889757 ], [ 33.773474593912553, 52.362385408871496 ], [ 33.780743825194008, 52.367014230196915 ], [ 33.798438247994753, 52.366876310746285 ], [ 33.795863344265513, 52.358112988143048 ] ] ], [ [ [ 33.704922735021789, 44.616145207321537 ], [ 33.700006705723233, 44.616701149113688 ], [ 33.701952676919809, 44.625479446191711 ], [ 33.71100694197672, 44.62085584411269 ], [ 33.704922735021789, 44.616145207321537 ] ] ], [ [ [ 33.705363924043141, 44.799672422486196 ], [ 33.68368123713779, 44.793123559621442 ], [ 33.680313548948192, 44.80070332079729 ], [ 33.695109160515919, 44.799032058673482 ], [ 33.708613388682672, 44.802904581986866 ], [ 33.710295363321983, 44.799114470815965 ], [ 33.705363924043141, 44.799672422486196 ] ] ], [ [ [ 33.505635095872449, 45.212709925169449 ], [ 33.514010708496308, 45.204576162542779 ], [ 33.528136672175833, 45.19940156276548 ], [ 33.531538481910232, 45.191820877119525 ], [ 33.489299793583733, 45.196522930864042 ], [ 33.470344438205451, 45.191426394644211 ], [ 33.472684554972254, 45.201968741876989 ], [ 33.46849385549536, 45.206034408123273 ], [ 33.469664177126624, 45.211305620458809 ], [ 33.477902147379901, 45.213992050858138 ], [ 33.494240673892158, 45.230180594083741 ], [ 33.499213308467091, 45.229627668516684 ], [ 33.505635095872449, 45.212709925169449 ] ] ], [ [ [ 33.94705726199463, 45.249115013918782 ], [ 33.941686490524148, 45.247933828177352 ], [ 33.942091709990976, 45.24968761535046 ], [ 33.94705726199463, 45.249115013918782 ] ] ], [ [ [ 33.92303740516617, 45.255483760281606 ], [ 33.930891974290162, 45.256379800976781 ], [ 33.939608878128666, 45.249973837199626 ], [ 33.924711105295891, 45.251690064026683 ], [ 33.92303740516617, 45.255483760281606 ] ] ], [ [ [ 33.731665792268124, 45.333161163986674 ], [ 33.7478835701789, 45.325920007919485 ], [ 33.743882211200209, 45.308368636330393 ], [ 33.750630503430763, 45.293198547678998 ], [ 33.758975979539777, 45.285048752567256 ], [ 33.722569987728576, 45.281976476527156 ], [ 33.714617755420086, 45.291879418339668 ], [ 33.700492504056577, 45.297078409630686 ], [ 33.705675526614279, 45.319899082117821 ], [ 33.695131221549346, 45.340897285824234 ], [ 33.707177723574247, 45.337734655134497 ], [ 33.727888119190709, 45.338990985965815 ], [ 33.731665792268124, 45.333161163986674 ] ] ], [ [ [ 33.572204630646659, 45.361922135530818 ], [ 33.579124003138737, 45.335940179612699 ], [ 33.564182411182756, 45.337611795524602 ], [ 33.558412344637496, 45.334655736273092 ], [ 33.551335663222382, 45.337246882157089 ], [ 33.557500368016058, 45.3419597498903 ], [ 33.562754991573748, 45.353976200059584 ], [ 33.562513403722903, 45.375609904835351 ], [ 33.570384929278546, 45.376530233144479 ], [ 33.576556103775708, 45.381241469426953 ], [ 33.572204630646659, 45.361922135530818 ] ] ], [ [ [ 33.421140785284067, 45.429134202527116 ], [ 33.431123612292325, 45.42803076338248 ], [ 33.430731707536786, 45.426273500254716 ], [ 33.417470487583856, 45.42413787815525 ], [ 33.421140785284067, 45.429134202527116 ] ] ], [ [ [ 33.473544166982251, 45.423331645542994 ], [ 33.470656047038055, 45.421851496277007 ], [ 33.471049130101306, 45.423608489964806 ], [ 33.473544166982251, 45.423331645542994 ] ] ], [ [ [ 33.431123612292325, 45.42803076338248 ], [ 33.452657868389792, 45.432849811835297 ], [ 33.467101193329015, 45.440251958306412 ], [ 33.480233383215442, 45.453199760837585 ], [ 33.481808841992304, 45.460227417876581 ], [ 33.49888947739386, 45.456528743434077 ], [ 33.477084209726932, 45.43914429266114 ], [ 33.471049130101306, 45.423608489964806 ], [ 33.431123612292325, 45.42803076338248 ] ] ], [ [ [ 33.766906301943564, 45.44260108648556 ], [ 33.769152388742668, 45.418936741178811 ], [ 33.763766320997604, 45.417748262744233 ], [ 33.753798261468297, 45.418880562356819 ], [ 33.745034303689401, 45.425277359373467 ], [ 33.727987324958228, 45.429010947811378 ], [ 33.696870570143076, 45.427130263991103 ], [ 33.678923584233956, 45.438160555093944 ], [ 33.671442396098328, 45.439004597385718 ], [ 33.672145425580368, 45.453330793149618 ], [ 33.704569627645895, 45.449668732539713 ], [ 33.710359193171413, 45.452615233043694 ], [ 33.74068638530715, 45.450980350669788 ], [ 33.76514056202241, 45.457207512791527 ], [ 33.775114924832351, 45.456073483894265 ], [ 33.766906301943564, 45.44260108648556 ] ] ], [ [ [ 34.012398160145807, 45.529671508760266 ], [ 33.999514689794445, 45.529363315056955 ], [ 33.991179428055844, 45.537531804236586 ], [ 33.992001202633254, 45.541038500993217 ], [ 34.002803834315181, 45.543389567597174 ], [ 34.016950360539205, 45.538148218744332 ], [ 34.012398160145807, 45.529671508760266 ] ] ], [ [ [ 33.720294125854743, 45.618966116209869 ], [ 33.741187403291022, 45.609394880839702 ], [ 33.725051817536475, 45.595015616232637 ], [ 33.719326383634005, 45.581256953262574 ], [ 33.719893052370288, 45.561383380794496 ], [ 33.728759635282074, 45.544171602453311 ], [ 33.704181170873589, 45.548754536784159 ], [ 33.683390581427197, 45.547501905520697 ], [ 33.696599004300708, 45.560416632359072 ], [ 33.703120562540548, 45.577687917238563 ], [ 33.703438502901868, 45.590258034350292 ], [ 33.696657500403141, 45.605431602105732 ], [ 33.688263273561404, 45.613583445763354 ], [ 33.702381292455442, 45.619191842245151 ], [ 33.709803766223921, 45.629157938628225 ], [ 33.720294125854743, 45.618966116209869 ] ] ], [ [ [ 33.867092570347566, 45.577033133457483 ], [ 33.875912094327767, 45.559814156708569 ], [ 33.855120182225058, 45.558594393075587 ], [ 33.857507740954453, 45.579931819822868 ], [ 33.850771938625144, 45.59511012653077 ], [ 33.869130800558267, 45.585804157095112 ], [ 33.867092570347566, 45.577033133457483 ] ] ], [ [ [ 33.304414621619038, 45.676061802932587 ], [ 33.290148726513308, 45.681223191500813 ], [ 33.288813368978317, 45.686771659810532 ], [ 33.305588858870244, 45.68133590818271 ], [ 33.304414621619038, 45.676061802932587 ] ] ], [ [ [ 33.741402449559558, 45.699418830997239 ], [ 33.721440631277211, 45.690874732775605 ], [ 33.71481405766442, 45.684420820380346 ], [ 33.718454440684333, 45.70021785543809 ], [ 33.726778831368179, 45.702877290016787 ], [ 33.727588813016531, 45.706387588625319 ], [ 33.741402449559558, 45.699418830997239 ] ] ], [ [ [ 33.58945315360576, 45.70934067569241 ], [ 33.581028597162444, 45.71748791886597 ], [ 33.5859402933892, 45.727744032736446 ], [ 33.595568596324469, 45.724864478073656 ], [ 33.58945315360576, 45.70934067569241 ] ] ], [ [ [ 34.015783228007479, 45.707579238251974 ], [ 34.012866975909837, 45.706116163543015 ], [ 34.013280943636993, 45.707869309098065 ], [ 34.015783228007479, 45.707579238251974 ] ] ], [ [ [ 34.010778621025359, 45.708159326546976 ], [ 34.013694949605259, 45.7096224511901 ], [ 34.013280943636993, 45.707869309098065 ], [ 34.010778621025359, 45.708159326546976 ] ] ], [ [ [ 33.395942002521764, 46.105485532339237 ], [ 33.395141736548268, 46.101970938848666 ], [ 33.382510160426342, 46.103361837312868 ], [ 33.363227973810332, 46.098276764093079 ], [ 33.361898620943208, 46.103826915528728 ], [ 33.352988252444014, 46.110209597289682 ], [ 33.354185031827321, 46.115482327554666 ], [ 33.364293680760404, 46.114371998823174 ], [ 33.386109091217484, 46.119178169589972 ], [ 33.40407546361817, 46.129808709167683 ], [ 33.404321833166563, 46.108164715437837 ], [ 33.395942002521764, 46.105485532339237 ] ] ], [ [ [ 33.404877075192509, 46.133323165057284 ], [ 33.406602852917032, 46.129530039525889 ], [ 33.40407546361817, 46.129808709167683 ], [ 33.404877075192509, 46.133323165057284 ] ] ], [ [ [ 33.581626943855277, 46.124500832888486 ], [ 33.578695253713697, 46.123027304309034 ], [ 33.579101497012431, 46.124783348020621 ], [ 33.581626943855277, 46.124500832888486 ] ] ], [ [ [ 34.166596037025933, 46.239457940757212 ], [ 34.17498753071304, 46.231266136326305 ], [ 34.200187893432364, 46.217495199110374 ], [ 34.219946170455984, 46.213368744854158 ], [ 34.238034966119045, 46.213039338858167 ], [ 34.24646082442257, 46.215649358391921 ], [ 34.247697232700176, 46.210097733701865 ], [ 34.260257607440217, 46.197803465534456 ], [ 34.278713644121638, 46.188414327252879 ], [ 34.316528513059538, 46.183934634796152 ], [ 34.330424434195223, 46.187690891762003 ], [ 34.343822343754532, 46.178891159796919 ], [ 34.361030748918317, 46.175041927141571 ], [ 34.381620482992446, 46.174390643554339 ], [ 34.403508423152815, 46.178986212838431 ], [ 34.418274266646478, 46.186231292655592 ], [ 34.431827086322407, 46.19902562506261 ], [ 34.434434440508454, 46.209525463781901 ], [ 34.448252258216058, 46.202464240786725 ], [ 34.446947404545568, 46.197214634722293 ], [ 34.456065709971156, 46.181705610866217 ], [ 34.450849274923073, 46.160707597111291 ], [ 34.459093530089433, 46.141699600606294 ], [ 34.46950582793653, 46.13144040991132 ], [ 34.487897563238917, 46.122023034967327 ], [ 34.518087496788702, 46.11838892670422 ], [ 34.495690187833134, 46.101264984027424 ], [ 34.490131775368077, 46.08932050127396 ], [ 34.465763644705092, 46.085040906116639 ], [ 34.45102347466792, 46.077800109004897 ], [ 34.437503348556113, 46.065005873831829 ], [ 34.431962683248202, 46.053056870342694 ], [ 34.430587004522607, 46.037005670583028 ], [ 34.437613151826817, 46.023552039600546 ], [ 34.4345903378073, 46.011301984961655 ], [ 34.442045215929873, 45.999598639593643 ], [ 34.432354919203142, 45.991750917615512 ], [ 34.426826374269552, 45.979801016158881 ], [ 34.425028140348147, 45.961999656355403 ], [ 34.431619426534432, 45.946797515616858 ], [ 34.451178185029733, 45.931842353723567 ], [ 34.43863848608396, 45.933345466237839 ], [ 34.427315142950206, 45.929296713195463 ], [ 34.419791037704535, 45.930197131567951 ], [ 34.424093088545007, 45.947698480822453 ], [ 34.417499536701655, 45.962900415989452 ], [ 34.405021834512027, 45.975202038166415 ], [ 34.386657111493342, 45.984601546825679 ], [ 34.376613203768052, 45.985799532782409 ], [ 34.375820064955121, 45.993100743211002 ], [ 34.365409041472581, 46.003349795105748 ], [ 34.347027511433801, 46.012744580889247 ], [ 34.32735393600597, 46.016884647341342 ], [ 34.309334279645363, 46.017221629713767 ], [ 34.287518982232832, 46.012600112716598 ], [ 34.269880082549925, 46.003877276484523 ], [ 34.256420425516161, 45.991054929692098 ], [ 34.253866529122604, 45.980546943110262 ], [ 34.236668335182692, 45.973568670790144 ], [ 34.223224763084588, 45.960740816399415 ], [ 34.216897045247343, 45.945272258988773 ], [ 34.210211540522025, 45.949662389491692 ], [ 34.193055730758466, 45.953481731843048 ], [ 34.175051612847099, 45.953794861974238 ], [ 34.174230513579488, 45.961097345249861 ], [ 34.163782125771057, 45.971330769303037 ], [ 34.145368157409763, 45.980694671287289 ], [ 34.12568268781245, 45.984799450412332 ], [ 34.096768656571243, 45.982771343392884 ], [ 34.101397706021523, 46.002048271806814 ], [ 34.094705991760307, 46.01724139630052 ], [ 34.084232389957648, 46.027470203693184 ], [ 34.063268205918746, 46.03711727717306 ], [ 34.064529421571002, 46.04237532971576 ], [ 34.057824287280823, 46.057567996136612 ], [ 34.047336768857747, 46.06779497585368 ], [ 34.028869203765709, 46.077145340954033 ], [ 34.011656078275145, 46.0809423624777 ], [ 33.988563634512595, 46.081813393239003 ], [ 33.966735302695071, 46.077128806917202 ], [ 33.952050723021728, 46.069814921321715 ], [ 33.94450995425413, 46.059874651966823 ], [ 33.926877003422362, 46.061905027856099 ], [ 33.905059898259758, 46.057207031575764 ], [ 33.890387945272252, 46.049883668315218 ], [ 33.876994984029935, 46.037007317958569 ], [ 33.874508959277222, 46.026483229586212 ], [ 33.859813777289169, 46.029967621625239 ], [ 33.87192536199975, 46.048397289990113 ], [ 33.873552012228281, 46.066226219648527 ], [ 33.86678919362943, 46.081413233628012 ], [ 33.853736833975638, 46.09191485316294 ], [ 33.851181134285483, 46.103016588816104 ], [ 33.840643364394694, 46.113229094561049 ], [ 33.822118936375162, 46.122550504590407 ], [ 33.787206814768624, 46.128329609756008 ], [ 33.761145036465741, 46.127688341475611 ], [ 33.760269575031465, 46.134994021209216 ], [ 33.755633259795523, 46.137321811365297 ], [ 33.763980604579253, 46.15078698673365 ], [ 33.765582014016438, 46.168621246070899 ], [ 33.758780551345204, 46.183806459442195 ], [ 33.743981863784818, 46.198096551454718 ], [ 33.724999148488912, 46.205651683920237 ], [ 33.745943778403301, 46.228502515035686 ], [ 33.77504200884951, 46.219794631331908 ], [ 33.793150569044563, 46.219536956658338 ], [ 33.815031219752179, 46.224251426420423 ], [ 33.82095268474508, 46.216369320136955 ], [ 33.839506263490179, 46.207044608626163 ], [ 33.87740148461954, 46.202708996032307 ], [ 33.88625406249929, 46.196289105580071 ], [ 33.906040567019559, 46.192216700151484 ], [ 33.924134805246652, 46.191938774044452 ], [ 33.946009829005959, 46.196627505396719 ], [ 33.969567070412765, 46.208324801188368 ], [ 33.9830376112754, 46.199561938294039 ], [ 33.993136669595167, 46.198394431450268 ], [ 33.987673639993325, 46.175603343030353 ], [ 33.994407107922029, 46.160410879113151 ], [ 34.00492003492397, 46.150185750174032 ], [ 34.023414941642635, 46.140836180366257 ], [ 34.061236726642178, 46.136444455691759 ], [ 34.088559333512933, 46.142272298011207 ], [ 34.103280419306962, 46.149564421899704 ], [ 34.116755240619348, 46.162405548583159 ], [ 34.120571806857569, 46.178175839583972 ], [ 34.12983718679348, 46.184300204020246 ], [ 34.136636241326087, 46.212334475995519 ], [ 34.129941392218278, 46.227532298212481 ], [ 34.119442733102886, 46.237768549515863 ], [ 34.135899036534134, 46.25206214221501 ], [ 34.163679178154922, 46.248809454506379 ], [ 34.166596037025933, 46.239457940757212 ] ] ], [ [ [ 33.550693224071189, 46.304512371159916 ], [ 33.548567055695791, 46.306551240932251 ], [ 33.551101151356669, 46.306268551359068 ], [ 33.550693224071189, 46.304512371159916 ] ] ], [ [ [ 33.551509116679689, 46.308024728237086 ], [ 33.553635208980019, 46.305985806935325 ], [ 33.551101151356669, 46.306268551359068 ], [ 33.551509116679689, 46.308024728237086 ] ] ], [ [ [ 33.986924725214514, 46.507249299669489 ], [ 34.002982955165109, 46.487371218406608 ], [ 34.021582680673234, 46.478009303436295 ], [ 34.059637697948219, 46.473593656161967 ], [ 34.090104893817262, 46.480861921589856 ], [ 34.090930551989743, 46.473556981558822 ], [ 34.101472109949384, 46.463317489176028 ], [ 34.11329415901308, 46.458334070155679 ], [ 34.107731282661852, 46.435555092503535 ], [ 34.114446313383112, 46.42035441711387 ], [ 34.127079702130295, 46.408066291976731 ], [ 34.145628583734933, 46.398688879271646 ], [ 34.16798906605834, 46.394267861533997 ], [ 34.205152324707576, 46.397113550566843 ], [ 34.218619209167535, 46.388320862708809 ], [ 34.256581299452996, 46.383846287798747 ], [ 34.251462083791708, 46.373637597485299 ], [ 34.253014296532768, 46.348224739730377 ], [ 34.235311031949777, 46.350312625776901 ], [ 34.229392058716712, 46.347405866888771 ], [ 34.221804562224264, 46.348299422361315 ], [ 34.220995329606609, 46.355603055282053 ], [ 34.210495981798573, 46.365849047516335 ], [ 34.191970957874872, 46.375234849955582 ], [ 34.172152307588199, 46.379362849211944 ], [ 34.154004784207871, 46.379687338270415 ], [ 34.121061801263053, 46.372727491705696 ], [ 34.106271012292055, 46.365443733560952 ], [ 34.088551555181574, 46.36750947491749 ], [ 34.066597027275535, 46.36285680457835 ], [ 34.042947878143714, 46.351188508540439 ], [ 34.023099790420027, 46.333668961965351 ], [ 34.017598489189325, 46.310881160916963 ], [ 34.012116452601376, 46.309714223688061 ], [ 34.001148717430723, 46.296568508010417 ], [ 33.985129955235394, 46.294817024140599 ], [ 33.972906635603287, 46.287219458200198 ], [ 33.943817026030537, 46.295979520129912 ], [ 33.923158697408965, 46.296555098421422 ], [ 33.9142971016663, 46.302979308326776 ], [ 33.889829784634564, 46.309391707663941 ], [ 33.869163664000325, 46.309957864881802 ], [ 33.857785663344032, 46.305854391782795 ], [ 33.850192497814113, 46.306722672166934 ], [ 33.849331422883282, 46.31402847397942 ], [ 33.836645461074561, 46.326288910414235 ], [ 33.818054311906117, 46.335617596936551 ], [ 33.798207215445636, 46.339680476431361 ], [ 33.780058385347218, 46.339942999690912 ], [ 33.75771511411704, 46.333471151675468 ], [ 33.724779235556987, 46.337203031561181 ], [ 33.702854748137419, 46.332474488198301 ], [ 33.688121887525824, 46.325128705366758 ], [ 33.674690125954172, 46.312229119874068 ], [ 33.671807179611484, 46.299941741223783 ], [ 33.666741925158099, 46.300512355888891 ], [ 33.658667705192059, 46.310430165298826 ], [ 33.644289839671018, 46.315650980751883 ], [ 33.645112037896475, 46.319162047001278 ], [ 33.659426660168442, 46.324758801717515 ], [ 33.672858879283979, 46.337660316444726 ], [ 33.676571054395573, 46.353458175897345 ], [ 33.685414697208699, 46.357866505896467 ], [ 33.707402015647716, 46.351780683296028 ], [ 33.733160750834998, 46.350668903383394 ], [ 33.75509446852174, 46.355390522441866 ], [ 33.772794215743538, 46.364192576880868 ], [ 33.786262782486681, 46.377076914905238 ], [ 33.791714702999833, 46.389070163032713 ], [ 33.79039536326578, 46.405437554008174 ], [ 33.798421313283818, 46.406326282291765 ], [ 33.806029857081882, 46.405460020581422 ], [ 33.803108044310356, 46.393179214538556 ], [ 33.809910721250446, 46.377989072691022 ], [ 33.82261324443126, 46.36572968610659 ], [ 33.841212816377805, 46.356399207625849 ], [ 33.871611976539235, 46.352922671541165 ], [ 33.875421055547974, 46.34708073355015 ], [ 33.894003794783771, 46.337743064291274 ], [ 33.911307664075089, 46.333954810143233 ], [ 33.931980918829368, 46.333379964884784 ], [ 33.953916616008826, 46.338061467832176 ], [ 33.972480184527271, 46.350335750275526 ], [ 34.002859976590997, 46.346824676135789 ], [ 34.024804709107606, 46.351491086734491 ], [ 34.039582400088285, 46.358787121021805 ], [ 34.05310681172854, 46.371632928075847 ], [ 34.058615023606961, 46.383607161716803 ], [ 34.059485581976624, 46.397922435359739 ], [ 34.05275568467323, 46.413120988372988 ], [ 34.042211716961027, 46.423355673755779 ], [ 34.023633392118789, 46.432718623445481 ], [ 34.013492374973922, 46.433893353339684 ], [ 34.018165460186019, 46.453175287432934 ], [ 34.011419574993468, 46.468373454324805 ], [ 34.000858133416664, 46.478606270327184 ], [ 33.982253859993705, 46.487965114573079 ], [ 33.967024158037908, 46.489722966866296 ], [ 33.961108547855503, 46.508426647940901 ], [ 33.948413938470651, 46.52070247147941 ], [ 33.934443208348597, 46.527717129316017 ], [ 33.952225771953898, 46.525669896809688 ], [ 33.97424511534382, 46.530339613290529 ], [ 33.983565950217219, 46.536472309390597 ], [ 33.988646692835061, 46.535885394817718 ], [ 33.983980613409685, 46.527413408720903 ], [ 33.986924725214514, 46.507249299669489 ] ] ], [ [ [ 33.627862537059251, 46.445425759731378 ], [ 33.619830932679228, 46.444525058721666 ], [ 33.624432217734586, 46.45301834265166 ], [ 33.62306358248938, 46.469389150636665 ], [ 33.632401248173409, 46.464737267339082 ], [ 33.627862537059251, 46.445425759731378 ] ] ], [ [ [ 34.185206417836582, 46.644570005733158 ], [ 34.193645563476785, 46.636369664172854 ], [ 34.212251659035516, 46.626973720605903 ], [ 34.224962536600714, 46.625478427483856 ], [ 34.222357584943161, 46.614970230580909 ], [ 34.197748422400053, 46.610653593821304 ], [ 34.182876146304032, 46.603387226600788 ], [ 34.175631441415391, 46.595224875773305 ], [ 34.156164074826634, 46.601110456810694 ], [ 34.132856614329754, 46.602034146210748 ], [ 34.110798822101643, 46.597399970229425 ], [ 34.098481888351856, 46.58982430756118 ], [ 34.077320971253592, 46.599497695543761 ], [ 34.096872528594893, 46.615244904665076 ], [ 34.103287706319556, 46.63071874826904 ], [ 34.101643968017697, 46.645329645568822 ], [ 34.134716287774189, 46.6414698219168 ], [ 34.156794343680687, 46.64609729669175 ], [ 34.171676997334302, 46.653366393689453 ], [ 34.175953478027203, 46.660075034420018 ], [ 34.180608453034466, 46.657726711603416 ], [ 34.185206417836582, 46.644570005733158 ] ] ], [ [ [ 34.056427186397393, 46.70646605164886 ], [ 34.055964837990842, 46.693902473469407 ], [ 34.062712644723497, 46.678699075739836 ], [ 34.024514300273118, 46.683130548455715 ], [ 34.00242628050561, 46.678477236283882 ], [ 33.987554451818333, 46.671183933125022 ], [ 33.973952801554177, 46.658335078331376 ], [ 33.970967097762049, 46.646063052019976 ], [ 33.94508284811554, 46.647243425142804 ], [ 33.923014207812898, 46.642572310008916 ], [ 33.908162247767272, 46.635266458799109 ], [ 33.907313926948156, 46.631759242733622 ], [ 33.893307212659238, 46.649586510244056 ], [ 33.883544032603105, 46.652507585121896 ], [ 33.885238987867119, 46.659522645415649 ], [ 33.874190706157073, 46.678810942145212 ], [ 33.875462122626665, 46.684072415407165 ], [ 33.884803942899318, 46.69021209432146 ], [ 33.887350207305715, 46.700734542165144 ], [ 33.923033579455094, 46.696640464067528 ], [ 33.940028624083936, 46.701896005549941 ], [ 33.954039663342449, 46.694875881134315 ], [ 33.971448523537177, 46.691066856735304 ], [ 33.997352158289083, 46.689878316393845 ], [ 34.019444908945907, 46.694532224172463 ], [ 34.034327489117139, 46.701820252426529 ], [ 34.047955660261678, 46.714659369659834 ], [ 34.054375215224027, 46.730136683757927 ], [ 34.066257127082267, 46.725151539689627 ], [ 34.056427186397393, 46.70646605164886 ] ] ], [ [ [ 33.593112902059062, 46.730441416136742 ], [ 33.588421163932026, 46.732768350158452 ], [ 33.593528314481205, 46.73219717669447 ], [ 33.593112902059062, 46.730441416136742 ] ] ], [ [ [ 33.593943765849652, 46.733952933871358 ], [ 33.596081831339752, 46.73191150646965 ], [ 33.593528314481205, 46.73219717669447 ], [ 33.593943765849652, 46.733952933871358 ] ] ], [ [ [ 33.599050918087748, 46.733381502913559 ], [ 33.59691293051295, 46.73542298259509 ], [ 33.599466565894829, 46.735137221857791 ], [ 33.599050918087748, 46.733381502913559 ] ] ], [ [ [ 33.599882252670895, 46.736892937418304 ], [ 33.60202016230771, 46.73485140545742 ], [ 33.599466565894829, 46.735137221857791 ], [ 33.599882252670895, 46.736892937418304 ] ] ], [ [ [ 33.608791164159527, 46.741302238374324 ], [ 33.61389871400074, 46.740730076411324 ], [ 33.61306635804209, 46.737218836620222 ], [ 33.60243592782777, 46.736607103586245 ], [ 33.608791164159527, 46.741302238374324 ] ] ], [ [ [ 34.261716176161677, 46.731102607186962 ], [ 34.273933544078758, 46.717041706047475 ], [ 34.2929856558533, 46.709381579990058 ], [ 34.305190167609837, 46.69531867849998 ], [ 34.326334886505556, 46.685602163783656 ], [ 34.315198635978966, 46.672501748920112 ], [ 34.310549663491251, 46.674855227256103 ], [ 34.306420805660011, 46.689765102231007 ], [ 34.293779933206316, 46.702077120271021 ], [ 34.275167568002495, 46.711488060526108 ], [ 34.257784163862247, 46.71534293143371 ], [ 34.234432994643129, 46.716292721446976 ], [ 34.212320748280142, 46.711684102084327 ], [ 34.190585921014403, 46.698014021258714 ], [ 34.193192268356299, 46.70852343725408 ], [ 34.186047139040305, 46.721979900609547 ], [ 34.20219845770594, 46.723689088776794 ], [ 34.220093003823067, 46.732401297861223 ], [ 34.224383752159177, 46.739106990598188 ], [ 34.262590406066245, 46.734604716866237 ], [ 34.261716176161677, 46.731102607186962 ] ] ], [ [ [ 34.081005884218712, 46.806354744130793 ], [ 34.077198417788594, 46.812205453232984 ], [ 34.076375293458497, 46.819511703922416 ], [ 34.088705781678328, 46.81627459892934 ], [ 34.081005884218712, 46.806354744130793 ] ] ], [ [ [ 34.00493795491262, 46.84942609921886 ], [ 33.999828053626658, 46.850016742685696 ], [ 34.001549878179617, 46.857028287602851 ], [ 34.004105163840109, 46.856732921733446 ], [ 34.00493795491262, 46.84942609921886 ] ] ], [ [ [ 34.285462996016221, 46.836461077787227 ], [ 34.282032929426499, 46.833260868158703 ], [ 34.282911603085317, 46.836762622777506 ], [ 34.285462996016221, 46.836461077787227 ] ] ], [ [ [ 33.814837421773461, 46.975788188546488 ], [ 33.832778712874145, 46.962928446058434 ], [ 33.823817976810695, 46.947725707279872 ], [ 33.822971264116951, 46.933401109752154 ], [ 33.829805906395073, 46.918201396031201 ], [ 33.840474529632061, 46.9079718070127 ], [ 33.8323704208862, 46.907093447462437 ], [ 33.814462118138501, 46.898318194800844 ], [ 33.800828407079919, 46.885449038258763 ], [ 33.794466549358454, 46.859134451167868 ], [ 33.800019129778491, 46.849490594751678 ], [ 33.782559899381361, 46.842462343385705 ], [ 33.778310894402097, 46.835734915729489 ], [ 33.747629103285632, 46.839213922121154 ], [ 33.716552129984457, 46.830111868917946 ], [ 33.722448044456904, 46.854679874494735 ], [ 33.715585600977548, 46.869874918065278 ], [ 33.704896521360119, 46.880094048653909 ], [ 33.686102480474915, 46.889423134461111 ], [ 33.652818358684755, 46.893168154466721 ], [ 33.648073718484213, 46.906318450397492 ], [ 33.671582013145247, 46.894663132247132 ], [ 33.689083359564627, 46.890889719444104 ], [ 33.709984407772517, 46.890334717234666 ], [ 33.737693174389456, 46.896215738528532 ], [ 33.752607082984717, 46.903539993328046 ], [ 33.766235754671193, 46.916415763759453 ], [ 33.775582677467469, 46.944196822121782 ], [ 33.775128894775861, 46.964077102472942 ], [ 33.78665483285566, 46.968176598527862 ], [ 33.80372616604236, 46.984263068337938 ], [ 33.805856589172947, 46.993034172322083 ], [ 33.814837421773461, 46.975788188546488 ] ] ], [ [ [ 33.917237862736243, 46.899187254570023 ], [ 33.914251343409205, 46.897727401598637 ], [ 33.914679666882719, 46.899480882127932 ], [ 33.917237862736243, 46.899187254570023 ] ] ], [ [ [ 33.922782734551248, 46.900353255422075 ], [ 33.919796018386805, 46.898893571232875 ], [ 33.920224540097102, 46.90064701243444 ], [ 33.922782734551248, 46.900353255422075 ] ] ], [ [ [ 33.927899002788799, 46.899765574065967 ], [ 33.922782734551248, 46.900353255422075 ], [ 33.923211375496194, 46.902106675180768 ], [ 33.928327801760162, 46.901518958016339 ], [ 33.927899002788799, 46.899765574065967 ] ] ], [ [ [ 33.946663417980908, 46.901213446067153 ], [ 33.941118163106786, 46.900048689056831 ], [ 33.941547397336421, 46.901801979877483 ], [ 33.946663417980908, 46.901213446067153 ] ] ], [ [ [ 34.002558100628548, 46.914597459545504 ], [ 34.025975764900799, 46.902874900900343 ], [ 34.006318175837293, 46.887122331066742 ], [ 34.001147347357254, 46.866088038463651 ], [ 33.996063214449904, 46.877491439555229 ], [ 33.985432903741398, 46.887732273137544 ], [ 33.96669586440828, 46.897103969050214 ], [ 33.946663417980908, 46.901213446067153 ], [ 33.963300352751666, 46.90470592697438 ], [ 33.981231029738979, 46.913454755126267 ], [ 33.991923151359877, 46.924839618046754 ], [ 34.002558100628548, 46.914597459545504 ] ] ], [ [ [ 34.068749105242794, 47.287361205369393 ], [ 34.107373354747772, 47.282871412202283 ], [ 34.101210630043276, 47.25834306948034 ], [ 34.107983877292831, 47.243128735577827 ], [ 34.118645933278678, 47.232870576940279 ], [ 34.137458805537349, 47.223463541461861 ], [ 34.176025815914244, 47.218955198997563 ], [ 34.177713013226651, 47.215151167378473 ], [ 34.196507378697014, 47.205735878725307 ], [ 34.235052210720134, 47.201208946884975 ], [ 34.2573822363982, 47.205793231116054 ], [ 34.272452065843964, 47.213033054840778 ], [ 34.2768016056066, 47.219733152497341 ], [ 34.300268527728839, 47.207944781946772 ], [ 34.341366795305809, 47.203078205905022 ], [ 34.369287058598545, 47.208780026737756 ], [ 34.390404719837768, 47.218891751041951 ], [ 34.398236368749821, 47.228779646335077 ], [ 34.402924792557634, 47.226417630126882 ], [ 34.400678566680782, 47.217668156561963 ], [ 34.407357423258766, 47.202444905403382 ], [ 34.417947685820103, 47.19216489210487 ], [ 34.439248874842662, 47.182407662557686 ], [ 34.435783126348348, 47.179215025388785 ], [ 34.392152535637408, 47.184419290990988 ], [ 34.369825808517383, 47.179862224935299 ], [ 34.35475572256022, 47.172635985409421 ], [ 34.350401963572317, 47.165939607255233 ], [ 34.345381902884711, 47.177355228348823 ], [ 34.334778251319001, 47.187629409458765 ], [ 34.316019657709738, 47.197064842578783 ], [ 34.272352755447137, 47.202224943860038 ], [ 34.250023625072103, 47.197643635029031 ], [ 34.234961209422323, 47.190400093006843 ], [ 34.221143379750679, 47.177598685294726 ], [ 34.214151793373141, 47.160387919531352 ], [ 34.215308126175195, 47.144023443090184 ], [ 34.196537823425267, 47.15343926221481 ], [ 34.186267711559246, 47.154643304274252 ], [ 34.179965721385244, 47.171610218679852 ], [ 34.167198854475615, 47.183923913600367 ], [ 34.148405247666048, 47.193333969530734 ], [ 34.109852467317218, 47.197831173608648 ], [ 34.087533032443098, 47.193215868521577 ], [ 34.069482153378743, 47.184494345302433 ], [ 34.055702799122052, 47.17166849986598 ], [ 34.05007501105883, 47.159699506866644 ], [ 34.048714835152182, 47.143629633394312 ], [ 34.055495989970879, 47.128418937161776 ], [ 34.066150526752402, 47.118167365905876 ], [ 34.08493747147962, 47.108772507845877 ], [ 34.095203000156424, 47.1075784312984 ], [ 34.101530110232545, 47.09061471848996 ], [ 34.114295695992965, 47.078309557616805 ], [ 34.133059425852899, 47.068908924932124 ], [ 34.150568169909626, 47.0650607433167 ], [ 34.174078915502719, 47.064113062294247 ], [ 34.185651224652709, 47.068166387046105 ], [ 34.204396352525301, 47.058755397464637 ], [ 34.240271680185657, 47.054538135965608 ], [ 34.244426925822268, 47.039624410796883 ], [ 34.257145473328634, 47.027307591456172 ], [ 34.27586208927363, 47.01788740007175 ], [ 34.298458720386648, 47.013414254856571 ], [ 34.297573593057869, 47.009912831590086 ], [ 34.308156477046801, 46.999645527614724 ], [ 34.326853249428446, 46.990218734362351 ], [ 34.354991410500709, 46.986879646568887 ], [ 34.351101904625295, 46.981932487474069 ], [ 34.337426625790243, 46.979949670262698 ], [ 34.322423587004039, 46.972713454216887 ], [ 34.30865521385234, 46.959920177312789 ], [ 34.303004987122605, 46.947968070195714 ], [ 34.302028200762336, 46.933660004028397 ], [ 34.308717998810359, 46.918444713178289 ], [ 34.31928374879891, 46.908178662075642 ], [ 34.331171294527124, 46.903163579965749 ], [ 34.32631213754356, 46.883907807083382 ], [ 34.313452587798515, 46.874614444648437 ], [ 34.312129916139128, 46.869362504051054 ], [ 34.31266350889095, 46.881919409088887 ], [ 34.305977345219659, 46.897134198421789 ], [ 34.29541049900967, 46.907398993202087 ], [ 34.276733418699735, 46.916817948233614 ], [ 34.23584371448225, 46.92163915144792 ], [ 34.213641162067695, 46.91703905054932 ], [ 34.195240550318431, 46.906579926492881 ], [ 34.192316876562778, 46.915937172900257 ], [ 34.181722513503502, 46.926193802246814 ], [ 34.163015060567027, 46.935596426069829 ], [ 34.119969628164135, 46.942428856118589 ], [ 34.124764664842786, 46.961700765534559 ], [ 34.140930277114308, 46.952601844765859 ], [ 34.179301733422172, 46.948111925242273 ], [ 34.201516426602367, 46.95271790553236 ], [ 34.219496954367358, 46.961423141181598 ], [ 34.233246281419525, 46.974229502518689 ], [ 34.240289502083293, 47.002248073397709 ], [ 34.233573292365328, 47.017462628456371 ], [ 34.222971398386058, 47.027724690319062 ], [ 34.204240247267187, 47.037137310082691 ], [ 34.160684035197782, 47.04224170988752 ], [ 34.138431571563288, 47.037630815695401 ], [ 34.116560088323723, 47.02395633537342 ], [ 34.112367661229918, 47.038868620892224 ], [ 34.09960931179036, 47.051172541853312 ], [ 34.08084412703856, 47.060567477164099 ], [ 34.05820024672451, 47.065000386582199 ], [ 34.039811803453695, 47.065329661488612 ], [ 34.017120733838766, 47.058941881537869 ], [ 33.98120986562698, 47.063089485299194 ], [ 33.958956740267809, 47.058442164094153 ], [ 33.943971060337667, 47.051152096104083 ], [ 33.930261314525509, 47.038305040770389 ], [ 33.928107140466395, 47.029538360292186 ], [ 33.907177516138077, 47.040954226520519 ], [ 33.871262874524632, 47.045066154406172 ], [ 33.872979614412365, 47.052081083375569 ], [ 33.890523711225292, 47.059087789845613 ], [ 33.904231160247278, 47.071940197573269 ], [ 33.906815422776837, 47.082461133451623 ], [ 33.91281149435963, 47.085379320128425 ], [ 33.922691669703582, 47.10407751358111 ], [ 33.925737949942437, 47.127165852488751 ], [ 33.954427510394858, 47.12567140597335 ], [ 33.982281531946398, 47.131477686134069 ], [ 33.997296900632755, 47.138760079391467 ], [ 34.014493074139814, 47.154803606027123 ], [ 34.020157573235515, 47.177588367295101 ], [ 34.039459600031456, 47.180763565129155 ], [ 34.057505005269967, 47.189490524572761 ], [ 34.071290381722868, 47.202315722226395 ], [ 34.079560765482057, 47.224796242310454 ], [ 34.08005980718962, 47.237360594098504 ], [ 34.075791817510535, 47.241462785084558 ], [ 34.078425401676206, 47.251976136695227 ], [ 34.071642487656348, 47.267189646091985 ], [ 34.062661563591838, 47.273641631302539 ], [ 34.058447730559799, 47.288556338590986 ], [ 34.049900563152832, 47.296760211564411 ], [ 34.068749105242794, 47.287361205369393 ] ] ], [ [ [ 34.343039761790827, 47.116321799339602 ], [ 34.334011161594461, 47.111982976433268 ], [ 34.326657909751773, 47.103838531929249 ], [ 34.301463134892956, 47.108624365939988 ], [ 34.302351575104709, 47.112125673344707 ], [ 34.313053201999004, 47.112662627168909 ], [ 34.331109302021758, 47.121343108812432 ], [ 34.335455805064505, 47.128040750414186 ], [ 34.343039761790827, 47.116321799339602 ] ] ], [ [ [ 33.803683157917256, 47.265512858370514 ], [ 33.804961883498144, 47.238322338855667 ], [ 33.768899376902084, 47.242415094438876 ], [ 33.746576798077051, 47.23773066187659 ], [ 33.728555316604151, 47.228950160199304 ], [ 33.714837835539065, 47.216075502274656 ], [ 33.713132091815645, 47.20905636795792 ], [ 33.703702393221327, 47.202908315505702 ], [ 33.696019869762168, 47.182139827404733 ], [ 33.695616533800511, 47.169565393470151 ], [ 33.702506982412601, 47.154366176095579 ], [ 33.71109529972933, 47.146186288819074 ], [ 33.70682240001949, 47.139457064423546 ], [ 33.682852008418664, 47.127735733739712 ], [ 33.664911872482492, 47.108120813838056 ], [ 33.637476138292229, 47.114806911699105 ], [ 33.619053885859458, 47.115068854406125 ], [ 33.602359963569974, 47.111529021880187 ], [ 33.607839732576771, 47.134351315233438 ], [ 33.592735917108342, 47.159475636126594 ], [ 33.606449343800193, 47.161548017741183 ], [ 33.621431574748549, 47.168884941718225 ], [ 33.635113451012536, 47.181774143918396 ], [ 33.644499953312206, 47.198749566262542 ], [ 33.653922788319896, 47.204903308567225 ], [ 33.65646955227718, 47.21543444967115 ], [ 33.666773276441795, 47.214276834855916 ], [ 33.689081317807315, 47.218978732610921 ], [ 33.713098981599586, 47.230694986012367 ], [ 33.726820653627989, 47.243569589400082 ], [ 33.732390103536261, 47.255561145573331 ], [ 33.733235024975265, 47.269889476356028 ], [ 33.728068059683807, 47.281291084243506 ], [ 33.741816697880004, 47.283343491083095 ], [ 33.750844105887872, 47.276913427432767 ], [ 33.771037849934181, 47.272823660896712 ], [ 33.78951007647575, 47.272531581927424 ], [ 33.80927296933028, 47.277498797752969 ], [ 33.803683157917256, 47.265512858370514 ] ] ], [ [ [ 34.050339383966623, 47.298512613249265 ], [ 34.047324628396133, 47.297058700605838 ], [ 34.047763368664938, 47.298811120486526 ], [ 34.050339383966623, 47.298512613249265 ] ] ], [ [ [ 34.101965186560975, 47.377274591691474 ], [ 34.109260879609025, 47.374622166295381 ], [ 34.108818937626545, 47.372870206813985 ], [ 34.098502598334576, 47.374070573365572 ], [ 34.101965186560975, 47.377274591691474 ] ] ], [ [ [ 33.837141025522605, 47.519565246266332 ], [ 33.831053046625648, 47.495011214242538 ], [ 33.833186592905207, 47.482145032138121 ], [ 33.826240763121874, 47.454082602002444 ], [ 33.819350015116093, 47.458472971647808 ], [ 33.7990921301908, 47.462577959710927 ], [ 33.780552471663135, 47.462877859525264 ], [ 33.760716815155554, 47.457911571661448 ], [ 33.749509247471565, 47.477211861667811 ], [ 33.771939865997169, 47.481886483804608 ], [ 33.787043067372188, 47.489191151569322 ], [ 33.80086291804561, 47.502049549593018 ], [ 33.806922742138255, 47.515788134127703 ], [ 33.807823229644974, 47.5409329697126 ], [ 33.815594146492344, 47.54005008269344 ], [ 33.83805667844122, 47.544708513749157 ], [ 33.84151826064555, 47.547921172496814 ], [ 33.846698906906916, 47.547331051048246 ], [ 33.847545628294618, 47.540020910983266 ], [ 33.837141025522605, 47.519565246266332 ] ] ], [ [ [ 34.329823959186385, 47.520070407299293 ], [ 34.325638025804516, 47.493509422699397 ], [ 34.334489604687668, 47.476227773927519 ], [ 34.329326195831186, 47.476839223083196 ], [ 34.311133477963146, 47.468169404619609 ], [ 34.297210080557122, 47.455385268678633 ], [ 34.291370762224375, 47.432627362521899 ], [ 34.27858133865918, 47.444958338376701 ], [ 34.25972660082374, 47.454394945603667 ], [ 34.242103483208005, 47.458272486098579 ], [ 34.218418948738424, 47.45925156911693 ], [ 34.195976404293226, 47.454669215640472 ], [ 34.189474591217397, 47.450020151503921 ], [ 34.181728639510013, 47.450927064282439 ], [ 34.168016192723989, 47.459745436613417 ], [ 34.126688834112002, 47.464569413158891 ], [ 34.104248321475268, 47.459968110804077 ], [ 34.086092701107141, 47.451257658751651 ], [ 34.078715914151061, 47.443096951204232 ], [ 34.039969995509082, 47.447588484456226 ], [ 34.01754144178048, 47.442968417907238 ], [ 33.999404227780026, 47.434242036281809 ], [ 34.001600935246458, 47.443005589685541 ], [ 33.994780693420594, 47.458219706408052 ], [ 33.987905906908239, 47.462619167046753 ], [ 34.000937102157003, 47.482757782962615 ], [ 34.002312840060064, 47.498830315308531 ], [ 34.020034377404571, 47.505801679424621 ], [ 34.033911940195829, 47.518625598158948 ], [ 34.03700476116115, 47.530892657965985 ], [ 34.058215060349234, 47.54106188761763 ], [ 34.080616240348157, 47.534856586791499 ], [ 34.08882150330178, 47.535707367419306 ], [ 34.091332897645671, 47.524594021160318 ], [ 34.102045481124911, 47.514330856733899 ], [ 34.120954294226166, 47.504915920137009 ], [ 34.146360383089537, 47.50015035059446 ], [ 34.167929371894033, 47.501238280048142 ], [ 34.169622179702401, 47.497433131812272 ], [ 34.188510712805581, 47.488008566322378 ], [ 34.208732718895682, 47.483835142623512 ], [ 34.227262848450231, 47.483463937332921 ], [ 34.249719983403388, 47.488038610718014 ], [ 34.264879680233719, 47.495272329780981 ], [ 34.278808701097276, 47.508060381427207 ], [ 34.281957438693048, 47.520315193893254 ], [ 34.293313461566456, 47.533405333699427 ], [ 34.310955670020462, 47.529517574483819 ], [ 34.329823959186385, 47.520070407299293 ] ] ], [ [ [ 34.253655987617748, 47.700426503983834 ], [ 34.242378345247388, 47.698144389931272 ], [ 34.227155212658587, 47.690912488773719 ], [ 34.213178684241605, 47.678120743959617 ], [ 34.21002861981119, 47.665862796395132 ], [ 34.193678755672593, 47.674993678737749 ], [ 34.214529351550965, 47.683374093626917 ], [ 34.218924294573384, 47.690074333374653 ], [ 34.239784739046996, 47.698449132481635 ], [ 34.253773860549671, 47.711236500963963 ], [ 34.255130174883632, 47.716488944147024 ], [ 34.263817975457101, 47.719074743170665 ], [ 34.256820095901617, 47.712682180509326 ], [ 34.253655987617748, 47.700426503983834 ] ] ], [ [ [ 34.039651426483012, 47.741618913710795 ], [ 34.051748940456356, 47.736611731483393 ], [ 34.041358540725057, 47.737813839082293 ], [ 34.039651426483012, 47.741618913710795 ] ] ], [ [ [ 34.439679218941187, 47.696428942800061 ], [ 34.46224394408955, 47.700950617069914 ], [ 34.477497063178895, 47.708147165650153 ], [ 34.485438732569989, 47.718021661467098 ], [ 34.521721819393719, 47.713671037322605 ], [ 34.538653914817843, 47.717049311377544 ], [ 34.559662596906342, 47.705500079379902 ], [ 34.535707322759407, 47.695752750021576 ], [ 34.521659932400475, 47.683006935087981 ], [ 34.519357706690208, 47.674262492875421 ], [ 34.485985318348639, 47.66924366375968 ], [ 34.473333316219595, 47.661737595771818 ], [ 34.46343407035971, 47.664725702133417 ], [ 34.423214826007417, 47.664114544626756 ], [ 34.425043013293426, 47.671112935236856 ], [ 34.418337367849759, 47.686344747489464 ], [ 34.398211596156216, 47.701369178187917 ], [ 34.439679218941187, 47.696428942800061 ] ] ], [ [ [ 34.393027364100945, 47.70198568060448 ], [ 34.398668337548536, 47.703118952724019 ], [ 34.398211596156216, 47.701369178187917 ], [ 34.393027364100945, 47.70198568060448 ] ] ], [ [ [ 34.266864953222438, 47.720520083268923 ], [ 34.263817975457101, 47.719074743170665 ], [ 34.264270497993699, 47.720825486567975 ], [ 34.266864953222438, 47.720520083268923 ] ] ], [ [ [ 33.919761692015832, 47.775256713273414 ], [ 33.916719118948365, 47.773801319696815 ], [ 33.917160848192104, 47.77555451797874 ], [ 33.919761692015832, 47.775256713273414 ] ] ], [ [ [ 34.509454575564575, 47.890165019381747 ], [ 34.524871751397846, 47.87748872108785 ], [ 34.520699255026777, 47.861749392705292 ], [ 34.493035700588443, 47.868674425212149 ], [ 34.503148385274706, 47.876485205413125 ], [ 34.509454575564575, 47.890165019381747 ] ] ], [ [ [ 34.506854282288842, 47.890476731296559 ], [ 34.509918093100353, 47.891913923444015 ], [ 34.509454575564575, 47.890165019381747 ], [ 34.506854282288842, 47.890476731296559 ] ] ], [ [ [ 33.970084852542684, 48.299904441875995 ], [ 33.948617734458892, 48.300561092133542 ], [ 33.953130192356333, 48.318089074305256 ], [ 33.972344165235832, 48.308667723568384 ], [ 33.970084852542684, 48.299904441875995 ] ] ], [ [ [ 34.190346337257523, 48.633589212374766 ], [ 34.19562975070226, 48.632973067255577 ], [ 34.193305928432935, 48.624218215365204 ], [ 34.183204980138321, 48.627200945461368 ], [ 34.190346337257523, 48.633589212374766 ] ] ], [ [ [ 34.06132652778836, 48.691877508666813 ], [ 34.062710268956309, 48.69713319677799 ], [ 34.079511935685119, 48.698803401728327 ], [ 34.066618820249047, 48.691266743928395 ], [ 34.06132652778836, 48.691877508666813 ] ] ], [ [ [ 34.07997388174492, 48.700555170228661 ], [ 34.082158271871691, 48.698497599215983 ], [ 34.079511935685119, 48.698803401728327 ], [ 34.07997388174492, 48.700555170228661 ] ] ], [ [ [ 34.085266683392348, 48.699943468363685 ], [ 34.083082382219374, 48.702001094938652 ], [ 34.085728847682496, 48.701695195581344 ], [ 34.085266683392348, 48.699943468363685 ] ] ], [ [ [ 34.086191056462624, 48.703446918983438 ], [ 34.08837526865566, 48.701389236846971 ], [ 34.085728847682496, 48.701695195581344 ], [ 34.086191056462624, 48.703446918983438 ] ] ], [ [ [ 34.151098120751101, 48.834933181603958 ], [ 34.164211655298281, 48.822577102180915 ], [ 34.183555857522443, 48.81310489610452 ], [ 34.22066886708275, 48.808777322549346 ], [ 34.210217280046798, 48.790137600205092 ], [ 34.199617939630954, 48.791373930903397 ], [ 34.184966430929464, 48.78766505108522 ], [ 34.166098150368875, 48.79888768415541 ], [ 34.145357125390468, 48.803102873849532 ], [ 34.11791357562722, 48.802674676827969 ], [ 34.100416346869849, 48.819142673982647 ], [ 34.061214781305452, 48.836307123038402 ], [ 34.074947163659537, 48.836528200611717 ], [ 34.103806445621785, 48.842219985931614 ], [ 34.107390544175971, 48.84541602369481 ], [ 34.11535166748844, 48.844494475945915 ], [ 34.138444694888953, 48.849039641939058 ], [ 34.142031419085932, 48.85223435228594 ], [ 34.146872095433991, 48.849867145942184 ], [ 34.151098120751101, 48.834933181603958 ] ] ], [ [ [ 34.724443511020503, 48.840884218681374 ], [ 34.712343186668193, 48.817067241151086 ], [ 34.692147332786888, 48.823126825630958 ], [ 34.662068329800633, 48.82315298901424 ], [ 34.663036879282423, 48.826647979304859 ], [ 34.647412237109315, 48.839370675202233 ], [ 34.6546442023485, 48.845721816564712 ], [ 34.67728014934405, 48.848404647371645 ], [ 34.689812877328862, 48.854112496695869 ], [ 34.716288613159918, 48.850904267064479 ], [ 34.739415328540616, 48.855321106861858 ], [ 34.724443511020503, 48.840884218681374 ] ] ], [ [ [ 34.742062616217744, 48.854999405562566 ], [ 34.739902820225829, 48.857068018684494 ], [ 34.742550194515083, 48.856746297719432 ], [ 34.742062616217744, 48.854999405562566 ] ] ], [ [ [ 34.743037819733551, 48.858493185713279 ], [ 34.745197521883199, 48.856424517521504 ], [ 34.742550194515083, 48.856746297719432 ], [ 34.743037819733551, 48.858493185713279 ] ] ], [ [ [ 34.748332600763391, 48.85784952674291 ], [ 34.746172992482549, 48.859918250003496 ], [ 34.748820446146148, 48.859596371226388 ], [ 34.748332600763391, 48.85784952674291 ] ] ], [ [ [ 34.749308338476574, 48.861343211543215 ], [ 34.751467852862071, 48.859274433214942 ], [ 34.748820446146148, 48.859596371226388 ], [ 34.749308338476574, 48.861343211543215 ] ] ], [ [ [ 34.756067756697412, 48.865939614767029 ], [ 34.763522127163164, 48.863226302009629 ], [ 34.763033707812973, 48.861479568473406 ], [ 34.751955831810221, 48.861021253851959 ], [ 34.756067756697412, 48.865939614767029 ] ] ], [ [ [ 34.823351501312743, 49.772048537748894 ], [ 34.847772005821056, 49.760036096999748 ], [ 34.844729968758045, 49.74956102695365 ], [ 34.809359386264362, 49.743020959922838 ], [ 34.805486397782012, 49.748914442222521 ], [ 34.819807264387094, 49.759826348487621 ], [ 34.823351501312743, 49.772048537748894 ] ] ], [ [ [ 34.807464908942663, 49.967411120441454 ], [ 34.817115080861669, 49.971663091088793 ], [ 34.816763423040406, 49.960858272238831 ], [ 34.806446151924824, 49.963918965865446 ], [ 34.807464908942663, 49.967411120441454 ] ] ], [ [ [ 34.818134889225739, 49.975155081002036 ], [ 34.819822201697697, 49.971334224970327 ], [ 34.817115080861669, 49.971663091088793 ], [ 34.818134889225739, 49.975155081002036 ] ] ], [ [ [ 34.837288497043581, 49.992714452921341 ], [ 34.835602224514147, 49.996535543488463 ], [ 34.838310526377079, 49.996206127338091 ], [ 34.837288497043581, 49.992714452921341 ] ] ], [ [ [ 34.860338395858591, 50.004372555498165 ], [ 34.853897786359838, 50.001541013099924 ], [ 34.838310526377079, 49.996206127338091 ], [ 34.839691608223241, 50.010502228787239 ], [ 34.84679537553847, 50.006021785560918 ], [ 34.860338395858591, 50.004372555498165 ] ] ], [ [ [ 35.330283085001803, 50.432742488537727 ], [ 35.324828546646962, 50.433428489496883 ], [ 35.326439538925939, 50.43865442203775 ], [ 35.331894638670853, 50.437968294468156 ], [ 35.330283085001803, 50.432742488537727 ] ] ], [ [ [ 35.279917831797391, 50.572972024245402 ], [ 35.276644079080135, 50.571572241662615 ], [ 35.2771818860164, 50.573314556908613 ], [ 35.279917831797391, 50.572972024245402 ] ] ], [ [ [ 34.551335368638625, 50.665365385561252 ], [ 34.553572529347051, 50.663291756860694 ], [ 34.550822705742497, 50.663617615065938 ], [ 34.551335368638625, 50.665365385561252 ] ] ], [ [ [ 35.2771818860164, 50.573314556908613 ], [ 35.261839736278809, 50.578853307388549 ], [ 35.268925514942929, 50.583395989210302 ], [ 35.271614786222038, 50.592107800057065 ], [ 35.282024539788026, 50.588995183396534 ], [ 35.283146355697788, 50.583425690796403 ], [ 35.2771818860164, 50.573314556908613 ] ] ], [ [ [ 34.553200788654785, 50.681421123100421 ], [ 34.547885767470532, 50.673008152284254 ], [ 34.550449901258851, 50.68174705596882 ], [ 34.553200788654785, 50.681421123100421 ] ] ], [ [ [ 34.554740168724479, 50.686664353328538 ], [ 34.551475911182749, 50.685242587388807 ], [ 34.551988992544018, 50.686990346656671 ], [ 34.554740168724479, 50.686664353328538 ] ] ], [ [ [ 34.997573158988025, 50.682135521034972 ], [ 35.004317606745154, 50.666834343399699 ], [ 34.974651240152127, 50.672276989167997 ], [ 34.948885564001145, 50.671807581045385 ], [ 34.953214380464729, 50.67670661180486 ], [ 34.970745618176124, 50.678182494395841 ], [ 34.987648502685339, 50.68696980981813 ], [ 34.997573158988025, 50.682135521034972 ] ] ], [ [ [ 34.873843294016389, 50.706272084804361 ], [ 34.870569416504821, 50.704860319789717 ], [ 34.871094712065116, 50.706605697426255 ], [ 34.873843294016389, 50.706272084804361 ] ] ], [ [ [ 35.156470549930347, 50.856188562298726 ], [ 35.128390464631138, 50.857852245467811 ], [ 35.115624648454002, 50.872097708525757 ], [ 35.144315176067657, 50.863122659091168 ], [ 35.158626059624225, 50.86316116724894 ], [ 35.156470549930347, 50.856188562298726 ] ] ], [ [ [ 35.11616222682958, 50.873841175388598 ], [ 35.110113750378559, 50.87277785041131 ], [ 35.110651136134585, 50.874521359281196 ], [ 35.11616222682958, 50.873841175388598 ] ] ], [ [ [ 35.336058487627689, 51.000349871287291 ], [ 35.330557982962517, 50.991986979612555 ], [ 35.343808250871071, 50.988515585852042 ], [ 35.34547097280646, 50.984686159018082 ], [ 35.309596189028035, 50.98918012835945 ], [ 35.285330105310706, 50.98497183553728 ], [ 35.274867164523791, 50.979036793253812 ], [ 35.269892898631227, 50.981467732603413 ], [ 35.299102645250571, 50.992302749655487 ], [ 35.314521950433566, 51.004857384786185 ], [ 35.318356149314162, 51.017050539615575 ], [ 35.331595428260826, 51.022634627729111 ], [ 35.334924163099878, 51.014975684643233 ], [ 35.333278867441869, 51.00975045988848 ], [ 35.327208865106741, 51.008700410534196 ], [ 35.336058487627689, 51.000349871287291 ] ], [ [ 35.327756994522126, 51.010442204395694 ], [ 35.325544063516482, 51.012529791727054 ], [ 35.324995976230866, 51.0107879812821 ], [ 35.327756994522126, 51.010442204395694 ] ], [ [ 35.325544063516482, 51.012529791727054 ], [ 35.323330939132923, 51.014617353412149 ], [ 35.322782893994294, 51.012875526384846 ], [ 35.325544063516482, 51.012529791727054 ] ] ], [ [ [ 34.704604311184497, 51.122890141733116 ], [ 34.715843515532256, 51.112499398222532 ], [ 34.712015089578564, 51.109338280029625 ], [ 34.706466339173048, 51.110001540279846 ], [ 34.70024892802941, 51.117982113384357 ], [ 34.684650293715102, 51.123462988038405 ], [ 34.685702693472713, 51.126956272662284 ], [ 34.704604311184497, 51.122890141733116 ] ] ], [ [ [ 35.372413279091816, 51.060967544199251 ], [ 35.355844380191726, 51.053994549122343 ], [ 35.356932215880668, 51.066532153412837 ], [ 35.376829693716154, 51.065844605028012 ], [ 35.377940057190067, 51.060273200318157 ], [ 35.372413279091816, 51.060967544199251 ] ] ], [ [ [ 35.165446161449545, 51.10667940666216 ], [ 35.16158984997351, 51.103535717869192 ], [ 35.162677420169906, 51.107021804975126 ], [ 35.165446161449545, 51.10667940666216 ] ] ], [ [ [ 35.159908624634589, 51.107364139350558 ], [ 35.163221286648088, 51.108764841488842 ], [ 35.162677420169906, 51.107021804975126 ], [ 35.159908624634589, 51.107364139350558 ] ] ], [ [ [ 33.940516229905477, 44.454275064969416 ], [ 33.941304527957996, 44.457783133254054 ], [ 33.955998001794981, 44.456088280559307 ], [ 33.955603418201257, 44.454334351157478 ], [ 33.940516229905477, 44.454275064969416 ] ] ], [ [ [ 33.956392621322998, 44.457842206646419 ], [ 33.960895538995338, 44.455522920805443 ], [ 33.955998001794981, 44.456088280559307 ], [ 33.956392621322998, 44.457842206646419 ] ] ], [ [ [ 33.9661878296316, 44.456711213951429 ], [ 33.961685091708894, 44.459030700887361 ], [ 33.966582762813225, 44.458465067932487 ], [ 33.9661878296316, 44.456711213951429 ] ] ], [ [ [ 33.966977731960377, 44.460218918594158 ], [ 33.971480290055368, 44.457899230570391 ], [ 33.966582762813225, 44.458465067932487 ], [ 33.966977731960377, 44.460218918594158 ] ] ], [ [ [ 33.976772920211985, 44.459086970637237 ], [ 33.972270542022805, 44.461406859741764 ], [ 33.977168203028349, 44.460840749133204 ], [ 33.976772920211985, 44.459086970637237 ] ] ], [ [ [ 33.991390415230576, 44.468192990328006 ], [ 34.00435597331925, 44.481087523254693 ], [ 34.00958145997717, 44.493078553376712 ], [ 34.010305952968558, 44.507390823566382 ], [ 34.006595604348696, 44.513219493613263 ], [ 34.025671876125209, 44.530802316992151 ], [ 34.027327593058409, 44.527010998523991 ], [ 34.054745499893478, 44.514827148961743 ], [ 34.039247291794354, 44.513029833428192 ], [ 34.022160311760459, 44.504216493253793 ], [ 34.009184761334637, 44.491325013945008 ], [ 34.002446409066501, 44.46151433280513 ], [ 33.994308882341755, 44.458857752480618 ], [ 33.977168203028349, 44.460840749133204 ], [ 33.991390415230576, 44.468192990328006 ] ] ], [ [ [ 34.081869184073589, 44.644841814329958 ], [ 34.128919110828093, 44.641145985157685 ], [ 34.142036759068517, 44.63241127553362 ], [ 34.169032474139975, 44.629245615954787 ], [ 34.164597256171142, 44.609969445274928 ], [ 34.171184655756171, 44.594798794698178 ], [ 34.181430400545445, 44.584597063471719 ], [ 34.152445273500348, 44.579000750624253 ], [ 34.134921005677271, 44.568456310188061 ], [ 34.137732582052301, 44.580724587397789 ], [ 34.13113658548631, 44.595894030041208 ], [ 34.120879176464967, 44.606092427236689 ], [ 34.091386088215948, 44.620335598076899 ], [ 34.061931192452441, 44.623768171875589 ], [ 34.060276520838563, 44.627560167361388 ], [ 34.046345491037137, 44.632780058373427 ], [ 34.0577669653226, 44.638650482516745 ], [ 34.068337523043539, 44.651817766443799 ], [ 34.081869184073589, 44.644841814329958 ] ] ], [ [ [ 34.306373997849427, 44.64543111535103 ], [ 34.302290242099467, 44.638716630071841 ], [ 34.303920729238897, 44.645722192175782 ], [ 34.306373997849427, 44.64543111535103 ] ] ], [ [ [ 34.16814781884036, 44.800333546317333 ], [ 34.190319724888589, 44.786928953939643 ], [ 34.20713495558703, 44.783150398952586 ], [ 34.229681565096982, 44.782293205354669 ], [ 34.253461759595176, 44.77588575283211 ], [ 34.27108451603987, 44.775601689898878 ], [ 34.284606500687126, 44.779400488261039 ], [ 34.294446198926067, 44.767434840372196 ], [ 34.310426266683734, 44.760139426752609 ], [ 34.306742087070482, 44.744377568180148 ], [ 34.303466484448272, 44.741166447129615 ], [ 34.269060274642179, 44.74524278558313 ], [ 34.247766608927371, 44.740560581405092 ], [ 34.233442290085925, 44.733252276325942 ], [ 34.220360115740618, 44.720396181044777 ], [ 34.216705486881857, 44.704628363880147 ], [ 34.19867271521786, 44.713951033944021 ], [ 34.179418615478987, 44.718014720646728 ], [ 34.151574474579242, 44.717682838291893 ], [ 34.13844172067634, 44.726420973799982 ], [ 34.121635626385469, 44.730187684968065 ], [ 34.101562076832884, 44.730733685019771 ], [ 34.080280911481957, 44.726017225369063 ], [ 34.074157303054967, 44.721331398912369 ], [ 34.069239640837992, 44.721904277185438 ], [ 34.072052404022223, 44.734175509191417 ], [ 34.06542920944792, 44.749345753776808 ], [ 34.058852415895977, 44.753711074746398 ], [ 34.058352463488369, 44.773567996707946 ], [ 34.073923908606019, 44.775354599746734 ], [ 34.088244040369233, 44.782684676279359 ], [ 34.089050357619328, 44.786190452092434 ], [ 34.109144138087572, 44.78564445816086 ], [ 34.130450077205644, 44.790352656999069 ], [ 34.144780172854304, 44.797674226044109 ], [ 34.158274618733508, 44.812291813183045 ], [ 34.16814781884036, 44.800333546317333 ] ] ], [ [ [ 34.486254807875959, 44.91552871095751 ], [ 34.498526995276457, 44.903250391918036 ], [ 34.516552477717006, 44.893877283399057 ], [ 34.553472691554575, 44.889418019283411 ], [ 34.574837484581799, 44.894032344991722 ], [ 34.578137635649625, 44.897232775893208 ], [ 34.602686261860129, 44.883454307198953 ], [ 34.624406607531306, 44.879014956084539 ], [ 34.642046078259177, 44.878668514963721 ], [ 34.647808262372266, 44.88156695434845 ], [ 34.652727674783094, 44.880967526024094 ], [ 34.651884495914445, 44.877470009387892 ], [ 34.64162482697148, 44.876919678490538 ], [ 34.627222363659435, 44.869671871597603 ], [ 34.614022201337413, 44.856875815002617 ], [ 34.608204105225767, 44.843181943116093 ], [ 34.610543028111081, 44.821297116797972 ], [ 34.595796929920525, 44.823087476233461 ], [ 34.590043500900869, 44.820185384233412 ], [ 34.582670126539213, 44.821079454005812 ], [ 34.561334138977763, 44.816463606452061 ], [ 34.546956929852158, 44.809202530665509 ], [ 34.544128088032622, 44.818544589195241 ], [ 34.529839665875159, 44.832870886378281 ], [ 34.51183414403954, 44.842243456665614 ], [ 34.472477561766603, 44.846981353598729 ], [ 34.451135490064409, 44.842344378505118 ], [ 34.436761890852154, 44.835068095748781 ], [ 34.423609897605388, 44.822243623420469 ], [ 34.417427984742183, 44.806783681560816 ], [ 34.416993369915396, 44.794235811413373 ], [ 34.421888483480302, 44.7828500139859 ], [ 34.399765999517648, 44.785496527549164 ], [ 34.404306708465214, 44.80475340800934 ], [ 34.396947416499145, 44.816433084877218 ], [ 34.40355935238086, 44.844443130334341 ], [ 34.397023629429, 44.859624807045485 ], [ 34.384734082688325, 44.871893185726151 ], [ 34.366687990018278, 44.881246535440788 ], [ 34.354374335258818, 44.882713898182523 ], [ 34.359741421239889, 44.90547589824844 ], [ 34.35318988316024, 44.920657443531105 ], [ 34.346622225744511, 44.925039729805121 ], [ 34.353204367297508, 44.931456630965329 ], [ 34.35609820733076, 44.94371312302443 ], [ 34.373355183944632, 44.941656019137433 ], [ 34.386487877175014, 44.932888009428744 ], [ 34.403324649348328, 44.929076125879185 ], [ 34.425917269331997, 44.928172723337241 ], [ 34.447292626409187, 44.932811161972097 ], [ 34.459231016420858, 44.940379196794076 ], [ 34.482659338082847, 44.942963992911814 ], [ 34.479738655002478, 44.930713966549995 ], [ 34.486254807875959, 44.91552871095751 ] ] ], [ [ [ 34.474091423012368, 45.066413908383574 ], [ 34.460906562535413, 45.064397370867411 ], [ 34.459273919001937, 45.068194172647459 ], [ 34.474091423012368, 45.066413908383574 ] ] ], [ [ [ 34.474510353792084, 45.068163923368246 ], [ 34.479030284448974, 45.065820071835049 ], [ 34.474091423012368, 45.066413908383574 ], [ 34.474510353792084, 45.068163923368246 ] ] ], [ [ [ 34.479449357285432, 45.067570050787062 ], [ 34.498413324850311, 45.07248923732827 ], [ 34.49426544729495, 45.06578718783701 ], [ 34.479449357285432, 45.067570050787062 ] ] ], [ [ [ 34.569377941302058, 45.22956631622516 ], [ 34.555795600547185, 45.236612084312412 ], [ 34.573126516287886, 45.234514253164825 ], [ 34.569377941302058, 45.22956631622516 ] ] ], [ [ [ 34.594127925672097, 45.341812778597273 ], [ 34.598661398343715, 45.339461899706833 ], [ 34.595328082520076, 45.336264761220214 ], [ 34.590368190071331, 45.336866410682589 ], [ 34.594127925672097, 45.341812778597273 ] ] ], [ [ [ 34.580491245458887, 45.401093422258462 ], [ 34.589221918387153, 45.405437742325404 ], [ 34.594187832985142, 45.404835438782996 ], [ 34.587085187793448, 45.396692360963975 ], [ 34.580491245458887, 45.401093422258462 ] ] ], [ [ [ 34.014892538396786, 45.529382329591556 ], [ 34.011986782869492, 45.52791830301048 ], [ 34.012398160145807, 45.529671508760266 ], [ 34.014892538396786, 45.529382329591556 ] ] ], [ [ [ 34.641412673189961, 45.845803699819925 ], [ 34.632710859418403, 45.852267086903652 ], [ 34.638586881893616, 45.855155452628438 ], [ 34.641412673189961, 45.845803699819925 ] ] ], [ [ [ 34.65493843438162, 45.900006874517636 ], [ 34.651997313622303, 45.898563460612372 ], [ 34.652434159054181, 45.900311912112819 ], [ 34.65493843438162, 45.900006874517636 ] ] ], [ [ [ 34.510922075525365, 45.92285930332941 ], [ 34.500806958732838, 45.913267804304652 ], [ 34.499164986254286, 45.917068689053927 ], [ 34.485420001222629, 45.924127177457244 ], [ 34.497955167084946, 45.922619163979654 ], [ 34.519741451737119, 45.927201278736561 ], [ 34.510922075525365, 45.92285930332941 ] ] ], [ [ [ 34.522248342072253, 45.926899014439243 ], [ 34.520174576236009, 45.928950698781357 ], [ 34.522681540828422, 45.928648416139779 ], [ 34.522248342072253, 45.926899014439243 ] ] ], [ [ [ 34.523114779627534, 45.930397814126437 ], [ 34.525188465377866, 45.928346080020916 ], [ 34.522681540828422, 45.928648416139779 ], [ 34.523114779627534, 45.930397814126437 ] ] ], [ [ [ 34.528128737190784, 45.929793051713801 ], [ 34.526055131547956, 45.931844835581977 ], [ 34.528562164563546, 45.93154240928407 ], [ 34.528128737190784, 45.929793051713801 ] ] ], [ [ [ 34.528562164563546, 45.93154240928407 ], [ 34.550886339467681, 45.948665201191638 ], [ 34.549919290434985, 45.934368683419819 ], [ 34.528562164563546, 45.93154240928407 ] ] ], [ [ [ 34.558610556507986, 45.969351889465038 ], [ 34.55412935175525, 45.982505715810113 ], [ 34.56961837309391, 45.982434159533973 ], [ 34.558610556507986, 45.969351889465038 ] ] ], [ [ [ 34.570053903558659, 45.984183195498161 ], [ 34.572127228447499, 45.982130521025852 ], [ 34.56961837309391, 45.982434159533973 ], [ 34.570053903558659, 45.984183195498161 ] ] ], [ [ [ 34.600705485152865, 45.993081751164482 ], [ 34.597759880980711, 45.991637247399424 ], [ 34.598196437807374, 45.993386072699835 ], [ 34.600705485152865, 45.993081751164482 ] ] ], [ [ [ 34.552214746879976, 46.254828898961108 ], [ 34.559339612057123, 46.252165812278527 ], [ 34.558900333234206, 46.250416778075575 ], [ 34.553418799046312, 46.249277054048861 ], [ 34.552214746879976, 46.254828898961108 ] ] ], [ [ [ 34.770245549647257, 46.233675605009601 ], [ 34.77543916238686, 46.243850918306848 ], [ 34.787298765629302, 46.249601993133012 ], [ 34.77528177341803, 46.233056890955005 ], [ 34.770245549647257, 46.233675605009601 ] ] ], [ [ [ 34.50965154804399, 46.333851279241053 ], [ 34.501636029895835, 46.333013789291336 ], [ 34.502074750016909, 46.334763219936733 ], [ 34.50965154804399, 46.333851279241053 ] ] ], [ [ [ 34.538635616034327, 46.324951161319333 ], [ 34.529854547717505, 46.331417049841271 ], [ 34.547530028559429, 46.32928425107562 ], [ 34.558510304265972, 46.331562352323523 ], [ 34.546209894609021, 46.324036945796792 ], [ 34.538635616034327, 46.324951161319333 ] ] ], [ [ [ 34.558950815752276, 46.33331136493095 ], [ 34.563560049783085, 46.330951985233597 ], [ 34.558510304265972, 46.331562352323523 ], [ 34.558950815752276, 46.33331136493095 ] ] ], [ [ [ 34.569491301941852, 46.333839274440223 ], [ 34.564000712889779, 46.33270096078607 ], [ 34.564441416932041, 46.334449932560858 ], [ 34.569491301941852, 46.333839274440223 ] ] ], [ [ [ 34.890373295976936, 46.326993962954482 ], [ 34.870472565792312, 46.320446238790645 ], [ 34.872455394421138, 46.338225080547709 ], [ 34.891460820366042, 46.341278709343946 ], [ 34.890373295976936, 46.326993962954482 ] ] ], [ [ [ 34.530915845356105, 46.470068627657099 ], [ 34.557752219843906, 46.452410386053586 ], [ 34.577551999910526, 46.448214049819349 ], [ 34.595705114411636, 46.44781846649699 ], [ 34.60165213045363, 46.450702612742973 ], [ 34.620249358436062, 46.452051554442399 ], [ 34.62606074850153, 46.444136113100654 ], [ 34.64451488171192, 46.434683499800954 ], [ 34.661769797320851, 46.430781101571789 ], [ 34.682441520353201, 46.430064139350158 ], [ 34.696420901676881, 46.433765538335436 ], [ 34.691066180525048, 46.412789719050046 ], [ 34.697605884072864, 46.397571824198934 ], [ 34.702212654970495, 46.39520671643637 ], [ 34.695376651347587, 46.388831956508071 ], [ 34.692702938642171, 46.378343988386234 ], [ 34.664473832641491, 46.379984118609975 ], [ 34.642488696926257, 46.375450606167888 ], [ 34.627641164918039, 46.368243541248745 ], [ 34.613995025608055, 46.355481814576443 ], [ 34.608244321932958, 46.332749727333407 ], [ 34.59858805374185, 46.335722947241074 ], [ 34.598146241451261, 46.333974228018988 ], [ 34.580473021074553, 46.336115017221161 ], [ 34.580031780281686, 46.334366164262356 ], [ 34.574982071358136, 46.334977293260444 ], [ 34.57454102313914, 46.333228399419788 ], [ 34.569491301941852, 46.333839274440223 ], [ 34.590255460456788, 46.34394179101033 ], [ 34.603893003523183, 46.356707281850376 ], [ 34.612747740551512, 46.391679956860102 ], [ 34.606183060176562, 46.406895283130225 ], [ 34.593672091310125, 46.419226115950607 ], [ 34.570595736762456, 46.431031395228061 ], [ 34.527590420060449, 46.436223769518257 ], [ 34.500086395977583, 46.430523731503605 ], [ 34.487766972322596, 46.422993142790112 ], [ 34.461252342203551, 46.431583222691152 ], [ 34.440568245260799, 46.432259470149368 ], [ 34.413071071819559, 46.42653678383305 ], [ 34.391861391406131, 46.414650600777058 ], [ 34.375805707433422, 46.412960131389916 ], [ 34.369437362114319, 46.408311904373697 ], [ 34.347531584244351, 46.414522761819704 ], [ 34.313757557428893, 46.414928022652681 ], [ 34.318459489467614, 46.423381614837432 ], [ 34.356430245091097, 46.418871299502356 ], [ 34.378421836365348, 46.423462033200735 ], [ 34.396664681028355, 46.433902693916849 ], [ 34.427037982200353, 46.430274025040035 ], [ 34.449037574174064, 46.434849730291553 ], [ 34.458385473680025, 46.44093870545138 ], [ 34.476101657734425, 46.438813128412718 ], [ 34.498107059828996, 46.443378358587807 ], [ 34.515935792568975, 46.452047068693098 ], [ 34.529590808740146, 46.464821082731177 ], [ 34.530915845356105, 46.470068627657099 ] ] ], [ [ [ 34.527977135232021, 46.510077012593577 ], [ 34.525001453586754, 46.508633128521673 ], [ 34.525443619750725, 46.510382334487645 ], [ 34.527977135232021, 46.510077012593577 ] ] ], [ [ [ 35.065740019941131, 46.479974256330209 ], [ 35.063672700980646, 46.482036500082536 ], [ 35.066199056975968, 46.481719415911897 ], [ 35.065740019941131, 46.479974256330209 ] ] ], [ [ [ 35.084114140963869, 46.490285954200338 ], [ 35.083194689035835, 46.486795910155202 ], [ 35.071251641061039, 46.48108508508669 ], [ 35.066199056975968, 46.481719415911897 ], [ 35.074007667470831, 46.491555727227762 ], [ 35.084114140963869, 46.490285954200338 ] ] ], [ [ [ 34.492332381208449, 46.617112448039542 ], [ 34.497410025301768, 46.616502152666271 ], [ 34.490770803462595, 46.590261057106396 ], [ 34.474548113919212, 46.577788656312052 ], [ 34.471457985163333, 46.565541662454201 ], [ 34.465502331081971, 46.562651050236973 ], [ 34.46142033290203, 46.577560832761968 ], [ 34.452593381186574, 46.584026401036027 ], [ 34.453475424846559, 46.587525826019899 ], [ 34.461971592855015, 46.590112628106809 ], [ 34.475657754578485, 46.602891504375897 ], [ 34.481849988964704, 46.627384718574248 ], [ 34.492332381208449, 46.617112448039542 ] ] ], [ [ [ 34.47655944562517, 46.647848889624619 ], [ 34.467724708055144, 46.654316802413526 ], [ 34.470823583618227, 46.666563800069724 ], [ 34.481875264563918, 46.668842876082266 ], [ 34.47655944562517, 46.647848889624619 ] ] ], [ [ [ 35.039278042030666, 46.607690069948092 ], [ 35.041350234337798, 46.60562756529152 ], [ 35.038817847517159, 46.605944742640602 ], [ 35.039278042030666, 46.607690069948092 ] ] ], [ [ [ 35.029388777985801, 46.580081183863626 ], [ 35.00544983622612, 46.588483324520055 ], [ 34.98220232280427, 46.589582247588915 ], [ 34.960113201969776, 46.585123297757001 ], [ 34.950688097997727, 46.579084954791782 ], [ 34.939396707023093, 46.58589786778024 ], [ 34.914524794841668, 46.590789879448536 ], [ 34.908038587927237, 46.60601742906514 ], [ 34.909862815733518, 46.613002686754022 ], [ 34.926186629860524, 46.625399913837882 ], [ 34.931920794136566, 46.637308154387981 ], [ 34.933501906022215, 46.65333827222188 ], [ 34.929802624487294, 46.659206729069638 ], [ 34.939946673369455, 46.657946254072819 ], [ 34.950335260704939, 46.647639533528327 ], [ 34.955895351932483, 46.628918144500716 ], [ 34.966276037388276, 46.618610964622903 ], [ 34.984710788725963, 46.609101418729388 ], [ 35.009580958640164, 46.604193461135999 ], [ 35.038817847517159, 46.605944742640602 ], [ 35.029614492924516, 46.590870460938866 ], [ 35.029388777985801, 46.580081183863626 ] ] ], [ [ [ 34.721934457583487, 46.645162536552704 ], [ 34.714771534889373, 46.647841037701539 ], [ 34.720914701955955, 46.66151263763156 ], [ 34.725991588291578, 46.660891751441959 ], [ 34.725089709506385, 46.657396397582481 ], [ 34.729715089895798, 46.65502772270284 ], [ 34.721934457583487, 46.645162536552704 ] ] ], [ [ [ 35.07520142949403, 46.624820960533221 ], [ 35.072206974862645, 46.623393919772859 ], [ 35.072668522894915, 46.625138986833626 ], [ 35.07520142949403, 46.624820960533221 ] ] ], [ [ [ 35.085794598659753, 46.625293277620791 ], [ 35.080728933649681, 46.625929749808492 ], [ 35.080267113828207, 46.624184744632267 ], [ 35.07520142949403, 46.624820960533221 ], [ 35.080967400371073, 46.63671796579915 ], [ 35.089251592907907, 46.628464842336122 ], [ 35.085794598659753, 46.625293277620791 ] ] ], [ [ [ 34.722602482917715, 46.68834909334722 ], [ 34.719611531356634, 46.686911916551729 ], [ 34.72006273779769, 46.688659627405563 ], [ 34.722602482917715, 46.68834909334722 ] ] ], [ [ [ 35.072247751618093, 46.682889706878541 ], [ 35.069249709880125, 46.681462896512315 ], [ 35.069712099083624, 46.683207968740938 ], [ 35.072247751618093, 46.682889706878541 ] ] ], [ [ [ 35.061193186170478, 46.70050479494985 ], [ 35.071339155509648, 46.699231817034772 ], [ 35.069712099083624, 46.683207968740938 ], [ 35.065102944040014, 46.685589435548216 ], [ 35.061193186170478, 46.70050479494985 ] ] ], [ [ [ 34.450770468280801, 46.814992258633858 ], [ 34.456844444043284, 46.787221882924044 ], [ 34.467357363252916, 46.776947748481561 ], [ 34.472450547124552, 46.776336975159147 ], [ 34.484169948360808, 46.760507998704831 ], [ 34.476532723240837, 46.76142462295541 ], [ 34.459481369081089, 46.756257957632265 ], [ 34.434134487876683, 46.770109051530561 ], [ 34.416749552358816, 46.773989530378877 ], [ 34.395929858863568, 46.774671217644766 ], [ 34.384415238589071, 46.770635242152778 ], [ 34.376773401048112, 46.771545356431382 ], [ 34.377656324287258, 46.775045774570614 ], [ 34.399361540560456, 46.777867559977032 ], [ 34.414311735292813, 46.785097480197955 ], [ 34.41519751004477, 46.788597343193047 ], [ 34.429709286493477, 46.79407482349049 ], [ 34.443452015895097, 46.806853916894298 ], [ 34.455217459734342, 46.83248866884685 ], [ 34.450770468280801, 46.814992258633858 ] ] ], [ [ [ 34.906298586287555, 46.759487482441656 ], [ 34.901216384134322, 46.760117376313744 ], [ 34.902132891211338, 46.763610023519583 ], [ 34.90721540169627, 46.762980053219252 ], [ 34.906298586287555, 46.759487482441656 ] ] ], [ [ [ 34.46120635760937, 46.835377048556168 ], [ 34.45776682467865, 46.832183305140198 ], [ 34.458656878281651, 46.835682504674544 ], [ 34.46120635760937, 46.835377048556168 ] ] ], [ [ [ 34.821888658014828, 46.858271810065155 ], [ 34.836053445526069, 46.842100835062851 ], [ 34.855043959817998, 46.834348238720736 ], [ 34.851125503141994, 46.829422420159702 ], [ 34.820126169684691, 46.831441133155323 ], [ 34.797937569794477, 46.826958690039675 ], [ 34.785477934185103, 46.819474144276931 ], [ 34.771115901064576, 46.824843466207952 ], [ 34.769480256592807, 46.828650371353625 ], [ 34.78102942092432, 46.832642328158009 ], [ 34.794860259399364, 46.845368474648431 ], [ 34.801250239478904, 46.869827521572837 ], [ 34.821888658014828, 46.858271810065155 ] ] ], [ [ [ 34.495606452279695, 46.970083255160965 ], [ 34.480010559966196, 46.950317893188533 ], [ 34.478091065222287, 46.932517339861683 ], [ 34.484727430401001, 46.917296612919053 ], [ 34.495254988649599, 46.907017370127591 ], [ 34.518985517977036, 46.896952119431802 ], [ 34.513165267926716, 46.874213041394768 ], [ 34.519787227388257, 46.858992261053579 ], [ 34.524439491562859, 46.856629233615543 ], [ 34.508692968193927, 46.85672100416059 ], [ 34.486506690301816, 46.852174896283501 ], [ 34.471527578545249, 46.844957410444408 ], [ 34.463755795293665, 46.835071537155848 ], [ 34.46120635760937, 46.835377048556168 ], [ 34.467764502794012, 46.850817413319845 ], [ 34.465783306023447, 46.863675555668536 ], [ 34.469350523171677, 46.877671717307884 ], [ 34.479236498784232, 46.885501043664682 ], [ 34.485362181746424, 46.899190053817456 ], [ 34.48593889146575, 46.911742069511781 ], [ 34.479303255586501, 46.926962737028106 ], [ 34.474642982052416, 46.929324758829253 ], [ 34.474771755458683, 46.940127726267121 ], [ 34.470557316558455, 46.944239183205752 ], [ 34.477008377757002, 46.948874911157255 ], [ 34.482696612626157, 46.960814254796432 ], [ 34.482828501714557, 46.971617146428009 ], [ 34.495606452279695, 46.970083255160965 ] ] ], [ [ [ 35.183417812253843, 46.843797628085674 ], [ 35.178802385335423, 46.846184887377667 ], [ 35.179739636126222, 46.849673247497428 ], [ 35.173518145284994, 46.855870305960472 ], [ 35.190846401169225, 46.851874836048317 ], [ 35.183417812253843, 46.843797628085674 ] ] ], [ [ [ 35.038495946725661, 46.90170900590995 ], [ 35.03293848409281, 46.900600951672786 ], [ 35.033403246067472, 46.902346235307277 ], [ 35.038495946725661, 46.90170900590995 ] ] ], [ [ [ 34.752042801596481, 46.953406002540014 ], [ 34.749677467398477, 46.96451549966941 ], [ 34.759887011228102, 46.963264827760625 ], [ 34.774019958164622, 46.96694192678661 ], [ 34.770362202487298, 46.952964024583906 ], [ 34.752042801596481, 46.953406002540014 ] ] ], [ [ [ 34.418957755820919, 47.020733424257934 ], [ 34.432645025087162, 47.022704921224268 ], [ 34.430856820606671, 47.015705971771951 ], [ 34.417617973501642, 47.015483916328876 ], [ 34.418957755820919, 47.020733424257934 ] ] ], [ [ [ 34.813819863730728, 46.998119675515923 ], [ 34.818007916559395, 46.993997490271035 ], [ 34.812442497689588, 46.992878914967633 ], [ 34.813819863730728, 46.998119675515923 ] ] ], [ [ [ 34.621453397406547, 47.028828966227991 ], [ 34.61378241214873, 47.029758771668327 ], [ 34.599051292172867, 47.044165971052855 ], [ 34.637415111236393, 47.039515799680416 ], [ 34.657133852980081, 47.044333752443364 ], [ 34.650940052144939, 47.030659780600402 ], [ 34.633042115322439, 47.032833222201468 ], [ 34.621453397406547, 47.028828966227991 ] ] ], [ [ [ 35.194996957815235, 47.013673267898341 ], [ 35.189425449010372, 47.01257457123728 ], [ 35.189897129477338, 47.014318621595933 ], [ 35.194996957815235, 47.013673267898341 ] ] ], [ [ [ 35.18781879600018, 47.016385281528002 ], [ 35.184797124753175, 47.014963754827797 ], [ 35.185268693864423, 47.016707840138132 ], [ 35.18781879600018, 47.016385281528002 ] ] ], [ [ [ 35.17043830210325, 47.020386232513566 ], [ 35.167416744804555, 47.018964206781554 ], [ 35.167887813715346, 47.020708424732447 ], [ 35.17043830210325, 47.020386232513566 ] ] ], [ [ [ 35.165337281279918, 47.021030561806164 ], [ 35.147011874892719, 47.021539602942973 ], [ 35.117338361082858, 47.028885289135253 ], [ 35.120829207283485, 47.032053337173124 ], [ 35.156547015244435, 47.027551480452196 ], [ 35.165337281279918, 47.021030561806164 ] ] ], [ [ [ 34.863768491214245, 47.376158179858699 ], [ 34.870315503762036, 47.360918088420355 ], [ 34.880829960252257, 47.350599655010456 ], [ 34.899514660094908, 47.34107374060676 ], [ 34.912358670995779, 47.339484005040255 ], [ 34.895543514335863, 47.336152945996687 ], [ 34.880365224517917, 47.329009193160637 ], [ 34.866360895316532, 47.316306755209119 ], [ 34.858444334668185, 47.286616974181001 ], [ 34.864987297154663, 47.271378630417914 ], [ 34.875954011587851, 47.262809088176979 ], [ 34.869441336492805, 47.238359552428328 ], [ 34.875977872967525, 47.223121745906944 ], [ 34.886468976461579, 47.212806166481244 ], [ 34.905108124102156, 47.203284825775242 ], [ 34.948659033920826, 47.197883785442258 ], [ 34.971019385022935, 47.202319250097652 ], [ 34.986166577885143, 47.209452830237694 ], [ 34.996662830039433, 47.218968214035193 ], [ 35.018565169171438, 47.221647449458828 ], [ 35.03372374781565, 47.228773382134541 ], [ 35.051240520358192, 47.24462211421293 ], [ 35.081987972229491, 47.240769537987759 ], [ 35.118128903840159, 47.247054127806109 ], [ 35.133306455827849, 47.254164430766643 ], [ 35.141275177158775, 47.263985282917581 ], [ 35.150955894172725, 47.24111625851608 ], [ 35.163475571779315, 47.228712653338413 ], [ 35.182058644220788, 47.219149586205056 ], [ 35.209738655081829, 47.21384380992037 ], [ 35.19760016267918, 47.20816407090458 ], [ 35.182616972233312, 47.192018517189616 ], [ 35.177786945700475, 47.203452991570813 ], [ 35.165275841062517, 47.215857118813915 ], [ 35.146690100294755, 47.225417569691075 ], [ 35.105715553388606, 47.230574448281672 ], [ 35.083336827079592, 47.226168370788912 ], [ 35.068173726849167, 47.219049807552636 ], [ 35.054164018910157, 47.206373085641779 ], [ 35.048311958685581, 47.194478180883394 ], [ 35.046173122660505, 47.176706948395072 ], [ 35.052651598847859, 47.161465167946041 ], [ 35.063094110848617, 47.151138025948306 ], [ 35.081674673491008, 47.141592920217597 ], [ 35.104217249140028, 47.136958215091163 ], [ 35.128169842725747, 47.137552844378618 ], [ 35.127226493523118, 47.134063863936909 ], [ 35.110675523058916, 47.121715523126191 ], [ 35.10832164502078, 47.112992346424271 ], [ 35.09971391259139, 47.110466620942603 ], [ 35.095277623069016, 47.103808741160435 ], [ 35.062055087426643, 47.107976737747826 ], [ 35.039733333117283, 47.103556346945773 ], [ 35.030193641314114, 47.097534343282838 ], [ 35.002766284197243, 47.09374468068895 ], [ 34.987654510266715, 47.086610461190162 ], [ 34.973705050265018, 47.073918614466635 ], [ 34.970912067991605, 47.063444435602612 ], [ 34.964177967178841, 47.067889691324474 ], [ 34.951402228377603, 47.069478327782292 ], [ 34.971388133001774, 47.085028986324581 ], [ 34.978845446548341, 47.11295964324605 ], [ 34.972347306911061, 47.128198448865028 ], [ 34.959796272669948, 47.140582277059131 ], [ 34.941189192321197, 47.150109273554484 ], [ 34.902795792848075, 47.154869592871997 ], [ 34.880459675801085, 47.150417879103671 ], [ 34.862320069416164, 47.141836407999918 ], [ 34.854423771706365, 47.131988890774636 ], [ 34.847639855071307, 47.156273200313578 ], [ 34.835050667188696, 47.168646762887839 ], [ 34.816407225526248, 47.178156319179458 ], [ 34.79893407774636, 47.182107794605059 ], [ 34.775410311076662, 47.183191170124807 ], [ 34.753066954169782, 47.17871401563643 ], [ 34.737955015334961, 47.171544767260315 ], [ 34.737036124149554, 47.168049899180609 ], [ 34.717453604807844, 47.174049669959473 ], [ 34.691364921225023, 47.175428004180901 ], [ 34.669028732258845, 47.170932978507281 ], [ 34.659511280492907, 47.164876065975804 ], [ 34.618497162865744, 47.169853681657727 ], [ 34.604934651966374, 47.178710299750492 ], [ 34.576724783542886, 47.182121262235221 ], [ 34.588802588145739, 47.18787585732742 ], [ 34.602704640796858, 47.20062262910141 ], [ 34.609828063183635, 47.217796027252618 ], [ 34.608343985282026, 47.232404437454662 ], [ 34.619067589243656, 47.232909336703457 ], [ 34.628595231389426, 47.238969067647801 ], [ 34.651974245555181, 47.2271138121435 ], [ 34.693026668611999, 47.222119634925456 ], [ 34.715386925837628, 47.226607539575134 ], [ 34.733539996044158, 47.23521262988249 ], [ 34.747488991588789, 47.247936773049126 ], [ 34.754409328700262, 47.274146364658833 ], [ 34.747832184411976, 47.289381484881091 ], [ 34.735191088745005, 47.301749901802872 ], [ 34.721160629403414, 47.308875008550267 ], [ 34.736575764454393, 47.306992118623555 ], [ 34.758976235926831, 47.311467416852935 ], [ 34.774135546712195, 47.318629804929593 ], [ 34.788120380966696, 47.331346005417991 ], [ 34.793937678630869, 47.343259532085099 ], [ 34.79272528509432, 47.368663480206237 ], [ 34.797868066379117, 47.368032265653675 ], [ 34.816086825704943, 47.376618048443 ], [ 34.830099687962587, 47.389326662335399 ], [ 34.832430463496472, 47.398059983761392 ], [ 34.854646636330564, 47.391715433248699 ], [ 34.865401004037203, 47.392193168949383 ], [ 34.863768491214245, 47.376158179858699 ] ] ], [ [ [ 34.481722242792259, 47.438846694377922 ], [ 34.504012766512112, 47.432566034079095 ], [ 34.52508962760546, 47.431838093802249 ], [ 34.556184764215367, 47.438918550168111 ], [ 34.553896392776707, 47.430175011336793 ], [ 34.560542505066522, 47.414943328117538 ], [ 34.569473680384242, 47.408454797694574 ], [ 34.568100670504755, 47.40320895250575 ], [ 34.555055095036181, 47.393958970111981 ], [ 34.549282244342372, 47.382028015967421 ], [ 34.547291878327712, 47.364230169884316 ], [ 34.553935604244749, 47.348999831570879 ], [ 34.564517700554767, 47.338705373705984 ], [ 34.583268087159915, 47.329227235345982 ], [ 34.624411558994275, 47.324249569314077 ], [ 34.641672585726781, 47.329371666192934 ], [ 34.64938593963538, 47.328435515395434 ], [ 34.655261919595645, 47.320506887313257 ], [ 34.669306046614274, 47.313388837462412 ], [ 34.652966660324338, 47.311766833694783 ], [ 34.640392908362394, 47.304274381519669 ], [ 34.632682776329723, 47.305209567377297 ], [ 34.619092458096404, 47.314071539461047 ], [ 34.593383440829932, 47.317182568581622 ], [ 34.575095796975916, 47.328410356980086 ], [ 34.559663860643404, 47.330272149565666 ], [ 34.546053446914541, 47.339127160764107 ], [ 34.5074581834225, 47.343768858719997 ], [ 34.485054399452473, 47.339242282528765 ], [ 34.469920397671892, 47.332037304217231 ], [ 34.456005481587759, 47.319273716580241 ], [ 34.449221808326428, 47.293031240568546 ], [ 34.427294752960009, 47.290240141716133 ], [ 34.412182942493175, 47.283025296694632 ], [ 34.407809979785647, 47.276332549099408 ], [ 34.391288141299228, 47.294532108927868 ], [ 34.372507132361747, 47.303980075752335 ], [ 34.342078428200757, 47.309395925647657 ], [ 34.328430000915176, 47.318227395426433 ], [ 34.290709310677606, 47.32629559127065 ], [ 34.277387928260282, 47.326064477154951 ], [ 34.290818043716889, 47.337103694700652 ], [ 34.296974453762751, 47.350804596186585 ], [ 34.297533605222711, 47.363363253769727 ], [ 34.290810035284416, 47.378585761542595 ], [ 34.283973449762314, 47.382999895314747 ], [ 34.297086692652179, 47.403094534923262 ], [ 34.297200237159686, 47.41390273746137 ], [ 34.309978589055191, 47.401570899819369 ], [ 34.328805051736595, 47.39212867922506 ], [ 34.370041411512581, 47.387237513945365 ], [ 34.392461610341535, 47.391786188525515 ], [ 34.407606241821632, 47.39900114764751 ], [ 34.421536056967575, 47.411770162297429 ], [ 34.428787744716651, 47.439764769537724 ], [ 34.445168368500454, 47.441416425568164 ], [ 34.460789726342483, 47.450371644497196 ], [ 34.481722242792259, 47.438846694377922 ] ] ], [ [ [ 34.959057396029472, 47.335495093101557 ], [ 34.946216951642427, 47.337089961063597 ], [ 34.946685997701096, 47.338835772800813 ], [ 34.960465858019283, 47.340732225463697 ], [ 34.959057396029472, 47.335495093101557 ] ] ], [ [ [ 35.241844675155193, 47.350501339272746 ], [ 35.250189535199624, 47.342224893679195 ], [ 35.268789616944076, 47.33264442809007 ], [ 35.27648245680134, 47.331666073698095 ], [ 35.266559640127326, 47.31488491985229 ], [ 35.267206354395697, 47.307585581568688 ], [ 35.25582635938305, 47.314444597983425 ], [ 35.214802781779298, 47.319647873980067 ], [ 35.186773815107607, 47.314172820555314 ], [ 35.168530935479012, 47.305651762173305 ], [ 35.15447120448966, 47.292992156736979 ], [ 35.150768849009665, 47.298871399919555 ], [ 35.152669722834197, 47.305848423040047 ], [ 35.162265163891732, 47.311855000350953 ], [ 35.168161402896914, 47.323740392157326 ], [ 35.170358917129015, 47.341505316904573 ], [ 35.16617977721409, 47.345641231218565 ], [ 35.168085793136306, 47.352617724086564 ], [ 35.174172215571453, 47.355457988176049 ], [ 35.177511203152122, 47.367666355374325 ], [ 35.197568662420089, 47.363327310044397 ], [ 35.235413052376991, 47.365751857282127 ], [ 35.241844675155193, 47.350501339272746 ] ] ], [ [ [ 35.180904602558151, 47.641524573971374 ], [ 35.198820980942152, 47.619409871456881 ], [ 35.218004671578804, 47.61156957350385 ], [ 35.215592292869744, 47.602851258092599 ], [ 35.225751758552683, 47.58171346489523 ], [ 35.232517419604577, 47.577247050215455 ], [ 35.231552526221286, 47.573759940462949 ], [ 35.256670478594486, 47.548918385693305 ], [ 35.268578665942051, 47.543796720334868 ], [ 35.251682327916747, 47.540528225702161 ], [ 35.236398458499281, 47.533443541148444 ], [ 35.218712867273005, 47.517638034426398 ], [ 35.210851213475323, 47.498782974671691 ], [ 35.213456657045818, 47.469581006813556 ], [ 35.195454118654638, 47.471858154348688 ], [ 35.183728648589494, 47.467926288437845 ], [ 35.173440725911682, 47.469225149985732 ], [ 35.164587483055364, 47.475755448417253 ], [ 35.147056949244366, 47.479769383021974 ], [ 35.123421884604276, 47.480939283113983 ], [ 35.100928650849362, 47.476547476037645 ], [ 35.09130425548252, 47.470537622823706 ], [ 35.064423467260511, 47.479319298481784 ], [ 35.040782949339274, 47.480471850408946 ], [ 35.018293425132377, 47.476062656169958 ], [ 35.00305615923245, 47.468941073005489 ], [ 34.988979275669557, 47.456260238748762 ], [ 34.986617841293118, 47.44753291982282 ], [ 34.950085798397907, 47.430423696953952 ], [ 34.949144516737562, 47.426932175891523 ], [ 34.931135693546516, 47.429166283640484 ], [ 34.934427041572221, 47.441387486053365 ], [ 34.927894714501463, 47.456630890417692 ], [ 34.917373526005861, 47.466955343946822 ], [ 34.898651985228852, 47.476488854164757 ], [ 34.885773853658343, 47.478080507522492 ], [ 34.874070918608133, 47.49395926036744 ], [ 34.855330989314638, 47.503487347700464 ], [ 34.832601382728114, 47.508090390646913 ], [ 34.811042841240869, 47.507132197117656 ], [ 34.807288504564191, 47.513005840588633 ], [ 34.788527569859781, 47.522524663519427 ], [ 34.770939851735783, 47.526483948617418 ], [ 34.749837749744152, 47.527261718922801 ], [ 34.721715452507517, 47.521675518467617 ], [ 34.706905955392337, 47.536110135456873 ], [ 34.688115263273026, 47.545614781724126 ], [ 34.670508910444347, 47.549559795215814 ], [ 34.649391873788517, 47.550319658119101 ], [ 34.618680115580894, 47.545020836855358 ], [ 34.603464506965331, 47.53784116488066 ], [ 34.592495156711522, 47.526538595942839 ], [ 34.566679568159799, 47.529654125406054 ], [ 34.544188561663091, 47.525147463517605 ], [ 34.540689456538253, 47.521960610174872 ], [ 34.507123946608694, 47.52599423783937 ], [ 34.484637362044865, 47.521474948204784 ], [ 34.481141868074822, 47.518285858866761 ], [ 34.471725497606059, 47.523021152660917 ], [ 34.472638229995788, 47.526519731316078 ], [ 34.483425209798838, 47.527031938610619 ], [ 34.510785710031868, 47.539986375100241 ], [ 34.524784048939395, 47.552736957785783 ], [ 34.528912875120888, 47.568476853955517 ], [ 34.562219056194067, 47.573488567158307 ], [ 34.565723548091192, 47.576674334198344 ], [ 34.584551445463703, 47.567186914415295 ], [ 34.62071512931422, 47.56281536324795 ], [ 34.629659513118689, 47.556319968091152 ], [ 34.686461698380121, 47.54942424444333 ], [ 34.712066983857795, 47.535481105741759 ], [ 34.729664147462778, 47.531530340176694 ], [ 34.755928641360491, 47.53012522938274 ], [ 34.778431488054494, 47.534587275184194 ], [ 34.793665488833433, 47.541740829388395 ], [ 34.801163140860695, 47.549842106609447 ], [ 34.813835145073426, 47.537460764280766 ], [ 34.839394281270891, 47.523492458181202 ], [ 34.871971629201482, 47.515869174765164 ], [ 34.895639738601076, 47.51475040816301 ], [ 34.918141688784836, 47.519183753851387 ], [ 34.933386075778095, 47.526316749121058 ], [ 34.934329589149669, 47.52980844924042 ], [ 34.954005184547185, 47.523758921286031 ], [ 34.980248242021901, 47.522302071026182 ], [ 35.002757302383593, 47.526717324241609 ], [ 35.018013455250752, 47.533837397390407 ], [ 35.03212220171428, 47.546512090824876 ], [ 35.040209187631262, 47.576178158245938 ], [ 35.090920156859127, 47.58607210223385 ], [ 35.106205481430337, 47.593177300051941 ], [ 35.107162698941316, 47.596666327470295 ], [ 35.1250325099723, 47.603444614796494 ], [ 35.139187834718157, 47.616101548204767 ], [ 35.140628172821742, 47.621334303354473 ], [ 35.149328593697625, 47.623848476183674 ], [ 35.163496039568962, 47.636501263491361 ], [ 35.16975543300952, 47.659173752547858 ], [ 35.177017510506815, 47.656453061596672 ], [ 35.180904602558151, 47.641524573971374 ] ] ], [ [ [ 34.871339380170021, 47.622402958470545 ], [ 34.863590239863029, 47.62335847612416 ], [ 34.826247900496803, 47.613520209937143 ], [ 34.825543210273125, 47.620824301117104 ], [ 34.814503064710181, 47.629398260862303 ], [ 34.815442064976118, 47.632891691551691 ], [ 34.840108356002894, 47.635272534184068 ], [ 34.853728121104069, 47.626378135072372 ], [ 34.871339380170021, 47.622402958470545 ] ] ], [ [ [ 34.960820341154275, 47.627569387905872 ], [ 34.960082985529546, 47.615029452393202 ], [ 34.94011686414008, 47.610288850035396 ], [ 34.921353587986495, 47.619831369282565 ], [ 34.90327643097821, 47.622067911832929 ], [ 34.920189801771834, 47.625388836231977 ], [ 34.935469280928025, 47.632518684907488 ], [ 34.94959228631938, 47.64520358757327 ], [ 34.951489518476308, 47.652186337553324 ], [ 34.958290782619741, 47.647733196570478 ], [ 34.971206502770471, 47.64612910843654 ], [ 34.960820341154275, 47.627569387905872 ] ] ], [ [ [ 35.296309069491073, 47.729778322293093 ], [ 35.292751425353671, 47.726620929886458 ], [ 35.293725579425754, 47.730107000081844 ], [ 35.296309069491073, 47.729778322293093 ] ] ], [ [ [ 35.305034246620963, 47.732277843400176 ], [ 35.298892513572397, 47.729449588031841 ], [ 35.296309069491073, 47.729778322293093 ], [ 35.294212725424778, 47.731850028726384 ], [ 35.297624035230868, 47.744051108734801 ], [ 35.29230817354, 47.753752509537641 ], [ 35.300549809787107, 47.754509009382915 ], [ 35.298111549241248, 47.74579410294411 ], [ 35.305034246620963, 47.732277843400176 ] ] ], [ [ [ 34.673577657652082, 47.911870410417677 ], [ 34.698879184589352, 47.896163322081179 ], [ 34.7300578406578, 47.892366497354814 ], [ 34.733369530784394, 47.884743924402628 ], [ 34.725576723243911, 47.885694015139336 ], [ 34.702914141575548, 47.881235192858782 ], [ 34.691083517029035, 47.897111240258269 ], [ 34.672169727290459, 47.906627331069707 ], [ 34.640974824951805, 47.910409271779109 ], [ 34.642379789808544, 47.915653042357896 ], [ 34.64757987932051, 47.91502317691441 ], [ 34.663393916549602, 47.923934136983021 ], [ 34.673577657652082, 47.911870410417677 ] ] ], [ [ [ 35.52044703236313, 48.495604293022275 ], [ 35.517319465303537, 48.494200941058317 ], [ 35.517827496340338, 48.495941992918141 ], [ 35.52044703236313, 48.495604293022275 ] ] ], [ [ [ 35.516732044610045, 48.501502824993992 ], [ 35.512000201794535, 48.50391915394561 ], [ 35.513524413694867, 48.509142412979429 ], [ 35.522479975883307, 48.502568373068151 ], [ 35.52095519553972, 48.497345319819615 ], [ 35.515715907660898, 48.498020702806024 ], [ 35.516732044610045, 48.501502824993992 ] ] ], [ [ [ 34.991430414195264, 48.614879422700511 ], [ 34.97598780564266, 48.598732132530785 ], [ 34.961672239890412, 48.60592204645436 ], [ 34.972514854823523, 48.61541662232063 ], [ 34.974480892149487, 48.622397513406781 ], [ 34.991430414195264, 48.614879422700511 ] ] ], [ [ [ 35.695475447498545, 48.545166414059103 ], [ 35.6923405257442, 48.543768704560328 ], [ 35.692855443463856, 48.545508354574245 ], [ 35.695475447498545, 48.545166414059103 ] ] ], [ [ [ 35.693370410290491, 48.547247999965549 ], [ 35.687615288080593, 48.546192062048348 ], [ 35.688130087631528, 48.547931749002778 ], [ 35.693370410290491, 48.547247999965549 ] ] ], [ [ [ 35.459822284713489, 48.707555198940106 ], [ 35.445646848935887, 48.705758543086695 ], [ 35.446581392045616, 48.718286529459057 ], [ 35.457108735317085, 48.716937313874467 ], [ 35.456088996298952, 48.713454382531957 ], [ 35.460842070057467, 48.711038075208009 ], [ 35.459822284713489, 48.707555198940106 ] ] ], [ [ [ 35.682057864756501, 48.720387769318243 ], [ 35.656842060721253, 48.718248954894285 ], [ 35.645760373859886, 48.726918078645291 ], [ 35.656796980567599, 48.727290375310076 ], [ 35.683013758048162, 48.741949148885283 ], [ 35.682057864756501, 48.720387769318243 ] ] ], [ [ [ 35.391780691641685, 48.942127210565396 ], [ 35.388624743276296, 48.940722324038447 ], [ 35.389136330812164, 48.94246425235179 ], [ 35.391780691641685, 48.942127210565396 ] ] ], [ [ [ 35.389136330812164, 48.94246425235179 ], [ 35.383248763152018, 48.950442938837071 ], [ 35.375225509532434, 48.9605003407721 ], [ 35.394254910870195, 48.959883287121947 ], [ 35.389136330812164, 48.94246425235179 ] ] ], [ [ [ 35.03802223178922, 49.086012332981539 ], [ 35.02489014119918, 49.078607093140967 ], [ 35.020229692290556, 49.071957494435971 ], [ 34.988359227299341, 49.075903433769405 ], [ 35.002987760808338, 49.08854807882804 ], [ 35.008801924016659, 49.089635035711851 ], [ 35.03802223178922, 49.086012332981539 ] ] ], [ [ [ 35.335410048861284, 49.133634322823674 ], [ 35.330612625945975, 49.13605001661513 ], [ 35.329496373458085, 49.14161364658478 ], [ 35.337463176732896, 49.140603438488498 ], [ 35.335410048861284, 49.133634322823674 ] ] ], [ [ [ 34.994541033932656, 49.212464612915639 ], [ 34.988209346223734, 49.20963319993637 ], [ 34.986550615458796, 49.213452194652561 ], [ 34.994541033932656, 49.212464612915639 ] ] ], [ [ [ 35.846282283247696, 49.416627749976961 ], [ 35.844154370554442, 49.418715845757887 ], [ 35.846818700463793, 49.41836590747284 ], [ 35.846282283247696, 49.416627749976961 ] ] ], [ [ [ 35.847355169509605, 49.420104060134804 ], [ 35.849482978543428, 49.418015909601102 ], [ 35.846818700463793, 49.41836590747284 ], [ 35.847355169509605, 49.420104060134804 ] ] ], [ [ [ 35.853220544675693, 49.421142067225553 ], [ 35.850019535079198, 49.419754040913084 ], [ 35.850556143458554, 49.421492167389175 ], [ 35.853220544675693, 49.421142067225553 ] ] ], [ [ [ 35.504231045790725, 50.354619301456822 ], [ 35.48518546364258, 50.357045046823835 ], [ 35.469957515402257, 50.353553261208432 ], [ 35.471563142775416, 50.367826189259397 ], [ 35.467742305423158, 50.37374085021905 ], [ 35.498766947339966, 50.373412475653616 ], [ 35.499862203918504, 50.367843842974736 ], [ 35.506941622907448, 50.363322266325859 ], [ 35.504231045790725, 50.354619301456822 ] ] ], [ [ [ 36.069728453379369, 50.449454488809756 ], [ 36.045156846783676, 50.443654969753908 ], [ 36.02884228853101, 50.445812949164612 ], [ 36.038689781598919, 50.449943148660623 ], [ 36.064854825708238, 50.451911354634333 ], [ 36.069728453379369, 50.449454488809756 ] ] ], [ [ [ 36.083322487283219, 50.447651456677974 ], [ 36.074601545605745, 50.446997459532369 ], [ 36.075166233312295, 50.44873346098457 ], [ 36.083322487283219, 50.447651456677974 ] ] ], [ [ [ 36.086041127660593, 50.447290665236451 ], [ 36.083322487283219, 50.447651456677974 ], [ 36.083887507230095, 50.449387386666913 ], [ 36.086606239855492, 50.44902657310552 ], [ 36.086041127660593, 50.447290665236451 ] ] ], [ [ [ 34.893118798484359, 44.921609799592979 ], [ 34.907320833165834, 44.907244669194981 ], [ 34.906461449818501, 44.903750984040435 ], [ 34.896318146103035, 44.914011734876048 ], [ 34.878364890485287, 44.923439812839902 ], [ 34.856231387682293, 44.926181366350256 ], [ 34.857088397079018, 44.929675796330429 ], [ 34.875591875621183, 44.932784807420774 ], [ 34.88714772299879, 44.938553002831796 ], [ 34.893118798484359, 44.921609799592979 ] ] ], [ [ [ 35.048841926375601, 44.966981886858342 ], [ 35.05058192784189, 44.973964837457764 ], [ 35.065337726284362, 44.972110959665542 ], [ 35.048841926375601, 44.966981886858342 ] ] ], [ [ [ 35.090363765075459, 44.970762487195707 ], [ 35.06779688709954, 44.971801800428167 ], [ 35.068232476187831, 44.973547397536869 ], [ 35.094131701354875, 44.975689002507963 ], [ 35.090363765075459, 44.970762487195707 ] ] ], [ [ [ 35.143642757971421, 44.991045203657102 ], [ 35.15321237794516, 44.998836935900187 ], [ 35.153917479099611, 44.991546041752784 ], [ 35.143642757971421, 44.991045203657102 ] ] ], [ [ [ 34.819720898563205, 45.170150932867841 ], [ 34.793184693600431, 45.155416697881641 ], [ 34.79576524888239, 45.165902372592896 ], [ 34.788893814476737, 45.179352946021062 ], [ 34.802427680180656, 45.172283818241475 ], [ 34.819720898563205, 45.170150932867841 ] ] ], [ [ [ 34.860537601158512, 45.17050758310738 ], [ 34.873012874280228, 45.179766275502587 ], [ 34.88042320719368, 45.178847794205197 ], [ 34.88029555963125, 45.168059811392126 ], [ 34.860537601158512, 45.17050758310738 ] ] ], [ [ [ 35.325276695250011, 45.126374777841185 ], [ 35.334682212083173, 45.123368606423313 ], [ 35.32506532609279, 45.115597831534529 ], [ 35.322392471995606, 45.105136334358015 ], [ 35.303822464600543, 45.102111600415661 ], [ 35.30156640061216, 45.113204041156692 ], [ 35.293049302252093, 45.119695040715676 ], [ 35.293938755065547, 45.123182669959711 ], [ 35.299309952044375, 45.124296590041766 ], [ 35.310261829349365, 45.137300935444436 ], [ 35.315188955879876, 45.136670227647443 ], [ 35.325276695250011, 45.126374777841185 ] ] ], [ [ [ 34.982390733384683, 45.393062030593839 ], [ 34.976994893288179, 45.391934913979341 ], [ 34.977434109931373, 45.393681076955282 ], [ 34.982390733384683, 45.393062030593839 ] ] ], [ [ [ 35.860340215975548, 45.359047375714688 ], [ 35.84335200949247, 45.343294977019042 ], [ 35.827158344016411, 45.340043157044917 ], [ 35.815753265647089, 45.345159647477502 ], [ 35.817610506090787, 45.352118088825549 ], [ 35.830267852628594, 45.36124498235327 ], [ 35.833058199839734, 45.371681888968766 ], [ 35.860340215975548, 45.359047375714688 ] ] ], [ [ [ 35.226053805705241, 46.493986657628156 ], [ 35.223064389902646, 46.492563389755368 ], [ 35.223528660301199, 46.494307336526461 ], [ 35.226053805705241, 46.493986657628156 ] ] ], [ [ [ 35.208634789479525, 46.507014984058593 ], [ 35.221263861018372, 46.505412359376834 ], [ 35.223528660301199, 46.494307336526461 ], [ 35.209768592697344, 46.501462439284076 ], [ 35.208634789479525, 46.507014984058593 ] ] ], [ [ [ 35.340157812884605, 46.578600962960827 ], [ 35.32574552955429, 46.593067304033255 ], [ 35.336148327232749, 46.602555076219055 ], [ 35.345323835500629, 46.597773871347115 ], [ 35.340157812884605, 46.578600962960827 ] ] ], [ [ [ 35.485442390004486, 46.603176428359461 ], [ 35.464590745008636, 46.613085517315696 ], [ 35.465064722562531, 46.614827546250552 ], [ 35.482759878948684, 46.612539842502997 ], [ 35.499350584754119, 46.615802132995029 ], [ 35.485442390004486, 46.603176428359461 ] ] ], [ [ [ 35.502353463338636, 46.617216452626487 ], [ 35.499350584754119, 46.615802132995029 ], [ 35.499825722088445, 46.617543887758657 ], [ 35.502353463338636, 46.617216452626487 ] ] ], [ [ [ 35.807770230769215, 46.633121517993693 ], [ 35.804760081390043, 46.631716463706546 ], [ 35.80524527589867, 46.633455784333371 ], [ 35.807770230769215, 46.633121517993693 ] ] ], [ [ [ 35.761198851855603, 46.691580854609036 ], [ 35.764524437290767, 46.665891625884022 ], [ 35.756943348376986, 46.666891932948538 ], [ 35.753235352351197, 46.681809664038816 ], [ 35.735914611792012, 46.694913978448199 ], [ 35.762064719880904, 46.704092024813825 ], [ 35.766534243377166, 46.710716787287261 ], [ 35.761198851855603, 46.691580854609036 ] ] ], [ [ [ 35.478561141760238, 46.741123235169646 ], [ 35.475550911961278, 46.739708899640689 ], [ 35.476027342075682, 46.741450804533564 ], [ 35.478561141760238, 46.741123235169646 ] ] ], [ [ [ 35.771592214251477, 46.710049070071946 ], [ 35.770034059401127, 46.713862118566148 ], [ 35.772563173538579, 46.713528192562045 ], [ 35.771592214251477, 46.710049070071946 ] ] ], [ [ [ 35.773534313169698, 46.717007297401899 ], [ 35.775092242590013, 46.713194212464664 ], [ 35.772563173538579, 46.713528192562045 ], [ 35.773534313169698, 46.717007297401899 ] ] ], [ [ [ 35.778592708669883, 46.716339202385271 ], [ 35.777035004762425, 46.720152323760225 ], [ 35.779564331226084, 46.719818208829963 ], [ 35.778592708669883, 46.716339202385271 ] ] ], [ [ [ 35.787053451322606, 46.727847053521025 ], [ 35.779564331226084, 46.719818208829963 ], [ 35.781994177291409, 46.728515647636328 ], [ 35.787053451322606, 46.727847053521025 ] ] ], [ [ [ 35.489829206710432, 46.763111535089493 ], [ 35.488397633680115, 46.757886152640538 ], [ 35.482374788197255, 46.755058162071947 ], [ 35.479037692369587, 46.742865115974737 ], [ 35.453696939915226, 46.746138560768031 ], [ 35.458933537631879, 46.765301147440198 ], [ 35.453708830919254, 46.774993166854898 ], [ 35.464327694991724, 46.77542581374054 ], [ 35.47939055068894, 46.782497188581367 ], [ 35.483835874026028, 46.789136668915937 ], [ 35.487474972451608, 46.783255240911863 ], [ 35.484133439102841, 46.771062534542082 ], [ 35.489829206710432, 46.763111535089493 ] ] ], [ [ [ 35.501151454868776, 46.813950091244088 ], [ 35.498136122514516, 46.812536843224365 ], [ 35.4986144948695, 46.81427854864846 ], [ 35.501151454868776, 46.813950091244088 ] ] ], [ [ [ 35.711454167910674, 46.79553154051613 ], [ 35.726169837383992, 46.791792389650837 ], [ 35.727247013347707, 46.78623933783647 ], [ 35.709514741497046, 46.788571420145118 ], [ 35.68731031129051, 46.78427256555706 ], [ 35.674758561203731, 46.776900387469574 ], [ 35.657508031261493, 46.780964440686546 ], [ 35.678143806276267, 46.78908251719092 ], [ 35.692152342978297, 46.801674519719796 ], [ 35.693605830803001, 46.806895020513203 ], [ 35.711454167910674, 46.79553154051613 ] ] ], [ [ [ 36.014118778197378, 46.760728214569738 ], [ 36.011096297574916, 46.759330124356111 ], [ 36.0115902962661, 46.761067737612173 ], [ 36.014118778197378, 46.760728214569738 ] ] ], [ [ [ 35.517667838756829, 46.826239521282339 ], [ 35.514651378886768, 46.824826838627452 ], [ 35.5151304900672, 46.826568410286995 ], [ 35.517667838756829, 46.826239521282339 ] ] ], [ [ [ 36.046282086605821, 46.790679967082035 ], [ 36.044248180560231, 46.79275770372584 ], [ 36.046777758834658, 46.792417284087641 ], [ 36.046282086605821, 46.790679967082035 ] ] ], [ [ [ 36.047273477083799, 46.794154596528955 ], [ 36.04930729108878, 46.792076810411189 ], [ 36.046777758834658, 46.792417284087641 ], [ 36.047273477083799, 46.794154596528955 ] ] ], [ [ [ 36.055358153175618, 46.794870197949834 ], [ 36.052332646611369, 46.793473554037327 ], [ 36.05282856194443, 46.795210820808308 ], [ 36.055358153175618, 46.794870197949834 ] ] ], [ [ [ 36.060913385426474, 46.795925990644655 ], [ 36.057887698357241, 46.794529521054926 ], [ 36.058383810783546, 46.796266742137973 ], [ 36.060913385426474, 46.795925990644655 ] ] ], [ [ [ 36.066468781545879, 46.796981480363662 ], [ 36.063442914002096, 46.795585185117098 ], [ 36.063939223530916, 46.797322360494675 ], [ 36.066468781545879, 46.796981480363662 ] ] ], [ [ [ 35.636278652441248, 46.893773161708339 ], [ 35.641710416321928, 46.86600509458755 ], [ 35.626482995672248, 46.867995388976922 ], [ 35.60424634122267, 46.863682681344763 ], [ 35.58914460755728, 46.856632355381819 ], [ 35.575140154978065, 46.844025988253108 ], [ 35.572252771197974, 46.833579367980683 ], [ 35.54893717805038, 46.834807353371993 ], [ 35.526718135880756, 46.830476977565006 ], [ 35.526238584969725, 46.828735498430561 ], [ 35.523701217251215, 46.829064590761917 ], [ 35.52322178744388, 46.827323087413021 ], [ 35.520684451544106, 46.827652105330777 ], [ 35.520205142827656, 46.825910577773413 ], [ 35.517667838756829, 46.826239521282339 ], [ 35.524660210796462, 46.832547584553595 ], [ 35.529457858462905, 46.849962295268256 ], [ 35.53549475708688, 46.852786388751049 ], [ 35.544896677543925, 46.867799449559357 ], [ 35.579698271701083, 46.879508190980225 ], [ 35.584166474489898, 46.886141647644507 ], [ 35.592749704386001, 46.888631153776004 ], [ 35.603749216467158, 46.899824201100174 ], [ 35.61342455629358, 46.896758121677514 ], [ 35.631684330111256, 46.896177496753602 ], [ 35.64027074599759, 46.898662919058133 ], [ 35.636278652441248, 46.893773161708339 ] ] ], [ [ [ 35.83067831165414, 46.864576673770777 ], [ 35.803364594326936, 46.860977526377788 ], [ 35.793129576569299, 46.871350801007587 ], [ 35.810882257542119, 46.869002617138122 ], [ 35.822494980590335, 46.8728769464282 ], [ 35.830102728474252, 46.871868931319256 ], [ 35.83067831165414, 46.864576673770777 ] ] ], [ [ [ 35.976984146846604, 46.870341750264721 ], [ 35.967836674592185, 46.875174516793088 ], [ 35.970310154488438, 46.883864124134362 ], [ 35.982983376556831, 46.882167156544405 ], [ 35.980507997073339, 46.873478061497806 ], [ 35.976984146846604, 46.870341750264721 ] ] ], [ [ [ 36.237096283974473, 46.923605220081456 ], [ 36.250782581603602, 46.916325157568771 ], [ 36.252306563527554, 46.912508313456193 ], [ 36.237626511322119, 46.90729311667836 ], [ 36.209317708189459, 46.88227915493119 ], [ 36.207810421321781, 46.877071271576312 ], [ 36.187077909196908, 46.869064519823759 ], [ 36.172943138458528, 46.856550038544185 ], [ 36.164906074519998, 46.837794218110915 ], [ 36.145693950945059, 46.834986605737932 ], [ 36.120960224839436, 46.822097726316592 ], [ 36.106854709044207, 46.809571898514342 ], [ 36.099846252124756, 46.794282005204153 ], [ 36.09022699637552, 46.797385053345252 ], [ 36.089729839666354, 46.795648092994597 ], [ 36.072024341463639, 46.798036667083608 ], [ 36.071527759314421, 46.796299558008194 ], [ 36.066468781545879, 46.796981480363662 ], [ 36.087654083213224, 46.806752753348221 ], [ 36.101754648169397, 46.819281607175846 ], [ 36.108270320199729, 46.832834314409993 ], [ 36.117857052683576, 46.838754896220664 ], [ 36.124380310743405, 46.852306036668402 ], [ 36.123311492684003, 46.866884393671796 ], [ 36.142535491206232, 46.869694754337814 ], [ 36.169831108993705, 46.882232339012837 ], [ 36.183973656765005, 46.894746667856388 ], [ 36.196555199356709, 46.929124433021173 ], [ 36.237096283974473, 46.923605220081456 ] ] ], [ [ [ 36.5726309059309, 46.980200948402775 ], [ 36.589786952475372, 46.966977783201088 ], [ 36.580129318265769, 46.961106529526212 ], [ 36.573988877618291, 46.949329569756024 ], [ 36.571836021000955, 46.924363146935157 ], [ 36.546418218976136, 46.900834843979915 ], [ 36.531721693518101, 46.895661635730143 ], [ 36.500739171892022, 46.862070700162853 ], [ 36.489635548889119, 46.869025256634771 ], [ 36.467394023291064, 46.873912835575652 ], [ 36.449184589182693, 46.874628936135956 ], [ 36.426916963292904, 46.870489041411027 ], [ 36.411729109312176, 46.863563449800154 ], [ 36.397549096305177, 46.851083596627532 ], [ 36.388421741816458, 46.828884203761191 ], [ 36.38033297866059, 46.828194007751677 ], [ 36.362130009860778, 46.819872984233704 ], [ 36.347974740493349, 46.807384353344546 ], [ 36.342920614776354, 46.790035842161778 ], [ 36.321198473188645, 46.787604774403313 ], [ 36.303018316187462, 46.779271525018011 ], [ 36.302010996653102, 46.775801096641899 ], [ 36.293426946954554, 46.773368258610439 ], [ 36.279301276057133, 46.76086784076692 ], [ 36.277793621797493, 46.755661584767125 ], [ 36.255584419711226, 46.751480214555698 ], [ 36.234400235589497, 46.741742305913633 ], [ 36.223322000456591, 46.730623919153743 ], [ 36.208173828783117, 46.732686965731659 ], [ 36.185977065634923, 46.728489949530662 ], [ 36.170859123974445, 46.721523572690543 ], [ 36.169862311071846, 46.718050925753687 ], [ 36.149202728693076, 46.710029956895568 ], [ 36.134630972478334, 46.695769102461313 ], [ 36.128052116606, 46.700267777339214 ], [ 36.110381025235526, 46.702658577099612 ], [ 36.112862524843479, 46.711342625699899 ], [ 36.127474369821208, 46.716581409651056 ], [ 36.141553869543081, 46.729106350301471 ], [ 36.143047009045574, 46.734316002140446 ], [ 36.170826806052823, 46.730547979676928 ], [ 36.193023989118956, 46.73474807559257 ], [ 36.222775976221108, 46.746934954823558 ], [ 36.230831641693378, 46.756661651337794 ], [ 36.235882912766513, 46.755972916207654 ], [ 36.251018440940662, 46.762928420802382 ], [ 36.265138881606205, 46.775433159182725 ], [ 36.267148941782224, 46.782375220228587 ], [ 36.284822664465707, 46.788979541060222 ], [ 36.306029364606061, 46.807726903180871 ], [ 36.3085514691764, 46.816402724580435 ], [ 36.332812913061588, 46.82750981744865 ], [ 36.350512417782284, 46.843122524694124 ], [ 36.358614310792433, 46.861857292902251 ], [ 36.376325474214653, 46.868442892853437 ], [ 36.380885848367626, 46.875032882483659 ], [ 36.408706562927868, 46.871198406557127 ], [ 36.436541178837444, 46.876377257516396 ], [ 36.45173566586756, 46.883298688680121 ], [ 36.462386482330281, 46.892651898296975 ], [ 36.472503101366918, 46.8912506964381 ], [ 36.494781429664158, 46.895380039624413 ], [ 36.513029646375053, 46.903674121040098 ], [ 36.533850928617163, 46.920630813997924 ], [ 36.540018145312729, 46.941429318461296 ], [ 36.553228132056717, 46.950418628023094 ], [ 36.55683296542027, 46.962549968578337 ], [ 36.57056740208084, 46.973269336946416 ], [ 36.5726309059309, 46.980200948402775 ] ] ], [ [ [ 36.07827888743288, 46.975812222338533 ], [ 36.070745132650835, 46.958783887351466 ], [ 36.050446840700303, 46.96151730627431 ], [ 36.046369090799587, 46.965674659428728 ], [ 36.029102111556767, 46.969800482302276 ], [ 35.982911668892157, 46.974192470141539 ], [ 35.960614867404267, 46.969959168738413 ], [ 35.945442143182483, 46.962965675435882 ], [ 35.940922508763158, 46.956352316316213 ], [ 35.936276849016821, 46.967798130378725 ], [ 35.927604749546042, 46.974368255156172 ], [ 35.961110877355452, 46.971697129645662 ], [ 35.983408474689881, 46.975930248662294 ], [ 35.989977439362384, 46.980463219322239 ], [ 36.007749925202305, 46.978080322842594 ], [ 36.024974500471039, 46.982985497055367 ], [ 36.07827888743288, 46.975812222338533 ] ] ], [ [ [ 35.886259252408045, 47.005135948043595 ], [ 35.897551665612134, 46.989199024452553 ], [ 35.864520009565432, 46.993591281278377 ], [ 35.842218675869987, 46.989334001927176 ], [ 35.827051894695856, 46.982323146707799 ], [ 35.819020118949304, 46.972561716358648 ], [ 35.807298084909455, 46.97772137782048 ], [ 35.801061470849127, 46.992979661611592 ], [ 35.792366368572573, 46.999541579146914 ], [ 35.809094212432001, 47.002742497759328 ], [ 35.821805048757767, 47.001060162920282 ], [ 35.839026836152726, 47.005995336429287 ], [ 35.874611512171036, 47.001271808095069 ], [ 35.886259252408045, 47.005135948043595 ] ] ], [ [ [ 36.324766313115035, 47.007259996795142 ], [ 36.336930964724843, 46.994763168121054 ], [ 36.339458848342019, 46.985392907629951 ], [ 36.321208411760118, 46.995115153060716 ], [ 36.278092939019075, 47.001017295387726 ], [ 36.269465885241523, 47.007610036405829 ], [ 36.304979569846537, 47.002752746979837 ], [ 36.324766313115035, 47.007259996795142 ] ] ], [ [ [ 36.568790926057588, 47.020444013335073 ], [ 36.558185636094422, 47.029141730122838 ], [ 36.559218505867541, 47.032607721347624 ], [ 36.57034086182793, 47.025642732186284 ], [ 36.568790926057588, 47.020444013335073 ] ] ], [ [ [ 36.559735012734606, 47.034340709654963 ], [ 36.556683817123883, 47.032960821876365 ], [ 36.557200248288034, 47.034693831455158 ], [ 36.559735012734606, 47.034340709654963 ] ] ], [ [ [ 36.551191464201246, 47.049970359430482 ], [ 36.548139417433191, 47.04859030376906 ], [ 36.548655853810153, 47.050323380742512 ], [ 36.551191464201246, 47.049970359430482 ] ] ], [ [ [ 35.841486247161384, 47.200547506193331 ], [ 35.80995311585, 47.192089818305107 ], [ 35.807819900965704, 47.203199300254283 ], [ 35.814980009673867, 47.200447828986604 ], [ 35.841486247161384, 47.200547506193331 ] ] ], [ [ [ 36.442007543204902, 47.180637582686025 ], [ 36.438949127135054, 47.179254965273067 ], [ 36.439464371800355, 47.180988920563628 ], [ 36.442007543204902, 47.180637582686025 ] ] ], [ [ [ 36.509147890832523, 47.174950429716318 ], [ 36.503546443396075, 47.173922552746951 ], [ 36.504063694939532, 47.175655967823893 ], [ 36.509147890832523, 47.174950429716318 ] ] ], [ [ [ 36.498979306366188, 47.176361288207218 ], [ 36.504580994653089, 47.177389378038981 ], [ 36.504063694939532, 47.175655967823893 ], [ 36.498979306366188, 47.176361288207218 ] ] ], [ [ [ 36.447093741983579, 47.179934743463043 ], [ 36.442007543204902, 47.180637582686025 ], [ 36.447644060913625, 47.190689566382368 ], [ 36.459329163627089, 47.185463590614795 ], [ 36.458297267321207, 47.181996010594503 ], [ 36.447093741983579, 47.179934743463043 ] ] ], [ [ [ 36.114470958297382, 47.265092919713162 ], [ 36.108862526136974, 47.264045249068921 ], [ 36.109368510355715, 47.26578191317823 ], [ 36.114470958297382, 47.265092919713162 ] ] ], [ [ [ 36.109368510355715, 47.26578191317823 ], [ 36.083348225239831, 47.267486712872795 ], [ 36.066018867540194, 47.262600921204111 ], [ 36.051212274521212, 47.266397825589408 ], [ 36.084358693041125, 47.270960452240658 ], [ 36.094036375050791, 47.276875638714301 ], [ 36.109368510355715, 47.26578191317823 ] ] ], [ [ [ 36.440775208584164, 47.256626540372274 ], [ 36.437195284354303, 47.253510386488983 ], [ 36.438228385097588, 47.256978277481586 ], [ 36.440775208584164, 47.256626540372274 ] ] ], [ [ [ 36.552492437769757, 47.275439696554066 ], [ 36.601385954789187, 47.270429696620056 ], [ 36.600798807138801, 47.259678912909038 ], [ 36.579916188178963, 47.260787123266098 ], [ 36.575867906163538, 47.264962346684243 ], [ 36.55347673200459, 47.269886431554525 ], [ 36.535133196814186, 47.270632381569378 ], [ 36.523388687686854, 47.266848059756406 ], [ 36.51065672651994, 47.268615668185163 ], [ 36.521881451431966, 47.270668169658457 ], [ 36.541321275721522, 47.282410006057844 ], [ 36.552492437769757, 47.275439696554066 ] ] ], [ [ [ 35.662701014742829, 47.420799098486768 ], [ 35.659642974652996, 47.419394135647885 ], [ 35.660136923886675, 47.421134381354911 ], [ 35.662701014742829, 47.420799098486768 ] ] ], [ [ [ 35.898239514022031, 47.416812206066453 ], [ 35.929566556160069, 47.396396404468206 ], [ 35.93980509115363, 47.395031384216772 ], [ 35.953149081400319, 47.386030632453739 ], [ 35.938846137229675, 47.382523986024658 ], [ 35.920932366455467, 47.384911566895333 ], [ 35.909691757379349, 47.38279818587953 ], [ 35.910694891704246, 47.386274682214541 ], [ 35.893224463388108, 47.399428625374547 ], [ 35.898239514022031, 47.416812206066453 ] ] ], [ [ [ 35.9280994108587, 47.483237914120615 ], [ 35.909695115645661, 47.474857134661939 ], [ 35.895418566644793, 47.462314580003458 ], [ 35.893409159163255, 47.45536116559451 ], [ 35.877922141301326, 47.475469678916724 ], [ 35.863539551482241, 47.480988384878046 ], [ 35.876810732929073, 47.490058440454654 ], [ 35.90502184179028, 47.486309899196605 ], [ 35.922422316514862, 47.491214915103726 ], [ 35.9280994108587, 47.483237914120615 ] ] ], [ [ [ 35.759274044825432, 47.507400723923169 ], [ 35.744368622273953, 47.511166869477641 ], [ 35.743296011699293, 47.516723136111651 ], [ 35.736588806625832, 47.521214978418946 ], [ 35.737585365593766, 47.524694176930318 ], [ 35.746785791582219, 47.528899885824607 ], [ 35.759127839968862, 47.525470926358075 ], [ 35.755635622748514, 47.51329486099042 ], [ 35.759274044825432, 47.507400723923169 ] ] ], [ [ [ 36.604510922006028, 47.412637287989341 ], [ 36.614719664072034, 47.411211706101632 ], [ 36.613669396008611, 47.407746877028949 ], [ 36.604963766960104, 47.405351038962856 ], [ 36.604510922006028, 47.412637287989341 ] ] ], [ [ [ 35.963117861366278, 47.56702717333728 ], [ 35.950316486466114, 47.559708703335914 ], [ 35.942069430984006, 47.56803000418769 ], [ 35.963117861366278, 47.56702717333728 ] ] ], [ [ [ 35.610127439102442, 47.638843754455479 ], [ 35.621111419317643, 47.621166756984579 ], [ 35.610909240483949, 47.613469997107167 ], [ 35.605954838435665, 47.596064003758713 ], [ 35.577645878837366, 47.599745264910638 ], [ 35.577936902774262, 47.619563326468722 ], [ 35.587641060567073, 47.625522751991426 ], [ 35.593585734545016, 47.646411526591962 ], [ 35.604881043619088, 47.648552492141285 ], [ 35.612112163229916, 47.645806021679988 ], [ 35.610127439102442, 47.638843754455479 ] ] ], [ [ [ 36.198641864963477, 47.560598572146176 ], [ 36.216067968315691, 47.547398254944987 ], [ 36.202221103414942, 47.545667792783519 ], [ 36.189911365288367, 47.540115918734173 ], [ 36.172478173895954, 47.544284842771695 ], [ 36.183250474171388, 47.553658358305562 ], [ 36.189416761570747, 47.574489647270092 ], [ 36.198641864963477, 47.560598572146176 ] ] ], [ [ [ 36.417012033830147, 47.541571078790284 ], [ 36.430811959777884, 47.534251377082306 ], [ 36.429769283542001, 47.530783526517489 ], [ 36.424648823190381, 47.531489521766403 ], [ 36.403082757540012, 47.521819794371879 ], [ 36.395362668062354, 47.513853445413019 ], [ 36.381041956102749, 47.519434284384573 ], [ 36.392441620585664, 47.548565080969432 ], [ 36.399084789664663, 47.544039522132699 ], [ 36.417012033830147, 47.541571078790284 ] ] ], [ [ [ 36.189942946939816, 47.594280592491522 ], [ 36.185833595345606, 47.589420817630391 ], [ 36.187376702331896, 47.594628608222656 ], [ 36.189942946939816, 47.594280592491522 ] ] ], [ [ [ 35.830777573291179, 47.718214789645465 ], [ 35.831892480366029, 47.703623218566285 ], [ 35.813860002476098, 47.706006119619168 ], [ 35.791235397482303, 47.701769661221057 ], [ 35.77583987475893, 47.694771267585544 ], [ 35.761518443865988, 47.68221333363514 ], [ 35.759511317321156, 47.675255872482616 ], [ 35.751215328246111, 47.683568550407074 ], [ 35.732610886837087, 47.693234667374526 ], [ 35.724880965033051, 47.694249392341128 ], [ 35.748435345681884, 47.711015166224009 ], [ 35.751950131944291, 47.723191221678086 ], [ 35.758110642478144, 47.725992020633122 ], [ 35.776154662062304, 47.723617137033507 ], [ 35.793633776844231, 47.728535710810313 ], [ 35.803943742086524, 47.72717572487192 ], [ 35.812739966723726, 47.720598060830476 ], [ 35.830777573291179, 47.718214789645465 ] ] ], [ [ [ 36.632956378012224, 47.61996506126102 ], [ 36.642674072420874, 47.616800147704708 ], [ 36.641614377918962, 47.613335913889379 ], [ 36.633929442119737, 47.614410405382458 ], [ 36.632956378012224, 47.61996506126102 ] ] ], [ [ [ 36.253467752318187, 47.762624824208537 ], [ 36.250374445167303, 47.761239835405476 ], [ 36.250894015197112, 47.762975186680613 ], [ 36.253467752318187, 47.762624824208537 ] ] ], [ [ [ 36.262255102702589, 47.774070811079255 ], [ 36.253987450440739, 47.764360149490876 ], [ 36.257106665468477, 47.774772000074279 ], [ 36.262255102702589, 47.774070811079255 ] ] ], [ [ [ 36.841003782569594, 48.091199063690766 ], [ 36.83787575095333, 48.089834145460472 ], [ 36.838421076847432, 48.091564450247802 ], [ 36.841003782569594, 48.091199063690766 ] ] ], [ [ [ 36.093101499687805, 48.250381778408268 ], [ 36.089978304605921, 48.248994653763859 ], [ 36.090501400987762, 48.250731179565378 ], [ 36.093101499687805, 48.250381778408268 ] ] ], [ [ [ 36.071776797643231, 48.251438719670027 ], [ 36.053581955036933, 48.262912688698059 ], [ 36.075945129511759, 48.256299682173996 ], [ 36.086870151546918, 48.256639486757294 ], [ 36.090501400987762, 48.250731179565378 ], [ 36.071776797643231, 48.251438719670027 ] ] ], [ [ [ 36.054104073622142, 48.264649507846578 ], [ 36.050980737015557, 48.263261263224003 ], [ 36.051502773839154, 48.26499810350284 ], [ 36.054104073622142, 48.264649507846578 ] ] ], [ [ [ 36.014067274415289, 48.338666828221434 ], [ 35.996870588534577, 48.344576754167946 ], [ 35.995829492646926, 48.35013630157821 ], [ 36.019813818989306, 48.357774872804008 ], [ 36.014067274415289, 48.338666828221434 ] ] ], [ [ [ 36.062604267553724, 48.382766339161478 ], [ 36.051650882918594, 48.382426881284744 ], [ 36.035995322774049, 48.375487566515908 ], [ 36.04175750811509, 48.394593524341758 ], [ 36.061046194044465, 48.386589217701562 ], [ 36.062604267553724, 48.382766339161478 ] ] ], [ [ [ 35.995487957774543, 48.583297224648526 ], [ 36.011694802080406, 48.564869948573438 ], [ 36.010116363817012, 48.559658706967944 ], [ 36.003843100471485, 48.565917487615494 ], [ 35.989189389481808, 48.571485527591413 ], [ 35.995487957774543, 48.583297224648526 ] ] ], [ [ [ 35.996540070862011, 48.586771614521986 ], [ 35.992869623856024, 48.583646191378719 ], [ 35.99392157032603, 48.587120623628621 ], [ 35.996540070862011, 48.586771614521986 ] ] ], [ [ [ 35.996038510515859, 48.603104473582697 ], [ 35.992366643912831, 48.599979127263396 ], [ 35.993419159499481, 48.603453557990754 ], [ 35.996038510515859, 48.603104473582697 ] ] ], [ [ [ 36.025997958172823, 48.647907679280308 ], [ 36.011290731710524, 48.635411057168163 ], [ 35.996564926949439, 48.604841660557732 ], [ 35.990799758317515, 48.60380258466391 ], [ 35.989244438580762, 48.616661266345901 ], [ 36.002885839805138, 48.625687529940222 ], [ 36.009197349942205, 48.63749773464334 ], [ 36.009230999690146, 48.65556771484971 ], [ 36.025997958172823, 48.647907679280308 ] ] ], [ [ [ 35.845010250980359, 48.671922202265691 ], [ 35.841863127160401, 48.670529796719897 ], [ 35.842385489036907, 48.672268211187955 ], [ 35.845010250980359, 48.671922202265691 ] ] ], [ [ [ 36.451290825210869, 49.141856013910207 ], [ 36.476476569026261, 49.125734874110755 ], [ 36.504967265331203, 49.120006873288041 ], [ 36.495939934385298, 49.117631299579507 ], [ 36.494833158237952, 49.114165477432884 ], [ 36.483720348434581, 49.11388493685422 ], [ 36.467757852508342, 49.107033432412358 ], [ 36.435616682771467, 49.075264713152649 ], [ 36.419345676112421, 49.084729232798914 ], [ 36.406148738710726, 49.086535241418382 ], [ 36.417704270017055, 49.122941118875914 ], [ 36.439501534208034, 49.130809412916236 ], [ 36.451290825210869, 49.141856013910207 ] ] ], [ [ [ 36.979875615527284, 49.055362937756044 ], [ 36.965797788404821, 49.062792583943455 ], [ 36.936853220504112, 49.066899835711936 ], [ 36.930660914664671, 49.073206461280783 ], [ 36.949652145005885, 49.072323366627252 ], [ 36.953778641427533, 49.068118438742509 ], [ 36.984782944696171, 49.061903988262735 ], [ 36.979875615527284, 49.055362937756044 ] ] ], [ [ [ 36.987983093119652, 49.063258556152284 ], [ 36.984782944696171, 49.061903988262735 ], [ 36.985352307706087, 49.063632740639235 ], [ 36.987983093119652, 49.063258556152284 ] ] ], [ [ [ 36.831764073758372, 49.192133080225169 ], [ 36.824402631827056, 49.169642174944556 ], [ 36.830428088823275, 49.154317135160163 ], [ 36.817804598487115, 49.157902197380892 ], [ 36.790292771817597, 49.158147056189847 ], [ 36.778792683668897, 49.165188983466017 ], [ 36.749761533363383, 49.169255508713277 ], [ 36.771238326445769, 49.184344094441499 ], [ 36.778014437724323, 49.205110370166246 ], [ 36.788012822173172, 49.201898671684212 ], [ 36.81290941310796, 49.202022945477374 ], [ 36.831764073758372, 49.192133080225169 ] ] ], [ [ [ 37.154453261360501, 49.240376574923118 ], [ 37.162431125884268, 49.222936580998322 ], [ 37.120233503843721, 49.228994595423302 ], [ 37.09624634398056, 49.223379394177648 ], [ 37.051395533289039, 49.229789881115209 ], [ 37.027986759801806, 49.225887477684893 ], [ 37.011923900852771, 49.219124631731198 ], [ 36.996785549437796, 49.206797998826296 ], [ 36.990140540576824, 49.195072633420644 ], [ 36.987058138697563, 49.177410863174671 ], [ 36.993030138944505, 49.162082016493095 ], [ 36.985122122778193, 49.163206399050047 ], [ 36.961749280414644, 49.159286537107093 ], [ 36.965173199004695, 49.169659993073253 ], [ 36.975367749470287, 49.175452125095589 ], [ 36.982005538728416, 49.187178873042676 ], [ 36.984515369790451, 49.20311227780514 ], [ 36.98038292789407, 49.207319505176685 ], [ 36.991733302516444, 49.216566703351667 ], [ 36.999756302737289, 49.240767260033053 ], [ 37.007676116953505, 49.239640574667341 ], [ 37.019957490223426, 49.243322728094896 ], [ 37.039925176526744, 49.236856821158888 ], [ 37.062188673687722, 49.237300069620495 ], [ 37.087423292274543, 49.230072724857521 ], [ 37.109104830303473, 49.228779151427467 ], [ 37.132517759492089, 49.232663773379599 ], [ 37.149177263133815, 49.241134472096931 ], [ 37.154453261360501, 49.240376574923118 ] ] ], [ [ [ 36.800291499226631, 49.306955428984651 ], [ 36.797077590552007, 49.305596381741672 ], [ 36.797645290128848, 49.307326677482969 ], [ 36.800291499226631, 49.306955428984651 ] ] ], [ [ [ 36.689928358965531, 49.579409728969374 ], [ 36.677571698510981, 49.575696508128516 ], [ 36.673953364830574, 49.581630074654981 ], [ 36.66862792756708, 49.582369715870364 ], [ 36.669765430325683, 49.585832327983525 ], [ 36.68098596070152, 49.586083836635012 ], [ 36.689928358965531, 49.579409728969374 ] ] ], [ [ [ 36.646057247703325, 49.683260401483494 ], [ 36.663208714566004, 49.684503265120988 ], [ 36.670257890260956, 49.688956587959481 ], [ 36.680931732403231, 49.687474603885008 ], [ 36.67426658327463, 49.675726667744499 ], [ 36.644917509495507, 49.679797444579236 ], [ 36.646057247703325, 49.683260401483494 ] ] ], [ [ [ 36.600511138768063, 49.952105658513297 ], [ 36.580002681609315, 49.949499645204924 ], [ 36.581721763236636, 49.954695481388761 ], [ 36.590921552472871, 49.957049646882005 ], [ 36.595326909111655, 49.961875112374564 ], [ 36.60069602289218, 49.961134756910667 ], [ 36.600511138768063, 49.952105658513297 ] ] ], [ [ [ 36.603954534885403, 49.96249623897144 ], [ 36.60069602289218, 49.961134756910667 ], [ 36.601269972819459, 49.962866529499337 ], [ 36.603954534885403, 49.96249623897144 ] ] ], [ [ [ 36.881700696453812, 49.961858453425663 ], [ 36.8966156790732, 49.95613843253291 ], [ 36.892526071355235, 49.944033523152775 ], [ 36.898571138534962, 49.928691688534407 ], [ 36.903344473520669, 49.926208467817375 ], [ 36.88761696743201, 49.921175632495995 ], [ 36.882259868582636, 49.92192882422377 ], [ 36.883080969689708, 49.932681689924287 ], [ 36.877030413530726, 49.948023236520484 ], [ 36.855472735494523, 49.967352475671262 ], [ 36.836349426143684, 49.977278979462071 ], [ 36.875993396906686, 49.969906158353638 ], [ 36.881700696453812, 49.961858453425663 ] ] ], [ [ [ 36.616619301548205, 50.152730419827982 ], [ 36.613345983573829, 50.151370412797583 ], [ 36.613924268284308, 50.153102022602177 ], [ 36.616619301548205, 50.152730419827982 ] ] ], [ [ [ 37.007062450118845, 50.214145963334829 ], [ 37.003181896225186, 50.211070448488691 ], [ 37.004369166023402, 50.214526954774477 ], [ 37.007062450118845, 50.214145963334829 ] ] ], [ [ [ 36.682077525119418, 50.246942425624205 ], [ 36.689074119496105, 50.267714057808483 ], [ 36.69775914862219, 50.268322856477852 ], [ 36.692874871354917, 50.245447311013706 ], [ 36.682077525119418, 50.246942425624205 ] ] ], [ [ [ 37.021959620275567, 50.241033920747419 ], [ 37.018670254112834, 50.239687291300726 ], [ 37.019265022436954, 50.241415404689512 ], [ 37.021959620275567, 50.241033920747419 ] ] ], [ [ [ 37.317482177112453, 50.285798754370461 ], [ 37.301322748700251, 50.288129339012499 ], [ 37.295665608824429, 50.296196577882661 ], [ 37.285494976652238, 50.299474520534091 ], [ 37.286706420690955, 50.302926042798518 ], [ 37.295395588923213, 50.303487472493671 ], [ 37.30260332223002, 50.307887823408358 ], [ 37.321463469617484, 50.305167619569595 ], [ 37.336756094305244, 50.308398771225889 ], [ 37.325030021559066, 50.299213647234986 ], [ 37.317482177112453, 50.285798754370461 ] ] ], [ [ [ 36.272728901098112, 45.242110199150488 ], [ 36.288497413400208, 45.234545207512888 ], [ 36.290000316429882, 45.230736710757924 ], [ 36.28461056496387, 45.229674655459583 ], [ 36.270974554329413, 45.217134116683702 ], [ 36.264236520975743, 45.201846713007342 ], [ 36.251958210238563, 45.203527142090202 ], [ 36.229937852783046, 45.197531810284019 ], [ 36.219080985958207, 45.20441756629824 ], [ 36.202360354420712, 45.208499627308335 ], [ 36.177319478758442, 45.210109570284281 ], [ 36.163616363452114, 45.206570417875781 ], [ 36.155583059708299, 45.22387235427658 ], [ 36.156528398277565, 45.227346126937874 ], [ 36.19093492110224, 45.222664540995659 ], [ 36.212489294822483, 45.226930583169839 ], [ 36.22714927419517, 45.23393526995531 ], [ 36.244666705840338, 45.251354528389463 ], [ 36.255527518325437, 45.244465345904651 ], [ 36.272728901098112, 45.242110199150488 ] ] ], [ [ [ 36.128424148811227, 45.330228880008882 ], [ 36.143766071159355, 45.320941654467617 ], [ 36.129087965616577, 45.313927172672628 ], [ 36.127003690653609, 45.325017613546265 ], [ 36.119046359271735, 45.333301728272687 ], [ 36.126908491066359, 45.334037074626075 ], [ 36.128424148811227, 45.330228880008882 ] ] ], [ [ [ 38.26915333610922, 47.067685585467643 ], [ 38.301569932463849, 47.030116303314671 ], [ 38.300424835927252, 47.026681298235268 ], [ 38.314568642954974, 47.013635558210993 ], [ 38.3134233717821, 47.010200786672257 ], [ 38.325622721964088, 46.999263613675474 ], [ 38.324477317034074, 46.995829040671779 ], [ 38.336671387177532, 46.984891454050818 ], [ 38.337462200786895, 46.979347927987703 ], [ 38.331871500598531, 46.97841456139021 ], [ 38.323991990990947, 46.970611715048875 ], [ 38.315321662237317, 46.968351612719296 ], [ 38.307446295679114, 46.960547124891129 ], [ 38.288969231462971, 46.952587694304263 ], [ 38.281100407869317, 46.944780598140049 ], [ 38.272435720690098, 46.942516370683677 ], [ 38.264571034657095, 46.934707636614981 ], [ 38.255908541693529, 46.9324418180328 ], [ 38.248047991080448, 46.924631447444263 ], [ 38.239387692081486, 46.922364038711173 ], [ 38.231531274746892, 46.914552032986677 ], [ 38.22287316945976, 46.912283035077373 ], [ 38.215020883261509, 46.904469395600067 ], [ 38.196576402519099, 46.896490431629246 ], [ 38.188730640626723, 46.888674196063874 ], [ 38.180078173524073, 46.886401087065742 ], [ 38.178946569477837, 46.882963733691632 ], [ 38.139831301235475, 46.860110685581574 ], [ 38.10555803064706, 46.859977903091121 ], [ 38.056500673699716, 46.854881489572577 ], [ 38.046472189103994, 46.856421248422876 ], [ 37.997417227717641, 46.851297314610683 ], [ 37.987386239991459, 46.852831805958402 ], [ 37.94641593843096, 46.848253728089674 ], [ 37.936382789436919, 46.849783672905119 ], [ 37.895414540363852, 46.845185733725572 ], [ 37.885379242817194, 46.846711130626453 ], [ 37.852495142927481, 46.84267384510396 ], [ 37.842458030607958, 46.844195415911308 ], [ 37.801493622429703, 46.83956091765662 ], [ 37.791454384978593, 46.841077938028171 ], [ 37.758574049198835, 46.837011238057357 ], [ 37.713693738819984, 46.836544677983539 ], [ 37.680816497865372, 46.83245364716042 ], [ 37.670772216460627, 46.833959903848438 ], [ 37.637896762663608, 46.829855441513061 ], [ 37.619768755299319, 46.830760325670624 ], [ 37.608954498141671, 46.821542692097658 ], [ 37.587008412011585, 46.810373881822301 ], [ 37.585917658510411, 46.806925652690005 ], [ 37.570637730234566, 46.800175924993205 ], [ 37.569548411099255, 46.796727396123288 ], [ 37.560927213407176, 46.794400506747778 ], [ 37.553185485808953, 46.786525986478871 ], [ 37.544566504271003, 46.784197535409149 ], [ 37.536828880109745, 46.776321426105746 ], [ 37.528212114402443, 46.773991414320676 ], [ 37.520478591469676, 46.766113717351985 ], [ 37.511864041267991, 46.763782145830248 ], [ 37.504134617354723, 46.755902862564668 ], [ 37.49552228233204, 46.753569732284724 ], [ 37.48779695522871, 46.745688864089985 ], [ 37.479186835056865, 46.74335417603011 ], [ 37.471465602553408, 46.735471724273118 ], [ 37.46285769690266, 46.733135479411395 ], [ 37.455140556788436, 46.725251445458284 ], [ 37.446534865327472, 46.722913644772653 ], [ 37.438821815391321, 46.715028029988822 ], [ 37.38613650839465, 46.697528600493712 ], [ 37.375565390528912, 46.697279708627235 ], [ 37.371983862240036, 46.694196725817719 ], [ 37.34977099719822, 46.690242511315361 ], [ 37.28581309822421, 46.686984799302572 ], [ 37.217511533328349, 46.695150500120477 ], [ 37.166898395141935, 46.709729515042319 ], [ 37.137014341053444, 46.697820431636956 ], [ 37.098150974328, 46.690811020666537 ], [ 37.072139666253548, 46.665692323229024 ], [ 37.066591309127034, 46.664688088703258 ], [ 37.052341725504206, 46.652305519039366 ], [ 37.040723399784184, 46.648565360266112 ], [ 37.039673560493839, 46.645107385920397 ], [ 37.025022671501539, 46.63999766361421 ], [ 37.015900787470372, 46.592588367460841 ], [ 37.00304419258935, 46.56737012334149 ], [ 36.978092511762831, 46.536669761944147 ], [ 36.95024072236285, 46.513597445767125 ], [ 36.925524997606352, 46.500895683787682 ], [ 36.924487860998035, 46.497435627259001 ], [ 36.888214100470371, 46.480964968317139 ], [ 36.883204275245198, 46.48167924604072 ], [ 36.873622730869911, 46.475828395048147 ], [ 36.868613013761909, 46.476541973393033 ], [ 36.847983200484514, 46.468653721751679 ], [ 36.814834835711743, 46.462538950402262 ], [ 36.766660651974817, 46.458540660334023 ], [ 36.73306354394208, 46.459680004193174 ], [ 36.680431102552717, 46.467095378504624 ], [ 36.641843666262361, 46.477926917197799 ], [ 36.613780675387567, 46.489075194782032 ], [ 36.60527063788971, 46.495677966880372 ], [ 36.597743315501113, 46.496730950524864 ], [ 36.591739524444655, 46.502982098536819 ], [ 36.56466555852144, 46.517586780328642 ], [ 36.548636125263471, 46.534253527564729 ], [ 36.541101394914527, 46.535303445464471 ], [ 36.52400474835234, 46.530468138173767 ], [ 36.499881202773068, 46.5284104941368 ], [ 36.479737065883882, 46.495130430599694 ], [ 36.453603552838402, 46.468089237353105 ], [ 36.448081346040873, 46.467050216617046 ], [ 36.443560925104634, 46.460461158116999 ], [ 36.438039628813421, 46.459421523295326 ], [ 36.423986233988138, 46.446935633466587 ], [ 36.412445722038655, 46.443119305736538 ], [ 36.411443202377967, 46.439650500106275 ], [ 36.358284622898807, 46.418121794392079 ], [ 36.332770179368673, 46.383756459957915 ], [ 36.292256377076001, 46.351443208936381 ], [ 36.220247877092866, 46.318005774540175 ], [ 36.215236692586906, 46.31868890758583 ], [ 36.194742620229675, 46.31066081903775 ], [ 36.134707605966923, 46.300783224954223 ], [ 36.072115114320212, 46.300233281164722 ], [ 36.016961407910728, 46.307662430392135 ], [ 35.966234339835843, 46.321682384665991 ], [ 35.948101441929673, 46.331322293451613 ], [ 35.940573129720988, 46.332329228127577 ], [ 35.889122040029207, 46.362636917612043 ], [ 35.848046125160472, 46.402360911408934 ], [ 35.846980326917503, 46.407911972595848 ], [ 35.841952111882705, 46.408579716257982 ], [ 35.831033967002305, 46.39740676811936 ], [ 35.809585646568323, 46.385825358449374 ], [ 35.808623374616694, 46.382346634673034 ], [ 35.797127495631244, 46.378459614845816 ], [ 35.796166262181195, 46.37498068647794 ], [ 35.757739580014878, 46.35842326420866 ], [ 35.752713836727231, 46.359086542414232 ], [ 35.746251781141567, 46.354530001832636 ], [ 35.741226129191254, 46.355192732550265 ], [ 35.718255130704563, 46.347400990783903 ], [ 35.712877743193985, 46.337290925209089 ], [ 35.688143290015525, 46.313498970396012 ], [ 35.682644108051953, 46.312418306821691 ], [ 35.678229442205229, 46.30578637523314 ], [ 35.669744422370464, 46.303294117151239 ], [ 35.66234615918507, 46.295250169374206 ], [ 35.647892277219157, 46.289933082530894 ], [ 35.646943460366138, 46.286451715939506 ], [ 35.629035084286599, 46.277979035478118 ], [ 35.624013741702299, 46.278635782742079 ], [ 35.608621576009419, 46.269830812380064 ], [ 35.603600510556817, 46.270486574672773 ], [ 35.5806824773084, 46.262660242923822 ], [ 35.564042397218664, 46.239590334076667 ], [ 35.531425973538767, 46.214990143377186 ], [ 35.505594407436973, 46.176883656814546 ], [ 35.481499527300734, 46.154770463734692 ], [ 35.469606039396176, 46.149099642130246 ], [ 35.456670966220102, 46.120130508271416 ], [ 35.436704794379118, 46.093870852665518 ], [ 35.409249686177013, 46.068573343976666 ], [ 35.39098835221214, 46.058307929681682 ], [ 35.367852030995742, 46.019830239852169 ], [ 35.327250257808835, 45.983587454452071 ], [ 35.278993480154305, 45.957318766119982 ], [ 35.273993308559213, 45.957956719685129 ], [ 35.261708098469853, 45.950512979184367 ], [ 35.256708154891498, 45.951150103863363 ], [ 35.23647114323753, 45.942914382606332 ], [ 35.192831777107273, 45.934041290890917 ], [ 35.151014834244755, 45.932128179076159 ], [ 35.162389834169616, 45.916274061062701 ], [ 35.161483697978191, 45.912784873701654 ], [ 35.166029149521101, 45.910407761259286 ], [ 35.173085595407855, 45.887891650840736 ], [ 35.202156141379682, 45.860782081808537 ], [ 35.201249268833386, 45.857293473994716 ], [ 35.209873731717437, 45.850793147816233 ], [ 35.208966692344234, 45.847304653142885 ], [ 35.220764863218704, 45.833193168896926 ], [ 35.230289127891339, 45.810360759457708 ], [ 35.233235237625216, 45.791968371338157 ], [ 35.273560478916579, 45.768813603042915 ], [ 35.312700023980732, 45.731381878521731 ], [ 35.311790351084511, 45.727894905604266 ], [ 35.318348491695176, 45.723452236592593 ], [ 35.317438718741954, 45.719965346775929 ], [ 35.329186086722999, 45.705849367162905 ], [ 35.336165656321057, 45.683335331683658 ], [ 35.377280209671362, 45.66364436810818 ], [ 35.39397195046876, 45.648885875362105 ], [ 35.398941879144445, 45.648246002756359 ], [ 35.404570978450657, 45.640314661830125 ], [ 35.409539912697724, 45.639674420742907 ], [ 35.437460924762895, 45.609049165856256 ], [ 35.436547392595898, 45.605564068070699 ], [ 35.448243285589903, 45.591442517857892 ], [ 35.448897730782029, 45.584151921506262 ], [ 35.453403829270513, 45.581767935960528 ], [ 35.460326515606873, 45.559254953704347 ], [ 35.484212739104166, 45.552559559822299 ], [ 35.527193691920061, 45.530768429165569 ], [ 35.528755252599439, 45.526962571931733 ], [ 35.546743672019616, 45.517416890956618 ], [ 35.552340575959612, 45.509482544629769 ], [ 35.557294676687988, 45.508837308029499 ], [ 35.57297575735538, 45.490580838542492 ], [ 35.596219522496561, 45.539788633588614 ], [ 35.615527887300622, 45.564287331963264 ], [ 35.635947239449735, 45.58323309647372 ], [ 35.641368636329105, 45.58432436649715 ], [ 35.64569950311617, 45.590963087641853 ], [ 35.654064612502239, 45.593469420768209 ], [ 35.661341352961784, 45.601522789769859 ], [ 35.678540797654591, 45.60827247871471 ], [ 35.679469398527118, 45.611753748067009 ], [ 35.694193668650755, 45.618826270487311 ], [ 35.699154179962662, 45.61817367520257 ], [ 35.714347959810098, 45.626983437672294 ], [ 35.719308731893598, 45.626329877026684 ], [ 35.72566739036138, 45.63089689499764 ], [ 35.744429592859255, 45.6338269836777 ], [ 35.747843610570207, 45.636979700127497 ], [ 35.809570762138335, 45.646829183271237 ], [ 35.863527928688661, 45.646867298644651 ], [ 35.927510466742433, 45.636529085272123 ], [ 35.983661883886462, 45.616393178017752 ], [ 36.019181804793583, 45.624231443928991 ], [ 36.073568296249434, 45.625907400580758 ], [ 36.100151067798734, 45.638529830717353 ], [ 36.105103956036608, 45.637859397892711 ], [ 36.133696321575947, 45.648399821659652 ], [ 36.149034156982495, 45.648120022585331 ], [ 36.15494604389314, 45.650920907698676 ], [ 36.170283750032652, 45.650638083028774 ], [ 36.176196758339486, 45.653437666944065 ], [ 36.191534331918092, 45.653151816496994 ], [ 36.197448460541843, 45.655950098744263 ], [ 36.212785898264748, 45.655661222340058 ], [ 36.2187011461249, 45.6584582024499 ], [ 36.234038444696438, 45.658166299910278 ], [ 36.239954810711275, 45.660961977413898 ], [ 36.255291966834882, 45.660667048562232 ], [ 36.261209449921452, 45.663461422991439 ], [ 36.27654646029967, 45.663163467652737 ], [ 36.282465059373791, 45.665956538539959 ], [ 36.297801920708253, 45.665655556540877 ], [ 36.332890301639338, 45.671648168959898 ], [ 36.604400132432829, 45.632159188835203 ], [ 36.669600905770572, 45.62660954037085 ], [ 36.673500197941273, 45.541364075764349 ], [ 36.676949262856326, 45.535472662894321 ], [ 36.67791807681504, 45.484882836670884 ], [ 36.682837105187531, 45.457162698577541 ], [ 36.675453199601435, 45.422167205761127 ], [ 36.666595273800006, 45.427017319542564 ], [ 36.663146434768215, 45.441916466436318 ], [ 36.643445419299752, 45.462703593010382 ], [ 36.625709580423788, 45.472400743956101 ], [ 36.592204025676942, 45.480700099534488 ], [ 36.572002982900806, 45.48172430571843 ], [ 36.55033322152304, 45.477544340857072 ], [ 36.535569736273708, 45.470595369900842 ], [ 36.531152889741755, 45.464004225760462 ], [ 36.516395299151505, 45.457051962948562 ], [ 36.509031466881538, 45.449068748021105 ], [ 36.486859447985452, 45.452152946593131 ], [ 36.459790884416385, 45.446903541191148 ], [ 36.453406776349176, 45.44238408904971 ], [ 36.438623597466268, 45.444433247982985 ], [ 36.416972987536134, 45.440223996146209 ], [ 36.377691625032675, 45.418626743958342 ], [ 36.369870061095433, 45.408896174198254 ], [ 36.360016648354438, 45.410254499981711 ], [ 36.358517073617115, 45.414064270945644 ], [ 36.333821199776288, 45.426472166903991 ], [ 36.341214370933912, 45.425454913801772 ], [ 36.362856744566251, 45.429680475132585 ], [ 36.389865552174591, 45.443970593718568 ], [ 36.403594677283543, 45.456487181198327 ], [ 36.410860898599807, 45.482508149990458 ], [ 36.404873746087247, 45.497749803777566 ], [ 36.394962483582233, 45.508128097377728 ], [ 36.377159597433042, 45.517792757024594 ], [ 36.337667116679285, 45.523233708134896 ], [ 36.315986506202769, 45.519007378269166 ], [ 36.283532343164929, 45.503641989880215 ], [ 36.269812455426539, 45.491108238776043 ], [ 36.263982056899508, 45.479294879960946 ], [ 36.262609002083394, 45.465069709557767 ], [ 36.268636506737657, 45.449831552412846 ], [ 36.278566808188266, 45.439463238205619 ], [ 36.300818589406028, 45.427403683831201 ], [ 36.283563313478993, 45.429770532192492 ], [ 36.261923144082253, 45.425528648779043 ], [ 36.237893470556074, 45.412601388568334 ], [ 36.186119240793303, 45.419664082264838 ], [ 36.153107228274386, 45.420551187798033 ], [ 36.14229064392535, 45.41841719029339 ], [ 36.145619740958409, 45.430575676133856 ], [ 36.139557054687849, 45.445810927627974 ], [ 36.127603869805405, 45.458241926736967 ], [ 36.105294326114425, 45.470272918585565 ], [ 36.068253746875719, 45.475281954636152 ], [ 36.046600982944092, 45.470997895483194 ], [ 36.031887113414683, 45.463973428546325 ], [ 36.018229527002532, 45.451400371731211 ], [ 36.012456628001047, 45.439566798665972 ], [ 36.012205387830491, 45.419784610953549 ], [ 35.997981111978412, 45.41449162724296 ], [ 35.997039313838663, 45.411015371551777 ], [ 35.986697542392847, 45.410603331477105 ], [ 35.977412947463165, 45.404644221581641 ], [ 35.963075918216241, 45.408368825058226 ], [ 35.944860429469003, 45.407206740792354 ], [ 35.938740129852661, 45.422437276214538 ], [ 35.926739785799619, 45.434851307039281 ], [ 35.906386095285576, 45.444777034214461 ], [ 35.899656734486378, 45.467292949329227 ], [ 35.889642417095828, 45.477636561039411 ], [ 35.871738805501828, 45.487229030415918 ], [ 35.857370950815749, 45.4909435293131 ], [ 35.815326896745709, 45.496530317440836 ], [ 35.79367313012704, 45.492195244870473 ], [ 35.778977249693142, 45.485133797351864 ], [ 35.7653637977496, 45.472523012392408 ], [ 35.753605828815282, 45.438049014097842 ], [ 35.746190570243854, 45.439028381266318 ], [ 35.724562854072381, 45.434676492622344 ], [ 35.706956930868827, 45.426188153480865 ], [ 35.693375843696373, 45.41356507509493 ], [ 35.68461354169699, 45.380493319140726 ], [ 35.671971165935453, 45.37134729444351 ], [ 35.665361624722983, 45.356004461204208 ], [ 35.664612721133707, 45.34349456475617 ], [ 35.673277078239416, 45.327947515240801 ], [ 35.671609676748822, 45.311956428414362 ], [ 35.651412606204779, 45.312806326228575 ], [ 35.619054653221234, 45.306239026749985 ], [ 35.594745487805575, 45.291406737152812 ], [ 35.59008304370915, 45.30282203998447 ], [ 35.580026196752918, 45.313140241290441 ], [ 35.562103205075161, 45.322681926111663 ], [ 35.542806801653711, 45.326996103747398 ], [ 35.512263671046888, 45.32736463021606 ], [ 35.4906896664397, 45.322959771874444 ], [ 35.484389192352651, 45.31837331866042 ], [ 35.479450090823612, 45.31901331410041 ], [ 35.482625615815657, 45.331209327230063 ], [ 35.476374333096075, 45.346427913251311 ], [ 35.46628767330963, 45.356739434730059 ], [ 35.441365079169415, 45.368967825786157 ], [ 35.404277571186633, 45.373752916738532 ], [ 35.382688131028928, 45.369328049440561 ], [ 35.368068991785627, 45.362202273554118 ], [ 35.354575302521319, 45.349526904822618 ], [ 35.347827669839333, 45.323377389043785 ], [ 35.354115091163763, 45.308162320147879 ], [ 35.370728499168898, 45.293421225228343 ], [ 35.388683689452414, 45.283907864126064 ], [ 35.413372396926789, 45.280727361758636 ], [ 35.407064200887106, 45.256327317397158 ], [ 35.413331261335159, 45.24111212393403 ], [ 35.419831081584363, 45.236672035393916 ], [ 35.393802889691081, 45.214814377722846 ], [ 35.374073357783814, 45.217352942993664 ], [ 35.371832526295627, 45.228446176040677 ], [ 35.363759091344726, 45.236687233171388 ], [ 35.368247791950843, 45.254119361907073 ], [ 35.361967074310925, 45.269333728840692 ], [ 35.351867213415076, 45.279635373858092 ], [ 35.33390547177698, 45.289143333661961 ], [ 35.296852224950221, 45.293887051260803 ], [ 35.280240335471404, 45.288805841582572 ], [ 35.272828694939136, 45.289752027812675 ], [ 35.270567535844812, 45.30084626400896 ], [ 35.258419168957154, 45.313201550727648 ], [ 35.240428164511961, 45.322697645373886 ], [ 35.223566145658125, 45.326644229370316 ], [ 35.203337639632011, 45.327413720850899 ], [ 35.192110833010474, 45.32343577185469 ], [ 35.166237951141781, 45.332118125098368 ], [ 35.138139154410595, 45.332070703953306 ], [ 35.141242775759665, 45.34428526883881 ], [ 35.134891922704554, 45.359495770375325 ], [ 35.122699780517458, 45.37184148312722 ], [ 35.104663421991567, 45.381320674905552 ], [ 35.062558188263687, 45.386619968942874 ], [ 35.049460330081025, 45.395469193582379 ], [ 35.022203718443834, 45.398887517701127 ], [ 35.033880029858594, 45.404628163621211 ], [ 35.047325321343294, 45.417349828692359 ], [ 35.054224208292155, 45.434494522150452 ], [ 35.069099321768547, 45.432625462092204 ], [ 35.090703790616352, 45.437111628085091 ], [ 35.105317685635498, 45.444276077815204 ], [ 35.118789330493982, 45.4569862293855 ], [ 35.125272318698592, 45.472378562704698 ], [ 35.125653157590314, 45.493944923152945 ], [ 35.119290123709796, 45.509157857423574 ], [ 35.109105919129277, 45.519448658257147 ], [ 35.091024081111449, 45.52893200074076 ], [ 35.048806284372191, 45.534239544981489 ], [ 35.027163234205169, 45.529749041564564 ], [ 35.020867611164867, 45.525134119501168 ], [ 34.986092553268527, 45.529484495809093 ], [ 35.002492312699651, 45.543645454787246 ], [ 35.008074654248581, 45.555555873479499 ], [ 35.022984686275322, 45.553688990247302 ], [ 35.044637498937931, 45.558179307491663 ], [ 35.05928275099307, 45.56534713383877 ], [ 35.072781316329866, 45.578061247081891 ], [ 35.079461266298452, 45.604241486157022 ], [ 35.073079029400247, 45.619455306768778 ], [ 35.062869385092668, 45.629745604814815 ], [ 35.044745688695755, 45.639226845823181 ], [ 35.02777032285892, 45.643156867856021 ], [ 35.007414705461585, 45.643904370416855 ], [ 34.999059892360755, 45.641346618859501 ], [ 34.994698150343297, 45.6545018723738 ], [ 34.984467025835748, 45.664787489037145 ], [ 34.966316519011819, 45.674258880018982 ], [ 34.939357354185915, 45.679419801924979 ], [ 34.925011470674015, 45.69381488510048 ], [ 34.906839898983698, 45.70327888262473 ], [ 34.882351346673538, 45.708118614232013 ], [ 34.861523140687936, 45.707095436437037 ], [ 34.863725899271621, 45.715830107656053 ], [ 34.857274624976085, 45.731040287615009 ], [ 34.842894129963938, 45.745428939958245 ], [ 34.824690039313239, 45.754883155293697 ], [ 34.787246335972789, 45.759497689198206 ], [ 34.765519559267922, 45.754963329542342 ], [ 34.747913577474264, 45.746316176541313 ], [ 34.736927232903057, 45.733252025668136 ], [ 34.702733164623062, 45.730233117183154 ], [ 34.709033558864519, 45.734866782069837 ], [ 34.714584162588146, 45.746797680087099 ], [ 34.715579879351601, 45.761087533152917 ], [ 34.709082734486657, 45.776294474787456 ], [ 34.698773981546921, 45.786562635966973 ], [ 34.680527378593403, 45.79599760363314 ], [ 34.660967127069121, 45.800185063209547 ], [ 34.665325240358449, 45.817669039243995 ], [ 34.65881014519001, 45.832875598908458 ], [ 34.670006603751816, 45.82610589602487 ], [ 34.689574687876096, 45.821915866433166 ], [ 34.707513751216368, 45.821524665571133 ], [ 34.729266097050427, 45.826068083138942 ], [ 34.746898470143051, 45.834715908887951 ], [ 34.760413783004111, 45.84746991701644 ], [ 34.767010013503217, 45.873684399604734 ], [ 34.760521547798689, 45.888894814684782 ], [ 34.750206973717454, 45.899169408612117 ], [ 34.731937696707604, 45.908616336593177 ], [ 34.691871369904646, 45.913518247283882 ], [ 34.672588265812188, 45.908665381298611 ], [ 34.686110436599762, 45.921428637921657 ], [ 34.693000520932983, 45.938604308594982 ], [ 34.693566458684003, 45.95114737022142 ], [ 34.687051947590732, 45.966357133620875 ], [ 34.676710394456997, 45.976628281062169 ], [ 34.6584024166037, 45.986067581539217 ], [ 34.634194741416287, 45.992617821027999 ], [ 34.631248466107699, 45.991174298002456 ], [ 34.624159816118933, 45.993837717769132 ], [ 34.623722434552533, 45.99208908477123 ], [ 34.606160279124296, 45.994221713597817 ], [ 34.605723458698911, 45.992472947454964 ], [ 34.600705485152865, 45.993081751164482 ], [ 34.614238156148346, 46.005853657771823 ], [ 34.619810015917842, 46.017789605761081 ], [ 34.621677634427527, 46.035581029997672 ], [ 34.61426110422402, 46.047292897802087 ], [ 34.620277557864384, 46.060977187492163 ], [ 34.641688292544778, 46.063779943981551 ], [ 34.656444236872282, 46.070993123640427 ], [ 34.660715201811534, 46.077680496975141 ], [ 34.675036961590813, 46.083142279057675 ], [ 34.68861257777354, 46.095901187885289 ], [ 34.695673780136026, 46.123870648078395 ], [ 34.688708142885091, 46.137335474756554 ], [ 34.702469123254318, 46.130248402423518 ], [ 34.719624791785165, 46.126348226613814 ], [ 34.742690486271606, 46.125325000237588 ], [ 34.756588300516583, 46.129026448376592 ], [ 34.770336582645186, 46.121932185848763 ], [ 34.76560447552265, 46.113503230852018 ], [ 34.752153767570412, 46.111550210056343 ], [ 34.737375497815904, 46.104352208606535 ], [ 34.723787067865295, 46.09160068709155 ], [ 34.718182088485015, 46.079672963867793 ], [ 34.717906356715162, 46.0580834128045 ], [ 34.724417097850107, 46.042871124507649 ], [ 34.734758475406124, 46.032594924491733 ], [ 34.753064268044994, 46.023142643808072 ], [ 34.765607559407314, 46.021602740686447 ], [ 34.771659881960382, 46.00464224723445 ], [ 34.792307573429099, 45.984084358726292 ], [ 34.810586626408231, 45.974625635902285 ], [ 34.848171272461066, 45.969986739281168 ], [ 34.86999168253309, 45.974494983334353 ], [ 34.884744255515386, 45.981676987931081 ], [ 34.898332816379892, 45.994407234206946 ], [ 34.90636825395535, 46.025845036747647 ], [ 34.902247070104238, 46.029960467520588 ], [ 34.898917879534807, 46.057403449045665 ], [ 34.89479419098334, 46.061518973355938 ], [ 34.892084122120238, 46.101500112689557 ], [ 34.8840030307963, 46.120522655911046 ], [ 34.873680128146503, 46.130811780415264 ], [ 34.868655360099268, 46.131433774555909 ], [ 34.885422468319554, 46.15638943750502 ], [ 34.886495079423426, 46.170673904921166 ], [ 34.882811950567508, 46.176536817912101 ], [ 34.88595171482487, 46.188763216534809 ], [ 34.898705419557714, 46.197995471966181 ], [ 34.90185106129524, 46.210220985151544 ], [ 34.913712972010877, 46.215957851986687 ], [ 34.928280761695163, 46.232170950892886 ], [ 34.937182663263528, 46.236471038635742 ], [ 34.956151853964329, 46.239516986767271 ], [ 34.961893484077763, 46.231592386425255 ], [ 34.980210845366322, 46.222099034555391 ], [ 35.017936266443819, 46.217384996193125 ], [ 35.03986862020087, 46.221847681538556 ], [ 35.054714276343752, 46.228997778115385 ], [ 35.068414357986228, 46.241697012149722 ], [ 35.071602497983406, 46.253913403146456 ], [ 35.086005151412024, 46.259312838664272 ], [ 35.10315127013402, 46.275179793758099 ], [ 35.109095013517937, 46.297863631831731 ], [ 35.115045067577078, 46.300719011288322 ], [ 35.121226226752569, 46.314360160645045 ], [ 35.121915654744875, 46.326891126382378 ], [ 35.115506811320103, 46.342119531862004 ], [ 35.10680354994934, 46.348623664344792 ], [ 35.110929288167284, 46.364327481580588 ], [ 35.104515065895725, 46.379556285377923 ], [ 35.093741982360115, 46.388122666229371 ], [ 35.097180783976036, 46.391295310920427 ], [ 35.113229102482457, 46.392880051287342 ], [ 35.122172324511745, 46.397161030553406 ], [ 35.115284756669112, 46.370989260541599 ], [ 35.121695278670032, 46.355760326310197 ], [ 35.131998884774966, 46.345447836567345 ], [ 35.150314128537289, 46.335925103198669 ], [ 35.193125537377675, 46.330507831001547 ], [ 35.215113275048765, 46.334929410747662 ], [ 35.230011966559438, 46.342050352101658 ], [ 35.243783997533043, 46.354720718994415 ], [ 35.249542820025042, 46.36660690190206 ], [ 35.251192381301479, 46.382621473036323 ], [ 35.24481913733517, 46.397854342318233 ], [ 35.232474044191626, 46.410240534906137 ], [ 35.214154005301417, 46.419778256844644 ], [ 35.183888978574899, 46.423615011580715 ], [ 35.200409463679577, 46.426930054013205 ], [ 35.212812730383639, 46.434370750291798 ], [ 35.217857677200556, 46.433730441633024 ], [ 35.225630432764056, 46.42372947986447 ], [ 35.235254121379711, 46.420703865784525 ], [ 35.241631485827867, 46.405470820947315 ], [ 35.251916755194166, 46.395148505215694 ], [ 35.266109607779377, 46.389735714063157 ], [ 35.257765334505912, 46.358349408767452 ], [ 35.266650265302047, 46.342796162311508 ], [ 35.251747563101098, 46.335680693176514 ], [ 35.23797981456979, 46.323011073484466 ], [ 35.232230358718333, 46.311123688514336 ], [ 35.231054851338911, 46.296852347008269 ], [ 35.237426695246505, 46.281621727506383 ], [ 35.247694431491936, 46.27130279493867 ], [ 35.2659622542606, 46.261766293337466 ], [ 35.292688280868099, 46.254752130896456 ], [ 35.313257149566816, 46.253926451139435 ], [ 35.335216395842529, 46.258326495428676 ], [ 35.353081604042998, 46.266852459811645 ], [ 35.366855867199874, 46.279506120535174 ], [ 35.372628705291703, 46.291383454946327 ], [ 35.373841303228801, 46.305649095592564 ], [ 35.368160258258023, 46.313589290226453 ], [ 35.369558355356354, 46.318817898848337 ], [ 35.394063021979605, 46.322879961682148 ], [ 35.411959478897977, 46.331393221370064 ], [ 35.43314086398086, 46.352099584215864 ], [ 35.440644975489604, 46.379976742923233 ], [ 35.430700096513263, 46.401090995315563 ], [ 35.420452483420874, 46.411426199604108 ], [ 35.402172958740394, 46.420991275613005 ], [ 35.366891908689887, 46.425524867744777 ], [ 35.368763256745382, 46.432496242866605 ], [ 35.35925120165232, 46.455351584484582 ], [ 35.346457628800856, 46.466006309952938 ], [ 35.341695982237006, 46.477433986792661 ], [ 35.354884324462709, 46.497379622400068 ], [ 35.356578418602943, 46.513389488497346 ], [ 35.350229682268214, 46.528627559408804 ], [ 35.339945645822858, 46.538960229875293 ], [ 35.334893703121779, 46.539607038109452 ], [ 35.343696981687216, 46.552904321860375 ], [ 35.343046837986222, 46.560199933763599 ], [ 35.349219223638478, 46.553999937503079 ], [ 35.348280738963496, 46.550514026269489 ], [ 35.359034085227542, 46.541923352259182 ], [ 35.356687618142992, 46.533208907285584 ], [ 35.363034659779657, 46.517970582791122 ], [ 35.373310554631715, 46.507636788699003 ], [ 35.391622703633843, 46.498072315112637 ], [ 35.429469542501664, 46.493200513818877 ], [ 35.431050542531835, 46.489390641515868 ], [ 35.451866454605707, 46.479492955850766 ], [ 35.444801192127223, 46.453359916694268 ], [ 35.451117439800008, 46.438120839655028 ], [ 35.461362389565217, 46.427782786987599 ], [ 35.479631059102864, 46.418208853939873 ], [ 35.517407614165194, 46.413314363079714 ], [ 35.544952530068699, 46.418751990605614 ], [ 35.569362456961883, 46.431803076057925 ], [ 35.579910201086207, 46.432232040895812 ], [ 35.603858303574846, 46.443532877996965 ], [ 35.618216864944635, 46.457885327737621 ], [ 35.64531327742629, 46.461553643175343 ], [ 35.663292488814811, 46.470017093939589 ], [ 35.677195614932984, 46.482619022964812 ], [ 35.6853380009766, 46.51220499425191 ], [ 35.693859257890303, 46.51469244567037 ], [ 35.700820267313361, 46.520990852219654 ], [ 35.711384107349602, 46.521405230184683 ], [ 35.726391964130549, 46.528446723760297 ], [ 35.740808516842542, 46.542777515996441 ], [ 35.74585146398023, 46.542112759792523 ], [ 35.760869359754103, 46.549148481305373 ], [ 35.761834196315377, 46.552627871872502 ], [ 35.766877567748239, 46.551962081355917 ], [ 35.784905790891493, 46.560400519642194 ], [ 35.798863206932367, 46.572981762357628 ], [ 35.804774981932297, 46.58482343169765 ], [ 35.80612810555678, 46.59907208258592 ], [ 35.802050393659165, 46.603218832764952 ], [ 35.807967828333176, 46.615060024207104 ], [ 35.807284961016137, 46.63138221755748 ], [ 35.817384029419564, 46.630044693911792 ], [ 35.825053695443657, 46.62001054746645 ], [ 35.843300682598262, 46.610375956990808 ], [ 35.883670272617081, 46.60500981622647 ], [ 35.905802478357437, 46.609275675930704 ], [ 35.920857870420051, 46.616285385399422 ], [ 35.934861683375352, 46.628844503539355 ], [ 35.937798242524536, 46.639274065616597 ], [ 35.973125520658414, 46.634548042980015 ], [ 35.995273752953295, 46.63879388202897 ], [ 36.013362792720464, 46.647188009191495 ], [ 36.014347120982443, 46.650663261141659 ], [ 36.024440041496021, 46.649307039700552 ], [ 36.030471638601597, 46.652103594563208 ], [ 36.035517942311728, 46.651424864171055 ], [ 36.037606580124006, 46.640321390953531 ], [ 36.04775364877333, 46.629936981926868 ], [ 36.065954163869037, 46.620269902926033 ], [ 36.083108287228008, 46.616152096965067 ], [ 36.10376848327784, 46.615165101455297 ], [ 36.125912508907504, 46.619384515367351 ], [ 36.140993303517071, 46.626360695869053 ], [ 36.155542839354041, 46.640622252555403 ], [ 36.162112692125127, 46.63612317189731 ], [ 36.172195881343704, 46.634754242710279 ], [ 36.179792475395196, 46.62470314225304 ], [ 36.197961938632346, 46.615017347864494 ], [ 36.240786459966237, 46.609182059775875 ], [ 36.262932262608231, 46.613373089364345 ], [ 36.278024841302951, 46.620328705992314 ], [ 36.292104372507829, 46.632832816099182 ], [ 36.29460889884286, 46.641509475724213 ], [ 36.30216734183135, 46.64047401181611 ], [ 36.319290113937612, 46.645342132675907 ], [ 36.347001044116148, 46.641536859524422 ], [ 36.369164455848455, 46.645704155017832 ], [ 36.387301079512071, 46.654030110098418 ], [ 36.407968306770023, 46.671024361117034 ], [ 36.40948401367433, 46.676227443125512 ], [ 36.444782277373371, 46.689390765403417 ], [ 36.458918962376572, 46.701867337232429 ], [ 36.465518369803483, 46.72440805334692 ], [ 36.480645536516484, 46.7223112397051 ], [ 36.502848818257434, 46.726446751909435 ], [ 36.536189593995744, 46.74165822016203 ], [ 36.540753618242235, 46.748240191378081 ], [ 36.551350457048216, 46.748568499357297 ], [ 36.575615593039522, 46.759619709741578 ], [ 36.596385505903683, 46.776567710424466 ], [ 36.602500880876946, 46.788344196631982 ], [ 36.619036262884812, 46.764377371196666 ], [ 36.624078803429931, 46.763671425831994 ], [ 36.631593742425373, 46.753596645020018 ], [ 36.649700318420095, 46.74384065527989 ], [ 36.669343879586549, 46.739278985773709 ], [ 36.687494692875873, 46.738532487383566 ], [ 36.69356415745191, 46.7412877114837 ], [ 36.712684986221269, 46.734987029151618 ], [ 36.721210915204253, 46.7283722491646 ], [ 36.728765832034327, 46.72730712163095 ], [ 36.746842443284422, 46.717538502843212 ], [ 36.766842210694442, 46.696668164566702 ], [ 36.784900987066244, 46.686895527448044 ], [ 36.822630481115631, 46.681547680028117 ], [ 36.844825659512239, 46.685613290847613 ], [ 36.859998731989606, 46.69247817244203 ], [ 36.87422219136598, 46.704889915477729 ], [ 36.887162288225724, 46.739138363594897 ], [ 36.885780745142021, 46.751967772914433 ], [ 36.891002239479732, 46.769270437171556 ], [ 36.906110370459892, 46.767115857908927 ], [ 36.928345937020318, 46.771159816148 ], [ 36.94355482666306, 46.778009294024784 ], [ 36.964961069789616, 46.796602975162024 ], [ 36.972209533952331, 46.811808180542641 ], [ 36.973371451378682, 46.824275849209641 ], [ 36.967499750258987, 46.839556350787475 ], [ 36.943556761580922, 46.864642358066938 ], [ 36.925480794191259, 46.874445538008899 ], [ 36.907821052670023, 46.876966387058438 ], [ 36.896254644669767, 46.882225723368087 ], [ 36.905705748274372, 46.913367836886437 ], [ 36.904334840556515, 46.926198611985448 ], [ 36.907911789071846, 46.929298548587987 ], [ 36.909068026441055, 46.941769128636714 ], [ 36.90464605718384, 46.953230409492249 ], [ 36.913278617013525, 46.955609244725444 ], [ 36.92760079937964, 46.96800586749643 ], [ 36.931292458044361, 46.980114813300787 ], [ 36.935819771564567, 46.977662811491463 ], [ 36.932127407044447, 46.965554134106362 ], [ 36.938015097720431, 46.950271664818494 ], [ 36.95000542016377, 46.937726535524043 ], [ 36.975140535388483, 46.925102612722149 ], [ 36.997329570521849, 46.920115878230661 ], [ 36.983009005500698, 46.907729000455291 ], [ 36.97456913002592, 46.880057853700485 ], [ 36.98044028387892, 46.864776367563806 ], [ 36.994398109183315, 46.850139668796125 ], [ 37.012450955252504, 46.840327836283855 ], [ 37.052764002335124, 46.834528602746346 ], [ 37.07503369028187, 46.838538417192353 ], [ 37.1004887544536, 46.852913842049219 ], [ 37.133908449680838, 46.858910293594313 ], [ 37.149165862208463, 46.865725511745332 ], [ 37.180374628969297, 46.890080429548043 ], [ 37.190454835566975, 46.888615939892205 ], [ 37.218327198051334, 46.893587840348559 ], [ 37.242235897900841, 46.902741303544531 ], [ 37.243308244080012, 46.906195583934114 ], [ 37.257354714373207, 46.900535627244722 ], [ 37.246417688216155, 46.882273120543175 ], [ 37.245186174696848, 46.869815894170394 ], [ 37.250973667117663, 46.854529684045282 ], [ 37.260882224908244, 46.844057297111021 ], [ 37.2788719110317, 46.83420814943743 ], [ 37.316610469307562, 46.828684400693483 ], [ 37.338884379488562, 46.832638812640177 ], [ 37.363315804057471, 46.843492744727264 ], [ 37.399272134131962, 46.874308842004766 ], [ 37.405033820385668, 46.884292445330964 ], [ 37.423034348413985, 46.899692898712331 ], [ 37.428455561026354, 46.916948108887041 ], [ 37.440156242792376, 46.920637330808816 ], [ 37.444846418274217, 46.927166813431107 ], [ 37.450426542789089, 46.928147889235177 ], [ 37.464850241268813, 46.940460195970445 ], [ 37.472470980985626, 46.964611959113086 ], [ 37.495900992614203, 46.971976488771567 ], [ 37.510348917877948, 46.98428038786458 ], [ 37.514174140642595, 46.996353467515902 ], [ 37.519762502065888, 46.997330020324476 ], [ 37.545074763628122, 47.018852276290119 ], [ 37.555053568301659, 47.033621727528704 ], [ 37.585541041540942, 47.038112475315138 ], [ 37.613191370469636, 47.050242358107887 ], [ 37.614293190361238, 47.053689953972601 ], [ 37.668112028900396, 47.040223032330246 ], [ 37.711513160874063, 47.035518141202829 ], [ 37.762419488258487, 47.045919915290668 ], [ 37.798249573193168, 47.042320130700276 ], [ 37.820631327610784, 47.046161936137253 ], [ 37.836574233394288, 47.054586819912089 ], [ 37.847209534057214, 47.054782281485913 ], [ 37.862599704285763, 47.061480969906093 ], [ 37.87771319961454, 47.075445109781249 ], [ 37.897586811724722, 47.063394571759154 ], [ 37.91269936410238, 47.061096537682047 ], [ 37.919133170858458, 47.056504762399356 ], [ 37.959419358043419, 47.050365527547093 ], [ 37.982371107576448, 47.055893129986323 ], [ 38.015093229625876, 47.050888010776546 ], [ 38.037483556816262, 47.054683298635858 ], [ 38.057104401301032, 47.066125366547865 ], [ 38.089819682423098, 47.061098069346023 ], [ 38.108743816502944, 47.038313018789786 ], [ 38.126593077950361, 47.028336208515981 ], [ 38.164299938474073, 47.022515326598082 ], [ 38.186680379196616, 47.026280323441149 ], [ 38.20209274471501, 47.032927007106267 ], [ 38.220359871137504, 47.048162382418298 ], [ 38.228009658021108, 47.0632363067106 ], [ 38.236695101430819, 47.065501940164893 ], [ 38.24149512039557, 47.071983828281219 ], [ 38.260014837646693, 47.079947450143209 ], [ 38.266414127306398, 47.075338853222775 ], [ 38.26915333610922, 47.067685585467643 ] ], [ [ 35.035902736332453, 46.146648601419386 ], [ 35.021084299244059, 46.139493449243574 ], [ 35.00742568088701, 46.126784788504722 ], [ 35.001755627637785, 46.114878512789552 ], [ 35.000206168438581, 46.09885288112752 ], [ 35.006635756281419, 46.083632068887674 ], [ 35.016923414363184, 46.073334536334762 ], [ 35.039744812067298, 46.061465500196782 ], [ 35.077350894483487, 46.056744435880795 ], [ 35.099216951286515, 46.061201784383186 ], [ 35.114019476137898, 46.068347542064139 ], [ 35.127682328839569, 46.081041687388151 ], [ 35.133373543235955, 46.092938707406276 ], [ 35.134961725415188, 46.108958084583684 ], [ 35.128568790033491, 46.124182787997924 ], [ 35.116242637624765, 46.136550861839176 ], [ 35.097980234694774, 46.146060524891567 ], [ 35.057805521973904, 46.151110619044253 ], [ 35.035902736332453, 46.146648601419386 ] ], [ [ 34.837105484336824, 45.956939182440223 ], [ 34.822365319864105, 45.949749485795991 ], [ 34.808806168772598, 45.93700697135445 ], [ 34.80320702140429, 45.925084448042973 ], [ 34.802911951346402, 45.903499827414329 ], [ 34.813067785830704, 45.882429342602897 ], [ 34.827927059302723, 45.869786154398497 ], [ 34.827043335830275, 45.866291851192912 ], [ 34.839395160721118, 45.85395660115941 ], [ 34.844395507136994, 45.853338760168981 ], [ 34.848068937901999, 45.847479715247253 ], [ 34.866295491362287, 45.838018384104934 ], [ 34.903779048750138, 45.83337181488843 ], [ 34.925544055193129, 45.837874480168168 ], [ 34.940261037158777, 45.845052060060716 ], [ 34.953819575407508, 45.857777255322951 ], [ 34.959885885120876, 45.871435168007622 ], [ 34.9605090990663, 45.883969826919504 ], [ 34.949251042029012, 45.910597699107697 ], [ 34.944694035484204, 45.912966980690577 ], [ 34.942367754746606, 45.924067508206669 ], [ 34.93208633070978, 45.934356033060347 ], [ 34.927080603540105, 45.934978554866895 ], [ 34.917240222801865, 45.947012704248472 ], [ 34.898992046467342, 45.956485813265829 ], [ 34.858919945294055, 45.961450256738985 ], [ 34.837105484336824, 45.956939182440223 ] ] ], [ [ [ 36.769346924630362, 46.994098355791905 ], [ 36.773196406219959, 46.971893758419512 ], [ 36.74016063240591, 46.95850860789205 ], [ 36.725880600237424, 46.946082330937472 ], [ 36.718081493332605, 46.920107723114434 ], [ 36.725520700849096, 46.901011113045897 ], [ 36.714445619949323, 46.907985859040728 ], [ 36.696756398926709, 46.910475474001046 ], [ 36.704473902401347, 46.927438135267195 ], [ 36.714135770830822, 46.933297545084088 ], [ 36.72245700123446, 46.961004229027878 ], [ 36.728556745864481, 46.96375462424318 ], [ 36.734732712331429, 46.975518874038833 ], [ 36.73637282794553, 46.989727697768089 ], [ 36.731387937603856, 46.999455624892491 ], [ 36.738980606651218, 46.998385141050584 ], [ 36.761315096380535, 47.002453323754558 ], [ 36.764890995378828, 47.005558386793076 ], [ 36.774491016275476, 47.002396695105887 ], [ 36.769346924630362, 46.994098355791905 ] ] ], [ [ [ 37.000382103849184, 46.921482946441024 ], [ 36.997329570521849, 46.920115878230661 ], [ 36.997858167144628, 46.921845154021575 ], [ 37.000382103849184, 46.921482946441024 ] ] ], [ [ [ 36.994544815393994, 47.014387098968385 ], [ 36.972727698100428, 47.012098195078345 ], [ 36.954382349484192, 47.003892485605618 ], [ 36.940042550779651, 46.991500995904673 ], [ 36.933819977352265, 46.979753734643118 ], [ 36.93551443017104, 46.993953304605235 ], [ 36.944155070931579, 46.996328828125598 ], [ 36.970847397378783, 47.023199348035277 ], [ 36.993199728255867, 47.027217389973138 ], [ 36.998133850885814, 47.017482919355366 ], [ 36.994544815393994, 47.014387098968385 ] ] ], [ [ [ 37.168732668514139, 46.980231501934441 ], [ 37.165673001328628, 46.978869974775918 ], [ 37.166208110449134, 46.980597766915714 ], [ 37.168732668514139, 46.980231501934441 ] ] ], [ [ [ 37.252477229300197, 47.020407931959383 ], [ 37.218244827020797, 47.003729291247737 ], [ 37.199180293958904, 46.984836617951601 ], [ 37.194131474259962, 46.985570491653014 ], [ 37.193595372369323, 46.983842945630151 ], [ 37.188546503130631, 46.984576561278686 ], [ 37.188010599808365, 46.982848965997164 ], [ 37.182961681110996, 46.983582323596487 ], [ 37.182425976349954, 46.981854679073962 ], [ 37.177377008274952, 46.982587778627703 ], [ 37.176841502067958, 46.980860084881805 ], [ 37.17179248469639, 46.981592926393681 ], [ 37.171257177036232, 46.979865183442016 ], [ 37.168732668514139, 46.980231501934441 ], [ 37.168884399217731, 46.989236649678908 ], [ 37.183651970469768, 46.994314812055997 ], [ 37.191919386266996, 47.003946735391779 ], [ 37.21931941514034, 47.007183933696879 ], [ 37.234633770637799, 47.013981394321277 ], [ 37.245977924632946, 47.024966983224047 ], [ 37.252477229300197, 47.020407931959383 ] ] ], [ [ [ 36.698696636407313, 47.153888001014607 ], [ 36.707202345346985, 47.138249297669589 ], [ 36.705109934296914, 47.131322435662646 ], [ 36.711074793439423, 47.116041043166298 ], [ 36.721141998181949, 47.105597616479045 ], [ 36.732775208379365, 47.100348306818972 ], [ 36.729193035427826, 47.097242585480409 ], [ 36.712933114811037, 47.095921839746936 ], [ 36.691528210776404, 47.086295898098733 ], [ 36.680271856728858, 47.075241191216634 ], [ 36.666170083612755, 47.089856820579776 ], [ 36.668775617911209, 47.098517102510328 ], [ 36.661303754658057, 47.117617334418149 ], [ 36.649204415893998, 47.13014488566872 ], [ 36.630980050761941, 47.13991800337984 ], [ 36.58019292500191, 47.147013693112825 ], [ 36.557798550795596, 47.142914046196822 ], [ 36.536393814632412, 47.133256813510009 ], [ 36.535358789931401, 47.129790497292312 ], [ 36.530279546334469, 47.130496688148767 ], [ 36.533901909481074, 47.142629007581633 ], [ 36.527881006948284, 47.157907229685222 ], [ 36.517762720060411, 47.168338823416384 ], [ 36.50811313048149, 47.171483679749812 ], [ 36.551837067857441, 47.167211557661084 ], [ 36.557957034589244, 47.169969925927376 ], [ 36.606231286946191, 47.163236424389389 ], [ 36.628636382015962, 47.167324893308276 ], [ 36.643945209010724, 47.17420828148142 ], [ 36.65522142072895, 47.185265662088248 ], [ 36.683166537535818, 47.181345023201978 ], [ 36.706106245651029, 47.187148086743278 ], [ 36.713726590899597, 47.1860760556212 ], [ 36.700344543962949, 47.168099081464099 ], [ 36.698696636407313, 47.153888001014607 ] ] ], [ [ [ 37.308195729080651, 47.122416675780897 ], [ 37.319756960977131, 47.117112163436097 ], [ 37.302955309940899, 47.114154185544578 ], [ 37.287779608496777, 47.116373496292567 ], [ 37.264838086209608, 47.110695211369716 ], [ 37.257963524783534, 47.122533264829286 ], [ 37.262657369332317, 47.129071773962373 ], [ 37.286874989119724, 47.12192328032166 ], [ 37.308195729080651, 47.122416675780897 ] ] ], [ [ [ 36.89178336763554, 47.231289152154517 ], [ 36.889888808132909, 47.242393066941453 ], [ 36.902590782385865, 47.240584113280974 ], [ 36.903005363351255, 47.23330219779146 ], [ 36.89178336763554, 47.231289152154517 ] ] ], [ [ [ 37.042583161638298, 47.307229529748618 ], [ 37.034957888799489, 47.308325537952967 ], [ 37.028942759795036, 47.314607743668716 ], [ 37.044195124192846, 47.312415820192093 ], [ 37.042583161638298, 47.307229529748618 ] ] ], [ [ [ 36.775904624509366, 47.477066028716798 ], [ 36.794092436199492, 47.45824197454327 ], [ 36.808339513988223, 47.452614905032128 ], [ 36.809826492479125, 47.448792362081548 ], [ 36.794409741853499, 47.441942695760297 ], [ 36.779954953392547, 47.429537150134536 ], [ 36.778362353848046, 47.424344131392459 ], [ 36.77219973461969, 47.421602342032287 ], [ 36.769017390017801, 47.411215847378664 ], [ 36.763916981311489, 47.411935616768801 ], [ 36.745437696669434, 47.403705896187404 ], [ 36.733555990361971, 47.390932676694753 ], [ 36.727928121858319, 47.389919184863601 ], [ 36.720370740263171, 47.400012004694517 ], [ 36.701551056657223, 47.408075642746809 ], [ 36.700056071327637, 47.411897416226758 ], [ 36.711845021457613, 47.415658117769972 ], [ 36.726280623911961, 47.428074728618057 ], [ 36.733693613322473, 47.452314637506483 ], [ 36.744433739857392, 47.452607947095736 ], [ 36.759849010487038, 47.459464992043785 ], [ 36.774309774827373, 47.471872948283682 ], [ 36.775904624509366, 47.477066028716798 ] ] ], [ [ [ 37.031669058927072, 47.451484545148773 ], [ 37.029269311911222, 47.460860734221804 ], [ 37.043095206658222, 47.462487435082025 ], [ 37.043483681252773, 47.45520623981249 ], [ 37.031669058927072, 47.451484545148773 ] ] ], [ [ [ 37.043635418906099, 47.464216153419848 ], [ 37.045644333189664, 47.462121077043328 ], [ 37.043095206658222, 47.462487435082025 ], [ 37.043635418906099, 47.464216153419848 ] ] ], [ [ [ 37.251467946661094, 47.506406902207011 ], [ 37.24837157703422, 47.505051183604138 ], [ 37.24891933199131, 47.50677809472468 ], [ 37.251467946661094, 47.506406902207011 ] ] ], [ [ [ 37.763519641176892, 47.490208200827453 ], [ 37.760414346301317, 47.488868320441405 ], [ 37.76097855815641, 47.49059066306301 ], [ 37.763519641176892, 47.490208200827453 ] ] ], [ [ [ 36.840392464398001, 47.634122498396124 ], [ 36.847947700349074, 47.624019118019696 ], [ 36.830030045067353, 47.626558164507927 ], [ 36.821278331785088, 47.624184336950549 ], [ 36.828127829876969, 47.637666350634099 ], [ 36.840392464398001, 47.634122498396124 ] ] ], [ [ [ 36.994967089535336, 47.675337516257876 ], [ 37.006448540421857, 47.686340739895201 ], [ 37.011569463436402, 47.685607012778142 ], [ 37.010326902652629, 47.673137592598138 ], [ 36.994967089535336, 47.675337516257876 ] ] ], [ [ [ 37.812177832183167, 47.589511047344224 ], [ 37.809064826608513, 47.58817331799375 ], [ 37.809632598126818, 47.589895189783071 ], [ 37.812177832183167, 47.589511047344224 ] ] ], [ [ [ 36.891858635723878, 47.747862537802256 ], [ 36.887672284879436, 47.743037189453005 ], [ 36.88929361383245, 47.748227112198684 ], [ 36.891858635723878, 47.747862537802256 ] ] ], [ [ [ 37.9282329963047, 47.617122237745548 ], [ 37.93243390102954, 47.605636895726803 ], [ 37.916908891197608, 47.615227700697758 ], [ 37.909273522780985, 47.616387406829304 ], [ 37.914992138915473, 47.63359664733423 ], [ 37.91021418235529, 47.643361313878856 ], [ 37.934530776460939, 47.636050459728651 ], [ 37.9282329963047, 47.617122237745548 ] ] ], [ [ [ 36.936539312799361, 47.839076256954222 ], [ 36.943157845967363, 47.834518695880767 ], [ 36.942070058286106, 47.831059732126285 ], [ 36.936389392676929, 47.830062489262296 ], [ 36.921770142908308, 47.817689154944453 ], [ 36.912547958183886, 47.788284079726331 ], [ 36.899031165564928, 47.779365672274317 ], [ 36.887809524231407, 47.752051597957013 ], [ 36.889028733795747, 47.764525980067113 ], [ 36.88309058897412, 47.779824323152859 ], [ 36.878497906563666, 47.782283441465466 ], [ 36.8822847875064, 47.794393660202211 ], [ 36.887960845369022, 47.795394208793148 ], [ 36.91352310457745, 47.817056181290759 ], [ 36.919891396952288, 47.828798552630474 ], [ 36.921668252287255, 47.843001659574213 ], [ 36.915736889562218, 47.858302282343402 ], [ 36.931156778871753, 47.856106681174865 ], [ 36.936539312799361, 47.839076256954222 ] ] ], [ [ [ 37.753940729312809, 47.688665811242835 ], [ 37.760167202205466, 47.675075564778162 ], [ 37.755066964753063, 47.675842518414619 ], [ 37.749686568121668, 47.683882127854702 ], [ 37.7360837492146, 47.691348800632156 ], [ 37.742888890382154, 47.695749860266922 ], [ 37.749415949458502, 47.707423366695771 ], [ 37.751410449841863, 47.721585877284312 ], [ 37.766155278794436, 47.717560973866682 ], [ 37.756502718163134, 47.704550346000829 ], [ 37.753940729312809, 47.688665811242835 ] ] ], [ [ [ 37.153424477528127, 47.795291621794789 ], [ 37.149760401242119, 47.792206937468158 ], [ 37.150860489524284, 47.795662314716381 ], [ 37.153424477528127, 47.795291621794789 ] ] ], [ [ [ 37.155988414012576, 47.794920873741809 ], [ 37.153424477528127, 47.795291621794789 ], [ 37.153974676811465, 47.797019280126406 ], [ 37.15653869116565, 47.796648509757041 ], [ 37.155988414012576, 47.794920873741809 ] ] ], [ [ [ 37.163318173186575, 47.801089545789608 ], [ 37.160203518641858, 47.799732895673948 ], [ 37.160754028290725, 47.80146049339465 ], [ 37.163318173186575, 47.801089545789608 ] ] ], [ [ [ 37.165882266520093, 47.80071854304984 ], [ 37.163318173186575, 47.801089545789608 ], [ 37.164419502930876, 47.80454468059424 ], [ 37.171751851137621, 47.810712557608433 ], [ 37.179996406812627, 47.811326077408332 ], [ 37.178342547384638, 47.806143782312624 ], [ 37.165882266520093, 47.80071854304984 ] ] ], [ [ [ 37.424085889200043, 47.80280333107163 ], [ 37.423939858404523, 47.777519262404937 ], [ 37.377859506471069, 47.784290164493164 ], [ 37.361605601956548, 47.792096002503044 ], [ 37.372633019274573, 47.801324179087636 ], [ 37.378769284204168, 47.820306873198817 ], [ 37.405507065835835, 47.819996008294368 ], [ 37.433684585422611, 47.815851247343481 ], [ 37.424085889200043, 47.80280333107163 ] ] ], [ [ [ 37.944966290929116, 47.755598174381575 ], [ 37.941839301913944, 47.754265663187674 ], [ 37.942414763067312, 47.755986274576671 ], [ 37.944966290929116, 47.755598174381575 ] ] ], [ [ [ 37.009716013717394, 47.926210999259233 ], [ 36.988425481529859, 47.918413195083581 ], [ 36.983443452420865, 47.928161731475981 ], [ 37.009716013717394, 47.926210999259233 ] ] ], [ [ [ 36.98399055295733, 47.92989082959766 ], [ 36.980870702389062, 47.928529386908714 ], [ 36.981417724193506, 47.930258507189812 ], [ 36.98399055295733, 47.92989082959766 ] ] ], [ [ [ 37.014860488760583, 47.925474366923268 ], [ 37.009716013717394, 47.926210999259233 ], [ 37.010263952687822, 47.927939870359523 ], [ 37.01540858507024, 47.927203193632145 ], [ 37.014860488760583, 47.925474366923268 ] ] ], [ [ [ 37.020553011605408, 47.9264662948571 ], [ 37.015956732841687, 47.928932015077223 ], [ 37.021101316705014, 47.92819507189585 ], [ 37.020553011605408, 47.9264662948571 ] ] ], [ [ [ 37.021649673285303, 47.929923843667382 ], [ 37.026245694645553, 47.927457906677773 ], [ 37.021101316705014, 47.92819507189585 ], [ 37.021649673285303, 47.929923843667382 ] ] ], [ [ [ 37.052513793826279, 47.925497255908084 ], [ 37.02679420854291, 47.929186634028028 ], [ 37.027342773939822, 47.930915356107661 ], [ 37.044423036380181, 47.933887996306197 ], [ 37.053612548769543, 47.928954250177533 ], [ 37.052513793826279, 47.925497255908084 ] ] ], [ [ [ 37.393260227515853, 47.923025642263191 ], [ 37.390132556450276, 47.921676904749177 ], [ 37.390693074914829, 47.923402440897171 ], [ 37.393260227515853, 47.923025642263191 ] ] ], [ [ [ 37.390693074914829, 47.923402440897171 ], [ 37.354747426253745, 47.928671825675146 ], [ 37.344143868819025, 47.937454935894351 ], [ 37.394381578031222, 47.926476652791891 ], [ 37.390693074914829, 47.923402440897171 ] ] ], [ [ [ 37.025836035070206, 48.298103332405788 ], [ 37.020654508022695, 48.298844718271525 ], [ 37.011216324510002, 48.294770142996327 ], [ 37.015658705416982, 48.308599988768641 ], [ 37.025836035070206, 48.298103332405788 ] ] ], [ [ [ 37.490649827487317, 48.514565786336725 ], [ 37.501039044423784, 48.496750703971031 ], [ 37.493255223023695, 48.49789826681544 ], [ 37.478556255455771, 48.49463601885018 ], [ 37.486034115200326, 48.517055137647461 ], [ 37.490649827487317, 48.514565786336725 ] ] ], [ [ [ 37.234461437751619, 48.803493630652873 ], [ 37.249891314772995, 48.792211249046545 ], [ 37.241478989538969, 48.791620302789191 ], [ 37.225551332984487, 48.784878172081584 ], [ 37.224407278073308, 48.781424685771412 ], [ 37.204073882743018, 48.786173747543451 ], [ 37.214692912373884, 48.809972257448877 ], [ 37.234461437751619, 48.803493630652873 ] ] ], [ [ [ 37.341241729975579, 48.967162991839658 ], [ 37.312134978345732, 48.962347673174158 ], [ 37.313565145334664, 48.974810151510717 ], [ 37.346762584964594, 48.975409391296736 ], [ 37.349104494203182, 48.966017604694507 ], [ 37.341241729975579, 48.967162991839658 ] ] ], [ [ [ 37.517068553175598, 48.96675419921803 ], [ 37.508626937163015, 48.966186870023797 ], [ 37.50921247458411, 48.967911044815075 ], [ 37.517068553175598, 48.96675419921803 ] ] ], [ [ [ 37.517068553175598, 48.96675419921803 ], [ 37.537156869146877, 48.969224681555403 ], [ 37.540047253289863, 48.961556677638804 ], [ 37.521719711085424, 48.964258624328352 ], [ 37.522305660246438, 48.965982682720345 ], [ 37.517068553175598, 48.96675419921803 ] ] ], [ [ [ 37.284798257967637, 49.069494641292167 ], [ 37.281591308064769, 49.068149464313983 ], [ 37.282171088174096, 49.069875623063105 ], [ 37.284798257967637, 49.069494641292167 ] ] ], [ [ [ 38.199999159552419, 48.96899593475441 ], [ 38.168075357126, 48.972087990398819 ], [ 38.176947045379073, 48.981595539129515 ], [ 38.187387608764162, 48.979992101413693 ], [ 38.204875951166933, 48.982738757908905 ], [ 38.199999159552419, 48.96899593475441 ] ] ], [ [ [ 38.205485810246806, 48.984456583052022 ], [ 38.207485844201997, 48.982337344607799 ], [ 38.204875951166933, 48.982738757908905 ], [ 38.205485810246806, 48.984456583052022 ] ] ], [ [ [ 37.490937244957621, 49.140791485886922 ], [ 37.502310652015048, 49.133687676818724 ], [ 37.496466794546357, 49.132735987016936 ], [ 37.478072060398567, 49.135437916179661 ], [ 37.460540864148257, 49.132577961499983 ], [ 37.473403726538784, 49.13793382195221 ], [ 37.48218906982472, 49.147508580194028 ], [ 37.487446153682008, 49.146736561947613 ], [ 37.490937244957621, 49.140791485886922 ] ] ], [ [ [ 38.092554190583328, 49.155754474719501 ], [ 38.082198188887496, 49.126533673859662 ], [ 38.087804256318407, 49.111184542736872 ], [ 38.097850996985024, 49.100592465726798 ], [ 38.116353177206179, 49.090518883935069 ], [ 38.124203370302041, 49.089318548030221 ], [ 38.126999002154186, 49.081644001733835 ], [ 38.123344427436258, 49.071332761053831 ], [ 38.128755095357427, 49.063258299984234 ], [ 38.123885459143096, 49.049510017247755 ], [ 38.086854977145023, 49.046110148598743 ], [ 38.067525766068272, 49.038189286511624 ], [ 38.052220423230722, 49.026029627084533 ], [ 38.045369527343688, 49.014392870536419 ], [ 38.042539750094896, 48.99852119399992 ], [ 38.048153976480769, 48.983175489049728 ], [ 38.058190435522995, 48.972589710476484 ], [ 38.081275915949938, 48.960012010839158 ], [ 38.044723654307944, 48.965584772622606 ], [ 38.02684885292188, 48.97736167179869 ], [ 37.999317330566981, 48.985168252530258 ], [ 38.017812578827467, 48.998660037476071 ], [ 38.026466958291273, 49.015457753820712 ], [ 38.028084349564942, 49.027891566325117 ], [ 38.02246171271117, 49.043237892170872 ], [ 38.017834999358939, 49.045752552224918 ], [ 38.025896511817926, 49.060830389938005 ], [ 38.027323712607021, 49.080540100248847 ], [ 38.038621253421603, 49.096937724839336 ], [ 38.040249631788306, 49.109371348377778 ], [ 38.034819679630466, 49.117443827059304 ], [ 38.039069055833188, 49.129479212383082 ], [ 38.035043329312899, 49.133714832192041 ], [ 38.047199034846997, 49.16810071851053 ], [ 38.07018451970572, 49.162789104875117 ], [ 38.089141673162771, 49.161710685315924 ], [ 38.09822423230036, 49.163948465727159 ], [ 38.099015034955293, 49.158392136793481 ], [ 38.092554190583328, 49.155754474719501 ] ] ], [ [ [ 37.530961545535447, 49.225448915590071 ], [ 37.506358303955999, 49.218202518065809 ], [ 37.499322967914708, 49.213803681864277 ], [ 37.492607312993457, 49.2184120970999 ], [ 37.497010526948728, 49.223198115701372 ], [ 37.513985937222984, 49.224324847731694 ], [ 37.533920528152947, 49.234068354129263 ], [ 37.530961545535447, 49.225448915590071 ] ] ], [ [ [ 37.670030466189957, 49.195825940823603 ], [ 37.666911232336673, 49.210778881142566 ], [ 37.676832094101535, 49.207493732105121 ], [ 37.670030466189957, 49.195825940823603 ] ] ], [ [ [ 38.350087656962771, 49.165070270956946 ], [ 38.346851532976352, 49.163759569228723 ], [ 38.347470200754202, 49.165476016728206 ], [ 38.350087656962771, 49.165070270956946 ] ] ], [ [ [ 38.316526832088613, 49.179329262145394 ], [ 38.321764030795926, 49.178518949545925 ], [ 38.352139181518396, 49.193750422200516 ], [ 38.346424010421622, 49.185574225064052 ], [ 38.347470200754202, 49.165476016728206 ], [ 38.316526832088613, 49.179329262145394 ] ] ], [ [ [ 37.386520230761832, 49.353459845351935 ], [ 37.381238398864518, 49.354229626998759 ], [ 37.375082054666983, 49.360559638851534 ], [ 37.376260221421006, 49.364010127279563 ], [ 37.386520230761832, 49.353459845351935 ] ] ], [ [ [ 38.364335135139001, 49.204546262569544 ], [ 38.366816138632778, 49.211411311700729 ], [ 38.371918017354311, 49.217869699601721 ], [ 38.372055287957544, 49.210598330083499 ], [ 38.364335135139001, 49.204546262569544 ] ] ], [ [ [ 38.367919259306539, 49.222115247959941 ], [ 38.369298085865978, 49.218276259756614 ], [ 38.366678095365806, 49.218682762932517 ], [ 38.367919259306539, 49.222115247959941 ] ] ], [ [ [ 37.947938920749742, 49.286427349923095 ], [ 37.957650650637845, 49.290395088414037 ], [ 37.955219614229058, 49.283514957918975 ], [ 37.947938920749742, 49.286427349923095 ] ] ], [ [ [ 38.371644167818459, 49.232412551336701 ], [ 38.368402579435006, 49.231102967326308 ], [ 38.369023463224181, 49.232819193214965 ], [ 38.371644167818459, 49.232412551336701 ] ] ], [ [ [ 38.105340891603305, 49.300578630725859 ], [ 38.112172419047859, 49.288662574728889 ], [ 38.096938737582867, 49.269241160716476 ], [ 38.096682191896264, 49.252971223021532 ], [ 38.086179029473229, 49.254572960479727 ], [ 38.093522110798702, 49.275198701493942 ], [ 38.088089721227988, 49.283275611347776 ], [ 38.098858596662076, 49.297943148683373 ], [ 38.101748707933773, 49.313812424100959 ], [ 38.108407784505047, 49.309171844883934 ], [ 38.105340891603305, 49.300578630725859 ] ] ], [ [ [ 38.102975611817293, 49.317249786960893 ], [ 38.099733183048372, 49.315932130191953 ], [ 38.10034658141705, 49.317650832712708 ], [ 38.102975611817293, 49.317249786960893 ] ] ], [ [ [ 38.101573553685085, 49.321088219249575 ], [ 38.098330866544885, 49.31977054155621 ], [ 38.098944299089084, 49.321489255915601 ], [ 38.101573553685085, 49.321088219249575 ] ] ], [ [ [ 38.100171339730124, 49.324926666130196 ], [ 38.096928394176281, 49.323608967502814 ], [ 38.097541860890225, 49.325327693701297 ], [ 38.100171339730124, 49.324926666130196 ] ] ], [ [ [ 38.098768969892774, 49.328765127594366 ], [ 38.095525765882861, 49.32744740802346 ], [ 38.096139266760815, 49.329166146061354 ], [ 38.098768969892774, 49.328765127594366 ] ] ], [ [ [ 38.097366444113334, 49.332603603633729 ], [ 38.094122981604976, 49.331285863109734 ], [ 38.09473651664117, 49.333004612987466 ], [ 38.097366444113334, 49.332603603633729 ] ] ], [ [ [ 38.095350110214547, 49.334723356697779 ], [ 38.092106530631789, 49.333405564868798 ], [ 38.092720041282931, 49.33512433275331 ], [ 38.095350110214547, 49.334723356697779 ] ] ], [ [ [ 38.090089913813806, 49.335525251330125 ], [ 38.093333610471589, 49.33684309447127 ], [ 38.092720041282931, 49.33512433275331 ], [ 38.090089913813806, 49.335525251330125 ] ] ], [ [ [ 38.090703400066488, 49.337244037220806 ], [ 38.086056182533632, 49.339764578325934 ], [ 38.086669619949177, 49.341483400227126 ], [ 38.091930548192337, 49.340681590504381 ], [ 38.090703400066488, 49.337244037220806 ] ] ], [ [ [ 38.261465870266612, 49.410773087886078 ], [ 38.272284603830151, 49.394604172134905 ], [ 38.29347180702181, 49.3840858528281 ], [ 38.28974327523229, 49.373784423451731 ], [ 38.275500952977076, 49.365104367000974 ], [ 38.268529945961497, 49.353489883694756 ], [ 38.265579593785851, 49.337630614096248 ], [ 38.271132578773354, 49.322273877622663 ], [ 38.288426013910012, 49.308730996784782 ], [ 38.289959142586156, 49.297618850700026 ], [ 38.301990464957662, 49.284885670682847 ], [ 38.320503132242173, 49.274773987604995 ], [ 38.330997265137221, 49.273150470130943 ], [ 38.332379651330932, 49.269311349529083 ], [ 38.295649182675483, 49.274989776638357 ], [ 38.274805229283487, 49.270956466721756 ], [ 38.272649213283707, 49.28035139159342 ], [ 38.262617042264829, 49.290960317972029 ], [ 38.246092247520913, 49.298942833569406 ], [ 38.249183436883705, 49.307529518806057 ], [ 38.245167059337177, 49.311772814878758 ], [ 38.256608303252939, 49.32813692457654 ], [ 38.259554356367289, 49.343996711062694 ], [ 38.253996653282314, 49.359353728526258 ], [ 38.241317665234028, 49.370368225170843 ], [ 38.238535550595557, 49.378046838897184 ], [ 38.245974444863613, 49.398655188364785 ], [ 38.246294972926492, 49.41492081020349 ], [ 38.261465870266612, 49.410773087886078 ] ] ], [ [ [ 38.246915632411998, 49.416638124161508 ], [ 38.243662766310251, 49.415325700373302 ], [ 38.244283342795875, 49.417043038733567 ], [ 38.246915632411998, 49.416638124161508 ] ] ], [ [ [ 37.829017497479228, 49.523581820381089 ], [ 37.838584552261636, 49.511274732216322 ], [ 37.857291538575495, 49.5012199081321 ], [ 37.894278120842962, 49.495662417532813 ], [ 37.897730535973082, 49.489706057623728 ], [ 37.90707387407646, 49.484675097754938 ], [ 37.871726451772197, 49.479117697170437 ], [ 37.870912285086312, 49.484676723760309 ], [ 37.8587159823931, 49.497381605248734 ], [ 37.840010679962532, 49.507436463152949 ], [ 37.816830055516427, 49.512721144781651 ], [ 37.797717083303269, 49.513768209654444 ], [ 37.788571857284744, 49.51151077186362 ], [ 37.792820187028624, 49.523561110941905 ], [ 37.789959468618981, 49.531237390180166 ], [ 37.812545157686557, 49.524235751426517 ], [ 37.829017497479228, 49.523581820381089 ] ] ], [ [ [ 38.539989762360811, 49.42009808333561 ], [ 38.513400473179821, 49.400686063432161 ], [ 38.508145204073124, 49.401507767944928 ], [ 38.512552917484733, 49.413511655993268 ], [ 38.509185679923014, 49.419478052737375 ], [ 38.524956433147956, 49.417011455361909 ], [ 38.539989762360811, 49.42009808333561 ] ] ], [ [ [ 37.790566669573131, 49.532958866873741 ], [ 37.787314573539199, 49.5316325546587 ], [ 37.787921690050965, 49.533354055241553 ], [ 37.790566669573131, 49.532958866873741 ] ] ], [ [ [ 38.288705749607949, 49.562497532545585 ], [ 38.29252258526688, 49.534710917119462 ], [ 38.301198514483502, 49.527933412604341 ], [ 38.299323686840147, 49.522783067991625 ], [ 38.283780149558623, 49.510674381102646 ], [ 38.279413317056928, 49.498655648151903 ], [ 38.255830518711576, 49.49503442758779 ], [ 38.231777896898791, 49.482415680811314 ], [ 38.228220538826363, 49.495652783316999 ], [ 38.242500790185133, 49.504336436243186 ], [ 38.252467730963225, 49.53181285326 ], [ 38.246900326770266, 49.547173809626187 ], [ 38.238212700948004, 49.553948322592838 ], [ 38.257027504805158, 49.567374586389022 ], [ 38.260774699843438, 49.577677509491018 ], [ 38.287178854862645, 49.573612405219045 ], [ 38.296350653422792, 49.575825366102862 ], [ 38.288705749607949, 49.562497532545585 ] ] ], [ [ [ 38.437006573080104, 49.503268491920046 ], [ 38.43374324514383, 49.501962722336003 ], [ 38.434372371460483, 49.50367825556885 ], [ 38.437006573080104, 49.503268491920046 ] ] ], [ [ [ 37.783726882560003, 49.608284407179518 ], [ 37.788416259557692, 49.605771824540156 ], [ 37.787198942839353, 49.602328868530257 ], [ 37.78129292742917, 49.601398303806178 ], [ 37.783726882560003, 49.608284407179518 ] ] ], [ [ [ 38.440899479595195, 49.506289619220581 ], [ 38.437635842502665, 49.504983994050612 ], [ 38.438265172019541, 49.506699489758503 ], [ 38.440899479595195, 49.506289619220581 ] ] ], [ [ [ 38.44353372706265, 49.505879691162527 ], [ 38.440899479595195, 49.506289619220581 ], [ 38.441528952245164, 49.508005083816727 ], [ 38.444163282736966, 49.507595131067291 ], [ 38.44353372706265, 49.505879691162527 ] ] ], [ [ [ 37.794931868830361, 49.608423361577302 ], [ 37.791673979404301, 49.60709764916718 ], [ 37.79228286863529, 49.608819088178883 ], [ 37.794931868830361, 49.608423361577302 ] ] ], [ [ [ 38.678544398931741, 49.576061348573795 ], [ 38.65962311498506, 49.562719156150472 ], [ 38.652522530263973, 49.551140359271372 ], [ 38.6514125334607, 49.533175933612213 ], [ 38.640881411925811, 49.534834894403758 ], [ 38.644704950141872, 49.545116171027196 ], [ 38.639269676809036, 49.560483612098736 ], [ 38.625288642409181, 49.5753814981354 ], [ 38.639019021366749, 49.582290899296957 ], [ 38.656746816200005, 49.584940860869452 ], [ 38.668005640229062, 49.577723826364824 ], [ 38.678544398931741, 49.576061348573795 ] ] ], [ [ [ 37.838111070511175, 49.714344687936524 ], [ 37.848928472531639, 49.705473635004168 ], [ 37.831781619037983, 49.704415832550261 ], [ 37.830148435001604, 49.715536503919353 ], [ 37.815239705979998, 49.728642623808241 ], [ 37.831169990060665, 49.726260058658703 ], [ 37.838111070511175, 49.714344687936524 ] ] ], [ [ [ 38.337540398024046, 49.703668964372369 ], [ 38.331114312131234, 49.693779112250581 ], [ 38.325822215015023, 49.694596037704336 ], [ 38.315366757862179, 49.688954670238338 ], [ 38.288904210709141, 49.6930330892596 ], [ 38.265220003116838, 49.689423451113974 ], [ 38.261318885280104, 49.686396227064584 ], [ 38.252612695200973, 49.693174849805033 ], [ 38.253866769068836, 49.696609192000373 ], [ 38.272887976609319, 49.702752521550501 ], [ 38.288504606595076, 49.714857977575988 ], [ 38.296184711667884, 49.728184566052619 ], [ 38.297942236513371, 49.740609806093055 ], [ 38.291122530139212, 49.752542428866406 ], [ 38.295661745212946, 49.757284743206945 ], [ 38.300961533316972, 49.756468448819867 ], [ 38.303869969146298, 49.741510294406041 ], [ 38.313963456847745, 49.73088576444971 ], [ 38.332625423090199, 49.720751465515157 ], [ 38.355818726228122, 49.715354462729188 ], [ 38.337540398024046, 49.703668964372369 ] ] ], [ [ [ 38.356449863448418, 49.717070666036392 ], [ 38.358465499635905, 49.71494521941419 ], [ 38.355818726228122, 49.715354462729188 ], [ 38.356449863448418, 49.717070666036392 ] ] ], [ [ [ 38.61763799125341, 49.667288424765175 ], [ 38.600517212893635, 49.66634898829075 ], [ 38.580207259123313, 49.656836394417503 ], [ 38.572832852907069, 49.667062825578988 ], [ 38.562905607092063, 49.670432149258389 ], [ 38.557530307854414, 49.678530223773137 ], [ 38.542951850869706, 49.684439695941606 ], [ 38.553335863664287, 49.697327987925917 ], [ 38.553243668754, 49.704599024834359 ], [ 38.586324369061558, 49.695788509736289 ], [ 38.605458992567023, 49.694600429611235 ], [ 38.6291542753466, 49.698134834504998 ], [ 38.61763799125341, 49.667288424765175 ] ] ], [ [ [ 38.217945245844973, 49.881678089213139 ], [ 38.214657514507266, 49.880367634062807 ], [ 38.215287336168167, 49.882085107312435 ], [ 38.217945245844973, 49.881678089213139 ] ] ], [ [ [ 37.584186977162894, 50.002194332338817 ], [ 37.612599479083059, 49.987134331854783 ], [ 37.615500887441286, 49.979455068258915 ], [ 37.59946900390355, 49.981816625025097 ], [ 37.587936779162042, 49.988952491897408 ], [ 37.569226340189431, 49.99170336657275 ], [ 37.57907424003939, 49.995694542922003 ], [ 37.584186977162894, 50.002194332338817 ] ] ], [ [ [ 38.065865696105512, 49.926621993515631 ], [ 38.074478839895917, 49.927129025691201 ], [ 38.084344471227119, 49.931072726452605 ], [ 38.075263710997348, 49.921568734898813 ], [ 38.065865696105512, 49.926621993515631 ] ] ], [ [ [ 38.087633358002883, 49.932387065480313 ], [ 38.084344471227119, 49.931072726452605 ], [ 38.084970789472933, 49.932791392220565 ], [ 38.087633358002883, 49.932387065480313 ] ] ], [ [ [ 38.690922682281851, 49.93702504193206 ], [ 38.726125666903435, 49.926026464384222 ], [ 38.732249914810318, 49.905092929338913 ], [ 38.737553097049677, 49.904254883161741 ], [ 38.742911427924859, 49.896147483176151 ], [ 38.725707673842052, 49.895236073366711 ], [ 38.711863601746444, 49.888346781793373 ], [ 38.693304817898465, 49.891274137389864 ], [ 38.669506242344241, 49.88776348959982 ], [ 38.658968262058679, 49.88216238306682 ], [ 38.63574728354358, 49.887627892272391 ], [ 38.618319980355871, 49.908512456757194 ], [ 38.63086909070951, 49.911987160358137 ], [ 38.636104476472276, 49.91842449839411 ], [ 38.661211686470807, 49.925367541715893 ], [ 38.67700430484301, 49.937402279486506 ], [ 38.684778543078679, 49.957959060545441 ], [ 38.689440572560819, 49.955409566823661 ], [ 38.690922682281851, 49.93702504193206 ] ] ], [ [ [ 38.299992127756603, 50.005147943815814 ], [ 38.292246305026353, 49.991824011757345 ], [ 38.289583402075635, 49.992233386300363 ], [ 38.289337652775203, 50.006786116629208 ], [ 38.299992127756603, 50.005147943815814 ] ] ], [ [ [ 38.300627775922862, 50.006864585527559 ], [ 38.30265559339469, 50.004738253799204 ], [ 38.299992127756603, 50.005147943815814 ], [ 38.300627775922862, 50.006864585527559 ] ] ], [ [ [ 38.460139322731301, 49.99672553089853 ], [ 38.45353600764868, 49.994121582690838 ], [ 38.454817800336649, 49.99755198460047 ], [ 38.460139322731301, 49.99672553089853 ] ] ], [ [ [ 38.202989259909728, 50.078080269675944 ], [ 38.185211746247518, 50.068095132408487 ], [ 38.179874339937456, 50.068909804514355 ], [ 38.178333335985819, 50.08003089094057 ], [ 38.202989259909728, 50.078080269675944 ] ] ], [ [ [ 38.160228258390816, 47.146001775443835 ], [ 38.157138693370165, 47.144672079089318 ], [ 38.157708961998658, 47.146390884428797 ], [ 38.160228258390816, 47.146001775443835 ] ] ], [ [ [ 39.252723975124077, 47.885048641143172 ], [ 39.259827024223696, 47.867586014407323 ], [ 39.243974752950948, 47.868384799053203 ], [ 39.237656283080518, 47.865803454019648 ], [ 39.235852787036649, 47.853428043024714 ], [ 39.211769006319713, 47.853765158458827 ], [ 39.209108006198051, 47.868684063347466 ], [ 39.199507847472056, 47.879311081077283 ], [ 39.181662974674857, 47.889478556901913 ], [ 39.222305715017484, 47.882809222946214 ], [ 39.254588266433068, 47.890172966892791 ], [ 39.252723975124077, 47.885048641143172 ] ] ], [ [ [ 39.182282106022704, 47.891187369144845 ], [ 39.174040823648745, 47.890727531964259 ], [ 39.174659731244795, 47.892436418593391 ], [ 39.182282106022704, 47.891187369144845 ] ] ], [ [ [ 39.682331876802238, 47.831547256508756 ], [ 39.689296082322002, 47.83580436900715 ], [ 39.692453052701453, 47.829838498606307 ], [ 39.682331876802238, 47.831547256508756 ] ] ], [ [ [ 39.411748209597235, 47.907638811311195 ], [ 39.399152961593494, 47.888002369698128 ], [ 39.399185579608101, 47.880754501890905 ], [ 39.390948462713631, 47.880310988804503 ], [ 39.394045057508968, 47.896092676531751 ], [ 39.387616643662909, 47.915265845816755 ], [ 39.414855329117231, 47.92341920929956 ], [ 39.418706287562415, 47.911914916111009 ], [ 39.411748209597235, 47.907638811311195 ] ] ], [ [ [ 39.684918443185524, 47.881818342829163 ], [ 39.689983966415092, 47.880963284718057 ], [ 39.690609839008815, 47.875424426476059 ], [ 39.688077386166881, 47.87585195891424 ], [ 39.684918443185524, 47.881818342829163 ] ] ], [ [ [ 39.685553940346601, 47.883522155084236 ], [ 39.682385593427995, 47.882245792333279 ], [ 39.683021017018298, 47.883949629970708 ], [ 39.685553940346601, 47.883522155084236 ] ] ], [ [ [ 39.715594990552589, 48.007050051780546 ], [ 39.712417305795292, 48.005775513938133 ], [ 39.713056474129061, 48.007479013347577 ], [ 39.715594990552589, 48.007050051780546 ] ] ], [ [ [ 39.600828763446273, 48.212980513446702 ], [ 39.598918403621411, 48.215112885373372 ], [ 39.601468886985664, 48.214685075187688 ], [ 39.600828763446273, 48.212980513446702 ] ] ], [ [ [ 39.602109070039333, 48.216389630019329 ], [ 39.606569675165503, 48.213829293504141 ], [ 39.601468886985664, 48.214685075187688 ], [ 39.602109070039333, 48.216389630019329 ] ] ], [ [ [ 39.625702334970633, 48.214241008625429 ], [ 39.612310708554517, 48.214677749776143 ], [ 39.612951251410472, 48.216382195876143 ], [ 39.625702334970633, 48.214241008625429 ] ] ], [ [ [ 39.633352270200966, 48.212955651275706 ], [ 39.630161283294569, 48.211679889662186 ], [ 39.630802351379629, 48.213384157467885 ], [ 39.633352270200966, 48.212955651275706 ] ] ], [ [ [ 39.346683494371121, 48.280659032444959 ], [ 39.339036773946923, 48.274675578211848 ], [ 39.332629638104969, 48.27935697861713 ], [ 39.322398438764857, 48.281045694474905 ], [ 39.326826333989473, 48.292996746932154 ], [ 39.365196432085121, 48.286656951454191 ], [ 39.346683494371121, 48.280659032444959 ] ] ], [ [ [ 39.365830362865616, 48.288363839911092 ], [ 39.370311441264533, 48.285810724766492 ], [ 39.365196432085121, 48.286656951454191 ], [ 39.365830362865616, 48.288363839911092 ] ] ], [ [ [ 39.376060448183026, 48.286671069155382 ], [ 39.371579665267092, 48.289224394071589 ], [ 39.376694741389507, 48.288377849989189 ], [ 39.376060448183026, 48.286671069155382 ] ] ], [ [ [ 39.377329093710983, 48.290084624044781 ], [ 39.38180958105179, 48.287531089375861 ], [ 39.376694741389507, 48.288377849989189 ], [ 39.377329093710983, 48.290084624044781 ] ] ], [ [ [ 39.408015492595389, 48.285000510472642 ], [ 39.382444085014555, 48.289237812985441 ], [ 39.383078648110796, 48.290944529812862 ], [ 39.388193554506181, 48.29009745177715 ], [ 39.395213178263226, 48.29436996418795 ], [ 39.405442717314912, 48.292674422747353 ], [ 39.408015492595389, 48.285000510472642 ] ] ], [ [ [ 39.849505730764605, 48.218083244970003 ], [ 39.845013938761134, 48.213410305215355 ], [ 39.846958823284027, 48.218516577813446 ], [ 39.849505730764605, 48.218083244970003 ] ] ], [ [ [ 39.843207790914171, 48.230029072536439 ], [ 39.854695335548961, 48.231699454692887 ], [ 39.847607238506711, 48.220218654535216 ], [ 39.845060196224551, 48.220651959570475 ], [ 39.843207790914171, 48.230029072536439 ] ] ], [ [ [ 40.019426142384027, 48.257911846269799 ], [ 40.019352540764601, 48.25067323427951 ], [ 40.014260615110764, 48.25154780891971 ], [ 40.014333499968899, 48.258786521616337 ], [ 40.019426142384027, 48.257911846269799 ] ] ], [ [ [ 39.169539370973034, 48.492763271531039 ], [ 39.194651613630839, 48.479597142048263 ], [ 39.169626104499073, 48.478253213262114 ], [ 39.165117311385252, 48.480801788932524 ], [ 39.162458386817654, 48.495731942920138 ], [ 39.168232349656286, 48.496600829269852 ], [ 39.169539370973034, 48.492763271531039 ] ] ], [ [ [ 38.851164941408911, 48.689230639574049 ], [ 38.84144780054983, 48.692598671112549 ], [ 38.828431643763302, 48.701929464122685 ], [ 38.84323972658067, 48.704995830610343 ], [ 38.859383163083315, 48.704222148621774 ], [ 38.851164941408911, 48.689230639574049 ] ] ], [ [ [ 39.076160959208821, 48.705503395049575 ], [ 39.072944516112834, 48.704213024242463 ], [ 39.073577914189933, 48.705922663802319 ], [ 39.076160959208821, 48.705503395049575 ] ] ], [ [ [ 39.047005613967066, 48.722918971875885 ], [ 39.042469600359055, 48.725466304129178 ], [ 39.050701135375988, 48.747694878627598 ], [ 39.053337642815919, 48.740017540915666 ], [ 39.061776472273152, 48.733211884260676 ], [ 39.0657780751365, 48.714438078658262 ], [ 39.073577914189933, 48.705922663802319 ], [ 39.049009601949557, 48.713532071480557 ], [ 39.047005613967066, 48.722918971875885 ] ] ], [ [ [ 39.051968418595358, 48.751114559399625 ], [ 39.048115552910794, 48.748113843901713 ], [ 39.049382679285152, 48.751533574786713 ], [ 39.051968418595358, 48.751114559399625 ] ] ], [ [ [ 39.050599218964038, 48.76221171784622 ], [ 39.046745362095415, 48.759211021672826 ], [ 39.048012889732348, 48.762630772816365 ], [ 39.050599218964038, 48.76221171784622 ] ] ], [ [ [ 39.048646742963456, 48.764340638390095 ], [ 39.045426500889917, 48.763049772384406 ], [ 39.046060275631767, 48.764759663017955 ], [ 39.048646742963456, 48.764340638390095 ] ] ], [ [ [ 38.983493589788075, 48.832877793834065 ], [ 38.989539757879939, 48.804713031302789 ], [ 38.968822785202534, 48.808055094822421 ], [ 38.960358619256461, 48.814856938455883 ], [ 38.942856303663675, 48.819488171263785 ], [ 38.934452300431452, 48.81902804158549 ], [ 38.935714852248189, 48.822449938140203 ], [ 38.95119694121577, 48.827208046607502 ], [ 38.955684426303471, 48.831923025138771 ], [ 38.973129417842003, 48.834549436588752 ], [ 38.983493589788075, 48.832877793834065 ] ] ], [ [ [ 38.660201535906801, 48.902652983357669 ], [ 38.732331398763705, 48.889405109697705 ], [ 38.740842657484599, 48.882615397317785 ], [ 38.755797359705703, 48.878424498358065 ], [ 38.733145491357064, 48.876589580488073 ], [ 38.720256912788145, 48.87138783106542 ], [ 38.712993909639501, 48.881602156980662 ], [ 38.694711004421116, 48.891751286306047 ], [ 38.671948940513978, 48.89716948739246 ], [ 38.649910145428741, 48.897031663744549 ], [ 38.646474939124694, 48.910260162987313 ], [ 38.660201535906801, 48.902652983357669 ] ] ], [ [ [ 38.643875070512152, 48.910671052376408 ], [ 38.647098370148981, 48.911973853275327 ], [ 38.646474939124694, 48.910260162987313 ], [ 38.643875070512152, 48.910671052376408 ] ] ], [ [ [ 39.783893465361139, 48.793126846570559 ], [ 39.778739603377964, 48.793998160416471 ], [ 39.774903927243756, 48.798274557241285 ], [ 39.785872133120236, 48.798234477519962 ], [ 39.783893465361139, 48.793126846570559 ] ] ], [ [ [ 39.558224623613839, 48.841916911252653 ], [ 39.563390123994381, 48.841054842994353 ], [ 39.560125416679007, 48.832530958826894 ], [ 39.563331338906927, 48.826554666910404 ], [ 39.553655551046219, 48.829983064390191 ], [ 39.558224623613839, 48.841916911252653 ] ] ], [ [ [ 39.775563236380208, 48.799977197523603 ], [ 39.769749262476843, 48.799145536699186 ], [ 39.770408417279342, 48.800848228862648 ], [ 39.775563236380208, 48.799977197523603 ] ] ], [ [ [ 39.558877593422807, 48.843621718440865 ], [ 39.555641781465454, 48.842347862769195 ], [ 39.556294673477936, 48.84405269566544 ], [ 39.558877593422807, 48.843621718440865 ] ] ], [ [ [ 39.389574428406142, 48.882614238266854 ], [ 39.396694370556716, 48.886878458331694 ], [ 39.397991446956837, 48.890291257571683 ], [ 39.407052131930875, 48.892420531749799 ], [ 39.403808113724367, 48.88388893415393 ], [ 39.389574428406142, 48.882614238266854 ] ] ], [ [ [ 39.243187590382909, 48.953842093361395 ], [ 39.265245621272719, 48.939347016763833 ], [ 39.275614136245473, 48.937646447952922 ], [ 39.260730771133055, 48.927393015069413 ], [ 39.25621889637948, 48.915438678142245 ], [ 39.241974626734937, 48.914145521641665 ], [ 39.238095929529401, 48.911153922869012 ], [ 39.232913415388467, 48.912002293633456 ], [ 39.239335467046608, 48.936338314962732 ], [ 39.234118384357572, 48.951699753088405 ], [ 39.229575833375719, 48.954256502639375 ], [ 39.234732271092767, 48.967920582115177 ], [ 39.243187590382909, 48.953842093361395 ] ] ], [ [ [ 39.745143180040266, 48.870421983100556 ], [ 39.737341539597821, 48.864480617307152 ], [ 39.728334648696688, 48.869626934043225 ], [ 39.712843651162721, 48.872235768310908 ], [ 39.727787134445556, 48.882418610063503 ], [ 39.732951639064602, 48.881548415757841 ], [ 39.736136348965651, 48.875568993541904 ], [ 39.745143180040266, 48.870421983100556 ] ] ], [ [ [ 40.076476515840959, 48.866633152060039 ], [ 40.045145975505925, 48.842976200501099 ], [ 40.039325775535104, 48.842159919468223 ], [ 39.976099869244223, 48.793105046103555 ], [ 39.944543453517376, 48.796680285748451 ], [ 39.931088690668929, 48.804418459742791 ], [ 39.89959743735325, 48.815225992900011 ], [ 39.908070775532963, 48.822855511789335 ], [ 39.917047006702703, 48.817697960669847 ], [ 39.947290068151233, 48.810726929194757 ], [ 39.965981314386291, 48.809349928995829 ], [ 39.989245468432387, 48.812630966849149 ], [ 40.008697666413681, 48.820189084166003 ], [ 40.024342405032407, 48.83202598092781 ], [ 40.033707669682684, 48.855826593317367 ], [ 40.044681818262482, 48.855759193617359 ], [ 40.060912806694802, 48.862047378899462 ], [ 40.070089713301833, 48.871360368529992 ], [ 40.078490066771352, 48.87173177021026 ], [ 40.076476515840959, 48.866633152060039 ] ] ], [ [ [ 39.060065779998752, 49.00904824033465 ], [ 39.056827184040358, 49.007759359591589 ], [ 39.057466826921051, 49.009469068439479 ], [ 39.060065779998752, 49.00904824033465 ] ] ], [ [ [ 38.488220088052692, 49.096439198746417 ], [ 38.480259633755907, 49.104933593575403 ], [ 38.470431237523229, 49.108281879361137 ], [ 38.473540442759329, 49.116858324510723 ], [ 38.483246499182947, 49.120778804361642 ], [ 38.490086496075044, 49.101584591507411 ], [ 38.488220088052692, 49.096439198746417 ] ] ], [ [ [ 39.513481396509235, 48.983601666493065 ], [ 39.515445696495931, 48.988717285618115 ], [ 39.525839416908511, 48.9942445425906 ], [ 39.513481396509235, 48.983601666493065 ] ] ], [ [ [ 39.254731002693845, 49.035377624967126 ], [ 39.258631446580573, 49.031111254648906 ], [ 39.252790232850131, 49.030254294890824 ], [ 39.254731002693845, 49.035377624967126 ] ] ], [ [ [ 39.380024498386831, 49.045617728997733 ], [ 39.408577289908713, 49.040903145578334 ], [ 39.405302744331685, 49.025117963255433 ], [ 39.4111164129801, 49.011459178054587 ], [ 39.398786486464758, 49.008054802122402 ], [ 39.394239202194356, 49.003364087000968 ], [ 39.374131021417739, 49.001241352160548 ], [ 39.370258332575617, 49.020019056966575 ], [ 39.360535138768427, 49.030691608039412 ], [ 39.350802640115589, 49.034109017954783 ], [ 39.352103311664493, 49.037522641503742 ], [ 39.362494199653575, 49.04306641123641 ], [ 39.366400582725461, 49.053306488870128 ], [ 39.380024498386831, 49.045617728997733 ] ] ], [ [ [ 39.603014317857138, 49.001328785890458 ], [ 39.599765891775355, 49.000057431573289 ], [ 39.600423921745083, 49.001761777319452 ], [ 39.603014317857138, 49.001328785890458 ] ] ], [ [ [ 39.561783037499332, 49.051756991872985 ], [ 39.571498811348008, 49.048322254565662 ], [ 39.569485977200181, 49.035957288872439 ], [ 39.574593277638577, 49.020590345676922 ], [ 39.584262229966832, 49.009904704191385 ], [ 39.598491477205059, 49.003899077885897 ], [ 39.597175512130711, 49.000490341802276 ], [ 39.568677251235755, 49.00524869962684 ], [ 39.545321317507451, 49.00188559499113 ], [ 39.525839416908511, 48.9942445425906 ], [ 39.541450825405072, 49.006158814378168 ], [ 39.55451393227731, 49.025753415444392 ], [ 39.55590106967901, 49.043665592534595 ], [ 39.549508149433784, 49.062874769992106 ], [ 39.561783037499332, 49.051756991872985 ] ] ], [ [ [ 39.103826521002247, 49.096253380376083 ], [ 39.088883446497796, 49.093236548583832 ], [ 39.090168849560001, 49.096655285093206 ], [ 39.095374823699245, 49.095810998659054 ], [ 39.119387608659991, 49.108236161174005 ], [ 39.114237329784459, 49.094563361455023 ], [ 39.103826521002247, 49.096253380376083 ] ] ], [ [ [ 39.550165916286758, 49.064579600754954 ], [ 39.546913740054535, 49.063306957763906 ], [ 39.547571428138724, 49.065011814336877 ], [ 39.550165916286758, 49.064579600754954 ] ] ], [ [ [ 39.533352395986, 49.07826582883547 ], [ 39.530099509801495, 49.076992732099733 ], [ 39.530756939131706, 49.078697752730058 ], [ 39.533352395986, 49.07826582883547 ] ] ], [ [ [ 38.811357466168552, 49.201324461704338 ], [ 38.80288397455071, 49.20086142726133 ], [ 38.804154522011849, 49.204285639995696 ], [ 38.78967229014863, 49.21747187345435 ], [ 38.804011865641584, 49.218815110763863 ], [ 38.809309554234233, 49.210717559449556 ], [ 38.814535801762368, 49.20988453616993 ], [ 38.811357466168552, 49.201324461704338 ] ] ], [ [ [ 39.747834014586054, 49.104049814126519 ], [ 39.752355261264654, 49.101473040273667 ], [ 39.747697764742014, 49.089553370430309 ], [ 39.760316089817707, 49.051129235853523 ], [ 39.769943502451589, 49.040431134084919 ], [ 39.74922278673251, 49.043925539311587 ], [ 39.746764585299154, 49.058858086667755 ], [ 39.738391974730057, 49.065712971713864 ], [ 39.735930988492058, 49.08064604103302 ], [ 39.726289391935119, 49.091343296181364 ], [ 39.70819789523037, 49.101645492141209 ], [ 39.695227246646851, 49.103824971203423 ], [ 39.699210425677215, 49.114045003969977 ], [ 39.705665969559014, 49.109330521907758 ], [ 39.723160646423118, 49.104573894544068 ], [ 39.747834014586054, 49.104049814126519 ] ] ], [ [ [ 39.897970950271343, 49.064123393869146 ], [ 39.89404275465963, 49.06116071188567 ], [ 39.89538182454568, 49.064563416827887 ], [ 39.897970950271343, 49.064123393869146 ] ] ], [ [ [ 39.022476580236621, 49.225496621357777 ], [ 39.038854709283925, 49.210155233298281 ], [ 39.061728231017817, 49.19738802742696 ], [ 39.072162760837529, 49.195699260092944 ], [ 39.064401716457283, 49.182445049239867 ], [ 39.040964116123732, 49.17898040010833 ], [ 39.024710984296171, 49.172537368049568 ], [ 39.019534855138772, 49.166118363476038 ], [ 39.003845058886284, 49.175904263092974 ], [ 39.003803046714232, 49.183165634511546 ], [ 38.995933283409613, 49.191688967751368 ], [ 39.004963212375309, 49.208370306342715 ], [ 39.006850433240032, 49.220762266158012 ], [ 39.001588089973751, 49.228865765545109 ], [ 39.019072782664409, 49.253253648396075 ], [ 39.017178987700099, 49.24086210558611 ], [ 39.022476580236621, 49.225496621357777 ] ] ], [ [ [ 39.896721146281067, 49.067966092563651 ], [ 39.892792635857681, 49.065003384584976 ], [ 39.894131801484768, 49.068406112764791 ], [ 39.896721146281067, 49.067966092563651 ] ] ], [ [ [ 39.486354596941361, 49.178615750077491 ], [ 39.50771947066881, 49.155108381011011 ], [ 39.499822657956052, 49.13464517236428 ], [ 39.504955567553488, 49.119276605774928 ], [ 39.526949038263425, 49.097475742422247 ], [ 39.530756939131706, 49.078697752730058 ], [ 39.512618865857817, 49.088971979599421 ], [ 39.48665277786781, 49.093284741611093 ], [ 39.485396704864911, 49.104379525826999 ], [ 39.473747760160371, 49.117198343698711 ], [ 39.454926446881977, 49.125760761247669 ], [ 39.451088987562798, 49.144540558023181 ], [ 39.441367580749585, 49.155222011201488 ], [ 39.431619592491884, 49.158649055526368 ], [ 39.432931533807547, 49.16206100471684 ], [ 39.451821710974208, 49.168007596014021 ], [ 39.467485710728198, 49.179929548594529 ], [ 39.474723437361341, 49.198690929667322 ], [ 39.48256294560916, 49.204649906249784 ], [ 39.487109586383646, 49.202081136684463 ], [ 39.482499358816867, 49.19014304478462 ], [ 39.486354596941361, 49.178615750077491 ] ] ], [ [ [ 39.896991333826662, 49.089702372537545 ], [ 39.897843686718119, 49.105894726320308 ], [ 39.917418060702893, 49.113458568787152 ], [ 39.901684598678493, 49.101611444527592 ], [ 39.896991333826662, 49.089702372537545 ] ] ], [ [ [ 38.781450221702279, 49.322147469185936 ], [ 38.803815114919715, 49.307707176693704 ], [ 38.796666046520016, 49.303404525901982 ], [ 38.784847846829329, 49.308912051368843 ], [ 38.781450221702279, 49.322147469185936 ] ] ], [ [ [ 39.489086331575983, 49.207197355978913 ], [ 39.485824559071318, 49.205923688397299 ], [ 39.48648345686199, 49.207629113582989 ], [ 39.489086331575983, 49.207197355978913 ] ] ], [ [ [ 39.692710016266403, 49.189551023348351 ], [ 39.70503729879524, 49.185665803567872 ], [ 39.699174610205823, 49.18483541885152 ], [ 39.683459152493739, 49.172953023012838 ], [ 39.68013549091441, 49.164435638418659 ], [ 39.671072900819823, 49.169585624192855 ], [ 39.658081657678906, 49.171763135294924 ], [ 39.656811168708472, 49.175605937405635 ], [ 39.663336809467957, 49.178142441408554 ], [ 39.670587764289998, 49.189632152493807 ], [ 39.672643430980635, 49.201992977357691 ], [ 39.692710016266403, 49.189551023348351 ] ] ], [ [ [ 38.758998173735257, 49.343850934473281 ], [ 38.755740388763904, 49.342554523105441 ], [ 38.756377175623491, 49.344267044103731 ], [ 38.758998173735257, 49.343850934473281 ] ] ], [ [ [ 39.098539277971611, 49.294824760344 ], [ 39.077656893872842, 49.290950387363687 ], [ 39.080865857819639, 49.306758185917062 ], [ 39.097220970961089, 49.298666738138081 ], [ 39.098539277971611, 49.294824760344 ] ] ], [ [ [ 38.737876061422504, 49.361711200273405 ], [ 38.747802321650568, 49.351068737081313 ], [ 38.757650930989627, 49.347692066305846 ], [ 38.756377175623491, 49.344267044103731 ], [ 38.733421581091058, 49.349722209917843 ], [ 38.725478224499312, 49.35823542152658 ], [ 38.730492037463264, 49.379204398965143 ], [ 38.737876061422504, 49.361711200273405 ] ] ], [ [ [ 39.356363928961095, 49.279936927755003 ], [ 39.343961573016742, 49.276533086548049 ], [ 39.338731212868588, 49.270134588664916 ], [ 39.333514219753042, 49.270992068341755 ], [ 39.34659910021513, 49.290616527873503 ], [ 39.358332568438122, 49.285056974961094 ], [ 39.356363928961095, 49.279936927755003 ] ] ], [ [ [ 38.733039331004854, 49.386055368097551 ], [ 38.729142103032167, 49.383045627146402 ], [ 38.730415707233398, 49.386471148503439 ], [ 38.733039331004854, 49.386055368097551 ] ] ], [ [ [ 40.033759028778604, 49.204359001978311 ], [ 40.062052164411703, 49.184985389642421 ], [ 40.029464466658958, 49.179672366979133 ], [ 40.006357665389828, 49.156388536061883 ], [ 39.980432341447354, 49.160816689940113 ], [ 39.956991385750108, 49.157552527062883 ], [ 39.933453703046425, 49.147037872482613 ], [ 39.929711654013168, 49.158567745952944 ], [ 39.933850421914272, 49.17601868453584 ], [ 39.959790944455484, 49.171599990050026 ], [ 39.983239139807765, 49.174862777758804 ], [ 39.999584869559904, 49.181149948663624 ], [ 40.015370750082724, 49.192977999440259 ], [ 40.025529122368198, 49.218478419449276 ], [ 40.030041489573335, 49.215890520360645 ], [ 40.033759028778604, 49.204359001978311 ] ] ], [ [ [ 39.656010266340203, 49.2374524234502 ], [ 39.665270623126489, 49.25405319938244 ], [ 39.671142077704637, 49.254884533822199 ], [ 39.662484366097104, 49.232737654291739 ], [ 39.656010266340203, 49.2374524234502 ] ] ], [ [ [ 39.67180849585705, 49.256588089617338 ], [ 39.673744612337444, 49.254448309772968 ], [ 39.671142077704637, 49.254884533822199 ], [ 39.67180849585705, 49.256588089617338 ] ] ], [ [ [ 38.698526335318853, 49.427792947046761 ], [ 38.703778863786255, 49.426962269802388 ], [ 38.704494528354083, 49.421407899608006 ], [ 38.701868601429659, 49.421823248974675 ], [ 38.698526335318853, 49.427792947046761 ] ] ], [ [ [ 38.695899980129077, 49.428208200001521 ], [ 38.699163046449939, 49.429505990770572 ], [ 38.698526335318853, 49.427792947046761 ], [ 38.695899980129077, 49.428208200001521 ] ] ], [ [ [ 38.697173298730839, 49.431634330805217 ], [ 38.693910111138116, 49.430336489493662 ], [ 38.694546718594999, 49.432049576572169 ], [ 38.697173298730839, 49.431634330805217 ] ] ], [ [ [ 38.687222094736256, 49.442275824339617 ], [ 38.691203069524128, 49.438019268286602 ], [ 38.694546718594999, 49.432049576572169 ], [ 38.682685483392802, 49.437551352470848 ], [ 38.687222094736256, 49.442275824339617 ] ] ], [ [ [ 38.862360930826746, 49.427153355743712 ], [ 38.873498691770742, 49.42718828130004 ], [ 38.872266442345179, 49.416500826030877 ], [ 38.857168357697404, 49.420726269805257 ], [ 38.862360930826746, 49.427153355743712 ] ] ], [ [ [ 39.939593604918443, 49.260379392058283 ], [ 39.933720514744557, 49.259562938365931 ], [ 39.934396076367229, 49.261263833475034 ], [ 39.939593604918443, 49.260379392058283 ] ] ], [ [ [ 39.222576089762306, 49.474259964050454 ], [ 39.206193140144627, 49.467856053284201 ], [ 39.190471455924047, 49.455897806170597 ], [ 39.180661873872531, 49.430272879975142 ], [ 39.145963883805301, 49.426840093873366 ], [ 39.129606597104662, 49.42042219030116 ], [ 39.11392045035754, 49.408449702161498 ], [ 39.106098409754324, 49.395201519279468 ], [ 39.104835746213645, 49.377261724519585 ], [ 39.089150362328844, 49.37254482307776 ], [ 39.073491981912937, 49.360564200298874 ], [ 39.063128852133438, 49.333212161536849 ], [ 39.047403046723787, 49.343010401100088 ], [ 39.034318981207988, 49.345123036332254 ], [ 39.056492383411126, 49.359684182649417 ], [ 39.064293002988776, 49.372937665695588 ], [ 39.066212974988126, 49.385327624993344 ], [ 39.060925358834126, 49.400697298261576 ], [ 39.052392085240847, 49.407519138699172 ], [ 39.054337948630959, 49.412648028005854 ], [ 39.064794765121185, 49.41821610751834 ], [ 39.07391107367323, 49.434887111624931 ], [ 39.092220504330093, 49.446441324574451 ], [ 39.096777652072277, 49.458405840642328 ], [ 39.111190598729195, 49.459700698516187 ], [ 39.134110373158286, 49.468687337334885 ], [ 39.13934430675377, 49.475097030800114 ], [ 39.148517788261344, 49.477237413195688 ], [ 39.157031192935385, 49.484928763475033 ], [ 39.163590380292369, 49.480233328396267 ], [ 39.186533113963996, 49.474687268181718 ], [ 39.205538006097214, 49.473407476821357 ], [ 39.229786704750275, 49.47852861162017 ], [ 39.240270751551641, 49.476817551802775 ], [ 39.222576089762306, 49.474259964050454 ] ] ], [ [ [ 39.557759927392055, 49.35550806607084 ], [ 39.553820896757983, 49.352532924520858 ], [ 39.555150282449446, 49.355942326115489 ], [ 39.557759927392055, 49.35550806607084 ] ] ], [ [ [ 39.77101641213121, 49.388794814293853 ], [ 39.78783847433062, 49.375064533755626 ], [ 39.776568918344509, 49.360621740519818 ], [ 39.773124615609035, 49.344860203359168 ], [ 39.77817034874942, 49.329484006365391 ], [ 39.784640582954886, 49.324761702889496 ], [ 39.778595649635889, 49.309439859200147 ], [ 39.755751436015807, 49.307841806326707 ], [ 39.728221036597574, 49.294318223468892 ], [ 39.73089866438044, 49.301130057770422 ], [ 39.725837585406985, 49.316505139873364 ], [ 39.714223236393678, 49.329349860410012 ], [ 39.69538184631643, 49.337959177620689 ], [ 39.698799683841841, 49.353725996940518 ], [ 39.693726581122441, 49.369102015074319 ], [ 39.684032641802112, 49.379805599853469 ], [ 39.69453979213835, 49.38530666456537 ], [ 39.698562529416648, 49.395526253043698 ], [ 39.71421879721801, 49.392898891949507 ], [ 39.737777831209343, 49.3962040524058 ], [ 39.754184913782218, 49.402523768072449 ], [ 39.767397708483493, 49.41482701365662 ], [ 39.765966960640803, 49.404172350334825 ], [ 39.77101641213121, 49.388794814293853 ] ] ], [ [ [ 40.168880871128088, 49.299201089977501 ], [ 40.166565831451038, 49.314132111048565 ], [ 40.177100276345321, 49.319582252785445 ], [ 40.190775668509843, 49.319039760722724 ], [ 40.182550778720199, 49.298660289770659 ], [ 40.168880871128088, 49.299201089977501 ] ] ], [ [ [ 39.246169247854546, 49.477669408373991 ], [ 39.242891607279354, 49.476389645093711 ], [ 39.243548373292427, 49.47809739743554 ], [ 39.246169247854546, 49.477669408373991 ] ] ], [ [ [ 39.24944705090094, 49.478949056686297 ], [ 39.257309356444864, 49.477664502281179 ], [ 39.260587378291646, 49.478943788534757 ], [ 39.259272684305706, 49.475528612717042 ], [ 39.24944705090094, 49.478949056686297 ] ] ], [ [ [ 38.998118282154934, 49.543284794448397 ], [ 38.987667315630794, 49.530448629060679 ], [ 38.977156641224944, 49.532138104695719 ], [ 38.953540405024668, 49.528672110745028 ], [ 38.937163382178738, 49.522226338690267 ], [ 38.917559134372461, 49.507223192989365 ], [ 38.917516372219531, 49.514487635325501 ], [ 38.910925078623478, 49.519171723321975 ], [ 38.910235455107859, 49.524725349941875 ], [ 38.917389686293539, 49.53628118600912 ], [ 38.935790500606608, 49.533333328374233 ], [ 38.959408799059965, 49.53680299896164 ], [ 38.979071081372126, 49.544532687923208 ], [ 38.984296746698547, 49.550951380134904 ], [ 38.998118282154934, 49.543284794448397 ] ] ], [ [ [ 39.98867850212784, 49.439084704478915 ], [ 39.972002314216887, 49.418312732366765 ], [ 39.969845322897676, 49.405965425994033 ], [ 39.974825764523302, 49.390586030160357 ], [ 39.968935724747965, 49.389773269279843 ], [ 39.96757614721966, 49.386372250064959 ], [ 39.959761147257062, 49.387703199637386 ], [ 39.936203428723822, 49.384446651150462 ], [ 39.905300387545864, 49.369719236377705 ], [ 39.900193377852865, 49.377850532661611 ], [ 39.894982239269567, 49.378734738857936 ], [ 39.902329213616888, 49.390201112867075 ], [ 39.921355811886187, 49.396051401419761 ], [ 39.937211326840078, 49.407886737239131 ], [ 39.940608085500216, 49.416390748320723 ], [ 39.946501489000248, 49.417204718861825 ], [ 39.962370920457737, 49.429035131209062 ], [ 39.972469147798151, 49.447296603575197 ], [ 39.98867850212784, 49.439084704478915 ] ] ], [ [ [ 39.36311208398056, 49.56379480180221 ], [ 39.374181317299438, 49.5420044957594 ], [ 39.388587721102859, 49.53600293466463 ], [ 39.3898830680847, 49.532158729557558 ], [ 39.38135518380863, 49.531746962484249 ], [ 39.361650954412362, 49.524095186668283 ], [ 39.345872949970335, 49.51216483210942 ], [ 39.341246444023717, 49.500217551028186 ], [ 39.334684133376392, 49.497664391356366 ], [ 39.324201346877814, 49.499384536385215 ], [ 39.334726950242079, 49.512179522099402 ], [ 39.337393025980681, 49.526264438088113 ], [ 39.332193161612508, 49.541640630445265 ], [ 39.325646355607248, 49.546345343715693 ], [ 39.328314311497884, 49.560430909295611 ], [ 39.36311208398056, 49.56379480180221 ] ] ], [ [ [ 39.817710974945584, 49.464458551292608 ], [ 39.814423265011357, 49.4631973364828 ], [ 39.815099561582656, 49.464899385878979 ], [ 39.817710974945584, 49.464458551292608 ] ] ], [ [ [ 39.724313235282821, 49.538300038486796 ], [ 39.748364668108792, 49.521546344048502 ], [ 39.761441360763513, 49.519347311077404 ], [ 39.756712569250006, 49.507429120005028 ], [ 39.761767461468956, 49.492049229887179 ], [ 39.773396125415196, 49.479194899856466 ], [ 39.791593960407504, 49.468864371806035 ], [ 39.809876542753365, 49.465780886719642 ], [ 39.816358285912933, 49.461054497833175 ], [ 39.812301755231644, 49.450842161299413 ], [ 39.793259867663174, 49.444973791964699 ], [ 39.780030587042937, 49.432675045111324 ], [ 39.781467025705453, 49.443329308558738 ], [ 39.776419910860533, 49.458708233970953 ], [ 39.766733528757541, 49.469419757038352 ], [ 39.748528976653759, 49.479746824825426 ], [ 39.706708504957845, 49.486770012370066 ], [ 39.683102860710882, 49.483462769992428 ], [ 39.672571838275765, 49.477962483515661 ], [ 39.658227158895393, 49.483994756262952 ], [ 39.649178695781039, 49.496403374501874 ], [ 39.643947184353195, 49.497277783101786 ], [ 39.68138415364205, 49.50735870075669 ], [ 39.697232978714624, 49.519232011962067 ], [ 39.708017685595806, 49.546482615620427 ], [ 39.721104163034148, 49.544287338646157 ], [ 39.724313235282821, 49.538300038486796 ] ] ], [ [ [ 39.16681820312246, 49.655772281746948 ], [ 39.19575118761216, 49.636546933046027 ], [ 39.214160518106951, 49.633550426595676 ], [ 39.191137285588105, 49.617328992946895 ], [ 39.183902805027124, 49.605798696777825 ], [ 39.180614107319336, 49.589996526761588 ], [ 39.183240733561178, 49.582308750163669 ], [ 39.172730650866015, 49.584017287305606 ], [ 39.163531010892349, 49.596402802234323 ], [ 39.14512628415396, 49.606650854289867 ], [ 39.12671980441462, 49.609635201816801 ], [ 39.116192378513169, 49.618601048687999 ], [ 39.120776562473445, 49.637825362006531 ], [ 39.131949026269623, 49.652352312698007 ], [ 39.131941248679475, 49.666875774785616 ], [ 39.16155662836033, 49.671149372571811 ], [ 39.16681820312246, 49.655772281746948 ] ] ], [ [ [ 39.433121173779604, 49.643052511638963 ], [ 39.427867315169529, 49.643919005397969 ], [ 39.429201636218686, 49.647330749884958 ], [ 39.434455821244761, 49.646464152241862 ], [ 39.433121173779604, 49.643052511638963 ] ] ], [ [ [ 39.221528974976316, 49.724941977989246 ], [ 39.21559825810602, 49.724091939876523 ], [ 39.216259834165697, 49.725799889166098 ], [ 39.221528974976316, 49.724941977989246 ] ] ], [ [ [ 38.861190450356169, 49.808401163476653 ], [ 38.88104080314563, 49.801606393981849 ], [ 38.869202331580553, 49.792603627644446 ], [ 38.837476167858952, 49.79765634174769 ], [ 38.813723789165152, 49.794172901448476 ], [ 38.806488583699611, 49.789877390999791 ], [ 38.801199945189786, 49.790717191697929 ], [ 38.802497091197459, 49.794141095555986 ], [ 38.795860058608248, 49.798824543477068 ], [ 38.815623533724604, 49.806575895497282 ], [ 38.82481189475002, 49.816005710051641 ], [ 38.83734408748596, 49.819457941084352 ], [ 38.847925231689146, 49.817774104203423 ], [ 38.861190450356169, 49.808401163476653 ] ] ], [ [ [ 39.284876220142053, 49.75818677628579 ], [ 39.275575581482563, 49.73428442756299 ], [ 39.284075231903728, 49.712921913957423 ], [ 39.278145801101758, 49.71207518178479 ], [ 39.269603156230161, 49.718917904028437 ], [ 39.251830216755117, 49.723634582041399 ], [ 39.245899527680749, 49.722786203508193 ], [ 39.227459832072604, 49.725791677112028 ], [ 39.226797863204581, 49.724083837849257 ], [ 39.221528974976316, 49.724941977989246 ], [ 39.238012433998456, 49.731334938132207 ], [ 39.253855006431429, 49.743277562567805 ], [ 39.263812175117515, 49.768890339895641 ], [ 39.276992617039703, 49.766738371227959 ], [ 39.284876220142053, 49.75818677628579 ] ] ], [ [ [ 39.020322693634185, 49.821049283823541 ], [ 39.017023079518417, 49.819764421773051 ], [ 39.017679899987996, 49.821474283512018 ], [ 39.020322693634185, 49.821049283823541 ] ] ], [ [ [ 39.229618129765356, 49.810782768951299 ], [ 39.22367604883916, 49.809934278085827 ], [ 39.224339918875174, 49.811642123324994 ], [ 39.229618129765356, 49.810782768951299 ] ] ] ] } }
]
}
