{
"type": "FeatureCollection",
"name": "zones_10km",
"crs": { "type": "name", "properties": { "name": "urn:ogc:def:crs:OGC:1.3:CRS84" } },
"features": [
{ "type": "Feature", "properties": { "distance_km": 10 }, "geometry": { "type": "MultiPolygon", "coordinates": [ [ [ [ 25.019417773870767, 47.732118271341633 ], [ 25.019279478895051, 47.730323910410092 ], [ 25.016619866002497, 47.73041717885166 ], [ 25.016758070067166, 47.73221154561282 ], [ 25.019417773870767, 47.732118271341633 ] ] ], [ [ [ 25.014098352833916, 47.73230475837962 ], [ 25.011438622179778, 47.732397909641293 ], [ 25.011576657829515, 47.734192287183966 ], [ 25.014236479406765, 47.734099130099949 ], [ 25.014098352833916, 47.73230475837962 ] ] ], [ [ [ 25.000249011520367, 47.725592287799088 ], [ 24.992270669476284, 47.725870564860259 ], [ 24.992408015225202, 47.727664986506035 ], [ 24.987088871989879, 47.727850208644206 ], [ 24.987226049263025, 47.729644641003986 ], [ 24.971267754456431, 47.730198865998794 ], [ 24.971131122687193, 47.728404398998741 ], [ 24.939214192213626, 47.729506136881021 ], [ 24.939078664798441, 47.727711600157896 ], [ 24.925779837845393, 47.728168014752306 ], [ 24.925644778239921, 47.726373448645376 ], [ 24.912346077848717, 47.726828296923202 ], [ 24.912211486003883, 47.725033701531984 ], [ 24.896253159632703, 47.725577455459977 ], [ 24.896119126430875, 47.723782825228824 ], [ 24.882820617535124, 47.724234233598544 ], [ 24.883087787556285, 47.727823549650445 ], [ 24.885747697217482, 47.727733379733088 ], [ 24.886282556946199, 47.734911979119097 ], [ 24.881095562309181, 47.736886961513662 ], [ 24.88176358425353, 47.745860243805254 ], [ 24.87657534129416, 47.747835053776519 ], [ 24.876842302725816, 47.751424381594326 ], [ 24.879503434498833, 47.751334323091193 ], [ 24.879637025755649, 47.753128980099866 ], [ 24.876975802906472, 47.753219044233319 ], [ 24.877109316065802, 47.755013706025665 ], [ 24.871786649265484, 47.755193660803045 ], [ 24.871919993212821, 47.756988332999356 ], [ 24.869258549265687, 47.757078223630657 ], [ 24.866863454702035, 47.760757417000207 ], [ 24.861540137602677, 47.760936912754715 ], [ 24.861673155938309, 47.762731604873046 ], [ 24.856482453833348, 47.764705567918405 ], [ 24.856748190563785, 47.768294970350105 ], [ 24.854086122182405, 47.768384525020814 ], [ 24.851954939944779, 47.775652857594778 ], [ 24.843967524426549, 47.775921034106538 ], [ 24.844100007831788, 47.777715758646515 ], [ 24.838774817294325, 47.777894245971666 ], [ 24.838907131139468, 47.779688980829697 ], [ 24.836244425340546, 47.779778137605987 ], [ 24.837038031178388, 47.790546562538083 ], [ 24.85315021819612, 47.791805197183685 ], [ 24.853283091489811, 47.793599897365276 ], [ 24.858609795542915, 47.793420692845459 ], [ 24.858742864350099, 47.795215380978121 ], [ 24.864069699211473, 47.795035918557808 ], [ 24.864202963562668, 47.796830594624588 ], [ 24.866866452851117, 47.796740765289144 ], [ 24.86659975452574, 47.793151423543108 ], [ 24.869263048258905, 47.793061543772659 ], [ 24.868996219265554, 47.789472209883556 ], [ 24.874188825154256, 47.787497630879152 ], [ 24.873921709029794, 47.783908314411406 ], [ 24.876584507523273, 47.783818277794111 ], [ 24.876450877715143, 47.78202362391972 ], [ 24.879113571984131, 47.781933531289958 ], [ 24.878979863952829, 47.780138882201392 ], [ 24.881642454000517, 47.780048733567213 ], [ 24.881508667763647, 47.778254089267556 ], [ 24.884171153593257, 47.778163884637003 ], [ 24.884037289168454, 47.776369245129366 ], [ 24.886699670783173, 47.776278984510476 ], [ 24.886565728188064, 47.774484349797966 ], [ 24.8892280055911, 47.774394033198767 ], [ 24.889093984843292, 47.772599403284474 ], [ 24.891756158037854, 47.77250903071301 ], [ 24.891622059154969, 47.770714405600039 ], [ 24.894284128144271, 47.770623977064361 ], [ 24.89414995114392, 47.768829356755774 ], [ 24.89681191593116, 47.768738872263917 ], [ 24.899205188236895, 47.765059105632332 ], [ 24.904528687953345, 47.764877851272608 ], [ 24.906921244299919, 47.761197941767051 ], [ 24.912244301062994, 47.761016340524328 ], [ 24.912109551536005, 47.759221755636744 ], [ 24.917432373697824, 47.759039919406568 ], [ 24.917297455090935, 47.757245345034306 ], [ 24.922620042611612, 47.757063273852637 ], [ 24.922484954964848, 47.755268710009496 ], [ 24.927807307804528, 47.755086403912316 ], [ 24.927672051157909, 47.753291850612079 ], [ 24.932994169276757, 47.75310930963537 ], [ 24.932858743670309, 47.751314766891873 ], [ 24.940841548940618, 47.751040510818008 ], [ 24.940705863375207, 47.749245984363398 ], [ 24.954009819742609, 47.748787688341089 ], [ 24.953873692237835, 47.746993189677973 ], [ 24.977819160215386, 47.746164430832302 ], [ 24.97768222689324, 47.744369983114211 ], [ 24.980342677018861, 47.744277596848619 ], [ 24.980479701338147, 47.746072038791688 ], [ 24.996442668083656, 47.74551639419235 ], [ 24.996305097815938, 47.743721986979672 ], [ 24.998965454540709, 47.743629169962858 ], [ 24.998827806665432, 47.741834767687486 ], [ 25.00148805903687, 47.741741894943125 ], [ 25.001350333571594, 47.739947497608171 ], [ 25.004010481592985, 47.739854569144271 ], [ 25.006394841637281, 47.736172805132448 ], [ 25.011714706893002, 47.735986663860402 ], [ 25.011576657829515, 47.734192287183966 ], [ 25.006256974442525, 47.734378416821976 ], [ 25.006119120643962, 47.73258402764602 ], [ 25.003459349779824, 47.732676994387553 ], [ 25.000249011520367, 47.725592287799088 ] ] ], [ [ [ 24.37580803469951, 47.923794480178046 ], [ 24.370465113348729, 47.923951593408376 ], [ 24.370348336749384, 47.92215597795817 ], [ 24.365005554113885, 47.922312833177962 ], [ 24.362101179416481, 47.91879990504399 ], [ 24.356758697092186, 47.918956368400934 ], [ 24.356642415185949, 47.917160726103731 ], [ 24.351300071732954, 47.917316931524056 ], [ 24.351183985371474, 47.915521278673353 ], [ 24.345841780854631, 47.915677226183362 ], [ 24.345725890006367, 47.913881562796007 ], [ 24.343054862893254, 47.913959438624872 ], [ 24.340615249067231, 47.917628597910387 ], [ 24.332601513559698, 47.917861696281889 ], [ 24.332716966407169, 47.919657382452726 ], [ 24.32748951535682, 47.921608175969432 ], [ 24.327720108757127, 47.925199563856587 ], [ 24.330391756257079, 47.9251220311167 ], [ 24.330507161984883, 47.926917719046635 ], [ 24.327835422323162, 47.926995256639465 ], [ 24.328642932245007, 47.939565084450962 ], [ 24.336660053576615, 47.939332183465417 ], [ 24.336544384591896, 47.937536510677376 ], [ 24.339216643596046, 47.937458757705961 ], [ 24.339332404800995, 47.939254425627063 ], [ 24.363383056636511, 47.938551811239329 ], [ 24.36349965913238, 47.940347434405609 ], [ 24.376861195837815, 47.939954895637328 ], [ 24.37697827081341, 47.941750493455032 ], [ 24.384995332538733, 47.941514210418966 ], [ 24.384877980916215, 47.939718627389858 ], [ 24.38220573065637, 47.939797445553005 ], [ 24.381268066964761, 47.925432713748272 ], [ 24.37592500696363, 47.925590085015465 ], [ 24.37580803469951, 47.923794480178046 ] ] ], [ [ [ 24.387667663566504, 47.941435325238771 ], [ 24.384995332538733, 47.941514210418966 ], [ 24.385112695607546, 47.943309792666945 ], [ 24.387785118857074, 47.943230902549153 ], [ 24.387667663566504, 47.941435325238771 ] ] ], [ [ [ 24.552135585686077, 47.958049128468218 ], [ 24.549462863607172, 47.958131861577058 ], [ 24.54958599358676, 47.959927125920373 ], [ 24.552258807906245, 47.95984438763368 ], [ 24.552135585686077, 47.958049128468218 ] ] ], [ [ [ 24.54497825379563, 47.970864047499298 ], [ 24.544732230845835, 47.96727350694632 ], [ 24.547405438242222, 47.96719087216092 ], [ 24.54958599358676, 47.959927125920373 ], [ 24.541567478597724, 47.960174968223811 ], [ 24.541690343830854, 47.961970247275907 ], [ 24.53367144421302, 47.962217546206247 ], [ 24.533548855750745, 47.960422251677535 ], [ 24.522857191260098, 47.960751093594972 ], [ 24.522734983767918, 47.95895577768588 ], [ 24.520062130075843, 47.959037827783497 ], [ 24.519940026751676, 47.957242505940414 ], [ 24.514472561211193, 47.955611076689017 ], [ 24.514228783016307, 47.952020408496502 ], [ 24.500866062106894, 47.952429004242717 ], [ 24.500987484117754, 47.954224364310619 ], [ 24.495642128325908, 47.954387378217682 ], [ 24.49576337769582, 47.95618274769209 ], [ 24.485072155281888, 47.95650805077117 ], [ 24.482640931790016, 47.960180008744786 ], [ 24.474621802210667, 47.960423178175482 ], [ 24.474742348854459, 47.962218585927594 ], [ 24.450683495498946, 47.962944785775321 ], [ 24.450803223221094, 47.964740238188931 ], [ 24.453476568291887, 47.964659792744179 ], [ 24.453596400008031, 47.966455239332767 ], [ 24.456269825699938, 47.966374726727786 ], [ 24.459183307496012, 47.969885022638969 ], [ 24.464530469625505, 47.969723666613106 ], [ 24.464410245216392, 47.967928241787469 ], [ 24.467083716366609, 47.967847475634741 ], [ 24.467204033099154, 47.969642895404974 ], [ 24.491265575016161, 47.968913158798898 ], [ 24.491386734414061, 47.970708532101376 ], [ 24.504754305994382, 47.970300923025853 ], [ 24.504875938832914, 47.972096270020515 ], [ 24.512896616411766, 47.971850943733799 ], [ 24.513018538098777, 47.973646274576467 ], [ 24.518365781673154, 47.973482402834946 ], [ 24.518487899920633, 47.975277722622891 ], [ 24.523835280497597, 47.975113592097948 ], [ 24.523957595336942, 47.97690890081423 ], [ 24.529305112850928, 47.976744511479723 ], [ 24.529427624313556, 47.978539809107396 ], [ 24.534775278698959, 47.978375160937226 ], [ 24.534897986816276, 47.980170447459351 ], [ 24.540245778007485, 47.980005540427399 ], [ 24.540000004373919, 47.976414987223578 ], [ 24.542673697305524, 47.976332450832921 ], [ 24.54230484981159, 47.970946630511925 ], [ 24.54497825379563, 47.970864047499298 ] ] ], [ [ [ 24.135032613820208, 48.23465265655944 ], [ 24.13772084350358, 48.234579255526228 ], [ 24.137501031882199, 48.230987388124753 ], [ 24.140189063228274, 48.230913933532186 ], [ 24.142436839705748, 48.223656709192404 ], [ 24.147701876926813, 48.221713603713482 ], [ 24.147481466257336, 48.218121762643854 ], [ 24.150168798283005, 48.218048089347398 ], [ 24.150058515439827, 48.216252172299598 ], [ 24.152745742962761, 48.216178440895206 ], [ 24.152635377231586, 48.214382527714321 ], [ 24.155322500254471, 48.214308738210157 ], [ 24.155212051653567, 48.212512828899492 ], [ 24.160475452757641, 48.21056917018727 ], [ 24.160143642399444, 48.205181463242084 ], [ 24.15745700931717, 48.205255355028726 ], [ 24.157236043820234, 48.201663537365164 ], [ 24.151863119715429, 48.201811114343037 ], [ 24.151973409805514, 48.203607032800051 ], [ 24.149286837921622, 48.203680731868317 ], [ 24.149397045178212, 48.205476654190136 ], [ 24.146710368864952, 48.205550295175669 ], [ 24.146820493269789, 48.207346221359003 ], [ 24.144133712524464, 48.207419804253668 ], [ 24.144243754059286, 48.209215734295213 ], [ 24.141556868879206, 48.209289259090873 ], [ 24.141666827525754, 48.211085192987355 ], [ 24.138979837908241, 48.211158659675846 ], [ 24.139089713648225, 48.212954597423966 ], [ 24.136402619590594, 48.213028005997145 ], [ 24.133934923777382, 48.216693243484826 ], [ 24.128560307147385, 48.216839765392074 ], [ 24.126091872434152, 48.220504848416859 ], [ 24.120716816585794, 48.22065101226287 ], [ 24.120826090055608, 48.222446978380077 ], [ 24.115450803921572, 48.22259290041309 ], [ 24.115559900610087, 48.224388874925644 ], [ 24.110184384234582, 48.224534555110033 ], [ 24.110293304101202, 48.226330538003495 ], [ 24.104917557528438, 48.226475976303512 ], [ 24.105026300532607, 48.228271967563501 ], [ 24.102338317492499, 48.228344597133223 ], [ 24.102773020901843, 48.235528572901153 ], [ 24.108149726657533, 48.235383214566646 ], [ 24.111056042049203, 48.238902397289849 ], [ 24.116433059021237, 48.238756644044827 ], [ 24.116542251955533, 48.240552611811744 ], [ 24.119230838223611, 48.240479636445507 ], [ 24.119340135694181, 48.242275598888902 ], [ 24.122028805086739, 48.242202556161637 ], [ 24.122138207111878, 48.243998513276928 ], [ 24.124826959626247, 48.243925403181109 ], [ 24.127734913047025, 48.247444123937122 ], [ 24.130423831796968, 48.247370879081537 ], [ 24.130094748906, 48.241983051263432 ], [ 24.132783375362422, 48.241909757393977 ], [ 24.135032613820208, 48.23465265655944 ] ] ], [ [ [ 23.982897453363968, 48.488747725941451 ], [ 23.988301477478249, 48.488607428896842 ], [ 23.988195858182099, 48.486811324220383 ], [ 23.990897759505103, 48.486741085076368 ], [ 23.990686361801203, 48.483148882330148 ], [ 23.979879455338704, 48.483429423605791 ], [ 23.980090091914953, 48.487021661559012 ], [ 23.977388149090935, 48.487091647305434 ], [ 23.97510683203037, 48.494346071910087 ], [ 23.97780916590029, 48.494276131962863 ], [ 23.977703896165483, 48.492480011900156 ], [ 23.980406124492074, 48.49241001297851 ], [ 23.982897453363968, 48.488747725941451 ] ] ], [ [ [ 23.975212016925518, 48.496142195627009 ], [ 23.97510683203037, 48.494346071910087 ], [ 23.972404487812629, 48.494415948489966 ], [ 23.972509577509665, 48.496212076591625 ], [ 23.975212016925518, 48.496142195627009 ] ] ], [ [ [ 23.972509577509665, 48.496212076591625 ], [ 23.969807127754031, 48.496281894184321 ], [ 23.96991213258212, 48.498078025933196 ], [ 23.972614677546495, 48.498008203959429 ], [ 23.972509577509665, 48.496212076591625 ] ] ], [ [ [ 23.957026641592432, 48.509203091337781 ], [ 23.954323463282385, 48.509272559193761 ], [ 23.954427968788291, 48.51106871202326 ], [ 23.957131242380207, 48.51099923980783 ], [ 23.957026641592432, 48.509203091337781 ] ] ], [ [ [ 23.954532484579016, 48.512864864120864 ], [ 23.954427968788291, 48.51106871202326 ], [ 23.951724684911571, 48.511138120830857 ], [ 23.951829105409789, 48.512934277284238 ], [ 23.954532484579016, 48.512864864120864 ] ] ], [ [ [ 23.907798739386131, 48.595002656367988 ], [ 23.910506600999817, 48.594934191611401 ], [ 23.910403344102285, 48.593137994423302 ], [ 23.913111099804542, 48.593069470367269 ], [ 23.913007757354467, 48.591273276753562 ], [ 23.915715407147861, 48.591204693406347 ], [ 23.915611979164026, 48.58940850337045 ], [ 23.91831952305111, 48.589339860740267 ], [ 23.918216009552328, 48.587543674285563 ], [ 23.920923447535682, 48.58747497238069 ], [ 23.920819848540724, 48.585678789510595 ], [ 23.923527180622919, 48.585610028339268 ], [ 23.923423496150569, 48.583813849057123 ], [ 23.926130722334179, 48.58374502862759 ], [ 23.926026952403227, 48.581948852936819 ], [ 23.928734072690833, 48.58187997325733 ], [ 23.931233290922403, 48.578218693742222 ], [ 23.93664709768068, 48.578080633872723 ], [ 23.935814410116315, 48.563711328940819 ], [ 23.93310827671808, 48.563780355984385 ], [ 23.93300433246425, 48.561984185250402 ], [ 23.935710370297603, 48.561915162539407 ], [ 23.934774472849195, 48.545749632082128 ], [ 23.93747964078586, 48.545680584862218 ], [ 23.936959578770935, 48.536699730729801 ], [ 23.93966425921435, 48.536630641706644 ], [ 23.939352058627502, 48.531242133474088 ], [ 23.942056442590694, 48.531172994002674 ], [ 23.941848169307345, 48.527580660207406 ], [ 23.944552352245317, 48.527511465967116 ], [ 23.944343929225226, 48.5239191379342 ], [ 23.947047911171186, 48.523849888940241 ], [ 23.946839338481421, 48.520257566675333 ], [ 23.949543119468601, 48.520188262943002 ], [ 23.951829105409789, 48.512934277284238 ], [ 23.949125715963799, 48.513003627035197 ], [ 23.949230051435649, 48.514799787109098 ], [ 23.946526556417808, 48.514869077795197 ], [ 23.944031371615374, 48.518530640404094 ], [ 23.93862394903357, 48.518668922040746 ], [ 23.93612801182628, 48.522330326159739 ], [ 23.930720146492199, 48.522468244540377 ], [ 23.930823865835332, 48.524264431321953 ], [ 23.925415768945907, 48.524402104594358 ], [ 23.925519307758428, 48.526198299287081 ], [ 23.920110979359485, 48.526335727415344 ], [ 23.920214337600143, 48.528131930004498 ], [ 23.91480577773757, 48.528269112952749 ], [ 23.9149089553651, 48.530065323423699 ], [ 23.909500164084783, 48.530202261156035 ], [ 23.909603161057937, 48.531998479494057 ], [ 23.901489611893137, 48.532203423021052 ], [ 23.90159233275093, 48.533999653495123 ], [ 23.88806907157818, 48.53433997812413 ], [ 23.888171325384675, 48.536136229232547 ], [ 23.863827962901279, 48.536744853088209 ], [ 23.863929367715379, 48.538541141673129 ], [ 23.861224404162421, 48.538608453381094 ], [ 23.861629741354569, 48.545793617403639 ], [ 23.864335086830849, 48.545726288793929 ], [ 23.864436541580769, 48.547522573769349 ], [ 23.867141972570359, 48.547455177430137 ], [ 23.867243532823579, 48.549251457453174 ], [ 23.872756317107889, 48.550912736621648 ], [ 23.872959869762813, 48.554505276107712 ], [ 23.878473408285455, 48.556166265124503 ], [ 23.878677403326758, 48.559758783289013 ], [ 23.881383452960339, 48.559691039683443 ], [ 23.881587679340928, 48.563283546448638 ], [ 23.884293910068706, 48.56321573080232 ], [ 23.88449836787121, 48.566808226157676 ], [ 23.887204779716246, 48.566740338454125 ], [ 23.887409469023311, 48.570332822389155 ], [ 23.890116062008676, 48.570264862611843 ], [ 23.890320982903003, 48.573857335116074 ], [ 23.893027757051783, 48.573789303248454 ], [ 23.893335501056939, 48.579177993755046 ], [ 23.896042552051359, 48.579109885505282 ], [ 23.896556139330649, 48.588091000463571 ], [ 23.899263658638507, 48.588022807244421 ], [ 23.900086690739517, 48.602392519187205 ], [ 23.90540012481587, 48.600459670502858 ], [ 23.905193943184635, 48.596867262576005 ], [ 23.907901910712315, 48.596798857127119 ], [ 23.907798739386131, 48.595002656367988 ] ] ], [ [ [ 23.881648051254068, 48.707185529606157 ], [ 23.884361989310626, 48.707117564017047 ], [ 23.884156530947095, 48.703525156080374 ], [ 23.8868702661985, 48.703457135180649 ], [ 23.886664655765625, 48.699864732889594 ], [ 23.889378188245416, 48.699796656694673 ], [ 23.891679841185677, 48.692543737597575 ], [ 23.897002950634981, 48.690611112286895 ], [ 23.896899826356552, 48.688814923550133 ], [ 23.894186901990349, 48.688883165538471 ], [ 23.893980876424525, 48.68529077731592 ], [ 23.891268134358107, 48.685358946927586 ], [ 23.890959460865727, 48.679970346309041 ], [ 23.888246997277243, 48.680038439284139 ], [ 23.887733225320744, 48.671057402369634 ], [ 23.885021232462517, 48.671125410191891 ], [ 23.884815986915942, 48.667532981810545 ], [ 23.882104176217258, 48.667600917324322 ], [ 23.882309229478796, 48.671193354238852 ], [ 23.87959721637904, 48.671261234509934 ], [ 23.879802117779334, 48.674853677053648 ], [ 23.877089902245029, 48.674921502066653 ], [ 23.874786831187734, 48.682174173758433 ], [ 23.869463701535253, 48.684105773166763 ], [ 23.869667974651527, 48.687698239615983 ], [ 23.86695504529381, 48.687765839197262 ], [ 23.867057100722192, 48.689562075583254 ], [ 23.86434406504296, 48.68962961559096 ], [ 23.864446034283176, 48.691425855496348 ], [ 23.861732892279885, 48.691493335922196 ], [ 23.861834775313007, 48.693289579343592 ], [ 23.859121526983113, 48.693357000179304 ], [ 23.859223323790207, 48.695153247113268 ], [ 23.856509969131171, 48.695220608350567 ], [ 23.856611679693291, 48.697016858793695 ], [ 23.853898218702589, 48.697084160424282 ], [ 23.853999843000807, 48.698880414373171 ], [ 23.851286275675871, 48.698947656388775 ], [ 23.851387813691247, 48.700743913839993 ], [ 23.846061811742178, 48.702674479943255 ], [ 23.846163177135018, 48.704470744388892 ], [ 23.848877053471362, 48.704403617411913 ], [ 23.848978525215482, 48.706199876920657 ], [ 23.851692487879507, 48.706132681867793 ], [ 23.851794065993868, 48.707928936435046 ], [ 23.854508114983037, 48.707861673298581 ], [ 23.854609799486592, 48.709657922919732 ], [ 23.857323934798369, 48.709590591691935 ], [ 23.857425725710076, 48.711386836362379 ], [ 23.860139947341924, 48.711319437035549 ], [ 23.860241844680733, 48.713115676750675 ], [ 23.862956152630105, 48.71304820931708 ], [ 23.863058156414983, 48.714844444072256 ], [ 23.865772550679338, 48.714776908524186 ], [ 23.865874660929251, 48.716573138314814 ], [ 23.87140592512662, 48.718234087665806 ], [ 23.87161058170355, 48.721826526637848 ], [ 23.877040070815056, 48.721690974361728 ], [ 23.876732522651508, 48.716302340360087 ], [ 23.879446962806764, 48.716234481175974 ], [ 23.879139216584903, 48.710845853445925 ], [ 23.881853357480168, 48.710777943182762 ], [ 23.881648051254068, 48.707185529606157 ] ] ], [ [ [ 26.98333188825363, 51.438448282573049 ], [ 26.983097457043165, 51.436660450135264 ], [ 26.980236967076834, 51.436806930169872 ], [ 26.980002670436001, 51.435019087101317 ], [ 26.977142266786458, 51.435165488323385 ], [ 26.976908104692914, 51.433377634629963 ], [ 26.974047787366676, 51.433523957047548 ], [ 26.97381375979807, 51.431736092735157 ], [ 26.967859491075625, 51.430240626263746 ], [ 26.967391997965485, 51.42666485388861 ], [ 26.96453205004477, 51.426810930649772 ], [ 26.964298449963881, 51.425023033206834 ], [ 26.958345347493612, 51.423527042398334 ], [ 26.958812082073425, 51.427102875728394 ], [ 26.961672078077022, 51.426956937930164 ], [ 26.962139129572588, 51.43053274746368 ], [ 26.964999322350874, 51.430386721608457 ], [ 26.965466690871132, 51.433962507330229 ], [ 26.968327080444606, 51.433816393399056 ], [ 26.968794766098519, 51.4373921552938 ], [ 26.971655352487687, 51.437245953267727 ], [ 26.972123355384259, 51.44082169132016 ], [ 26.97498413860961, 51.440675401180236 ], [ 26.97568665515017, 51.44603897050429 ], [ 26.978547745730616, 51.445892582919882 ], [ 26.979719641664065, 51.454831792310252 ], [ 26.982581260760572, 51.454685288611451 ], [ 26.983050409254769, 51.458260944532263 ], [ 26.985912225325361, 51.458114352639527 ], [ 26.983800823088618, 51.442023943506364 ], [ 26.986661620286529, 51.441877366005173 ], [ 26.986192464530216, 51.438301723717856 ], [ 26.98333188825363, 51.438448282573049 ] ] ], [ [ [ 27.203249608182642, 51.741977320224166 ], [ 27.191735263693129, 51.742586840108224 ], [ 27.191490043299709, 51.740799794545566 ], [ 27.182854355085965, 51.741256168391793 ], [ 27.182609496730223, 51.739469092365887 ], [ 27.176852468975902, 51.739772971285923 ], [ 27.176607860394629, 51.737985874518763 ], [ 27.170850955820285, 51.738289453339505 ], [ 27.170606596978235, 51.736502335851831 ], [ 27.164849815679922, 51.736805614598552 ], [ 27.164605706541831, 51.735018476411142 ], [ 27.152848654688047, 51.733836974917331 ], [ 27.149483379569276, 51.730413829292054 ], [ 27.143727142688498, 51.730716048347098 ], [ 27.14348391982152, 51.728928837192946 ], [ 27.140605875810909, 51.72907983183191 ], [ 27.140362790292006, 51.727292609691681 ], [ 27.134364015167534, 51.725807126478728 ], [ 27.135821408290347, 51.736530562486429 ], [ 27.132942839968102, 51.736681385050815 ], [ 27.134157464396345, 51.745617592394048 ], [ 27.131278309567804, 51.745768392820473 ], [ 27.13200704907171, 51.751130129748816 ], [ 27.129127532132053, 51.751280888786617 ], [ 27.129613259517225, 51.754855392497625 ], [ 27.126733492726821, 51.755006100516951 ], [ 27.127219095944429, 51.758580618009262 ], [ 27.124339079255265, 51.758731274994069 ], [ 27.124824558234511, 51.76230580626401 ], [ 27.121944291598567, 51.762456412198176 ], [ 27.122429646268586, 51.766030957242087 ], [ 27.119549129637804, 51.76618151210954 ], [ 27.120034359927715, 51.769756070923719 ], [ 27.117153593254059, 51.769906574708379 ], [ 27.117396133613063, 51.771693861676951 ], [ 27.128919499378235, 51.771091386428957 ], [ 27.12916251479362, 51.77287863362357 ], [ 27.152208937297846, 51.771670232562059 ], [ 27.152452877680599, 51.773457401343983 ], [ 27.178379182200285, 51.772092487012166 ], [ 27.178624159958773, 51.773879567398929 ], [ 27.201668938630153, 51.772661454301598 ], [ 27.201177209736219, 51.769087447469147 ], [ 27.204057467795192, 51.768934886597037 ], [ 27.201844936352842, 51.752851875136862 ], [ 27.204724157887856, 51.752699331558887 ], [ 27.203249608182642, 51.741977320224166 ] ] ], [ [ [ 31.928603864174686, 46.419388700489513 ], [ 31.926049522895269, 46.419635777745839 ], [ 31.926406764427327, 46.42140231745033 ], [ 31.928961185133428, 46.421155225041439 ], [ 31.928603864174686, 46.419388700489513 ] ] ], [ [ [ 32.039673857825903, 46.504049640656767 ], [ 32.038950008767216, 46.500517966401581 ], [ 32.036392827556973, 46.500767840417758 ], [ 32.035307547974497, 46.495470262680413 ], [ 32.037864490288008, 46.495220434619576 ], [ 32.034609770640813, 46.479327692467542 ], [ 32.037165962677534, 46.479077946108674 ], [ 32.03608142907386, 46.473780362410878 ], [ 32.030969488304315, 46.474279707165429 ], [ 32.030608204098527, 46.472513809885491 ], [ 32.020023301275984, 46.471745803765657 ], [ 32.020384233392001, 46.473511764943225 ], [ 32.022940276962522, 46.473262360336818 ], [ 32.024745844198989, 46.482092049088301 ], [ 32.027302251640847, 46.481842511890363 ], [ 32.030555127960262, 46.497735642958418 ], [ 32.033112217893589, 46.497485911876062 ], [ 32.03347389811691, 46.499251786437085 ], [ 32.030916728543438, 46.499501532831303 ], [ 32.032725241397891, 46.508330941438004 ], [ 32.035282809278208, 46.508081118470074 ], [ 32.034920959026842, 46.506315257500674 ], [ 32.039673857825903, 46.504049640656767 ] ] ], [ [ [ 32.671273406417676, 49.281784607254693 ], [ 32.657813313904938, 49.283162511095895 ], [ 32.658234352793123, 49.284923673460959 ], [ 32.671694904254181, 49.283545684518494 ], [ 32.671273406417676, 49.281784607254693 ] ] ], [ [ [ 32.647465171227807, 49.286024955748218 ], [ 32.634002769656298, 49.28740017227878 ], [ 32.634423023169809, 49.289161484402371 ], [ 32.647885883961941, 49.287786182927377 ], [ 32.647465171227807, 49.286024955748218 ] ] ], [ [ [ 32.634423023169809, 49.289161484402371 ], [ 32.631730327797968, 49.289436359819383 ], [ 32.631310166143919, 49.287675030717757 ], [ 32.623232109361787, 49.288499236258481 ], [ 32.623651995406746, 49.290260616272491 ], [ 32.620959135879104, 49.29053524514979 ], [ 32.621378971062114, 49.292296638936953 ], [ 32.618685978623077, 49.292571223134608 ], [ 32.616832370975388, 49.296368591531497 ], [ 32.622218764502414, 49.295819416938599 ], [ 32.621798847268181, 49.294058029533339 ], [ 32.627184892856938, 49.293508642271789 ], [ 32.626764832862555, 49.291747285610853 ], [ 32.634843317743254, 49.290922793329656 ], [ 32.634423023169809, 49.289161484402371 ] ] ], [ [ [ 32.614558795179256, 49.298404521441604 ], [ 32.617252145400549, 49.298130009670999 ], [ 32.616832370975388, 49.296368591531497 ], [ 32.614139112682935, 49.296643086344709 ], [ 32.614558795179256, 49.298404521441604 ] ] ], [ [ [ 32.300321206214477, 49.418373601588755 ], [ 32.305727000266643, 49.417838222939338 ], [ 32.305316606170614, 49.416074895945982 ], [ 32.313424716649735, 49.415271411782641 ], [ 32.313014083926255, 49.413508131445326 ], [ 32.315716613995669, 49.413240195744493 ], [ 32.317597587392214, 49.409445694388253 ], [ 32.323002074583783, 49.40890957881696 ], [ 32.322591190946945, 49.407146355612973 ], [ 32.325293281252968, 49.406878221280074 ], [ 32.324882344992446, 49.405115011597175 ], [ 32.327584302147898, 49.404846831772424 ], [ 32.327173313280774, 49.40308363561234 ], [ 32.329875137295737, 49.40281541030415 ], [ 32.331754692694595, 49.399020787775903 ], [ 32.32364977778191, 49.399825364131253 ], [ 32.324060593261954, 49.401588583022445 ], [ 32.321358781586405, 49.401856667588632 ], [ 32.319478309894471, 49.405651184998611 ], [ 32.314074113804068, 49.406187110053992 ], [ 32.312192939202092, 49.40998156157503 ], [ 32.30678813008182, 49.410517180359051 ], [ 32.307198496464757, 49.412280499971153 ], [ 32.301793340602238, 49.412815903463915 ], [ 32.302203561308019, 49.414579253145504 ], [ 32.291802284379855, 49.417412793816929 ], [ 32.292212213583348, 49.419176203606376 ], [ 32.287215800938917, 49.421474400781619 ], [ 32.288035488217005, 49.42500127127277 ], [ 32.290738885363517, 49.42473387402638 ], [ 32.290328928611565, 49.422970456856376 ], [ 32.295735416290221, 49.422435509032255 ], [ 32.295325313707558, 49.420672121910762 ], [ 32.300731454578504, 49.420136958651355 ], [ 32.300321206214477, 49.418373601588755 ] ] ], [ [ [ 27.103656777209039, 51.066837936513458 ], [ 27.10649375565859, 51.066689208924899 ], [ 27.10838608308007, 51.059390286982612 ], [ 27.113822743006789, 51.057305048702609 ], [ 27.113350190854749, 51.053730012851638 ], [ 27.116186316892986, 51.053581077220798 ], [ 27.115949969112389, 51.05179356673105 ], [ 27.121385393408769, 51.049708015916345 ], [ 27.120912387028149, 51.046133026033878 ], [ 27.11807674093636, 51.046282060876266 ], [ 27.117840381875922, 51.044494554476586 ], [ 27.115004819508766, 51.044643511385836 ], [ 27.114768592471382, 51.042855994203499 ], [ 27.111933113835335, 51.043004873187513 ], [ 27.111697018799333, 51.041217345228361 ], [ 27.108861623900854, 51.041366146295061 ], [ 27.108625660844588, 51.039578607564927 ], [ 27.102719291187956, 51.038088426482631 ], [ 27.102247916947121, 51.03451330463831 ], [ 27.099412881132118, 51.034661862581849 ], [ 27.099177337953769, 51.032874290239498 ], [ 27.096342385894534, 51.03302277030231 ], [ 27.095871587347357, 51.029447602790654 ], [ 27.093036826856352, 51.029595995572748 ], [ 27.093507409780685, 51.033171181900947 ], [ 27.090672409623036, 51.033319525034031 ], [ 27.088777977042465, 51.040618231596966 ], [ 27.085942497415449, 51.040766475385112 ], [ 27.086177597516802, 51.042554089430077 ], [ 27.083341985981757, 51.042702274126526 ], [ 27.083812042469624, 51.046277517015888 ], [ 27.080976191111365, 51.04642565200362 ], [ 27.08191616064536, 51.05357615939262 ], [ 27.079079853518692, 51.053724263436912 ], [ 27.079549766479762, 51.057299527934951 ], [ 27.082386289549614, 51.0571514051069 ], [ 27.082856514579714, 51.060726645499933 ], [ 27.085693229598235, 51.060578435348567 ], [ 27.086163766803473, 51.064153651621503 ], [ 27.089000673790327, 51.06400535412822 ], [ 27.089471523276831, 51.067580546265916 ], [ 27.092308622251689, 51.067432161412043 ], [ 27.096560120271899, 51.078009139473174 ], [ 27.099397819453117, 51.077860560998367 ], [ 27.09892603248559, 51.074285441357183 ], [ 27.101763491377419, 51.074136813162148 ], [ 27.103656777209039, 51.066837936513458 ] ] ], [ [ [ 29.990314219356037, 51.225298636392168 ], [ 29.98996544053459, 51.223523042583508 ], [ 29.995620676709464, 51.223084905698329 ], [ 29.995271721281885, 51.221309337269687 ], [ 30.00375399081468, 51.220651666042571 ], [ 30.003404752800911, 51.218876136834837 ], [ 30.017540627112279, 51.21777873454355 ], [ 30.017190894604269, 51.216003272279551 ], [ 30.042632270031195, 51.214023812687202 ], [ 30.042281619423363, 51.212248472971268 ], [ 30.047934654065664, 51.211807877146967 ], [ 30.048285516556533, 51.213583189082442 ], [ 30.073723356437988, 51.211597036899768 ], [ 30.074075207983206, 51.213372221338496 ], [ 30.088206617629794, 51.212266368292021 ], [ 30.088559034509483, 51.214041480730444 ], [ 30.097037767558657, 51.213377116097362 ], [ 30.097390537997736, 51.215152184365159 ], [ 30.109048666040586, 51.216040372999139 ], [ 30.10869543613785, 51.214265362928863 ], [ 30.111521570811966, 51.21404348864057 ], [ 30.111168270998657, 51.21226849026273 ], [ 30.113994263847239, 51.212046562397205 ], [ 30.113640894144027, 51.210271575714074 ], [ 30.116466745176634, 51.210049594280527 ], [ 30.118585505409488, 51.206277621015033 ], [ 30.124236604280902, 51.205833376388313 ], [ 30.126354554040624, 51.202061303310209 ], [ 30.132005013763951, 51.201616709493699 ], [ 30.131297189023989, 51.198066906883483 ], [ 30.122822080023706, 51.198733612263936 ], [ 30.122468538917534, 51.196958665486676 ], [ 30.116818497863207, 51.197402770128846 ], [ 30.116465204232139, 51.195627793063025 ], [ 30.107990190316798, 51.196293401633326 ], [ 30.107637249890939, 51.194518380320083 ], [ 30.093512037348852, 51.195626307545446 ], [ 30.093864448917557, 51.197401398695874 ], [ 30.088213901226567, 51.197844124779323 ], [ 30.088566137063889, 51.199619241550643 ], [ 30.082915234377356, 51.200061725363298 ], [ 30.083267294427621, 51.201836867743047 ], [ 30.074790354215629, 51.202500128650676 ], [ 30.075142132577795, 51.204275310559794 ], [ 30.061012653676865, 51.20537946380427 ], [ 30.061363938496438, 51.207154713043622 ], [ 30.035927671605084, 51.209138056637308 ], [ 30.036278038962131, 51.210913428649953 ], [ 30.033451502673508, 51.211133476082971 ], [ 30.033101241253888, 51.209358090196659 ], [ 30.016141910714765, 51.210676871931952 ], [ 30.01649153641025, 51.21245234097352 ], [ 30.002357252111342, 51.213549535686113 ], [ 30.002706383453972, 51.21532507165638 ], [ 29.977261478877605, 51.217295885938732 ], [ 29.979002896507971, 51.226174153504132 ], [ 29.976174977063661, 51.226392863619992 ], [ 29.976871580231006, 51.229944182517279 ], [ 29.979699711904729, 51.229725444812019 ], [ 29.97935128646273, 51.227949800281053 ], [ 29.985007231098212, 51.227512149449964 ], [ 29.984658628938615, 51.225736530273849 ], [ 29.990314219356037, 51.225298636392168 ] ] ], [ [ [ 30.778467111307492, 51.204799046639657 ], [ 30.779224813964198, 51.208342166704611 ], [ 30.782045083652495, 51.208104134417226 ], [ 30.781287171035849, 51.204561044300945 ], [ 30.778467111307492, 51.204799046639657 ] ] ], [ [ [ 30.785244433886394, 51.209637561186788 ], [ 30.784865314841284, 51.207866034944637 ], [ 30.782045083652495, 51.208104134417226 ], [ 30.782424097707498, 51.209875675639459 ], [ 30.785244433886394, 51.209637561186788 ] ] ], [ [ [ 30.216903559218423, 51.395024735518696 ], [ 30.21406712908685, 51.395249715758126 ], [ 30.215865485599252, 51.404121834162559 ], [ 30.213028484366042, 51.404346817431183 ], [ 30.214827224673233, 51.413218948198072 ], [ 30.211989652037989, 51.413443934479275 ], [ 30.213788776205917, 51.422316077611221 ], [ 30.210950631868066, 51.422541066888442 ], [ 30.212030226418925, 51.427864367225624 ], [ 30.209191724208267, 51.428089331077963 ], [ 30.209911423621381, 51.4316382146447 ], [ 30.207072670510453, 51.431863138855263 ], [ 30.20779230281962, 51.435412041441147 ], [ 30.204953298757285, 51.435636925995531 ], [ 30.205672863908053, 51.439185847598885 ], [ 30.202833608843136, 51.43941069248276 ], [ 30.203553106781055, 51.442959633102006 ], [ 30.200713600662375, 51.443184438300946 ], [ 30.19931263745806, 51.450507142080184 ], [ 30.193992106327904, 51.452731039736626 ], [ 30.194711261354087, 51.456280061084669 ], [ 30.191870857765263, 51.456504693215393 ], [ 30.192230383159025, 51.458279214562715 ], [ 30.189389835558703, 51.458503792757057 ], [ 30.189749290434523, 51.460278325945794 ], [ 30.186908598812888, 51.46050285019443 ], [ 30.187267983149724, 51.462277395222308 ], [ 30.18442714749693, 51.462501865515939 ], [ 30.184786461273731, 51.464276422380721 ], [ 30.18194548157992, 51.464500838709981 ], [ 30.182304724775666, 51.46627540740942 ], [ 30.179463601030996, 51.466499769765008 ], [ 30.179822773624611, 51.468274350296845 ], [ 30.176981505819256, 51.468498658669439 ], [ 30.177340607789692, 51.47027325103145 ], [ 30.174499195913814, 51.470497505411721 ], [ 30.174858227239994, 51.472272109601619 ], [ 30.172016671283732, 51.472496309980222 ], [ 30.169892821872651, 51.476269700202408 ], [ 30.164209096886161, 51.476717816717844 ], [ 30.16208442489922, 51.480491106285228 ], [ 30.156400050110832, 51.480938870265526 ], [ 30.156758513000206, 51.482713561843767 ], [ 30.151073776648001, 51.483161081306669 ], [ 30.15143206126314, 51.484935798825063 ], [ 30.145746963371106, 51.485383073722801 ], [ 30.146105069655089, 51.487157817168722 ], [ 30.140419610247218, 51.487604847453483 ], [ 30.140777538143105, 51.489379616814333 ], [ 30.135091717243437, 51.489826402438368 ], [ 30.135449466694272, 51.491601197701499 ], [ 30.1244343114647, 51.494268855929 ], [ 30.125149132813309, 51.497818547672352 ], [ 30.122305590887265, 51.498041621568348 ], [ 30.12302034331935, 51.501591332233318 ], [ 30.120176549608708, 51.501814366053104 ], [ 30.120891233069134, 51.505364095638036 ], [ 30.123735242043455, 51.505141033634075 ], [ 30.124092746277285, 51.506915880859779 ], [ 30.132624876574646, 51.506246242913164 ], [ 30.13190925889425, 51.502696630754336 ], [ 30.134753013856351, 51.502473309780896 ], [ 30.134395152326121, 51.500698514330324 ], [ 30.13723876306603, 51.500475139208952 ], [ 30.139366293625745, 51.496702154423083 ], [ 30.145052901638543, 51.496255119403038 ], [ 30.147179608328845, 51.492482033561181 ], [ 30.16387818076447, 51.489364399460861 ], [ 30.167827674736063, 51.508885439275261 ], [ 30.170671527456467, 51.508661228506526 ], [ 30.174234341375637, 51.511986142449473 ], [ 30.182766214097317, 51.511312810789924 ], [ 30.182406373897564, 51.509538258009236 ], [ 30.188093889755056, 51.509089057328715 ], [ 30.19021737702295, 51.505315327172077 ], [ 30.195904241553414, 51.504865773808703 ], [ 30.195543974017234, 51.503091284969969 ], [ 30.198387243454466, 51.50286642014148 ], [ 30.200509621427493, 51.499092559195802 ], [ 30.206195545873037, 51.498642545264012 ], [ 30.208317100708356, 51.494868583983816 ], [ 30.214002373881456, 51.494418217676902 ], [ 30.21364153826724, 51.492643816600605 ], [ 30.22216884882431, 51.491967798357464 ], [ 30.221807727802172, 51.49019343762437 ], [ 30.238860706827051, 51.488839645630598 ], [ 30.238498978306826, 51.487065368037257 ], [ 30.247024646371198, 51.486387594508621 ], [ 30.246662632724902, 51.48461335735513 ], [ 30.249504340686748, 51.484387310796869 ], [ 30.249142256705969, 51.482613085554412 ], [ 30.251983820293091, 51.482386985119902 ], [ 30.254100860634605, 51.478612416075705 ], [ 30.259783373324826, 51.478159931622379 ], [ 30.259420971166499, 51.476385756413606 ], [ 30.262262064638808, 51.47615942627727 ], [ 30.261899592245644, 51.474385262991554 ], [ 30.264740541377353, 51.474158879022532 ], [ 30.266856190771684, 51.470384150436821 ], [ 30.272537474655039, 51.469931099115875 ], [ 30.272174684449976, 51.468156985916231 ], [ 30.277855605530068, 51.467703690790252 ], [ 30.277492637976611, 51.465929603836457 ], [ 30.283173196230173, 51.465476064953315 ], [ 30.282810051385255, 51.46370200425784 ], [ 30.291330288792334, 51.463021228246468 ], [ 30.290603467440228, 51.459473185677531 ], [ 30.293443257983125, 51.459246152845623 ], [ 30.293079795872867, 51.457472142325024 ], [ 30.298759051239731, 51.45701790113273 ], [ 30.298395412024721, 51.455243916906063 ], [ 30.301234876853137, 51.455016708561246 ], [ 30.300871167690676, 51.453242736295216 ], [ 30.306185885461929, 51.451014198187181 ], [ 30.305458224647484, 51.447466299127385 ], [ 30.311136037452819, 51.447011520915154 ], [ 30.310408097153129, 51.443463669727237 ], [ 30.313246733708624, 51.443236207291612 ], [ 30.312882712314387, 51.441462292475919 ], [ 30.31855965982162, 51.441007192275251 ], [ 30.318195461613978, 51.439233303795675 ], [ 30.32103377257015, 51.439005666046214 ], [ 30.320305273802752, 51.435457910655217 ], [ 30.323143333603383, 51.435230233641221 ], [ 30.325252578441063, 51.431454781167723 ], [ 30.330928084182947, 51.430999144692024 ], [ 30.330199027617819, 51.427451485168788 ], [ 30.335873956792959, 51.426995634313364 ], [ 30.335509270566313, 51.425221829728784 ], [ 30.352532522638725, 51.423852732429317 ], [ 30.352167232485083, 51.42207901183815 ], [ 30.346493177930995, 51.422535620613409 ], [ 30.34612813875707, 51.420761868812178 ], [ 30.343291162407283, 51.420990056877486 ], [ 30.342561409536309, 51.417442517288393 ], [ 30.345398172220857, 51.417214358017453 ], [ 30.344668354733624, 51.413666837634644 ], [ 30.347504866542465, 51.413438639224708 ], [ 30.347421852800021, 51.399020425848143 ], [ 30.350257436116301, 51.398792206802099 ], [ 30.349162922433489, 51.393470980297792 ], [ 30.351998148459352, 51.393242736562406 ], [ 30.351268445511014, 51.389695269035343 ], [ 30.356573350345876, 51.387464926999506 ], [ 30.357218233791894, 51.376594307579403 ], [ 30.34871565765458, 51.377279057179244 ], [ 30.348351122492964, 51.375505303042985 ], [ 30.345516962611832, 51.37573340284878 ], [ 30.344423899884855, 51.370412082909894 ], [ 30.341590022479746, 51.370640071734769 ], [ 30.34122584910347, 51.368866279254433 ], [ 30.335194272747238, 51.367548201061837 ], [ 30.334466537768634, 51.364000546657756 ], [ 30.331632975053832, 51.364228274537986 ], [ 30.331269269740954, 51.362454429388833 ], [ 30.328435776432439, 51.362682075095236 ], [ 30.324875372683174, 51.359361898106286 ], [ 30.330541970403797, 51.358906731926432 ], [ 30.332647849716562, 51.355131368836254 ], [ 30.338313799037092, 51.354675853306475 ], [ 30.337949959822414, 51.352902039303579 ], [ 30.343615547836361, 51.352446281364401 ], [ 30.343251532877193, 51.350672493712764 ], [ 30.346084164784756, 51.350444527449142 ], [ 30.34818841540331, 51.346668968441932 ], [ 30.353853067968231, 51.346212754597055 ], [ 30.353488738841175, 51.344439017289254 ], [ 30.356320903035176, 51.344210823117251 ], [ 30.355956504699371, 51.342437097802815 ], [ 30.358788525385503, 51.342208850271092 ], [ 30.360891398358934, 51.338433134749017 ], [ 30.366554828585773, 51.337976358568206 ], [ 30.366190116443718, 51.33620268364939 ], [ 30.369021669486852, 51.335974208366224 ], [ 30.368656888234458, 51.334200545452624 ], [ 30.371488297803968, 51.333972016853046 ], [ 30.373589794156945, 51.330196145143525 ], [ 30.379252002255502, 51.329738807027205 ], [ 30.378886907558222, 51.327965194560939 ], [ 30.381717849555475, 51.327736438366827 ], [ 30.383818251703438, 51.323960440020286 ], [ 30.389479524728305, 51.323502646871724 ], [ 30.389114116869731, 51.321729084894848 ], [ 30.394409445604644, 51.319497514373843 ], [ 30.393678391439114, 51.315950436121064 ], [ 30.396508472949215, 51.315721360427148 ], [ 30.398607187519893, 51.311945186945664 ], [ 30.404266739776368, 51.311486755057103 ], [ 30.403900918621289, 51.309713265272741 ], [ 30.415219151421539, 51.308795647590799 ], [ 30.414852943245567, 51.307022213229814 ], [ 30.431828536615157, 51.305643844597718 ], [ 30.432195381078074, 51.307417192080266 ], [ 30.437853825420977, 51.306957165914312 ], [ 30.438220919333702, 51.308730481978067 ], [ 30.463683020779879, 51.30665688673367 ], [ 30.462946962246264, 51.303110513528914 ], [ 30.460118201664798, 51.303341154366983 ], [ 30.458646958160003, 51.296248320597172 ], [ 30.46393566513559, 51.294013902139632 ], [ 30.462832102657277, 51.288694331133478 ], [ 30.460004226990613, 51.288924923290018 ], [ 30.459268917696882, 51.285378501385594 ], [ 30.45361347758767, 51.285839424921264 ], [ 30.453246090830426, 51.284066181276437 ], [ 30.450418420530472, 51.284296527194286 ], [ 30.449683970953423, 51.280750003585226 ], [ 30.454971470316949, 51.278516065836669 ], [ 30.454604127324945, 51.276742826984126 ], [ 30.45177691781635, 51.276973182389796 ], [ 30.453869553526562, 51.273196341986129 ], [ 30.465177171066472, 51.272274361224532 ], [ 30.465544862460487, 51.274047546847754 ], [ 30.471198658268364, 51.273586122280243 ], [ 30.471566598681598, 51.275359276395832 ], [ 30.477220456240765, 51.274897552667923 ], [ 30.47758864569948, 51.276670675254785 ], [ 30.483242564908235, 51.276208652348416 ], [ 30.483611003438671, 51.277981743385453 ], [ 30.500941606004705, 51.278366968044111 ], [ 30.501310754325985, 51.280139966754881 ], [ 30.506964707546242, 51.27967677613578 ], [ 30.506595347676281, 51.277903806604854 ], [ 30.509422162121282, 51.277672124620914 ], [ 30.509052734092048, 51.275899167233327 ], [ 30.514706038650928, 51.27543562994974 ], [ 30.516793256858442, 51.27165792553614 ], [ 30.522445912773115, 51.271194041716036 ], [ 30.52207606898331, 51.269421149991658 ], [ 30.533010277387429, 51.266719795357041 ], [ 30.532269932683487, 51.263174116580664 ], [ 30.535095630860276, 51.262941862054419 ], [ 30.537180674810848, 51.259163909970802 ], [ 30.534355225558116, 51.259396202690091 ], [ 30.5339850794076, 51.257623369315624 ], [ 30.527964381871314, 51.25631485807709 ], [ 30.527224700215065, 51.252769120538268 ], [ 30.52120480981495, 51.251460215225329 ], [ 30.520465776172287, 51.247914404499113 ], [ 30.517640877917273, 51.248146257710182 ], [ 30.516902205745449, 51.244600407960384 ], [ 30.514077481035219, 51.24483216454643 ], [ 30.513339170222118, 51.241286275792085 ], [ 30.510514619045836, 51.241517935771817 ], [ 30.509776669479354, 51.237972008032003 ], [ 30.506952291826192, 51.23820357142408 ], [ 30.506214703394267, 51.23465760471791 ], [ 30.503390499253374, 51.234889071541012 ], [ 30.502284714373843, 51.229570059390007 ], [ 30.499460789218666, 51.229801415092368 ], [ 30.497619091281898, 51.22093627307126 ], [ 30.494795655946501, 51.221167488562422 ], [ 30.491483906941667, 51.205209947946415 ], [ 30.488661382693998, 51.205440965098617 ], [ 30.487926060591093, 51.201894789013082 ], [ 30.49074837416806, 51.201663800951337 ], [ 30.487440326571999, 51.185706018696671 ], [ 30.490261655299371, 51.185475094192093 ], [ 30.488424632140958, 51.176609646934473 ], [ 30.491245397532268, 51.176378727834923 ], [ 30.490143316092816, 51.171059473827881 ], [ 30.492963728695152, 51.170828531075621 ], [ 30.492228984087451, 51.167282378618765 ], [ 30.495049149118106, 51.167051397691431 ], [ 30.494314343586936, 51.163505264556001 ], [ 30.49713426109636, 51.163274245467697 ], [ 30.495297374978232, 51.154408942636223 ], [ 30.498116729882248, 51.154177929026552 ], [ 30.497014730871403, 51.148858761669317 ], [ 30.499833733432002, 51.148627724474082 ], [ 30.49909904396856, 51.145081629783711 ], [ 30.501917799260596, 51.144850554477308 ], [ 30.500815729949981, 51.139531437764404 ], [ 30.497997289518072, 51.139762469447021 ], [ 30.498364503708871, 51.14153552533238 ], [ 30.492727301095719, 51.141997416227447 ], [ 30.490642554327572, 51.145774452548629 ], [ 30.48500470819819, 51.146235998408898 ], [ 30.485371509333987, 51.148009119630295 ], [ 30.479733304193015, 51.148470425718259 ], [ 30.480099932551504, 51.150243573540635 ], [ 30.474461368420684, 51.150704639808929 ], [ 30.474827823946235, 51.152477814220013 ], [ 30.463915901439002, 51.155172428095689 ], [ 30.464282011131768, 51.156945655647519 ], [ 30.455822493913129, 51.157636074571634 ], [ 30.456188325502193, 51.159409343159005 ], [ 30.442087861434711, 51.160558768791567 ], [ 30.442453204546911, 51.162332107316345 ], [ 30.417069085297832, 51.16439696590885 ], [ 30.417433518969528, 51.166170432017687 ], [ 30.408971163386934, 51.166857550462581 ], [ 30.409335318452829, 51.16863105742582 ], [ 30.403693352580213, 51.169088828749281 ], [ 30.40405733418272, 51.170862362130308 ], [ 30.395593792247865, 51.171548557555717 ], [ 30.395957495068103, 51.173322131741166 ], [ 30.390314738410833, 51.173779287588388 ], [ 30.390678267636243, 51.175552888159906 ], [ 30.387856728594961, 51.175781379492221 ], [ 30.388220189473131, 51.177554992052826 ], [ 30.385398508187631, 51.177783430443633 ], [ 30.38330340128077, 51.181559076963445 ], [ 30.377659432749176, 51.182015674578963 ], [ 30.37556352003768, 51.185791224497166 ], [ 30.369918908584566, 51.186247475488926 ], [ 30.370281816655954, 51.188021176697355 ], [ 30.364636846845595, 51.188477186962466 ], [ 30.36499958101232, 51.190250914499266 ], [ 30.359354252867096, 51.190706683990364 ], [ 30.359716813073408, 51.192480437843187 ], [ 30.354071126615729, 51.192935966512934 ], [ 30.354433512805873, 51.19470974666946 ], [ 30.348787468058195, 51.195165034470506 ], [ 30.349149680176392, 51.196938840918378 ], [ 30.340680020425314, 51.1976213101428 ], [ 30.341041952926588, 51.199395157195511 ], [ 30.326924589856013, 51.200531329346255 ], [ 30.327286031596664, 51.202305245589926 ], [ 30.313167221867126, 51.203439803727562 ], [ 30.313528172627059, 51.205213789070029 ], [ 30.316352113596928, 51.204986998014981 ], [ 30.316713206642746, 51.206760966697857 ], [ 30.322722530435254, 51.208081091413412 ], [ 30.323445322556378, 51.21162895972612 ], [ 30.329455454245711, 51.212948693131196 ], [ 30.330178889419432, 51.216496489954935 ], [ 30.333003385677483, 51.216269261559006 ], [ 30.3337271793051, 51.21981702023453 ], [ 30.336551849983739, 51.21958969574294 ], [ 30.337276002176949, 51.223137416251383 ], [ 30.340100847287474, 51.222909995645445 ], [ 30.34082535815806, 51.226457677967922 ], [ 30.343650377711761, 51.226230161228955 ], [ 30.344375247371495, 51.2297778053466 ], [ 30.347200441379655, 51.229550192455932 ], [ 30.348288339572964, 51.234871597717031 ], [ 30.351113813741854, 51.234643874308517 ], [ 30.352928244253256, 51.243512763582146 ], [ 30.355754210108739, 51.243284900910581 ], [ 30.359023464984084, 51.259248621798648 ], [ 30.361850345980528, 51.259020562320948 ], [ 30.362213887283911, 51.260794282754823 ], [ 30.35938690044766, 51.26102235660445 ], [ 30.362659485319845, 51.276985862149424 ], [ 30.359831508413816, 51.277213997809874 ], [ 30.361650377684377, 51.286082600089642 ], [ 30.358821833873776, 51.286310740046162 ], [ 30.359913282085067, 51.291631915816318 ], [ 30.357084383163944, 51.29186003129341 ], [ 30.35781198853293, 51.295407498592091 ], [ 30.354982840455136, 51.295635575195526 ], [ 30.355710381941741, 51.299183061672387 ], [ 30.352880984656462, 51.299411099387882 ], [ 30.353608462207525, 51.302958605041411 ], [ 30.350778815663986, 51.303186603854783 ], [ 30.349403682893946, 51.310509632582594 ], [ 30.344106873425833, 51.31273920398678 ], [ 30.344834020592742, 51.316286791112312 ], [ 30.342003482717601, 51.316514619810285 ], [ 30.34236700567471, 51.318288424151795 ], [ 30.339536324537878, 51.318516199516957 ], [ 30.339899778321726, 51.320290015830132 ], [ 30.337068953913327, 51.32051773785323 ], [ 30.337432338503159, 51.322291566135902 ], [ 30.334601370813317, 51.322519234807658 ], [ 30.334964686188407, 51.324293075057618 ], [ 30.332133575207255, 51.324520690368779 ], [ 30.33249682134683, 51.326294542583831 ], [ 30.329665567064485, 51.326522104525147 ], [ 30.330028743947789, 51.32829596870306 ], [ 30.327197346354371, 51.328523477265243 ], [ 30.327560453960675, 51.330297353403836 ], [ 30.324728913046307, 51.330524808577636 ], [ 30.325091951354821, 51.332298696674712 ], [ 30.322260267109638, 51.332526098450863 ], [ 30.320154308164359, 51.336301258880823 ], [ 30.314490329298998, 51.336755781031535 ], [ 30.31238355646407, 51.340530843322462 ], [ 30.306718930195387, 51.340985016202644 ], [ 30.307081408901247, 51.342758992702493 ], [ 30.301416421967566, 51.343212923121655 ], [ 30.301778724796517, 51.344986925873151 ], [ 30.29611337722076, 51.345440613783666 ], [ 30.296475504116412, 51.347214642774361 ], [ 30.290809795921561, 51.347668088128621 ], [ 30.29117174682753, 51.349442143346089 ], [ 30.285505678036593, 51.349895346096446 ], [ 30.285867452896468, 51.351669427528222 ], [ 30.277367753523219, 51.352348765957217 ], [ 30.277729245770818, 51.354122887870467 ], [ 30.263561810245534, 51.355253833580754 ], [ 30.263922806694403, 51.357028024468697 ], [ 30.238418144599887, 51.359059581422969 ], [ 30.238778218659736, 51.360833898112965 ], [ 30.235944076897994, 51.361059301645476 ], [ 30.235584109442442, 51.359284970735771 ], [ 30.210076141675103, 51.361310420819571 ], [ 30.213308531130629, 51.377280464815371 ], [ 30.216143856644344, 51.377055558593142 ], [ 30.216503301078653, 51.37882998202042 ], [ 30.213667868822547, 51.379054902434788 ], [ 30.216903559218423, 51.395024735518696 ] ] ], [ [ [ 30.209717170509364, 51.359535959777716 ], [ 30.206882875219289, 51.3597606562683 ], [ 30.207241739742177, 51.361535131487337 ], [ 30.210076141675103, 51.361310420819571 ], [ 30.209717170509364, 51.359535959777716 ] ] ], [ [ [ 29.744583232012811, 51.51622731223604 ], [ 29.747430859388011, 51.516013347022771 ], [ 29.747087885129051, 51.514236665228886 ], [ 29.741050088760311, 51.512887789065473 ], [ 29.740022130972189, 51.507557642938522 ], [ 29.745716339428327, 51.507129916299576 ], [ 29.742974933453613, 51.492916314068893 ], [ 29.734436161933221, 51.493557476827341 ], [ 29.733409685822437, 51.488227218501883 ], [ 29.736255653994505, 51.488013606558276 ], [ 29.734545021228591, 51.479129866832068 ], [ 29.737390414482334, 51.478916254006229 ], [ 29.736706190693145, 51.475362769943693 ], [ 29.739551333048688, 51.475149115729032 ], [ 29.741027549854984, 51.467828507033268 ], [ 29.746374445465278, 51.46562426484055 ], [ 29.744663217138477, 51.456740732670426 ], [ 29.753194883004014, 51.456099149855291 ], [ 29.752852419055827, 51.454322477465304 ], [ 29.758539805510935, 51.453894440915079 ], [ 29.75819716108084, 51.452117793409379 ], [ 29.766727654470575, 51.451475266673391 ], [ 29.766384721877984, 51.449698657607804 ], [ 29.783444114481647, 51.448411840682979 ], [ 29.78310057071894, 51.446635310778113 ], [ 29.7887865384191, 51.446205852434744 ], [ 29.788442814444437, 51.444429347489475 ], [ 29.794128426120327, 51.443999643093314 ], [ 29.793784521990279, 51.442223163120417 ], [ 29.796627167399578, 51.442008222064246 ], [ 29.798003425738035, 51.449114074469854 ], [ 29.795160349651152, 51.449329069876299 ], [ 29.796192589992199, 51.45465847695106 ], [ 29.793349155570422, 51.454873444810566 ], [ 29.794037276390856, 51.458426399087607 ], [ 29.799724540960781, 51.457996340681269 ], [ 29.800068869692538, 51.459772787348555 ], [ 29.811443406871621, 51.458911796205314 ], [ 29.81178820183456, 51.460688186252945 ], [ 29.814631855685416, 51.46047275403695 ], [ 29.813942085580813, 51.456919998978975 ], [ 29.816785488681948, 51.456704525679655 ], [ 29.815405941119813, 51.449599043671256 ], [ 29.81824887816456, 51.449383556545342 ], [ 29.818593819796519, 51.451159916723412 ], [ 29.824279803335894, 51.450728710331354 ], [ 29.824624995617171, 51.452505041055176 ], [ 29.830311053224833, 51.45207353420507 ], [ 29.830656496183611, 51.453849835453489 ], [ 29.833499579649789, 51.453633965939019 ], [ 29.833845165637477, 51.455410251339664 ], [ 29.839531441834247, 51.45497828011468 ], [ 29.843066451058093, 51.458314674313293 ], [ 29.848752945624074, 51.457882238640615 ], [ 29.848406750463642, 51.456106025945289 ], [ 29.851249836939846, 51.455889719327779 ], [ 29.850211141003019, 51.450561108992567 ], [ 29.870109493358036, 51.44904533793472 ], [ 29.869762578928928, 51.447269225859479 ], [ 29.881131855074059, 51.446401623847429 ], [ 29.879048532351181, 51.435745233729364 ], [ 29.87620691183638, 51.43596215436181 ], [ 29.874819170042755, 51.428857795057972 ], [ 29.877660360599059, 51.428640929244629 ], [ 29.874539049329311, 51.412656114350519 ], [ 29.877379237659198, 51.412439303642181 ], [ 29.875645879690122, 51.40355884178512 ], [ 29.878485495883812, 51.403342031397067 ], [ 29.877445584354842, 51.398013768760357 ], [ 29.880284843241395, 51.397796931317437 ], [ 29.879591531475079, 51.394244772531444 ], [ 29.882430540410891, 51.394027894352284 ], [ 29.881737155857589, 51.390475754091099 ], [ 29.884575914893283, 51.390258835190245 ], [ 29.883882457608856, 51.386706713455681 ], [ 29.886720966795018, 51.386489753847613 ], [ 29.888172093643433, 51.379168565664919 ], [ 29.893501115060793, 51.376958397371794 ], [ 29.892807296538528, 51.373406354205713 ], [ 29.895644913931555, 51.373189218201539 ], [ 29.89529795072373, 51.37141320699827 ], [ 29.898135425578225, 51.371196016641669 ], [ 29.897788390725637, 51.369420016931464 ], [ 29.9006257230511, 51.369202772231795 ], [ 29.900278616574784, 51.367426784016985 ], [ 29.903115806380697, 51.367209484983505 ], [ 29.902768628301704, 51.365433508266392 ], [ 29.905605675597553, 51.36521615490841 ], [ 29.905258425936907, 51.363440189691275 ], [ 29.90809533073217, 51.363222782018106 ], [ 29.907748009510907, 51.361446828303301 ], [ 29.910584771815074, 51.36122936632421 ], [ 29.910237379054227, 51.359453424114029 ], [ 29.913073998876797, 51.359235907838347 ], [ 29.912726534597358, 51.357459977135065 ], [ 29.915563011947814, 51.357242406572077 ], [ 29.91770420380513, 51.353472954854482 ], [ 29.923376553172826, 51.353037528627631 ], [ 29.925516924935103, 51.349267973935028 ], [ 29.931188633498842, 51.348832194713324 ], [ 29.930840598123513, 51.347056349091737 ], [ 29.933676292207387, 51.34683837125587 ], [ 29.933328185470014, 51.345062537161255 ], [ 29.930492598277628, 51.345280501235649 ], [ 29.929448811869019, 51.339952944262585 ], [ 29.926613509777663, 51.340170799088611 ], [ 29.924875110075231, 51.33129142404276 ], [ 29.922040306674049, 51.33150914216214 ], [ 29.918914382696421, 51.315526002864068 ], [ 29.916080504753925, 51.315743529411257 ], [ 29.915733463763299, 51.313967600170038 ], [ 29.918567234988807, 51.313750087353036 ], [ 29.915444498881151, 51.297766747517691 ], [ 29.918277274748892, 51.297549290351171 ], [ 29.916543126798192, 51.288669647797064 ], [ 29.919375334369715, 51.28845219138811 ], [ 29.918681709670746, 51.284900346228113 ], [ 29.915849715189996, 51.28511777519234 ], [ 29.916196403315091, 51.286893712607544 ], [ 29.913364266936178, 51.287111087446085 ], [ 29.913710883863949, 51.288887036354339 ], [ 29.910878605577423, 51.289104357057909 ], [ 29.911225151286938, 51.290880317456889 ], [ 29.908392731083389, 51.291097584016249 ], [ 29.908739205553758, 51.292873555903654 ], [ 29.905906643423716, 51.293090768309526 ], [ 29.906253046634035, 51.294866751683074 ], [ 29.90342034256809, 51.295083909926191 ], [ 29.903766674497415, 51.296859904783553 ], [ 29.900933828486135, 51.297077008854636 ], [ 29.901280089113559, 51.298853015193544 ], [ 29.8984471011475, 51.29907006508332 ], [ 29.898793290452097, 51.300846082901451 ], [ 29.895960160521835, 51.30106307860067 ], [ 29.893819053174909, 51.304832090164759 ], [ 29.888152190105163, 51.305265796840303 ], [ 29.886010264541557, 51.309034705325004 ], [ 29.880342762936383, 51.309468059259622 ], [ 29.880688381853989, 51.31124416179577 ], [ 29.875020525717765, 51.311677271385207 ], [ 29.875365966404864, 51.313453399049365 ], [ 29.869697755762797, 51.313886264246456 ], [ 29.870043018163351, 51.315662417025905 ], [ 29.864374453040682, 51.316095037783469 ], [ 29.864719537098612, 51.317871215665512 ], [ 29.859050617520609, 51.31830359193637 ], [ 29.85939552317987, 51.320079794908281 ], [ 29.85089155938952, 51.320727890571739 ], [ 29.851236179758097, 51.322504132256341 ], [ 29.842731578887896, 51.323151657125528 ], [ 29.843075913865231, 51.32492793749136 ], [ 29.82890034195346, 51.326005854155461 ], [ 29.829244177654694, 51.327782200383815 ], [ 29.803724975727153, 51.329718289204038 ], [ 29.804067884173978, 51.33149475549726 ], [ 29.798396351156477, 51.331924276518265 ], [ 29.798053656618055, 51.330147783101843 ], [ 29.772530990033008, 51.332077138707632 ], [ 29.772189293205187, 51.330300521268128 ], [ 29.758009347312591, 51.331369936921227 ], [ 29.757668220329162, 51.329593249769715 ], [ 29.749160155730753, 51.330234042251874 ], [ 29.748819384575707, 51.328457312461701 ], [ 29.743147381525766, 51.328884140296914 ], [ 29.742806859165444, 51.327107381383961 ], [ 29.737134931046956, 51.327533910122213 ], [ 29.736794657453192, 51.325757122107525 ], [ 29.731122804366475, 51.326183351768464 ], [ 29.73078277951112, 51.324406534673017 ], [ 29.719099522689064, 51.323481250686498 ], [ 29.715584813052104, 51.32014018500179 ], [ 29.70991333036287, 51.320565354620214 ], [ 29.709574193183613, 51.318788434831717 ], [ 29.706738506886527, 51.319000904168121 ], [ 29.706399511316238, 51.317223968809245 ], [ 29.703563897395465, 51.317436356697215 ], [ 29.703225043413102, 51.315659405774404 ], [ 29.700389501877893, 51.315871712221323 ], [ 29.700050789462388, 51.314094745741002 ], [ 29.697215320321998, 51.314306970754302 ], [ 29.693702923371045, 51.310965134733898 ], [ 29.682361418895187, 51.311812975263393 ], [ 29.682023451948329, 51.310035921995208 ], [ 29.667846329962238, 51.311094125161901 ], [ 29.667508932380361, 51.309317002918156 ], [ 29.659002566692141, 51.309951068374211 ], [ 29.658665524496268, 51.308173903947164 ], [ 29.652994655941008, 51.308596247398093 ], [ 29.652657862116282, 51.306819054163128 ], [ 29.646987069994744, 51.307241098813321 ], [ 29.646650524512829, 51.305463876791386 ], [ 29.640979808924936, 51.305885622660682 ], [ 29.640643511757499, 51.304108371872765 ], [ 29.634972872803171, 51.304529818980981 ], [ 29.634636823921852, 51.302752539448036 ], [ 29.626130929158791, 51.303384159948017 ], [ 29.625795235518257, 51.301606838396957 ], [ 29.600276664634901, 51.303497906268795 ], [ 29.599941968222215, 51.301720463148158 ], [ 29.585764322939429, 51.302768608550892 ], [ 29.585430195780852, 51.300991097109822 ], [ 29.576923520226632, 51.301619128030403 ], [ 29.576589748254289, 51.299841574811097 ], [ 29.57091867486778, 51.300259895383704 ], [ 29.57058515102263, 51.298482313636512 ], [ 29.564914155483958, 51.298900335574814 ], [ 29.564580879737488, 51.297122725320662 ], [ 29.561745437949195, 51.297331621009604 ], [ 29.562078606664876, 51.299109244460823 ], [ 29.556407406979925, 51.29952685805695 ], [ 29.556740395618395, 51.301304505794683 ], [ 29.551068845826851, 51.301721873510317 ], [ 29.551401654332278, 51.303499545521582 ], [ 29.542893753572862, 51.304125126088159 ], [ 29.543226274795156, 51.305902835530887 ], [ 29.529045225710448, 51.306944173977328 ], [ 29.52937724529944, 51.308721947125754 ], [ 29.50384825739793, 51.310592184438057 ], [ 29.504179346450972, 51.312370073679553 ], [ 29.498505651414749, 51.312784958970113 ], [ 29.498174776732977, 51.31100704351266 ], [ 29.495337985703557, 51.311214370872484 ], [ 29.495668753192923, 51.312992299431656 ], [ 29.478646654676147, 51.314234911507725 ], [ 29.47831653043615, 51.312456904426206 ], [ 29.455619368797858, 51.314109800348291 ], [ 29.458254441550363, 51.328334634995215 ], [ 29.455416286496391, 51.328541044680037 ], [ 29.457063764324555, 51.337431564578388 ], [ 29.454225038756931, 51.337637971303252 ], [ 29.455213607384309, 51.342972297648373 ], [ 29.452374525891329, 51.343178675300521 ], [ 29.453363075351362, 51.348513022235203 ], [ 29.450523637821121, 51.348719370796488 ], [ 29.453490138272024, 51.364722417725794 ], [ 29.450649699365524, 51.364928815456786 ], [ 29.452298397167308, 51.373819390187947 ], [ 29.449457386547831, 51.374025784882932 ], [ 29.450446687042337, 51.379360144135546 ], [ 29.447605319758395, 51.37956650967552 ], [ 29.448264806737811, 51.383122764970004 ], [ 29.445423190372075, 51.383329088289493 ], [ 29.446082596882935, 51.386885361435787 ], [ 29.443240731385387, 51.387091642520069 ], [ 29.443900057369682, 51.390647933516114 ], [ 29.441057942690314, 51.390854172350458 ], [ 29.442376568402469, 51.397966781801138 ], [ 29.43953398893591, 51.398173004453049 ], [ 29.440522989032175, 51.403507479047022 ], [ 29.437680052412588, 51.403713672455474 ], [ 29.438339338832371, 51.407270004639578 ], [ 29.435496152803321, 51.407476155747176 ], [ 29.436155358454659, 51.41103250577622 ], [ 29.433311922966041, 51.411238614568184 ], [ 29.433641468513017, 51.413016799532748 ], [ 29.439328521512454, 51.412604487475598 ], [ 29.438998760206335, 51.410826328589216 ], [ 29.450372029630387, 51.410000935929261 ], [ 29.450041870650615, 51.408222827186727 ], [ 29.455728086980351, 51.407809746663062 ], [ 29.455397746124159, 51.406031661982425 ], [ 29.463926493580239, 51.40541156758966 ], [ 29.463595863099343, 51.403633520060012 ], [ 29.472123982658953, 51.403012849613582 ], [ 29.471793062653571, 51.401234839266976 ], [ 29.483162983541568, 51.400406374068517 ], [ 29.482831666360482, 51.398628414040537 ], [ 29.497042765953658, 51.397591360361169 ], [ 29.49737462182372, 51.39936925480859 ], [ 29.500216847663328, 51.399161625940906 ], [ 29.500880876747551, 51.402717382337499 ], [ 29.503723284094495, 51.402509658866904 ], [ 29.505384490274082, 51.411398947754385 ], [ 29.508227402478681, 51.411191090232528 ], [ 29.508892338573791, 51.414746764919087 ], [ 29.511735432363292, 51.414538812737881 ], [ 29.513398907328639, 51.423427897212441 ], [ 29.516242506249615, 51.423219810877221 ], [ 29.516575411268764, 51.424997608353998 ], [ 29.521929601870173, 51.422803433053041 ], [ 29.52492891634483, 51.438803298105611 ], [ 29.519573090356602, 51.440997691689681 ], [ 29.521906528861404, 51.45344208396218 ], [ 29.524751928799798, 51.453233705303234 ], [ 29.525419148874875, 51.456789200774622 ], [ 29.528264730740734, 51.456580727287573 ], [ 29.528598500087021, 51.458358458697056 ], [ 29.531444155828808, 51.458149903556361 ], [ 29.532112013216732, 51.461705333707336 ], [ 29.534957850896578, 51.461496683706933 ], [ 29.536962892733545, 51.472162844666045 ], [ 29.534116406401473, 51.472371573879208 ], [ 29.538969167259236, 51.482828930131795 ], [ 29.544663335179909, 51.482411107647351 ], [ 29.546840823397918, 51.478646819509912 ], [ 29.55253435285028, 51.478228638847618 ], [ 29.554711010068321, 51.474464242614509 ], [ 29.560403901056105, 51.474045703902362 ], [ 29.562579727578729, 51.47028119969076 ], [ 29.573628430639822, 51.467665616318762 ], [ 29.573292800458042, 51.465888098000661 ], [ 29.576138590307636, 51.465678436555848 ], [ 29.575802886447327, 51.463900929389531 ], [ 29.581158261358432, 51.461703944915428 ], [ 29.584675753523605, 51.465049041471104 ], [ 29.596394650503957, 51.465986301779566 ], [ 29.596731179499081, 51.467763711761016 ], [ 29.599576910053461, 51.467553476099724 ], [ 29.599913581558798, 51.469330870664564 ], [ 29.60594207738605, 51.470687533211233 ], [ 29.606616025077205, 51.474242258513662 ], [ 29.609462084357329, 51.474031764250938 ], [ 29.610473589029251, 51.479363796339278 ], [ 29.607627205497007, 51.479574330549994 ], [ 29.610325206281729, 51.49379309589105 ], [ 29.621713993469225, 51.492950121705796 ], [ 29.622051831806765, 51.494727404484919 ], [ 29.628084323436543, 51.496082733628633 ], [ 29.629437027143748, 51.503191728146554 ], [ 29.632284717328314, 51.502980596209532 ], [ 29.632961493584052, 51.506535053961038 ], [ 29.635809365554152, 51.506323826776089 ], [ 29.635470851855818, 51.50454661232979 ], [ 29.641166275262982, 51.504123979110922 ], [ 29.640488919077391, 51.50056959728618 ], [ 29.643336362320003, 51.500358204641216 ], [ 29.64299762808859, 51.498581023897295 ], [ 29.645844928440702, 51.498369576117724 ], [ 29.64618377085451, 51.500146743485047 ], [ 29.652217577261222, 51.501500754108356 ], [ 29.653235066263147, 51.506832156650702 ], [ 29.661778173323373, 51.506196790356384 ], [ 29.663946579766588, 51.502430705528504 ], [ 29.672488620177258, 51.501794597534186 ], [ 29.674188570034069, 51.510679777785121 ], [ 29.677036388148668, 51.51046753766532 ], [ 29.677376590865542, 51.512244553843367 ], [ 29.680224482338204, 51.512032231773418 ], [ 29.683753281885295, 51.515373813349157 ], [ 29.689449323302053, 51.514948772838075 ], [ 29.689790063588131, 51.516725728803529 ], [ 29.701523368383945, 51.517651671659827 ], [ 29.701864611490816, 51.51942856947791 ], [ 29.707902377544553, 51.520779494615724 ], [ 29.708585471664165, 51.524333225556049 ], [ 29.711433879658973, 51.524120110539592 ], [ 29.712459108235858, 51.529450650283913 ], [ 29.718156468775835, 51.529024133708418 ], [ 29.71849849827462, 51.530800948978921 ], [ 29.732741827367587, 51.529733390524797 ], [ 29.733084433349159, 51.531510136090873 ], [ 29.741630334345281, 51.53086873797173 ], [ 29.740601647433984, 51.525538616471586 ], [ 29.743449886078636, 51.525324720618912 ], [ 29.742421190736795, 51.519994620140729 ], [ 29.745269069609012, 51.519780696365352 ], [ 29.744583232012811, 51.51622731223604 ] ] ], [ [ [ 29.264452035855808, 51.481012440021367 ], [ 29.264128269090897, 51.479233504161179 ], [ 29.269826030822053, 51.478829050630551 ], [ 29.269502080279473, 51.477050138375049 ], [ 29.272350802854426, 51.476847821452715 ], [ 29.27105489891531, 51.469732203632113 ], [ 29.265358288180558, 51.470136666400485 ], [ 29.265034612060759, 51.4683577313331 ], [ 29.259338085478916, 51.468761894017135 ], [ 29.259014659382228, 51.466982931363518 ], [ 29.253318217053476, 51.467386793983948 ], [ 29.252995040950267, 51.465607803765138 ], [ 29.247298682974797, 51.466011366342755 ], [ 29.246975756835432, 51.464232348579777 ], [ 29.241279483313349, 51.464635611135392 ], [ 29.240956807108173, 51.462856565849272 ], [ 29.235260618139606, 51.463259528403704 ], [ 29.234938191838971, 51.461480455615479 ], [ 29.22891991109821, 51.460104017920258 ], [ 29.230531123506463, 51.468999499384083 ], [ 29.227682588014439, 51.469200778706451 ], [ 29.229294083969819, 51.478096274179116 ], [ 29.226444972940573, 51.478297548570218 ], [ 29.227089585582679, 51.48185575832909 ], [ 29.229938913689978, 51.481654458447593 ], [ 29.230261378140277, 51.483433547598089 ], [ 29.244508065245963, 51.482425954384155 ], [ 29.244831105525282, 51.48420497774346 ], [ 29.253379046040045, 51.483599559492248 ], [ 29.253702445080322, 51.485378542522227 ], [ 29.259401123393452, 51.484974561457591 ], [ 29.259077507284434, 51.483195604005324 ], [ 29.264452035855808, 51.481012440021367 ] ] ], [ [ [ 29.881068481778254, 51.46082713222242 ], [ 29.883911608481228, 51.460610019591329 ], [ 29.884259237657123, 51.462386059056662 ], [ 29.889945599666706, 51.461951601470531 ], [ 29.889597755176517, 51.460175589461848 ], [ 29.886754699617516, 51.460392838670458 ], [ 29.885016549004128, 51.451512676613618 ], [ 29.879331407466218, 51.451946832955649 ], [ 29.881068481778254, 51.46082713222242 ] ] ], [ [ [ 29.907646669855581, 51.478623572667217 ], [ 29.904802607819441, 51.478841314606846 ], [ 29.90410538024366, 51.475289442902493 ], [ 29.901261497997343, 51.475507089004125 ], [ 29.900564628544995, 51.471955180862899 ], [ 29.897720926075831, 51.472172731145506 ], [ 29.893484738382668, 51.465286260109394 ], [ 29.887450208870419, 51.46394488792405 ], [ 29.888841654456328, 51.471048959731249 ], [ 29.891685356102865, 51.470831628124422 ], [ 29.892381507959588, 51.474383623199898 ], [ 29.88669363815637, 51.474818273041244 ], [ 29.887389501528386, 51.478370314156585 ], [ 29.893426002952275, 51.479711599108029 ], [ 29.894470818708854, 51.485039554964537 ], [ 29.900159839114721, 51.484604466873726 ], [ 29.900508397928881, 51.486380420199481 ], [ 29.909041984293307, 51.485727234230339 ], [ 29.909390902172341, 51.487503144036381 ], [ 29.915079996768558, 51.487067317481234 ], [ 29.914381765613491, 51.483515550726459 ], [ 29.908344255668343, 51.48217540791611 ], [ 29.907646669855581, 51.478623572667217 ] ] ], [ [ [ 31.450219516644321, 46.504249744607257 ], [ 31.452781838476795, 46.504012975944555 ], [ 31.452096033682235, 46.500474419322231 ], [ 31.45465816263442, 46.500237623268546 ], [ 31.453972326449801, 46.49669908573788 ], [ 31.456534262558293, 46.496462262304767 ], [ 31.455848395018624, 46.49292374386701 ], [ 31.458410138320009, 46.49268689306605 ], [ 31.459599859846382, 46.48537303531706 ], [ 31.464379466095728, 46.483129953100899 ], [ 31.463693408896702, 46.479591516052928 ], [ 31.466254461514094, 46.479354541340257 ], [ 31.465911401176776, 46.477585333617959 ], [ 31.468472341319472, 46.477348317035528 ], [ 31.468129233110531, 46.475579121368085 ], [ 31.470690060786062, 46.475342062923488 ], [ 31.470346904719843, 46.473572879312641 ], [ 31.472907619935693, 46.473335779013539 ], [ 31.472564416026565, 46.471566607461035 ], [ 31.475125018790251, 46.471329465315023 ], [ 31.474781767052573, 46.469560305822611 ], [ 31.477342257371596, 46.469323121837313 ], [ 31.476998957819699, 46.467553974406741 ], [ 31.479559335701573, 46.467316748589781 ], [ 31.479215988349818, 46.465547613222725 ], [ 31.48177625380205, 46.46531034558172 ], [ 31.481432858664768, 46.463541222280014 ], [ 31.483993011694867, 46.463303912822582 ], [ 31.485866118736617, 46.459528351155768 ], [ 31.490985942819282, 46.459053508644111 ], [ 31.492858441626613, 46.455277884461864 ], [ 31.497977751430163, 46.454802762070635 ], [ 31.497633957496667, 46.453033728300952 ], [ 31.502752977810779, 46.452558409651857 ], [ 31.502409056174312, 46.450789402559849 ], [ 31.507527786986092, 46.450313887692666 ], [ 31.50718373768656, 46.448544907288245 ], [ 31.512302178983099, 46.448069196242756 ], [ 31.511958002060407, 46.446300242535806 ], [ 31.517076153828814, 46.445824335351752 ], [ 31.516731849322877, 46.444055408352156 ], [ 31.524408594055618, 46.443341168936023 ], [ 31.524064082043495, 46.441572283277104 ], [ 31.536857608442297, 46.440380830933577 ], [ 31.536512729119437, 46.438612015915041 ], [ 31.549305044712298, 46.437419228998607 ], [ 31.548959798240528, 46.435650484694712 ], [ 31.551518084043256, 46.435411773061986 ], [ 31.551172790146815, 46.43364304088449 ], [ 31.553730963570835, 46.433404287617556 ], [ 31.553385622263995, 46.431635567568186 ], [ 31.555943683316841, 46.43139677267461 ], [ 31.555598294613883, 46.429628064755072 ], [ 31.558156243303095, 46.429389228242492 ], [ 31.557810807218317, 46.427620532454526 ], [ 31.560368643551438, 46.427381654330539 ], [ 31.560023160099103, 46.425612970675864 ], [ 31.562580884083658, 46.425374050948101 ], [ 31.562235353278062, 46.423605379428444 ], [ 31.56479296492159, 46.423366418104457 ], [ 31.56444738677699, 46.421597758721553 ], [ 31.567004886087052, 46.42135875580896 ], [ 31.566659260617708, 46.41959010856452 ], [ 31.569216647601817, 46.419351064070952 ], [ 31.571082529411754, 46.415574719937389 ], [ 31.57619682160523, 46.415096408429029 ], [ 31.57806209759028, 46.411320002880061 ], [ 31.583175875525903, 46.410841412701565 ], [ 31.582829854119943, 46.40907285555749 ], [ 31.587943342395143, 46.408594069859774 ], [ 31.58759719402488, 46.406825539567755 ], [ 31.592710392627083, 46.406346558390602 ], [ 31.592364117332334, 46.404578054960517 ], [ 31.597477026248949, 46.404098878343632 ], [ 31.597130624069521, 46.402330401785278 ], [ 31.60224324328804, 46.401851029768466 ], [ 31.601896714263759, 46.40008258009167 ], [ 31.607009043771626, 46.399603012714657 ], [ 31.606662387942261, 46.397834589929275 ], [ 31.611774427726996, 46.397354827231801 ], [ 31.611427645132348, 46.395586431347624 ], [ 31.619095221293982, 46.394866410110787 ], [ 31.618748232318691, 46.393098055873736 ], [ 31.631526475257477, 46.391896970689722 ], [ 31.631179120712346, 46.390128687624582 ], [ 31.654177184008791, 46.387963329003291 ], [ 31.653829145680991, 46.386195176286805 ], [ 31.656384243010578, 46.385954314922195 ], [ 31.656732360922565, 46.387722452854675 ], [ 31.67972748005014, 46.385552041339004 ], [ 31.680076346829829, 46.387320043490433 ], [ 31.684837146120344, 46.385069110241723 ], [ 31.685186172002989, 46.386837082753679 ], [ 31.7081787609408, 46.384660981476173 ], [ 31.708528535461017, 46.386428817860043 ], [ 31.721301443689157, 46.38521783453335 ], [ 31.721651648666196, 46.386985594015513 ], [ 31.729315237350363, 46.38625828615573 ], [ 31.729665713762738, 46.388025998414726 ], [ 31.734774767265339, 46.387540816237724 ], [ 31.735125435623242, 46.389308496129274 ], [ 31.740234516347442, 46.388823059771084 ], [ 31.740585376667767, 46.39059070727798 ], [ 31.745694484540515, 46.390105016725414 ], [ 31.746045536840164, 46.391872631830388 ], [ 31.756615078034944, 46.392668070775414 ], [ 31.756966514343905, 46.39443562102479 ], [ 31.759521125297638, 46.394192422466652 ], [ 31.759872674133678, 46.395959955188225 ], [ 31.764981955953722, 46.395473359924168 ], [ 31.768240221127062, 46.39876494618467 ], [ 31.77334962265385, 46.398277954584607 ], [ 31.773701668177662, 46.400045404809561 ], [ 31.776256398838122, 46.399801809915424 ], [ 31.776608556952201, 46.401569242582283 ], [ 31.779163334035694, 46.401325576638662 ], [ 31.779515604754195, 46.403092991741978 ], [ 31.782070428253061, 46.402849254743181 ], [ 31.78242281159017, 46.404616652277532 ], [ 31.784977681496738, 46.404372844217939 ], [ 31.785330177466619, 46.406140224177854 ], [ 31.78788509377322, 46.405896345051822 ], [ 31.78823770239006, 46.407663707431851 ], [ 31.790792665089018, 46.407419757233697 ], [ 31.791145386366956, 46.409187102028412 ], [ 31.793700395450614, 46.408943080752493 ], [ 31.794053229403833, 46.410710407956429 ], [ 31.796608284864508, 46.410466315597105 ], [ 31.796961231507183, 46.412233625204806 ], [ 31.802424540875155, 46.413512519219353 ], [ 31.803130918190714, 46.417047065393177 ], [ 31.808594830715077, 46.418325607179817 ], [ 31.809301725430998, 46.421860077637064 ], [ 31.811857171770761, 46.42161559978063 ], [ 31.812564358491958, 46.425150029731462 ], [ 31.815119930737605, 46.424905465745859 ], [ 31.815827409543875, 46.428439855174034 ], [ 31.818383107701269, 46.428195205044183 ], [ 31.818736976558128, 46.429962380804277 ], [ 31.821292721043967, 46.429717659528826 ], [ 31.82093877260505, 46.427950498781549 ], [ 31.826050002623514, 46.427460917865474 ], [ 31.825695928306903, 46.42569378452017 ], [ 31.833362285076817, 46.424959037273219 ], [ 31.833008005373806, 46.423191946367076 ], [ 31.845784203032242, 46.421966320474773 ], [ 31.845429558967812, 46.420199302114931 ], [ 31.868423899231846, 46.417989776585983 ], [ 31.868068573024541, 46.416222891113492 ], [ 31.870623253420106, 46.415977122904074 ], [ 31.870978659103983, 46.417743993301393 ], [ 31.893969994522131, 46.415529420256298 ], [ 31.89432614877537, 46.417296152170181 ], [ 31.907098339510103, 46.416063795860552 ], [ 31.907454924442884, 46.417830449532325 ], [ 31.915118075303802, 46.41709031763488 ], [ 31.915474932041469, 46.418856923250445 ], [ 31.926049522895269, 46.419635777745839 ], [ 31.925692314917843, 46.417869235370532 ], [ 31.923138019507242, 46.41811624142327 ], [ 31.922780924497008, 46.41634968123001 ], [ 31.917315489256204, 46.41507690174155 ], [ 31.916601784537672, 46.411543707449219 ], [ 31.911136951046636, 46.410270574674733 ], [ 31.910423764965447, 46.406737303861007 ], [ 31.907869857809391, 46.406983923728937 ], [ 31.907156964447129, 46.403450612011952 ], [ 31.904603182583273, 46.403697145598613 ], [ 31.903890581860214, 46.400163792994675 ], [ 31.90133692528287, 46.400410240315125 ], [ 31.900624617119309, 46.396876846840563 ], [ 31.898071085822785, 46.397123207909878 ], [ 31.897359070139039, 46.393589773580977 ], [ 31.894805664117623, 46.393836048414222 ], [ 31.894093940834029, 46.390302573247318 ], [ 31.891540660082015, 46.390548761859584 ], [ 31.890473563738613, 46.385248483893847 ], [ 31.887920487575187, 46.385494571207182 ], [ 31.886143058050109, 46.376660646053686 ], [ 31.88359034503603, 46.376906601923665 ], [ 31.880393787158077, 46.361005233835208 ], [ 31.877841754140558, 46.361250998018335 ], [ 31.87642224529937, 46.354183594136934 ], [ 31.878973961451738, 46.353937890236878 ], [ 31.875781301999218, 46.338036212245029 ], [ 31.878332272339414, 46.337790588004594 ], [ 31.876559341950184, 46.328956305142356 ], [ 31.879109883437962, 46.328710700304818 ], [ 31.878046287163272, 46.323410144021686 ], [ 31.880596558133853, 46.323164528474798 ], [ 31.87988750213345, 46.319630841180725 ], [ 31.882437581715742, 46.319385199874041 ], [ 31.881728500663971, 46.315851532121897 ], [ 31.884278388894426, 46.315605865066701 ], [ 31.881088459033812, 46.299704364760828 ], [ 31.883637602999197, 46.299458777413612 ], [ 31.881866188290843, 46.290624593275545 ], [ 31.884414904282782, 46.290379025393108 ], [ 31.884838038735921, 46.279532474140176 ], [ 31.887386214863206, 46.279286884989382 ], [ 31.886677806742401, 46.27575325142783 ], [ 31.889225791914189, 46.275507636601859 ], [ 31.888517358925, 46.271974022578831 ], [ 31.891065153177632, 46.271728382088988 ], [ 31.890356695353109, 46.268194787605566 ], [ 31.892904298722907, 46.267949121463126 ], [ 31.89403472122331, 46.260636299335872 ], [ 31.898774769980122, 46.258378057216021 ], [ 31.898066146720392, 46.254844546199053 ], [ 31.900613065680268, 46.254598762489096 ], [ 31.900258725109271, 46.252832018078102 ], [ 31.902805532097513, 46.2525861936982 ], [ 31.902451145992369, 46.250819461710634 ], [ 31.904997841016609, 46.250573596668296 ], [ 31.904643409391298, 46.248806877105821 ], [ 31.907189992459198, 46.248560971408615 ], [ 31.906835515327703, 46.246794264272893 ], [ 31.909381986446942, 46.246548317928344 ], [ 31.909027463823229, 46.244781623221016 ], [ 31.911573823001447, 46.244535636236662 ], [ 31.911219254899503, 46.242768953959391 ], [ 31.913765502144354, 46.242522926342772 ], [ 31.913410888578149, 46.240756256497249 ], [ 31.915957023897292, 46.240510188255882 ], [ 31.91560236488079, 46.238743530843713 ], [ 31.918148388281885, 46.238497421985159 ], [ 31.919984845444581, 46.234717994999372 ], [ 31.925076411371727, 46.234225559167363 ], [ 31.926912272569265, 46.230446075247876 ], [ 31.932003324408054, 46.229953365703054 ], [ 31.931648281103943, 46.228186800688647 ], [ 31.936739042636454, 46.227693898654664 ], [ 31.936383875381175, 46.225927361198515 ], [ 31.941474346596195, 46.225434266715062 ], [ 31.941119055429123, 46.223667756826764 ], [ 31.946209236315486, 46.223174469933518 ], [ 31.945853821276028, 46.22140798762269 ], [ 31.950943711822568, 46.22091450835935 ], [ 31.950588172950077, 46.219148053635543 ], [ 31.958222523267587, 46.218407462781705 ], [ 31.957866782057572, 46.2166410507905 ], [ 31.965500596827876, 46.215900004608102 ], [ 31.965144653352812, 46.214133635373599 ], [ 31.977866618436376, 46.212897521591344 ], [ 31.977510315766381, 46.211131225454913 ], [ 31.997863096206878, 46.209150672786159 ], [ 31.997506199107487, 46.207384495367208 ], [ 32.002593903181726, 46.206888831552703 ], [ 32.00187989546508, 46.203356529423715 ], [ 32.00442354047189, 46.203108644515595 ], [ 32.004066508329387, 46.201342504617728 ], [ 32.006610041475199, 46.201094579321996 ], [ 32.006252964346118, 46.199328451934456 ], [ 32.008796385638639, 46.199080486258651 ], [ 32.0084392635369, 46.197314371383072 ], [ 32.010982572983814, 46.197066365334692 ], [ 32.010625405923278, 46.195300262972708 ], [ 32.013168603532293, 46.19505221655929 ], [ 32.012811391526867, 46.193286126712543 ], [ 32.015354477305664, 46.193038039941598 ], [ 32.014997220369246, 46.191271962611715 ], [ 32.017540194325505, 46.191023835490761 ], [ 32.017182892471958, 46.189257770679397 ], [ 32.019725754613383, 46.189009603215951 ], [ 32.019368407856618, 46.18724355092472 ], [ 32.021911158190889, 46.186995343126299 ], [ 32.023738968557993, 46.183215027984957 ], [ 32.028823988577521, 46.182718395561899 ], [ 32.030651205828555, 46.178938024802449 ], [ 32.03573571176851, 46.178441120115004 ], [ 32.035377984115783, 46.176675160899521 ], [ 32.040462199536549, 46.176178064607015 ], [ 32.040104348807986, 46.174412133158569 ], [ 32.045188273698777, 46.173914845300679 ], [ 32.044830299933636, 46.172148941628812 ], [ 32.049913934283687, 46.171651462245194 ], [ 32.049555837521218, 46.169885586359399 ], [ 32.054639181319743, 46.169387915489736 ], [ 32.054280961599225, 46.167622067399584 ], [ 32.061905491152068, 46.16687519070225 ], [ 32.061547070297692, 46.16510938567523 ], [ 32.074253557570565, 46.16386355795305 ], [ 32.073894779273125, 46.162097826556625 ], [ 32.096763637073032, 46.1598519800283 ], [ 32.096404188882239, 46.158086383522232 ], [ 32.10656693898062, 46.157086849070801 ], [ 32.106207211896091, 46.155321311084045 ], [ 32.118909501629581, 46.154070722366541 ], [ 32.118549417665946, 46.152305258273081 ], [ 32.138870704497855, 46.15030155723462 ], [ 32.138510029623035, 46.148536213159623 ], [ 32.141049960669235, 46.14828551655269 ], [ 32.14068924147908, 46.146520185102375 ], [ 32.143229060737617, 46.146269448457311 ], [ 32.14286829724589, 46.144504129633276 ], [ 32.145408004724509, 46.14425335295757 ], [ 32.145047196945029, 46.142488046761443 ], [ 32.14758679265146, 46.14223723006257 ], [ 32.147225940598005, 46.14047193649597 ], [ 32.14976542454, 46.140221079781462 ], [ 32.149404528226363, 46.138455798845982 ], [ 32.151943900411652, 46.138204902123313 ], [ 32.151582959851616, 46.136439633820586 ], [ 32.154122220287974, 46.136188697097261 ], [ 32.15376123549531, 46.134423441428886 ], [ 32.156300384190466, 46.134172464712385 ], [ 32.158117318924084, 46.13039097458298 ], [ 32.16319513562734, 46.129888805871126 ], [ 32.162833940270239, 46.128123603495965 ], [ 32.165372720016535, 46.127872451498959 ], [ 32.163566860105774, 46.119046475437635 ], [ 32.166105216469219, 46.118795345017219 ], [ 32.164299811107412, 46.10996937737039 ], [ 32.166837744291819, 46.109718268537115 ], [ 32.165754672501791, 46.104422701216549 ], [ 32.168292338378919, 46.104171583221692 ], [ 32.16757030356753, 46.100641222071665 ], [ 32.17010778003543, 46.100390079546614 ], [ 32.169385724555966, 46.09685973820077 ], [ 32.171923011650719, 46.096608571156629 ], [ 32.171200935534905, 46.093078249615992 ], [ 32.17373803329258, 46.092827058063889 ], [ 32.174830727735646, 46.085515258353453 ], [ 32.179542968841346, 46.083247607731693 ], [ 32.178820743013986, 46.079717370906835 ], [ 32.181357161505076, 46.079466066043473 ], [ 32.180996021481974, 46.077700958908068 ], [ 32.183532328509074, 46.077449614198194 ], [ 32.183171144518411, 46.075684519712624 ], [ 32.185707340089245, 46.07543313516377 ], [ 32.185346112144721, 46.073668053329648 ], [ 32.187882196267019, 46.073416628949225 ], [ 32.187520924382369, 46.071651559768171 ], [ 32.190056897063869, 46.071400095563703 ], [ 32.189695581252799, 46.069635039037308 ], [ 32.19223144250121, 46.06938353501625 ], [ 32.19187008277742, 46.067618491146114 ], [ 32.194405832600509, 46.067366947315946 ], [ 32.194044428977691, 46.065601916103681 ], [ 32.196580067383167, 46.065350332471873 ], [ 32.19621861987504, 46.063585313919084 ], [ 32.198754146870627, 46.063333690493117 ], [ 32.198392655490899, 46.061568684601383 ], [ 32.200928071084334, 46.061317021388739 ], [ 32.202740260963836, 46.057535344603039 ], [ 32.20781061280892, 46.057031803892677 ], [ 32.209622215630048, 46.0532500738965 ], [ 32.214692054390923, 46.052746263810889 ], [ 32.214330188706469, 46.05098135209856 ], [ 32.219399737133912, 46.050477352200637 ], [ 32.219037750121871, 46.048712468595667 ], [ 32.224107008205792, 46.048208278925003 ], [ 32.223744899905128, 46.046443423436827 ], [ 32.228813867635424, 46.045939044032998 ], [ 32.228451638085097, 46.044174216670989 ], [ 32.233520315451734, 46.04366964757358 ], [ 32.233157964690683, 46.04190484834713 ], [ 32.24076049441117, 46.041147627519337 ], [ 32.240397944980977, 46.039382871895263 ], [ 32.245465973880997, 46.038877813275484 ], [ 32.245103303332542, 46.037113085811271 ], [ 32.250171041819243, 46.036607837630896 ], [ 32.249808250191457, 46.034843138335923 ], [ 32.257409371463389, 46.034084899118248 ], [ 32.257046381345425, 46.032320243479077 ], [ 32.269713851692551, 46.031055486753907 ], [ 32.269350508305358, 46.029290905775767 ], [ 32.292149120668164, 46.027011012438962 ], [ 32.291785114622449, 46.025246568256037 ], [ 32.294318046592146, 46.024992986901971 ], [ 32.294682130015801, 46.026757415561164 ], [ 32.317477683968448, 46.024472565655863 ], [ 32.317842497665687, 46.026236851664571 ], [ 32.335571007921459, 46.024456554098421 ], [ 32.335205652884888, 46.02269237705648 ], [ 32.340270480110924, 46.022183256347333 ], [ 32.339905004549323, 46.020419107667706 ], [ 32.34496954073807, 46.019909797985179 ], [ 32.34460394469032, 46.018145677677161 ], [ 32.352200261214925, 46.017381347218169 ], [ 32.351834467445109, 46.015617270887127 ], [ 32.364493925889974, 46.014342364435514 ], [ 32.364127779969117, 46.01257836332416 ], [ 32.386911957170163, 46.010280207059928 ], [ 32.386545150410022, 46.008516343777103 ], [ 32.391607770232284, 46.008005068772313 ], [ 32.391974731393873, 46.009768900767007 ], [ 32.414755519966477, 46.007465301045727 ], [ 32.415123210037507, 46.009228989256421 ], [ 32.427778389423942, 46.007947209351222 ], [ 32.428146499622216, 46.009710816302402 ], [ 32.435739426746636, 46.008941041749978 ], [ 32.43610780275251, 46.010704598767475 ], [ 32.441169736681005, 46.010191109536471 ], [ 32.440801206381785, 46.008427583935259 ], [ 32.445862848528748, 46.007913906315196 ], [ 32.44549419833745, 46.006150409302926 ], [ 32.450555548693629, 46.005636543333459 ], [ 32.450186778649126, 46.003873074919426 ], [ 32.455247837205299, 46.003359020640183 ], [ 32.454878947346458, 46.001595580833673 ], [ 32.459939714093395, 46.00108133828428 ], [ 32.45957070445909, 45.999317927094509 ], [ 32.467161365219113, 45.998546198545689 ], [ 32.466792158780514, 45.996782831722214 ], [ 32.479442186061142, 45.995495597916744 ], [ 32.479072628803841, 45.993732306990438 ], [ 32.50183981312172, 45.991411969327451 ], [ 32.501469597187672, 45.989648817483101 ], [ 32.511587140651208, 45.988616192435138 ], [ 32.511957664542258, 45.990379281114222 ], [ 32.534720808718887, 45.988052522670912 ], [ 32.535092059888086, 45.989815466166831 ], [ 32.547737424937282, 45.988520823336316 ], [ 32.548109095463403, 45.99028368477547 ], [ 32.555696129631087, 45.989506193315307 ], [ 32.556068065625624, 45.99126900432428 ], [ 32.561126068940133, 45.990750370728883 ], [ 32.561498193480539, 45.992513147136904 ], [ 32.566556211915042, 45.991994262424903 ], [ 32.566928525016422, 45.99375700421492 ], [ 32.5719865584988, 45.99323786837477 ], [ 32.572359060176268, 45.995000575529708 ], [ 32.577417108634386, 45.994481188549763 ], [ 32.577789798903034, 45.996243861052619 ], [ 32.588278819332857, 45.996966971460658 ], [ 32.588651886829112, 45.998729574608276 ], [ 32.591180950696661, 45.998469531795543 ], [ 32.59155412990107, 46.000232116145348 ], [ 32.596612307134087, 45.999711834177532 ], [ 32.59698567499116, 46.001474383814518 ], [ 32.599514788337984, 46.001214144652877 ], [ 32.59988826793294, 46.002976675476944 ], [ 32.602417423398812, 46.002716365554505 ], [ 32.602791014745137, 46.004478877560189 ], [ 32.60532021232212, 46.004218496871559 ], [ 32.605693915433278, 46.005980990053374 ], [ 32.608223155113429, 46.005720538593202 ], [ 32.608596970002914, 46.007483012945698 ], [ 32.611126251778288, 46.007222490708564 ], [ 32.611500178459579, 46.00898494622632 ], [ 32.614029502322232, 46.008724353206844 ], [ 32.614403540808816, 46.010486789884347 ], [ 32.616932906750762, 46.010226126077143 ], [ 32.617307057056145, 46.011988543908956 ], [ 32.619836465069461, 46.011727809308667 ], [ 32.62021072720708, 46.013490208289291 ], [ 32.622740177283809, 46.013229402890509 ], [ 32.623114551267172, 46.014991783014523 ], [ 32.625644043399362, 46.014730906811849 ], [ 32.628922661136912, 46.01799466345625 ], [ 32.636511285001646, 46.017211445407398 ], [ 32.63688614851965, 46.018973736999577 ], [ 32.649533540748969, 46.017667196672349 ], [ 32.649908823968389, 46.019429405464088 ], [ 32.657497070406826, 46.018644775128983 ], [ 32.657872619435572, 46.020406933027253 ], [ 32.662931429249142, 46.019883539920052 ], [ 32.663307167163097, 46.021645662894166 ], [ 32.668365990751752, 46.021122018405038 ], [ 32.668741917565896, 46.022884106437992 ], [ 32.683918008708538, 46.021311760716763 ], [ 32.684294432134124, 46.02307374969557 ], [ 32.696940594551734, 46.02176187348357 ], [ 32.697317437628733, 46.023523779329835 ], [ 32.704904944370881, 46.022735947519784 ], [ 32.705282053283476, 46.024497802265607 ], [ 32.710340369183541, 46.02397227481832 ], [ 32.710717667045827, 46.025734094495611 ], [ 32.715775996079472, 46.025208315622699 ], [ 32.716153482906343, 46.026970100214392 ], [ 32.721211825001085, 46.026444069904464 ], [ 32.721589500807411, 46.028205819393527 ], [ 32.732084088691018, 46.028914718786531 ], [ 32.732462142500829, 46.030676398019096 ], [ 32.734991350544107, 46.03041303308445 ], [ 32.735369516486237, 46.032174693263904 ], [ 32.740427980615522, 46.031647766732398 ], [ 32.743714058809275, 46.034907436092588 ], [ 32.758889315573107, 46.033324818597293 ], [ 32.759268279331465, 46.035086324856856 ], [ 32.784938084245155, 46.034205424697078 ], [ 32.785317887357124, 46.035966763534546 ], [ 32.79290466982016, 46.035172925350651 ], [ 32.793284738881731, 46.036934212699002 ], [ 32.798342570474333, 46.036404680910778 ], [ 32.798722828651449, 46.038165932919334 ], [ 32.806309540791474, 46.037371175728367 ], [ 32.805929052100367, 46.035609972282515 ], [ 32.828686581794258, 46.033222888101015 ], [ 32.828305437292897, 46.031461827521028 ], [ 32.830833797439276, 46.031196338294855 ], [ 32.83121501872742, 46.032957382653152 ], [ 32.86913730656461, 46.028968230047617 ], [ 32.868754933960687, 46.027207429397365 ], [ 32.873810480509547, 46.026674644264865 ], [ 32.874193006553291, 46.02843541236647 ], [ 32.876720803100021, 46.028168921426655 ], [ 32.876338200342452, 46.026408169604132 ], [ 32.901613437554069, 46.023740413354993 ], [ 32.90199680722646, 46.025501002211357 ], [ 32.924742158133022, 46.023095197189903 ], [ 32.925126253448809, 46.024855636071671 ], [ 32.937761691103766, 46.023517081691622 ], [ 32.938146205379901, 46.02527743578451 ], [ 32.945727268227692, 46.024473597840554 ], [ 32.946112048197385, 46.026233899800339 ], [ 32.951166064196023, 46.025697701683626 ], [ 32.951551033248251, 46.027457967853955 ], [ 32.95660505909251, 46.026921518256586 ], [ 32.956990217241746, 46.028681748620386 ], [ 32.962044252858881, 46.028145047531389 ], [ 32.962429600119592, 46.029905242071621 ], [ 32.972923236768118, 46.030591244074508 ], [ 32.976221850575151, 46.033842769819564 ], [ 32.981275996439045, 46.033305172009456 ], [ 32.98166202367652, 46.035065239504277 ], [ 32.984189119308191, 46.034796342163872 ], [ 32.98457525911472, 46.036556390180984 ], [ 32.987102395406957, 46.036287421739154 ], [ 32.9874886477959, 46.038047450273069 ], [ 32.990015824740517, 46.037778410724513 ], [ 32.990402189725202, 46.039538419769691 ], [ 32.992929407314008, 46.039269309109102 ], [ 32.993315884907794, 46.04102929866005 ], [ 32.995843143132589, 46.040760116882133 ], [ 32.996229733348841, 46.042520086933301 ], [ 32.998757032201425, 46.042250834032757 ], [ 33.002057890026869, 46.045501391585276 ], [ 33.007112614163042, 46.044962546576507 ], [ 33.007499618960878, 46.046722441642096 ], [ 33.010027003605899, 46.046452920655405 ], [ 33.013328776479433, 46.049703060071337 ], [ 33.020911065678341, 46.04889390616804 ], [ 33.021298561822888, 46.050653709697841 ], [ 33.026353394138262, 46.050113967392917 ], [ 33.026741079638484, 46.051873734892233 ], [ 33.034323287210576, 46.051063661871495 ], [ 33.03471123870726, 46.052823376833125 ], [ 33.050263585308549, 46.052961268391776 ], [ 33.050652068819424, 46.054720878173015 ], [ 33.055706719048196, 46.054179800966438 ], [ 33.056095391967418, 46.055939374626689 ], [ 33.071258933459696, 46.05431473178421 ], [ 33.070869800946213, 46.052555257302025 ], [ 33.093611977776703, 46.050114752475984 ], [ 33.093222192440955, 46.048355423870866 ], [ 33.103328577183191, 46.047269400619768 ], [ 33.103718668657265, 46.049028662932493 ], [ 33.126456597933341, 46.046581765707735 ], [ 33.126847414353833, 46.048340875559354 ], [ 33.139478706824477, 46.046979493577894 ], [ 33.139869942086335, 46.048738517221764 ], [ 33.147448510074653, 46.047920982856617 ], [ 33.14784001120141, 46.049679953482141 ], [ 33.152892360622047, 46.049134624276753 ], [ 33.153284051148262, 46.050893558494302 ], [ 33.158336407685084, 46.050347977588991 ], [ 33.158728287624875, 46.052106875381469 ], [ 33.163780651204817, 46.051561042765606 ], [ 33.164172720572317, 46.053319904115916 ], [ 33.169225091122264, 46.052773819778871 ], [ 33.168440683024379, 46.049256160589344 ], [ 33.170966660625773, 46.048983069853932 ], [ 33.170182245640063, 46.045465431451042 ], [ 33.174841479966773, 46.04316036231581 ], [ 33.174056978287538, 46.039642771762054 ], [ 33.176582464241569, 46.039369600622038 ], [ 33.176190191751168, 46.037610817308618 ], [ 33.178715564801955, 46.037337608272644 ], [ 33.178323252422409, 46.035578838492661 ], [ 33.180848512578272, 46.035305591568132 ], [ 33.180456160322834, 46.033546835323008 ], [ 33.182981307592073, 46.033273550517308 ], [ 33.182588915474014, 46.031514807808499 ], [ 33.18511394986492, 46.031241485129051 ], [ 33.184721517897501, 46.029482755957986 ], [ 33.187246439418409, 46.029209395412181 ], [ 33.186853967614887, 46.027450679780273 ], [ 33.189378776274076, 46.027177281375522 ], [ 33.188986264647724, 46.025418579284221 ], [ 33.191510960453513, 46.025145143027913 ], [ 33.191118409017577, 46.023386454478668 ], [ 33.193642991978265, 46.02311298037818 ], [ 33.19325040074601, 46.021354305372434 ], [ 33.195774870869904, 46.021080793435189 ], [ 33.195382239854567, 46.019322131974334 ], [ 33.197906597149981, 46.019048582207738 ], [ 33.199645460298278, 46.015257712337899 ], [ 33.204693687089502, 46.014710407026925 ], [ 33.206431976585677, 46.010919494629995 ], [ 33.211479679086793, 46.010371929129299 ], [ 33.211086696865841, 46.008613368821294 ], [ 33.216134100680016, 46.008065618780002 ], [ 33.215741002549528, 46.006307088740066 ], [ 33.220788107670288, 46.005759154198209 ], [ 33.220394893669187, 46.004000654435174 ], [ 33.225441700090094, 46.003452535432764 ], [ 33.225048370257298, 46.001694065955498 ], [ 33.230094877971929, 46.001145762532559 ], [ 33.229701432346346, 45.9993873233499 ], [ 33.23727069095407, 45.99856450996387 ], [ 33.236877053411007, 45.996806117819283 ], [ 33.249491371467933, 45.995433756902088 ], [ 33.249097389803723, 45.993675445313713 ], [ 33.27180016874145, 45.991201917167281 ], [ 33.271405538728445, 45.989443753292022 ], [ 33.281494404727582, 45.988343059697712 ], [ 33.281889339067469, 45.990101156434569 ], [ 33.304587823767868, 45.987621262188135 ], [ 33.30498347937467, 45.989379204492629 ], [ 33.307505425481523, 45.989103371897912 ], [ 33.307109693834377, 45.987345446415297 ], [ 33.312153323614893, 45.986793651714393 ], [ 33.313883274230534, 45.983001913222807 ], [ 33.31892637917376, 45.982449859576846 ], [ 33.318530377819719, 45.980692008673756 ], [ 33.323573183549897, 45.980139771230611 ], [ 33.323177067024503, 45.978381950812256 ], [ 33.32821957353557, 45.977829529611938 ], [ 33.327823341877675, 45.976071739687093 ], [ 33.332865549163593, 45.975519134769662 ], [ 33.332469202412028, 45.973761375347109 ], [ 33.337511110466743, 45.973208586752584 ], [ 33.337114648660354, 45.97145085784112 ], [ 33.344677006612834, 45.970621317994592 ], [ 33.344280353869593, 45.968863636466992 ], [ 33.356883167001484, 45.967480067852968 ], [ 33.356486171603329, 45.96572246748589 ], [ 33.379168227978269, 45.963228774288183 ], [ 33.378770586669567, 45.961471322755067 ], [ 33.381290554690501, 45.961193991144036 ], [ 33.381688271844162, 45.962951425768075 ], [ 33.404367003185719, 45.96045284620859 ], [ 33.404765439762464, 45.962210125283633 ], [ 33.417363819015165, 45.960820041144331 ], [ 33.417762671641952, 45.962577232248911 ], [ 33.42532148208992, 45.961742479681128 ], [ 33.425720599157472, 45.963499616666624 ], [ 33.430759772368049, 45.962942809700628 ], [ 33.431159078094808, 45.964699909508262 ], [ 33.43619825453473, 45.964142851543507 ], [ 33.436597748934297, 45.965899914156218 ], [ 33.441636928530627, 45.965342605182592 ], [ 33.442036611616558, 45.967099630583334 ], [ 33.45251485177252, 45.967741247740641 ], [ 33.455834698612769, 45.970976125436586 ], [ 33.471352715205086, 45.971057685904562 ], [ 33.471753417700377, 45.972814507962639 ], [ 33.476792540261982, 45.972255584217322 ], [ 33.477193431523048, 45.974012368953858 ], [ 33.482232556695543, 45.973453194131167 ], [ 33.482633636735891, 45.975209941529137 ], [ 33.487672764446252, 45.97465051561899 ], [ 33.488074033279382, 45.976407225661305 ], [ 33.493113163454566, 45.975847548653704 ], [ 33.493514621093979, 45.977604221323318 ], [ 33.503994535005745, 45.978240749255299 ], [ 33.507317905905964, 45.981473736598382 ], [ 33.51235711989289, 45.980913163590195 ], [ 33.512759257133382, 45.982669703684294 ], [ 33.515278883871687, 45.982389318727627 ], [ 33.515681134226611, 45.984145838461011 ], [ 33.518200799370412, 45.983865382169604 ], [ 33.518603162852862, 45.985621881536701 ], [ 33.521122866393718, 45.985341353905383 ], [ 33.521525343016755, 45.987097832900616 ], [ 33.524045084946174, 45.986817233924214 ], [ 33.524447674722879, 45.988573692542047 ], [ 33.526967455032398, 45.988293022215402 ], [ 33.527370157975867, 45.990049460450251 ], [ 33.529889976656982, 45.98976871876819 ], [ 33.530292792780266, 45.991525136614499 ], [ 33.532812649824528, 45.991244323571841 ], [ 33.53321557914073, 45.993000721024046 ], [ 33.535735474539642, 45.992719836615642 ], [ 33.536138517061808, 45.994476213668143 ], [ 33.541581578630868, 45.995670587380737 ], [ 33.542388154034498, 45.99918325656585 ], [ 33.547831784444284, 46.000377266375708 ], [ 33.548638887837683, 46.003889847299924 ], [ 33.551159126474879, 46.003608571710338 ], [ 33.551966531434651, 46.007121105190421 ], [ 33.5544868841884, 46.006839741052502 ], [ 33.55862306599132, 46.013583212909914 ], [ 33.564068402561851, 46.014776256090677 ], [ 33.562855878833844, 46.009507706157244 ], [ 33.565376233116375, 46.009226090649392 ], [ 33.564567920052625, 46.005713741851899 ], [ 33.567088085198272, 46.005432106400285 ], [ 33.56627977070579, 46.001919778726631 ], [ 33.568799746751203, 46.001638123341721 ], [ 33.567991430856729, 45.998125816792466 ], [ 33.570511217838536, 45.997844141484748 ], [ 33.571414179905446, 45.990537896541646 ], [ 33.576048705853019, 45.98821830930526 ], [ 33.575240309559533, 45.98470609386127 ], [ 33.577759416342694, 45.984424321800937 ], [ 33.577355198799061, 45.98266822629369 ], [ 33.579874192363214, 45.982386417193688 ], [ 33.579469936670066, 45.980630335553144 ], [ 33.581988817023721, 45.980348489420834 ], [ 33.581584523194124, 45.978592421648365 ], [ 33.584103290345766, 45.978310538491073 ], [ 33.583698958392759, 45.976554484588029 ], [ 33.586217612350893, 45.976272564413144 ], [ 33.585813242287522, 45.97451652438091 ], [ 33.588331783060674, 45.974234567195786 ], [ 33.587927374899984, 45.972478541035713 ], [ 33.590445802496646, 45.972196546847712 ], [ 33.590041356251675, 45.970440534561163 ], [ 33.592559670680345, 45.970158503377647 ], [ 33.592155186364124, 45.968402504966022 ], [ 33.594673387633343, 45.968120436794322 ], [ 33.59426886525889, 45.966364452258951 ], [ 33.596786953377133, 45.966082347106436 ], [ 33.596382392957501, 45.964326376448696 ], [ 33.598900367933297, 45.964044234322735 ], [ 33.600608994852415, 45.960250155553503 ], [ 33.605644454724349, 45.959685669306332 ], [ 33.607352514712069, 45.955891552403969 ], [ 33.612387446991569, 45.95532681010863 ], [ 33.611982545476423, 45.953570943259223 ], [ 33.617017176394626, 45.953006018853337 ], [ 33.616612161418594, 45.951250183100527 ], [ 33.619129344989204, 45.950967656921371 ], [ 33.620026202910402, 45.94366183813279 ], [ 33.624654649212069, 45.941340869423399 ], [ 33.623439487740711, 45.936073499050316 ], [ 33.625955917196364, 45.935790894152206 ], [ 33.626852016413309, 45.928485165941119 ], [ 33.616787430301535, 45.929615202002054 ], [ 33.616382752721734, 45.927859357572267 ], [ 33.603801552526456, 45.929270599904235 ], [ 33.603397289608949, 45.927514666201901 ], [ 33.593331956041801, 45.928642617820707 ], [ 33.592928032375923, 45.926886612103694 ], [ 33.585378865015656, 45.927731956366898 ], [ 33.584975205159253, 45.925975895852496 ], [ 33.579942390549419, 45.926539153910007 ], [ 33.579538919041646, 45.924783055784232 ], [ 33.574506105599987, 45.925346063158251 ], [ 33.574102822427548, 45.923589927438151 ], [ 33.569070010226966, 45.924152684138548 ], [ 33.568666915376561, 45.922396510841125 ], [ 33.56111764296562, 45.923240188747954 ], [ 33.561520511424355, 45.924996413446223 ], [ 33.556487325297333, 45.92555862913099 ], [ 33.55689008017702, 45.927314884793702 ], [ 33.55185659359163, 45.927876918283388 ], [ 33.552259234853544, 45.929633204901883 ], [ 33.54470849826405, 45.93047590059895 ], [ 33.545110950352218, 45.932232235276302 ], [ 33.53252526489122, 45.933635731067248 ], [ 33.532927376647201, 45.935392147978732 ], [ 33.510270112271705, 45.937915183144071 ], [ 33.51067158119664, 45.939671750520624 ], [ 33.505636072305784, 45.940231863402502 ], [ 33.505234754572342, 45.938475261895228 ], [ 33.482573801805906, 45.940992934784553 ], [ 33.48217320183408, 45.939236176586732 ], [ 33.469582859842632, 45.940632902219122 ], [ 33.469182675234642, 45.938876055643718 ], [ 33.461628251091817, 45.939713389685636 ], [ 33.461228330570961, 45.937956488827155 ], [ 33.456192013457787, 45.93851440653696 ], [ 33.455792281362584, 45.936757468427174 ], [ 33.450755967112379, 45.937315135355306 ], [ 33.450356423429291, 45.935558160011247 ], [ 33.445320112114885, 45.936115576167794 ], [ 33.444920756830392, 45.934358563606473 ], [ 33.434448976400731, 45.933715593883718 ], [ 33.434049997872776, 45.931958506938983 ], [ 33.431531865354415, 45.932236865990831 ], [ 33.431132999523335, 45.930479758843511 ], [ 33.426096774719063, 45.931036280417416 ], [ 33.425698097230502, 45.929279136113621 ], [ 33.423180004963697, 45.929557298641868 ], [ 33.422781440143545, 45.92780013415075 ], [ 33.420263386531829, 45.928078225525567 ], [ 33.41986493436697, 45.926321040852663 ], [ 33.41734691941874, 45.926599061079237 ], [ 33.416948579896122, 45.924841856230081 ], [ 33.414430603619735, 45.925119805313585 ], [ 33.414032376726283, 45.92336258029372 ], [ 33.411514439130123, 45.923640458239376 ], [ 33.411116324852763, 45.921883213054315 ], [ 33.408598425945222, 45.922161019867247 ], [ 33.408200424270873, 45.920403754522567 ], [ 33.405682564060285, 45.92068149020799 ], [ 33.405284674975888, 45.918924204709192 ], [ 33.402766853470631, 45.919201869272278 ], [ 33.402369076963105, 45.917444563624912 ], [ 33.399851294171569, 45.917722157070862 ], [ 33.399453630227832, 45.915964831280469 ], [ 33.394020629426301, 45.914762458913749 ], [ 33.393225788609634, 45.911247723576984 ], [ 33.38779335596746, 45.910044989515214 ], [ 33.386999038942619, 45.906530167258197 ], [ 33.384481601090016, 45.906807371395089 ], [ 33.383687582741253, 45.903292502486494 ], [ 33.381170259258099, 45.90356961865087 ], [ 33.380376539508077, 45.900054703107863 ], [ 33.377859330391473, 45.900331731314267 ], [ 33.377065909162901, 45.896816769153986 ], [ 33.374548814409913, 45.897093709416986 ], [ 33.373755691625504, 45.89357870065659 ], [ 33.371238711233197, 45.893855552990708 ], [ 33.370049529793917, 45.888582965167672 ], [ 33.367532739327565, 45.888859712714485 ], [ 33.365551883665198, 45.880071917899883 ], [ 33.363035434183509, 45.88034852695489 ], [ 33.359472888987341, 45.864530142840287 ], [ 33.356957082354839, 45.864806546042999 ], [ 33.356165960561448, 45.861291280682451 ], [ 33.353650268179955, 45.861567596071588 ], [ 33.353254837804577, 45.859809941750214 ], [ 33.350739184203782, 45.860086186182272 ], [ 33.35034386598474, 45.858328511823736 ], [ 33.347828251172935, 45.858604685303881 ], [ 33.347433045097191, 45.856846990913738 ], [ 33.344917469082688, 45.85712309344715 ], [ 33.341611856099981, 45.85388367618588 ], [ 33.336580822670108, 45.854435543388021 ], [ 33.33618602840793, 45.852677772113871 ], [ 33.331154999381305, 45.853229389236716 ], [ 33.327850404062332, 45.849989463634543 ], [ 33.322819457242055, 45.850540688852 ], [ 33.322425150128957, 45.848782823968108 ], [ 33.319909697300453, 45.849058338609289 ], [ 33.319515502232157, 45.847300453744822 ], [ 33.317000088290939, 45.847575897478698 ], [ 33.316606005254407, 45.845817992639176 ], [ 33.314090630208725, 45.846093365470942 ], [ 33.313696659190889, 45.844335440661837 ], [ 33.311181323049034, 45.844610742596686 ], [ 33.310787464036856, 45.842852797823532 ], [ 33.308272166807093, 45.843128028866644 ], [ 33.304969526438065, 45.83988723960681 ], [ 33.292393064463148, 45.841262144912442 ], [ 33.292786322197465, 45.843020213442543 ], [ 33.287755330998067, 45.843569830302208 ], [ 33.287362224214931, 45.841811728255912 ], [ 33.264721638367071, 45.844282174241037 ], [ 33.264329247484, 45.84252391837024 ], [ 33.251750246985267, 45.843894410096581 ], [ 33.251358270083919, 45.842136067485001 ], [ 33.243810659777637, 45.842957662700101 ], [ 33.24341894582291, 45.841199266827587 ], [ 33.238387174900716, 45.841746692849391 ], [ 33.237995648352396, 45.839988260440329 ], [ 33.232963883150319, 45.840535436494335 ], [ 33.232572543994571, 45.838776967565678 ], [ 33.21999287320974, 45.840143876677494 ], [ 33.219601948056734, 45.838385321230312 ], [ 33.212053936787342, 45.839204766851914 ], [ 33.211663274555441, 45.837446158282546 ], [ 33.206631236845389, 45.837992151263123 ], [ 33.206240761971181, 45.836233506254189 ], [ 33.20120873040716, 45.836779249300633 ], [ 33.200818442876781, 45.835020567869094 ], [ 33.195786417530869, 45.835566060991887 ], [ 33.195396317330399, 45.83380734315471 ], [ 33.184942372696646, 45.833138825445516 ], [ 33.181647048211317, 45.829893623299178 ], [ 33.176615120757596, 45.830438225159284 ], [ 33.176225694175088, 45.828679378476238 ], [ 33.173709751788053, 45.828951581553483 ], [ 33.173320436904035, 45.827192715145344 ], [ 33.170804533941485, 45.827464847456127 ], [ 33.170415330742841, 45.825705961328389 ], [ 33.167899467212948, 45.825978022877941 ], [ 33.167510375686597, 45.824219117036073 ], [ 33.16499455159753, 45.824491107829623 ], [ 33.164605571730377, 45.822732182279118 ], [ 33.162089787090309, 45.823004102321903 ], [ 33.161700918869251, 45.821245157068226 ], [ 33.159185173686346, 45.821517006365426 ], [ 33.158796417098287, 45.819758041414119 ], [ 33.156280711380717, 45.820029819970991 ], [ 33.155892066412555, 45.818270835327489 ], [ 33.153376400168469, 45.818542543149249 ], [ 33.152987866807123, 45.816783538819038 ], [ 33.150472240044685, 45.817055175910923 ], [ 33.150083818277047, 45.815296151899481 ], [ 33.144664373042723, 45.814080170227314 ], [ 33.143888011829112, 45.810562040408243 ], [ 33.138469134811508, 45.80934570032435 ], [ 33.137693291772379, 45.805827485656962 ], [ 33.135178013582099, 45.806098736074311 ], [ 33.134402465542415, 45.802580475903717 ], [ 33.131887302386232, 45.80285163908475 ], [ 33.131112049269198, 45.799333333427846 ], [ 33.12859700114376, 45.799604409387115 ], [ 33.127822042872637, 45.796086058260748 ], [ 33.12530710977456, 45.796357047012791 ], [ 33.124532446272575, 45.792838650433858 ], [ 33.122017628198499, 45.793109551993226 ], [ 33.120856128870074, 45.787831884331986 ], [ 33.118341501282472, 45.788102682188757 ], [ 33.116793640150213, 45.781065682593479 ], [ 33.111764880890263, 45.781606983810669 ], [ 33.108477184885771, 45.778358935839023 ], [ 33.103448512141767, 45.778899846368326 ], [ 33.103062085548927, 45.777140500024089 ], [ 33.10054777083559, 45.777410857625711 ], [ 33.097260976387361, 45.774162393195475 ], [ 33.077146089623142, 45.77632260927745 ], [ 33.077531690022816, 45.77808212661354 ], [ 33.075017092638554, 45.778351926563658 ], [ 33.074631567710675, 45.776592392762488 ], [ 33.051999261596869, 45.779018008319731 ], [ 33.051614451808923, 45.777258323410862 ], [ 33.039040075759495, 45.778603910600729 ], [ 33.038655679215239, 45.776844140502021 ], [ 33.031110852002215, 45.77765079380373 ], [ 33.030726717679237, 45.775890971411954 ], [ 33.02569680565643, 45.776428436714397 ], [ 33.025312858021344, 45.774668578462347 ], [ 33.020282954518301, 45.775205794358996 ], [ 33.019899193556945, 45.773445900263546 ], [ 33.01486929864523, 45.773982866765195 ], [ 33.014485724343452, 45.772222936843278 ], [ 33.004042572923879, 45.771536155973322 ], [ 33.000761365384378, 45.768284269782633 ], [ 32.995731576635862, 45.768820347123942 ], [ 32.995348673299546, 45.767060290422585 ], [ 32.992833801146325, 45.76732823150158 ], [ 32.992451008868557, 45.76556815540431 ], [ 32.989936176716668, 45.765836025974238 ], [ 32.989553495484358, 45.764075930486513 ], [ 32.98703870334181, 45.764343730552646 ], [ 32.986656133141814, 45.762583615679873 ], [ 32.984141381016649, 45.762851345247491 ], [ 32.983758921835864, 45.761091210995154 ], [ 32.981244209736111, 45.761358870069472 ], [ 32.980861861561401, 45.759598716443023 ], [ 32.978347189495082, 45.759866305029327 ], [ 32.977964952313329, 45.758106132034193 ], [ 32.975450320288466, 45.75837365013772 ], [ 32.97506819408656, 45.75661345777938 ], [ 32.972553602111169, 45.756880905405353 ], [ 32.97217158687598, 45.755120693689236 ], [ 32.96676061882409, 45.753895146461247 ], [ 32.965997067570079, 45.750374642604193 ], [ 32.960586668093491, 45.74914873918982 ], [ 32.959823631311714, 45.745628151933232 ], [ 32.957309390685417, 45.745895214637947 ], [ 32.956546646455202, 45.742374582680114 ], [ 32.954032521399711, 45.742641558646504 ], [ 32.953270069644581, 45.739120882004073 ], [ 32.950756060156209, 45.739387771246705 ], [ 32.94999390079974, 45.735867049936395 ], [ 32.947480006874791, 45.736133852469763 ], [ 32.946718139840556, 45.732613086508259 ], [ 32.944204361475343, 45.732879802346901 ], [ 32.943062052284191, 45.727598581929961 ], [ 32.940548464910364, 45.727865194809326 ], [ 32.938645699730252, 45.719063019107288 ], [ 32.936132454138992, 45.719329496510206 ], [ 32.935752082406424, 45.717569036061519 ], [ 32.930345450526168, 45.716341300052825 ], [ 32.929585185030014, 45.712820299050215 ], [ 32.924179121034285, 45.711592207568955 ], [ 32.923419368599291, 45.708071123504105 ], [ 32.920906474429067, 45.708337216638348 ], [ 32.920147013676448, 45.704816088058749 ], [ 32.917634235027101, 45.705082094619634 ], [ 32.916875065880568, 45.701560921541883 ], [ 32.914362402748388, 45.701826841543941 ], [ 32.913603525131691, 45.698305623984702 ], [ 32.911090977512906, 45.698571457442455 ], [ 32.910332391349812, 45.695050195418297 ], [ 32.90781995924069, 45.695315942346276 ], [ 32.906682569808147, 45.690033978141514 ], [ 32.904170328533368, 45.690299622332525 ], [ 32.903791344367185, 45.688538945382462 ], [ 32.886205198913416, 45.690396827427897 ], [ 32.886583655715178, 45.692157617834781 ], [ 32.884071133406209, 45.692422829477266 ], [ 32.883692751958073, 45.690662022874875 ], [ 32.861079150833753, 45.69304634830214 ], [ 32.860701482783412, 45.691285393102845 ], [ 32.848137521425016, 45.692608044406775 ], [ 32.847760265347723, 45.690847005450124 ], [ 32.840221694690499, 45.691639898623819 ], [ 32.839844699801198, 45.689878808267238 ], [ 32.834818961950731, 45.690407100938664 ], [ 32.834442152835152, 45.688645975345324 ], [ 32.829416425964062, 45.689174019349231 ], [ 32.829039802607802, 45.687412858535993 ], [ 32.824014086787024, 45.687940653883501 ], [ 32.82363764917568, 45.686179457867134 ], [ 32.818611944476153, 45.686707004569342 ], [ 32.818235692595302, 45.684945773366728 ], [ 32.813209999087967, 45.685473071434743 ], [ 32.812833932923191, 45.683711805062707 ], [ 32.807808250678939, 45.684238854507633 ], [ 32.807432370215786, 45.682477552983002 ], [ 32.8024066993055, 45.683004353815981 ], [ 32.802031004529574, 45.681243017155609 ], [ 32.797005345024154, 45.681769569387768 ], [ 32.796629835920967, 45.680008197608466 ], [ 32.786203227963313, 45.67929914943349 ], [ 32.782940267539679, 45.676039176793886 ], [ 32.777914723925349, 45.676564842953937 ], [ 32.777539881951547, 45.674803346918807 ], [ 32.775027133390743, 45.675066082782031 ], [ 32.774652401601678, 45.673304567752247 ], [ 32.7721396936875, 45.673567233458364 ], [ 32.771765072070053, 45.671805699439332 ], [ 32.769252404810338, 45.672068294993615 ], [ 32.768877893351373, 45.670306741990736 ], [ 32.766365266753979, 45.670569267398506 ], [ 32.765990865440365, 45.668807695417165 ], [ 32.763478279513144, 45.669070150683687 ], [ 32.763103988331743, 45.667308559729328 ], [ 32.760591443082504, 45.667570944859897 ], [ 32.760217262020191, 45.665809334937883 ], [ 32.757704757456828, 45.666071649937791 ], [ 32.75733068650046, 45.664310021053559 ], [ 32.754818222630782, 45.664572265928079 ], [ 32.754444261767226, 45.662810618086993 ], [ 32.751931838599063, 45.663072792841447 ], [ 32.751557987815204, 45.661311126048922 ], [ 32.7490456053564, 45.661573230688553 ], [ 32.748671864639086, 45.65981154495001 ], [ 32.746159522897479, 45.66007357948012 ], [ 32.745785892233584, 45.658311874800944 ], [ 32.743273591216983, 45.658573839226847 ], [ 32.742900070593393, 45.656812115612432 ], [ 32.737502180170111, 45.655574091628488 ], [ 32.736755613632795, 45.652050565764732 ], [ 32.731358291579504, 45.65081218867752 ], [ 32.730612234207818, 45.647288581303599 ], [ 32.728100287663167, 45.647550163319842 ], [ 32.727354519389834, 45.644026512288995 ], [ 32.72484268896406, 45.644288008262642 ], [ 32.72409720971315, 45.64076431359134 ], [ 32.721585495402159, 45.64102572353687 ], [ 32.720840305097724, 45.637501985241528 ], [ 32.718328706897452, 45.637763309173529 ], [ 32.717583805463619, 45.63423952727053 ], [ 32.715072323369959, 45.634500765203484 ], [ 32.714327710730821, 45.630976939709257 ], [ 32.711816344739688, 45.631238091657707 ], [ 32.711072020819358, 45.627714222588679 ], [ 32.708560770926674, 45.627975288567086 ], [ 32.707444769759981, 45.622689415257312 ], [ 32.704933711251947, 45.622950379333403 ], [ 32.703074775496113, 45.614140452527231 ], [ 32.693031702259347, 45.615183449576641 ], [ 32.692660319571665, 45.613421391752922 ], [ 32.685127878801737, 45.614203024322663 ], [ 32.684756756355554, 45.612440915830142 ], [ 32.679735107626762, 45.61296170215472 ], [ 32.679364170137084, 45.611199558935418 ], [ 32.674342534359369, 45.611720097259209 ], [ 32.673971781811566, 45.609957919329936 ], [ 32.668950159055306, 45.61047820966423 ], [ 32.668579591434806, 45.608715997041763 ], [ 32.658166002560407, 45.607993586488377 ], [ 32.657795804750613, 45.606231304529828 ], [ 32.65528503027739, 45.606491104771429 ], [ 32.654914942072232, 45.604728804044271 ], [ 32.649893440724419, 45.605248210632254 ], [ 32.649523537386855, 45.603485875271758 ], [ 32.647012810530455, 45.603745481624628 ], [ 32.643762646694427, 45.60048029108895 ], [ 32.638741322648571, 45.600999170111692 ], [ 32.638371823270568, 45.599236762651543 ], [ 32.633350512706969, 45.59975539378047 ], [ 32.630101361697001, 45.596489709621821 ], [ 32.625080146763118, 45.597007953093133 ], [ 32.624711126485735, 45.595245457773594 ], [ 32.622200542955092, 45.595504482604106 ], [ 32.621831632166518, 45.593741968575436 ], [ 32.619321089695106, 45.594000923529542 ], [ 32.618952288382246, 45.592238390797149 ], [ 32.616441786977759, 45.592497275880156 ], [ 32.616073095127476, 45.590734724449369 ], [ 32.613562634797653, 45.590993539666613 ], [ 32.613194052396807, 45.589230969542811 ], [ 32.610683633149335, 45.589489714899571 ], [ 32.610315160184797, 45.58772712608814 ], [ 32.607804782027429, 45.587985801589745 ], [ 32.607436418486074, 45.586223194096014 ], [ 32.604926081426484, 45.586481799747737 ], [ 32.604557827295181, 45.584719173577135 ], [ 32.602047531341086, 45.584977709384326 ], [ 32.601679386606712, 45.583215064542159 ], [ 32.596290882695222, 45.58196926313579 ], [ 32.595555064851247, 45.578443895932594 ], [ 32.590167128768442, 45.577197743454725 ], [ 32.589431816493786, 45.573672295918584 ], [ 32.586921876648596, 45.573930451018818 ], [ 32.586186851162999, 45.570404960475614 ], [ 32.583677027684459, 45.570663029995039 ], [ 32.582942288912385, 45.567137496461065 ], [ 32.580432581796167, 45.567395480414163 ], [ 32.57969812966207, 45.563869903905648 ], [ 32.577188538903862, 45.564127802306921 ], [ 32.57645437333224, 45.560602182840135 ], [ 32.573944898927714, 45.560859995704085 ], [ 32.57284413132686, 45.555571497809559 ], [ 32.570334848448418, 45.555829209395554 ], [ 32.568501291760761, 45.547014910403661 ], [ 32.565992350681064, 45.547272489241976 ], [ 32.562694765512347, 45.531406429756231 ], [ 32.560186466522232, 45.531663812952957 ], [ 32.559820313035253, 45.529900887476458 ], [ 32.562328536939262, 45.529643520014204 ], [ 32.56049790312408, 45.520828928594554 ], [ 32.55799005455227, 45.521086217398746 ], [ 32.55616064397239, 45.51227147618814 ], [ 32.553653136672132, 45.512528632430929 ], [ 32.550363007746576, 45.49666177765647 ], [ 32.54785614151578, 45.49691873854534 ], [ 32.547490815929685, 45.495155724766583 ], [ 32.549997607197625, 45.494898779586791 ], [ 32.546710525156271, 45.479031669187755 ], [ 32.549216608234538, 45.478774811477749 ], [ 32.548121298421961, 45.473485770696506 ], [ 32.535591668336671, 45.474769285102099 ], [ 32.535956363348006, 45.476532380006567 ], [ 32.533450261063471, 45.476788936977741 ], [ 32.533085640951803, 45.475025826388169 ], [ 32.510529875440255, 45.477332273598677 ], [ 32.5101659633116, 45.475569019161817 ], [ 32.497634176827411, 45.476848414534587 ], [ 32.497270673070837, 45.47508507904783 ], [ 32.481868847278172, 45.474855049148069 ], [ 32.481505860507021, 45.473091614268647 ], [ 32.476492956054962, 45.473602254672159 ], [ 32.476130152808899, 45.471838785755715 ], [ 32.471117263808743, 45.472349179347894 ], [ 32.470754644072976, 45.47058567641114 ], [ 32.465741770594221, 45.471095823203612 ], [ 32.465379334353912, 45.469332286263246 ], [ 32.454991381478877, 45.468588268568261 ], [ 32.451760954906312, 45.465315770576375 ], [ 32.446748211255347, 45.465825038088653 ], [ 32.446386433891945, 45.464061380867939 ], [ 32.443880086739028, 45.464315918204498 ], [ 32.443518417842157, 45.462552242619594 ], [ 32.441012112132817, 45.462806710491954 ], [ 32.440650551689373, 45.461043016548196 ], [ 32.438144287431143, 45.461297414961706 ], [ 32.437782835428045, 45.459533702664409 ], [ 32.435276612628471, 45.459788031624356 ], [ 32.434915269052631, 45.458024300978813 ], [ 32.43240908771925, 45.458278560490577 ], [ 32.432047852557581, 45.456514811502117 ], [ 32.429541712697919, 45.456769001570969 ], [ 32.429180585937331, 45.455005234244915 ], [ 32.426674487558913, 45.455259354876219 ], [ 32.426313469186304, 45.4534955692179 ], [ 32.423807412296668, 45.453749620416929 ], [ 32.423446502298965, 45.451985816431637 ], [ 32.418073711380217, 45.450729888247352 ], [ 32.417352358219418, 45.447202204215245 ], [ 32.411980133275037, 45.445945927907331 ], [ 32.411259280192134, 45.442418165078251 ], [ 32.408753580685691, 45.442671838162312 ], [ 32.408033010944813, 45.439144033173143 ], [ 32.405527427867327, 45.439397621353763 ], [ 32.404807141393611, 45.435869774220521 ], [ 32.402301674740478, 45.436123277512181 ], [ 32.401581671459098, 45.432595388250832 ], [ 32.399076321225678, 45.432848806667991 ], [ 32.398356601061799, 45.4293208752946 ], [ 32.395851367243473, 45.429574208851712 ], [ 32.394772261536389, 45.424282244484722 ], [ 32.392267218985324, 45.424535477705987 ], [ 32.390469749838886, 45.415715404163841 ], [ 32.387965048187439, 45.415968506108946 ], [ 32.384732373597984, 45.400092059786253 ], [ 32.382228311857034, 45.400344968619322 ], [ 32.38186936683779, 45.398580889708626 ], [ 32.384373353812499, 45.398327996345472 ], [ 32.381143671198608, 45.382451300811418 ], [ 32.383646952362128, 45.382198492854293 ], [ 32.38185347330122, 45.373378086917981 ], [ 32.384356347847103, 45.373125302506736 ], [ 32.383280434836223, 45.367833072134523 ], [ 32.385783052226977, 45.367580280355085 ], [ 32.385065793583465, 45.364052143866694 ], [ 32.387568228514475, 45.3637993292677 ], [ 32.386850953399659, 45.360271212639958 ], [ 32.389353205905365, 45.360018375232173 ], [ 32.388635914349003, 45.356490278466104 ], [ 32.391137984463846, 45.356237418260299 ], [ 32.392205239903873, 45.348928401324173 ], [ 32.394706945340289, 45.34867549555468 ], [ 32.394348258393997, 45.346911478351529 ], [ 32.396849856086497, 45.346658534345224 ], [ 32.396132432679394, 45.343130522574384 ], [ 32.398633848101994, 45.34287755581186 ], [ 32.398275111656979, 45.341113561245059 ], [ 32.402918841583414, 45.338843531205228 ], [ 32.402201236617408, 45.335315590123102 ], [ 32.404702254409735, 45.335062524201319 ], [ 32.405767831539173, 45.327753613016711 ], [ 32.410410187545466, 45.325483412809518 ], [ 32.409692451573321, 45.321955556767122 ], [ 32.412192815338287, 45.321702384563018 ], [ 32.411833922715118, 45.319938467866884 ], [ 32.414334178854311, 45.319685257502485 ], [ 32.413975245008352, 45.317921353519431 ], [ 32.416475393529197, 45.317668105001999 ], [ 32.416116418473415, 45.315904213733582 ], [ 32.418616459383372, 45.315650927070379 ], [ 32.418257443130763, 45.313887048518126 ], [ 32.420757376437265, 45.313633723716435 ], [ 32.42039831900081, 45.311869857881902 ], [ 32.422898144711297, 45.311616494948986 ], [ 32.422539046103964, 45.309852641833743 ], [ 32.425038764225889, 45.309599240776862 ], [ 32.424679624460644, 45.307835400382409 ], [ 32.427179235001454, 45.307581961208854 ], [ 32.42682005409128, 45.305818133536789 ], [ 32.429319557058413, 45.305564656253807 ], [ 32.43110046725603, 45.301783523697786 ], [ 32.436099009712514, 45.301276363140701 ], [ 32.437879358508368, 45.297495182739205 ], [ 32.442877404295871, 45.29698776268436 ], [ 32.442517869252832, 45.295224029678046 ], [ 32.447515633467731, 45.29471642633424 ], [ 32.447155983092379, 45.292952721586261 ], [ 32.452153465725594, 45.292444934992083 ], [ 32.451793700055021, 45.29068125851154 ], [ 32.45679090109752, 45.290173288705574 ], [ 32.456431020168779, 45.288409640501541 ], [ 32.461427939611525, 45.287901487522404 ], [ 32.461067943461678, 45.286137867603955 ], [ 32.468562850277472, 45.28537528311017 ], [ 32.468202664717452, 45.283611707033174 ], [ 32.480693138940723, 45.28233973975842 ], [ 32.480332615633436, 45.280576238665674 ], [ 32.502812701427047, 45.278283465317216 ], [ 32.502451543860481, 45.276520101614359 ], [ 32.51244152884923, 45.275499762201399 ], [ 32.512802983022212, 45.277263063517779 ], [ 32.53527916163705, 45.274964029595807 ], [ 32.535641316421355, 45.276727187542321 ], [ 32.548127281858427, 45.275447996107076 ], [ 32.54848984068208, 45.277211073032419 ], [ 32.555981240272828, 45.276442869418936 ], [ 32.556344054918199, 45.278205896559271 ], [ 32.561338301891091, 45.277693462095918 ], [ 32.561701298269988, 45.279456455084841 ], [ 32.566695559267245, 45.278943775370998 ], [ 32.567058737394191, 45.280706734191959 ], [ 32.572053012347112, 45.280193809216208 ], [ 32.572416372236624, 45.281956733852617 ], [ 32.582768505401134, 45.282693038505059 ], [ 32.585993235041101, 45.285961928729812 ], [ 32.59098763239259, 45.28544812954523 ], [ 32.591351645383185, 45.287210932985602 ], [ 32.593848867704061, 45.286953937471424 ], [ 32.594212988433895, 45.288716722363461 ], [ 32.596710251206595, 45.288459657660823 ], [ 32.597074479688573, 45.290222423999211 ], [ 32.599571782905564, 45.28996529010287 ], [ 32.599936119152567, 45.291728037882336 ], [ 32.605295290914178, 45.292976291702715 ], [ 32.604930772784364, 45.291213578211526 ], [ 32.607428049080291, 45.290956268157807 ], [ 32.607063490537911, 45.28919356754762 ], [ 32.609560659054345, 45.288936219746951 ], [ 32.609196060112296, 45.287173532019295 ], [ 32.611693120856764, 45.286916146478937 ], [ 32.611328481527913, 45.285153471635297 ], [ 32.613825434507973, 45.284896048362491 ], [ 32.615592879964559, 45.281113276335411 ], [ 32.620586321210332, 45.280598225452529 ], [ 32.62235320800896, 45.276815407587925 ], [ 32.62734615087637, 45.276300099007237 ], [ 32.626981161771489, 45.27453752009886 ], [ 32.631973821738349, 45.274022029275351 ], [ 32.631608718342584, 45.272259479017471 ], [ 32.636601095400486, 45.271743805989765 ], [ 32.636235877750877, 45.269981284391378 ], [ 32.641227971891425, 45.269465429198178 ], [ 32.64086264002502, 45.267702936268272 ], [ 32.645854451239813, 45.267186898948211 ], [ 32.645489005193618, 45.265424434695753 ], [ 32.652976246969565, 45.264650025479661 ], [ 32.652610612838572, 45.262887605691006 ], [ 32.665088303953482, 45.261595934625952 ], [ 32.664722333969117, 45.259833590904599 ], [ 32.687179382938474, 45.257505362037776 ], [ 32.686812781727639, 45.255743157710199 ], [ 32.689307766332654, 45.255484214578431 ], [ 32.689674441416024, 45.257246403083776 ], [ 32.712128443214837, 45.254913371335377 ], [ 32.712495816899015, 45.256675414416563 ], [ 32.724969444667046, 45.25537733913611 ], [ 32.725337221472856, 45.257139300025507 ], [ 32.732821212208997, 45.256359767138363 ], [ 32.733189244466161, 45.258121677513742 ], [ 32.73817854939162, 45.257601690466913 ], [ 32.738546763285861, 45.259363566182557 ], [ 32.74353607987706, 45.258843334009789 ], [ 32.743904475422596, 45.260605175049164 ], [ 32.748893803610727, 45.260084697739352 ], [ 32.74926238082174, 45.261846504085845 ], [ 32.759609830604212, 45.26256658564774 ], [ 32.759978771188848, 45.264328322558868 ], [ 32.762473469507015, 45.264067742832275 ], [ 32.7628425179796, 45.265829460922006 ], [ 32.767831960034734, 45.265308109622147 ], [ 32.768201190230812, 45.267069792959951 ], [ 32.770695933949952, 45.26680902138029 ], [ 32.771065272062181, 45.268570685882025 ], [ 32.773560055505591, 45.268309845035247 ], [ 32.773929501546782, 45.270071490695564 ], [ 32.776424324706845, 45.269810580576433 ], [ 32.776793878689794, 45.271572207390044 ], [ 32.779288741558879, 45.27131122799333 ], [ 32.779658403496384, 45.273072835954899 ], [ 32.782153306066867, 45.272811787275408 ], [ 32.782523075971739, 45.274573376379642 ], [ 32.785018018236002, 45.274312258412166 ], [ 32.78538789612103, 45.276073828653701 ], [ 32.787882878071429, 45.275812641393031 ], [ 32.788252863949445, 45.277574192766622 ], [ 32.790747885578348, 45.277312936207515 ], [ 32.793983242664254, 45.280574656466719 ], [ 32.801468442979342, 45.27979031091887 ], [ 32.801838900598803, 45.281551773715456 ], [ 32.806829010813381, 45.281028578021193 ], [ 32.807199650321877, 45.282790005941102 ], [ 32.812189771329969, 45.282266564917826 ], [ 32.812560592741654, 45.284027957944453 ], [ 32.817550724474252, 45.283504271581158 ], [ 32.817921727803238, 45.285265629697939 ], [ 32.828273208426346, 45.285978844097613 ], [ 32.828644575632218, 45.287740132344979 ], [ 32.831139674525907, 45.287477947789306 ], [ 32.831511149857981, 45.289239217092309 ], [ 32.83650139241599, 45.288714655935287 ], [ 32.839739958830769, 45.291974729036554 ], [ 32.842235141989704, 45.291712283064086 ], [ 32.841863302693639, 45.289951083715607 ], [ 32.846853418349916, 45.289426063816506 ], [ 32.84648146573732, 45.287664893590701 ], [ 32.851471296398309, 45.287139692434785 ], [ 32.851099230506279, 45.285378551340528 ], [ 32.856088776164327, 45.284853168966592 ], [ 32.855716597029932, 45.283092057012759 ], [ 32.863200436451997, 45.282303631715266 ], [ 32.862828070337727, 45.28054256496133 ], [ 32.875300079648525, 45.279227536940873 ], [ 32.874927379121587, 45.277466547536491 ], [ 32.894880214892964, 45.275359860038726 ], [ 32.894506958962268, 45.273598996310028 ], [ 32.897000834768058, 45.273335436696726 ], [ 32.896627539581772, 45.271574586102112 ], [ 32.89912130723733, 45.27131098931099 ], [ 32.898747972808216, 45.269550151851917 ], [ 32.901241632321224, 45.269286517890173 ], [ 32.900868258662037, 45.267525693568139 ], [ 32.903361810040181, 45.267262022443035 ], [ 32.902988397163675, 45.265501211259483 ], [ 32.905481840414673, 45.265237502978223 ], [ 32.905108388333595, 45.263476704934632 ], [ 32.907601723465127, 45.263212959504486 ], [ 32.907228232192224, 45.261452174602283 ], [ 32.909721459211973, 45.261188392030434 ], [ 32.909347928759999, 45.259427620271133 ], [ 32.911841047675672, 45.259163800564842 ], [ 32.913586880104717, 45.255378439647231 ], [ 32.918572651090749, 45.254850598513826 ], [ 32.920317929107526, 45.251065194960489 ], [ 32.925303198813154, 45.25053709897027 ], [ 32.927047922623267, 45.246751652867452 ], [ 32.932032691077183, 45.246223302122885 ], [ 32.931658666044875, 45.244462670780266 ], [ 32.934150924965095, 45.244198431738369 ], [ 32.933776860886198, 45.242437813556769 ], [ 32.936269011756352, 45.242173537453439 ], [ 32.935894908643583, 45.240412932434324 ], [ 32.938386951471379, 45.240148619276802 ], [ 32.94013056298823, 45.236363098527285 ], [ 32.945114182003692, 45.235834270864167 ], [ 32.944739888363202, 45.234073721483227 ], [ 32.947231572590731, 45.233809244036934 ], [ 32.948974444617434, 45.230023670321309 ], [ 32.953957346500879, 45.229494514204873 ], [ 32.955699665273983, 45.225708898316753 ], [ 32.960682066095345, 45.225179487909372 ], [ 32.960307430826532, 45.223419036709835 ], [ 32.96528954657839, 45.222889446056833 ], [ 32.964914798991003, 45.221129024203364 ], [ 32.974503315388112, 45.218308909816848 ], [ 32.97412834327438, 45.216548546681892 ], [ 32.97661899081298, 45.216283507661601 ], [ 32.976243979878966, 45.214523157719391 ], [ 32.978734519452665, 45.21425808176199 ], [ 32.978359469711037, 45.21249774501397 ], [ 32.980849901327524, 45.212232632126664 ], [ 32.980474812790973, 45.210472308574303 ], [ 32.982965136457956, 45.210207158764298 ], [ 32.982590009139152, 45.208446848409054 ], [ 32.985080224864326, 45.208181661683568 ], [ 32.984705058775944, 45.206421364526868 ], [ 32.987195166567027, 45.206156140893093 ], [ 32.986819961721729, 45.204395856936429 ], [ 32.989309961586443, 45.204130596401583 ], [ 32.988934717996891, 45.202370325646378 ], [ 32.991424609942925, 45.202105028217666 ], [ 32.993163790616805, 45.198319192002103 ], [ 32.998143108280658, 45.197788396541384 ], [ 32.999881737147021, 45.194002518731175 ], [ 33.004860554023395, 45.193471469686209 ], [ 33.004484970355485, 45.191711297369345 ], [ 33.009463502230872, 45.191180068518264 ], [ 33.009087806657455, 45.189419925627156 ], [ 33.018668207934752, 45.186596815205085 ], [ 33.020405186545588, 45.182810802900505 ], [ 33.025382647649671, 45.182278961261353 ], [ 33.025006578024218, 45.180518919928851 ], [ 33.027495183395558, 45.180252935805186 ], [ 33.026743001710138, 45.17673287659872 ], [ 33.029231426047858, 45.176466871924184 ], [ 33.028855314002982, 45.17470685405101 ], [ 33.031343630509916, 45.174440812601631 ], [ 33.030967479948721, 45.172680807960809 ], [ 33.03556760043621, 45.170388623359308 ], [ 33.034815179983809, 45.166868664011602 ], [ 33.039414680667392, 45.164576388347982 ], [ 33.038662175656306, 45.161056475937997 ], [ 33.041149806896051, 45.160790283211441 ], [ 33.040773533272471, 45.159030338742092 ], [ 33.04326105674803, 45.158764109288121 ], [ 33.042884744688742, 45.157004178058472 ], [ 33.045372160407844, 45.156737911884235 ], [ 33.044995809925446, 45.154977993895706 ], [ 33.047483117895787, 45.154711691008394 ], [ 33.047106729002905, 45.152951786262435 ], [ 33.049593929232195, 45.152685446669274 ], [ 33.049217501941413, 45.150925555167319 ], [ 33.051704594437361, 45.150659178875479 ], [ 33.051328128761277, 45.148899300618957 ], [ 33.053815113531634, 45.148632887635614 ], [ 33.053438609482846, 45.146873022626011 ], [ 33.055925486535273, 45.146606572958362 ], [ 33.055548944126386, 45.144846721197098 ], [ 33.05803571346862, 45.144580234852342 ], [ 33.059769175260655, 45.140794048065878 ], [ 33.064742248463148, 45.140260875788186 ], [ 33.066475160905036, 45.136474648312927 ], [ 33.0714477339789, 45.135941223614196 ], [ 33.071070854003544, 45.134181470662263 ], [ 33.076043142318454, 45.133647866887188 ], [ 33.075666151117346, 45.131888143476175 ], [ 33.08063815466646, 45.131354360663451 ], [ 33.080261052276299, 45.129594666802127 ], [ 33.085232771052723, 45.129060704990408 ], [ 33.084855557510267, 45.127301040687456 ], [ 33.089826991507181, 45.126766899915417 ], [ 33.089449666849099, 45.125007265179583 ], [ 33.096906338545452, 45.124205706328169 ], [ 33.09652882990688, 45.122446117471689 ], [ 33.108955556439085, 45.121109210217583 ], [ 33.108577718132672, 45.119349699895423 ], [ 33.130942978371294, 45.116940083940477 ], [ 33.13056451918952, 45.115180717580024 ], [ 33.135534048339657, 45.114644698807076 ], [ 33.135912653179751, 45.116404032469092 ], [ 33.138397438316026, 45.11613592748283 ], [ 33.138018760652599, 45.114376610174638 ], [ 33.140503438115751, 45.114108468714228 ], [ 33.140124722488892, 45.11234916472138 ], [ 33.142609292286657, 45.112080986794005 ], [ 33.142230538708901, 45.110321696117907 ], [ 33.144715000848997, 45.110053481730731 ], [ 33.144336209332884, 45.108294204372868 ], [ 33.146820563823084, 45.108025953533044 ], [ 33.146441734381135, 45.106266689494817 ], [ 33.148925981229155, 45.105998402209543 ], [ 33.148547113873896, 45.104239151492365 ], [ 33.151031253087488, 45.103970827768819 ], [ 33.152757436274051, 45.100184006148673 ], [ 33.157725249337147, 45.099647160201066 ], [ 33.159450885448685, 45.095860299005551 ], [ 33.169006024040101, 45.093026775042354 ], [ 33.168626711355429, 45.091267653430393 ], [ 33.171110100259206, 45.090998952923421 ], [ 33.170730749779224, 45.089239844648759 ], [ 33.17569727750849, 45.088702318130075 ], [ 33.177421456701232, 45.084915348387547 ], [ 33.182387484299916, 45.084377570934855 ], [ 33.182007875201002, 45.082618535478638 ], [ 33.186973617824293, 45.0820805798569 ], [ 33.186593898362233, 45.080321574153537 ], [ 33.19155935600363, 45.079783440401407 ], [ 33.191179526215031, 45.078024464459567 ], [ 33.196144698868046, 45.077486152615698 ], [ 33.195764758789522, 45.075727206444007 ], [ 33.200729646447726, 45.075188716547061 ], [ 33.200349596115842, 45.073429800154216 ], [ 33.207796447658708, 45.072621719222049 ], [ 33.207416214531833, 45.070862849046009 ], [ 33.219826571453495, 45.06951507556451 ], [ 33.219446010491012, 45.067756284511553 ], [ 33.241781794796786, 45.065327120808341 ], [ 33.241400616085116, 45.063568474808044 ], [ 33.251326430307827, 45.06248754282111 ], [ 33.251707899026378, 45.064246122909985 ], [ 33.274039581082526, 45.06181079693706 ], [ 33.274421737219519, 45.063569225455659 ], [ 33.286827360253319, 45.062214341251284 ], [ 33.287209913832868, 45.063972684073477 ], [ 33.294653083056104, 45.06315907225882 ], [ 33.295035889161802, 45.064917362381948 ], [ 33.299997970932928, 45.064374658235138 ], [ 33.300380957127985, 45.066132912172975 ], [ 33.305343042963813, 45.065589964385637 ], [ 33.305726209261387, 45.067348182121741 ], [ 33.310688299093449, 45.066804990683721 ], [ 33.311071645506679, 45.068563172201621 ], [ 33.316033739266437, 45.068019737102802 ], [ 33.316417265808518, 45.069777882386049 ], [ 33.326725171521041, 45.070448390197484 ], [ 33.329974123144147, 45.073692459274348 ], [ 33.334936302547938, 45.073148154694117 ], [ 33.335320477301011, 45.074906171468271 ], [ 33.337801586472992, 45.074633923637208 ], [ 33.338185868984212, 45.076391920699585 ], [ 33.340667015271556, 45.076119603638865 ], [ 33.341051405553344, 45.077877580984115 ], [ 33.343532588948229, 45.077605194688672 ], [ 33.343917087013011, 45.079363152311487 ], [ 33.346398307507592, 45.079090696776255 ], [ 33.346782913367804, 45.080848634671277 ], [ 33.349264170954257, 45.080576109891247 ], [ 33.349648884622319, 45.082334028053126 ], [ 33.352130179292814, 45.082061434023217 ], [ 33.355381261848841, 45.085304547841439 ], [ 33.372750100074178, 45.08339431468584 ], [ 33.373135571905266, 45.085152073812772 ], [ 33.385541184238953, 45.083785959469843 ], [ 33.385927053648523, 45.085543632205223 ], [ 33.393370212749417, 45.084723282159494 ], [ 33.393756334886383, 45.086480901761867 ], [ 33.398718408341722, 45.085933705301763 ], [ 33.399104710802114, 45.087691288415513 ], [ 33.409415348832738, 45.088353710633939 ], [ 33.409028721223684, 45.08659619739857 ], [ 33.411509635011306, 45.08632229311403 ], [ 33.411122970541577, 45.084564793420988 ], [ 33.413603776399619, 45.084290853221695 ], [ 33.413217075081604, 45.082533367072415 ], [ 33.415697773017932, 45.08225939096554 ], [ 33.41531103486404, 45.080501918361342 ], [ 33.417791624886547, 45.080227906354004 ], [ 33.417404849909182, 45.078470447296311 ], [ 33.419885332025714, 45.078196399395694 ], [ 33.419498520237255, 45.076438953885869 ], [ 33.421978894455727, 45.076164870099092 ], [ 33.421592045868564, 45.074407438138515 ], [ 33.424072312196813, 45.074133318472732 ], [ 33.423685426823361, 45.072375900062816 ], [ 33.426165585269274, 45.072101744525156 ], [ 33.425778663121896, 45.070344339667258 ], [ 33.428258713693353, 45.07007014826489 ], [ 33.429964701831253, 45.066281151950726 ], [ 33.434924335961433, 45.065732573172845 ], [ 33.436629781311012, 45.061943540267301 ], [ 33.441588912909658, 45.061394713048919 ], [ 33.441201662545403, 45.059637409410726 ], [ 33.445773148016698, 45.057331132124361 ], [ 33.4449985361749, 45.053816575948368 ], [ 33.447477688458477, 45.05354204535881 ], [ 33.447090363674931, 45.051784779257304 ], [ 33.449569408152662, 45.051510212872394 ], [ 33.449182046729064, 45.049752960338758 ], [ 33.451660983408821, 45.049478358165643 ], [ 33.451273585357541, 45.047721119201235 ], [ 33.453752414247184, 45.047446481247036 ], [ 33.453364979580591, 45.045689255853226 ], [ 33.455843700688007, 45.045414582125098 ], [ 33.455456229418431, 45.043657370303293 ], [ 33.457934842751499, 45.043382660808341 ], [ 33.457547334891309, 45.041625462559907 ], [ 33.460025840457881, 45.041350717305285 ], [ 33.459638296019442, 45.039593532631606 ], [ 33.462116693827411, 45.039318751624435 ], [ 33.461729112823036, 45.037561580526869 ], [ 33.464207402880291, 45.037286763774318 ], [ 33.463819785322343, 45.035529606254222 ], [ 33.468388388116956, 45.033222721600211 ], [ 33.466837839190326, 45.02619418115524 ], [ 33.469315589710803, 45.025919307452298 ], [ 33.467377843832757, 45.017133644379918 ], [ 33.469855198348618, 45.016858801951237 ], [ 33.468692761580215, 45.01158741634773 ], [ 33.471169864354721, 45.011312571714235 ], [ 33.470394940286077, 45.007798332303778 ], [ 33.472871863416977, 45.007523468731968 ], [ 33.472096937575131, 45.004009250146801 ], [ 33.474573681096629, 45.003734367646878 ], [ 33.473798753507268, 45.000220169887697 ], [ 33.476275317453535, 44.999945268469887 ], [ 33.475500388142343, 44.996431091537403 ], [ 33.477976772547585, 44.996156171211929 ], [ 33.4772018415402, 44.99264201510681 ], [ 33.479678046438593, 44.99236707588387 ], [ 33.478515700762323, 44.987095868216727 ], [ 33.48099165424437, 44.98682092685673 ], [ 33.480216791040242, 44.983306806072186 ], [ 33.477740981427061, 44.983581713934846 ], [ 33.477353675082327, 44.98182463204374 ], [ 33.479829412770307, 44.981549740928251 ], [ 33.476344607597994, 44.965736012140532 ], [ 33.478819662721527, 44.965461219362197 ], [ 33.476884543790547, 44.956675787400258 ], [ 33.479359204175566, 44.95640102598783 ], [ 33.47819834340013, 44.951129779053922 ], [ 33.480672752832788, 44.950855015539076 ], [ 33.47989887953176, 44.947340868572375 ], [ 33.482373109871347, 44.947066086226933 ], [ 33.481599234976819, 44.943551960081273 ], [ 33.484073286257392, 44.943277158915421 ], [ 33.483299409794959, 44.939763053591498 ], [ 33.485773282050573, 44.939488233615421 ], [ 33.484999404045787, 44.935974149113967 ], [ 33.487473097310513, 44.935699310337881 ], [ 33.486699217788896, 44.932185246659536 ], [ 33.489172732096783, 44.931910389093652 ], [ 33.490098303990372, 44.924607447863707 ], [ 33.494657550105636, 44.92230062310788 ], [ 33.493496668875821, 44.917029657291131 ], [ 33.491023834575209, 44.917304537672521 ], [ 33.490250234477507, 44.913790511136717 ], [ 33.492722925461692, 44.913515664244159 ], [ 33.489242835512115, 44.897702538831666 ], [ 33.491714846438406, 44.897427790381435 ], [ 33.491328275423662, 44.895670777361779 ], [ 33.488856336087444, 44.895945509074927 ], [ 33.488469872095749, 44.894188476154952 ], [ 33.485997968914425, 44.894463138929467 ], [ 33.485611611933528, 44.892706086114465 ], [ 33.483139744914915, 44.892980679955343 ], [ 33.482753494932609, 44.891223607250652 ], [ 33.480281664084501, 44.891498132162873 ], [ 33.47989552108853, 44.889741039573785 ], [ 33.477423726418749, 44.890015495562345 ], [ 33.477037690396919, 44.888258383094175 ], [ 33.471708280563533, 44.887049955978306 ], [ 33.470936671712018, 44.883535648402408 ], [ 33.465607799066248, 44.882326869354209 ], [ 33.464836688614113, 44.878812476034206 ], [ 33.462365218074744, 44.879086554080168 ], [ 33.461594392084834, 44.875572114757496 ], [ 33.45912302931567, 44.875846107223666 ], [ 33.45835248771575, 44.872331621914789 ], [ 33.455881232714034, 44.872605528815164 ], [ 33.455110975431865, 44.869090997536503 ], [ 33.452639828194805, 44.86936481888506 ], [ 33.451869855158172, 44.86585024165305 ], [ 33.449398815682983, 44.866123977463751 ], [ 33.448244335297645, 44.860852037994476 ], [ 33.445773475091677, 44.861125671608178 ], [ 33.443850403880781, 44.852338959609568 ], [ 33.441379865891513, 44.852612457719744 ], [ 33.437921200731139, 44.836796028327505 ], [ 33.435451270617136, 44.837069324367434 ], [ 33.434683208520262, 44.833554494460131 ], [ 33.437152995787727, 44.83328123172403 ], [ 33.435617008193347, 44.826251600881861 ], [ 33.433147506545751, 44.826524797022032 ], [ 33.432379866606183, 44.823009929496251 ], [ 33.429910472567634, 44.82328304023914 ], [ 33.428759490506756, 44.818010665527368 ], [ 33.426290275447485, 44.818283674250331 ], [ 33.424373031667081, 44.809496237266082 ], [ 33.421904138260537, 44.809769110735651 ], [ 33.418455953610319, 44.793951377439754 ], [ 33.41598766696729, 44.794224049235133 ], [ 33.415604782082134, 44.792466491066513 ], [ 33.418072997435772, 44.792193835887034 ], [ 33.41462796984522, 44.776375821323498 ], [ 33.417095508826385, 44.776103263613443 ], [ 33.415737109270367, 44.758255117662806 ], [ 33.4182038662534, 44.75798262200729 ], [ 33.417056564733805, 44.752709950082284 ], [ 33.419523073256428, 44.752437452255613 ], [ 33.418758238371204, 44.74892235524316 ], [ 33.421224569623192, 44.748649838650053 ], [ 33.420459732541524, 44.74513476236411 ], [ 33.422925886556492, 44.744862227014757 ], [ 33.422161047303867, 44.741347171456084 ], [ 33.424627024115381, 44.741074617360638 ], [ 33.423862182717315, 44.737559582529968 ], [ 33.426327982358963, 44.737287009698612 ], [ 33.427263915733761, 44.7299844106671 ], [ 33.431812259156054, 44.727681670043083 ], [ 33.431047339425199, 44.724166724380439 ], [ 33.433512501735358, 44.723894060092 ], [ 33.432747579989609, 44.720379135161735 ], [ 33.435212565281695, 44.720106452187132 ], [ 33.433853586840733, 44.70225923749085 ], [ 33.431389346207467, 44.702531806231434 ], [ 33.427397045976257, 44.695774310842999 ], [ 33.424933019137526, 44.696046709407611 ], [ 33.424551171268995, 44.694289181945507 ], [ 33.422087180409989, 44.694561512038469 ], [ 33.418859847336378, 44.691318659602665 ], [ 33.413931974673325, 44.691862994059612 ], [ 33.413550515228309, 44.690105390885627 ], [ 33.408622644786448, 44.690649484685672 ], [ 33.4082413620662, 44.688891845239517 ], [ 33.398004522105524, 44.688221635206418 ], [ 33.394778854989973, 44.684977903538297 ], [ 33.384542628201878, 44.684306365158115 ], [ 33.381317917858006, 44.68106214032295 ], [ 33.376390203991875, 44.681604757315583 ], [ 33.37601001614123, 44.679846897478562 ], [ 33.373546177943787, 44.680118111626783 ], [ 33.373166095793401, 44.678360232161047 ], [ 33.370702293736521, 44.67863137790431 ], [ 33.370322317274287, 44.676873478815089 ], [ 33.3678585513656, 44.67714455615836 ], [ 33.36747868057941, 44.67538663745092 ], [ 33.365014950826541, 44.675657646399173 ], [ 33.364635185704273, 44.673899708078771 ], [ 33.362171492114832, 44.674170648636988 ], [ 33.3617918326444, 44.672412690708853 ], [ 33.359328175226011, 44.672683562882035 ], [ 33.358948621395271, 44.670925585351412 ], [ 33.356485000155558, 44.671196389144505 ], [ 33.356105551952417, 44.669438392016687 ], [ 33.353641966898969, 44.669709127434679 ], [ 33.35326262431132, 44.667951110714874 ], [ 33.347956325809413, 44.666734340139008 ], [ 33.347198097709558, 44.66321822527766 ], [ 33.341892331674529, 44.662001106041501 ], [ 33.341134595176463, 44.658484906723132 ], [ 33.33867133293942, 44.658755267375319 ], [ 33.33791387682345, 44.655239022767248 ], [ 33.335450721687927, 44.655509298605068 ], [ 33.33469354588285, 44.651993008723522 ], [ 33.332230497845849, 44.652263199760846 ], [ 33.331473602280468, 44.648746864621977 ], [ 33.329010661339034, 44.649016970872708 ], [ 33.328254045942167, 44.645500590492723 ], [ 33.325791212093293, 44.645770611970711 ], [ 33.324656761031882, 44.640495968951804 ], [ 33.322194105107421, 44.640765889214549 ], [ 33.321438118991921, 44.63724941225518 ], [ 33.31897557014571, 44.637519247777931 ], [ 33.315001995856115, 44.630755909103478 ], [ 33.309699772185624, 44.629536868304861 ], [ 33.308944836305891, 44.626020216817423 ], [ 33.306482644949405, 44.626289729950727 ], [ 33.305727988740337, 44.62277303333525 ], [ 33.303265904455365, 44.623042461793048 ], [ 33.302511527845908, 44.619525720065646 ], [ 33.30004955062941, 44.619795063861787 ], [ 33.299295453548524, 44.616278277038575 ], [ 33.296833583397479, 44.61654753618695 ], [ 33.296079765774131, 44.613030704284085 ], [ 33.293618002685498, 44.613299878798564 ], [ 33.292864464448662, 44.609783001832156 ], [ 33.290402808419401, 44.610052091726615 ], [ 33.289272971700782, 44.60477670412029 ], [ 33.28681149347117, 44.60504569300636 ], [ 33.284929474593334, 44.59625323720342 ], [ 33.282468315577503, 44.596522092315951 ], [ 33.27908348543756, 44.580695331976543 ], [ 33.276622928229614, 44.580963987830465 ], [ 33.276247078564317, 44.579205427265542 ], [ 33.278707565112008, 44.578936787793488 ], [ 33.27532582832017, 44.563109752924319 ], [ 33.277785644862192, 44.562841209124528 ], [ 33.275907751174046, 44.554048387167136 ], [ 33.278367180473396, 44.553779873529834 ], [ 33.277240644486966, 44.548504192908098 ], [ 33.279699827800691, 44.548235676694979 ], [ 33.278948834325476, 44.544718573791748 ], [ 33.281407842248932, 44.544450038639425 ], [ 33.280656844992009, 44.540932956295691 ], [ 33.283115677558285, 44.540664402214325 ], [ 33.282364676545335, 44.537147340430877 ], [ 33.284823333787479, 44.536878767430665 ], [ 33.284072329044172, 44.533361726208291 ], [ 33.286530810995259, 44.533093134299378 ], [ 33.287487097113249, 44.525790502733578 ], [ 33.292027730248066, 44.523494719839107 ], [ 33.291276642218463, 44.519977766969347 ], [ 33.293734493755892, 44.519709083143887 ], [ 33.293358930785963, 44.517950618517212 ], [ 33.295816677592157, 44.517681899447346 ], [ 33.295441078522842, 44.515923448155441 ], [ 33.297898720605311, 44.515654693848177 ], [ 33.297523085448645, 44.513896255892433 ], [ 33.299980622814871, 44.513627466354791 ], [ 33.299604951582864, 44.511869041736595 ], [ 33.302062384240351, 44.511600216975609 ], [ 33.301686676945025, 44.509841805696354 ], [ 33.304144004901246, 44.509572945719036 ], [ 33.303768261554623, 44.507814547780114 ], [ 33.306225484817091, 44.5075456525935 ], [ 33.305849705431143, 44.505787267996297 ], [ 33.308306824007353, 44.505518337607391 ], [ 33.307931008594139, 44.503759966353329 ], [ 33.31038802249158, 44.503491000769131 ], [ 33.312093192857468, 44.499705297523498 ], [ 33.317006767644855, 44.499167174035058 ], [ 33.318711409757896, 44.495381435062747 ], [ 33.323624497240857, 44.494843067761217 ], [ 33.323248361276192, 44.49308479606843 ], [ 33.328161170763579, 44.492546255335157 ], [ 33.32778492858094, 44.490788013416832 ], [ 33.332697460066747, 44.490249299289673 ], [ 33.332321111701368, 44.488491087154287 ], [ 33.337233365179657, 44.487952199671184 ], [ 33.336856910666754, 44.486194017327179 ], [ 33.341768886131526, 44.485654956525984 ], [ 33.341392325506334, 44.483896803981814 ], [ 33.348759820084787, 44.483087875560251 ], [ 33.348383083158041, 44.481329769266409 ], [ 33.360661201622264, 44.479980606904824 ], [ 33.360284148056763, 44.47822257979189 ], [ 33.367650395480034, 44.477412513535782 ], [ 33.367273165779352, 44.475654532732122 ], [ 33.369728442533564, 44.475384424094152 ], [ 33.368973946101924, 44.471868486189166 ], [ 33.371429048080564, 44.471598358984842 ], [ 33.370674549085351, 44.468082441706223 ], [ 33.375207030994126, 44.465784168381823 ], [ 33.374452458073357, 44.462268298514729 ], [ 33.376907106038828, 44.461998099200684 ], [ 33.376529801117385, 44.460240176121196 ], [ 33.378984344529478, 44.459969941806804 ], [ 33.378607003939408, 44.458212032121935 ], [ 33.381061442805645, 44.457941762814215 ], [ 33.380684066558871, 44.456183866525372 ], [ 33.383138400886757, 44.455913562231309 ], [ 33.382760988995251, 44.454155679339841 ], [ 33.38521521879229, 44.453885340066435 ], [ 33.384837771267982, 44.452127470573743 ], [ 33.38729189654169, 44.451857096327991 ], [ 33.386914413396511, 44.450099240235438 ], [ 33.389368434154385, 44.449828831024355 ], [ 33.388990915400278, 44.448070988333349 ], [ 33.391444831649828, 44.447800544163925 ], [ 33.391067277298724, 44.446042714875816 ], [ 33.393521089047468, 44.445772235755065 ], [ 33.395219580857436, 44.441986103327963 ], [ 33.400126751933307, 44.441444953898156 ], [ 33.401824718048694, 44.4376587868028 ], [ 33.406731402280371, 44.43711739484754 ], [ 33.406353530136087, 44.435359665594909 ], [ 33.411259936476654, 44.43481810100775 ], [ 33.410881958848115, 44.43306040167699 ], [ 33.415788087291872, 44.432518664495817 ], [ 33.415410004214181, 44.430760995095291 ], [ 33.42031585475543, 44.430219085357933 ], [ 33.419937666263678, 44.428461445896076 ], [ 33.424843238896727, 44.42791936364037 ], [ 33.42446494502601, 44.426161754125594 ], [ 33.43182283532699, 44.425348294955946 ], [ 33.431444366191769, 44.423590731926261 ], [ 33.443706476538189, 44.422234021878246 ], [ 33.443327692408722, 44.420476538439203 ], [ 33.465396684835291, 44.418031373784679 ], [ 33.46501730641446, 44.41627403626115 ], [ 33.467469173900113, 44.416002111143449 ], [ 33.46784862217325, 44.417759432094613 ], [ 33.489914500136734, 44.415309646896425 ], [ 33.490294611572622, 44.417066815442183 ], [ 33.50255256885093, 44.415703944312853 ], [ 33.502933064046871, 44.41746102668823 ], [ 33.510287631532819, 44.41664263836843 ], [ 33.510668370856884, 44.418399667749675 ], [ 33.515571381875198, 44.41785378572083 ], [ 33.515952295532159, 44.419610778710819 ], [ 33.533112228244882, 44.417698458959151 ], [ 33.532730826063045, 44.415941582481445 ], [ 33.535182036185276, 44.415668205392898 ], [ 33.535563508141244, 44.417425065214097 ], [ 33.557623461242905, 44.414962213417638 ], [ 33.558005595832618, 44.41671892004932 ], [ 33.57026025499669, 44.415348790755104 ], [ 33.570642773129727, 44.417105410768762 ], [ 33.573093670104946, 44.416831214385553 ], [ 33.572711082242741, 44.415074611074857 ], [ 33.575161874612725, 44.414800380125492 ], [ 33.574779251907124, 44.413043790366252 ], [ 33.57722993967942, 44.41276952485773 ], [ 33.576847282142246, 44.411012948651297 ], [ 33.579297865324484, 44.410738648590566 ], [ 33.580982924402505, 44.406951202235554 ], [ 33.585883637561672, 44.406402412700032 ], [ 33.584735247322527, 44.401132846755168 ], [ 33.58718534255906, 44.400858425272411 ], [ 33.586419784192977, 44.397345398954151 ], [ 33.58886970524145, 44.397070959674089 ], [ 33.588104147135255, 44.393557954159142 ], [ 33.590553894028545, 44.393283497091794 ], [ 33.589788336206752, 44.389770512380892 ], [ 33.592237908977772, 44.389496037536233 ], [ 33.591472351464915, 44.385983073630115 ], [ 33.593921750146521, 44.385708581018157 ], [ 33.594839860770691, 44.378408205253848 ], [ 33.597288911372083, 44.378133677137271 ], [ 33.596906115713999, 44.376377227973428 ], [ 33.599355061876601, 44.376102665395351 ], [ 33.59858943608981, 44.372589791036063 ], [ 33.601038208278865, 44.372315210729639 ], [ 33.600655378164063, 44.37055878553489 ], [ 33.603104045939148, 44.370284170782938 ], [ 33.602721181175127, 44.368527759154638 ], [ 33.605169744543822, 44.368253109964051 ], [ 33.604786845142385, 44.366496711903558 ], [ 33.607235304112265, 44.366222028281364 ], [ 33.606852370085207, 44.364465643789998 ], [ 33.611366006217928, 44.362159802357723 ], [ 33.610600034620084, 44.358647084495651 ], [ 33.615113079999304, 44.356341162877136 ], [ 33.614347039848937, 44.352828492978837 ], [ 33.616794838026301, 44.352553670784339 ], [ 33.616411800832864, 44.350797347827267 ], [ 33.618859494676208, 44.350522491246906 ], [ 33.618476422932048, 44.348766181865713 ], [ 33.620924012448945, 44.348491290906459 ], [ 33.620540906165822, 44.346734995102537 ], [ 33.622988391363862, 44.346460069771339 ], [ 33.622605250553562, 44.344703787545988 ], [ 33.625052631440305, 44.344428827849811 ], [ 33.624669456114582, 44.342672559204388 ], [ 33.627116732697601, 44.342397565150193 ], [ 33.62673352286825, 44.340641310086042 ], [ 33.629180695155107, 44.340366281680787 ], [ 33.628797450833865, 44.338610040199242 ], [ 33.631244518832155, 44.338334977449883 ], [ 33.630861240030782, 44.336578749552295 ], [ 33.633308203748051, 44.33630365246578 ], [ 33.634988402195845, 44.332516106011127 ], [ 33.639881877640221, 44.331965723452925 ], [ 33.639498426122316, 44.330209553077331 ], [ 33.641945042128341, 44.329934301947731 ], [ 33.641561556186993, 44.328178145163413 ], [ 33.646454544771814, 44.32762752322909 ], [ 33.648133703612523, 44.323839913186937 ], [ 33.653026205369926, 44.323289051975884 ], [ 33.652642477623942, 44.321532969522437 ], [ 33.657534701041563, 44.320981937662289 ], [ 33.657150869651367, 44.31922588559037 ], [ 33.662042814724295, 44.318674683118921 ], [ 33.661658879724733, 44.316918661436766 ], [ 33.66655054644805, 44.316367288391795 ], [ 33.666166507873953, 44.31461129710766 ], [ 33.671057896242786, 44.314059753527005 ], [ 33.67067375412897, 44.312303792649132 ], [ 33.678010366680262, 44.311476145003901 ], [ 33.677626051832036, 44.309720231344151 ], [ 33.689852693586602, 44.308339882380253 ], [ 33.689468067656279, 44.306584049591443 ], [ 33.711473194108585, 44.304096359956638 ], [ 33.711087980564216, 44.302340675457138 ], [ 33.715977484864354, 44.301787328385799 ], [ 33.716362836726717, 44.303542979190603 ], [ 33.738364491906523, 44.301050242597988 ], [ 33.738750501133616, 44.302805738420652 ], [ 33.748528378109036, 44.301696462930302 ], [ 33.74814209240504, 44.299941034642252 ], [ 33.750586404681194, 44.299663605270631 ], [ 33.750972759494914, 44.301419016667644 ], [ 33.755861416796186, 44.30086397128845 ], [ 33.755474923774464, 44.299108593682291 ], [ 33.757919130579879, 44.298831011469638 ], [ 33.758305692699899, 44.30058637217595 ], [ 33.780302592374042, 44.298085687841358 ], [ 33.780689811432225, 44.299840893089531 ], [ 33.792909423942007, 44.298449756771888 ], [ 33.793297023550096, 44.300204874107131 ], [ 33.808347858408936, 44.300288740831483 ], [ 33.808735942873788, 44.302043749969812 ], [ 33.813623531940188, 44.301486226241799 ], [ 33.814011789800347, 44.303241198205093 ], [ 33.81889937567805, 44.302683436877437 ], [ 33.819287806945383, 44.304438371649709 ], [ 33.824175389568815, 44.303880372713238 ], [ 33.824563994255172, 44.305635270278479 ], [ 33.829451573558757, 44.305077033724054 ], [ 33.829840351675955, 44.306831894066285 ], [ 33.840004451621056, 44.307469531170014 ], [ 33.843226608260402, 44.310699633328539 ], [ 33.848114244459985, 44.310140548026752 ], [ 33.851336988780794, 44.313370348337529 ], [ 33.856224688562591, 44.312810889510246 ], [ 33.859448020591245, 44.316040387873478 ], [ 33.866779612211225, 44.315200562921063 ], [ 33.867169640150131, 44.316955158990353 ], [ 33.872057328583104, 44.316394987075995 ], [ 33.871667162593653, 44.314640425093359 ], [ 33.876554571030312, 44.31408008366386 ], [ 33.876944875054946, 44.315834611548077 ], [ 33.879388595040879, 44.315554347434158 ], [ 33.878998222004441, 44.313799836603543 ], [ 33.883885417435124, 44.313239189802019 ], [ 33.8834949419021, 44.311484709816305 ], [ 33.888381857285488, 44.310923893579648 ], [ 33.887991279290723, 44.309169444447001 ], [ 33.895321178994749, 44.308327889680861 ], [ 33.894930429605594, 44.306573488480588 ], [ 33.907145873515958, 44.305169965148409 ], [ 33.906754814909398, 44.303415646068217 ], [ 33.928739752733136, 44.300886253897552 ], [ 33.928348109428732, 44.299132085424866 ], [ 33.933233121807014, 44.298569473217064 ], [ 33.933624902903766, 44.300323607460406 ], [ 33.955606314699196, 44.29778918237335 ], [ 33.955998751345305, 44.299543159140278 ], [ 33.968209742719502, 44.29813328075015 ], [ 33.968602559341882, 44.299887168451178 ], [ 33.97592893225687, 44.299040580189661 ], [ 33.97632199114031, 44.300794413087942 ], [ 33.98120619879743, 44.300229732531449 ], [ 33.981599431105508, 44.301983527773068 ], [ 33.98648363346301, 44.301418609635377 ], [ 33.986877039207315, 44.303172367204326 ], [ 33.991761236199494, 44.30260721147652 ], [ 33.992154815391636, 44.304360931356854 ], [ 33.997039006952761, 44.303795538030009 ], [ 33.997432759604308, 44.305549220205705 ], [ 34.007595052292956, 44.306171365174407 ], [ 34.010825461517008, 44.309395530386951 ], [ 34.020593799864379, 44.308262842767292 ], [ 34.02098831529586, 44.310016356738103 ], [ 34.028314399023273, 44.309166255973501 ], [ 34.028709156790796, 44.31091971491665 ], [ 34.03359317085193, 44.310352692631106 ], [ 34.033988102144264, 44.312106113760024 ], [ 34.038872110252157, 44.311538853818135 ], [ 34.039267215080812, 44.313292237116833 ], [ 34.044151217169649, 44.312724739509783 ], [ 34.044546495546136, 44.314478084962268 ], [ 34.049430491550147, 44.313910349681201 ], [ 34.04982594348597, 44.315663657271507 ], [ 34.059989542482818, 44.316280743364196 ], [ 34.060385341571795, 44.318033975182132 ], [ 34.062827348239956, 44.31774977639671 ], [ 34.06322325211579, 44.319502987588599 ], [ 34.068107295110913, 44.318934403093266 ], [ 34.068503372594009, 44.32068757636582 ], [ 34.070945408903505, 44.320403190650303 ], [ 34.071341591198511, 44.32215634328243 ], [ 34.073783660307882, 44.321871889487262 ], [ 34.077018441281382, 44.325093610929621 ], [ 34.081902674616948, 44.324524380204906 ], [ 34.085138042119006, 44.327745797434154 ], [ 34.090022334409156, 44.327176192746592 ], [ 34.090419178565973, 44.328929207465961 ], [ 34.10058476096863, 44.329542261448843 ], [ 34.103821403117102, 44.332762984502025 ], [ 34.108705740633305, 44.332192530196487 ], [ 34.109103210836359, 44.333945410148722 ], [ 34.113987541465086, 44.333374718022874 ], [ 34.114385185411393, 44.335127559913978 ], [ 34.126595723430299, 44.333699854185646 ], [ 34.126993747520196, 44.33545260591567 ], [ 34.134319842675602, 44.334595321072598 ], [ 34.134718109311876, 44.336348017315004 ], [ 34.139602129356724, 44.335776205476378 ], [ 34.140000569762229, 44.337528863582293 ], [ 34.144884582531944, 44.336956813898503 ], [ 34.145283196718047, 44.338709433851925 ], [ 34.150167202146648, 44.338137146314288 ], [ 34.150565990124711, 44.339889728099216 ], [ 34.160732940475874, 44.340496983028189 ], [ 34.16397332636425, 44.343715497833202 ], [ 34.168857374352648, 44.343142360322261 ], [ 34.169256788839995, 44.34489480669496 ], [ 34.171698827166459, 44.344608144371726 ], [ 34.17209834673065, 44.346360569928457 ], [ 34.174540417526181, 44.346073839415418 ], [ 34.174940042178768, 44.347826244150909 ], [ 34.17738214543553, 44.347539445443303 ], [ 34.17778187518806, 44.349291829352303 ], [ 34.180224010898179, 44.34900496244537 ], [ 34.180623845762206, 44.350757325522636 ], [ 34.183066013917852, 44.350470390411672 ], [ 34.183465953904914, 44.352222732651903 ], [ 34.185908154498215, 44.351935729332133 ], [ 34.189150582910784, 44.355153279747221 ], [ 34.194035077428055, 44.354578949474153 ], [ 34.194435401640362, 44.356331211718619 ], [ 34.196877663116993, 44.356043952973309 ], [ 34.19727809250039, 44.357796194355807 ], [ 34.1997203863735, 44.357508867381895 ], [ 34.200120920939526, 44.359261087897139 ], [ 34.202563247201255, 44.358973692689908 ], [ 34.202963886961456, 44.360725892332638 ], [ 34.205406245603918, 44.360438428887328 ], [ 34.205806990569855, 44.362190607652281 ], [ 34.208249381585169, 44.361903075964157 ], [ 34.208650231768395, 44.363655233846067 ], [ 34.211092655148711, 44.363367633910393 ], [ 34.211493610560744, 44.365119770903974 ], [ 34.21393606629816, 44.364832102716029 ], [ 34.214337126950554, 44.366584218816016 ], [ 34.216779615037197, 44.366296482371048 ], [ 34.217180780941518, 44.368048577572182 ], [ 34.219623301369495, 44.367760772865452 ], [ 34.220024572537291, 44.369512847162461 ], [ 34.222467125298714, 44.369224974189223 ], [ 34.22286850174153, 44.370977027576863 ], [ 34.228155185962528, 44.372153109284888 ], [ 34.228958396516475, 44.375657128969841 ], [ 34.234245594716164, 44.376832857275353 ], [ 34.235049299592141, 44.380336786398232 ], [ 34.237492151536756, 44.380048536996568 ], [ 34.238296140175649, 44.383552417392522 ], [ 34.240739093237643, 44.38326408217025 ], [ 34.241543365709347, 44.386767913822609 ], [ 34.243986419890213, 44.386479492766121 ], [ 34.24479097626466, 44.389983275658217 ], [ 34.247234131565911, 44.389694768753934 ], [ 34.248038971913033, 44.393198502869119 ], [ 34.250482228336168, 44.392909910103448 ], [ 34.251287352725925, 44.396413595425038 ], [ 34.253730710272443, 44.396124916784387 ], [ 34.254938877936745, 44.401380366399501 ], [ 34.257382405479518, 44.401091584326764 ], [ 34.259397094999159, 44.409850510579815 ], [ 34.26184093034751, 44.409561589948567 ], [ 34.26305039040799, 44.414816851788821 ], [ 34.265494395824213, 44.414527827664678 ], [ 34.265897691399395, 44.416279557173702 ], [ 34.270785730060503, 44.415701321311026 ], [ 34.274036809026391, 44.418915470434442 ], [ 34.278924903232905, 44.418336859311907 ], [ 34.279328653420983, 44.420088490645099 ], [ 34.281772714382605, 44.41979909126109 ], [ 34.282176570191758, 44.421550701566971 ], [ 34.284620663352072, 44.421261233770785 ], [ 34.28502462479387, 44.423012823044083 ], [ 34.287468750144924, 44.422723286830966 ], [ 34.287872817230912, 44.424474855066357 ], [ 34.29031697476475, 44.424185250431627 ], [ 34.290721147506488, 44.425936797623841 ], [ 34.293165337215164, 44.425647124562737 ], [ 34.293569615624207, 44.427398650706515 ], [ 34.296013837499771, 44.427108909214311 ], [ 34.296418221587665, 44.428860414304324 ], [ 34.298862475622144, 44.428570604376304 ], [ 34.299266965400477, 44.430322088407252 ], [ 34.301711251585921, 44.430032210038682 ], [ 34.302115847066226, 44.431783673005299 ], [ 34.304560165394648, 44.431493726191434 ], [ 34.304964866588499, 44.433245168088455 ], [ 34.307409217051955, 44.432955152824576 ], [ 34.307814023970884, 44.434706573646658 ], [ 34.310258406561395, 44.434416489928047 ], [ 34.310663319216985, 44.436167889669917 ], [ 34.313107733926586, 44.435877737491843 ], [ 34.313512752330382, 44.437629116148216 ], [ 34.315957199151086, 44.437338895505967 ], [ 34.31636232331465, 44.439090253071541 ], [ 34.32165654319239, 44.440260942845008 ], [ 34.322467251480631, 44.443763570113425 ], [ 34.324911863528527, 44.443473126411334 ], [ 34.325317341903215, 44.445224417203605 ], [ 34.327761986032094, 44.444933905014508 ], [ 34.32816757022254, 44.446685174693407 ], [ 34.330612246424423, 44.44639459401256 ], [ 34.33101793644218, 44.448145842572835 ], [ 34.333462644709087, 44.447855193395519 ], [ 34.333868440565709, 44.449606420831842 ], [ 34.336313180889611, 44.449315703153339 ], [ 34.33671908259668, 44.45106690946043 ], [ 34.33916385496962, 44.450776123276007 ], [ 34.339569862538674, 44.452527308448566 ], [ 34.342014666952643, 44.452236453753493 ], [ 34.34242078039523, 44.453987617786218 ], [ 34.344865616842256, 44.45369669457579 ], [ 34.345271836169935, 44.45544783746336 ], [ 34.347716704641982, 44.455156845732866 ], [ 34.348123029866329, 44.456907967470016 ], [ 34.350567930355425, 44.456616907214695 ], [ 34.350974361487978, 44.458368007796103 ], [ 34.356270795537554, 44.45953676111256 ], [ 34.357084118478859, 44.463038874135997 ], [ 34.362381067297967, 44.464207272094583 ], [ 34.363194888044703, 44.467709293443093 ], [ 34.365640086449396, 44.467417855102106 ], [ 34.366454193176274, 44.470919827103479 ], [ 34.368899492539178, 44.470628302500614 ], [ 34.369713885316493, 44.474130225138097 ], [ 34.372159285638922, 44.473838614259726 ], [ 34.372973964536968, 44.477340487516457 ], [ 34.375419465820208, 44.477048790349031 ], [ 34.376234430909307, 44.480550614208205 ], [ 34.378680033154616, 44.480258830738059 ], [ 34.379902965784332, 44.48551148716038 ], [ 34.382348738014691, 44.485219599652197 ], [ 34.383164349861829, 44.488721317669274 ], [ 34.385610223064376, 44.488429343826247 ], [ 34.388872095517229, 44.491638952200255 ], [ 34.399063971044654, 44.492220942896296 ], [ 34.402326778041363, 44.495430045193039 ], [ 34.407218657912843, 44.49484515680237 ], [ 34.407627326400217, 44.496595833363465 ], [ 34.410073279625564, 44.49630329508247 ], [ 34.410482054311032, 44.498053950373397 ], [ 34.412928039395375, 44.497761343444949 ], [ 34.413336920290512, 44.499511977460372 ], [ 34.415782937225778, 44.499219301879741 ], [ 34.416191924342172, 44.500969914614387 ], [ 34.418637973120276, 44.500677170376882 ], [ 34.419047066469474, 44.502427761825388 ], [ 34.421493147082373, 44.502134948926305 ], [ 34.421902346675914, 44.503885519083354 ], [ 34.424348459115571, 44.503592637517961 ], [ 34.424757764965022, 44.505343186378241 ], [ 34.427203909223316, 44.505050236141841 ], [ 34.427613321340253, 44.506800763700063 ], [ 34.43005949740914, 44.506507744787918 ], [ 34.430469015805102, 44.508258251038754 ], [ 34.432915223676517, 44.50796516344618 ], [ 34.433324848363064, 44.509715648384287 ], [ 34.438627090469836, 44.510879730759051 ], [ 34.439446802347234, 44.514380611827114 ], [ 34.444749559595571, 44.515544337634225 ], [ 34.445569771405324, 44.519045126317565 ], [ 34.448016276286168, 44.518751659628691 ], [ 34.452104167711482, 44.525459534527158 ], [ 34.454550874247303, 44.525165894757102 ], [ 34.454961392602762, 44.526916216225935 ], [ 34.457408130883358, 44.526622507722031 ], [ 34.458229417786725, 44.530123104402875 ], [ 34.463533896293235, 44.531285720713853 ], [ 34.464355683713912, 44.534786224840438 ], [ 34.466802655365292, 44.534492274427741 ], [ 34.467624730496176, 44.537992728716894 ], [ 34.470071802966281, 44.537698691698658 ], [ 34.470894165877958, 44.541199096133404 ], [ 34.473341339167952, 44.54090497249603 ], [ 34.474163989931021, 44.544405327059437 ], [ 34.476611264041978, 44.544111116789303 ], [ 34.477434202727025, 44.547611421464403 ], [ 34.47988157766008, 44.547317124547888 ], [ 34.481116473842079, 44.552567501381823 ], [ 34.483564018737042, 44.552273099939413 ], [ 34.485623273856334, 44.561023567691961 ], [ 34.48807112705645, 44.560729025952178 ], [ 34.491368437685203, 44.574729446679648 ], [ 34.493816806888745, 44.574434710937474 ], [ 34.497117072238012, 44.588434761059325 ], [ 34.499565957744544, 44.588139831204195 ], [ 34.500804384523931, 44.593389737600681 ], [ 34.503253440239455, 44.593094703049061 ], [ 34.504079384475389, 44.596594587036812 ], [ 34.506528541147112, 44.596299465672459 ], [ 34.507767947231834, 44.601549211207661 ], [ 34.510217274142995, 44.601253985103583 ], [ 34.51680174804828, 44.618457269620393 ], [ 34.519251692796935, 44.618161762251127 ], [ 34.520079320120757, 44.621661395884779 ], [ 34.522529365882335, 44.62136580161328 ], [ 34.523357282576107, 44.624865385087098 ], [ 34.525807429351659, 44.624569703899709 ], [ 34.526635635486336, 44.628069237196669 ], [ 34.529085883276856, 44.627773469079749 ], [ 34.530328683310259, 44.633022688368605 ], [ 34.532779101484557, 44.632726815358005 ], [ 34.534851536143755, 44.641475352847699 ], [ 34.537302263503257, 44.641179339002555 ], [ 34.538131640326533, 44.644678693017347 ], [ 34.540582468734058, 44.644382592181728 ], [ 34.540997283181852, 44.646132245851305 ], [ 34.543448143230677, 44.645836075980199 ], [ 34.543863064850882, 44.647585708097516 ], [ 34.546313956532806, 44.647289469186191 ], [ 34.54672898533704, 44.649039079745883 ], [ 34.549179908643836, 44.648742771789642 ], [ 34.549595044643702, 44.650492360786359 ], [ 34.552045999567149, 44.650195983780513 ], [ 34.552461242774257, 44.651945551208875 ], [ 34.554912229306154, 44.651649105148699 ], [ 34.555327579732115, 44.653398651003357 ], [ 34.557778597864228, 44.653102135884161 ], [ 34.561060670143242, 44.656304578667971 ], [ 34.565962794919095, 44.655711221091323 ], [ 34.566378536486702, 44.657460684193474 ], [ 34.57128064869827, 44.656867086322663 ], [ 34.57169656694586, 44.658616509819588 ], [ 34.576598666525378, 44.658022671646599 ], [ 34.577014761463843, 44.659772055522112 ], [ 34.587235194095904, 44.660333002475383 ], [ 34.590519247719087, 44.663534335976735 ], [ 34.595421371955517, 44.662939638647643 ], [ 34.595838104364987, 44.664688881916014 ], [ 34.59828917898556, 44.664391438611965 ], [ 34.59870601874001, 44.666140660229203 ], [ 34.601157124818911, 44.665843147814684 ], [ 34.601574071929946, 44.667592347775418 ], [ 34.604025209458925, 44.667294766245753 ], [ 34.604442263938125, 44.669043944544612 ], [ 34.60689343290894, 44.668746293895097 ], [ 34.607310594767924, 44.670495450526708 ], [ 34.60976179517229, 44.670197730752655 ], [ 34.610179064422645, 44.671946865711639 ], [ 34.61263029625232, 44.671649076808357 ], [ 34.613047672905651, 44.673398190089358 ], [ 34.615498936152363, 44.673100332052137 ], [ 34.615916420220273, 44.674849423649775 ], [ 34.61836771487576, 44.674551496473939 ], [ 34.618785306369837, 44.676300566382835 ], [ 34.624105688805912, 44.677453552811315 ], [ 34.624941339605961, 44.680951602218059 ], [ 34.627392797861489, 44.680653449517159 ], [ 34.627810749751234, 44.682402450702327 ], [ 34.630262239384102, 44.682104228840089 ], [ 34.630680298756346, 44.683853208313593 ], [ 34.63313181975829, 44.683554917285321 ], [ 34.636419813359382, 44.686754450876805 ], [ 34.64132294270258, 44.686157541048786 ], [ 34.641741394023455, 44.687906437254142 ], [ 34.646644509844783, 44.68730928690745 ], [ 34.64993344412477, 44.690508307983428 ], [ 34.654836608961887, 44.689910778727622 ], [ 34.655255521769817, 44.691659573471149 ], [ 34.657707116413519, 44.691360714108384 ], [ 34.658126136790067, 44.693109487090702 ], [ 34.660577762715022, 44.692810558526922 ], [ 34.660996890671768, 44.694559309742615 ], [ 34.663448547869656, 44.694260311973153 ], [ 34.663867783418212, 44.696009041416872 ], [ 34.666319471880726, 44.695709974437001 ], [ 34.666738815032673, 44.697458682103374 ], [ 34.669190534751536, 44.69715954590842 ], [ 34.669609985518456, 44.698908231792025 ], [ 34.672061736485347, 44.698609026377326 ], [ 34.67248129487885, 44.700357690472799 ], [ 34.674933077085448, 44.700058415833659 ], [ 34.675352743117116, 44.701807058135607 ], [ 34.677804556555138, 44.701507714267343 ], [ 34.681096056240442, 44.704705520367042 ], [ 34.693355053221381, 44.703207597865678 ], [ 34.693775319974215, 44.704956102092865 ], [ 34.701130467381496, 44.704056681168034 ], [ 34.701550980672231, 44.705805127207988 ], [ 34.706454359723097, 44.705205221538399 ], [ 34.706875050138542, 44.70695362754762 ], [ 34.711778414836466, 44.706353481223822 ], [ 34.712199282387282, 44.7081018471861 ], [ 34.717102632664201, 44.707501460200241 ], [ 34.717523677361044, 44.709249786099356 ], [ 34.727751556233031, 44.70979657593 ], [ 34.731046134533052, 44.712992516509296 ], [ 34.735949503205653, 44.712391268922339 ], [ 34.736371187189555, 44.714139452634242 ], [ 34.738822883357422, 44.713838734019845 ], [ 34.739244675137989, 44.715586895825979 ], [ 34.741696402317807, 44.715286107917805 ], [ 34.742118301906586, 44.717034247812776 ], [ 34.744570060089998, 44.716733390606151 ], [ 34.744992067498593, 44.718481508584581 ], [ 34.747443856677215, 44.718180582074851 ], [ 34.747865971917186, 44.719928678131289 ], [ 34.750317792082697, 44.719627682313792 ], [ 34.750740015165626, 44.721375756442882 ], [ 34.753191866309635, 44.721074691312921 ], [ 34.753614197247082, 44.722822743509255 ], [ 34.756066079361247, 44.722521609062184 ], [ 34.756488518164787, 44.724269639320383 ], [ 34.758940431240738, 44.723968435551505 ], [ 34.759362977921931, 44.725716443866141 ], [ 34.761814921951306, 44.725415170770844 ], [ 34.762237576521748, 44.72716315713653 ], [ 34.764689551496154, 44.726861814710098 ], [ 34.765112313967414, 44.728609779121427 ], [ 34.767564319878502, 44.728308367359233 ], [ 34.767987190262126, 44.730056309810792 ], [ 34.770439227101519, 44.729754828708153 ], [ 34.770862205409109, 44.731502749194554 ], [ 34.776189458082371, 44.73264747746515 ], [ 34.777035884989729, 44.736143226847773 ], [ 34.784392366390335, 44.735237951316883 ], [ 34.783968925390631, 44.733490133335565 ], [ 34.78887291475742, 44.732886397547944 ], [ 34.789296494591198, 44.734634178940418 ], [ 34.811363162103923, 44.731914675734124 ], [ 34.81178740509543, 44.733662288620735 ], [ 34.824045660523034, 44.732149575130116 ], [ 34.82447028901143, 44.733897092639879 ], [ 34.831824986650105, 44.732988797039084 ], [ 34.83224986188312, 44.734736255793912 ], [ 34.83715293902754, 44.73413043351318 ], [ 34.837577991652132, 44.735877851838367 ], [ 34.84248105277063, 44.735271788707685 ], [ 34.842906282797266, 44.737019166587025 ], [ 34.847809327821551, 44.736412862598797 ], [ 34.848234735260696, 44.73816020001604 ], [ 34.858466361615505, 44.738694166375517 ], [ 34.858892123911033, 44.740441422819821 ], [ 34.861343641454638, 44.740137935030262 ], [ 34.861769511849026, 44.741885169353345 ], [ 34.866672569349902, 44.741278003912711 ], [ 34.867098617201215, 44.743025197715589 ], [ 34.884258582166815, 44.740898382645341 ], [ 34.883832049007829, 44.739151317678512 ], [ 34.888734408264064, 44.738543233915792 ], [ 34.889161080044403, 44.740290262046237 ], [ 34.911220397876811, 44.737551194683213 ], [ 34.911647732123399, 44.739298053148836 ], [ 34.923901894514032, 44.737774472078307 ], [ 34.924329613990913, 44.739521234503208 ], [ 34.931681852282978, 44.738606418675211 ], [ 34.932109818450925, 44.740353121928784 ], [ 34.937011254482314, 44.739742952871083 ], [ 34.937439398094924, 44.741489615402287 ], [ 34.942340816818657, 44.740879205478336 ], [ 34.942769137886245, 44.742625827270935 ], [ 34.947670539233947, 44.742015176473274 ], [ 34.948099037766802, 44.743761757511045 ], [ 34.958330464068879, 44.744286273531586 ], [ 34.958759317563171, 44.746032773010953 ], [ 34.96121001147889, 44.745727111763941 ], [ 34.961638973231636, 44.747473588952943 ], [ 34.966540382461446, 44.746862076523961 ], [ 34.969849484563824, 44.750049075783643 ], [ 34.989454354488423, 44.747600283338542 ], [ 34.989884194904079, 44.749346545342227 ], [ 35.002136314098365, 44.747814301236623 ], [ 35.00256653964373, 44.749560466670445 ], [ 35.009917549196729, 44.748640453148461 ], [ 35.010348021460089, 44.750386559078969 ], [ 35.015248637108492, 44.749772924871216 ], [ 35.015679286907364, 44.751518989845884 ], [ 35.020579884243524, 44.750905114716041 ], [ 35.021010711588076, 44.752651138718612 ], [ 35.025911290543505, 44.752037022659358 ], [ 35.026342295443939, 44.753783005673625 ], [ 35.043493570841399, 44.751631864867285 ], [ 35.043925099137972, 44.753377713843697 ], [ 35.056175178644793, 44.751839563837642 ], [ 35.056607091942112, 44.753585315883853 ], [ 35.063956875765221, 44.752661758978007 ], [ 35.06438903576133, 44.754407451294718 ], [ 35.06928883341628, 44.753791454846088 ], [ 35.069721170983662, 44.755537106047839 ], [ 35.074620949632106, 44.75492086866241 ], [ 35.075053464780858, 44.756666478732996 ], [ 35.079953224354263, 44.756050000403533 ], [ 35.080385917094475, 44.757795569326689 ], [ 35.090618249083633, 44.7583074175663 ], [ 35.093934324156322, 44.761489793057557 ], [ 35.098834085544304, 44.760872452686797 ], [ 35.099267419636078, 44.762617875543363 ], [ 35.101717310343382, 44.762309110317815 ], [ 35.10215075296329, 44.764054510642097 ], [ 35.104600673374016, 44.763745675824069 ], [ 35.105034224533512, 44.765491053610646 ], [ 35.107484174639112, 44.765182149195546 ], [ 35.110801582414545, 44.768363863117045 ], [ 35.127950819986239, 44.766199488821023 ], [ 35.12838511150246, 44.767944686686228 ], [ 35.140633727841795, 44.766397084602289 ], [ 35.141068404318091, 44.768142184960375 ], [ 35.148417307153053, 44.76721295686724 ], [ 35.148852230400621, 44.768957997133647 ], [ 35.153751439400921, 44.768338219838029 ], [ 35.154186540348931, 44.770083218734648 ], [ 35.159085729256468, 44.769463200415061 ], [ 35.159521007914904, 44.771208157925678 ], [ 35.164420176661004, 44.770587898575023 ], [ 35.164855633039814, 44.772332814683359 ], [ 35.169754781555795, 44.771712314294582 ], [ 35.170190415664948, 44.773457188984388 ], [ 35.180424463581282, 44.77396029831921 ], [ 35.183746115012866, 44.777139272915157 ], [ 35.188645261239486, 44.776517910042713 ], [ 35.189081537314557, 44.778262637695612 ], [ 35.191531119992732, 44.77795186115565 ], [ 35.191967504794498, 44.779696566119291 ], [ 35.194417116856989, 44.779385719906436 ], [ 35.194853610396862, 44.781130402175357 ], [ 35.197303251835052, 44.780819486285033 ], [ 35.197739854124443, 44.782564145853776 ], [ 35.200189524929719, 44.782253160281421 ], [ 35.200626235980053, 44.783997797144551 ], [ 35.203075936143783, 44.783686741885582 ], [ 35.203512755966486, 44.785431356037648 ], [ 35.205962485480036, 44.785120231087511 ], [ 35.20639941408654, 44.786864822523022 ], [ 35.208849172941285, 44.786553627877147 ], [ 35.209286210342988, 44.788298196590674 ], [ 35.211735998530308, 44.787986932244522 ], [ 35.212173144738621, 44.789731478230578 ], [ 35.217510064102797, 44.79085326367224 ], [ 35.218384831580835, 44.794342260798473 ], [ 35.223722263768749, 44.79546368031221 ], [ 35.224597546230456, 44.79895257863609 ], [ 35.227047619111261, 44.798640928022081 ], [ 35.227923198936438, 44.802129773015047 ], [ 35.230373370190797, 44.801818033810889 ], [ 35.231249247451096, 44.805306825455226 ], [ 35.233699517078826, 44.804994997647356 ], [ 35.234575691845883, 44.808483735925329 ], [ 35.237026059846805, 44.808171819500146 ], [ 35.237902532192258, 44.811660504394034 ], [ 35.240352998566202, 44.811348499337939 ], [ 35.241229768561723, 44.814837130830028 ], [ 35.243680333308475, 44.814525037129428 ], [ 35.244995994704219, 44.819757898360535 ], [ 35.247446726954806, 44.819445697120955 ], [ 35.249640639460523, 44.828166959699622 ], [ 35.252091677539795, 44.827854613118866 ], [ 35.253408711465845, 44.833087266929397 ], [ 35.25831108282447, 44.832462307641748 ], [ 35.258750312334527, 44.83420647993438 ], [ 35.261201507267124, 44.833893905004068 ], [ 35.261640845895734, 44.835638054466315 ], [ 35.264092070041684, 44.835325409707153 ], [ 35.264531517800279, 44.83706953633353 ], [ 35.266982771150893, 44.836756821740963 ], [ 35.267422328050891, 44.838500925525999 ], [ 35.269873610597479, 44.838188141095429 ], [ 35.27031327665032, 44.839932222033674 ], [ 35.272764588384184, 44.839619367760555 ], [ 35.273204363601288, 44.841363425846531 ], [ 35.275655704513738, 44.841050501726315 ], [ 35.276095588906522, 44.842794536954528 ], [ 35.278546958988862, 44.842481542982647 ], [ 35.278986952568779, 44.844225555347627 ], [ 35.281438351812312, 44.843912491519518 ], [ 35.281878454590746, 44.845656481015801 ], [ 35.287221552514964, 44.846774110394804 ], [ 35.288102234982773, 44.850261993937593 ], [ 35.293445846330343, 44.851379256238559 ], [ 35.294327045913434, 44.854867040336202 ], [ 35.29677872921269, 44.854553589255559 ], [ 35.297660227507215, 44.858041319662036 ], [ 35.30011200911823, 44.857727779732741 ], [ 35.300993806196047, 44.861215456430216 ], [ 35.303445686118522, 44.860901827638671 ], [ 35.304327782051516, 44.864389450609345 ], [ 35.306779760285139, 44.864075732941927 ], [ 35.307662155145209, 44.86756330216798 ], [ 35.310114231689667, 44.867249495611112 ], [ 35.315215246918349, 44.8773980231514 ], [ 35.334833414835352, 44.874884417586529 ], [ 35.334391264106394, 44.873140848596918 ], [ 35.336843284962399, 44.872826437628483 ], [ 35.337285504903235, 44.874569987610407 ], [ 35.359352504754931, 44.871737825640871 ], [ 35.359795387681068, 44.873481200446115 ], [ 35.372053768501281, 44.871905899505784 ], [ 35.372497037560848, 44.873649175110678 ], [ 35.379851789860595, 44.872703326389825 ], [ 35.380295306709485, 44.874446540839401 ], [ 35.38519841156662, 44.873815682342496 ], [ 35.385642107056846, 44.875558854673443 ], [ 35.390545188822102, 44.874927754400822 ], [ 35.390989062963314, 44.876670884596862 ], [ 35.395892121567407, 44.876039542541818 ], [ 35.396336174369218, 44.87778263058658 ], [ 35.406586453288661, 44.878262266979632 ], [ 35.409926897707521, 44.881432242996794 ], [ 35.414829943836885, 44.880800035547928 ], [ 35.415274642244341, 44.882542973932345 ], [ 35.417726173793177, 44.882226774748645 ], [ 35.418170981778133, 44.88396969001878 ], [ 35.42062254201668, 44.883653420822554 ], [ 35.42106745959051, 44.885396312972937 ], [ 35.423519048509981, 44.885079973759673 ], [ 35.423964075684069, 44.886822842784788 ], [ 35.426415693275665, 44.88650643354994 ], [ 35.426860830061436, 44.888249279444302 ], [ 35.429312476316362, 44.88793280018335 ], [ 35.429757722725157, 44.889675622941461 ], [ 35.432209397634594, 44.889359073649864 ], [ 35.432654753677838, 44.891101873266216 ], [ 35.43510645723299, 44.890785253939463 ], [ 35.435551922922066, 44.892528030408549 ], [ 35.43800365511413, 44.892211341042113 ], [ 35.438449230460421, 44.893954094358449 ], [ 35.443798465734901, 44.895063235646447 ], [ 35.444690095664484, 44.898548645614319 ], [ 35.450039843606554, 44.899657418032866 ], [ 35.450931993469126, 44.90314272726166 ], [ 35.453384007027459, 44.90282564931475 ], [ 35.454276457502161, 44.906310904126556 ], [ 35.456728568813872, 44.905993736942122 ], [ 35.457621319972752, 44.909478937318966 ], [ 35.460073529037267, 44.909161680883457 ], [ 35.460966580952366, 44.912646826807347 ], [ 35.463418887769109, 44.912329481107157 ], [ 35.46431224051252, 44.915814572560137 ], [ 35.466764645080865, 44.915497137581681 ], [ 35.468105186506605, 44.920724686976463 ], [ 35.470557758026395, 44.920407143521977 ], [ 35.472793152800797, 44.929119549207755 ], [ 35.475246029734272, 44.928801858868283 ], [ 35.479272926422503, 44.944483761889408 ], [ 35.481726385913319, 44.944165847795581 ], [ 35.482174091693167, 44.945908242049036 ], [ 35.479720562925323, 44.946226175349452 ], [ 35.480615958106604, 44.949710990139096 ], [ 35.483069625445637, 44.94939301842215 ], [ 35.483517453427119, 44.951135400540977 ], [ 35.485971149317557, 44.950817358634005 ], [ 35.486867066109745, 44.954302072305097 ], [ 35.492222770936181, 44.955408071008449 ], [ 35.493119209520557, 44.95889268350367 ], [ 35.495573129616055, 44.958574392546652 ], [ 35.496469869955618, 44.962058950379827 ], [ 35.498923887881411, 44.961740569974666 ], [ 35.499820930048415, 44.965225073127755 ], [ 35.502275045803863, 44.964906603260815 ], [ 35.503172389870642, 44.968391051715749 ], [ 35.505626603455056, 44.96807249237343 ], [ 35.506524249493921, 44.97155688611214 ], [ 35.508978560906648, 44.971238237280865 ], [ 35.510325544311911, 44.976464739696226 ], [ 35.512780022897715, 44.976145982108768 ], [ 35.515026159301833, 44.984856641948518 ], [ 35.517480943813027, 44.984537737056982 ], [ 35.521527190207664, 45.000216495249049 ], [ 35.52398255836831, 44.999897365905881 ], [ 35.52533225208898, 45.005123487566841 ], [ 35.522876675644653, 45.005442674741666 ], [ 35.526927343558675, 45.021120993344098 ], [ 35.524471100967823, 45.021440302997121 ], [ 35.526722558830095, 45.030150433846572 ], [ 35.529179148954341, 45.029831027748976 ], [ 35.532536846305412, 45.03299551719504 ], [ 35.537450099546916, 45.032356372350904 ], [ 35.540808394097532, 45.035520537789722 ], [ 35.545721679163883, 45.034881009166845 ], [ 35.546172744520916, 45.036622871666133 ], [ 35.548629394980154, 45.036303011403014 ], [ 35.549080570924239, 45.038044850498544 ], [ 35.551537249828449, 45.037724919824953 ], [ 35.55198853637102, 45.039466735511191 ], [ 35.554445243711228, 45.039146734422602 ], [ 35.554896640863738, 45.04088852669399 ], [ 35.557353376630985, 45.040568455185877 ], [ 35.55780488440486, 45.042310224036868 ], [ 35.560261648590206, 45.041990082104711 ], [ 35.560713266996885, 45.043731827529776 ], [ 35.563170059591329, 45.043411615169063 ], [ 35.563621788642251, 45.045153337162638 ], [ 35.56607860963684, 45.044833054368851 ], [ 35.566530449343446, 45.046574752925409 ], [ 35.568987298729198, 45.046254399694014 ], [ 35.569439249102906, 45.047996074807976 ], [ 35.574805094064295, 45.049096808680183 ], [ 35.575709478716796, 45.052580061003177 ], [ 35.578166482755641, 45.05225947707396 ], [ 35.581528273117783, 45.055422000518888 ], [ 35.583985333860575, 45.055101275665855 ], [ 35.583532829979717, 45.053359717848046 ], [ 35.588446688805412, 45.052718153588501 ], [ 35.587994087071827, 45.050976630403383 ], [ 35.592907642046399, 45.050334900528746 ], [ 35.592454942496389, 45.048593411983731 ], [ 35.599824757357815, 45.04763049219315 ], [ 35.599371890540446, 45.045889057678231 ], [ 35.611653743361678, 45.044283266874125 ], [ 35.611200570424501, 45.042541925197604 ], [ 35.633304681395536, 45.039648459918119 ], [ 35.632850924824979, 45.037907288805613 ], [ 35.637762356563051, 45.037263773925275 ], [ 35.638216251945906, 45.039004906188183 ], [ 35.660316274047076, 45.036106388675826 ], [ 35.660770835220987, 45.037847341833988 ], [ 35.673047524766496, 45.036235171590697 ], [ 35.673502474109661, 45.03797602329437 ], [ 35.680868199212128, 45.037008050704976 ], [ 35.681323397998035, 45.038748839836025 ], [ 35.686233813018148, 45.038103230827787 ], [ 35.686689191908322, 45.039843976841247 ], [ 35.691599579880389, 45.03919812487797 ], [ 35.692055138884058, 45.040938827757422 ], [ 35.696965499737836, 45.04029273283291 ], [ 35.697421238864194, 45.042033392561947 ], [ 35.707697798194076, 45.042481090366536 ], [ 35.711065268108769, 45.045638827015082 ], [ 35.715975602818602, 45.044991862156174 ], [ 35.716431993206648, 45.046732368645792 ], [ 35.718887167607114, 45.046408790211188 ], [ 35.719343668845049, 45.048149273005443 ], [ 35.721798871038573, 45.047825624054937 ], [ 35.722255483137744, 45.049566083148285 ], [ 35.724710713115265, 45.049242363677415 ], [ 35.725167436087048, 45.050982799064258 ], [ 35.727622693839528, 45.050659009068575 ], [ 35.728079527695293, 45.052399420743349 ], [ 35.730534813213652, 45.052075560218348 ], [ 35.730991757964773, 45.053815948175519 ], [ 35.733447071239972, 45.053492017116731 ], [ 35.733904126897784, 45.05523238135072 ], [ 35.736359467920757, 45.054908379753648 ], [ 35.736816634496655, 45.056648720258877 ], [ 35.739272003258321, 45.056324648119066 ], [ 35.739729280763662, 45.058064964889994 ], [ 35.745097489912993, 45.059156901995244 ], [ 35.746012530335065, 45.06263743638268 ], [ 35.751381252559071, 45.063729000442876 ], [ 35.752296820174756, 45.067209431437689 ], [ 35.754752466180335, 45.066884967365361 ], [ 35.75566833912503, 45.07036534245281 ], [ 35.758124082170042, 45.070040788221377 ], [ 35.759040260516471, 45.073521107383172 ], [ 35.761496100599793, 45.073196462979034 ], [ 35.761954321662863, 45.074936596684609 ], [ 35.764410189416843, 45.074611881685939 ], [ 35.765949337611538, 45.070806922444753 ], [ 35.770860587208162, 45.070157315823955 ], [ 35.770402172150256, 45.068417252103451 ], [ 35.775313116255383, 45.067767480718956 ], [ 35.774854604254593, 45.06602745200199 ], [ 35.779765242870518, 45.065377515893431 ], [ 35.779306633963202, 45.06363752218725 ], [ 35.788668288959137, 45.060597197268166 ], [ 35.78820948634776, 45.05885727360554 ], [ 35.795574006980353, 45.057881552109166 ], [ 35.795115038313966, 45.05614168310187 ], [ 35.807388058112714, 45.05451455977375 ], [ 35.806928784999066, 45.052774784709733 ], [ 35.829016965678868, 45.049842930779825 ], [ 35.828557111526749, 45.048103328343281 ], [ 35.83101107563089, 45.047777331866605 ], [ 35.831470998960889, 45.049516914640044 ], [ 35.853555415744857, 45.046580478733205 ], [ 35.854016003345592, 45.048319880176805 ], [ 35.86628400407151, 45.046686647204915 ], [ 35.866744979224094, 45.04842594591652 ], [ 35.874105484162364, 45.047445336432219 ], [ 35.874566708592845, 45.049184571767192 ], [ 35.879473640469868, 45.048530538294727 ], [ 35.879935045066304, 45.050269729944723 ], [ 35.884841947377467, 45.04961545352883 ], [ 35.885303532148768, 45.05135460147747 ], [ 35.890210404823655, 45.050700082112272 ], [ 35.890672169778668, 45.052439186343136 ], [ 35.895579012746886, 45.051784424022721 ], [ 35.896040957894499, 45.053523484519438 ], [ 35.900947771085612, 45.052868479237887 ], [ 35.901409896434672, 45.054607495984058 ], [ 35.918582902613871, 45.052313237051003 ], [ 35.918120293693626, 45.050574358627784 ], [ 35.923026350378109, 45.049918437925442 ], [ 35.923489097420379, 45.051657276802239 ], [ 35.945564891243812, 45.048702939063851 ], [ 35.946028301722983, 45.050441595562589 ], [ 35.958291502929271, 45.048798418789914 ], [ 35.958755300602576, 45.050536971954635 ], [ 35.966112922595386, 45.049550396617164 ], [ 35.966576969427372, 45.051288886026128 ], [ 35.971481977903778, 45.050630875412985 ], [ 35.971946204901933, 45.052369320869317 ], [ 35.976851182615007, 45.051711067344165 ], [ 35.97731558978807, 45.053449468831488 ], [ 35.982220536667334, 45.052790972388571 ], [ 35.982685124024016, 45.054529329890471 ], [ 35.987590039998999, 45.053870590524049 ], [ 35.988054807548039, 45.055608904024147 ], [ 35.998329494253305, 45.056028965979714 ], [ 36.001712293975189, 45.05917568401167 ], [ 36.00661717020197, 45.058516074492047 ], [ 36.007082589638188, 45.060254231701869 ], [ 36.009535033288998, 45.059924330863161 ], [ 36.010000563994367, 45.061662463880879 ], [ 36.012453034315456, 45.061332492359035 ], [ 36.012918676301233, 45.063070601179078 ], [ 36.015371173283391, 45.062740558969629 ], [ 36.015836926560794, 45.064478643586419 ], [ 36.018289450194843, 45.064148530685003 ], [ 36.018755314775113, 45.065886591092898 ], [ 36.021207865051821, 45.065556407495102 ], [ 36.021673840946235, 45.067294443688546 ], [ 36.024126417856351, 45.066964189389928 ], [ 36.024592505076114, 45.068702201363308 ], [ 36.027045108610501, 45.068371876359507 ], [ 36.027511307166847, 45.070109864107238 ], [ 36.029963937316239, 45.069779468393818 ], [ 36.030430247220416, 45.071517431910316 ], [ 36.032882903975626, 45.07118696548288 ], [ 36.036268541224189, 45.07433228265387 ], [ 36.055889033160994, 45.071685997369109 ], [ 36.055421948821945, 45.069948241777034 ], [ 36.057874250443753, 45.069617247499217 ], [ 36.05834140372523, 45.071354983147913 ], [ 36.080410828009526, 45.06837357020347 ], [ 36.080878644062601, 45.070111121887479 ], [ 36.093138292640226, 45.068452904707371 ], [ 36.093606495686537, 45.070190352145772 ], [ 36.100961981154086, 45.06919475281957 ], [ 36.101430433391194, 45.070932135928032 ], [ 36.106334015367977, 45.070268109302894 ], [ 36.106802647920063, 45.072005448053112 ], [ 36.111706197366992, 45.071341178433208 ], [ 36.112175010242588, 45.073078472808817 ], [ 36.116609576480599, 45.070676705838579 ], [ 36.115671803042673, 45.067202184044056 ], [ 36.120105775863571, 45.064800361147242 ], [ 36.119167982595442, 45.061325893222666 ], [ 36.121619178890242, 45.060993579441465 ], [ 36.121150277315699, 45.059256358947181 ], [ 36.123601362210316, 45.058924014467131 ], [ 36.123132434412888, 45.05718680962454 ], [ 36.125583407916565, 45.056854434452497 ], [ 36.125114453907436, 45.055117245262601 ], [ 36.12756531602944, 45.054784839405492 ], [ 36.127096335819779, 45.053047665869222 ], [ 36.12954708656936, 45.052715229333955 ], [ 36.129078080170366, 45.050978071452306 ], [ 36.131528719556783, 45.050645604245808 ], [ 36.131059686979619, 45.048908462019732 ], [ 36.133510215012123, 45.04857596414886 ], [ 36.133041156267964, 45.046838837579344 ], [ 36.135491572955807, 45.046506309051075 ], [ 36.135022488055846, 45.044769198139072 ], [ 36.137472793408278, 45.044436638960264 ], [ 36.138984739211836, 45.040629874290261 ], [ 36.143884862032841, 45.039964582707071 ], [ 36.145396300714303, 45.03615780882452 ], [ 36.150295893116393, 45.035492293439894 ], [ 36.149826540230507, 45.033755300909796 ], [ 36.154725824833449, 45.033089623017695 ], [ 36.154256377209144, 45.03135266620005 ], [ 36.159155354016498, 45.030686825840121 ], [ 36.158685811689928, 45.028949904742028 ], [ 36.163584480705282, 45.028283901953863 ], [ 36.16311484371262, 45.026547016582427 ], [ 36.168013204939548, 45.025880851405681 ], [ 36.167543473316989, 45.024144001767986 ], [ 36.174890489517736, 45.023144434561289 ], [ 36.17442059469537, 45.021407640730949 ], [ 36.186664425681528, 45.019740783616193 ], [ 36.186194230570401, 45.018004085768162 ], [ 36.208229820542179, 45.015000736590153 ], [ 36.207759051160814, 45.013264215181159 ], [ 36.210207168007152, 45.012930276944729 ], [ 36.210678005914012, 45.014666778247296 ], [ 36.220470320114174, 45.013330439232078 ], [ 36.219999208151705, 45.011594018383256 ], [ 36.222447111349865, 45.011259827351125 ], [ 36.223952602127717, 45.0074528113268 ], [ 36.228847920840764, 45.006784257016037 ], [ 36.230352906552007, 45.002977232722628 ], [ 36.235247694896778, 45.002308455712992 ], [ 36.234776317367142, 45.00057215369106 ], [ 36.239670797788136, 44.999903214848821 ], [ 36.239199326146405, 44.998166948682325 ], [ 36.24409349864743, 44.997497848047104 ], [ 36.243621932929699, 44.995761617743156 ], [ 36.248515797514592, 44.995092355354522 ], [ 36.248044137756942, 44.993356160920122 ], [ 36.252937694429527, 44.992686736817689 ], [ 36.252465940668017, 44.990950578259913 ], [ 36.259805749627112, 44.989946123862289 ], [ 36.25933383352978, 44.98821002134477 ], [ 36.271565650640788, 44.986535021835323 ], [ 36.2710934355947, 44.984799015712852 ], [ 36.293107393308397, 44.981781018827142 ], [ 36.292634606284274, 44.98004518991592 ], [ 36.297525988922402, 44.979374009373721 ], [ 36.297998912516626, 44.98110979788953 ], [ 36.320008625853887, 44.978086807141501 ], [ 36.320482206711361, 44.979822409286626 ], [ 36.332708664182348, 44.978141104045989 ], [ 36.333182629162202, 44.97987660056279 ], [ 36.340518192827865, 44.978867151749306 ], [ 36.340992405447054, 44.980602583064474 ], [ 36.345882702754245, 44.979929324652431 ], [ 36.346357094796808, 44.981664710993073 ], [ 36.351247356535715, 44.980991210448302 ], [ 36.351721928009745, 44.982726551798066 ], [ 36.356612154110032, 44.982052809115423 ], [ 36.357086905023593, 44.983788105458011 ], [ 36.367342180388178, 44.984175144977684 ], [ 36.370737592204144, 44.987308323404569 ], [ 36.375627761211888, 44.986633712906631 ], [ 36.37610316177053, 44.98836884935475 ], [ 36.378548249842694, 44.988031448218358 ], [ 36.379023761690497, 44.989766559885915 ], [ 36.381468874861547, 44.989429088055253 ], [ 36.38194449800951, 44.991164174936578 ], [ 36.384389636270143, 44.990826632407384 ], [ 36.384865370729287, 44.992561694496906 ], [ 36.387310534070131, 44.992224081264823 ], [ 36.387786379851477, 44.993959118556951 ], [ 36.390231568263225, 44.99362143461768 ], [ 36.390707525377771, 44.995356447106793 ], [ 36.393152738851057, 44.995018692456036 ], [ 36.393628807309831, 44.996753680136521 ], [ 36.396074045835327, 44.996415854769985 ], [ 36.396550225649342, 44.998150817636251 ], [ 36.398995489217697, 44.997812921549603 ], [ 36.399471780397953, 44.999547859596014 ], [ 36.404838785183365, 45.000606768466213 ], [ 36.40579185626676, 45.004076540747654 ], [ 36.411159363516724, 45.005135071837557 ], [ 36.412112966668666, 45.008604735753948 ], [ 36.414558491734795, 45.008266445308713 ], [ 36.415512404218674, 45.011736050516269 ], [ 36.417958022494155, 45.01139766896469 ], [ 36.418912244382092, 45.014867215444646 ], [ 36.421357955864707, 45.014528742773315 ], [ 36.422312487228851, 45.017998230506869 ], [ 36.424758291916376, 45.017659666702379 ], [ 36.425713132828911, 45.021129095670787 ], [ 36.428159030719122, 45.020790440719736 ], [ 36.429591821460285, 45.025994489226726 ], [ 36.434483896838998, 45.025316905835275 ], [ 36.437885689418337, 45.028447259341206 ], [ 36.442777777885112, 45.027769291903354 ], [ 36.443255889303607, 45.029503854766432 ], [ 36.445701936778256, 45.029164775029578 ], [ 36.446180159789314, 45.030899312978676 ], [ 36.448626232161843, 45.030560162429161 ], [ 36.449104566776448, 45.032294675458701 ], [ 36.451550664037477, 45.031955454092206 ], [ 36.45202911026665, 45.03368994219651 ], [ 36.454475232406786, 45.033350650008792 ], [ 36.454953790261527, 45.035085113182276 ], [ 36.457399937271347, 45.03474575016898 ], [ 36.457878606762684, 45.036480188406003 ], [ 36.460324778632803, 45.036140754562872 ], [ 36.46080355977174, 45.03787516785782 ], [ 36.463249756492758, 45.037535663180542 ], [ 36.463728649290296, 45.039270051527787 ], [ 36.466174870852811, 45.038930476012069 ], [ 36.466653875319942, 45.040664839405999 ], [ 36.469100121714554, 45.040325193047572 ], [ 36.469579237862305, 45.042059531482529 ], [ 36.474951032949498, 45.043114339690732 ], [ 36.475909755487997, 45.046582912151848 ], [ 36.481282053190618, 45.047637341573633 ], [ 36.482241309580601, 45.05110580503117 ], [ 36.484687816521394, 45.050765763504629 ], [ 36.485647383397705, 45.054234167893064 ], [ 36.48809398338819, 45.053894035039292 ], [ 36.489053860823098, 45.057362380339761 ], [ 36.491500553860938, 45.057022156145379 ], [ 36.49246074192677, 45.060490442338981 ], [ 36.49490752800962, 45.060150126790603 ], [ 36.495868026778695, 45.063618353858445 ], [ 36.498314905904181, 45.06327794694262 ], [ 36.499275715448867, 45.066746114865907 ], [ 36.501722687614603, 45.066405616569249 ], [ 36.503164433562141, 45.071607772874486 ], [ 36.505611567075256, 45.071267162705851 ], [ 36.5065730855613, 45.074735203166547 ], [ 36.509020312116206, 45.074394501585118 ], [ 36.509982141624867, 45.077862482840224 ], [ 36.512429461219192, 45.077521689832594 ], [ 36.513391601822853, 45.080989611863188 ], [ 36.515839014454194, 45.080648727415927 ], [ 36.516801466225274, 45.084116590203145 ], [ 36.51924897189123, 45.083775614302844 ], [ 36.520211734902155, 45.087243417827743 ], [ 36.522659333600316, 45.086902350460996 ], [ 36.523622407923511, 45.090370094704639 ], [ 36.52607009965147, 45.090028935858044 ], [ 36.527515243736204, 45.095230456415543 ], [ 36.529963096850437, 45.094889185560682 ], [ 36.53237288602935, 45.103558192441284 ], [ 36.53482103730348, 45.103216768507011 ], [ 36.539162028103739, 45.118820507791476 ], [ 36.54161075129575, 45.118478848581226 ], [ 36.543058741152173, 45.12367995093868 ], [ 36.540609812647361, 45.124021671767544 ], [ 36.542540804979161, 45.130956492903152 ], [ 36.544990007311554, 45.130614689899566 ], [ 36.544024286642092, 45.127147329589654 ], [ 36.546473308254782, 45.126805517155006 ], [ 36.545024850368726, 45.121604503935956 ], [ 36.547473622863642, 45.121262702625486 ], [ 36.546508066360865, 45.117795378642718 ], [ 36.548956658222949, 45.117453567919462 ], [ 36.54799114002963, 45.113986266685778 ], [ 36.55043955129441, 45.113644446558652 ], [ 36.548991397155589, 45.108443521953028 ], [ 36.551439559477778, 45.108101712977287 ], [ 36.550474205495185, 45.104634448069604 ], [ 36.552922187306855, 45.104292629708183 ], [ 36.551956871672417, 45.100825387549143 ], [ 36.554404673009074, 45.100483559810982 ], [ 36.552956822741557, 45.095282723816482 ], [ 36.555404375310637, 45.094940907256913 ], [ 36.554439223930871, 45.091473701422714 ], [ 36.55688659611166, 45.09113187550463 ], [ 36.555921483118709, 45.087664692418656 ], [ 36.558368674946649, 45.087322857150916 ], [ 36.556921128674261, 45.082122109765194 ], [ 36.55936807190951, 45.081780285703211 ], [ 36.558403123215051, 45.078313138940977 ], [ 36.560849886184101, 45.077971305547585 ], [ 36.559884975915061, 45.074504181533143 ], [ 36.562331558653362, 45.074162338817203 ], [ 36.560884316499646, 45.068961680037951 ], [ 36.563330650819957, 45.068619848554974 ], [ 36.562365904893142, 45.065152760863135 ], [ 36.564812059069268, 45.064810920075814 ], [ 36.563847351606391, 45.061343855131383 ], [ 36.566293325673726, 45.061002005048607 ], [ 36.56484638776201, 45.055801434873487 ], [ 36.5672921135859, 45.055459596050824 ], [ 36.566327570508903, 45.051992567427895 ], [ 36.56877311631051, 45.051650719327959 ], [ 36.567808611735913, 45.048183713451991 ], [ 36.570253977550607, 45.047841856083686 ], [ 36.569289511493899, 45.044374872954684 ], [ 36.571734697357037, 45.044033006326899 ], [ 36.570770269833659, 45.040566045944892 ], [ 36.573215275780591, 45.04022417006648 ], [ 36.57225088680601, 45.036757232431448 ], [ 36.574695712872106, 45.036415347311298 ], [ 36.573731362461764, 45.032948432423275 ], [ 36.576176008682353, 45.032606538070262 ], [ 36.575211696851675, 45.029139645929199 ], [ 36.577656163262098, 45.028797742352218 ], [ 36.576691890026524, 45.025330872958151 ], [ 36.579136176662097, 45.024988960166056 ], [ 36.577689890227099, 45.019788683313848 ], [ 36.58013392909973, 45.019446781864758 ], [ 36.579169820431012, 45.01597994878864 ], [ 36.581613679615089, 45.015638038142598 ], [ 36.580649609579744, 45.012171227813049 ], [ 36.583093289110558, 45.011829307978935 ], [ 36.582129257723992, 45.00836252039602 ], [ 36.58457275763682, 45.008020591382689 ], [ 36.58360876491443, 45.004553826546342 ], [ 36.58605208524456, 45.004211888362669 ], [ 36.585088131201715, 45.000745146272919 ], [ 36.587531271984417, 45.000403198927792 ], [ 36.586567356636507, 44.996936479584654 ], [ 36.589010317907039, 44.99659452308687 ], [ 36.588046441269427, 44.993127826490344 ], [ 36.590489223063031, 44.992785860848848 ], [ 36.589525385151092, 44.989319186998927 ], [ 36.591967987503011, 44.988977212222515 ], [ 36.591004188332093, 44.985510561119234 ], [ 36.593446611277571, 44.98516857721679 ], [ 36.592482850863028, 44.981701948860142 ], [ 36.594925094437272, 44.981359955840524 ], [ 36.593961372794453, 44.977893350230495 ], [ 36.596403437032677, 44.977551348102558 ], [ 36.595439754176908, 44.974084765239162 ], [ 36.597881639114341, 44.973742754011788 ], [ 36.596917995060949, 44.970276193895039 ], [ 36.599359700732776, 44.96993417357703 ], [ 36.59839609549708, 44.966467636206943 ], [ 36.600837621938496, 44.966125606807161 ], [ 36.599874055535786, 44.962659092183721 ], [ 36.602315402781983, 44.962317053711054 ], [ 36.601351875227614, 44.958850561834296 ], [ 36.603793043313736, 44.958508514297549 ], [ 36.602829554622971, 44.95504204516746 ], [ 36.605270543584211, 44.954699988575506 ], [ 36.604307093772334, 44.951233542192092 ], [ 36.606747903643843, 44.950891476553771 ], [ 36.605784492726158, 44.94742505291704 ], [ 36.608225123543058, 44.947082978241205 ], [ 36.607261751534843, 44.943616577351179 ], [ 36.60970220333229, 44.943274493646634 ], [ 36.60825726907737, 44.938074919544313 ], [ 36.605817020380307, 44.938416941583355 ], [ 36.604372681342213, 44.933217264507903 ], [ 36.601932592142198, 44.9335591747693 ], [ 36.600970052579804, 44.930092659351629 ], [ 36.598530055190096, 44.930434478401523 ], [ 36.594165998903989, 44.923842997158367 ], [ 36.588805568145155, 44.922792855317901 ], [ 36.584443401640364, 44.916200783116793 ], [ 36.579083806913424, 44.915150050926066 ], [ 36.57812325853611, 44.911683138209476 ], [ 36.57276416151862, 44.91063202778674 ], [ 36.571804144331743, 44.907165005620172 ], [ 36.566445544993222, 44.906113517062828 ], [ 36.565486058819523, 44.902646385505378 ], [ 36.563046801037558, 44.902987284059058 ], [ 36.562567190671345, 44.901253690943612 ], [ 36.560127957129367, 44.901594518910834 ], [ 36.559648457772909, 44.899860900746745 ], [ 36.554290675088758, 44.898808701731689 ], [ 36.553332163704546, 44.895341360684732 ], [ 36.550893070560882, 44.895681956444065 ], [ 36.55041394751327, 44.893948258611474 ], [ 36.547974878646251, 44.894288783805301 ], [ 36.547495866554797, 44.892555060948133 ], [ 36.545056821973773, 44.892895515580697 ], [ 36.544577920827614, 44.891161767704503 ], [ 36.542138900541936, 44.891502151780053 ], [ 36.541660110330191, 44.889768378890473 ], [ 36.539221114349189, 44.890108692413236 ], [ 36.538742435060989, 44.888374894515877 ], [ 36.536303463394027, 44.888715137490152 ], [ 36.535824895018507, 44.886981314590557 ], [ 36.533385947674894, 44.887321487020571 ], [ 36.532907490201183, 44.885587639124381 ], [ 36.530468567190269, 44.885927741014378 ], [ 36.529990220607495, 44.884193868127163 ], [ 36.527551321938617, 44.884533899481397 ], [ 36.527073086235902, 44.882800001608778 ], [ 36.524634211918389, 44.883139962431507 ], [ 36.524156087084869, 44.881406039579062 ], [ 36.521717237128058, 44.881745929874548 ], [ 36.52123922315284, 44.880011982047847 ], [ 36.518800397566046, 44.880351801820339 ], [ 36.51832249443828, 44.878617829024989 ], [ 36.515883693230826, 44.878957578278758 ], [ 36.515405900939626, 44.877223580520344 ], [ 36.512967124120841, 44.877563259259645 ], [ 36.509573119583841, 44.874434797105074 ], [ 36.504695620363613, 44.875113822460513 ], [ 36.504218228126746, 44.873379729435548 ], [ 36.501779481346723, 44.873719146566479 ], [ 36.49838630689495, 44.870590232345656 ], [ 36.493508867940101, 44.871268734535292 ], [ 36.493031875659632, 44.869534546320459 ], [ 36.490593159068176, 44.869873701880842 ], [ 36.487200814655523, 44.866744335784965 ], [ 36.482323436265581, 44.867422314884394 ], [ 36.478931675893719, 44.864292617360753 ], [ 36.468700602258302, 44.863913216786436 ], [ 36.465309764033009, 44.860782976893525 ], [ 36.460432372426659, 44.861459950749904 ], [ 36.45995653638218, 44.859725481931505 ], [ 36.455079107840177, 44.860402214681059 ], [ 36.454603450092534, 44.858667700660064 ], [ 36.449725984684711, 44.859344192307717 ], [ 36.449250505226047, 44.857609633100353 ], [ 36.444373003022172, 44.858285883651064 ], [ 36.44389770184462, 44.856551279273546 ], [ 36.439020162914495, 44.857227288732339 ], [ 36.438545040010176, 44.855492639200904 ], [ 36.433667464423579, 44.856168407572731 ], [ 36.433192519784605, 44.854433712903642 ], [ 36.428314907611295, 44.855109240193485 ], [ 36.427840141229773, 44.85337450040295 ], [ 36.420523603780367, 44.854387354548415 ], [ 36.420049083304214, 44.852652549348797 ], [ 36.412732362431349, 44.853664891526677 ], [ 36.412258087864885, 44.851930020950363 ], [ 36.404941183782768, 44.852941851148266 ], [ 36.404467155130298, 44.851206915227756 ], [ 36.397150068053108, 44.852218233433319 ], [ 36.396676285318932, 44.850483232201071 ], [ 36.389359015460883, 44.851494038401952 ], [ 36.388885478649208, 44.849758971890402 ], [ 36.379128789748115, 44.851105930521861 ], [ 36.378655566565726, 44.849370778509858 ], [ 36.366459080500334, 44.851053247308045 ], [ 36.365986238693026, 44.849317989611258 ], [ 36.361107480131508, 44.849990585603074 ], [ 36.360634816555894, 44.848255282981967 ], [ 36.358195440834706, 44.848591485516373 ], [ 36.354811094399572, 44.8454569383847 ], [ 36.349932400069541, 44.846129011785315 ], [ 36.349460135675066, 44.844393614914765 ], [ 36.347020792125214, 44.844729556166129 ], [ 36.34654863819307, 44.842994134633265 ], [ 36.344109319641262, 44.843330005517323 ], [ 36.340726049575657, 44.840194889007947 ], [ 36.335847469817985, 44.840866299176945 ], [ 36.335375714934379, 44.839130783491839 ], [ 36.332936428740567, 44.839466393144427 ], [ 36.32955398906676, 44.836330827174237 ], [ 36.324675474211553, 44.837001714931887 ], [ 36.321293619040489, 44.833865819254243 ], [ 36.311065516836649, 44.833470911285609 ], [ 36.307684584844488, 44.83033447598558 ], [ 36.3028060652139, 44.831004359465879 ], [ 36.302335464292774, 44.829268566206913 ], [ 36.297456909778916, 44.82993820872359 ], [ 36.296986486926862, 44.828202370739483 ], [ 36.292107897599294, 44.828871772297774 ], [ 36.291637652808177, 44.827135889604776 ], [ 36.286759028736505, 44.827805050209889 ], [ 36.286288961998203, 44.826069122824265 ], [ 36.281410303251988, 44.826738042481416 ], [ 36.280940414558373, 44.825002070419323 ], [ 36.276061721207192, 44.825670749133813 ], [ 36.275592010550099, 44.823934732411516 ], [ 36.270713282663507, 44.824603170188553 ], [ 36.27024375003483, 44.822867108822273 ], [ 36.262925542776223, 44.82386932882175 ], [ 36.262456255936883, 44.822133202721574 ], [ 36.257577374244136, 44.82280105827914 ], [ 36.257108265420563, 44.821064887574181 ], [ 36.242002348456182, 44.821330833583723 ], [ 36.241533731213629, 44.819594533554358 ], [ 36.231775253509369, 44.820928196848286 ], [ 36.231306949865051, 44.819191812137404 ], [ 36.221548065091994, 44.820524591993461 ], [ 36.221080075070645, 44.818788122655377 ], [ 36.211320783704352, 44.82012001901316 ], [ 36.210853107330635, 44.818383465102237 ], [ 36.196213307189183, 44.82037968298966 ], [ 36.195746080182467, 44.81864300450647 ], [ 36.171343708244599, 44.821965815963146 ], [ 36.170877202230571, 44.820228933020218 ], [ 36.136707736513785, 44.824872147496677 ], [ 36.137173291592084, 44.826609310095151 ], [ 36.115202229834985, 44.829589209911575 ], [ 36.115667215244414, 44.831326547666478 ], [ 36.101017537068543, 44.833311003624907 ], [ 36.100552959755127, 44.831573546330098 ], [ 36.098111267411177, 44.831904092974924 ], [ 36.097646800209425, 44.830166611442301 ], [ 36.092763425354271, 44.830827513958447 ], [ 36.092299136283103, 44.829089988287983 ], [ 36.089857453791048, 44.829420344164049 ], [ 36.089393274808508, 44.827682794270821 ], [ 36.086951618295885, 44.828013079928191 ], [ 36.086487549390895, 44.82627550581774 ], [ 36.084045918866821, 44.826605721260748 ], [ 36.080676506718859, 44.823460645643436 ], [ 36.075793307665521, 44.82412074537995 ], [ 36.075329636956532, 44.822383078768063 ], [ 36.072888042448788, 44.822713033276365 ], [ 36.069519462644116, 44.819567511796627 ], [ 36.064636335808302, 44.820227089716539 ], [ 36.064173063194531, 44.818489330679562 ], [ 36.061731504850684, 44.818819024292466 ], [ 36.061268342235174, 44.817081241084956 ], [ 36.056385235739377, 44.817740437623819 ], [ 36.053017828392555, 44.814594261938602 ], [ 36.048134742400805, 44.815253077129881 ], [ 36.047672045781773, 44.81351518174715 ], [ 36.037443260443141, 44.813094149816614 ], [ 36.034077119732956, 44.809947230329698 ], [ 36.029193991495596, 44.810605182272795 ], [ 36.028731938742411, 44.808867130884416 ], [ 36.021407136581075, 44.809853621863951 ], [ 36.020945329835939, 44.808115506739746 ], [ 36.016062055290199, 44.80877287610523 ], [ 36.015600426494188, 44.807034717081457 ], [ 36.010717120765541, 44.807691845495803 ], [ 36.010255669910087, 44.805953642588662 ], [ 36.005372333067903, 44.806610530057554 ], [ 36.004911060144416, 44.804872283283295 ], [ 35.997585945640481, 44.805857177564398 ], [ 35.997124918712778, 44.804118867155843 ], [ 35.989799632473499, 44.805103248999572 ], [ 35.989338851544474, 44.803364874989249 ], [ 35.982013393783966, 44.804348744385358 ], [ 35.981552858856489, 44.802610306805846 ], [ 35.974227229788866, 44.803593663744117 ], [ 35.973766940865772, 44.801855162627966 ], [ 35.95377093769806, 44.802736410636292 ], [ 35.953311277030359, 44.800997743081886 ], [ 35.923544661470387, 44.803182183359816 ], [ 35.92308590178073, 44.801443270792795 ], [ 35.918200956274461, 44.802096378020771 ], [ 35.917742374494352, 44.800357421840907 ], [ 35.912857399066517, 44.801010288119066 ], [ 35.912398995187239, 44.799271288342588 ], [ 35.907513989907073, 44.799923913676786 ], [ 35.907055763919871, 44.798184870319957 ], [ 35.902170728856667, 44.798837254716027 ], [ 35.901712680752787, 44.797098167795056 ], [ 35.896827615975774, 44.797750311258866 ], [ 35.896369745746455, 44.796011180789989 ], [ 35.889042041876905, 44.796988958988962 ], [ 35.888584417702681, 44.795249765337928 ], [ 35.883699210752226, 44.795901326142264 ], [ 35.883241764438438, 44.794162088982553 ], [ 35.875913847618321, 44.795138993194939 ], [ 35.875456647356785, 44.793399692908679 ], [ 35.868128562139823, 44.794376084508379 ], [ 35.867671607933012, 44.792636721128162 ], [ 35.857900520582774, 44.793937792255811 ], [ 35.857443880653946, 44.792198346202099 ], [ 35.847672403841656, 44.793498532109048 ], [ 35.847216078213449, 44.791759003436397 ], [ 35.837444212416216, 44.793058304066406 ], [ 35.836988201111204, 44.791318692829456 ], [ 35.822329571716537, 44.793266013115144 ], [ 35.821874011286205, 44.791526280227252 ], [ 35.799883893881713, 44.794443679154661 ], [ 35.799428989306158, 44.792703766094917 ], [ 35.757884148977283, 44.798202921920343 ], [ 35.7583378917479, 44.799943166772877 ], [ 35.738782714400614, 44.802526110861145 ], [ 35.739235951107624, 44.804266507420579 ], [ 35.724567430561571, 44.806201710211027 ], [ 35.725020297749651, 44.807942219407714 ], [ 35.712795058431027, 44.809553595716203 ], [ 35.713247624360228, 44.811294198019823 ], [ 35.703466419815101, 44.812582466782473 ], [ 35.703918752828933, 44.814323142701809 ], [ 35.696582212916283, 44.815288871578133 ], [ 35.697034381428487, 44.817029601652663 ], [ 35.682811581003946, 44.82070065262694 ], [ 35.683263420305266, 44.822441490954098 ], [ 35.678371285076977, 44.82308456667117 ], [ 35.678823028246654, 44.824825439691416 ], [ 35.671484312178777, 44.825789731909779 ], [ 35.671935890588863, 44.827530659015551 ], [ 35.667043071069841, 44.828173306202849 ], [ 35.667494553262188, 44.82991426798251 ], [ 35.662601432596965, 44.830556751452377 ], [ 35.663052818535789, 44.832297747898593 ], [ 35.65815939672256, 44.832940067611858 ], [ 35.658610686372015, 44.834681098717304 ], [ 35.653716963408968, 44.835323254634716 ], [ 35.654168156733263, 44.837064320392095 ], [ 35.64927413261865, 44.837706312474452 ], [ 35.649725229581932, 44.839447412876368 ], [ 35.644830904313963, 44.840089241084492 ], [ 35.645281904880413, 44.841830376123667 ], [ 35.640387278457354, 44.842472040418308 ], [ 35.638841615643564, 44.846275170524308 ], [ 35.633946468772756, 44.846916608237258 ], [ 35.634397248656377, 44.848657827785466 ], [ 35.631949545098905, 44.848978489977796 ], [ 35.631048163702481, 44.845496008061502 ], [ 35.628600556663898, 44.845816580855583 ], [ 35.627699476377366, 44.842334043824408 ], [ 35.625251965858489, 44.842654527233748 ], [ 35.62390085832611, 44.837430632894126 ], [ 35.621453513030026, 44.837751007588849 ], [ 35.620553116507509, 44.834268352189056 ], [ 35.618105867726001, 44.834588637531134 ], [ 35.617205772069319, 44.831105927074539 ], [ 35.614758619803197, 44.831426123077513 ], [ 35.613858824940728, 44.827943357582164 ], [ 35.611411769190838, 44.82826346425955 ], [ 35.610062589227454, 44.823039227350257 ], [ 35.604719259614107, 44.82193771365661 ], [ 35.603820366704468, 44.818454783153172 ], [ 35.601373600508111, 44.81877462193475 ], [ 35.597130046463597, 44.812128345555912 ], [ 35.591787911849252, 44.811026050478517 ], [ 35.590890139042564, 44.807542908374089 ], [ 35.585548512797303, 44.806440244115109 ], [ 35.584651258970354, 44.802957000382136 ], [ 35.579310141054208, 44.801853967039825 ], [ 35.578413406027721, 44.798370621735437 ], [ 35.575967206172443, 44.79868980454301 ], [ 35.575518968326257, 44.796948106508587 ], [ 35.570178523871867, 44.795844541028778 ], [ 35.569282526043125, 44.792361047541114 ], [ 35.566836478617319, 44.792680001375089 ], [ 35.566388609308902, 44.790938229269571 ], [ 35.563942589837993, 44.791257113212843 ], [ 35.563494829790308, 44.78951531778462 ], [ 35.561048838283064, 44.789834131841666 ], [ 35.560601187484842, 44.788092313096215 ], [ 35.558155223950088, 44.788411057271531 ], [ 35.557707682390081, 44.786669215214374 ], [ 35.555261746836635, 44.786987889512417 ], [ 35.55481431450356, 44.785246024149032 ], [ 35.552368406940204, 44.785564628574292 ], [ 35.551921083822812, 44.783822739910157 ], [ 35.549475204258364, 44.784141274467117 ], [ 35.54902799034538, 44.782399362507718 ], [ 35.546582138788622, 44.782717827200891 ], [ 35.546135034068811, 44.780975891951691 ], [ 35.543689210528548, 44.781294286785545 ], [ 35.543242214990606, 44.779552328252073 ], [ 35.540796419475633, 44.779870653231072 ], [ 35.540349533108326, 44.778128671418791 ], [ 35.537903765627433, 44.778446926547431 ], [ 35.537456988419493, 44.776704921461842 ], [ 35.535011248981469, 44.777023106744601 ], [ 35.534564580921618, 44.775281078391167 ], [ 35.532118869535253, 44.775599193832555 ], [ 35.531672310612215, 44.773857142216769 ], [ 35.529226627286299, 44.774175187821257 ], [ 35.528780177488855, 44.772433112948598 ], [ 35.526334522232155, 44.772751088720668 ], [ 35.525888181549, 44.771008990596627 ], [ 35.523442554370291, 44.771326896540771 ], [ 35.522996322790185, 44.769584775170834 ], [ 35.520550723698264, 44.769902611291542 ], [ 35.517213016805712, 44.766736065137607 ], [ 35.512321890544172, 44.767371407489854 ], [ 35.511876054796119, 44.765629197227462 ], [ 35.509430499549737, 44.765946773282977 ], [ 35.50609362809805, 44.762779789354127 ], [ 35.501202589708562, 44.763414611631291 ], [ 35.497866307433, 44.760247306305381 ], [ 35.492975300840854, 44.760881748162468 ], [ 35.49253014744545, 44.759139383527589 ], [ 35.490084652128274, 44.759456509358088 ], [ 35.489639607730716, 44.757714121538456 ], [ 35.484748633097354, 44.758348183011144 ], [ 35.481413529141832, 44.755180235187964 ], [ 35.476522586628604, 44.755813916311915 ], [ 35.4760780063461, 44.754071420686806 ], [ 35.47118703960291, 44.754704861021871 ], [ 35.47074263687049, 44.752962323108001 ], [ 35.465851645966126, 44.753595522660731 ], [ 35.465407420774341, 44.751852942474329 ], [ 35.460516405777604, 44.752485901251298 ], [ 35.460072358116982, 44.750743278808592 ], [ 35.455181319096653, 44.7513759968164 ], [ 35.454737448957765, 44.749633332133641 ], [ 35.449846385982596, 44.750265809378845 ], [ 35.44940269335595, 44.748523102472241 ], [ 35.444511606494714, 44.749155338961479 ], [ 35.444068091370845, 44.747412589847237 ], [ 35.439176980692309, 44.74804458558711 ], [ 35.438733643061717, 44.746301794281464 ], [ 35.431396881067307, 44.747249350813696 ], [ 35.430953789546322, 44.745506498249547 ], [ 35.423616871400775, 44.746453541740557 ], [ 35.423174025990356, 44.744710627950568 ], [ 35.415836951907586, 44.745657158392952 ], [ 35.415394352608729, 44.743914183409842 ], [ 35.410502906243266, 44.744544912321857 ], [ 35.410060484408838, 44.742801895232681 ], [ 35.407614769616266, 44.743117164652695 ], [ 35.407172456589976, 44.741374124524064 ], [ 35.404726770284093, 44.741689324239047 ], [ 35.404284566054621, 44.73994626107644 ], [ 35.401838908244166, 44.740261391090897 ], [ 35.401396812800201, 44.73851830489977 ], [ 35.396063596030579, 44.737405246631013 ], [ 35.390084603833451, 44.723774865126835 ], [ 35.387639471814481, 44.724089602223486 ], [ 35.386315332302232, 44.718859984010429 ], [ 35.383870366007464, 44.719174613415845 ], [ 35.378778985076714, 44.709029620374174 ], [ 35.376334350172911, 44.709344034471265 ], [ 35.375452682668666, 44.705857440777969 ], [ 35.373008144875662, 44.706171766257427 ], [ 35.371686149329776, 44.700941788980337 ], [ 35.369241777196976, 44.701256006861186 ], [ 35.368360783875083, 44.697769297539793 ], [ 35.365916508846887, 44.698083426835048 ], [ 35.36503581249795, 44.694596663692153 ], [ 35.362591634574763, 44.694910704415335 ], [ 35.361711235127679, 44.691423887468666 ], [ 35.359267154309848, 44.691737839633269 ], [ 35.358387051693541, 44.688250968900554 ], [ 35.355943067981443, 44.688564832520072 ], [ 35.351739866350847, 44.681904704855363 ], [ 35.346412689735551, 44.680788494432662 ], [ 35.342211330921323, 44.674127813655268 ], [ 35.339767764256834, 44.674441253700991 ], [ 35.339328542912277, 44.672697663079987 ], [ 35.336885004877566, 44.673011033601803 ], [ 35.336006818718197, 44.669523802635617 ], [ 35.333563377805554, 44.669837084696738 ], [ 35.333124412969504, 44.66809344435849 ], [ 35.327798760562871, 44.666976136736324 ], [ 35.326921303916826, 44.663488760620332 ], [ 35.32447801744113, 44.66380181523386 ], [ 35.324039417300867, 44.662058102340978 ], [ 35.318714438493664, 44.660940267339249 ], [ 35.317837711029895, 44.657452746190174 ], [ 35.315394579055003, 44.657765573421507 ], [ 35.314956343445026, 44.656021788032341 ], [ 35.312513240164805, 44.65633454578775 ], [ 35.312075112776299, 44.654590737556262 ], [ 35.309632038199361, 44.654903425840281 ], [ 35.309194019021035, 44.65315959477195 ], [ 35.306750973155992, 44.653472213589069 ], [ 35.306313062176571, 44.651728359689308 ], [ 35.303870045031985, 44.652040909044061 ], [ 35.303432242240191, 44.650297032318342 ], [ 35.300989253824696, 44.65060951221524 ], [ 35.300551559209254, 44.648865612668942 ], [ 35.298108599531417, 44.649178023112547 ], [ 35.297671013081015, 44.647434100751106 ], [ 35.295228082149443, 44.647746441745916 ], [ 35.294790603852825, 44.646002496574816 ], [ 35.2923477016761, 44.64631476812535 ], [ 35.291910331521969, 44.644570800149999 ], [ 35.289467458108675, 44.644883002260791 ], [ 35.289030196085754, 44.643139011486603 ], [ 35.286587351444474, 44.643451144162213 ], [ 35.286150197541474, 44.641707130594618 ], [ 35.283707381680784, 44.642019193839545 ], [ 35.283270335886428, 44.640275157483991 ], [ 35.280827548814941, 44.640587151302739 ], [ 35.280390611117923, 44.638843092164642 ], [ 35.277947852844179, 44.63915501656178 ], [ 35.274631572229673, 44.635978684939722 ], [ 35.269746131305268, 44.636602205518997 ], [ 35.269309586275433, 44.634858059213492 ], [ 35.266866874836964, 44.635169724817835 ], [ 35.266430437857984, 44.633425555755451 ], [ 35.263987755261475, 44.633737151956886 ], [ 35.263551426322067, 44.631992960143045 ], [ 35.261108772576087, 44.632304486946076 ], [ 35.260672551664953, 44.630560272386198 ], [ 35.25822992677805, 44.630871729795395 ], [ 35.257793813883929, 44.629127492494909 ], [ 35.255351217864678, 44.629438880514769 ], [ 35.25491521297625, 44.627694620479112 ], [ 35.252472645833201, 44.628005939114175 ], [ 35.252036748939183, 44.626261656348774 ], [ 35.249594210680904, 44.626572905603567 ], [ 35.249158421770026, 44.624828600113844 ], [ 35.246715912405051, 44.625139779992899 ], [ 35.24628023146601, 44.623395451784255 ], [ 35.243837751002893, 44.623706562292135 ], [ 35.243402178024404, 44.621962211370011 ], [ 35.240959726471708, 44.622273252511214 ], [ 35.240524261442488, 44.620528878881039 ], [ 35.238081838808746, 44.620839850660126 ], [ 35.237646481717491, 44.619095454327315 ], [ 35.235204088011258, 44.619406356748812 ], [ 35.234768838846669, 44.617661937718765 ], [ 35.232326474076466, 44.61797277078719 ], [ 35.231891332827281, 44.616228329065365 ], [ 35.229448997001661, 44.616539092785295 ], [ 35.229013963656584, 44.614794628377084 ], [ 35.226571656784067, 44.61510532275301 ], [ 35.223259635850219, 44.611926950935633 ], [ 35.218375098523794, 44.612548011791006 ], [ 35.217940457247053, 44.610803460573592 ], [ 35.215498197849946, 44.611113896397626 ], [ 35.215063664430751, 44.609369322519449 ], [ 35.212621434030787, 44.609679689018243 ], [ 35.209310489325617, 44.606500770479357 ], [ 35.204426105165616, 44.607121175655635 ], [ 35.203991963673843, 44.605376515063696 ], [ 35.201549780926577, 44.605686623067015 ], [ 35.198239667658569, 44.602507272679908 ], [ 35.193355378981174, 44.603127160921694 ], [ 35.19292162931108, 44.601382413691191 ], [ 35.190479494358243, 44.601692263241276 ], [ 35.19004585246384, 44.599947493395781 ], [ 35.185161601372336, 44.600567003362393 ], [ 35.18185266159194, 44.597387018796567 ], [ 35.176968448244885, 44.598006150524753 ], [ 35.17653526645659, 44.596261275408224 ], [ 35.166333773095012, 44.595753903478602 ], [ 35.163026104335415, 44.592573197152149 ], [ 35.158141888433121, 44.593191471407103 ], [ 35.157709342773003, 44.591446449862019 ], [ 35.150382929872144, 44.592373425970358 ], [ 35.149950628765453, 44.590628344482639 ], [ 35.145066294230347, 44.59124603837671 ], [ 35.144634169230329, 44.589500915663166 ], [ 35.139749814734728, 44.590118369942978 ], [ 35.13931786583148, 44.58837320601976 ], [ 35.134433491443239, 44.588990420692376 ], [ 35.134001718626827, 44.587245215575635 ], [ 35.126675068552558, 44.588170602335005 ], [ 35.12624354026832, 44.586425337377037 ], [ 35.118916743124814, 44.587350213038526 ], [ 35.118485459372621, 44.585604888271952 ], [ 35.111158515371876, 44.586529252829806 ], [ 35.110727476151666, 44.584783868287246 ], [ 35.103400385505687, 44.585707721735751 ], [ 35.102969590817288, 44.583962277449757 ], [ 35.093199863215993, 44.58519329939466 ], [ 35.09276938154683, 44.583447776775614 ], [ 35.082999302790256, 44.584677914868912 ], [ 35.082569134158376, 44.582932313971561 ], [ 35.067913255872796, 44.584775891677801 ], [ 35.067483537328847, 44.583030175371192 ], [ 35.047940730422049, 44.58548529646805 ], [ 35.04751159913441, 44.583739427730826 ], [ 34.996201316533401, 44.590168315066478 ], [ 34.99662900737215, 44.591914573057018 ], [ 34.977077176273795, 44.59435794522188 ], [ 34.97750435667448, 44.596104347394864 ], [ 34.965282857873113, 44.597629900251661 ], [ 34.965709733607838, 44.599376391041275 ], [ 34.955931561864773, 44.600595994650938 ], [ 34.956358201503392, 44.602342555536914 ], [ 34.946579134835929, 44.603561421621713 ], [ 34.947005538269906, 44.605308052566095 ], [ 34.939670625314299, 44.606221724906618 ], [ 34.940096861203386, 44.607968407430924 ], [ 34.930316160141793, 44.609186000730588 ], [ 34.930742159631599, 44.610932753247795 ], [ 34.928296818813259, 44.611237043153551 ], [ 34.927870888114242, 44.609490272206301 ], [ 34.92053483989379, 44.610402782159788 ], [ 34.920109154268616, 44.608655952192009 ], [ 34.91521839967178, 44.609264001578786 ], [ 34.914792890315184, 44.607517131033859 ], [ 34.909902118688763, 44.608124940592965 ], [ 34.909476785590464, 44.606378029487026 ], [ 34.902140544761032, 44.607289307963384 ], [ 34.901715456720574, 44.605542337915594 ], [ 34.896824574004825, 44.606149566330096 ], [ 34.896399662204736, 44.604402555760444 ], [ 34.889063255046807, 44.605312962529744 ], [ 34.888638588296097, 44.603565893073913 ], [ 34.881302040339769, 44.604475787852948 ], [ 34.880877618637577, 44.602728659543658 ], [ 34.871095290151899, 44.603941068384735 ], [ 34.870671182334483, 44.602193862896513 ], [ 34.860888512623951, 44.603405385972103 ], [ 34.860464718708208, 44.601658103359973 ], [ 34.84823585940984, 44.603171272986017 ], [ 34.847812448275818, 44.601423894975007 ], [ 34.833136960653803, 44.603237912621282 ], [ 34.832714001226861, 44.601490420982813 ], [ 34.808252469649055, 44.60450953677104 ], [ 34.804961817540118, 44.601315772058065 ], [ 34.800069249461529, 44.601918810757432 ], [ 34.796779187073227, 44.59872473264074 ], [ 34.791886664601094, 44.599327393378957 ], [ 34.791464999540231, 44.597579590697819 ], [ 34.789018749734517, 44.597880826584088 ], [ 34.78859719191594, 44.596133001958052 ], [ 34.783704715207314, 44.596735284773366 ], [ 34.780415832207723, 44.593540580147696 ], [ 34.775523401419626, 44.594142485078393 ], [ 34.775102303099764, 44.592394558169829 ], [ 34.764896473642573, 44.591849681744883 ], [ 34.764475727548621, 44.590101674557943 ], [ 34.762029508500198, 44.590402292826568 ], [ 34.761608869573358, 44.588654263742718 ], [ 34.756716454640262, 44.589255311379453 ], [ 34.756295991797536, 44.587507242189979 ], [ 34.748957289573916, 44.58840837784075 ], [ 34.748537071739946, 44.586660250357347 ], [ 34.738331972591716, 44.586112776247205 ], [ 34.737912106878383, 44.584364568646912 ], [ 34.735465850513236, 44.58466458765043 ], [ 34.735046091901623, 44.582916358199839 ], [ 34.72973402001454, 44.581767937876933 ], [ 34.728894969262747, 44.578271387947353 ], [ 34.726448874212544, 44.578571181750831 ], [ 34.726029474960768, 44.576822883123597 ], [ 34.723583410719208, 44.577122607931962 ], [ 34.723164118513338, 44.575374287477324 ], [ 34.717852897317727, 44.574225187850566 ], [ 34.717014779110563, 44.570728456010464 ], [ 34.714568876266128, 44.571027955703237 ], [ 34.714149943209051, 44.569279566146648 ], [ 34.711704071204657, 44.569578996866859 ], [ 34.711285245137695, 44.567830585505718 ], [ 34.708839403981621, 44.568129947258029 ], [ 34.708420684893291, 44.566381514097671 ], [ 34.705974874593764, 44.566680806886701 ], [ 34.705556262472584, 44.564932351932498 ], [ 34.703110483037861, 44.56523157576293 ], [ 34.702691977872362, 44.563483099020246 ], [ 34.700246229310693, 44.563782253896719 ], [ 34.699827831089358, 44.562033755370919 ], [ 34.697382113408992, 44.562332841298094 ], [ 34.69696382212036, 44.560584320994501 ], [ 34.694518135329524, 44.56088333797706 ], [ 34.694099950962112, 44.559134795901059 ], [ 34.691654295069043, 44.559433743943607 ], [ 34.691236217611362, 44.557685180100563 ], [ 34.688790592624322, 44.55798405920779 ], [ 34.68837262206489, 44.556235473603046 ], [ 34.685927027992079, 44.556534283779605 ], [ 34.685509164319406, 44.554785676418504 ], [ 34.683063601169088, 44.555084417669043 ], [ 34.682645844371692, 44.553335788556971 ], [ 34.680200312152074, 44.553634460886151 ], [ 34.676919617856512, 44.550435740842971 ], [ 34.672028639247536, 44.551032759035508 ], [ 34.671611271904361, 44.549284046603553 ], [ 34.666303087741944, 44.54813207311485 ], [ 34.665468818255803, 44.544634557731449 ], [ 34.66302347179311, 44.544932816630308 ], [ 34.661772558508154, 44.539686462095787 ], [ 34.659327380797968, 44.539984615942437 ], [ 34.658077015128008, 44.534738174544032 ], [ 34.655632006149027, 44.535036223363051 ], [ 34.654382187892239, 44.529789695138192 ], [ 34.651937347623154, 44.53008763895415 ], [ 34.651104462418054, 44.526589899230771 ], [ 34.648659721997632, 44.526887756131401 ], [ 34.647410884483364, 44.521641065217807 ], [ 34.6449663127433, 44.521938817158485 ], [ 34.64413408116571, 44.518440969017568 ], [ 34.641689609265271, 44.518738634075028 ], [ 34.640857666553529, 44.515240735370227 ], [ 34.638413294491855, 44.515538313558032 ], [ 34.63758164057549, 44.512040364306387 ], [ 34.635137368351749, 44.512337855638108 ], [ 34.634306003160319, 44.508839855856685 ], [ 34.631861830773673, 44.509137260345916 ], [ 34.627755893733458, 44.502438426922126 ], [ 34.622452710772997, 44.501283746001661 ], [ 34.619132470080842, 44.487290881444913 ], [ 34.616689040815018, 44.4875878486232 ], [ 34.613786290080469, 44.475343777019859 ], [ 34.611343304211317, 44.475640567422495 ], [ 34.609271384053194, 44.466894604066169 ], [ 34.606828704011633, 44.467191253769158 ], [ 34.605172119930039, 44.46019434641299 ], [ 34.602729676959719, 44.460490873455896 ], [ 34.601073969211107, 44.453493836687727 ], [ 34.598631763258652, 44.453790241108102 ], [ 34.597390583020292, 44.448542371905297 ], [ 34.594948545404733, 44.44883867171459 ], [ 34.590025947365071, 44.438638869956414 ], [ 34.587584246359, 44.438934960617019 ], [ 34.586757842904433, 44.435436212395835 ], [ 34.584316241576929, 44.43573221647582 ], [ 34.583077123538828, 44.430484013417683 ], [ 34.580635690475603, 44.430779912978544 ], [ 34.579809936449649, 44.427281057142544 ], [ 34.577368603055703, 44.42757687015483 ], [ 34.576543136118389, 44.424077964118275 ], [ 34.574101902392776, 44.424373690595537 ], [ 34.573276722474056, 44.420874734375346 ], [ 34.570835588415811, 44.421170374331126 ], [ 34.570010695445625, 44.417671367944266 ], [ 34.567569661053781, 44.417966921392072 ], [ 34.563479800952486, 44.411264225139377 ], [ 34.558186126980743, 44.410105340925362 ], [ 34.557362306312086, 44.406606141172183 ], [ 34.554921602048545, 44.406901366635964 ], [ 34.554098068005985, 44.403402116797231 ], [ 34.548805247537551, 44.402242678133661 ], [ 34.54798221181958, 44.398743335295869 ], [ 34.542689902130888, 44.397583540257152 ], [ 34.541867364559906, 44.394084104474615 ], [ 34.539427021632463, 44.394378933626093 ], [ 34.539015877350948, 44.392629192508764 ], [ 34.536575565601837, 44.39292395315865 ], [ 34.53616452714418, 44.39117419059945 ], [ 34.530873064568006, 44.390013722417308 ], [ 34.530051448173815, 44.386514108011426 ], [ 34.527611298503309, 44.38680864531036 ], [ 34.527200614733189, 44.385058814906941 ], [ 34.524760496271583, 44.385353283726872 ], [ 34.524349918269841, 44.383603431904199 ], [ 34.52190983102517, 44.383897832249787 ], [ 34.521499358780368, 44.382147959013132 ], [ 34.519059302760681, 44.382442290889045 ], [ 34.518648936261393, 44.38069239624371 ], [ 34.516208911474735, 44.380986659654639 ], [ 34.515798650709527, 44.379236743605944 ], [ 34.513358657163948, 44.379530938556528 ], [ 34.512948502121361, 44.377781001109781 ], [ 34.510508539824926, 44.37807512760471 ], [ 34.510098490493547, 44.376325168765213 ], [ 34.507658559454264, 44.376619226809133 ], [ 34.507248615822661, 44.374869246582172 ], [ 34.504808716048565, 44.375163236179773 ], [ 34.504398878105306, 44.373413234570648 ], [ 34.501959009604441, 44.373707155726613 ], [ 34.501549277338093, 44.371957132740626 ], [ 34.499109440118481, 44.372250985459623 ], [ 34.498699813517604, 44.370500941102044 ], [ 34.49626000758731, 44.370794725388734 ], [ 34.495850486640464, 44.369044659664901 ], [ 34.493410712007481, 44.369338375523959 ], [ 34.493001296703248, 44.367588288439165 ], [ 34.490561553375613, 44.367881935875275 ], [ 34.490152243702539, 44.366131827434785 ], [ 34.487712531688288, 44.36642540645262 ], [ 34.484454548497048, 44.363218636130036 ], [ 34.479575212641308, 44.363805469923918 ], [ 34.479166288259421, 44.362055279640614 ], [ 34.476726633114275, 44.362348602835731 ], [ 34.473469477300235, 44.359141413078966 ], [ 34.468590255352673, 44.359727735286718 ], [ 34.468181716152792, 44.357977463234619 ], [ 34.465742118012933, 44.358270530651545 ], [ 34.462485789493876, 44.355062921653165 ], [ 34.457606681726766, 44.355648732363889 ], [ 34.456790410521897, 44.352148021353514 ], [ 34.454350937985744, 44.352440815262426 ], [ 34.453942926409916, 44.350690436709286 ], [ 34.451503485294687, 44.350983162252909 ], [ 34.450687710149964, 44.347482359064401 ], [ 34.448248368916765, 44.347774998481874 ], [ 34.447840605326704, 44.346024573853178 ], [ 34.442554359041715, 44.344859201735645 ], [ 34.441739290663151, 44.341358263890186 ], [ 34.439300112201707, 44.341650680512863 ], [ 34.438892701934122, 44.339900188575179 ], [ 34.43645355493009, 44.340192536863782 ], [ 34.436046250076402, 44.338442023670915 ], [ 34.433607134537773, 44.338734303630147 ], [ 34.433199935086513, 44.33698376918742 ], [ 34.430760851021248, 44.337275980821936 ], [ 34.43035375696099, 44.33552542513462 ], [ 34.425068694601812, 44.334359066521642 ], [ 34.424254964907234, 44.330857866699851 ], [ 34.421816043736072, 44.331149855660094 ], [ 34.421409302701036, 44.329399232771607 ], [ 34.418970413033414, 44.329691153429785 ], [ 34.418563777333929, 44.327940509319177 ], [ 34.416124919177818, 44.328232361680001 ], [ 34.415718388802418, 44.32648169635258 ], [ 34.413279562165776, 44.326773480420727 ], [ 34.412873137103048, 44.325022793881779 ], [ 34.41043434199382, 44.325314509661915 ], [ 34.410028022232332, 44.323563801916713 ], [ 34.407589258658483, 44.323855449413557 ], [ 34.407183044186787, 44.322104720467372 ], [ 34.404744312156282, 44.322396299685586 ], [ 34.401493498557308, 44.319186289155681 ], [ 34.396616123874111, 44.319769123934279 ], [ 34.39621029361362, 44.318018313723712 ], [ 34.393771619427291, 44.318309637563502 ], [ 34.393365894409101, 44.316558806177007 ], [ 34.390927251807597, 44.316850061757712 ], [ 34.390521632020253, 44.315099209200511 ], [ 34.388083021011553, 44.315390396526816 ], [ 34.384833517675666, 44.31217974699809 ], [ 34.379956385287969, 44.312761798091529 ], [ 34.379551149530215, 44.311010864383299 ], [ 34.377112596568118, 44.311301796405637 ], [ 34.373863919263307, 44.308090729344876 ], [ 34.368986903137603, 44.308672269890081 ], [ 34.365738809829267, 44.305460895956358 ], [ 34.360861846875039, 44.306042062472827 ], [ 34.360457273725245, 44.304290987795369 ], [ 34.35801880556884, 44.304581477554109 ], [ 34.357614337541648, 44.302830381765133 ], [ 34.352333133400442, 44.301660039762666 ], [ 34.351524654458252, 44.298157760304314 ], [ 34.349086349803109, 44.298448027818026 ], [ 34.345032037873025, 44.291733503258087 ], [ 34.339752028096221, 44.290562415219327 ], [ 34.335699501686634, 44.28384737027082 ], [ 34.330420344095657, 44.282675732683053 ], [ 34.329613701969294, 44.27917312355931 ], [ 34.324335054636698, 44.278001132626024 ], [ 34.323528905470653, 44.274498432403568 ], [ 34.318250768345578, 44.273326088222433 ], [ 34.317445111963103, 44.26982329695489 ], [ 34.315007635098027, 44.270112691538145 ], [ 34.314604930070033, 44.268361273153083 ], [ 34.312167484994639, 44.268650599623555 ], [ 34.311764884840237, 44.266899160216809 ], [ 34.306487594797701, 44.265726148414977 ], [ 34.305682850428539, 44.262223182103369 ], [ 34.303245569094791, 44.262512286700584 ], [ 34.302843319996761, 44.260760780818771 ], [ 34.30040607048241, 44.261049817325912 ], [ 34.300003926202571, 44.259298290444782 ], [ 34.297566708515454, 44.259587258866546 ], [ 34.297164669042353, 44.257835710991344 ], [ 34.294727483190364, 44.25812461133242 ], [ 34.294325548512568, 44.256373042468404 ], [ 34.291888394503559, 44.256661874733496 ], [ 34.291486564609635, 44.254910284885931 ], [ 34.289049442451471, 44.255199049079749 ], [ 34.288647717329958, 44.253447438253872 ], [ 34.286210627030499, 44.253736134381114 ], [ 34.285809006669979, 44.251984502582182 ], [ 34.283371948237075, 44.252273130647552 ], [ 34.282970432626108, 44.250521477880838 ], [ 34.280533406067626, 44.250810037889039 ], [ 34.280131995194751, 44.249058364159744 ], [ 34.277695000518541, 44.249346856115508 ], [ 34.277293694372347, 44.247595161428912 ], [ 34.27485673158624, 44.247883585336901 ], [ 34.274455530155265, 44.24613186969826 ], [ 34.272018599267128, 44.246420225563227 ], [ 34.271617502539947, 44.244668488977787 ], [ 34.269180603557629, 44.244956776804393 ], [ 34.265941857100195, 44.241741460607059 ], [ 34.261068150436699, 44.242317713615492 ], [ 34.260667436050724, 44.240565896716575 ], [ 34.258230596473375, 44.240853929937543 ], [ 34.257829986743637, 44.239102092116724 ], [ 34.255393179113099, 44.239390057318964 ], [ 34.25215549790061, 44.23617421612083 ], [ 34.247281974148883, 44.236749823960274 ], [ 34.244044875630102, 44.233533677637645 ], [ 34.239171407188998, 44.23410891243396 ], [ 34.235934891341294, 44.230892461085823 ], [ 34.231061478361916, 44.231467322879013 ], [ 34.230661805780962, 44.229715286348977 ], [ 34.228225113184315, 44.230002624002566 ], [ 34.227825545162581, 44.22825056660426 ], [ 34.222952187795983, 44.22882505543437 ], [ 34.219716837222215, 44.225607994331988 ], [ 34.214843535619366, 44.226182110239101 ], [ 34.21444441779542, 44.224429955378042 ], [ 34.209571107920006, 44.225003834317583 ], [ 34.209172162904252, 44.223251641180561 ], [ 34.204298844821871, 44.223825283161062 ], [ 34.203900072603119, 44.222073051764028 ], [ 34.199026746379289, 44.222646456794074 ], [ 34.198628146946334, 44.220894187152922 ], [ 34.193754812646617, 44.221467355241082 ], [ 34.19335638598826, 44.219715047371771 ], [ 34.18848304367819, 44.220287978526599 ], [ 34.18808478978319, 44.218535632445054 ], [ 34.180774710207309, 44.219394597996185 ], [ 34.180376697377071, 44.217642196318806 ], [ 34.17550326701361, 44.218214552572292 ], [ 34.175105426926329, 44.216462112721359 ], [ 34.167795215567594, 44.217320215935594 ], [ 34.167397616532647, 44.215567720544001 ], [ 34.152379476698648, 44.215529855187256 ], [ 34.151982359758478, 44.213777248811645 ], [ 34.142234860941727, 44.214919257490969 ], [ 34.141838053386223, 44.213166578321022 ], [ 34.132090251721991, 44.214307708846519 ], [ 34.131693753563518, 44.212554956936984 ], [ 34.119508533589183, 44.213980145963703 ], [ 34.119112413205706, 44.212227304046486 ], [ 34.104489373008633, 44.213935758450212 ], [ 34.104093698818971, 44.212182809303819 ], [ 34.091907186157869, 44.21360504414492 ], [ 34.091511889827949, 44.21185200517224 ], [ 34.086637170328963, 44.212420510505154 ], [ 34.086242046674549, 44.210667433617957 ], [ 34.083804701519419, 44.210951593136812 ], [ 34.080577454374108, 44.207729469162594 ], [ 34.075702858398259, 44.208297466216372 ], [ 34.075308115896426, 44.206544310207519 ], [ 34.072870832552958, 44.20682821560213 ], [ 34.069644409448195, 44.203605679334061 ], [ 34.064769937261403, 44.204173168200192 ], [ 34.061544097132902, 44.200950328817619 ], [ 34.051401179398518, 44.200331031378191 ], [ 34.048176264208344, 44.197107694988006 ], [ 34.043301903605801, 44.197674202205675 ], [ 34.042908268164304, 44.195920812597038 ], [ 34.038033901424491, 44.196487083051771 ], [ 34.037640438509747, 44.194733655678874 ], [ 34.032766065697942, 44.195299689379446 ], [ 34.032372775298512, 44.193546224258242 ], [ 34.027498396480034, 44.194112021213499 ], [ 34.027105278584436, 44.192358518359868 ], [ 34.022230893824577, 44.192924078578628 ], [ 34.021837948421371, 44.1911705380085 ], [ 34.016963557785388, 44.191735861499616 ], [ 34.016570784863092, 44.189982283228922 ], [ 34.009259136724289, 44.190829837506755 ], [ 34.008866604684265, 44.189076204370508 ], [ 34.003992131229225, 44.189640953257005 ], [ 34.003599771649071, 44.18788728245881 ], [ 33.996287999578172, 44.188733974846066 ], [ 33.995895880866932, 44.1869802492375 ], [ 33.988583993666488, 44.187826434800947 ], [ 33.988192115820333, 44.186072654414467 ], [ 33.980880113697545, 44.186918333154154 ], [ 33.980488476712608, 44.18516449802221 ], [ 33.970738916511188, 44.186291292705214 ], [ 33.970347588825184, 44.18453738572795 ], [ 33.960597733908607, 44.18566330221541 ], [ 33.960206715532941, 44.183909323447679 ], [ 33.945581278892028, 44.18559657714421 ], [ 33.945190706770894, 44.183842492435637 ], [ 33.928126563071196, 44.185808532187735 ], [ 33.927736505758617, 44.18405432457569 ], [ 33.869219349905549, 44.190775783876354 ], [ 33.869607762329217, 44.192530400525825 ], [ 33.852535946866148, 44.194485447839106 ], [ 33.852148014615118, 44.192730712204231 ], [ 33.8472701729984, 44.193288806956417 ], [ 33.846882413202358, 44.191534034107349 ], [ 33.842004567901405, 44.192091892118974 ], [ 33.841616980548608, 44.190337082071608 ], [ 33.836739131628548, 44.190894703351766 ], [ 33.836351716707242, 44.189139856122083 ], [ 33.82903488521962, 44.189975856910522 ], [ 33.828647711336608, 44.188220955555465 ], [ 33.821330769137496, 44.189056449170344 ], [ 33.820943836288421, 44.187301493722423 ], [ 33.813626783585086, 44.188136480164644 ], [ 33.813240091765529, 44.186381470656357 ], [ 33.805922928765206, 44.187215949926888 ], [ 33.805536477970769, 44.185460886390743 ], [ 33.798219204880674, 44.18629485849052 ], [ 33.797832995106944, 44.184539740959025 ], [ 33.785637181455407, 44.185928595592621 ], [ 33.785251350002156, 44.184173390286709 ], [ 33.773055003196667, 44.185560892409072 ], [ 33.772669550096751, 44.183805599412018 ], [ 33.75559367439574, 44.18574585359049 ], [ 33.755208737053756, 44.183990439248269 ], [ 33.691770851544319, 44.191174887302708 ], [ 33.692154001679789, 44.19293073916198 ], [ 33.675070062556934, 44.19485926642367 ], [ 33.675452765876805, 44.196615232562102 ], [ 33.663248564245698, 44.197991311705309 ], [ 33.663630958184442, 44.199747358485801 ], [ 33.648984355913278, 44.201397076891247 ], [ 33.649366371451563, 44.203153220990444 ], [ 33.632276606302788, 44.205075696590356 ], [ 33.632658174336264, 44.206831954634822 ], [ 33.620449813641066, 44.208203709565709 ], [ 33.620831071774504, 44.209960048018239 ], [ 33.611063483352467, 44.211056603225487 ], [ 33.61144450038968, 44.212813005328051 ], [ 33.60167608170967, 44.213908813295298 ], [ 33.602056857547772, 44.215665279008128 ], [ 33.594729972950446, 44.216486650729905 ], [ 33.595110576476586, 44.218243163338208 ], [ 33.580835682866137, 44.221641242052129 ], [ 33.581215941573291, 44.223397848388124 ], [ 33.576330349480358, 44.223944664174489 ], [ 33.576710504718044, 44.225701300688392 ], [ 33.571824636215332, 44.22624794610239 ], [ 33.572204687948904, 44.228004612785917 ], [ 33.564875418734808, 44.228824248892828 ], [ 33.565255297865434, 44.230580962382113 ], [ 33.548151976784915, 44.232491780228983 ], [ 33.548531406884941, 44.234248607019381 ], [ 33.536313367605025, 44.235612031461244 ], [ 33.536692486665864, 44.237368938208249 ], [ 33.526917157719943, 44.238458826814771 ], [ 33.527296034738676, 44.240215796856745 ], [ 33.517519877534532, 44.241304936216643 ], [ 33.517898512408244, 44.243061969513633 ], [ 33.510565825158977, 44.243878338427024 ], [ 33.51094428696792, 44.245635418360784 ], [ 33.503611082154713, 44.246451378037122 ], [ 33.50398937083385, 44.248208504586444 ], [ 33.489699524295119, 44.251596368955838 ], [ 33.490077466519416, 44.253353588672731 ], [ 33.485187662875134, 44.253896793929229 ], [ 33.48556550102208, 44.255654043648498 ], [ 33.480675421298308, 44.256197077882945 ], [ 33.481053155333214, 44.257954357596262 ], [ 33.476162799535459, 44.258497220771055 ], [ 33.476540429423622, 44.260254530470085 ], [ 33.471649797557312, 44.260797222547545 ], [ 33.472027323264037, 44.262554562223947 ], [ 33.467136415334693, 44.263097083166443 ], [ 33.467513836825283, 44.264854452811896 ], [ 33.462622652838419, 44.265396802581812 ], [ 33.462999970078137, 44.267154202187953 ], [ 33.453593986908103, 44.269995817617925 ], [ 33.451902180276562, 44.273781693600405 ], [ 33.447009960778018, 44.274323460481348 ], [ 33.445317633637416, 44.27810930292916 ], [ 33.440424930695237, 44.278650829280139 ], [ 33.438732082851693, 44.282436638110696 ], [ 33.433838896435503, 44.282977923832497 ], [ 33.43421558665883, 44.284735513350931 ], [ 33.431768872575816, 44.285006096036213 ], [ 33.430075329890244, 44.288791863356053 ], [ 33.425181452506251, 44.289332839077126 ], [ 33.425557967943433, 44.291090485305084 ], [ 33.423110908362588, 44.291360912955767 ], [ 33.421416670451684, 44.295146638615847 ], [ 33.39449484765472, 44.298117767022489 ], [ 33.394870562728684, 44.299875618107983 ], [ 33.380183768773918, 44.3014937230027 ], [ 33.380559100939337, 44.303251669672029 ], [ 33.368318817751259, 44.304598765120701 ], [ 33.368693836368394, 44.306356790859709 ], [ 33.34948154617301, 44.310267766665604 ], [ 33.349856076457989, 44.312025917558671 ], [ 33.34251005067091, 44.312832479178702 ], [ 33.342884406255031, 44.314590676199884 ], [ 33.328564987769319, 44.317960806904296 ], [ 33.328938993756132, 44.319719096117552 ], [ 33.32404064559644, 44.320256031197324 ], [ 33.324414546353921, 44.322014350107025 ], [ 33.317066559501832, 44.322819417455563 ], [ 33.317440285314653, 44.324577782415744 ], [ 33.312541317691895, 44.32511427041652 ], [ 33.312914938192357, 44.326872665051276 ], [ 33.308015694932031, 44.327408980703034 ], [ 33.308389210085267, 44.329167405003936 ], [ 33.303489691193377, 44.329703548269038 ], [ 33.303863100964563, 44.331462002227653 ], [ 33.298963306447156, 44.331997973068411 ], [ 33.299336610801419, 44.333756456676298 ], [ 33.28990939381675, 44.336586394182916 ], [ 33.288205251230153, 44.340371245564214 ], [ 33.278776269871415, 44.343200425533844 ], [ 33.279149116418488, 44.344959040944111 ], [ 33.276698443340941, 44.345226585680024 ], [ 33.274993252129541, 44.349011366093301 ], [ 33.270091456733901, 44.349546264192462 ], [ 33.270464126007774, 44.351304935774721 ], [ 33.268013107492642, 44.351572324132746 ], [ 33.268385740918504, 44.353331008997074 ], [ 33.263483462249312, 44.353865664304259 ], [ 33.263855989962742, 44.355624378753433 ], [ 33.261404729803544, 44.35589164569064 ], [ 33.261777221635469, 44.357650373417087 ], [ 33.259325857635737, 44.357917605302745 ], [ 33.25761926575975, 44.361702297409003 ], [ 33.252716088385924, 44.362236569566917 ], [ 33.25308840260702, 44.363995353409756 ], [ 33.250636693075705, 44.364262428728551 ], [ 33.251008971357962, 44.366021225841031 ], [ 33.248557157958828, 44.366288266075415 ], [ 33.248929400290301, 44.368047076456101 ], [ 33.246477483015958, 44.368314081599124 ], [ 33.246849689384739, 44.37007290524663 ], [ 33.244397668227769, 44.370339875291236 ], [ 33.244769838621934, 44.372098712204185 ], [ 33.242317713574977, 44.372365647143418 ], [ 33.242689847982575, 44.374124497320402 ], [ 33.240237619038226, 44.374391397147257 ], [ 33.24060971744732, 44.376150260586861 ], [ 33.238157384598182, 44.37641712529436 ], [ 33.238529446996864, 44.378176001995172 ], [ 33.23607701023554, 44.378442831576329 ], [ 33.236449036611845, 44.38020172153697 ], [ 33.233996495930981, 44.380468515984774 ], [ 33.234368486272956, 44.382227419203851 ], [ 33.231915841665142, 44.382494178511323 ], [ 33.232287795960858, 44.384253094987407 ], [ 33.22983504741871, 44.384519819147549 ], [ 33.230206965656208, 44.386278748879256 ], [ 33.22567303890667, 44.388571034715461 ], [ 33.226416765013212, 44.392088944179989 ], [ 33.223963634593588, 44.392355579120533 ], [ 33.22433547851854, 44.394114545598377 ], [ 33.221882244125325, 44.394381145361535 ], [ 33.222254051941981, 44.396140125090035 ], [ 33.21771904290167, 44.398432212034017 ], [ 33.218462547960634, 44.401950221474507 ], [ 33.216008931527547, 44.402216731920717 ], [ 33.216380664875878, 44.403975748382713 ], [ 33.211844817153732, 44.406267693353563 ], [ 33.21258817312011, 44.409785776248434 ], [ 33.210134174516561, 44.410052197303322 ], [ 33.210505833278809, 44.411811250489755 ], [ 33.208051730630579, 44.412077636314166 ], [ 33.206340732852851, 44.41586213299891 ], [ 33.196894626007648, 44.418686227020508 ], [ 33.195182750188543, 44.422470659326798 ], [ 33.18573487409639, 44.425293990190909 ], [ 33.18610599845897, 44.427053200966618 ], [ 33.183651031699803, 44.427319133890109 ], [ 33.181938100601251, 44.431103492729399 ], [ 33.177027716811487, 44.431635165799371 ], [ 33.175314257780336, 44.435419487779896 ], [ 33.170403389801706, 44.435950916447425 ], [ 33.170774191942861, 44.437710225752738 ], [ 33.16831863690021, 44.437975878967485 ], [ 33.168689402642649, 44.439735201485668 ], [ 33.166233743473072, 44.440000819349116 ], [ 33.164519402409823, 44.44378508652364 ], [ 33.159607633666312, 44.444316129232028 ], [ 33.15997821984373, 44.446075507579387 ], [ 33.157522214399037, 44.446340967770659 ], [ 33.157892764119978, 44.448100359323156 ], [ 33.155436654521139, 44.448365784130161 ], [ 33.15580716777356, 44.450125188886425 ], [ 33.153350954013177, 44.450390578302112 ], [ 33.153721430785062, 44.452149996260715 ], [ 33.151265112855754, 44.452415350278088 ], [ 33.151635553135087, 44.454174781437601 ], [ 33.149179131029463, 44.454440100049645 ], [ 33.149549534804208, 44.456199544408676 ], [ 33.147093008514894, 44.456464827608379 ], [ 33.147463375773022, 44.4582242851655 ], [ 33.145006745292626, 44.458489532945819 ], [ 33.1453770760221, 44.460249003699623 ], [ 33.142920341343235, 44.460514216053582 ], [ 33.143290635532026, 44.462273700002648 ], [ 33.140833796647307, 44.462538876923183 ], [ 33.141204054283378, 44.464298374066082 ], [ 33.136660284938152, 44.466588131914236 ], [ 33.137400687751573, 44.470107175982236 ], [ 33.134943465791707, 44.470372262734728 ], [ 33.135313647519446, 44.47213179646662 ], [ 33.132856321314485, 44.472396847755576 ], [ 33.133226466438991, 44.474156394676292 ], [ 33.13076903598153, 44.474421410494671 ], [ 33.131139144490746, 44.476180970602783 ], [ 33.126594042670717, 44.478470469093871 ], [ 33.127334146972181, 44.481989639069425 ], [ 33.122788447631279, 44.484279051308278 ], [ 33.123528472925415, 44.487798268053659 ], [ 33.121070380113977, 44.488063138736308 ], [ 33.12144037298853, 44.489822758800209 ], [ 33.116893830591721, 44.492112026852048 ], [ 33.115915094004549, 44.499415407250801 ], [ 33.11136760088376, 44.501704560287443 ], [ 33.112107388508697, 44.505223917301613 ], [ 33.109648457997345, 44.505488623231287 ], [ 33.110388239729218, 44.5090080006403 ], [ 33.107929134242418, 44.509272687155722 ], [ 33.106949399427137, 44.516576170245962 ], [ 33.102400248951909, 44.518865150748368 ], [ 33.103509835073503, 44.524144343682082 ], [ 33.101050029355683, 44.524408952438222 ], [ 33.101789781229549, 44.527928431808874 ], [ 33.099329800371628, 44.52819302109959 ], [ 33.100069546195286, 44.531712520860019 ], [ 33.097609390164322, 44.531977090675106 ], [ 33.098719050523805, 44.537256366436473 ], [ 33.096258648584552, 44.537520932909658 ], [ 33.097368401277052, 44.542800230329078 ], [ 33.094907753358839, 44.543064793448828 ], [ 33.09601759836417, 44.548344112526273 ], [ 33.093556704396349, 44.54860867228102 ], [ 33.094666641694296, 44.553888013016447 ], [ 33.092205501606145, 44.554152569394638 ], [ 33.093685608730091, 44.561191713302314 ], [ 33.091224151655005, 44.561456282436545 ], [ 33.093074693245669, 44.570255226103747 ], [ 33.090612848233114, 44.570519824128894 ], [ 33.092463882259636, 44.579318774137207 ], [ 33.090001649126833, 44.579583401044729 ], [ 33.09333500704804, 44.595421468878129 ], [ 33.090872101959121, 44.59568618926604 ], [ 33.097174733699326, 44.62560215597852 ], [ 33.09963884539917, 44.625337160844026 ], [ 33.102980144927322, 44.641174531159926 ], [ 33.105444862129694, 44.64090933849176 ], [ 33.107674351734602, 44.651467353907798 ], [ 33.1101394614941, 44.651202012150605 ], [ 33.111998660987986, 44.660000195181951 ], [ 33.114464092330593, 44.659734720465337 ], [ 33.115580234126043, 44.665013545795389 ], [ 33.118045844840402, 44.664747970476249 ], [ 33.119534795622855, 44.671786297524591 ], [ 33.122000656907012, 44.671520605368372 ], [ 33.12311794153306, 44.676799270571436 ], [ 33.125583982256231, 44.676533477757339 ], [ 33.12632915162132, 44.680052540474001 ], [ 33.128795300609056, 44.679786663198918 ], [ 33.129913524233494, 44.685065186116518 ], [ 33.132379852698413, 44.684799208139957 ], [ 33.133125648263174, 44.688318175961072 ], [ 33.135592085007751, 44.688052113490699 ], [ 33.136711248232949, 44.693330494007178 ], [ 33.13917786449278, 44.693064330791707 ], [ 33.139924286658939, 44.696583203640166 ], [ 33.142391011213519, 44.696316955898041 ], [ 33.143137712632111, 44.699835784237862 ], [ 33.145604545484744, 44.699569451955163 ], [ 33.146351526227164, 44.703088235770259 ], [ 33.148818467381133, 44.702821818933018 ], [ 33.152780316581747, 44.709592751519075 ], [ 33.158088561587881, 44.710818837792083 ], [ 33.15883659181133, 44.714337449375918 ], [ 33.164145372828713, 44.7155631881853 ], [ 33.164893893855542, 44.719081716583027 ], [ 33.170203210947037, 44.720307107828525 ], [ 33.170952222961539, 44.723825552987591 ], [ 33.176262076190007, 44.725050596568877 ], [ 33.177011579376568, 44.728568958436746 ], [ 33.179479318391849, 44.728301760487291 ], [ 33.179854192812243, 44.730060920588592 ], [ 33.182321968804757, 44.729793654253534 ], [ 33.182696948898005, 44.7315527950282 ], [ 33.188007697562846, 44.732777178623884 ], [ 33.188758114890362, 44.736295379807437 ], [ 33.191226073102484, 44.73602789197075 ], [ 33.191601404673811, 44.737786971705013 ], [ 33.194069399835278, 44.737519415458614 ], [ 33.194444837138235, 44.739278475844003 ], [ 33.196912869241494, 44.739010851182847 ], [ 33.197288412288309, 44.740769892214146 ], [ 33.199756481325799, 44.740502199133196 ], [ 33.200132130128701, 44.742261220805119 ], [ 33.202600236092849, 44.741993459299373 ], [ 33.202975990664065, 44.743752461606697 ], [ 33.205444133547317, 44.743484631671109 ], [ 33.205819993899063, 44.745243614608583 ], [ 33.208288173693823, 44.744975716238137 ], [ 33.208664139838334, 44.746734679800511 ], [ 33.211132356537064, 44.746466712990177 ], [ 33.211508428486546, 44.748225657172199 ], [ 33.213976682081658, 44.747957621916953 ], [ 33.214352859848347, 44.749716546713394 ], [ 33.216821150332265, 44.749448443008198 ], [ 33.217197433928376, 44.751207348413772 ], [ 33.21966576129352, 44.750939176253603 ], [ 33.220042150731295, 44.7526980622631 ], [ 33.222510514970082, 44.752429821642949 ], [ 33.222887010261736, 44.754188688251098 ], [ 33.2253554113666, 44.753920379165919 ], [ 33.225732012524354, 44.755679226367455 ], [ 33.228200450487677, 44.755410848812232 ], [ 33.231422445264649, 44.758660038944257 ], [ 33.23635943404495, 44.758122957816717 ], [ 33.236736424244775, 44.759881730388599 ], [ 33.239204938193375, 44.759613095285317 ], [ 33.23958203431053, 44.761371848425597 ], [ 33.244896374701405, 44.762593106443923 ], [ 33.246405814116542, 44.769627945169745 ], [ 33.243936940993102, 44.769896782827487 ], [ 33.245069169467776, 44.775172928991765 ], [ 33.242600047529578, 44.775441763703867 ], [ 33.244109884055696, 44.782476648081975 ], [ 33.24164044178486, 44.782745496230859 ], [ 33.243528158652069, 44.791539114966426 ], [ 33.241058324445852, 44.791807992936995 ], [ 33.243702081380235, 44.80411904565662 ], [ 33.241231712005309, 44.804387986238524 ], [ 33.251821718051012, 44.853631158257286 ], [ 33.254294092677618, 44.853361758099837 ], [ 33.256946347943732, 44.865672061077916 ], [ 33.259419189868026, 44.865402493616493 ], [ 33.265109409128357, 44.891780961500707 ], [ 33.267583293032523, 44.891511095043683 ], [ 33.270241912853152, 44.903820695025196 ], [ 33.272716264851979, 44.903550661009547 ], [ 33.27461668427987, 44.912343057839422 ], [ 33.277091360810985, 44.912072889123102 ], [ 33.27861261197571, 44.919106685292412 ], [ 33.281087541228679, 44.918836398302254 ], [ 33.282229061933783, 44.924111663648887 ], [ 33.284704172035788, 44.923841274832419 ], [ 33.28622697643975, 44.930874852865585 ], [ 33.288702339366061, 44.930604345706456 ], [ 33.289845025519831, 44.935879447369182 ], [ 33.29232056936219, 44.935608838327823 ], [ 33.293082678912022, 44.939125524342444 ], [ 33.295558331718233, 44.93885482989721 ], [ 33.295939510942787, 44.940613151769931 ], [ 33.29098802638763, 44.941154521257829 ], [ 33.290606991123695, 44.939396166381464 ], [ 33.273276197624213, 44.941289193111679 ], [ 33.272895701276823, 44.93953071973857 ], [ 33.20851108663247, 44.946539039880847 ], [ 33.208889709547108, 44.948297940614474 ], [ 33.191550865140066, 44.950178851754053 ], [ 33.191929017953413, 44.951937864146686 ], [ 33.179542726367714, 44.953279879333465 ], [ 33.179920553143646, 44.955038970529664 ], [ 33.160477389017132, 44.958942814408729 ], [ 33.160854707677089, 44.960702030337053 ], [ 33.153421034382639, 44.961505496155041 ], [ 33.153798171050205, 44.963264758056802 ], [ 33.146363969261877, 44.964067800062324 ], [ 33.146740923869174, 44.965827107915551 ], [ 33.139306193666982, 44.966629726002623 ], [ 33.139682966146118, 44.968389079785318 ], [ 33.129769218888953, 44.969458566751733 ], [ 33.130145736892658, 44.971217982747859 ], [ 33.125188511103595, 44.971752443470415 ], [ 33.125564919122716, 44.973511889046087 ], [ 33.111067986790957, 44.976873647534717 ], [ 33.111444030078452, 44.978633184815287 ], [ 33.106485817248767, 44.979166902012231 ], [ 33.106861750414893, 44.980926468836046 ], [ 33.101903254699309, 44.981460008206092 ], [ 33.102279077707713, 44.983219604564475 ], [ 33.097320299112951, 44.983752966069133 ], [ 33.097696011927269, 44.98551259195343 ], [ 33.092736950460115, 44.986045775554217 ], [ 33.093112553043973, 44.987805430955731 ], [ 33.085673484772435, 44.988604860511103 ], [ 33.086048904687665, 44.990364561676671 ], [ 33.061623774371107, 44.994785928926987 ], [ 33.061998538958377, 44.996545786480226 ], [ 33.052077050210372, 44.997609044900237 ], [ 33.052451559380501, 44.999368964333961 ], [ 33.045009863829605, 45.000165903841527 ], [ 33.045384189970925, 45.001925868909836 ], [ 33.030873360272771, 45.005278482214493 ], [ 33.031247320152566, 45.007038538485652 ], [ 33.026285169845821, 45.007569033116653 ], [ 33.026659019037574, 45.009329118773437 ], [ 33.01921531811751, 45.010124514038928 ], [ 33.019588984026271, 45.011884645250049 ], [ 33.014626199795245, 45.012414677587806 ], [ 33.014999754929256, 45.014174838161928 ], [ 33.01003668812713, 45.014704691989657 ], [ 33.010410132449955, 45.016464881918033 ], [ 33.005446783083791, 45.016994557197258 ], [ 33.005820116558986, 45.018754776471205 ], [ 33.000856484635875, 45.019284273163407 ], [ 33.001229707226997, 45.021044521774115 ], [ 32.991674707408897, 45.023863257182455 ], [ 32.989938447876511, 45.027648391593999 ], [ 32.980381629746404, 45.030466337512351 ], [ 32.980754370053674, 45.032226716545104 ], [ 32.97827175792461, 45.032491007883131 ], [ 32.978644459836332, 45.03425140007672 ], [ 32.973678987330395, 45.034779856693177 ], [ 32.971941270117981, 45.038564878074261 ], [ 32.966975301091864, 45.039093082496237 ], [ 32.967347742290642, 45.040853546405202 ], [ 32.964864633641398, 45.041117585548747 ], [ 32.965237036374312, 45.042878062608473 ], [ 32.962753820718348, 45.043142065071308 ], [ 32.961015188066142, 45.046927024412206 ], [ 32.956048294423766, 45.047454829762025 ], [ 32.956420508912259, 45.049215362373076 ], [ 32.95393693793504, 45.049479201935739 ], [ 32.954309113897409, 45.051239747689635 ], [ 32.951825435885532, 45.051503550537838 ], [ 32.952197573309206, 45.05326410943313 ], [ 32.949713788255067, 45.053527875559716 ], [ 32.947974055332097, 45.057312762166404 ], [ 32.943006022769907, 45.057840094652832 ], [ 32.943377971676348, 45.059600709057605 ], [ 32.938409656519184, 45.06012786236623 ], [ 32.938781493986951, 45.061888505993281 ], [ 32.933812896242117, 45.062415480085626 ], [ 32.934184622234653, 45.064176152926194 ], [ 32.929215741909474, 45.064702947763713 ], [ 32.929587356390229, 45.066463649808995 ], [ 32.924618193492066, 45.066990265353212 ], [ 32.924989696424497, 45.068750996594417 ], [ 32.915421914286156, 45.071564450077204 ], [ 32.913679446805723, 45.075349107562381 ], [ 32.904109844018336, 45.078161767516448 ], [ 32.904480861611354, 45.079922628558258 ], [ 32.90199548375427, 45.080185477405202 ], [ 32.90025191757298, 45.083970050783805 ], [ 32.89528069921667, 45.084495548106183 ], [ 32.893536583380119, 45.088280079302777 ], [ 32.888564868189576, 45.08880532324828 ], [ 32.888935545685122, 45.09056628186196 ], [ 32.886449563875246, 45.090828840471637 ], [ 32.886820202494519, 45.092589812176996 ], [ 32.884334113533157, 45.092852333880273 ], [ 32.882589077971971, 45.096636801349938 ], [ 32.877616437272771, 45.09716164413782 ], [ 32.877986886138267, 45.098922671131369 ], [ 32.875500441554415, 45.099185029117351 ], [ 32.875870851483064, 45.100946069194613 ], [ 32.873384299719895, 45.101208390240345 ], [ 32.873754670699043, 45.102969443399843 ], [ 32.871268011748974, 45.103231727498184 ], [ 32.871638343765987, 45.104992793738447 ], [ 32.869151577621437, 45.105255040882177 ], [ 32.869521870663711, 45.107016120201727 ], [ 32.867034997317077, 45.107278330383693 ], [ 32.86740525137197, 45.109039422781059 ], [ 32.864918270815679, 45.109301595994026 ], [ 32.865288485870529, 45.111062701467738 ], [ 32.862801398096991, 45.111324837704544 ], [ 32.863171574139187, 45.113085956253151 ], [ 32.860684379140821, 45.113348055506577 ], [ 32.861054516157708, 45.115109187128596 ], [ 32.858567213926911, 45.115371249391472 ], [ 32.858937311905862, 45.117132394085417 ], [ 32.856449902435067, 45.117394419350546 ], [ 32.856819961363399, 45.119155577114959 ], [ 32.854332444645017, 45.119417565375159 ], [ 32.854702464510105, 45.121178736208563 ], [ 32.85009709008942, 45.123463785586267 ], [ 32.850837007580324, 45.126986176592823 ], [ 32.848349095882817, 45.12724806978698 ], [ 32.848719032569342, 45.129009276891786 ], [ 32.846231013583782, 45.129271133050104 ], [ 32.846600911153892, 45.131032353218679 ], [ 32.84199440972931, 45.133317187629792 ], [ 32.842734082411184, 45.136839677288087 ], [ 32.840245668278271, 45.137101438280034 ], [ 32.8406154825039, 45.138862694706631 ], [ 32.836008107300948, 45.141147374968092 ], [ 32.836747613127791, 45.144669937129159 ], [ 32.832139617690729, 45.14695452421148 ], [ 32.832879034859708, 45.150477132748868 ], [ 32.830389937412654, 45.150738740285078 ], [ 32.830020285090093, 45.148977421501954 ], [ 32.825042134588927, 45.149500445388938 ], [ 32.821814245607463, 45.146239135573538 ], [ 32.816836184004913, 45.14676177712559 ], [ 32.813608915479989, 45.143500168730966 ], [ 32.803284085257268, 45.142782982010473 ], [ 32.800057803655911, 45.139520883466787 ], [ 32.795079931004473, 45.140042516306586 ], [ 32.794711503748424, 45.138280966859021 ], [ 32.789733641856081, 45.138802355527659 ], [ 32.789365395156715, 45.137040771329225 ], [ 32.77904163776585, 45.136321197264152 ], [ 32.775817076068776, 45.133058225812206 ], [ 32.770839325675823, 45.133578744071123 ], [ 32.767615384296299, 45.130315474606469 ], [ 32.762637723833627, 45.130835610811722 ], [ 32.759414402734059, 45.127572043438576 ], [ 32.74909225058019, 45.126849493755692 ], [ 32.745869916223761, 45.123585437312023 ], [ 32.740892447461711, 45.124104565507132 ], [ 32.740525892724484, 45.122342663523028 ], [ 32.735548435408859, 45.122861547686021 ], [ 32.735182061054594, 45.121099611120165 ], [ 32.730204615253584, 45.121618251262134 ], [ 32.729838421268163, 45.11985628013101 ], [ 32.722372219325777, 45.120633794701696 ], [ 32.722006279001093, 45.118871773191913 ], [ 32.717028788977906, 45.119389819154364 ], [ 32.716663028994972, 45.117627763119437 ], [ 32.711685550723779, 45.118145565092576 ], [ 32.71131997106842, 45.116383474548876 ], [ 32.703853720860394, 45.117159731907549 ], [ 32.703488394831723, 45.115397591066291 ], [ 32.696022061473663, 45.116173323201252 ], [ 32.695656989063529, 45.114411132096301 ], [ 32.68819057277539, 45.115186339013746 ], [ 32.687825753975645, 45.113424097678966 ], [ 32.680359254977361, 45.114198779385113 ], [ 32.679994689779839, 45.112436487854374 ], [ 32.670039180610949, 45.113468590319727 ], [ 32.66967494234391, 45.111706232865664 ], [ 32.657230167084677, 45.112995087318687 ], [ 32.656866329102165, 45.111232648254095 ], [ 32.641931932014771, 45.112777426502333 ], [ 32.641568567707679, 45.111014890189345 ], [ 32.611697037136622, 45.114098520875991 ], [ 32.611334586922553, 45.112335793269686 ], [ 32.598887061774043, 45.113618302749941 ], [ 32.599249144916215, 45.115381108744316 ], [ 32.564390608096026, 45.118965285127331 ], [ 32.56475169624531, 45.120728307378847 ], [ 32.549809883174717, 45.122261286401219 ], [ 32.550170563633003, 45.124024399549555 ], [ 32.537717770206868, 45.125300497339872 ], [ 32.538078116305243, 45.127063685690544 ], [ 32.52811498903435, 45.128083668620668 ], [ 32.528475074178687, 45.129846916523093 ], [ 32.521002159225795, 45.130611391710325 ], [ 32.521362056885579, 45.132374683548498 ], [ 32.511397411147698, 45.133393300935673 ], [ 32.511757047661284, 45.13515665225178 ], [ 32.506774378483762, 45.135665672668203 ], [ 32.507133900970523, 45.137429052309642 ], [ 32.499659427588178, 45.13819223028085 ], [ 32.500018762386432, 45.139955653789826 ], [ 32.495035467079056, 45.140464203950003 ], [ 32.49539468776328, 45.142227655760948 ], [ 32.487919275276866, 45.142990128188046 ], [ 32.488278308154086, 45.144753623829438 ], [ 32.480802376492946, 45.145515663457601 ], [ 32.480443564606709, 45.143752121222441 ], [ 32.450537743549063, 45.146795298400477 ], [ 32.450895671139016, 45.148559026729842 ], [ 32.425969781910979, 45.151089300189803 ], [ 32.426327005156686, 45.152853180488542 ], [ 32.411369445808162, 45.15436887818116 ], [ 32.411726259387201, 45.156132848416128 ], [ 32.401753599098427, 45.157142308683703 ], [ 32.402110150425074, 45.158906337900632 ], [ 32.382518653255289, 45.162686971035903 ], [ 32.382874679757542, 45.164451118088067 ], [ 32.368267410836154, 45.16772566095235 ], [ 32.368623059862195, 45.169489894895641 ], [ 32.363634873177872, 45.169992964826911 ], [ 32.363990407262953, 45.171757226798981 ], [ 32.356507659293698, 45.17251147741873 ], [ 32.356863004488169, 45.174275782787596 ], [ 32.351874193905743, 45.17477838029771 ], [ 32.352229424071943, 45.176542713671829 ], [ 32.347240334391095, 45.177045128300904 ], [ 32.347595449492246, 45.178809489671181 ], [ 32.342606080722312, 45.179311721380799 ], [ 32.342961080721636, 45.181076110738118 ], [ 32.337971432872003, 45.181578159489924 ], [ 32.338326317732708, 45.183342576825169 ], [ 32.333336390812732, 45.183844442580771 ], [ 32.333691160498049, 45.18560888788484 ], [ 32.324065123957872, 45.188376543517663 ], [ 32.322278795481303, 45.192156243546997 ], [ 32.31728781786277, 45.19265748384656 ], [ 32.315500929908318, 45.196437135260481 ], [ 32.310509459680368, 45.196938116109592 ], [ 32.308722012044747, 45.200717718820627 ], [ 32.303730049184161, 45.201218440117323 ], [ 32.304084118406223, 45.202983062911379 ], [ 32.301588013812612, 45.203233358652746 ], [ 32.299799816729504, 45.207012899579439 ], [ 32.294807147583363, 45.207513284852993 ], [ 32.295161018539815, 45.209277960722901 ], [ 32.292664560791728, 45.209528088417414 ], [ 32.293018390328655, 45.211292776871502 ], [ 32.290521825752492, 45.211542866364653 ], [ 32.290875613856969, 45.213307567401394 ], [ 32.288378942445391, 45.213557618685897 ], [ 32.288732689104485, 45.215322332303735 ], [ 32.286235910850202, 45.215572345372344 ], [ 32.284446394676095, 45.219351785190469 ], [ 32.279452378067624, 45.219851604892334 ], [ 32.279805926133342, 45.221616371534687 ], [ 32.277308794624687, 45.221866216378785 ], [ 32.277662301183078, 45.223630995593709 ], [ 32.275165062805272, 45.223880802187885 ], [ 32.275518527843388, 45.22564559397383 ], [ 32.273021182589098, 45.225895362310823 ], [ 32.273374606093988, 45.227660166666226 ], [ 32.268732976885438, 45.229924405462917 ], [ 32.269439690352684, 45.233454061729503 ], [ 32.266941950184773, 45.233703730528738 ], [ 32.267295281677541, 45.235468569871117 ], [ 32.264797434593774, 45.235718200381939 ], [ 32.265150724498639, 45.23748305228812 ], [ 32.262652770491684, 45.237732644503261 ], [ 32.263006018795636, 45.239497508971709 ], [ 32.260507957858202, 45.239747062883907 ], [ 32.260861164548288, 45.241511939913025 ], [ 32.256217886915927, 45.243775822387761 ], [ 32.25692416641764, 45.247305623970334 ], [ 32.254425710337152, 45.24755507819502 ], [ 32.254778824759825, 45.249319990188454 ], [ 32.250134664435876, 45.251583708176383 ], [ 32.250840759230762, 45.255113579673043 ], [ 32.248341907874, 45.255362934132421 ], [ 32.24869492989901, 45.257127881079676 ], [ 32.244049886486792, 45.259391434414688 ], [ 32.242962441188006, 45.266700591496587 ], [ 32.238316398127061, 45.268964007809849 ], [ 32.237228242880619, 45.276273209143469 ], [ 32.232581199606791, 45.278536488250573 ], [ 32.233286869273108, 45.282066558553659 ], [ 32.230786682357156, 45.282315643736403 ], [ 32.231492333652277, 45.285845733717807 ], [ 32.228991965132373, 45.286094795708053 ], [ 32.229697598026156, 45.289624905366736 ], [ 32.227197047868124, 45.289873944153705 ], [ 32.228255518532947, 45.295169134103524 ], [ 32.225754712177419, 45.295418164916974 ], [ 32.22646037347365, 45.298948308524515 ], [ 32.223959385394927, 45.299197316111716 ], [ 32.22357523755565, 45.31003681885322 ], [ 32.221073736757724, 45.310285810431502 ], [ 32.221779473115575, 45.313816002258598 ], [ 32.219277790458385, 45.314064970575501 ], [ 32.220689356674214, 45.321125382773779 ], [ 32.218187342860411, 45.321374358292964 ], [ 32.218508802607417, 45.335744218625074 ], [ 32.216006126098506, 45.33599320851156 ], [ 32.216712180047487, 45.339523446625833 ], [ 32.214209321441885, 45.339772413199725 ], [ 32.214915356701944, 45.343302670987654 ], [ 32.212412315965345, 45.343551614238052 ], [ 32.213118332506184, 45.3470818916986 ], [ 32.210615109604319, 45.347330811614668 ], [ 32.211674155325461, 45.352626253263146 ], [ 32.209170675456051, 45.352875165068454 ], [ 32.209876719846804, 45.356405476472382 ], [ 32.20737305772672, 45.356654364920374 ], [ 32.208432145142098, 45.361949857482685 ], [ 32.205928225928986, 45.362198737795175 ], [ 32.206987383177442, 45.367494251765052 ], [ 32.204483206796887, 45.367743123929451 ], [ 32.205542433848699, 45.373038659306808 ], [ 32.203038000226222, 45.373287523310566 ], [ 32.204450461414673, 45.380348260292358 ], [ 32.201945695591228, 45.380597131355294 ], [ 32.203358380643174, 45.387657886084952 ], [ 32.200853282490996, 45.387906764194604 ], [ 32.202972842263833, 45.398497906713651 ], [ 32.200467261746596, 45.398746822327226 ], [ 32.203294575146529, 45.412868316378599 ], [ 32.200788361969344, 45.413117299967489 ], [ 32.20751021204034, 45.446655444901388 ], [ 32.210017851727969, 45.446406171586268 ], [ 32.212852249574752, 45.460527081586626 ], [ 32.215360457746009, 45.460277632155822 ], [ 32.217488087539842, 45.470868109277866 ], [ 32.219996714083685, 45.470618514178724 ], [ 32.221771019620505, 45.479443760831792 ], [ 32.22427998946381, 45.479194035279903 ], [ 32.225345193557985, 45.484489104855435 ], [ 32.227854356264451, 45.48423927938083 ], [ 32.228920082617201, 45.489534278644584 ], [ 32.231429438217283, 45.489284353221784 ], [ 32.232495687036462, 45.494579282140315 ], [ 32.235005235560656, 45.494329256743796 ], [ 32.239649042908958, 45.50466877801567 ], [ 32.242158977372824, 45.504418552595183 ], [ 32.242870822665267, 45.507948367106636 ], [ 32.245380874795451, 45.507698056955874 ], [ 32.246093002872023, 45.511227829932565 ], [ 32.248603172673427, 45.51097743503697 ], [ 32.249671838647153, 45.516272028086526 ], [ 32.252182201492879, 45.516021533101558 ], [ 32.252894961483328, 45.51955121750548 ], [ 32.258272469840193, 45.520814811298344 ], [ 32.258985729805055, 45.524344417976593 ], [ 32.261496370340367, 45.524093683956565 ], [ 32.262209913465362, 45.527623249020309 ], [ 32.264720671696374, 45.527372430182858 ], [ 32.270088100618928, 45.541239462482444 ], [ 32.272599395995798, 45.540988412519752 ], [ 32.273671433122999, 45.546282535756326 ], [ 32.276182921709065, 45.546031385543365 ], [ 32.27761307078422, 45.55309011670596 ], [ 32.280124828093598, 45.552838850841155 ], [ 32.280840252723543, 45.556368169228392 ], [ 32.283352127819306, 45.556116818438184 ], [ 32.288011946709965, 45.566453118204684 ], [ 32.290524208437098, 45.566201566734897 ], [ 32.291240617694058, 45.5697307488972 ], [ 32.293752997241064, 45.569479112448285 ], [ 32.294469690590212, 45.57300825282563 ], [ 32.29698218796193, 45.572756531383 ], [ 32.297699165478747, 45.576285629959344 ], [ 32.300211780679994, 45.576033823508503 ], [ 32.300929042439975, 45.579562880267829 ], [ 32.303441775475591, 45.579310988794184 ], [ 32.304159321554266, 45.582840003720442 ], [ 32.306672172429053, 45.582588027209489 ], [ 32.310621086563437, 45.589393869935797 ], [ 32.316006485022093, 45.590653953073435 ], [ 32.316725102414708, 45.594182806022857 ], [ 32.32211107233794, 45.595442540525134 ], [ 32.322830192377126, 45.598971315159126 ], [ 32.328216733839035, 45.600230700921713 ], [ 32.328936356721492, 45.603759397187325 ], [ 32.331449923556711, 45.603506786227271 ], [ 32.331809860745174, 45.605271114758096 ], [ 32.337197167301419, 45.606529994061404 ], [ 32.337917511376354, 45.610058575442331 ], [ 32.340431280479905, 45.609805739920553 ], [ 32.340791578332251, 45.611570010989837 ], [ 32.343305389631681, 45.611317105755703 ], [ 32.343665796591964, 45.613081358582029 ], [ 32.346179650079719, 45.612828383630166 ], [ 32.346540166161184, 45.614592618208192 ], [ 32.349054061829698, 45.614339573533215 ], [ 32.349414687045602, 45.616103789857625 ], [ 32.354803339258218, 45.6173616893823 ], [ 32.355525059813928, 45.620890046209823 ], [ 32.358039157646843, 45.620636776838339 ], [ 32.358400143862632, 45.622400935593873 ], [ 32.360914283848871, 45.622147596473674 ], [ 32.361275379262509, 45.623911736952984 ], [ 32.363789561394469, 45.623658328078704 ], [ 32.364150766019229, 45.625422450276446 ], [ 32.366664990289344, 45.625168971642687 ], [ 32.367026304138484, 45.626933075553509 ], [ 32.369540570539144, 45.626679527154941 ], [ 32.372777834487223, 45.629954061925723 ], [ 32.377806502185699, 45.629446631779956 ], [ 32.37816821947488, 45.631210665274153 ], [ 32.380682578631678, 45.630956853290549 ], [ 32.381044405201088, 45.63272086847229 ], [ 32.383558806447674, 45.632466986701147 ], [ 32.383920742310551, 45.634230983565139 ], [ 32.386435185639307, 45.63397703200107 ], [ 32.389673870701877, 45.637250949391962 ], [ 32.394702892004119, 45.63674271279865 ], [ 32.395065231524683, 45.638506639129531 ], [ 32.397579767405581, 45.638252423891963 ], [ 32.400819352430126, 45.641525936465271 ], [ 32.405848558665681, 45.641017172453786 ], [ 32.406211301976349, 45.642781028175499 ], [ 32.408725930271643, 45.642526549210608 ], [ 32.411966415385272, 45.64579965676036 ], [ 32.416995806278578, 45.645290365223175 ], [ 32.420236930751216, 45.648563174166327 ], [ 32.430659371691249, 45.649307299680295 ], [ 32.433901514103944, 45.652579617780411 ], [ 32.438931122062229, 45.652069302084314 ], [ 32.439295043740515, 45.653832948331349 ], [ 32.444324667934829, 45.653322384354766 ], [ 32.444688774830837, 45.655085996562654 ], [ 32.449718415190866, 45.654575184293854 ], [ 32.450082707319638, 45.656338762445813 ], [ 32.455112363775015, 45.655827701873065 ], [ 32.455476841151558, 45.657591245952275 ], [ 32.46302129908365, 45.656824201228147 ], [ 32.46338603742462, 45.658587695576458 ], [ 32.468415658109713, 45.658076029839492 ], [ 32.468780581727444, 45.659839490074148 ], [ 32.479204979487037, 45.660578839679971 ], [ 32.47957027370321, 45.662342231636927 ], [ 32.482085124680097, 45.662086053373258 ], [ 32.48281596629419, 45.665612797472946 ], [ 32.485330934743132, 45.665356533609682 ], [ 32.485696482164776, 45.667119885745834 ], [ 32.491092201426994, 45.66837048183217 ], [ 32.491823768909882, 45.671897109240639 ], [ 32.494338938344072, 45.671640619863922 ], [ 32.494704848767896, 45.673403913635099 ], [ 32.497220059944894, 45.673147354300681 ], [ 32.497586080080062, 45.674910629549089 ], [ 32.500101332992166, 45.674654000251635 ], [ 32.500467462851923, 45.676417256971881 ], [ 32.502982757491452, 45.676160557706034 ], [ 32.503348997089034, 45.677923795892731 ], [ 32.505864333448294, 45.677667026653161 ], [ 32.506230682796939, 45.679430246300932 ], [ 32.508746060868241, 45.679173407082281 ], [ 32.509112519981208, 45.680936608185782 ], [ 32.511627939756849, 45.680679698982694 ], [ 32.511994508647369, 45.682442881536517 ], [ 32.514509970119647, 45.682185902343662 ], [ 32.514876648800971, 45.683949066342464 ], [ 32.51739215196217, 45.68369201715447 ], [ 32.517758940447564, 45.685455162592852 ], [ 32.520274485289967, 45.685198043404391 ], [ 32.520641383592661, 45.686961170277002 ], [ 32.523156970108587, 45.686703981082715 ], [ 32.523523978241819, 45.688467089384154 ], [ 32.526039606423559, 45.688209830178707 ], [ 32.526406724400573, 45.689972919903582 ], [ 32.528922394240404, 45.689715590681629 ], [ 32.52928962207443, 45.69147866182459 ], [ 32.531805333564641, 45.691221262580761 ], [ 32.532172671268953, 45.692984315136421 ], [ 32.534688424401814, 45.692726845865408 ], [ 32.537939224242038, 45.695995355889735 ], [ 32.542970862885404, 45.695480082918777 ], [ 32.543338606046149, 45.69724306392505 ], [ 32.545854449903494, 45.696985330251131 ], [ 32.546222302990245, 45.69874829264441 ], [ 32.548738188448873, 45.698490488920697 ], [ 32.551990151505549, 45.701758484068023 ], [ 32.557022054586227, 45.70124254209852 ], [ 32.560274658013363, 45.704510236757024 ], [ 32.565306658930766, 45.703993905926573 ], [ 32.565675213399949, 45.705756743604688 ], [ 32.568191238288819, 45.705498480964899 ], [ 32.568559902768989, 45.707261299989469 ], [ 32.573592001363956, 45.706744580249705 ], [ 32.576845885653867, 45.71001167361031 ], [ 32.587279438439097, 45.710739938842707 ], [ 32.587648770438243, 45.712502635758938 ], [ 32.590164900021563, 45.712243859760896 ], [ 32.590903818506881, 45.715769213334063 ], [ 32.596305940133973, 45.717014075985503 ], [ 32.600301489867377, 45.723805560812252 ], [ 32.602818012650133, 45.72354645680938 ], [ 32.603187998295056, 45.725309051570832 ], [ 32.605704562518476, 45.725049877419664 ], [ 32.606444788555009, 45.728575026614671 ], [ 32.611848433342757, 45.729818990572042 ], [ 32.612589169019117, 45.733344059071051 ], [ 32.615106009167327, 45.733084642728578 ], [ 32.615476504452076, 45.734847156794032 ], [ 32.620880914527504, 45.736090608887793 ], [ 32.621622380592953, 45.739615559129433 ], [ 32.624139420805541, 45.739355916366151 ], [ 32.62451028135284, 45.741118371283434 ], [ 32.62702736295973, 45.740858658322125 ], [ 32.627398333814455, 45.742621094474181 ], [ 32.632803702355311, 45.743863875317551 ], [ 32.633546119860782, 45.747388669635576 ], [ 32.636063401464114, 45.747128730159474 ], [ 32.636434737817964, 45.748891107089435 ], [ 32.638952060787084, 45.748631097389826 ], [ 32.639323507511889, 45.750393455531672 ], [ 32.641840871838966, 45.750133375603227 ], [ 32.642212428947985, 45.751895714951559 ], [ 32.644729834625224, 45.751635564788941 ], [ 32.645101502131709, 45.753397885338373 ], [ 32.647618949151273, 45.753137664936247 ], [ 32.647990727068482, 45.754899966681357 ], [ 32.650508215422548, 45.754639676034394 ], [ 32.650880103763718, 45.756401958969761 ], [ 32.653397633444477, 45.756141598072638 ], [ 32.653769632222861, 45.75790386219289 ], [ 32.656287203222476, 45.757643431040279 ], [ 32.659549144454544, 45.760907401400267 ], [ 32.664584417090033, 45.760386203699724 ], [ 32.664956823147094, 45.76214839541197 ], [ 32.667474483453596, 45.761887699118361 ], [ 32.667847000003576, 45.763649871989671 ], [ 32.670364701587033, 45.763389105418092 ], [ 32.670737328643199, 45.765151259443059 ], [ 32.673255071495788, 45.764890422588167 ], [ 32.676518441293545, 45.768153766933878 ], [ 32.681554057376651, 45.76763175771363 ], [ 32.681927091927982, 45.769393839213073 ], [ 32.684444923878807, 45.76913273712983 ], [ 32.687709197858361, 45.772395671117806 ], [ 32.692744991963245, 45.771873131370789 ], [ 32.696009907832, 45.775135762907858 ], [ 32.701045797317477, 45.774612833185842 ], [ 32.701419536620087, 45.776374788311266 ], [ 32.703937505178686, 45.776113225947263 ], [ 32.704685239789583, 45.779637095459492 ], [ 32.707203325423045, 45.779375446771304 ], [ 32.707951350840389, 45.7828992726065 ], [ 32.710469553552841, 45.782637537579511 ], [ 32.714484796908941, 45.789423236772286 ], [ 32.719896143570445, 45.790661199720283 ], [ 32.723913269428259, 45.797446405099009 ], [ 32.726431981633439, 45.797184254179278 ], [ 32.726806815309885, 45.798946040293657 ], [ 32.732219307574773, 45.800183294413962 ], [ 32.732969453023358, 45.803706787860833 ], [ 32.738382518196133, 45.804943687410031 ], [ 32.739133176771333, 45.808467099086933 ], [ 32.741652246497267, 45.808204564046541 ], [ 32.742027704103272, 45.809966249432364 ], [ 32.744546814922728, 45.809703643960155 ], [ 32.744922383419116, 45.811465310357704 ], [ 32.750336407706968, 45.812701535500452 ], [ 32.751088023269702, 45.816224789364902 ], [ 32.753607333323536, 45.815961956505767 ], [ 32.753983269510094, 45.817723562959671 ], [ 32.756502620628453, 45.817460659643316 ], [ 32.756878667769016, 45.819222247085918 ], [ 32.759398059943969, 45.818959273306987 ], [ 32.75977421805181, 45.820720841732893 ], [ 32.762293651275435, 45.820457797486121 ], [ 32.762669920363827, 45.822219346889867 ], [ 32.765189394628187, 45.821956232169896 ], [ 32.765565774710367, 45.823717762546046 ], [ 32.768085290007541, 45.823454577347569 ], [ 32.771357939528407, 45.826714325313084 ], [ 32.736079904066258, 45.830395178414442 ], [ 32.735704366652648, 45.82863346120169 ], [ 32.733184320984762, 45.828895955066038 ], [ 32.733559782318935, 45.830657688319867 ], [ 32.705836140667451, 45.833541704204499 ], [ 32.706210799701083, 45.835303610771533 ], [ 32.691086579367308, 45.836874029239539 ], [ 32.691460816338825, 45.838636028859234 ], [ 32.678855961517378, 45.839943292875525 ], [ 32.679229852399033, 45.841705369473985 ], [ 32.669145037873193, 45.842750263845666 ], [ 32.669518658716434, 45.844512401393715 ], [ 32.651868362243512, 45.846338980037032 ], [ 32.65149527497217, 45.844576730841816 ], [ 32.626278379054753, 45.847181335929442 ], [ 32.625906088996906, 45.845418924610684 ], [ 32.590597686021013, 45.849055987968008 ], [ 32.590968907899203, 45.850818621653332 ], [ 32.565743711242021, 45.853410136318722 ], [ 32.566114204136802, 45.855172925579772 ], [ 32.541254559666172, 45.859522085198286 ], [ 32.5416243574699, 45.861285026869353 ], [ 32.531531019041964, 45.862318110550916 ], [ 32.531900545507703, 45.86408111253467 ], [ 32.519282716443456, 45.86537131719475 ], [ 32.518913572260352, 45.863608236309446 ], [ 32.493676102722759, 45.86618439074114 ], [ 32.493307757688228, 45.864421149444659 ], [ 32.460494916676922, 45.867761776248486 ], [ 32.460862266900364, 45.86952522188686 ], [ 32.435616920581666, 45.872088805182756 ], [ 32.435983539254565, 45.873852404813761 ], [ 32.420834232861033, 45.875388023757779 ], [ 32.421200425994883, 45.877151714511761 ], [ 32.408574683024945, 45.878429970808135 ], [ 32.408940527056146, 45.88019373694916 ], [ 32.40136444241093, 45.88096008101666 ], [ 32.401730090525525, 45.882723891230782 ], [ 32.391627860904386, 45.883744979610505 ], [ 32.391993236341392, 45.885508849488907 ], [ 32.384415976688942, 45.886274137857875 ], [ 32.384781156048206, 45.888038051753931 ], [ 32.379729326103266, 45.888548001470795 ], [ 32.380094386039708, 45.890311943763962 ], [ 32.359520646676621, 45.890585610020096 ], [ 32.359885092694441, 45.892349677001107 ], [ 32.324513602409141, 45.895907274535283 ], [ 32.324877007334464, 45.897671556441388 ], [ 32.307188234506299, 45.899446436348285 ], [ 32.307551135441223, 45.901210824101867 ], [ 32.294914898772468, 45.902477028486274 ], [ 32.295277449196874, 45.904241490964338 ], [ 32.287695071055161, 45.90500060211221 ], [ 32.288057424605071, 45.906765108282521 ], [ 32.277946806721893, 45.907776550631652 ], [ 32.278308886411565, 45.909541115944158 ], [ 32.270725337864164, 45.910299168187166 ], [ 32.271087220518318, 45.91206377713619 ], [ 32.256280205871839, 45.915343192002645 ], [ 32.256641694240862, 45.917107888154149 ], [ 32.251584960291382, 45.91761241626876 ], [ 32.251946328398361, 45.919377140547553 ], [ 32.214015377077509, 45.923154333811077 ], [ 32.21437562355807, 45.924919286587695 ], [ 32.191612729954592, 45.927179810360769 ], [ 32.191972316363213, 45.928944898807281 ], [ 32.176795082057041, 45.930449534690993 ], [ 32.177154239345519, 45.932214712538176 ], [ 32.164505237235439, 45.933467141297875 ], [ 32.16486404233725, 45.935232393111072 ], [ 32.157274007968979, 45.935983236780167 ], [ 32.157632615062305, 45.93774853184938 ], [ 32.147511792289102, 45.938748948358835 ], [ 32.147870124117333, 45.940514301972499 ], [ 32.074475951856272, 45.947741446279082 ], [ 32.074832076887127, 45.949507239845566 ], [ 32.059643116978599, 45.950996824248769 ], [ 32.059998811310045, 45.952762706375914 ], [ 32.04734004507965, 45.954002588568194 ], [ 32.047695385858638, 45.955768543968119 ], [ 32.027793771582708, 45.959515687113168 ], [ 32.028148559593994, 45.961281758529751 ], [ 32.02055141015596, 45.962023841417214 ], [ 32.020905999039954, 45.963789955625685 ], [ 32.015840912381556, 45.964284432337841 ], [ 32.016195379505099, 45.966050574170481 ], [ 32.008597269027469, 45.966791921335414 ], [ 32.008951536899296, 45.968558105921126 ], [ 32.001352896374428, 45.969299002416349 ], [ 32.001706964923237, 45.971065229731309 ], [ 31.978908561585136, 45.973285078154497 ], [ 31.979261965726703, 45.975051438831542 ], [ 31.956460191657705, 45.977266956053221 ], [ 31.956812930966827, 45.979033449845964 ], [ 31.941609800182864, 45.980508069217422 ], [ 31.94196210700278, 45.982274650735377 ], [ 31.929291538457029, 45.983502057926593 ], [ 31.929643490184887, 45.985268712027796 ], [ 31.922040521674411, 45.986004539109615 ], [ 31.922392273413905, 45.987771235670898 ], [ 31.912254211564086, 45.988751625664406 ], [ 31.912605685596343, 45.990518379680132 ], [ 31.905001561473028, 45.99125313745671 ], [ 31.90535283535619, 45.993019933875807 ], [ 31.900283099839086, 45.993509526284726 ], [ 31.9006342511857, 45.995276350082648 ], [ 31.893029168818252, 45.996010369448904 ], [ 31.893380119891315, 45.997777235611117 ], [ 31.888309745614112, 45.998266335637773 ], [ 31.887958949948789, 45.996499439495253 ], [ 31.865141343443064, 45.998697519908539 ], [ 31.86549143958792, 46.000464550801311 ], [ 31.837598800490319, 46.003145179018254 ], [ 31.837948073895298, 46.004912371639868 ], [ 31.822731775007522, 46.006371802588447 ], [ 31.823080614212685, 46.008139082085179 ], [ 31.810399079329027, 46.009353828301315 ], [ 31.81074756196703, 46.01112117967957 ], [ 31.7853812714486, 46.01354667218385 ], [ 31.785033567439928, 46.01177917208198 ], [ 31.729218009575369, 46.017095449246028 ], [ 31.729563999289589, 46.018863275390729 ], [ 31.711800670533851, 46.020549302204827 ], [ 31.712146146721192, 46.022317229196446 ], [ 31.69945669536979, 46.02351994621511 ], [ 31.699801813806207, 46.025287944419006 ], [ 31.687111165392587, 46.026489350102416 ], [ 31.687455925919945, 46.028257419445723 ], [ 31.613832030599255, 46.035198671944634 ], [ 31.614174558257545, 46.036967164593008 ], [ 31.598938188553756, 46.038397550618797 ], [ 31.599280279189887, 46.040166128509668 ], [ 31.586582033110066, 46.041356664089548 ], [ 31.586923764729129, 46.043125312514128 ], [ 31.566945420342044, 46.046796162815724 ], [ 31.56728658997838, 46.048564922937508 ], [ 31.552385430015281, 46.051758176925482 ], [ 31.552726193822302, 46.053527019447621 ], [ 31.547644994807627, 46.054001436414417 ], [ 31.547985633903906, 46.055770305546773 ], [ 31.540363361315251, 46.056481558065201 ], [ 31.540703797337024, 46.058250468345783 ], [ 31.527998980737841, 46.059434850825149 ], [ 31.528339056917325, 46.061203831297313 ], [ 31.505467676575787, 46.063332349655013 ], [ 31.505807079217245, 46.065101458279244 ], [ 31.490557591587766, 46.06651805623693 ], [ 31.490896555552002, 46.06828724932852 ], [ 31.480729281868239, 46.069230593915535 ], [ 31.48106796383567, 46.070999842431604 ], [ 31.47089986890871, 46.071942355120065 ], [ 31.471238268768715, 46.07371165901494 ], [ 31.463611629385749, 46.074418002884975 ], [ 31.46394982551136, 46.076187347665062 ], [ 31.45632266560391, 46.076893234206914 ], [ 31.456660657923997, 46.078662619847719 ], [ 31.4417425653889, 46.081842446999964 ], [ 31.442080149884646, 46.083611914288774 ], [ 31.436994367587456, 46.084081645898195 ], [ 31.437331826616006, 46.085851139558997 ], [ 31.432245760767188, 46.086320677346052 ], [ 31.432583094289612, 46.088090197369006 ], [ 31.427496744902108, 46.088559541294508 ], [ 31.427833952879475, 46.090329087669808 ], [ 31.42274731996627, 46.090798237694585 ], [ 31.423084402359638, 46.092567810412383 ], [ 31.417997485933729, 46.093036766497256 ], [ 31.418334442704154, 46.094806365547726 ], [ 31.41324724277856, 46.095275127653494 ], [ 31.413584073887087, 46.097044753026815 ], [ 31.403745528996684, 46.099751346830665 ], [ 31.401874631810248, 46.10352483255474 ], [ 31.396786361072699, 46.103992929796668 ], [ 31.394914866077475, 46.107766353513583 ], [ 31.389826091471367, 46.108234173862598 ], [ 31.387953998454105, 46.11200753548016 ], [ 31.382864719962619, 46.112475078831423 ], [ 31.383200780563264, 46.114244871389701 ], [ 31.380656015342154, 46.114478573796461 ], [ 31.380992028710008, 46.116248378257403 ], [ 31.378447153258289, 46.116482039260454 ], [ 31.376574052549817, 46.120255303475119 ], [ 31.371483829197043, 46.120722404053588 ], [ 31.371819622013177, 46.1224922585534 ], [ 31.369274384346149, 46.122725739527361 ], [ 31.369610129862579, 46.124495605920451 ], [ 31.367064781939352, 46.124729045455439 ], [ 31.367400480141999, 46.126498923740044 ], [ 31.364855021955318, 46.126732321828584 ], [ 31.365190672830124, 46.128502212002921 ], [ 31.362645104372735, 46.128735568637453 ], [ 31.362980707905614, 46.130505470699795 ], [ 31.360435029170276, 46.130738785872794 ], [ 31.360770585347147, 46.132508699821386 ], [ 31.35822479632661, 46.132741973525306 ], [ 31.358560305133391, 46.134511899358408 ], [ 31.356014405820417, 46.134745131585717 ], [ 31.356349867243029, 46.136515069301581 ], [ 31.35380385763035, 46.136748260044733 ], [ 31.354139271654702, 46.138518209641596 ], [ 31.351593151735088, 46.138751358893089 ], [ 31.351928518347083, 46.140521320369203 ], [ 31.34938228811329, 46.140754428121468 ], [ 31.349717607298849, 46.142524401475079 ], [ 31.347171266743619, 46.142757467720593 ], [ 31.347506538488634, 46.144527452949959 ], [ 31.344960087604711, 46.144760477681174 ], [ 31.343083927496899, 46.148533466969518 ], [ 31.337990552942436, 46.14899929448827 ], [ 31.338325603359266, 46.150769329638713 ], [ 31.335778790020814, 46.151002173935396 ], [ 31.333901824624846, 46.154775082580642 ], [ 31.328807725105477, 46.155240549102139 ], [ 31.32693015950235, 46.159013394798436 ], [ 31.321835555699138, 46.159478583296668 ], [ 31.322170210475164, 46.161248706335826 ], [ 31.319622782498662, 46.161481231059661 ], [ 31.319957389675121, 46.163251365951517 ], [ 31.317409851315059, 46.163483849077821 ], [ 31.317744410877836, 46.165253995820642 ], [ 31.315196762126984, 46.165486437341841 ], [ 31.313317979206076, 46.169259166281819 ], [ 31.308222208724903, 46.169723826960571 ], [ 31.308556546322205, 46.171494023515947 ], [ 31.30600853498613, 46.171726284273454 ], [ 31.306342824902519, 46.17349649267031 ], [ 31.30379470315016, 46.173728711787433 ], [ 31.304128945371502, 46.175498932024006 ], [ 31.301580713195623, 46.175731109493164 ], [ 31.301914907707772, 46.177501341567698 ], [ 31.299366565101128, 46.177733477381373 ], [ 31.299700711889958, 46.179503721292122 ], [ 31.297152258845326, 46.179735815442733 ], [ 31.29748635789667, 46.181506071187933 ], [ 31.294937794406799, 46.18173812366792 ], [ 31.295271845706523, 46.183508391245795 ], [ 31.292723171764194, 46.183740402047633 ], [ 31.293057175298138, 46.185510681456435 ], [ 31.290508390896111, 46.185742650572564 ], [ 31.290842346650102, 46.187512941810517 ], [ 31.28607835439793, 46.189747058020792 ], [ 31.286746106036052, 46.19328768538297 ], [ 31.284196911054281, 46.193519543640271 ], [ 31.284530754714861, 46.195289867936005 ], [ 31.281981449233772, 46.195521684474983 ], [ 31.282315245054296, 46.197292020593459 ], [ 31.277550050531516, 46.199525876425611 ], [ 31.278217482051883, 46.203066593525669 ], [ 31.275667765822273, 46.203298299099053 ], [ 31.276001449358684, 46.205068668258519 ], [ 31.271235320911529, 46.207302335120559 ], [ 31.271902527672854, 46.210843118285787 ], [ 31.26935240055829, 46.211074712811893 ], [ 31.269685971665748, 46.212845115000192 ], [ 31.267135733979831, 46.213076667750201 ], [ 31.267802811616658, 46.216617493335683 ], [ 31.26303535245297, 46.218850925319686 ], [ 31.261818487796834, 46.226164135917934 ], [ 31.257049966331405, 46.228397404537752 ], [ 31.257716751876877, 46.231938333721224 ], [ 31.255165533254356, 46.232169692510304 ], [ 31.255832285324836, 46.235710640477869 ], [ 31.25328087666982, 46.235941971641573 ], [ 31.253947595230173, 46.239482938391873 ], [ 31.251395996506854, 46.239714241918691 ], [ 31.252062681521906, 46.243255227450362 ], [ 31.249510892694495, 46.243486503328732 ], [ 31.250510916812516, 46.248798006180728 ], [ 31.24795885841694, 46.249029268608787 ], [ 31.24862553885643, 46.25257028687939 ], [ 31.246073290267244, 46.252801521634403 ], [ 31.247073307422493, 46.258113073592909 ], [ 31.244520789132817, 46.258344294870788 ], [ 31.245520849707361, 46.263655867767035 ], [ 31.242968061638486, 46.263887075554031 ], [ 31.243968165591077, 46.269198669387862 ], [ 31.241415107664263, 46.26942986367024 ], [ 31.242415254953599, 46.274741478441491 ], [ 31.239861927090114, 46.274972659205481 ], [ 31.241195577200521, 46.282054835332033 ], [ 31.238641899743371, 46.282286016769682 ], [ 31.240309269517351, 46.291138753755874 ], [ 31.237755162713029, 46.291369950059938 ], [ 31.24009023963735, 46.303763780099722 ], [ 31.237535543943157, 46.303995019676201 ], [ 31.240539326965568, 46.319929898379222 ], [ 31.237983882516808, 46.320161209651694 ], [ 31.238985469205794, 46.3254728351341 ], [ 31.236429754100225, 46.325704132810905 ], [ 31.237431384023871, 46.331015779237553 ], [ 31.234875398182442, 46.331247063304893 ], [ 31.235877071299274, 46.336558730675648 ], [ 31.233320814642909, 46.336790001119773 ], [ 31.234656499145284, 46.343872247384695 ], [ 31.232099891748216, 46.344103518404673 ], [ 31.233769804823652, 46.352956343062885 ], [ 31.231212766663216, 46.353187628858514 ], [ 31.233217219873694, 46.363811024174908 ], [ 31.230659670808659, 46.36404233894941 ], [ 31.234671013497085, 46.385289039717776 ], [ 31.232112473205085, 46.385520468788805 ], [ 31.233450274127417, 46.392602682062176 ], [ 31.236009134581444, 46.392371196088334 ], [ 31.238017260937966, 46.402994358200367 ], [ 31.225220241413574, 46.404151650945877 ], [ 31.224885875441146, 46.402381058837179 ], [ 31.166011308240737, 46.407686112336549 ], [ 31.166343830698615, 46.409457030559317 ], [ 31.158663075943704, 46.410146835512144 ], [ 31.158330794086265, 46.40837587488344 ], [ 31.155770560124392, 46.408605682830419 ], [ 31.155438389750863, 46.406834705685981 ], [ 31.152878204716323, 46.407064443054615 ], [ 31.149654062263405, 46.403752106035988 ], [ 31.144533856703237, 46.404211242045186 ], [ 31.14420210088808, 46.402440201274061 ], [ 31.14164203144594, 46.402669670494546 ], [ 31.138418833594358, 46.399356938154391 ], [ 31.133298859389079, 46.399815537945805 ], [ 31.132967517984746, 46.398044433625117 ], [ 31.130407564272495, 46.398273634757054 ], [ 31.127185310864537, 46.394960507309179 ], [ 31.122065568289038, 46.395418571002097 ], [ 31.118843987490834, 46.392105152069419 ], [ 31.108274181493847, 46.391249020877709 ], [ 31.105053674124619, 46.387935122648379 ], [ 31.099934235292416, 46.388392142602086 ], [ 31.099604105156676, 46.38662085046095 ], [ 31.09448470235214, 46.387077616555977 ], [ 31.094154763634311, 46.385306293964376 ], [ 31.08903539692955, 46.385762806214984 ], [ 31.088705649611629, 46.383991453190106 ], [ 31.083586319078723, 46.384447711610541 ], [ 31.083256763142678, 46.382676328169552 ], [ 31.07813746885374, 46.383132332774046 ], [ 31.077808104281544, 46.381360918934156 ], [ 31.072688846308619, 46.381816669737006 ], [ 31.072359673082254, 46.380045225515374 ], [ 31.064680794241088, 46.380728386372766 ], [ 31.064351892517795, 46.378956897787333 ], [ 31.059232645474847, 46.379412028142077 ], [ 31.058903935061249, 46.377640509216874 ], [ 31.051225072950061, 46.378322739440975 ], [ 31.05089663400695, 46.376551176212445 ], [ 31.045449150671033, 46.375234092644597 ], [ 31.043808375773285, 46.366376089824762 ], [ 31.041249192565232, 46.366603176326336 ], [ 31.032077349816731, 46.316996887235845 ], [ 31.029520377006534, 46.317223526728171 ], [ 31.02723174890227, 46.304821570330908 ], [ 31.024675304785415, 46.305048055971412 ], [ 31.023041892217982, 46.296189375992178 ], [ 31.020485816782536, 46.296415735706617 ], [ 31.015319125152899, 46.28246780718964 ], [ 31.012763627053705, 46.282693943023062 ], [ 31.008252405223018, 46.272289083945147 ], [ 31.005697324598753, 46.272515023839951 ], [ 31.005045831618364, 46.268971331225082 ], [ 31.002490879912358, 46.269197187078333 ], [ 31.00151410940402, 46.263881589051799 ], [ 30.998959366363227, 46.26410734699521 ], [ 30.998308498559865, 46.260563575592741 ], [ 30.995753884411879, 46.260789249529907 ], [ 30.995103298451024, 46.257245441082468 ], [ 30.992548813188503, 46.25747103102853 ], [ 30.991898508991586, 46.253927185551582 ], [ 30.989344152607195, 46.254152691521625 ], [ 30.988694130095627, 46.250608809030588 ], [ 30.986139902582025, 46.250834231039718 ], [ 30.985490161677266, 46.247290311550039 ], [ 30.982936063027111, 46.247515649613355 ], [ 30.979083455929885, 46.240652953832374 ], [ 30.973651359685867, 46.239331210168864 ], [ 30.973002683451924, 46.235787147463931 ], [ 30.970449020524796, 46.236012163732596 ], [ 30.969800625533644, 46.232468064103479 ], [ 30.967247091443948, 46.232692996496716 ], [ 30.966274966388767, 46.22737678822503 ], [ 30.968828261560908, 46.227151897326785 ], [ 30.963646947840896, 46.198798656800854 ], [ 30.961094925808382, 46.199023326524568 ], [ 30.958184573418325, 46.183074244821995 ], [ 30.955633236358754, 46.183298734123468 ], [ 30.953694844564069, 46.172665826475203 ], [ 30.951143953759733, 46.172890176869402 ], [ 30.949852616926442, 46.165801470547784 ], [ 30.947302013406077, 46.166025709682401 ], [ 30.946011479107209, 46.158936911403821 ], [ 30.943461162791863, 46.159161039317652 ], [ 30.942493818222399, 46.153844375127925 ], [ 30.93994370969066, 46.154068405636544 ], [ 30.938976875610958, 46.148751679445979 ], [ 30.936426974826784, 46.148975612575441 ], [ 30.931945144215398, 46.13856581009378 ], [ 30.929395658818198, 46.138789548543038 ], [ 30.928752092685897, 46.135244942831179 ], [ 30.92620273565009, 46.13546859773335 ], [ 30.925559448902998, 46.131923955349727 ], [ 30.923010220221133, 46.132147526719862 ], [ 30.922367212781385, 46.128602847679808 ], [ 30.919818112446066, 46.128826335532914 ], [ 30.919175384235757, 46.125281619851712 ], [ 30.916626412239545, 46.125505024202866 ], [ 30.915983963180846, 46.121960271895773 ], [ 30.913435119516308, 46.122183592760003 ], [ 30.909602343202089, 46.115317215721653 ], [ 30.904184397162201, 46.113991023964822 ], [ 30.900353479474102, 46.107124200002872 ], [ 30.897805198167966, 46.107347117367262 ], [ 30.89748476516532, 46.105574634914362 ], [ 30.894936532972242, 46.105797482582105 ], [ 30.894295915551567, 46.102252483431023 ], [ 30.891747811659528, 46.102475247706955 ], [ 30.891427627216693, 46.100702731015105 ], [ 30.886011491587471, 46.099375517866001 ], [ 30.885371589586555, 46.095830418329747 ], [ 30.88282371224814, 46.096052959892823 ], [ 30.882503885444336, 46.094280393026978 ], [ 30.879956057246332, 46.094502864930718 ], [ 30.879636339610201, 46.092730282109478 ], [ 30.874221222180484, 46.091402418190732 ], [ 30.873582253477352, 46.087857186488641 ], [ 30.871034651883409, 46.08807943577915 ], [ 30.870715291638149, 46.086306802854722 ], [ 30.868167739208658, 46.086528982513229 ], [ 30.867848488063625, 46.084756333655534 ], [ 30.865300984805486, 46.08497844368781 ], [ 30.864981842746456, 46.083205778902105 ], [ 30.862434388666589, 46.083427819313947 ], [ 30.862115355679343, 46.081655138605477 ], [ 30.859567950784641, 46.081877109402669 ], [ 30.859249026854958, 46.080104412776691 ], [ 30.85670167115234, 46.080326313965017 ], [ 30.856382856266002, 46.078553601426805 ], [ 30.853835549762351, 46.078775433012055 ], [ 30.85351684390514, 46.077002704566837 ], [ 30.850969586607377, 46.077224466554789 ], [ 30.850650989765064, 46.075451722207809 ], [ 30.84810378168007, 46.075673414604289 ], [ 30.847785293838456, 46.073900654360827 ], [ 30.845238134973119, 46.074122277171583 ], [ 30.844919756117985, 46.072349501036882 ], [ 30.842372646479213, 46.072571054267712 ], [ 30.839189155266151, 46.069246938002287 ], [ 30.83409510308967, 46.069689710231934 ], [ 30.833777130202343, 46.067916872839504 ], [ 30.828365331998157, 46.066586527186537 ], [ 30.827729851713663, 46.063040786695353 ], [ 30.825183037578778, 46.06326192256823 ], [ 30.824230277934284, 46.057943254135154 ], [ 30.821683671210817, 46.058164293273684 ], [ 30.821048805198398, 46.054618475871756 ], [ 30.818502326803191, 46.054839431892994 ], [ 30.817550488245491, 46.049520648147258 ], [ 30.815004217207097, 46.049741507480121 ], [ 30.814369965038377, 46.046195613238709 ], [ 30.811823822302298, 46.046416389489323 ], [ 30.811189847157607, 46.042870459100634 ], [ 30.808643832716239, 46.043091152284049 ], [ 30.807693330002056, 46.037772199136135 ], [ 30.805147522844504, 46.037992795697129 ], [ 30.801335396896455, 46.031121258878109 ], [ 30.795927925860358, 46.029789011920585 ], [ 30.792117646969228, 46.022917032140136 ], [ 30.786711172714696, 46.021584262529274 ], [ 30.786079351721884, 46.018038047978578 ], [ 30.783534284435902, 46.018258090699945 ], [ 30.782902739799308, 46.014711840135497 ], [ 30.780357800750249, 46.014931799919552 ], [ 30.780042151770353, 46.013158657754715 ], [ 30.774636881161406, 46.011825211216795 ], [ 30.774006046819025, 46.008278861626025 ], [ 30.771461334643092, 46.008498599722181 ], [ 30.771146040739779, 46.006725408062607 ], [ 30.765741578950902, 46.005391468735532 ], [ 30.765111454514624, 46.001845020225581 ], [ 30.762566969243895, 46.002064536711885 ], [ 30.762252030223159, 46.000291295611113 ], [ 30.759707594301286, 46.000510742744865 ], [ 30.759392763690606, 45.998737485917474 ], [ 30.756848377124392, 45.9989568637045 ], [ 30.756533654909585, 45.997183591155718 ], [ 30.753989317705823, 45.997402899601767 ], [ 30.753674703872711, 45.995629611336831 ], [ 30.751130416038205, 45.995848850447707 ], [ 30.750815910572616, 45.994075546471841 ], [ 30.748271672114132, 45.994294716253357 ], [ 30.74795727500188, 45.992521396571753 ], [ 30.745413085926224, 45.992740497029679 ], [ 30.74509879715314, 45.990967161647582 ], [ 30.742554657467096, 45.991186192787715 ], [ 30.742240477019003, 45.989412841710333 ], [ 30.739696386729346, 45.989631803538472 ], [ 30.739382314592056, 45.987858436771035 ], [ 30.73683827370558, 45.988077329292949 ], [ 30.736524309864926, 45.986303946840678 ], [ 30.733980318388404, 45.986522770062201 ], [ 30.733666462830204, 45.984749371930313 ], [ 30.731122520770398, 45.984968125857208 ], [ 30.730808773480479, 45.98319471205091 ], [ 30.728264880844176, 45.983413396688967 ], [ 30.727951241808373, 45.981639967213475 ], [ 30.725407398602346, 45.981858582568513 ], [ 30.725093867806454, 45.980085137429029 ], [ 30.722550074037471, 45.98030368350684 ], [ 30.719379592783618, 45.976975223063221 ], [ 30.714292173666184, 45.977411982318898 ], [ 30.713979046330561, 45.975638476784717 ], [ 30.711435371555545, 45.975856759241445 ], [ 30.711122352399453, 45.974083238068303 ], [ 30.708578727098985, 45.974301451272623 ], [ 30.705409437449514, 45.970972505988001 ], [ 30.700322355468007, 45.971408599600778 ], [ 30.697153725665022, 45.968079370703698 ], [ 30.692066783107542, 45.968515075754127 ], [ 30.688898813090553, 45.965185563354289 ], [ 30.683812010108841, 45.96562087989841 ], [ 30.683499984220266, 45.963847209216233 ], [ 30.67841322183585, 45.964282275710779 ], [ 30.675246305572141, 45.960952296973758 ], [ 30.670159683018959, 45.961386975047745 ], [ 30.669848138852423, 45.959613230880294 ], [ 30.667304862561178, 45.959830472822887 ], [ 30.666059293082601, 45.952735420756198 ], [ 30.663516302753088, 45.952952553431039 ], [ 30.661960391374535, 45.944083622238878 ], [ 30.659417765675105, 45.944300632330155 ], [ 30.658173876444707, 45.937205394548506 ], [ 30.655631536523238, 45.937422295455249 ], [ 30.654699161733326, 45.93210080410406 ], [ 30.652157028812542, 45.932317609205327 ], [ 30.65091458491311, 45.925222203430771 ], [ 30.648372737636478, 45.925438899417372 ], [ 30.647441446321555, 45.920117282141284 ], [ 30.644899805954683, 45.920333882379737 ], [ 30.644279247825107, 45.916786099954102 ], [ 30.641737735687258, 45.9170026177935 ], [ 30.640807352450533, 45.911680887819166 ], [ 30.63826604716726, 45.911897309956096 ], [ 30.637646094211547, 45.908349452433256 ], [ 30.635104917130771, 45.908565792205984 ], [ 30.634485237571482, 45.905017899339533 ], [ 30.63194418868537, 45.905234156763008 ], [ 30.631324782445944, 45.901686228567819 ], [ 30.628783861746605, 45.901902403657012 ], [ 30.628164728750491, 45.898354440147962 ], [ 30.625623936230053, 45.898570532917788 ], [ 30.625005076400718, 45.895022534109806 ], [ 30.622464412051325, 45.895238544575172 ], [ 30.618686975400728, 45.888358369297798 ], [ 30.613297174070041, 45.887015940897179 ], [ 30.61267934826633, 45.883467805382871 ], [ 30.610139117986062, 45.883683500053273 ], [ 30.609830327026998, 45.881909415767211 ], [ 30.607290146356672, 45.8821250414722 ], [ 30.606672808271778, 45.878576839854837 ], [ 30.601284205690906, 45.877233740540433 ], [ 30.600667355122145, 45.873685472870015 ], [ 30.598127480356919, 45.873900865200589 ], [ 30.597819176913998, 45.872126714861487 ], [ 30.592431380215725, 45.870783126971773 ], [ 30.591815231684752, 45.867234762478155 ], [ 30.58927558432233, 45.867449934781554 ], [ 30.588967631828343, 45.86567573604902 ], [ 30.586428034111076, 45.865890839440034 ], [ 30.586120188945813, 45.864116625308256 ], [ 30.583580640880314, 45.864331659792718 ], [ 30.583272903029656, 45.862557430266882 ], [ 30.577886325330287, 45.861213047624538 ], [ 30.577271307604857, 45.85766452487028 ], [ 30.571885328878817, 45.856319807314343 ], [ 30.570963575354128, 45.850996921232209 ], [ 30.568424511013266, 45.851211571634444 ], [ 30.56750325173558, 45.84588862653117 ], [ 30.564964393943146, 45.84610318166223 ], [ 30.560584706023505, 45.835671574398305 ], [ 30.558046261218024, 45.835885939064013 ], [ 30.557433047327585, 45.832337193222621 ], [ 30.554894730583598, 45.832551475882262 ], [ 30.553975360152659, 45.827228301439483 ], [ 30.551437249828439, 45.827442488924802 ], [ 30.550824636375346, 45.823893668859647 ], [ 30.548286654085867, 45.82410777437368 ], [ 30.547674312028544, 45.820558919368118 ], [ 30.545136457765853, 45.820772942925799 ], [ 30.544524387028204, 45.817224052994618 ], [ 30.541986660784303, 45.817437994610799 ], [ 30.541374861290272, 45.813889069768777 ], [ 30.538837263057154, 45.814102929458407 ], [ 30.538225734730677, 45.810553969720267 ], [ 30.535688264500365, 45.810767747498225 ], [ 30.531928678810441, 45.803883419273845 ], [ 30.526548928079759, 45.802536047449131 ], [ 30.525938426518156, 45.798986952548553 ], [ 30.52055927343644, 45.797639246883648 ], [ 30.519949256330996, 45.794090086618226 ], [ 30.514570700805621, 45.792742047219122 ], [ 30.513961167954673, 45.789192821638508 ], [ 30.511424486759935, 45.789405984017854 ], [ 30.511119841360706, 45.787631354908036 ], [ 30.505742089508392, 45.786282829286023 ], [ 30.505133254169813, 45.782733507955285 ], [ 30.502596800404138, 45.782946451215253 ], [ 30.502292503691478, 45.781171774248442 ], [ 30.499756099668598, 45.781384648853681 ], [ 30.499451909652365, 45.779609956655349 ], [ 30.496915555378802, 45.779822762611694 ], [ 30.496611472044918, 45.778048055186993 ], [ 30.494075167527225, 45.778260792500213 ], [ 30.493771190861633, 45.776486069854307 ], [ 30.491234936106292, 45.776698738530186 ], [ 30.490931066094927, 45.774924000668214 ], [ 30.485554942526207, 45.773574379058346 ], [ 30.484947657452878, 45.770024840378504 ], [ 30.482411630218834, 45.770237290098997 ], [ 30.481501150246348, 45.764912926933313 ], [ 30.478965329158463, 45.765125281897966 ], [ 30.47805533924749, 45.759800860432371 ], [ 30.475519724269027, 45.760013120666756 ], [ 30.474610224214995, 45.754688640931043 ], [ 30.47207481530921, 45.754900806460718 ], [ 30.471468780023933, 45.751351116593597 ], [ 30.468933499030385, 45.751563200499398 ], [ 30.468327733384747, 45.748013476055227 ], [ 30.465792580295329, 45.748225478352026 ], [ 30.465187084213643, 45.744675719345501 ], [ 30.462652059020265, 45.744887640048169 ], [ 30.461744261595694, 45.739562946546911 ], [ 30.45920944238156, 45.739774772629815 ], [ 30.458604541795584, 45.736224940318309 ], [ 30.453232879117433, 45.734873428492783 ], [ 30.452628460535145, 45.73132353138336 ], [ 30.45009394684482, 45.731535125858073 ], [ 30.44635153132732, 45.724646741141349 ], [ 30.440981245416555, 45.723294536349336 ], [ 30.440377846684882, 45.719744505581517 ], [ 30.435008156805573, 45.718391968552865 ], [ 30.434405239427683, 45.714841873139619 ], [ 30.431871336739103, 45.715053004712679 ], [ 30.431569998351392, 45.713277940853928 ], [ 30.426201110253306, 45.711924919710626 ], [ 30.425598886367048, 45.708374729521516 ], [ 30.42306521116647, 45.70858564278565 ], [ 30.422764219455257, 45.706810531556904 ], [ 30.420230594094189, 45.707021376395588 ], [ 30.41992970851906, 45.705246250087697 ], [ 30.417396133003958, 45.705457026506686 ], [ 30.417095353550863, 45.703681885124787 ], [ 30.411727678739236, 45.702328076276181 ], [ 30.411126572346294, 45.698777731152255 ], [ 30.408593224378421, 45.698988289383109 ], [ 30.408292791306312, 45.697213100716112 ], [ 30.405759493206332, 45.697423590554621 ], [ 30.405459166189928, 45.695648386835018 ], [ 30.402925917964286, 45.695858808287021 ], [ 30.402625696989549, 45.69408358951997 ], [ 30.400092498644671, 45.69429394259123 ], [ 30.399792383697598, 45.692518708781833 ], [ 30.397259235239886, 45.692728993478163 ], [ 30.396959226306443, 45.690953744631507 ], [ 30.394426127742317, 45.691163960958725 ], [ 30.394126224808485, 45.689388697079941 ], [ 30.391593176144379, 45.689598845043847 ], [ 30.391293379196121, 45.687823566138029 ], [ 30.388760380438434, 45.688033645744412 ], [ 30.385628155597729, 45.684693054126789 ], [ 30.380562329739497, 45.685112884527008 ], [ 30.380262928596544, 45.683337547647959 ], [ 30.377730051599766, 45.683547366801015 ], [ 30.377430756382488, 45.681772014919488 ], [ 30.374897929327997, 45.681981765739934 ], [ 30.374598740022389, 45.680206398861031 ], [ 30.372065962916555, 45.680416081354672 ], [ 30.368935174833457, 45.677074916797785 ], [ 30.363869792505884, 45.677493953102228 ], [ 30.363570998767948, 45.675718528362928 ], [ 30.361038343607742, 45.675927950502214 ], [ 30.357908468497371, 45.672586409947527 ], [ 30.352843330216164, 45.673004925623218 ], [ 30.34971410630089, 45.669663107463897 ], [ 30.34464911226684, 45.670081239184697 ], [ 30.344351003452537, 45.668305713885388 ], [ 30.341818542523907, 45.668514683767903 ], [ 30.341222564306886, 45.664963601220435 ], [ 30.335860078928409, 45.663605753218086 ], [ 30.332137191904732, 45.656712165803455 ], [ 30.329605164795218, 45.65692082409214 ], [ 30.329307668169562, 45.655145217948665 ], [ 30.323946373156787, 45.653786708776067 ], [ 30.323351830363741, 45.650235434792293 ], [ 30.320820031277957, 45.650443875560434 ], [ 30.320522879413002, 45.648668222636914 ], [ 30.317991130393175, 45.648876595192739 ], [ 30.317694084149366, 45.647100927374744 ], [ 30.315162385201852, 45.647309231724059 ], [ 30.314865444565164, 45.645533549016683 ], [ 30.309505361868879, 45.644174255527403 ], [ 30.308911930678725, 45.640622828526602 ], [ 30.306380459812519, 45.640830915476215 ], [ 30.306083863641767, 45.639055186073143 ], [ 30.303552442869407, 45.639263204843623 ], [ 30.303255952239574, 45.637487460572501 ], [ 30.300724581567387, 45.637695411169638 ], [ 30.300428196464459, 45.635919652035554 ], [ 30.297896875898779, 45.636127534465146 ], [ 30.297600596308754, 45.63435176047318 ], [ 30.295069325855923, 45.634559574741083 ], [ 30.294773151764794, 45.632783785896308 ], [ 30.292241931431143, 45.632991532008312 ], [ 30.291945862824893, 45.631215728315802 ], [ 30.289414692616752, 45.631423406277719 ], [ 30.289118729481391, 45.629647587742575 ], [ 30.286587609405043, 45.629855197560254 ], [ 30.286291751726569, 45.628079364187535 ], [ 30.283760681788372, 45.628286905866759 ], [ 30.280638262952305, 45.624942668175549 ], [ 30.275576296039382, 45.625357423663935 ], [ 30.275280832431591, 45.623581533039129 ], [ 30.272749885328881, 45.623788814988472 ], [ 30.272454527118114, 45.622012909550534 ], [ 30.269923630188956, 45.622220123386377 ], [ 30.266802383153173, 45.618875413819588 ], [ 30.261740762447534, 45.619289513726407 ], [ 30.26115086135292, 45.615737586489587 ], [ 30.25579468777844, 45.614375421857879 ], [ 30.255205263078821, 45.610823431396987 ], [ 30.252674745076565, 45.611030223937028 ], [ 30.248966302524256, 45.604132853869281 ], [ 30.243611500815192, 45.602770003086562 ], [ 30.243023083301935, 45.599217882251324 ], [ 30.237668875847227, 45.597854702314983 ], [ 30.237080934083977, 45.59430251840601 ], [ 30.234551028309184, 45.594508851779231 ], [ 30.234257176328089, 45.592732744065408 ], [ 30.228903768662139, 45.591369084314472 ], [ 30.228316512712258, 45.587816807916937 ], [ 30.225786835347918, 45.588022924559276 ], [ 30.225493326204667, 45.586246770618885 ], [ 30.222963699091302, 45.586452819265389 ], [ 30.222670295046317, 45.584676650603896 ], [ 30.217317892636828, 45.583312360555176 ], [ 30.216731532251263, 45.579759962351211 ], [ 30.214202133589463, 45.57996579436611 ], [ 30.213909072140485, 45.578189579545729 ], [ 30.211379723750813, 45.578395343592177 ], [ 30.211086767334063, 45.57661911407191 ], [ 30.208557469222757, 45.576824810155735 ], [ 30.208264617824245, 45.575048565940612 ], [ 30.205735369997569, 45.575254194067632 ], [ 30.205442623603307, 45.573477935162714 ], [ 30.202913426067507, 45.573683495338756 ], [ 30.202620784663523, 45.5719072217491 ], [ 30.200091637424826, 45.572112713979969 ], [ 30.199799100997133, 45.570336425710643 ], [ 30.197270004061782, 45.570541850002165 ], [ 30.196977572596403, 45.568765547058241 ], [ 30.194448525970639, 45.568970903416229 ], [ 30.194156199453595, 45.567194585802731 ], [ 30.191627203143664, 45.567399874233033 ], [ 30.19133498156096, 45.565623541955027 ], [ 30.188806035573091, 45.565828762463433 ], [ 30.185693011495236, 45.562481206526463 ], [ 30.180635293571154, 45.562891320616203 ], [ 30.180343464322277, 45.561114931745053 ], [ 30.177814642074122, 45.561319893250008 ], [ 30.177522917699804, 45.559543489738637 ], [ 30.1749941458087, 45.559748383346736 ], [ 30.171882290100019, 45.556400358140635 ], [ 30.166824920556813, 45.5568098185351 ], [ 30.16653358832454, 45.555033358523183 ], [ 30.164004940325484, 45.555237993208173 ], [ 30.160893992684201, 45.55188959615483 ], [ 30.155836871077238, 45.552298538783546 ], [ 30.155545930841019, 45.550522022344367 ], [ 30.153017406857398, 45.550726398167519 ], [ 30.15272657139014, 45.548949867131682 ], [ 30.147669597102222, 45.549358427809054 ], [ 30.144559945304739, 45.546009481667021 ], [ 30.139503118480135, 45.546417660450352 ], [ 30.139212752401395, 45.544641060508049 ], [ 30.13415597224289, 45.545048993104707 ], [ 30.131047356187885, 45.54169959523913 ], [ 30.125990723736056, 45.542107146029707 ], [ 30.125700826885691, 45.540330477288677 ], [ 30.123172547612583, 45.5405341572434 ], [ 30.122882755417759, 45.538757473957347 ], [ 30.117536660837477, 45.53738793263188 ], [ 30.116957522036518, 45.533834505916566 ], [ 30.114429471858159, 45.5340379699376 ], [ 30.114140020586415, 45.532261241054265 ], [ 30.111612020927005, 45.532464637291994 ], [ 30.111322674244828, 45.530687893884753 ], [ 30.105977584400936, 45.529317725107418 ], [ 30.105399336318058, 45.525764178238084 ], [ 30.102871565793084, 45.525967358641452 ], [ 30.10258255979274, 45.524190569704217 ], [ 30.100054839807456, 45.524393682351658 ], [ 30.09976593833073, 45.522616878911606 ], [ 30.097238268891285, 45.52281992380896 ], [ 30.096949471924209, 45.521043105871122 ], [ 30.094421853036781, 45.521246083024224 ], [ 30.094133160565359, 45.519469250593616 ], [ 30.091605592236078, 45.519672160008298 ], [ 30.091317004246367, 45.517895313090001 ], [ 30.088789486481385, 45.518098154772069 ], [ 30.088501002959404, 45.516321293371071 ], [ 30.085973535764854, 45.516524067326358 ], [ 30.085685156696645, 45.514747191447725 ], [ 30.083157740078679, 45.514949897682058 ], [ 30.082869465450269, 45.513173007330799 ], [ 30.080342099415038, 45.513375645850047 ], [ 30.080053929212447, 45.511598741031179 ], [ 30.077526613766082, 45.511801311841168 ], [ 30.074423321731185, 45.508449961927298 ], [ 30.06936886634432, 45.508854777523695 ], [ 30.069081086829083, 45.50707781686188 ], [ 30.066553896309781, 45.507280129359323 ], [ 30.065978572877679, 45.503726177172688 ], [ 30.068505608424523, 45.503523889606967 ], [ 30.067642592336558, 45.498192983899017 ], [ 30.070169368616039, 45.497990678522015 ], [ 30.069306361942878, 45.492659792422408 ], [ 30.071832879029209, 45.492457469248606 ], [ 30.072057961255464, 45.478039507116414 ], [ 30.074583805425281, 45.477837173329355 ], [ 30.072858413052526, 45.467175477270715 ], [ 30.075383766294703, 45.466973163134782 ], [ 30.073371488458726, 45.45453451505653 ], [ 30.075896273777438, 45.454332233050032 ], [ 30.072735928337266, 45.434785727539229 ], [ 30.075259837280974, 45.434583527515052 ], [ 30.078358395196148, 45.437935150440666 ], [ 30.088741960016751, 45.438902365691675 ], [ 30.091841548361582, 45.442253539204081 ], [ 30.096889735742479, 45.441848188227858 ], [ 30.097177734830925, 45.443625030986176 ], [ 30.102225969121779, 45.443219434698712 ], [ 30.102514149505666, 45.444996250483378 ], [ 30.107562430640318, 45.444590408869189 ], [ 30.107850792338244, 45.446367197663662 ], [ 30.118236037904833, 45.447331540181203 ], [ 30.118524762286697, 45.449108274945978 ], [ 30.126097353755803, 45.448498325792677 ], [ 30.126386336715566, 45.450275020987903 ], [ 30.131434750619498, 45.449868087747831 ], [ 30.131723914968514, 45.451644755879649 ], [ 30.139296565047069, 45.451033905292242 ], [ 30.139585988010499, 45.452810533796111 ], [ 30.147158626633427, 45.452199149838222 ], [ 30.147448308228373, 45.453975738679638 ], [ 30.155020935173624, 45.453363821331877 ], [ 30.155310875417147, 45.455140370476315 ], [ 30.16540764133094, 45.454323659316422 ], [ 30.165697917436738, 45.456100156145922 ], [ 30.178318651301222, 45.455077965105808 ], [ 30.178609340466789, 45.456854396960573 ], [ 30.191229782155702, 45.455830766164617 ], [ 30.191520884376374, 45.457607132954166 ], [ 30.211712795692755, 45.455966359396726 ], [ 30.212004542458679, 45.457742623105148 ], [ 30.257431356601948, 45.454037772979603 ], [ 30.257138221452717, 45.452261737447287 ], [ 30.282370743526467, 45.450195909958531 ], [ 30.28207686490153, 45.448419999611659 ], [ 30.294691713081427, 45.447385086635165 ], [ 30.294397476608204, 45.445609237976605 ], [ 30.304488553037814, 45.444780368655557 ], [ 30.304194035883327, 45.443004568991952 ], [ 30.314284364731364, 45.442174870941898 ], [ 30.313989566997758, 45.440399120319888 ], [ 30.32155679397162, 45.439776307847076 ], [ 30.321261792748306, 45.438000593523697 ], [ 30.328828541166892, 45.437377324689926 ], [ 30.328533336520358, 45.435601646690301 ], [ 30.343369989250267, 45.432578098689291 ], [ 30.343074377956743, 45.430802493412394 ], [ 30.348117946926486, 45.430386123475678 ], [ 30.34782220933436, 45.428610541775228 ], [ 30.352865514157248, 45.428193977725797 ], [ 30.352569650303519, 45.426418419611977 ], [ 30.357612690963226, 45.426001661487369 ], [ 30.357316700884898, 45.424226126970346 ], [ 30.362359477365086, 45.423809174808142 ], [ 30.362063361099171, 45.422033663898134 ], [ 30.367105873383512, 45.421616517735863 ], [ 30.366809630967008, 45.419841030443045 ], [ 30.371851879039188, 45.41942369031829 ], [ 30.371555510509111, 45.417648226652837 ], [ 30.381342719345277, 45.415037524638109 ], [ 30.381046098698988, 45.413262108257939 ], [ 30.383566840194693, 45.413053174809406 ], [ 30.383270170368718, 45.411277769221591 ], [ 30.388311416750682, 45.410859763390775 ], [ 30.388014620945881, 45.409084381465256 ], [ 30.390535125834646, 45.40887530909523 ], [ 30.392461787233888, 45.405115463267265 ], [ 30.397502351479197, 45.404697095654434 ], [ 30.399428426275978, 45.400937179945153 ], [ 30.404468517334813, 45.400518534680778 ], [ 30.404171322441105, 45.398743232538266 ], [ 30.406691249675998, 45.398533840512023 ], [ 30.406394005729084, 45.396758549182572 ], [ 30.408913828520486, 45.396549115198326 ], [ 30.410838911876322, 45.392789089051384 ], [ 30.415878112011637, 45.39236999845896 ], [ 30.415580644274389, 45.390594752480439 ], [ 30.418100126058032, 45.390385137835153 ], [ 30.417802609332632, 45.388609902679782 ], [ 30.420321986694223, 45.388400246110912 ], [ 30.420024420994416, 45.386625021780532 ], [ 30.422543693940234, 45.386415323295459 ], [ 30.42224607927977, 45.384640109792002 ], [ 30.424765247816115, 45.384430369398096 ], [ 30.424467584208731, 45.382655166723424 ], [ 30.426986648341899, 45.382445384428067 ], [ 30.426688935801341, 45.380670192584091 ], [ 30.429207895537616, 45.380460368394658 ], [ 30.428910134077626, 45.378685187383233 ], [ 30.43142898942331, 45.378475321307114 ], [ 30.431131179057605, 45.376700151130137 ], [ 30.433649930018984, 45.376490243174693 ], [ 30.43335207076133, 45.374715083834069 ], [ 30.435870717344695, 45.374505134006668 ], [ 30.4355728092088, 45.372729985504265 ], [ 30.440311832266268, 45.370534822600867 ], [ 30.43971584831997, 45.366984566873924 ], [ 30.442234105213988, 45.366774504405129 ], [ 30.441936078285515, 45.364999386341779 ], [ 30.444454230836687, 45.364789282033023 ], [ 30.444156155088614, 45.36301417481485 ], [ 30.446674203303257, 45.362804028673501 ], [ 30.446376078749292, 45.361028932302361 ], [ 30.448894022633691, 45.360818744335802 ], [ 30.448595849287543, 45.359043658813555 ], [ 30.453333201966196, 45.356848082762859 ], [ 30.452736687962609, 45.353297953035614 ], [ 30.457473400616511, 45.351102255280473 ], [ 30.458797321243583, 45.343791720752243 ], [ 30.461314409810722, 45.343581320841984 ], [ 30.461016027359854, 45.341806294176926 ], [ 30.463533011670819, 45.341595852500504 ], [ 30.462936177183028, 45.33804581879874 ], [ 30.467671228140745, 45.335849829052492 ], [ 30.467074254582023, 45.33229983461532 ], [ 30.469590773297721, 45.332089293602294 ], [ 30.468993758043137, 45.328539316707754 ], [ 30.471510096135805, 45.328328746923148 ], [ 30.470913039221184, 45.324778787572953 ], [ 30.473429196723959, 45.32456818902827 ], [ 30.47283209818513, 45.32101824722416 ], [ 30.475348075131077, 45.320807619930932 ], [ 30.474750935003872, 45.31725769567462 ], [ 30.477266731426102, 45.317047039644372 ], [ 30.476669549746305, 45.313497132937584 ], [ 30.479185165677915, 45.313286448181849 ], [ 30.478587942481312, 45.309736559026291 ], [ 30.481103377955353, 45.309525845556578 ], [ 30.480207522624177, 45.304201035008816 ], [ 30.482722701369461, 45.303990305806103 ], [ 30.481826867240173, 45.298665515300925 ], [ 30.484341789330152, 45.29845477037933 ], [ 30.483445976450149, 45.293129999917383 ], [ 30.485960641958325, 45.292919239291002 ], [ 30.485064850374993, 45.287594488872998 ], [ 30.48757925937478, 45.287383712555879 ], [ 30.486683489135451, 45.282058982182456 ], [ 30.489197641700258, 45.281848190188747 ], [ 30.488726147203622, 45.263888365522085 ], [ 30.491239482536002, 45.263677594108749 ], [ 30.487957670191978, 45.244153618740611 ], [ 30.490470140753661, 45.243942935448402 ], [ 30.486297076808807, 45.219094054386382 ], [ 30.483785670337696, 45.219304556234107 ], [ 30.480808993296783, 45.201554974766182 ], [ 30.478298318420386, 45.201765292668469 ], [ 30.476811396545475, 45.192890358823952 ], [ 30.474301073422478, 45.193100557595557 ], [ 30.472815221596452, 45.184225506861594 ], [ 30.470305250095301, 45.184435586553114 ], [ 30.469117368914912, 45.177335456688915 ], [ 30.46660767309886, 45.177545430273419 ], [ 30.462317865076145, 45.167104937078506 ], [ 30.459808568865288, 45.167314724381754 ], [ 30.459215579363473, 45.163764544435729 ], [ 30.456706407141564, 45.163974251542278 ], [ 30.452419808816924, 45.153533159648489 ], [ 30.44991103602143, 45.153742680612368 ], [ 30.44931894142162, 45.150192389981854 ], [ 30.446810292570508, 45.150401830802295 ], [ 30.446218459398011, 45.146851506080871 ], [ 30.443709934483394, 45.147060866772399 ], [ 30.443118362665491, 45.143510507974341 ], [ 30.440609961679446, 45.1437197885515 ], [ 30.440018651143436, 45.140169395691053 ], [ 30.437510374078062, 45.140378596168382 ], [ 30.433820383408346, 45.13348682870933 ], [ 30.428509095873753, 45.132129595712371 ], [ 30.427918774909156, 45.128579070884605 ], [ 30.42260806522108, 45.127221511491577 ], [ 30.422018211288972, 45.123670922826634 ], [ 30.416708079357353, 45.122313037140891 ], [ 30.416118692264643, 45.118762384686782 ], [ 30.413611179436547, 45.118970983405724 ], [ 30.413316602564233, 45.117195641240393 ], [ 30.408007247806765, 45.115837280175136 ], [ 30.407418533273844, 45.112286534190019 ], [ 30.40491124086396, 45.112494918655209 ], [ 30.404617000204862, 45.110719529741829 ], [ 30.402109756073028, 45.110927847080433 ], [ 30.401815618338695, 45.109152443282547 ], [ 30.399308422491053, 45.109360693500257 ], [ 30.399014387667982, 45.107585274822853 ], [ 30.396507240110694, 45.107793457925354 ], [ 30.396213308185366, 45.106018024373455 ], [ 30.390905328925342, 45.10465874083409 ], [ 30.390317903860666, 45.101107812205441 ], [ 30.387810976792473, 45.101315781193584 ], [ 30.387517380745553, 45.099540300992309 ], [ 30.385010501988599, 45.099748202892002 ], [ 30.384717008775546, 45.09797270783713 ], [ 30.382210178335988, 45.09818054265407 ], [ 30.381916787943293, 45.09640503275056 ], [ 30.379410005827268, 45.096612800490455 ], [ 30.379116718241434, 45.094837275743316 ], [ 30.376609984455058, 45.095044976411835 ], [ 30.373517032199338, 45.091701516009451 ], [ 30.368503730774705, 45.092116594815536 ], [ 30.368210827083743, 45.090341012792734 ], [ 30.365704211125642, 45.090548458003326 ], [ 30.365411410183807, 45.088772861160827 ], [ 30.362904842589685, 45.088980239324513 ], [ 30.362612144383487, 45.087204627667298 ], [ 30.360105625159473, 45.087411938789714 ], [ 30.359813029675376, 45.085636312322791 ], [ 30.357306558827595, 45.085843556409678 ], [ 30.354215253506304, 45.082499436123591 ], [ 30.34920247821066, 45.082913601918086 ], [ 30.348910266348113, 45.081137918304584 ], [ 30.346403913533834, 45.081344907049441 ], [ 30.343313493384638, 45.07800041720381 ], [ 30.33830095430471, 45.078414072392682 ], [ 30.33800912592303, 45.076638331704778 ], [ 30.335502891262827, 45.076845065167284 ], [ 30.335211165501306, 45.075069309712553 ], [ 30.330198765978928, 45.075482588386905 ], [ 30.327109608460081, 45.072137552978624 ], [ 30.322097348635936, 45.072550455194225 ], [ 30.321806081689779, 45.070774630046778 ], [ 30.316793864729558, 45.071187289790224 ], [ 30.313705716027954, 45.067841805658482 ], [ 30.308693639003181, 45.068254089028741 ], [ 30.308402830718496, 45.066478194294561 ], [ 30.3033907967191, 45.066890235237338 ], [ 30.303100166458947, 45.065114313103663 ], [ 30.298088175549751, 45.06552611163395 ], [ 30.29779772329622, 45.063750162117003 ], [ 30.290279761231314, 45.064367414921605 ], [ 30.289989562481896, 45.062591425371878 ], [ 30.284977604066846, 45.063002630596827 ], [ 30.284687583287543, 45.06122661370361 ], [ 30.279675668190176, 45.061637576561274 ], [ 30.279385825363029, 45.059861532340825 ], [ 30.274373953648116, 45.060272252846225 ], [ 30.274084288755223, 45.058496181314766 ], [ 30.264060524697413, 45.059316920592515 ], [ 30.263771188755118, 45.057540796502671 ], [ 30.256253310157941, 45.058155743283791 ], [ 30.255964227633559, 45.056379579310317 ], [ 30.248446334023374, 45.056993999829075 ], [ 30.248157504900533, 45.055217796005991 ], [ 30.240639596493885, 45.055831690281053 ], [ 30.240351020756183, 45.054055446642415 ], [ 30.227821015231079, 45.055077455361079 ], [ 30.227532843926831, 45.05330114677443 ], [ 30.212496407545004, 45.054525690670509 ], [ 30.212208716224072, 45.052749304663678 ], [ 30.184640250419331, 45.054989088173784 ], [ 30.184353416933046, 45.053212562216885 ], [ 30.154275958132789, 45.055648319377958 ], [ 30.154561884527997, 45.05742499537795 ], [ 30.126986689238322, 45.059651039522798 ], [ 30.127271810238692, 45.061427850677248 ], [ 30.114736192395483, 45.062437577969852 ], [ 30.115020961568725, 45.064214449358992 ], [ 30.104991688400553, 45.06502130273541 ], [ 30.105276181297711, 45.066798221865596 ], [ 30.092738616764773, 45.067805627709426 ], [ 30.093022757577859, 45.06958260694153 ], [ 30.085499674887799, 45.070186435301409 ], [ 30.085783614936027, 45.071963449774692 ], [ 30.080767943105265, 45.072365754947356 ], [ 30.081051758064607, 45.074142792247656 ], [ 30.073527825333237, 45.074745879328397 ], [ 30.073811439414392, 45.076522951828842 ], [ 30.059045593858613, 45.079504876551674 ], [ 30.059328805989836, 45.081282019377255 ], [ 30.054311948469802, 45.081683226964735 ], [ 30.054595035329605, 45.083460392559118 ], [ 30.049577920979136, 45.083861407225641 ], [ 30.049860882531416, 45.085638595578565 ], [ 30.044843511367606, 45.086039417287246 ], [ 30.045126347576261, 45.087816628388438 ], [ 30.040108719616203, 45.088217257102421 ], [ 30.04039143044514, 45.089994490941706 ], [ 30.035373545705966, 45.090394926624036 ], [ 30.03565613111908, 45.092172183191146 ], [ 30.030637989617901, 45.092572425805002 ], [ 30.030920449579085, 45.09434970508967 ], [ 30.021165730832497, 45.096926912956405 ], [ 30.021447939781474, 45.098704237645443 ], [ 30.018938497053536, 45.098904096467301 ], [ 30.019220656341417, 45.100681431529992 ], [ 30.014201540406081, 45.101081010425432 ], [ 30.01448357411028, 45.102858368170438 ], [ 30.011973900900816, 45.10305808823189 ], [ 30.010028043856281, 45.106812512720225 ], [ 30.005008262677499, 45.107211729699664 ], [ 30.00306182434829, 45.11096608140857 ], [ 29.998041582186271, 45.111365020678335 ], [ 29.998323215339035, 45.113142454826225 ], [ 29.995812979010857, 45.113341855015129 ], [ 29.996094562377795, 45.11511929951547 ], [ 29.993584223892295, 45.11531865749528 ], [ 29.993865757459741, 45.117096112346111 ], [ 29.989126257747472, 45.11927216684856 ], [ 29.989689151774723, 45.122827116006256 ], [ 29.987178430769216, 45.123026359593723 ], [ 29.987459841024624, 45.12480384355068 ], [ 29.984949017828384, 45.125003044897227 ], [ 29.985230378225836, 45.126780539197455 ], [ 29.98271945283296, 45.12697969829577 ], [ 29.983000763358802, 45.128757202937294 ], [ 29.980489735763374, 45.128956319780045 ], [ 29.980770996403944, 45.130733834760932 ], [ 29.976029845323474, 45.132909466968734 ], [ 29.976592193133403, 45.136464536345322 ], [ 29.97408078281677, 45.136663538641834 ], [ 29.97436191986753, 45.138441082698755 ], [ 29.969619879627427, 45.140616514811242 ], [ 29.970181980069505, 45.144171642320302 ], [ 29.965439304810488, 45.146346948466707 ], [ 29.966001257606539, 45.149902113429313 ], [ 29.963489183776371, 45.150100928721201 ], [ 29.963770123237278, 45.151878520563777 ], [ 29.961257947122043, 45.152077293526546 ], [ 29.961819752137423, 45.155632495931293 ], [ 29.957075806220796, 45.157807549896205 ], [ 29.957637463320779, 45.161362789731768 ], [ 29.955124827934451, 45.161561460151574 ], [ 29.953735184528721, 45.16887063047534 ], [ 29.923577551973001, 45.171250347103658 ], [ 29.923857456815849, 45.173028127601711 ], [ 29.803185872533739, 45.182468870583463 ], [ 29.803462138867182, 45.184247231207152 ], [ 29.808767907689973, 45.185634693153368 ], [ 29.80932087470439, 45.189191356783482 ], [ 29.811835727330301, 45.188995802194228 ], [ 29.812388950206913, 45.192552434172924 ], [ 29.814903929951583, 45.192356800737301 ], [ 29.815457408762938, 45.195913401050731 ], [ 29.817972515635372, 45.195717688754158 ], [ 29.821595475361747, 45.202635003158051 ], [ 29.824110836516645, 45.202439133095709 ], [ 29.824942245806358, 45.207773888114893 ], [ 29.827457810605583, 45.207577927065785 ], [ 29.828844391598846, 45.216469087225974 ], [ 29.831360313115397, 45.21627301098809 ], [ 29.833858475702506, 45.232276871317083 ], [ 29.836375060352214, 45.232080631449449 ], [ 29.836652839858186, 45.233858816590811 ], [ 29.834136178621314, 45.234055068558042 ], [ 29.837208476504802, 45.237415181192013 ], [ 29.834691662072888, 45.237611457360714 ], [ 29.837192618815923, 45.253615113231312 ], [ 29.834675088762133, 45.253811443507466 ], [ 29.836065032195581, 45.262702357656401 ], [ 29.833547092797652, 45.262898693612257 ], [ 29.834381139606858, 45.268233255682546 ], [ 29.83186294414466, 45.268429573092341 ], [ 29.832418951432224, 45.271985962542409 ], [ 29.82990057658369, 45.272182249288797 ], [ 29.83045653400761, 45.275738655367824 ], [ 29.827937979740238, 45.275934911439059 ], [ 29.828493887262798, 45.279491334145064 ], [ 29.825975153544086, 45.279687559529407 ], [ 29.824567905531705, 45.286996649500018 ], [ 29.819807483217279, 45.289167171869082 ], [ 29.820363138955972, 45.29272366484615 ], [ 29.81784376395132, 45.292919755274312 ], [ 29.818121553827641, 45.294698011016472 ], [ 29.815602076080317, 45.294894058612314 ], [ 29.815879815000208, 45.296672324551871 ], [ 29.813360234504319, 45.296868329307998 ], [ 29.813637922453921, 45.298646605442947 ], [ 29.811118239203612, 45.298842567352011 ], [ 29.811395876169069, 45.300620853680364 ], [ 29.808876090158432, 45.300816772734983 ], [ 29.809153676125888, 45.302595069254735 ], [ 29.806633787349071, 45.302790945447526 ], [ 29.806911322304661, 45.304569252156718 ], [ 29.804391330755781, 45.304765085480327 ], [ 29.804668814685634, 45.306543402376946 ], [ 29.802148720358822, 45.306739192823962 ], [ 29.802426153249069, 45.308517519906054 ], [ 29.79990595613846, 45.308713267469088 ], [ 29.797940368844355, 45.312465656853369 ], [ 29.792899537597503, 45.312856925431205 ], [ 29.790933360627978, 45.316609238877184 ], [ 29.785892066484337, 45.317000225849142 ], [ 29.786169090033496, 45.318778627939189 ], [ 29.781127538610086, 45.319169419085277 ], [ 29.781404434034869, 45.320947843391444 ], [ 29.776362625349876, 45.32133843867463 ], [ 29.776639392613717, 45.323116885186479 ], [ 29.77159732668536, 45.323507284569764 ], [ 29.771873965751677, 45.325285753276852 ], [ 29.766831642598188, 45.325675956723195 ], [ 29.767108153430399, 45.327454447615075 ], [ 29.75954424421866, 45.32803937630586 ], [ 29.759820549744266, 45.329817901393007 ], [ 29.747213133830304, 45.33079174230182 ], [ 29.747489079872089, 45.332570325572199 ], [ 29.724793416562587, 45.334319880424204 ], [ 29.725068694635308, 45.336098569726261 ], [ 29.722546748681186, 45.33629270149514 ], [ 29.722271547702139, 45.334514000220381 ], [ 29.707139795649443, 45.335677563042928 ], [ 29.707414534005203, 45.337456336084422 ], [ 29.709936633910601, 45.337262534615583 ], [ 29.710486341770775, 45.340820051209711 ], [ 29.713008570272425, 45.340626170772637 ], [ 29.713558534985722, 45.344183656003928 ], [ 29.716080892092855, 45.343989696583918 ], [ 29.71663111373249, 45.347547150438665 ], [ 29.719153599454323, 45.347353112020983 ], [ 29.71970407809351, 45.35091053448533 ], [ 29.722226692439286, 45.350716417055281 ], [ 29.722777428151268, 45.354273808115479 ], [ 29.72530017113019, 45.354079611658371 ], [ 29.726126698982291, 45.359415648321793 ], [ 29.728649647787798, 45.359221360840642 ], [ 29.730028094550867, 45.368114658019323 ], [ 29.732551403646458, 45.367920255511301 ], [ 29.735034924662372, 45.383927964777619 ], [ 29.737558903248239, 45.383733399200167 ], [ 29.738387439190575, 45.389069232623129 ], [ 29.735863228734861, 45.389263834202673 ], [ 29.73834953326239, 45.405271341425411 ], [ 29.735824601015981, 45.405465995878473 ], [ 29.73720639739599, 45.414359049952346 ], [ 29.734681052419333, 45.414553709249553 ], [ 29.735786644445184, 45.421668166831552 ], [ 29.733260963979586, 45.421862818951148 ], [ 29.734090196725727, 45.427198678496076 ], [ 29.731564258105191, 45.42739331141739 ], [ 29.732117054090917, 45.430950565762757 ], [ 29.729590934721216, 45.431145167468436 ], [ 29.730143679010105, 45.434702438332437 ], [ 29.727617378858458, 45.43489700881068 ], [ 29.728170071412126, 45.438454296191274 ], [ 29.725643590445774, 45.4386488354302 ], [ 29.724222158380091, 45.445957967720858 ], [ 29.719444625290464, 45.448125547296833 ], [ 29.71999705890709, 45.451682904461649 ], [ 29.722524160078439, 45.45148844701842 ], [ 29.722800493167799, 45.453267110803118 ], [ 29.728131287247752, 45.454656644027402 ], [ 29.728684392863027, 45.458213914242307 ], [ 29.734015781756366, 45.459603124712352 ], [ 29.737650697626588, 45.466522697205562 ], [ 29.742983069479692, 45.467911410387693 ], [ 29.743537364983432, 45.47146853045782 ], [ 29.746065190476088, 45.471273486605817 ], [ 29.746619744846566, 45.474830575107994 ], [ 29.749147699697804, 45.474635451892347 ], [ 29.749702513008909, 45.478192508812647 ], [ 29.752230597227971, 45.477997306218562 ], [ 29.752785669553568, 45.481554331543109 ], [ 29.755313883149679, 45.481359049555849 ], [ 29.755869214563688, 45.484916043270687 ], [ 29.758397557546076, 45.484720681875459 ], [ 29.758953148122394, 45.488277643966732 ], [ 29.76148162050028, 45.488082203148736 ], [ 29.762315434182696, 45.493417596004313 ], [ 29.764844113663553, 45.493222063690361 ], [ 29.766234711363094, 45.502114287138511 ], [ 29.768763753439156, 45.501918639173184 ], [ 29.771269167531486, 45.517924413976964 ], [ 29.773798883462405, 45.517728602012191 ], [ 29.774077470740355, 45.519506999923749 ], [ 29.771547677011672, 45.519702823964771 ], [ 29.774055434410066, 45.535708428894914 ], [ 29.771524914119965, 45.535904306246209 ], [ 29.772918635384489, 45.544796303285622 ], [ 29.770387699595574, 45.54499218561844 ], [ 29.771224011455434, 45.550327397418528 ], [ 29.768692815842737, 45.550523260556496 ], [ 29.769250331577403, 45.554080083139276 ], [ 29.766718954017154, 45.554275914989724 ], [ 29.767276418138305, 45.557832754175145 ], [ 29.764744858597453, 45.558028554726206 ], [ 29.765302271066549, 45.561585410512258 ], [ 29.762770529512004, 45.561781179752053 ], [ 29.763327890290491, 45.56533805213671 ], [ 29.760795966689166, 45.565533790053351 ], [ 29.761353275738486, 45.569090679034616 ], [ 29.75882117005732, 45.569286385616245 ], [ 29.756846139544759, 45.573038966426772 ], [ 29.764442924715581, 45.572451774258255 ], [ 29.764164126993347, 45.570673346559254 ], [ 29.769228364003961, 45.570281631842207 ], [ 29.7689494363382, 45.568503226413178 ], [ 29.774013412964258, 45.568111313950212 ], [ 29.773734355392151, 45.566332930801671 ], [ 29.781329890556709, 45.565744682343961 ], [ 29.781050625134533, 45.563966333582137 ], [ 29.79370893800056, 45.562984870735484 ], [ 29.793429308873723, 45.561206580606019 ], [ 29.816211922179949, 45.559436563161228 ], [ 29.815931617773018, 45.557658380283698 ], [ 29.818462810346304, 45.557461446617729 ], [ 29.818743192675171, 45.559239617351025 ], [ 29.841523446275154, 45.557464610646853 ], [ 29.841804556052391, 45.559242670021831 ], [ 29.854459722284904, 45.5582545544301 ], [ 29.854741247851052, 45.560032550966049 ], [ 29.86233426542195, 45.559438979992862 ], [ 29.862616051000252, 45.561216938015001 ], [ 29.867678086759906, 45.560820922533402 ], [ 29.86796005447848, 45.562598854220958 ], [ 29.873022140554021, 45.562202592642677 ], [ 29.873304290431975, 45.563980497979117 ], [ 29.878366426757065, 45.563583990288265 ], [ 29.878648758813515, 45.565361869257075 ], [ 29.889055696200948, 45.566345968058791 ], [ 29.892152350039822, 45.56970301090503 ], [ 29.89721473961399, 45.56930562944563 ], [ 29.89749772267637, 45.571083415033868 ], [ 29.900028955674802, 45.570884628919089 ], [ 29.903126519353954, 45.574241303744429 ], [ 29.908189164576477, 45.573843405356563 ], [ 29.908472538701872, 45.575621136111501 ], [ 29.911003899477656, 45.57542209151115 ], [ 29.911287378019189, 45.577199808063298 ], [ 29.913818790198931, 45.577000695763104 ], [ 29.914102373170692, 45.578778398107453 ], [ 29.916633836748325, 45.578579218101503 ], [ 29.916917524164383, 45.580356906233042 ], [ 29.919449039133863, 45.580157658515503 ], [ 29.919732831008286, 45.581935332429168 ], [ 29.922264397363538, 45.581736016994135 ], [ 29.922548293710417, 45.583513676684959 ], [ 29.925079911445376, 45.583314293526549 ], [ 29.925363912278787, 45.585091938989486 ], [ 29.927895581387379, 45.584892488101822 ], [ 29.928179686721407, 45.586670119331863 ], [ 29.930711407197549, 45.586470600709085 ], [ 29.930995617046278, 45.588248217701185 ], [ 29.936343526454451, 45.589626579975914 ], [ 29.936912390896936, 45.593181755037591 ], [ 29.942260897328378, 45.594559791229962 ], [ 29.942830233293879, 45.598114905382452 ], [ 29.945362366449995, 45.597915023354133 ], [ 29.945931964889191, 45.60147010509025 ], [ 29.948464227365587, 45.60127014295724 ], [ 29.949034088353084, 45.604825192262865 ], [ 29.951566480158725, 45.6046251500103 ], [ 29.952136603769166, 45.608180166871293 ], [ 29.954669124912979, 45.607980044484371 ], [ 29.955239511221016, 45.611535028886571 ], [ 29.957772161711958, 45.611334826350472 ], [ 29.958342810792271, 45.614889778279718 ], [ 29.960875590639251, 45.614689495579611 ], [ 29.961731998589045, 45.620021871818608 ], [ 29.96426498584449, 45.619821496588465 ], [ 29.965693256990864, 45.628708689556419 ], [ 29.968226607837124, 45.628508197054963 ], [ 29.970799883291747, 45.644504910189447 ], [ 29.973333910369618, 45.644304250896113 ], [ 29.973620041801489, 45.646081641331307 ], [ 29.971085936580451, 45.646282312993982 ], [ 29.973661621195603, 45.662278850292047 ], [ 29.971126785570632, 45.662479577747611 ], [ 29.972558268084846, 45.671366536358882 ], [ 29.970023014498935, 45.671567270106529 ], [ 29.970881990866015, 45.67689945893369 ], [ 29.968346475685003, 45.677100174210636 ], [ 29.968919104064963, 45.680654981733234 ], [ 29.966383405510655, 45.680855666153484 ], [ 29.966955984518133, 45.684410490600236 ], [ 29.964420102556989, 45.684611144151923 ], [ 29.964992632153812, 45.688165985520918 ], [ 29.96245656675233, 45.68836660819219 ], [ 29.961065228685737, 45.695676933468242 ], [ 29.956278435923309, 45.697855458978921 ], [ 29.956850713901552, 45.701410371921668 ], [ 29.954313992796532, 45.701610858593092 ], [ 29.954600093588486, 45.70338832449611 ], [ 29.952063267295987, 45.703588767872503 ], [ 29.950098382552689, 45.707344130967343 ], [ 29.955458556742649, 45.708720710495335 ], [ 29.956030999524728, 45.712275624734929 ], [ 29.958568191094965, 45.71207506389365 ], [ 29.959140897994281, 45.715629945594259 ], [ 29.961678219620055, 45.715429304346983 ], [ 29.962251190711829, 45.718984153494397 ], [ 29.964788642402095, 45.718783431826218 ], [ 29.965361877761545, 45.722338248406217 ], [ 29.967899459525281, 45.722137446302241 ], [ 29.968472959227629, 45.725692230300609 ], [ 29.971010671073813, 45.725491347745923 ], [ 29.971584435194309, 45.729046099148427 ], [ 29.974122277131901, 45.728845136128157 ], [ 29.974983360385064, 45.734177211378231 ], [ 29.977521410925394, 45.733976155483845 ], [ 29.978957480186274, 45.7428628464002 ], [ 29.981495896430062, 45.742661672805397 ], [ 29.98235809658695, 45.747993626618729 ], [ 29.98489672154647, 45.747792360087601 ], [ 29.985471813429282, 45.751346961337227 ], [ 29.988010568571614, 45.751145614256473 ], [ 29.988585925381997, 45.754700182827783 ], [ 29.991124810716055, 45.754498755182468 ], [ 29.991700432529402, 45.758053291061216 ], [ 29.994239448064175, 45.757851782836475 ], [ 29.997354480700306, 45.761204697189271 ], [ 30.004971755955996, 45.7605995962493 ], [ 30.004683484648186, 45.758822395370863 ], [ 30.009761375932626, 45.758418740906556 ], [ 30.009472974481696, 45.75664156293923 ], [ 30.017089373005046, 45.756035700565548 ], [ 30.016800762890284, 45.754258557971028 ], [ 30.029493826745771, 45.753247735097574 ], [ 30.029204850959832, 45.751470652832602 ], [ 30.052049952924097, 45.749647773932743 ], [ 30.051760297590839, 45.747870802039472 ], [ 30.059374607915114, 45.747262210589064 ], [ 30.059664498731941, 45.749039144972677 ], [ 30.079968758809269, 45.747413683928102 ], [ 30.079678240173358, 45.745636849717322 ], [ 30.084753876277681, 45.745229952672915 ], [ 30.084463227942567, 45.743453141545025 ], [ 30.09207624255783, 45.742842416047623 ], [ 30.091785386124542, 45.741065640561445 ], [ 30.104472806735416, 45.740046714181126 ], [ 30.10418158544039, 45.738269999487628 ], [ 30.127016518047796, 45.736432538975791 ], [ 30.1267246185032, 45.734655935505224 ], [ 30.129261618279227, 45.734451507605066 ], [ 30.129553596199404, 45.736228098478684 ], [ 30.152386068304367, 45.734385630495233 ], [ 30.152678778869827, 45.736162105831859 ], [ 30.16536291843568, 45.735136502423131 ], [ 30.165656048170721, 45.736912912552583 ], [ 30.173266437649865, 45.736296845112811 ], [ 30.173559829872325, 45.738073215265651 ], [ 30.178633442202717, 45.737662200227504 ], [ 30.178927018588801, 45.739438543035639 ], [ 30.184000677653046, 45.73902728019042 ], [ 30.184294438221574, 45.740803595637189 ], [ 30.189368143952077, 45.740392084969415 ], [ 30.18966208872185, 45.742168373038155 ], [ 30.200103768900828, 45.743120868847207 ], [ 30.200398082129517, 45.744897102109867 ], [ 30.202935018573996, 45.744691002805716 ], [ 30.203229437712398, 45.746467221341078 ], [ 30.208303384590099, 45.746054830470115 ], [ 30.211429707776855, 45.749400906350303 ], [ 30.216503802525686, 45.748988130910128 ], [ 30.216798696194179, 45.750764279803469 ], [ 30.21933578050978, 45.750557795930085 ], [ 30.219630780152318, 45.752333930067508 ], [ 30.222167915204448, 45.752127377846705 ], [ 30.222463020835185, 45.753903497223064 ], [ 30.225000206617523, 45.753696876648995 ], [ 30.225295418250585, 45.755472981259253 ], [ 30.227832654756792, 45.755266292326034 ], [ 30.228127972406309, 45.757042382165046 ], [ 30.230665259630058, 45.756835624866859 ], [ 30.230960683310172, 45.758611699929567 ], [ 30.233498021245104, 45.758404874260528 ], [ 30.233793550969949, 45.760180934541808 ], [ 30.236330939609726, 45.759974040496076 ], [ 30.236626575393448, 45.761750085990847 ], [ 30.239164014731724, 45.761543123562582 ], [ 30.239459756588467, 45.763319154265702 ], [ 30.24199724661888, 45.763112123449041 ], [ 30.242293094562768, 45.76488813935547 ], [ 30.244830635278976, 45.764681040144552 ], [ 30.245126589324173, 45.766457041249147 ], [ 30.250497882949169, 45.767818623918863 ], [ 30.251090243266098, 45.771370564842996 ], [ 30.256462136396294, 45.77273181664409 ], [ 30.25705497685421, 45.776283694189232 ], [ 30.259592927740954, 45.776076227361962 ], [ 30.260186036117819, 45.779628071148863 ], [ 30.262724116092951, 45.779420523099965 ], [ 30.266449345978369, 45.786316480055582 ], [ 30.271525994522122, 45.785901003312361 ], [ 30.27182301536789, 45.787676862753848 ], [ 30.28227365488522, 45.78862099619829 ], [ 30.285406948462825, 45.791964506547231 ], [ 30.290483834896996, 45.791548147942827 ], [ 30.290781516366597, 45.793323909462778 ], [ 30.29331999622838, 45.793115633827028 ], [ 30.293617784050003, 45.794891380457301 ], [ 30.296156314486677, 45.794683036317906 ], [ 30.296454208674479, 45.796458768053398 ], [ 30.298992789679637, 45.796250355404496 ], [ 30.299290790247742, 45.798026072240098 ], [ 30.301829421814993, 45.797817591075876 ], [ 30.302127528777596, 45.799593293006453 ], [ 30.304666210900507, 45.799384743321063 ], [ 30.304964424271741, 45.801160430341497 ], [ 30.307503156943927, 45.800951812129064 ], [ 30.307801476737925, 45.802727484234261 ], [ 30.310340259952962, 45.802518797488972 ], [ 30.310638686183903, 45.804294454673787 ], [ 30.313177519935383, 45.804085699389795 ], [ 30.313476052617414, 45.805861341649091 ], [ 30.316014936898906, 45.80565251782054 ], [ 30.316313576046184, 45.807428145149231 ], [ 30.321690241800226, 45.808785904228017 ], [ 30.322287974037238, 45.812337097060386 ], [ 30.327665239868573, 45.813694524178722 ], [ 30.3282634542228, 45.817245653067047 ], [ 30.330802748102897, 45.81703646066245 ], [ 30.33140123162455, 45.820587555485126 ], [ 30.333940654540754, 45.820378281604512 ], [ 30.334539407305787, 45.823929342346929 ], [ 30.337078959266456, 45.823719986975355 ], [ 30.337677981350851, 45.827271013622948 ], [ 30.340217662364342, 45.827061576745521 ], [ 30.340816953844083, 45.830612569283687 ], [ 30.343356763918749, 45.830403050885451 ], [ 30.343956324869847, 45.833954009299568 ], [ 30.346496264014053, 45.833744409365636 ], [ 30.34709609451253, 45.837295333641094 ], [ 30.349636162734626, 45.837085652156532 ], [ 30.350236262856516, 45.84063654227873 ], [ 30.352776460164844, 45.840426779228608 ], [ 30.353677057093041, 45.845753060034667 ], [ 30.35621746211654, 45.845543202480528 ], [ 30.356818158001008, 45.849094020082816 ], [ 30.359358692138372, 45.848884080928336 ], [ 30.359659160940527, 45.850659473672707 ], [ 30.362199745557589, 45.850449465836356 ], [ 30.362500321161168, 45.852224843561302 ], [ 30.365040956251473, 45.852014767037232 ], [ 30.365341638670639, 45.853790129737597 ], [ 30.367882324227693, 45.853579984519968 ], [ 30.368183113476647, 45.855355332190591 ], [ 30.370723849493992, 45.855145118273548 ], [ 30.371024745586904, 45.8569204509093 ], [ 30.373565532058041, 45.85671016828703 ], [ 30.373866535009114, 45.858485485882781 ], [ 30.376407371927556, 45.858275134549402 ], [ 30.376708481750946, 45.860050437099986 ], [ 30.379249369110248, 45.859840017049692 ], [ 30.379550585820134, 45.86161530455 ], [ 30.384933835445878, 45.862969530720122 ], [ 30.3855367247487, 45.866520043393741 ], [ 30.390920575524245, 45.867873936458132 ], [ 30.391523949140794, 45.871424384662404 ], [ 30.394065245983697, 45.871213594981008 ], [ 30.394668890121732, 45.874764008833679 ], [ 30.397210316077079, 45.87455313740724 ], [ 30.397814230812891, 45.878103516893617 ], [ 30.400355785888927, 45.877892563707199 ], [ 30.4009599712988, 45.881442908812637 ], [ 30.403501655503813, 45.881231873851284 ], [ 30.404106111664053, 45.884782184561075 ], [ 30.406647925006311, 45.884571067809865 ], [ 30.407252651993204, 45.888121344109315 ], [ 30.409794594480992, 45.887910145553285 ], [ 30.41039959237089, 45.891460387427699 ], [ 30.41294166401244, 45.891249107051884 ], [ 30.413546932881712, 45.894799314486576 ], [ 30.416089133685286, 45.894587952276048 ], [ 30.416694673610309, 45.898138125256267 ], [ 30.419237003584158, 45.897926681196083 ], [ 30.420145762770705, 45.9032518858006 ], [ 30.422688300720544, 45.903040346850531 ], [ 30.424203861600191, 45.911915580550392 ], [ 30.426746765215572, 45.911703920620241 ], [ 30.429477275846832, 45.927679090996307 ], [ 30.432020860784714, 45.927467257865651 ], [ 30.432324472033301, 45.929242253191468 ], [ 30.429780808197865, 45.929454099366247 ], [ 30.430995222316604, 45.936554111715445 ], [ 30.433539201813389, 45.936342213356028 ], [ 30.433842955471249, 45.938117198111534 ], [ 30.436386985409463, 45.937905230815439 ], [ 30.436690846495981, 45.939680200403963 ], [ 30.439234926869073, 45.939468164165383 ], [ 30.439538895398478, 45.941243118581738 ], [ 30.442083026199878, 45.94103101339482 ], [ 30.442387102186412, 45.94280595263384 ], [ 30.444931283409556, 45.942593778492736 ], [ 30.445235466867459, 45.944368702549255 ], [ 30.447779698505784, 45.944156459448124 ], [ 30.448083989449287, 45.945931368316977 ], [ 30.450628271496221, 45.94571905624997 ], [ 30.450932669939554, 45.947493949925992 ], [ 30.453477002388524, 45.947281568887242 ], [ 30.453781508345934, 45.949056447365265 ], [ 30.459174937909392, 45.950406341624088 ], [ 30.459784408551254, 45.953956035633318 ], [ 30.465178441285758, 45.955305595204756 ], [ 30.465788399419687, 45.958855224095842 ], [ 30.468333141745504, 45.958642471913777 ], [ 30.468638242723284, 45.960417270070437 ], [ 30.471183035419291, 45.960204448873284 ], [ 30.471488244017422, 45.961979231798885 ], [ 30.476883296726367, 45.963328150025212 ], [ 30.477494173143871, 45.96687765279087 ], [ 30.482889829252318, 45.968226236030453 ], [ 30.486658033481746, 45.975111883640196 ], [ 30.4892033653421, 45.974898608840569 ], [ 30.489509306059684, 45.976673293867627 ], [ 30.494600041738121, 45.97624655019586 ], [ 30.49490616924906, 45.978021206813708 ], [ 30.499996948120401, 45.977594213118856 ], [ 30.500303262443268, 45.979368841310624 ], [ 30.505394084438265, 45.978941597577652 ], [ 30.508552641458177, 45.982277062851665 ], [ 30.513643607052487, 45.98184943087 ], [ 30.513950402878507, 45.983623986851356 ], [ 30.516495921548099, 45.983410073787503 ], [ 30.516802825211972, 45.985184614455875 ], [ 30.519348394135516, 45.984970632281765 ], [ 30.519655405651495, 45.986745157632008 ], [ 30.522201024822362, 45.986531106341815 ], [ 30.5225081442047, 45.988305616368748 ], [ 30.525053813616246, 45.98809149595661 ], [ 30.525361040879172, 45.989865990655026 ], [ 30.527906760524758, 45.989651801115102 ], [ 30.52821409568255, 45.991426280479835 ], [ 30.530759865555527, 45.991212021806291 ], [ 30.531067308622418, 45.992986485832127 ], [ 30.533613128716148, 45.992772158019129 ], [ 30.533920679706394, 45.994546606700908 ], [ 30.536466550014222, 45.99433220974263 ], [ 30.536774208942074, 45.996106643075123 ], [ 30.542173867053155, 45.997452059677371 ], [ 30.542789645636034, 46.001000862760655 ], [ 30.545335745635388, 46.000786245120118 ], [ 30.545643757363262, 46.002560630219143 ], [ 30.548189907553905, 46.002345943405793 ], [ 30.548498027286854, 46.004120313133768 ], [ 30.551044227662107, 46.003905557141763 ], [ 30.551352455414406, 46.005679911493466 ], [ 30.556753342477954, 46.00702453092044 ], [ 30.557370259092288, 46.010573175928819 ], [ 30.559916689096625, 46.01035819913281 ], [ 30.560225269949783, 46.012132505164729 ], [ 30.562771750115843, 46.011917459162568 ], [ 30.563080439055835, 46.013691749796408 ], [ 30.565626969376957, 46.013476634582254 ], [ 30.565935766418047, 46.015250909812792 ], [ 30.571337882655133, 46.016594731547244 ], [ 30.571955938229792, 46.020143218199891 ], [ 30.577358658579843, 46.021486703504927 ], [ 30.577977204829811, 46.025035124136998 ], [ 30.580524144130855, 46.024819636248338 ], [ 30.581142964835045, 46.028368021683683 ], [ 30.583690033425555, 46.028152451270756 ], [ 30.584309128661111, 46.031700801494424 ], [ 30.586856326549078, 46.031485148542217 ], [ 30.587475696393195, 46.035033463539278 ], [ 30.590023023586621, 46.034817728032777 ], [ 30.59064266811647, 46.038366007788305 ], [ 30.593190124623348, 46.038150189712475 ], [ 30.594120047209966, 46.043472553201994 ], [ 30.596667712256036, 46.04325663925205 ], [ 30.59790833343461, 46.050353040314839 ], [ 30.600456286299845, 46.050137017168453 ], [ 30.60107693012289, 46.05368517805762 ], [ 30.6036250123583, 46.053469072281843 ], [ 30.604245931259232, 46.057017197862208 ], [ 30.606794142872793, 46.056801009442012 ], [ 30.607415336928931, 46.060349099698627 ], [ 30.609963677928608, 46.060132828618954 ], [ 30.610585147217282, 46.063680883536847 ], [ 30.613133617611055, 46.063464529782685 ], [ 30.617548118803338, 46.073892072565926 ], [ 30.620097006647612, 46.073675526762123 ], [ 30.620408198201851, 46.075449497893189 ], [ 30.622957136152241, 46.075232882692973 ], [ 30.623268436264009, 46.077006838307341 ], [ 30.62581742431377, 46.076790153704891 ], [ 30.626128832997352, 46.078564093797354 ], [ 30.628677871139718, 46.078347339786816 ], [ 30.628989388409448, 46.080121264352137 ], [ 30.631538476637672, 46.079904440927699 ], [ 30.631850102507816, 46.081678349960647 ], [ 30.637260163679709, 46.083018388342069 ], [ 30.637883879194476, 46.086566142057457 ], [ 30.640433196996099, 46.086349096997964 ], [ 30.640745178050825, 46.088122957211738 ], [ 30.646156053557956, 46.089462503422055 ], [ 30.646780479690619, 46.093010159428879 ], [ 30.652191960859064, 46.094349367760799 ], [ 30.652816880517928, 46.097896957105611 ], [ 30.655366607336621, 46.09767953801957 ], [ 30.655991803195189, 46.101227091817876 ], [ 30.658541659450524, 46.101009589866898 ], [ 30.659167131586369, 46.104557108103663 ], [ 30.661717117286273, 46.104339523272706 ], [ 30.662342865776971, 46.107887005932874 ], [ 30.664892980929316, 46.107669338206883 ], [ 30.665519005852506, 46.111216785275367 ], [ 30.66806925046517, 46.110999034639306 ], [ 30.669008746742737, 46.11632014852939 ], [ 30.671559200274821, 46.116102301561277 ], [ 30.673126013271737, 46.124970713621778 ], [ 30.675676834720218, 46.124752743467596 ], [ 30.677558459160604, 46.135394684706256 ], [ 30.680109728186522, 46.135176577890256 ], [ 30.681051176881766, 46.140497478458634 ], [ 30.683602655028196, 46.140279275203305 ], [ 30.685172723888158, 46.149147331510328 ], [ 30.690590648718533, 46.150484199903204 ], [ 30.691219260255501, 46.154031348783072 ], [ 30.696637792240629, 46.155367878258183 ], [ 30.700448489970775, 46.162243374101081 ], [ 30.705868027273652, 46.16357938042816 ], [ 30.706497907982889, 46.167126359326957 ], [ 30.70905042313321, 46.166907491404054 ], [ 30.70968058153791, 46.170454434492363 ], [ 30.712233226349014, 46.170235483418182 ], [ 30.712863662527145, 46.173782390680842 ], [ 30.715416437006834, 46.173563356440276 ], [ 30.716047151036378, 46.177110227862144 ], [ 30.7186000551925, 46.17689111044011 ], [ 30.71923104715146, 46.180437946006037 ], [ 30.72178408099181, 46.180218745387457 ], [ 30.722415350958215, 46.183765545082302 ], [ 30.724968514490602, 46.183546261252083 ], [ 30.725915881099269, 46.188866403627515 ], [ 30.728469254032969, 46.188647023070352 ], [ 30.729101139649796, 46.192193746525149 ], [ 30.731654642302082, 46.191974282721141 ], [ 30.73228680618865, 46.19552097025683 ], [ 30.734840438567321, 46.195301423190834 ], [ 30.735789146518197, 46.200621397249492 ], [ 30.738342988372473, 46.200401753390217 ], [ 30.739925161899997, 46.209268264639668 ], [ 30.742479372807328, 46.209048496914242 ], [ 30.744696224458259, 46.221461424258926 ], [ 30.75012264601439, 46.222794769877751 ], [ 30.750756679232065, 46.226341241834298 ], [ 30.753311598841975, 46.226121169916546 ], [ 30.753945911023862, 46.229667605842508 ], [ 30.756500960494318, 46.229447450531708 ], [ 30.757135551718711, 46.232993850411901 ], [ 30.759690731057482, 46.232773611692942 ], [ 30.760325601402695, 46.236319975512124 ], [ 30.762880910617547, 46.236099653369898 ], [ 30.763516060161926, 46.239645981112844 ], [ 30.766071499260619, 46.239425575532223 ], [ 30.766706928082513, 46.242971867183748 ], [ 30.769262497072798, 46.242751378149627 ], [ 30.769898205250595, 46.246297633694439 ], [ 30.77245390414021, 46.246077061191677 ], [ 30.773089891752289, 46.249623280614543 ], [ 30.775645720548994, 46.249402624628054 ], [ 30.77628198767378, 46.252948807913761 ], [ 30.778837946385298, 46.252728068428397 ], [ 30.779474493101219, 46.256274215561689 ], [ 30.782030581735295, 46.256053392562301 ], [ 30.782985866250602, 46.261372555638005 ], [ 30.785542164767037, 46.261151635515574 ], [ 30.787135304793686, 46.270016794347804 ], [ 30.789691973191342, 46.26979574987385 ], [ 30.791924188884217, 46.282206782469622 ], [ 30.794481387357436, 46.281985586369792 ], [ 30.795119593471572, 46.285531548184444 ], [ 30.797676921996729, 46.2853102684644 ], [ 30.798315408349605, 46.288856194027211 ], [ 30.800872866934405, 46.288634830671839 ], [ 30.801511633604647, 46.292180719967526 ], [ 30.804069222256793, 46.291959272961677 ], [ 30.807905315591196, 46.298829412018975 ], [ 30.81046316440117, 46.29860779766674 ], [ 30.810782953398103, 46.300380688998246 ], [ 30.813340852201204, 46.300159004591535 ], [ 30.813660751395929, 46.30193188002108 ], [ 30.816218700185161, 46.301710125554045 ], [ 30.816538709592091, 46.303482985076343 ], [ 30.819096708360512, 46.303261160543151 ], [ 30.81941682799409, 46.305034004152915 ], [ 30.821974876734661, 46.304812109547704 ], [ 30.822295106609332, 46.30658493723962 ], [ 30.824853205315087, 46.306362972556585 ], [ 30.825173545445306, 46.308135784325373 ], [ 30.827731694109236, 46.307913749558608 ], [ 30.828052144509421, 46.309686545398954 ], [ 30.833489152368454, 46.311015045497655 ], [ 30.834130524521587, 46.314560571163675 ], [ 30.839568143196338, 46.315888729349282 ], [ 30.840210017071836, 46.319434186682408 ], [ 30.842768575697942, 46.319211774041385 ], [ 30.843410730737293, 46.322757194916051 ], [ 30.845969419439673, 46.322534698458227 ], [ 30.846611855721722, 46.32608008285905 ], [ 30.849170674508013, 46.325857502569242 ], [ 30.849813392111614, 46.329402850480911 ], [ 30.852372340989447, 46.329180186343962 ], [ 30.853015339993473, 46.332725497751071 ], [ 30.855574418970495, 46.332502749751832 ], [ 30.856539385122595, 46.337820658665464 ], [ 30.859098674410106, 46.337597813077899 ], [ 30.860064153821479, 46.342915660348247 ], [ 30.862623653456197, 46.342692717146129 ], [ 30.867115862933822, 46.353105185788046 ], [ 30.869675783373136, 46.352882047278108 ], [ 30.871287635965395, 46.361744806108668 ], [ 30.873847927436568, 46.36152154243338 ], [ 30.876106358845519, 46.373929212645763 ], [ 30.878667182155752, 46.373705796260573 ], [ 30.880281661164652, 46.382568280484833 ], [ 30.882842855848995, 46.382344738811639 ], [ 30.883812149476086, 46.387662160611271 ], [ 30.886373554873547, 46.387438521118227 ], [ 30.887990055200412, 46.396300776155663 ], [ 30.890551832183689, 46.396077011282721 ], [ 30.893464176633721, 46.412028801947272 ], [ 30.896026647231146, 46.411804856531752 ], [ 30.896350474034808, 46.413577252462581 ], [ 30.893787922946792, 46.413801211657557 ], [ 30.895407112234079, 46.42266322576851 ], [ 30.8979700658839, 46.422439197663337 ], [ 30.898618116344217, 46.425983959661288 ], [ 30.896055001618844, 46.426208015336663 ], [ 30.898972015739417, 46.442159454653869 ], [ 30.896408145247509, 46.442383577783716 ], [ 30.898029375163198, 46.451245477016151 ], [ 30.895465070932939, 46.451469612435965 ], [ 30.896437933788686, 46.456786765762217 ], [ 30.893873356983043, 46.457010885875164 ], [ 30.894521923745316, 46.460555670846809 ], [ 30.8919571549858, 46.460779761849217 ], [ 30.893254332659161, 46.467869359368699 ], [ 30.890689210463965, 46.468093448825478 ], [ 30.891337821337522, 46.471638261373592 ], [ 30.896468358082778, 46.471189970583971 ], [ 30.896792870892142, 46.472962345824463 ], [ 30.899358174106514, 46.472738101559671 ], [ 30.902572887148605, 46.476058488954536 ], [ 30.913159406358496, 46.476932892906134 ], [ 30.916375199801791, 46.480252803317569 ], [ 30.921506154042657, 46.479803325880169 ], [ 30.921831577475221, 46.481575562963293 ], [ 30.932419217763606, 46.482448051542505 ], [ 30.935636495490243, 46.485767297384946 ], [ 30.940767665781532, 46.485316915124272 ], [ 30.941093777404401, 46.487089046035905 ], [ 30.946224986188366, 46.486638409172549 ], [ 30.946551290093879, 46.488410510040616 ], [ 30.951682537298126, 46.487959618560026 ], [ 30.952009033504662, 46.489731689367261 ], [ 30.957140319056787, 46.489280543254914 ], [ 30.957467007582739, 46.491052583984093 ], [ 30.962598331410337, 46.490601183225451 ], [ 30.962925212274051, 46.492373193859329 ], [ 30.968056574304711, 46.491921538439883 ], [ 30.968383647524508, 46.49369351896118 ], [ 30.976080701475123, 46.493015568740816 ], [ 30.976408047826862, 46.494787505225574 ], [ 30.981539424290656, 46.494335227003141 ], [ 30.981866963035273, 46.496107133333204 ], [ 30.989564038298319, 46.49542824886872 ], [ 30.989891850208174, 46.497200111101471 ], [ 30.995023240655375, 46.49674721002323 ], [ 30.995351244994819, 46.498519042059137 ], [ 31.00048267321008, 46.498065886248462 ], [ 31.000810869997423, 46.499837688070293 ], [ 31.005942335908198, 46.499384277512704 ], [ 31.006270725161741, 46.501156049103187 ], [ 31.0139679339858, 46.5004754660537 ], [ 31.014296596474509, 46.502247193436297 ], [ 31.019428075556004, 46.501793159913284 ], [ 31.01975693054754, 46.503564857022383 ], [ 31.02488844707058, 46.503110568709566 ], [ 31.025217494583188, 46.504882235527901 ], [ 31.030349048475195, 46.504427692410893 ], [ 31.030678288527142, 46.506199328921234 ], [ 31.041270940737153, 46.50706108440199 ], [ 31.044496151280615, 46.510376594280281 ], [ 31.049627916143105, 46.509921145228148 ], [ 31.052853803815406, 46.51323636348738 ], [ 31.057985704968537, 46.512780518096093 ], [ 31.058315939133927, 46.514552000448283 ], [ 31.060881923754099, 46.51432397865716 ], [ 31.061212269828125, 46.516095444624568 ], [ 31.063778304052551, 46.515867352089735 ], [ 31.067005415806143, 46.519182071564252 ], [ 31.072137651441711, 46.518725546765047 ], [ 31.07246841409815, 46.520496949504214 ], [ 31.075034565894107, 46.520268587981995 ], [ 31.075365440521047, 46.52203997431058 ], [ 31.077931641881278, 46.521811542019748 ], [ 31.081159978022036, 46.525125762358392 ], [ 31.086292547718283, 46.52466855794313 ], [ 31.086623839124094, 46.526439880945659 ], [ 31.10971958214931, 46.524379526823495 ], [ 31.110051631726162, 46.526150720737661 ], [ 31.122881908139387, 46.525004024129487 ], [ 31.123214392788391, 46.526775145143851 ], [ 31.130912424654753, 46.526086404366886 ], [ 31.131245182892108, 46.527857480642233 ], [ 31.136377208719733, 46.527398008358936 ], [ 31.136710159823583, 46.529169053992383 ], [ 31.141842221529128, 46.528709326634193 ], [ 31.142175365517584, 46.530480341608467 ], [ 31.147307463028149, 46.530020359161128 ], [ 31.147640799919284, 46.531791343458899 ], [ 31.15277293316198, 46.531331105908215 ], [ 31.153106462973874, 46.533102059512231 ], [ 31.158238631875786, 46.532641566843971 ], [ 31.158572354626497, 46.534412489736908 ], [ 31.163704559114692, 46.533951741936875 ], [ 31.164038474822281, 46.535722634101461 ], [ 31.174302828797806, 46.534800401410372 ], [ 31.173968590168776, 46.533029565950827 ], [ 31.186797919782855, 46.531875570394639 ], [ 31.186463309138723, 46.530104803486161 ], [ 31.209553387802291, 46.528024168493857 ], [ 31.209218082646405, 46.526253527098049 ], [ 31.211783408305553, 46.526022076318448 ], [ 31.212118794116627, 46.527792703484288 ], [ 31.24803115881064, 46.524546244665046 ], [ 31.247694644214366, 46.522775817071853 ], [ 31.250259494823695, 46.522543516603641 ], [ 31.250596090019791, 46.52431392991646 ], [ 31.273679042108668, 46.522220548840629 ], [ 31.274016394333696, 46.523990831042241 ], [ 31.28683954686765, 46.522825788227593 ], [ 31.287177333742786, 46.524595996379908 ], [ 31.294871084945701, 46.523896248320966 ], [ 31.295209145348231, 46.52566641102122 ], [ 31.308031829418002, 46.52449896032654 ], [ 31.30769336627807, 46.522728869377701 ], [ 31.330771462475855, 46.520624021575188 ], [ 31.330432306606014, 46.518854057533346 ], [ 31.335560260028593, 46.518385719884606 ], [ 31.335899576886035, 46.520155655143832 ], [ 31.358974507995111, 46.518045205672976 ], [ 31.359314581155214, 46.519815008777385 ], [ 31.372133268437093, 46.518640484850856 ], [ 31.372473775952049, 46.520410213312765 ], [ 31.380164844727208, 46.519704776899005 ], [ 31.380505625690382, 46.521474459540755 ], [ 31.385633005234826, 46.521003856899995 ], [ 31.385973979213411, 46.522773508149349 ], [ 31.391101391141678, 46.522302650355549 ], [ 31.391442558153354, 46.524072270195227 ], [ 31.39657000239221, 46.523601157234587 ], [ 31.396911362454592, 46.525370745647265 ], [ 31.40750790070188, 46.526197311138631 ], [ 31.407849646918592, 46.527966836645362 ], [ 31.410413433389127, 46.527730925651234 ], [ 31.410755292260834, 46.529500434177443 ], [ 31.415882929458501, 46.529028413523974 ], [ 31.416224981451712, 46.530797890561544 ], [ 31.429043912532638, 46.529616776679724 ], [ 31.429386398997742, 46.531386178660313 ], [ 31.437077611788499, 46.530676788143552 ], [ 31.437420371845853, 46.532446144046666 ], [ 31.442547846447013, 46.531972905224379 ], [ 31.44289079967745, 46.533742229556431 ], [ 31.448018305893811, 46.53326873545948 ], [ 31.448361452314899, 46.535038028203161 ], [ 31.450925237364302, 46.534801181784388 ], [ 31.447837359496027, 46.518877588011541 ], [ 31.450400388609516, 46.518640815991127 ], [ 31.448685630071484, 46.509794360230593 ], [ 31.451248225144539, 46.509557604426718 ], [ 31.450219516644321, 46.504249744607257 ] ], [ [ 30.172655599439238, 45.342139113612546 ], [ 30.172366256251909, 45.340362616387914 ], [ 30.167328164858631, 45.340770597108921 ], [ 30.167039002081474, 45.338994072752897 ], [ 30.162000956361823, 45.339401808946363 ], [ 30.161711973976431, 45.337625257475359 ], [ 30.15667397399621, 45.338032749156604 ], [ 30.156385171984187, 45.336256170586999 ], [ 30.146020687848125, 45.335293814822435 ], [ 30.142924991054038, 45.331943941408227 ], [ 30.137887228401922, 45.332350564892423 ], [ 30.137599070977632, 45.330573890612079 ], [ 30.13508022609032, 45.330777107560394 ], [ 30.134792172230416, 45.329000418771678 ], [ 30.132273377217807, 45.329203568356213 ], [ 30.131985426908518, 45.327426865064112 ], [ 30.129466681776702, 45.32762994729061 ], [ 30.129178835004215, 45.325853229500105 ], [ 30.126660139759288, 45.326056244374421 ], [ 30.126372396509822, 45.324279512090534 ], [ 30.123853751157874, 45.324482459618395 ], [ 30.123566111417649, 45.322705712846108 ], [ 30.121047515964733, 45.322908593033318 ], [ 30.120759979719967, 45.321131831777649 ], [ 30.11824143417217, 45.321334644629985 ], [ 30.117954001409071, 45.319557868895899 ], [ 30.115435505772478, 45.319760614419167 ], [ 30.115148176477273, 45.317983824211694 ], [ 30.109824109120858, 45.316612308618232 ], [ 30.109249891069759, 45.313058668359417 ], [ 30.10392641038662, 45.311686827665525 ], [ 30.103352659452494, 45.308133125628501 ], [ 30.100834566792699, 45.308335509653588 ], [ 30.100261076059116, 45.304781774768351 ], [ 30.097743109989857, 45.304984079042576 ], [ 30.097169879383522, 45.301430311323195 ], [ 30.094652039896289, 45.301632535861231 ], [ 30.094079069343938, 45.298078735321774 ], [ 30.091561356430152, 45.298280880138272 ], [ 30.090988645858534, 45.294727046792836 ], [ 30.088471059509626, 45.29492911190242 ], [ 30.087612423504808, 45.289598309737762 ], [ 30.085095040313028, 45.289800282710502 ], [ 30.083664896302945, 45.280915510783103 ], [ 30.081147869377034, 45.281117366768285 ], [ 30.078575976718998, 45.265124541265429 ], [ 30.076059612007327, 45.265326230599328 ], [ 30.075774055704656, 45.263549227717839 ], [ 30.078290343912691, 45.263347550810558 ], [ 30.075720845198653, 45.247354548175245 ], [ 30.078236418612338, 45.24715292835819 ], [ 30.076809467353435, 45.23826792016299 ], [ 30.079324632113511, 45.238066307752682 ], [ 30.07846855097031, 45.232735316500822 ], [ 30.080983460006706, 45.232533686667836 ], [ 30.080412719316676, 45.228979707511456 ], [ 30.082927449056601, 45.228778047845601 ], [ 30.082356661910058, 45.225224085669531 ], [ 30.084871212386098, 45.225022396182482 ], [ 30.084300378819869, 45.221468450988617 ], [ 30.086814750064629, 45.221266731692005 ], [ 30.088187135866388, 45.213957143163853 ], [ 30.092929559183766, 45.211776597059945 ], [ 30.092358487165004, 45.208222723753259 ], [ 30.094872218071274, 45.208020872898736 ], [ 30.094586645656559, 45.206243945726733 ], [ 30.097100273728731, 45.206042052680615 ], [ 30.096814651636198, 45.204265135976797 ], [ 30.099328176880281, 45.204063200746397 ], [ 30.099042505123617, 45.202286294512753 ], [ 30.101555927545629, 45.20208431710541 ], [ 30.101270206138512, 45.200307421343823 ], [ 30.103783525744451, 45.200105401766884 ], [ 30.103497754700584, 45.198328516479286 ], [ 30.106010971496474, 45.198126454740127 ], [ 30.105725150829524, 45.196349579928466 ], [ 30.10823826482137, 45.196147476034383 ], [ 30.10795239454503, 45.194370611700613 ], [ 30.110465405738847, 45.194168465658969 ], [ 30.110179485866798, 45.192391611805 ], [ 30.112692394268592, 45.192189423623134 ], [ 30.11463321140786, 45.188433517047592 ], [ 30.119658590464873, 45.188028917584433 ], [ 30.121598824904037, 45.184272939061032 ], [ 30.126623739618267, 45.183868062005061 ], [ 30.126337419696309, 45.182091285521182 ], [ 30.131362075602606, 45.181686215141056 ], [ 30.131075630062771, 45.179909461632064 ], [ 30.136100027144209, 45.17950419796486 ], [ 30.135813456022845, 45.17772746744096 ], [ 30.14083759426255, 45.177322010523739 ], [ 30.140550897596004, 45.175545302995189 ], [ 30.14557477697711, 45.175139652865035 ], [ 30.145287954801713, 45.173362968342026 ], [ 30.152823345529939, 45.172754121575267 ], [ 30.15253632181259, 45.170977472572901 ], [ 30.165094392048189, 45.169961699827674 ], [ 30.164807014755809, 45.168185111408654 ], [ 30.187409172513306, 45.166353398331538 ], [ 30.187121137714175, 45.164576920746995 ], [ 30.189632278729736, 45.164373137062952 ], [ 30.189920389539395, 45.166149602095103 ], [ 30.212520136309362, 45.164312983360972 ], [ 30.212808957931035, 45.166089333270243 ], [ 30.225363813154637, 45.165067019257656 ], [ 30.225653041571825, 45.16684330419676 ], [ 30.233185860000862, 45.166229224102992 ], [ 30.233475343259038, 45.168005469212666 ], [ 30.238497239602776, 45.167595784818133 ], [ 30.238786901741356, 45.16937200268498 ], [ 30.243808842313658, 45.168962075099074 ], [ 30.244098683350753, 45.170738265706781 ], [ 30.249120668086427, 45.170328094914417 ], [ 30.249410688040143, 45.172104258246677 ], [ 30.259744988629297, 45.173059323022507 ], [ 30.262836919219804, 45.176406102810176 ], [ 30.267859133997796, 45.175995068020285 ], [ 30.268149793814423, 45.177771134748916 ], [ 30.270660936655563, 45.177565522958417 ], [ 30.270951699490315, 45.179341575002688 ], [ 30.273462891286005, 45.179135896056167 ], [ 30.273753757152491, 45.18091193341106 ], [ 30.276264997896625, 45.180706187302839 ], [ 30.276555966808459, 45.182482209963354 ], [ 30.279067256494923, 45.182276396687691 ], [ 30.279358328465715, 45.184052404648853 ], [ 30.281869667088397, 45.183846524199986 ], [ 30.282160842131784, 45.185622517456828 ], [ 30.284672229684563, 45.185416569829052 ], [ 30.284963507814133, 45.187192548376558 ], [ 30.287474944290913, 45.186986533564145 ], [ 30.287766325520302, 45.188762497397342 ], [ 30.290277810914958, 45.188556415394565 ], [ 30.290569295257772, 45.190332364508464 ], [ 30.295884000246087, 45.191695933298526 ], [ 30.296467408592619, 45.195247770587322 ], [ 30.30178269467056, 45.196611013641906 ], [ 30.30236656997479, 45.200162787914017 ], [ 30.304878451946305, 45.199956344451728 ], [ 30.305462587962644, 45.203508085162476 ], [ 30.307974594876395, 45.203301561751282 ], [ 30.308558991677778, 45.206853268886505 ], [ 30.311071123541911, 45.206646665511826 ], [ 30.311655781201235, 45.210198339057342 ], [ 30.314168038023915, 45.209991655704606 ], [ 30.314752956614111, 45.213543295646218 ], [ 30.317265338403494, 45.213336532300843 ], [ 30.318143148617263, 45.218663938726493 ], [ 30.320655731484155, 45.218457082637741 ], [ 30.32211967354851, 45.227335988852595 ], [ 30.324632609789511, 45.227129014509664 ], [ 30.327270107485226, 45.243110802330591 ], [ 30.329783701960213, 45.242903658673434 ], [ 30.330076969797449, 45.244679389903347 ], [ 30.327563299123639, 45.244886546314824 ], [ 30.330203251798526, 45.26086815015794 ], [ 30.327688867721264, 45.261075366771031 ], [ 30.329156082273034, 45.269954027775334 ], [ 30.326641289460962, 45.270161253550135 ], [ 30.327521717010121, 45.275488463881921 ], [ 30.32500666793722, 45.27569567328576 ], [ 30.325593603552083, 45.279247162129124 ], [ 30.323078374492926, 45.27945434239097 ], [ 30.323665266674265, 45.283005848566958 ], [ 30.321149857595984, 45.283212999675243 ], [ 30.3217367063076, 45.286764523182079 ], [ 30.319221117177278, 45.28697164512522 ], [ 30.317878914831262, 45.294281836890669 ], [ 30.313140257826362, 45.296471710865688 ], [ 30.31372687767961, 45.300023307763333 ], [ 30.311210644453777, 45.300230300184573 ], [ 30.3115039189024, 45.302006108315027 ], [ 30.308987581928413, 45.302213058771734 ], [ 30.30928080723179, 45.303988877603217 ], [ 30.306764366503472, 45.30419578608808 ], [ 30.30705754264789, 45.305971615618695 ], [ 30.304540998159066, 45.306178482124338 ], [ 30.30483412513081, 45.307954322352167 ], [ 30.302317476875277, 45.308161146871228 ], [ 30.302610554660639, 45.309936997794367 ], [ 30.300093802632226, 45.310143780319471 ], [ 30.300386831217487, 45.311919641936036 ], [ 30.297869975410006, 45.31212638245983 ], [ 30.298162954781453, 45.313902254767889 ], [ 30.295645995188721, 45.314108953283018 ], [ 30.295938925332639, 45.315884836280681 ], [ 30.293421861948474, 45.316091492779755 ], [ 30.291490407317017, 45.319849905311969 ], [ 30.286455838080236, 45.320262995446157 ], [ 30.284523798399675, 45.324021337316935 ], [ 30.27948875940891, 45.324434149741876 ], [ 30.279781290077661, 45.326210111580586 ], [ 30.274745988965549, 45.326622730340063 ], [ 30.275038393724106, 45.328398715555288 ], [ 30.270002830507178, 45.328811140611961 ], [ 30.270295109318784, 45.330587149193512 ], [ 30.26525928401357, 45.330999380509994 ], [ 30.265551436841491, 45.332775412447681 ], [ 30.260515349464548, 45.33318744998661 ], [ 30.260807376272034, 45.33496350527021 ], [ 30.253252811333873, 45.335581188655965 ], [ 30.253544635448534, 45.337357279952229 ], [ 30.24095276706873, 45.338385719530223 ], [ 30.2412442351119, 45.340161872139916 ], [ 30.218576471916361, 45.34200972380247 ], [ 30.218867276993848, 45.343785988200757 ], [ 30.216348424381504, 45.343991043547625 ], [ 30.216057695999556, 45.342214766520101 ], [ 30.193387494655308, 45.344057683325936 ], [ 30.193097483696643, 45.342281290775922 ], [ 30.180502364821574, 45.343303150940137 ], [ 30.180212764477893, 45.341526693441701 ], [ 30.172655599439238, 45.342139113612546 ] ] ], [ [ [ 36.533048515172432, 45.179109801771723 ], [ 36.530597091830323, 45.179451633247069 ], [ 36.531563758912363, 45.182919188783103 ], [ 36.534015319583887, 45.182577316207421 ], [ 36.533048515172432, 45.179109801771723 ] ] ], [ [ [ 36.531563758912363, 45.182919188783103 ], [ 36.529112154363894, 45.183261010726767 ], [ 36.529595485040154, 45.184994802163921 ], [ 36.527143767937744, 45.185336594019439 ], [ 36.527627073802087, 45.187070401417976 ], [ 36.52320658293862, 45.189487718195984 ], [ 36.523689839145909, 45.191221557514616 ], [ 36.526141850093531, 45.190879805311774 ], [ 36.528075588599172, 45.197815034551738 ], [ 36.5324963906642, 45.195397454460654 ], [ 36.530562278025954, 45.1884623712793 ], [ 36.533014088624356, 45.188120487684564 ], [ 36.531563758912363, 45.182919188783103 ] ] ], [ [ [ 36.533947436126539, 45.200598718663066 ], [ 36.531495100631979, 45.200940695489315 ], [ 36.532946335135968, 45.206141980055193 ], [ 36.53539887686096, 45.205799941550595 ], [ 36.533947436126539, 45.200598718663066 ] ] ], [ [ [ 36.591656619419844, 45.25197698180888 ], [ 36.590197706657598, 45.24677722443969 ], [ 36.587744056433458, 45.247120680882958 ], [ 36.586771806347436, 45.243654111561817 ], [ 36.581378727535785, 45.242607456920105 ], [ 36.580407017506836, 45.239140777331883 ], [ 36.575014445052631, 45.238093740994785 ], [ 36.574043274899758, 45.234626951199452 ], [ 36.568651208772252, 45.233579533265591 ], [ 36.567680578314402, 45.230112633323067 ], [ 36.565227376200475, 45.230455508004567 ], [ 36.564742195861974, 45.228722030507676 ], [ 36.562289018482787, 45.229064833891059 ], [ 36.561318927538984, 45.225597823861236 ], [ 36.555927873972365, 45.224549643029739 ], [ 36.554958322361678, 45.221082522972566 ], [ 36.552505356812333, 45.221425071305006 ], [ 36.551536118805735, 45.217957891654052 ], [ 36.549083246802937, 45.218300348128153 ], [ 36.548114322327379, 45.214833108902525 ], [ 36.545661543873635, 45.215175473531772 ], [ 36.54469293285608, 45.211708174750513 ], [ 36.542240247953892, 45.212050447548357 ], [ 36.541271950321288, 45.208583089230537 ], [ 36.538819358973178, 45.208925270210472 ], [ 36.537851374652504, 45.205457852375133 ], [ 36.53539887686096, 45.205799941550595 ], [ 36.539755571986717, 45.221403362191829 ], [ 36.5422086887259, 45.22106108789184 ], [ 36.543177464421738, 45.224528423001097 ], [ 36.54072421007762, 45.224870738452971 ], [ 36.545085259349115, 45.240473704000571 ], [ 36.54263134147908, 45.240816153968026 ], [ 36.543600810000513, 45.24428347021049 ], [ 36.546054865607147, 45.243940979070508 ], [ 36.54702464802012, 45.247408235729317 ], [ 36.549478797337208, 45.247065652673889 ], [ 36.550448893714922, 45.250532849729929 ], [ 36.552903136739964, 45.250190174745562 ], [ 36.553873547155604, 45.253657312179769 ], [ 36.55632788388607, 45.253314545252977 ], [ 36.55778403681451, 45.258515155027659 ], [ 36.560238536149733, 45.25817227553614 ], [ 36.563664256115821, 45.261296312978764 ], [ 36.583299411689687, 45.258550714429262 ], [ 36.583785661370513, 45.260284026326659 ], [ 36.593602454859138, 45.258909926853541 ], [ 36.593115929725279, 45.257176697534661 ], [ 36.595569948783329, 45.256833066502779 ], [ 36.594110431957468, 45.251633412724679 ], [ 36.591656619419844, 45.25197698180888 ] ] ], [ [ [ 34.850248039746418, 45.794963170189874 ], [ 34.840257885367066, 45.796197942484866 ], [ 34.840699061484102, 45.797945017729447 ], [ 34.850689509114972, 45.796710170608868 ], [ 34.850248039746418, 45.794963170189874 ] ] ], [ [ [ 34.812925905393477, 45.810380909272247 ], [ 34.817922919535079, 45.809764677517592 ], [ 34.817482273832475, 45.808017434595619 ], [ 34.822478978706052, 45.807401028008407 ], [ 34.822038226843915, 45.805653818606018 ], [ 34.827034622448764, 45.805037237226678 ], [ 34.826593764465436, 45.803290061351809 ], [ 34.83158985080091, 45.802673305220722 ], [ 34.831148886734702, 45.800926162881346 ], [ 34.838642491358932, 45.800000687090964 ], [ 34.838201347913206, 45.798253596992026 ], [ 34.818218176357938, 45.80072032247751 ], [ 34.818658732996745, 45.802467562068209 ], [ 34.816160580400052, 45.802775682815138 ], [ 34.815720097132569, 45.801028424551504 ], [ 34.793235557960777, 45.803798956474232 ], [ 34.792795775781279, 45.802051526465299 ], [ 34.79029736427001, 45.802359079467735 ], [ 34.79117682234363, 45.805853972945826 ], [ 34.796613835160343, 45.806986143028432 ], [ 34.797493830208332, 45.810480938975211 ], [ 34.799992527707857, 45.810173186624418 ], [ 34.804252249076242, 45.816854777926459 ], [ 34.806751159155006, 45.816546844812123 ], [ 34.808369121489271, 45.81274424258762 ], [ 34.813366444898222, 45.812128185705888 ], [ 34.812925905393477, 45.810380909272247 ] ] ], [ [ [ 34.212208696872644, 46.171034667032586 ], [ 34.211781672179761, 46.169283080995214 ], [ 34.214302762611986, 46.168986384411596 ], [ 34.213875701942385, 46.167234812808623 ], [ 34.218917612641825, 46.166641293275447 ], [ 34.220584052507078, 46.162841406519625 ], [ 34.225625422912216, 46.162247634333141 ], [ 34.225198103236032, 46.160496142128707 ], [ 34.230239163844828, 46.159902189532922 ], [ 34.229811732706203, 46.158150729822417 ], [ 34.234852483515951, 46.157556596857994 ], [ 34.234424940954206, 46.155805169649767 ], [ 34.239465381962155, 46.155210856357421 ], [ 34.239037728016569, 46.153459461659793 ], [ 34.244077859220042, 46.15286496808023 ], [ 34.243650093929908, 46.15111360590155 ], [ 34.251209766466935, 46.1502215140275 ], [ 34.250781814378563, 46.148470202450007 ], [ 34.26338009685292, 46.146982391367963 ], [ 34.262951807108365, 46.145231166586598 ], [ 34.285625532349854, 46.14254986319856 ], [ 34.285196603426321, 46.140798797721239 ], [ 34.287715631930901, 46.140500622965781 ], [ 34.288144636266978, 46.142251670325066 ], [ 34.31081477970077, 46.139565502638796 ], [ 34.311244502405764, 46.14131638315633 ], [ 34.316282024517569, 46.140718826354835 ], [ 34.315852151069379, 46.138967982140421 ], [ 34.328444881622232, 46.137473235556975 ], [ 34.328014671298952, 46.135722478506281 ], [ 34.350678393950119, 46.133028695853135 ], [ 34.350247545724294, 46.131278098790375 ], [ 34.352765462141193, 46.130978537840726 ], [ 34.353196385655728, 46.132729116706336 ], [ 34.375856511877991, 46.130030475368002 ], [ 34.376288152808534, 46.131780886651583 ], [ 34.388876087581458, 46.13027966145205 ], [ 34.389308144773729, 46.132029977884542 ], [ 34.399378072497896, 46.130827953514725 ], [ 34.398513396382334, 46.127327462972154 ], [ 34.403115390564551, 46.124975985842852 ], [ 34.402250654145206, 46.121475546250046 ], [ 34.404767579709507, 46.121174888696387 ], [ 34.404335196444741, 46.119424681638314 ], [ 34.406852006754761, 46.119123988419268 ], [ 34.406419588406401, 46.117373795940907 ], [ 34.408936283471199, 46.117073067063785 ], [ 34.408503830052048, 46.115322889166393 ], [ 34.413104386005095, 46.112971161152061 ], [ 34.412671862482696, 46.111221012420309 ], [ 34.407206710278089, 46.110072333382647 ], [ 34.406342164119692, 46.106571944454423 ], [ 34.400877572821706, 46.105422892699913 ], [ 34.400013567442898, 46.101922408681283 ], [ 34.397497468445344, 46.102222865452788 ], [ 34.396633773406641, 46.098722330235333 ], [ 34.394117784591735, 46.0990226966262 ], [ 34.393254399814865, 46.095522110228096 ], [ 34.390738521181525, 46.095822386252799 ], [ 34.389875446588249, 46.092321748692193 ], [ 34.387359678135397, 46.092621934365177 ], [ 34.386496913647484, 46.089121245660195 ], [ 34.383981255374053, 46.089421340995941 ], [ 34.382687633621281, 46.084170225747727 ], [ 34.380172160588998, 46.084470212540957 ], [ 34.37801729855061, 46.075718189375991 ], [ 34.37550216081268, 46.076018031229495 ], [ 34.371626599005189, 46.06026399488173 ], [ 34.36911209642173, 46.060563619052886 ], [ 34.369905164087896, 46.053262105787134 ], [ 34.362362436384522, 46.054160598488181 ], [ 34.362792510429699, 46.055911130821308 ], [ 34.340161501760377, 46.058603865579691 ], [ 34.340590940696259, 46.06035455781673 ], [ 34.338076110140413, 46.060653499503957 ], [ 34.337646746221871, 46.058902789109084 ], [ 34.315012157017939, 46.061590677231493 ], [ 34.314583508180704, 46.059839799920596 ], [ 34.302007721120759, 46.061331095047883 ], [ 34.30157948729434, 46.059580123509932 ], [ 34.294033763997525, 46.060474199708686 ], [ 34.293605795063201, 46.058723170227196 ], [ 34.288575264702565, 46.059318915409413 ], [ 34.288147485576303, 46.057567846110992 ], [ 34.28311694680071, 46.058163339566285 ], [ 34.282689357470332, 46.056412230468069 ], [ 34.277658810354026, 46.057007472205157 ], [ 34.277231410807403, 46.055256323324215 ], [ 34.266743082074377, 46.054694863032111 ], [ 34.263373890636714, 46.05148965483253 ], [ 34.258343390002651, 46.052083997567763 ], [ 34.257916674376929, 46.05033270777848 ], [ 34.2554014398265, 46.050629780256344 ], [ 34.254974838830655, 46.048878468809818 ], [ 34.252459639833148, 46.049175469348363 ], [ 34.25203315345437, 46.047424136250235 ], [ 34.249517990018731, 46.047721064854393 ], [ 34.249091618244215, 46.045969710110349 ], [ 34.246576490379361, 46.046266566785171 ], [ 34.246150233196325, 46.044515190400851 ], [ 34.243635140911202, 46.044811975151319 ], [ 34.243208998306827, 46.043060577132387 ], [ 34.24069394161036, 46.043357289963502 ], [ 34.240267913571834, 46.041605870315642 ], [ 34.237752892472948, 46.041902511232422 ], [ 34.237326978987475, 46.040151069961247 ], [ 34.234811993495093, 46.040447638968686 ], [ 34.234386194549899, 46.038696176079874 ], [ 34.231871244672924, 46.038992673182953 ], [ 34.23144556025516, 46.03724118868216 ], [ 34.225990197480066, 46.036082461088256 ], [ 34.225139326101939, 46.032579402081907 ], [ 34.219684524427258, 46.031420304141378 ], [ 34.218834189758915, 46.027917151593968 ], [ 34.216319568207844, 46.028213253259764 ], [ 34.215469541204136, 46.024710050377777 ], [ 34.212955030364043, 46.025006062188119 ], [ 34.212105310947067, 46.021502808989482 ], [ 34.209590910816544, 46.021798730958793 ], [ 34.208741498908417, 46.018295427461503 ], [ 34.20622720948603, 46.01859125960425 ], [ 34.205378105008883, 46.015087905826185 ], [ 34.20286392629324, 46.015383648156849 ], [ 34.20159078958541, 46.010128536728551 ], [ 34.199076796581252, 46.010424171294218 ], [ 34.19865257131012, 46.008672442363121 ], [ 34.193624617401532, 46.009263514010975 ], [ 34.194048692659798, 46.011015278865351 ], [ 34.189020431563549, 46.011606171007877 ], [ 34.189444396072112, 46.013357968201184 ], [ 34.184415827791071, 46.013948680797895 ], [ 34.184839681511001, 46.015700510321835 ], [ 34.179810806048096, 46.016291043332274 ], [ 34.180234548940469, 46.018042905178504 ], [ 34.17269071609082, 46.018928354428603 ], [ 34.173114273042522, 46.020680266525495 ], [ 34.160540057953376, 46.022155027150355 ], [ 34.16096327868933, 46.023907025324171 ], [ 34.15593316783756, 46.024496588118708 ], [ 34.156779426516309, 46.028000645461319 ], [ 34.154264162015757, 46.028295381826467 ], [ 34.155110427306425, 46.031799460765797 ], [ 34.150502521254069, 46.034140913351585 ], [ 34.151348721248461, 46.03764504259852 ], [ 34.148832963312394, 46.037939706752674 ], [ 34.14925604696441, 46.039691783952108 ], [ 34.146740174624455, 46.039986412076679 ], [ 34.147163222308066, 46.041738503629574 ], [ 34.144647235555354, 46.042033095717159 ], [ 34.145070247257721, 46.043785201622214 ], [ 34.142554146083363, 46.04407975766555 ], [ 34.14297712179166, 46.045831877921529 ], [ 34.14046090618681, 46.046126397913241 ], [ 34.140883845888162, 46.047878532518837 ], [ 34.138367515843939, 46.048173016451614 ], [ 34.138790419525513, 46.04992516540554 ], [ 34.136273975033049, 46.050219613272063 ], [ 34.136696842681964, 46.051971776573069 ], [ 34.134180283732391, 46.052266188365977 ], [ 34.134603115335814, 46.05401836601277 ], [ 34.132086441920244, 46.054312741724736 ], [ 34.130415209048728, 46.058111479674253 ], [ 34.125381365101639, 46.058700032737974 ], [ 34.125804013197595, 46.06045227130398 ], [ 34.123286957134042, 46.060746484731311 ], [ 34.123709569122184, 46.062498737635991 ], [ 34.119097689355229, 46.06483932337855 ], [ 34.119942808013768, 46.068343882988245 ], [ 34.117425333087922, 46.068638005928221 ], [ 34.11827045783361, 46.072142587116033 ], [ 34.113657559448264, 46.074483063484635 ], [ 34.114502617901714, 46.077987694918299 ], [ 34.111984648579266, 46.078281745171601 ], [ 34.112407161211699, 46.080034073448964 ], [ 34.109889077303919, 46.0803280875366 ], [ 34.110311553732338, 46.08208043014583 ], [ 34.107793355230335, 46.082374408060431 ], [ 34.108215795441843, 46.084126765000285 ], [ 34.105697482336751, 46.08442070673452 ], [ 34.10611988631846, 46.086173078003661 ], [ 34.10360145860141, 46.086466983550203 ], [ 34.104023826340395, 46.088219369147382 ], [ 34.101505284002506, 46.088513238498862 ], [ 34.101927615485891, 46.090265638422778 ], [ 34.099408958518289, 46.090559471571858 ], [ 34.099831253733157, 46.092311885821246 ], [ 34.097312482126966, 46.092605682760578 ], [ 34.097734741060414, 46.094358111334138 ], [ 34.093119076535864, 46.096698039450622 ], [ 34.093541262867731, 46.098450496668697 ], [ 34.098579376477772, 46.097862957861359 ], [ 34.09900175297058, 46.099615375814267 ], [ 34.109500529387489, 46.100191920587307 ], [ 34.112865225422595, 46.10340245738886 ], [ 34.117903393894707, 46.102814018333845 ], [ 34.11832645567668, 46.104566296948867 ], [ 34.120845556514709, 46.104271978399069 ], [ 34.121268733040971, 46.106024235568817 ], [ 34.123787870095775, 46.10572984503515 ], [ 34.124211161379236, 46.107482080753975 ], [ 34.12673033464192, 46.107187618231414 ], [ 34.127153740695491, 46.10893983249364 ], [ 34.129672950157136, 46.108645297977127 ], [ 34.13009647099372, 46.110397490777103 ], [ 34.132615716645461, 46.1101028842616 ], [ 34.133039352277962, 46.111855055593665 ], [ 34.135558634110858, 46.111560377074134 ], [ 34.135982384552172, 46.11331252693261 ], [ 34.138501702557335, 46.113017776404 ], [ 34.138925567820401, 46.11476990478323 ], [ 34.141444921988906, 46.114475082240524 ], [ 34.141868902086614, 46.116227189134854 ], [ 34.147331813823257, 46.117389413390647 ], [ 34.148180272802087, 46.12089353764096 ], [ 34.153643749211184, 46.122055391336986 ], [ 34.154492746514066, 46.125559422429632 ], [ 34.157012432391902, 46.12526420384858 ], [ 34.157861738339577, 46.128768184770848 ], [ 34.160381535856075, 46.12847287618515 ], [ 34.161231150526994, 46.131976806919091 ], [ 34.163751059683634, 46.131681408314186 ], [ 34.164600983156255, 46.135185288841811 ], [ 34.167121003954541, 46.134889800203197 ], [ 34.167971236307331, 46.138393630506535 ], [ 34.170491368748749, 46.138098051819654 ], [ 34.171767239926396, 46.14335371654488 ], [ 34.174287559577486, 46.14305802982102 ], [ 34.176415179114464, 46.151817309575819 ], [ 34.178935837179402, 46.151521478824236 ], [ 34.181064822489354, 46.160280579122372 ], [ 34.183585819078381, 46.159984604286798 ], [ 34.184863911577452, 46.165239967479557 ], [ 34.187385095510187, 46.164943884502655 ], [ 34.189516419155375, 46.173702661421551 ], [ 34.207166245835566, 46.17162793380615 ], [ 34.206739372402225, 46.169876311709444 ], [ 34.212208696872644, 46.171034667032586 ] ] ], [ [ [ 33.919155705016586, 46.149270618054494 ], [ 33.931771168761827, 46.147819365138218 ], [ 33.932188985429889, 46.149572949516411 ], [ 33.934712037649682, 46.149282518367336 ], [ 33.933876291337867, 46.145775381482238 ], [ 33.93850400903618, 46.143440888701015 ], [ 33.937668192151222, 46.139933801674026 ], [ 33.940190748492313, 46.139643296040028 ], [ 33.939772822428154, 46.137889764992039 ], [ 33.942295264092046, 46.137599222763484 ], [ 33.94187730100677, 46.135845705919223 ], [ 33.944399628002309, 46.135555127103508 ], [ 33.943981627908933, 46.133801624464311 ], [ 33.946503840244908, 46.133511009068783 ], [ 33.946085803156457, 46.131757520635965 ], [ 33.948607900841694, 46.131466868667999 ], [ 33.94818982677117, 46.129713394442831 ], [ 33.950711809814486, 46.129422705909811 ], [ 33.950293698774907, 46.127669245893635 ], [ 33.952815567185112, 46.127378520802921 ], [ 33.952397419189474, 46.125625074997039 ], [ 33.957022627207138, 46.123290083577736 ], [ 33.956186222309015, 46.119783245334986 ], [ 33.951143208195937, 46.120364716709496 ], [ 33.950725215514517, 46.118611256991549 ], [ 33.945682197644281, 46.119192476085146 ], [ 33.942325216131138, 46.115975968346227 ], [ 33.937282268528229, 46.11655679136544 ], [ 33.93686477104837, 46.114803232845681 ], [ 33.934343314844931, 46.115093545345104 ], [ 33.933925931896042, 46.113339965690848 ], [ 33.931404512690776, 46.113630206299504 ], [ 33.930987244259846, 46.111876605516407 ], [ 33.928465862061564, 46.112166774239412 ], [ 33.928048708135591, 46.110413152333095 ], [ 33.925527362953083, 46.110703249175515 ], [ 33.925110323519078, 46.108949606151612 ], [ 33.922589015361119, 46.109239631118562 ], [ 33.91923400879238, 46.106022234837134 ], [ 33.916712774709893, 46.106312116068409 ], [ 33.917129509445992, 46.108065818950358 ], [ 33.912503395576778, 46.110399188700228 ], [ 33.91333675548497, 46.113906647707779 ], [ 33.910815102218422, 46.114196436786855 ], [ 33.911648465353835, 46.117703917224439 ], [ 33.907021327527261, 46.12003717346559 ], [ 33.907854619630491, 46.123544703678853 ], [ 33.905332471197546, 46.12383441815804 ], [ 33.905749099469496, 46.125588195707621 ], [ 33.903226836493801, 46.125877873548561 ], [ 33.903643427621795, 46.127631665268943 ], [ 33.901121050094567, 46.127921306464266 ], [ 33.90153760406556, 46.129675112354114 ], [ 33.899015111978009, 46.129964716896453 ], [ 33.899431628778991, 46.131718536954445 ], [ 33.896909022122344, 46.132008104836423 ], [ 33.897325501740269, 46.13376193906128 ], [ 33.894802780505721, 46.134051470275509 ], [ 33.895219222927565, 46.135805318665895 ], [ 33.892696387106334, 46.13609481320502 ], [ 33.893112792319066, 46.137848675759621 ], [ 33.890589841902354, 46.138138133616245 ], [ 33.891006209892929, 46.139892010333746 ], [ 33.888483144871969, 46.140181431500508 ], [ 33.886792589500445, 46.143978611888407 ], [ 33.88174596230958, 46.144557253098895 ], [ 33.880054838049617, 46.148354397593877 ], [ 33.870376235026818, 46.15126496951229 ], [ 33.870792151444739, 46.153018983973624 ], [ 33.893505230479761, 46.15041519811443 ], [ 33.89308863028338, 46.148661342119972 ], [ 33.895612036283524, 46.148371778547812 ], [ 33.896028712433321, 46.150125616919233 ], [ 33.918738306702586, 46.147516941896797 ], [ 33.919155705016586, 46.149270618054494 ] ] ], [ [ [ 33.866160178210151, 46.155351051512916 ], [ 33.871208106520271, 46.154772994989571 ], [ 33.870792151444739, 46.153018983973624 ], [ 33.865744375146782, 46.153597005314317 ], [ 33.866160178210151, 46.155351051512916 ] ] ], [ [ [ 34.983547585414975, 46.174823335308126 ], [ 34.983096051582557, 46.17307745361871 ], [ 34.977618476051099, 46.171958773042348 ], [ 34.976715915630798, 46.168466913890306 ], [ 34.971238895099873, 46.167347854994851 ], [ 34.970336883511521, 46.16385589617262 ], [ 34.967824068602241, 46.164169216075642 ], [ 34.966922373073011, 46.160677203493094 ], [ 34.964409665602815, 46.160990431818888 ], [ 34.963508286054285, 46.157498365494675 ], [ 34.960995686023153, 46.157811502257609 ], [ 34.96009462237685, 46.154319382210431 ], [ 34.957582129784754, 46.154632427424843 ], [ 34.956681381962255, 46.151140253673361 ], [ 34.954168996809187, 46.151453207353654 ], [ 34.952818411168948, 46.146214860289057 ], [ 34.950306207994032, 46.146527703493611 ], [ 34.9480564373468, 46.13779695152288 ], [ 34.94554456515921, 46.138109646382297 ], [ 34.944645097239338, 46.134617280152412 ], [ 34.942133332459235, 46.134929883542156 ], [ 34.94573160666873, 46.148899405593951 ], [ 34.948243967661455, 46.148586650636958 ], [ 34.948694013777747, 46.150332804236584 ], [ 34.946181578230203, 46.150645578144655 ], [ 34.950233196404405, 46.166360953930422 ], [ 34.947720047903971, 46.166673844814532 ], [ 34.949521551961219, 46.173658429704147 ], [ 34.952034998988701, 46.173345462974765 ], [ 34.953386788715534, 46.178583803374273 ], [ 34.955900417994464, 46.178270726091881 ], [ 34.95680196901661, 46.181762895369495 ], [ 34.964343054463569, 46.180823227740348 ], [ 34.963892034116576, 46.179077202007491 ], [ 34.986512363908226, 46.176255473053807 ], [ 34.986060713685497, 46.174509614328088 ], [ 34.983547585414975, 46.174823335308126 ] ] ], [ [ [ 38.295178910323841, 47.03472573275107 ], [ 38.297691072911292, 47.034334302813498 ], [ 38.29711853839494, 47.032616768169113 ], [ 38.301569932463849, 47.030116303314671 ], [ 38.300424835927252, 47.026681298235268 ], [ 38.302936549251953, 47.026289803834054 ], [ 38.302364007304448, 47.024572315882942 ], [ 38.304875595163033, 47.024180792218495 ], [ 38.304303033187914, 47.022463321784507 ], [ 38.306814495592235, 47.022071768863938 ], [ 38.306241913600893, 47.020354315947678 ], [ 38.308753250562795, 47.019962733778172 ], [ 38.308180648566584, 47.018245298380236 ], [ 38.31069186009794, 47.017853686968913 ], [ 38.310119238108285, 47.016136269089941 ], [ 38.314568642954974, 47.013635558210993 ], [ 38.3134233717821, 47.010200786672257 ], [ 38.315934134421525, 47.009809110959502 ], [ 38.315361505231522, 47.008091739780021 ], [ 38.317872142499411, 47.007700034855347 ], [ 38.317299493361212, 47.005982681196585 ], [ 38.319810005269396, 47.00559094706712 ], [ 38.319237336194362, 47.003873610929681 ], [ 38.321747722754701, 47.003481847602565 ], [ 38.321175033754209, 47.001764528987103 ], [ 38.325622721964088, 46.999263613675474 ], [ 38.324477317034074, 46.995829040671779 ], [ 38.326987255025855, 46.995437213182555 ], [ 38.326414559021558, 46.99371994127165 ], [ 38.328924371724447, 46.993328084614646 ], [ 38.328351655839867, 46.991610830227401 ], [ 38.330861343265731, 46.991218944409773 ], [ 38.330288607512216, 46.989501707546836 ], [ 38.332798169672891, 46.989109792575682 ], [ 38.332225414061789, 46.987392573237685 ], [ 38.336671387177532, 46.984891454050818 ], [ 38.335525849290384, 46.981457079610124 ], [ 38.338034963205637, 46.981065100616078 ], [ 38.337462200786895, 46.979347927987703 ], [ 38.331871500598531, 46.97841456139021 ], [ 38.330726529208725, 46.97498009324007 ], [ 38.325136356431251, 46.974046311893211 ], [ 38.323991990990947, 46.970611715048875 ], [ 38.321483173996903, 46.971003320286229 ], [ 38.320911142728271, 46.969285989703188 ], [ 38.315321662237317, 46.968351612719296 ], [ 38.314178152758601, 46.964916828813628 ], [ 38.308589199667111, 46.963982037325614 ], [ 38.307446295679114, 46.960547124891129 ], [ 38.304937723186761, 46.960938304043005 ], [ 38.304366422529583, 46.959220815706232 ], [ 38.298778161752111, 46.958285428919275 ], [ 38.297636113107252, 46.954850329659806 ], [ 38.295127672951637, 46.955241257919234 ], [ 38.294556799900121, 46.95352367619428 ], [ 38.288969231462971, 46.952587694304263 ], [ 38.287828037806449, 46.949152408358735 ], [ 38.282240996757388, 46.948216012352006 ], [ 38.281100407869317, 46.944780598140049 ], [ 38.278592212660179, 46.945171100615298 ], [ 38.278022069372412, 46.943453361455383 ], [ 38.272435720690098, 46.942516370683677 ], [ 38.271295986172092, 46.939080770021683 ], [ 38.265710164865204, 46.938143365378401 ], [ 38.264571034657095, 46.934707636614981 ], [ 38.262063084670324, 46.935097713497406 ], [ 38.261493670607912, 46.93337981710296 ], [ 38.255908541693529, 46.9324418180328 ], [ 38.254770265237291, 46.929005903055128 ], [ 38.249185663685218, 46.928067490358501 ], [ 38.248047991080448, 46.924631447444263 ], [ 38.245540286591321, 46.925021098925271 ], [ 38.244971601215994, 46.923303045496652 ], [ 38.239387692081486, 46.922364038711173 ], [ 38.2382508726105, 46.91892780981825 ], [ 38.232667490824703, 46.917988389651427 ], [ 38.231531274746892, 46.914552032986677 ], [ 38.229023816030036, 46.914941259257773 ], [ 38.228455858803613, 46.91322304899505 ], [ 38.22287316945976, 46.912283035077373 ], [ 38.22173780589776, 46.908846492669348 ], [ 38.216155643888548, 46.907906065615364 ], [ 38.215020883261509, 46.904469395600067 ], [ 38.212513670590958, 46.904858196852793 ], [ 38.21194644097536, 46.90313982995594 ], [ 38.206364971431817, 46.902198809489093 ], [ 38.20523106270273, 46.898761953965753 ], [ 38.202723983305368, 46.899150504939826 ], [ 38.202157179572943, 46.897432045313124 ], [ 38.196576402519099, 46.896490431629246 ], [ 38.195443345333494, 46.893053390736149 ], [ 38.189863095598753, 46.892111364303148 ], [ 38.188730640626723, 46.888674196063874 ], [ 38.186223807714875, 46.889062322321429 ], [ 38.18565773074647, 46.887343706377834 ], [ 38.180078173524073, 46.886401087065742 ], [ 38.178946569477837, 46.882963733691632 ], [ 38.173367539559266, 46.882020701875391 ], [ 38.172236537268667, 46.878583221319303 ], [ 38.169729951114718, 46.878970923051966 ], [ 38.169164600372568, 46.87725215099104 ], [ 38.163586262988304, 46.876308526633629 ], [ 38.162456111005916, 46.872870861177375 ], [ 38.156878300909739, 46.871926824560788 ], [ 38.155748750225165, 46.868489032086636 ], [ 38.153242411100898, 46.868876309486204 ], [ 38.152677786047313, 46.867157381507198 ], [ 38.147100668506717, 46.86621275268736 ], [ 38.145971967512892, 46.862774775547514 ], [ 38.143465762258181, 46.863161803062638 ], [ 38.139831301235475, 46.860110685581574 ], [ 38.132312653026119, 46.861271157286168 ], [ 38.131748846069151, 46.859552033109416 ], [ 38.12422994848022, 46.860711963300659 ], [ 38.123666410587383, 46.858992764113232 ], [ 38.116147263859986, 46.860152152767377 ], [ 38.115583995043629, 46.858432878603502 ], [ 38.10555803064706, 46.859977903091121 ], [ 38.104995103362349, 46.858258530915158 ], [ 38.097475303799015, 46.859416678953956 ], [ 38.0969126456271, 46.857697231879861 ], [ 38.089392597717449, 46.858854838292878 ], [ 38.088830208670593, 46.857135316354892 ], [ 38.081309912655811, 46.858292381118559 ], [ 38.080747792746216, 46.856572784350924 ], [ 38.073227248867504, 46.857729307441708 ], [ 38.072665398107368, 46.856009635878671 ], [ 38.065144606605962, 46.857165617273125 ], [ 38.064583025007401, 46.855445870948955 ], [ 38.057061986124545, 46.856601310623603 ], [ 38.056500673699716, 46.854881489572577 ], [ 38.046472189103994, 46.856421248422876 ], [ 38.045911218395467, 46.854701329680879 ], [ 38.038389530689081, 46.855855528243602 ], [ 38.037828829190069, 46.854135534853086 ], [ 38.030306894894757, 46.855289191608392 ], [ 38.029746462617304, 46.853569123603663 ], [ 38.022224281974353, 46.854722238528282 ], [ 38.021664118930424, 46.853002095943594 ], [ 38.01414169218112, 46.854154669014349 ], [ 38.013581798382688, 46.852434451883994 ], [ 38.006059125768374, 46.853586483077699 ], [ 38.005499501227348, 46.851866191435967 ], [ 37.997976582989345, 46.853017680729522 ], [ 37.997417227717641, 46.851297314610683 ], [ 37.987386239991459, 46.852831805958402 ], [ 37.986827226618587, 46.851111342470027 ], [ 37.979303663571812, 46.85226159016041 ], [ 37.978744919503519, 46.850541052273343 ], [ 37.971221111625994, 46.851690757977011 ], [ 37.970662636874096, 46.849970145725592 ], [ 37.96313858440719, 46.851119309419587 ], [ 37.962580378983439, 46.849398622838109 ], [ 37.955056082168575, 46.850547244499531 ], [ 37.954498146084688, 46.848826483622304 ], [ 37.946973605163272, 46.849974563228336 ], [ 37.94641593843096, 46.848253728089674 ], [ 37.936382789436919, 46.849783672905119 ], [ 37.935825464760654, 46.848062740674472 ], [ 37.928300282495677, 46.849209578254289 ], [ 37.927743227205816, 46.847488571840685 ], [ 37.920217801627544, 46.848634867279443 ], [ 37.919661015735677, 46.846913786717188 ], [ 37.912135347085588, 46.848059539992249 ], [ 37.911578830603304, 46.846338385315697 ], [ 37.904052919122876, 46.847483596404423 ], [ 37.903496672061692, 46.845762367647893 ], [ 37.895970517992438, 46.846907036527718 ], [ 37.895414540363852, 46.845185733725572 ], [ 37.885379242817194, 46.846711130626453 ], [ 37.8848236074003, 46.844989731010067 ], [ 37.877296815454365, 46.84613315744464 ], [ 37.876741449504458, 46.844411683861196 ], [ 37.869214415763288, 46.845554568002086 ], [ 37.868659319291751, 46.843833020485874 ], [ 37.861132043996911, 46.844975362310748 ], [ 37.860577217015134, 46.843253740896124 ], [ 37.853049700408157, 46.844395540382628 ], [ 37.852495142927481, 46.84267384510396 ], [ 37.842458030607958, 46.844195415911308 ], [ 37.841903815470317, 46.842473624052211 ], [ 37.834375663902946, 46.843614180740076 ], [ 37.833821718300399, 46.841892315095514 ], [ 37.826293326214781, 46.843032329361023 ], [ 37.825739650158567, 46.841310389965365 ], [ 37.818211017796315, 46.842449861786349 ], [ 37.817657611297633, 46.840727848673978 ], [ 37.81012873890041, 46.841866778028354 ], [ 37.809575601970415, 46.840144691233618 ], [ 37.80204648977984, 46.841283078099316 ], [ 37.801493622429703, 46.83956091765662 ], [ 37.791454384978593, 46.841077938028171 ], [ 37.790901860124222, 46.839355681283223 ], [ 37.783372116443225, 46.840492824938572 ], [ 37.782819861202249, 46.838770494624285 ], [ 37.775289878522109, 46.839907095707865 ], [ 37.77473789290557, 46.83818469185865 ], [ 37.767207671467972, 46.839320750348584 ], [ 37.766655955486861, 46.837598272998811 ], [ 37.75912549553351, 46.838733788873299 ], [ 37.758574049198835, 46.837011238057357 ], [ 37.748533016676546, 46.838524430208963 ], [ 37.747981912966502, 46.836801783324894 ], [ 37.740450824441631, 46.837936055641812 ], [ 37.739899990411196, 46.836213335370282 ], [ 37.732368664165016, 46.837347064989409 ], [ 37.731818099825041, 46.835624271364807 ], [ 37.724286536099356, 46.836757458264536 ], [ 37.723736241460692, 46.835034591321275 ], [ 37.713693738819984, 46.836544677983539 ], [ 37.713143786911679, 46.8348217151621 ], [ 37.705611596981605, 46.835953658219992 ], [ 37.705061914807473, 46.834230622158628 ], [ 37.697529488192536, 46.835362022415389 ], [ 37.696980075763342, 46.833638913148519 ], [ 37.689447412705377, 46.834769770582724 ], [ 37.688898270031792, 46.833046588144782 ], [ 37.681365370772632, 46.834176902735017 ], [ 37.680816497865372, 46.83245364716042 ], [ 37.670772216460627, 46.833959903848438 ], [ 37.670223686410573, 46.832236552630036 ], [ 37.662690163868014, 46.833365623036322 ], [ 37.66214190361675, 46.831642198760058 ], [ 37.654608145667943, 46.832770726241456 ], [ 37.654060155226055, 46.831047228941749 ], [ 37.64652616211287, 46.832175213477022 ], [ 37.645978441490861, 46.830451643188319 ], [ 37.638444213455188, 46.831579084756306 ], [ 37.637896762663608, 46.829855441513061 ], [ 37.627850711504855, 46.831357867278349 ], [ 37.627303603696248, 46.829634128625862 ], [ 37.619768755299319, 46.830760325670624 ], [ 37.619221917353229, 46.829036514142409 ], [ 37.616710273567371, 46.829411784989873 ], [ 37.615616895159867, 46.825964100711076 ], [ 37.610047281724405, 46.824990498771662 ], [ 37.608954498141671, 46.821542692097658 ], [ 37.606443068992974, 46.821917692075694 ], [ 37.605896825871667, 46.820193758152264 ], [ 37.600327916349229, 46.819219570422732 ], [ 37.59923597432023, 46.81577158569192 ], [ 37.596724686750768, 46.816146337340399 ], [ 37.596178864339784, 46.814422314412283 ], [ 37.593667599605723, 46.814796990779278 ], [ 37.592576251938873, 46.81134888381456 ], [ 37.587008412011585, 46.810373881822301 ], [ 37.585917658510411, 46.806925652690005 ], [ 37.583406608612485, 46.807300058381735 ], [ 37.582861380367191, 46.805575913286013 ], [ 37.577294244342347, 46.804600325987749 ], [ 37.576204331503781, 46.801151919124329 ], [ 37.570637730234566, 46.800175924993205 ], [ 37.569548411099255, 46.796727396123288 ], [ 37.567037621952757, 46.797101380768375 ], [ 37.566493110774793, 46.795377085844137 ], [ 37.560927213407176, 46.794400506747778 ], [ 37.559838734309601, 46.790951800377357 ], [ 37.554273371665609, 46.789974814694844 ], [ 37.553185485808953, 46.786525986478871 ], [ 37.550674957669067, 46.786899550273183 ], [ 37.550131163014868, 46.785175105716142 ], [ 37.544566504271003, 46.784197535409149 ], [ 37.543479457827367, 46.780748529923045 ], [ 37.537915333774599, 46.77977055327657 ], [ 37.536828880109745, 46.776321426105746 ], [ 37.534318613230994, 46.77669456924518 ], [ 37.533775534557172, 46.774969975250904 ], [ 37.528212114402443, 46.773991414320676 ], [ 37.52712649952597, 46.770542110109886 ], [ 37.521563614029411, 46.76956314308682 ], [ 37.520478591469676, 46.766113717351985 ], [ 37.517968586106043, 46.766486440032487 ], [ 37.517426222869268, 46.76476169679637 ], [ 37.511864041267991, 46.763782145830248 ], [ 37.510779856872198, 46.760332543285422 ], [ 37.505218209895702, 46.759352586473021 ], [ 37.504134617354723, 46.755902862564668 ], [ 37.501624873759532, 46.75627516498227 ], [ 37.501083225416671, 46.754550272699525 ], [ 37.49552228233204, 46.753569732284724 ], [ 37.494439527330705, 46.750119831796177 ], [ 37.488879118837033, 46.749138885781683 ], [ 37.48779695522871, 46.745688864089985 ], [ 37.485287473654694, 46.74606074644074 ], [ 37.484746539662723, 46.744335705306391 ], [ 37.479186835056865, 46.74335417603011 ], [ 37.478105508364038, 46.739903977987794 ], [ 37.472546338314871, 46.738922043358329 ], [ 37.471465602553408, 46.735471724273118 ], [ 37.468956383252653, 46.735843186753122 ], [ 37.468416163068717, 46.73411799696207 ], [ 37.46285769690266, 46.733135479411395 ], [ 37.461777797432646, 46.729684984204937 ], [ 37.456219865788583, 46.728702061547558 ], [ 37.455140556788436, 46.725251445458284 ], [ 37.452631600012431, 46.725622488263731 ], [ 37.452092093093789, 46.72389715001065 ], [ 37.446534865327472, 46.722913644772653 ], [ 37.445456391994902, 46.719462852791295 ], [ 37.439899698715408, 46.718478942693025 ], [ 37.438821815391321, 46.715028029988822 ], [ 37.43631312139096, 46.71539865331588 ], [ 37.432726985013304, 46.712318201103024 ], [ 37.427709640952742, 46.71305909503176 ], [ 37.427171165023594, 46.71133353129607 ], [ 37.424662491604337, 46.711703876890809 ], [ 37.424124138284583, 46.709978285661499 ], [ 37.421615488291792, 46.710348556280415 ], [ 37.421077257569742, 46.708622937563618 ], [ 37.418568631014551, 46.708993133210996 ], [ 37.414983934210404, 46.70591193401961 ], [ 37.409966725371596, 46.706651972672319 ], [ 37.409428935389286, 46.704926249352674 ], [ 37.406920329679451, 46.705296167329628 ], [ 37.403336535138976, 46.702214481342814 ], [ 37.398319368210139, 46.702953964703774 ], [ 37.39473620734784, 46.699871921931837 ], [ 37.389719035567495, 46.700610999947706 ], [ 37.38613650839465, 46.697528600493712 ], [ 37.375565390528912, 46.697279708627235 ], [ 37.371983862240036, 46.694196725817719 ], [ 37.366966629766239, 46.694934737805191 ], [ 37.366430429917656, 46.693208629540919 ], [ 37.361413145957457, 46.693946386105615 ], [ 37.360877141588077, 46.692220228351097 ], [ 37.35585980622097, 46.692957729496364 ], [ 37.355323997324028, 46.691231522268978 ], [ 37.350306610629481, 46.691968767998198 ], [ 37.34977099719822, 46.690242511315361 ], [ 37.334182965820155, 46.690726454082075 ], [ 37.333647889452138, 46.689000054378099 ], [ 37.32863015207991, 46.689736322625286 ], [ 37.328095271167619, 46.688009873532202 ], [ 37.320568514799426, 46.68911381355192 ], [ 37.320033902430929, 46.687387293024358 ], [ 37.309997830120345, 46.688858385271665 ], [ 37.309463559415867, 46.687131771294069 ], [ 37.299426991937338, 46.688601930046012 ], [ 37.298893062932997, 46.686875222675582 ], [ 37.286346612343259, 46.688711622030091 ], [ 37.28581309822421, 46.686984799302572 ], [ 37.265736806379017, 46.689920113756216 ], [ 37.265203926765139, 46.688193109757329 ], [ 37.217511533328349, 46.695150500120477 ], [ 37.218043021331219, 46.696877921518166 ], [ 37.197956133183069, 46.699801810120185 ], [ 37.198487083602792, 46.701529401786466 ], [ 37.185930820523723, 46.703355221075377 ], [ 37.186461453079112, 46.705082917140849 ], [ 37.166898395141935, 46.709729515042319 ], [ 37.166368300902739, 46.708001648970665 ], [ 37.163856436822194, 46.708366252035212 ], [ 37.160284775740266, 46.705274966994892 ], [ 37.155261096936293, 46.706003820667156 ], [ 37.154731443031828, 46.704275851644709 ], [ 37.152219603782228, 46.704640177125846 ], [ 37.148648848137427, 46.701548408681397 ], [ 37.143625219213156, 46.702276707237182 ], [ 37.143096005539967, 46.700548635347161 ], [ 37.140584191294678, 46.700912683282056 ], [ 37.137014341053444, 46.697820431636956 ], [ 37.131990762355507, 46.698548175150769 ], [ 37.12842154840267, 46.695455569262371 ], [ 37.117845889580728, 46.695181739581493 ], [ 37.114277679165362, 46.692088554204204 ], [ 37.109254055059246, 46.69281523147982 ], [ 37.10872611276563, 46.691086856602446 ], [ 37.098150974328, 46.690811020666537 ], [ 37.097095920796363, 46.687354070937815 ], [ 37.094584134843828, 46.687717030850635 ], [ 37.09352942283008, 46.684260017104407 ], [ 37.091017735148718, 46.684622880437708 ], [ 37.089963364572604, 46.681165802694899 ], [ 37.087451775166514, 46.68152856946277 ], [ 37.086397745947799, 46.678071427744186 ], [ 37.083886254821131, 46.678434097960789 ], [ 37.082832566879596, 46.674976892287283 ], [ 37.080321174036442, 46.675339465966708 ], [ 37.079267827291879, 46.671882196359164 ], [ 37.076756532736354, 46.672244673515493 ], [ 37.072139666253548, 46.665692323229024 ], [ 37.066591309127034, 46.664688088703258 ], [ 37.065539229350186, 46.661230573745136 ], [ 37.059991411000766, 46.660225938063959 ], [ 37.058939915841513, 46.656768305625739 ], [ 37.053392636242585, 46.655763268892869 ], [ 37.052341725504206, 46.652305519039366 ], [ 37.04983099724042, 46.652667289680672 ], [ 37.049305687940233, 46.650938385412189 ], [ 37.046794984629067, 46.651300081358507 ], [ 37.046269797158317, 46.649571150294499 ], [ 37.040723399784184, 46.648565360266112 ], [ 37.039673560493839, 46.645107385920397 ], [ 37.037163005495202, 46.645468836102808 ], [ 37.036638231834814, 46.643739819618474 ], [ 37.034127701831878, 46.644101195127575 ], [ 37.033603049942151, 46.642372151873943 ], [ 37.031092544945807, 46.642733452714104 ], [ 37.030568014814868, 46.64100438269724 ], [ 37.025022671501539, 46.63999766361421 ], [ 37.022401721625485, 46.631351995371851 ], [ 37.024911809727776, 46.630990952277891 ], [ 37.020196483732541, 46.615428625781789 ], [ 37.022705863603619, 46.615067724835036 ], [ 37.015900787470372, 46.592588367460841 ], [ 37.013392359948931, 46.592948986781558 ], [ 37.008686585926789, 46.577385659846357 ], [ 37.006178768980696, 46.577746031459995 ], [ 37.00304419258935, 46.56737012334149 ], [ 37.000536766445705, 46.567730312286272 ], [ 36.998448303841251, 46.560812852902494 ], [ 36.995941122123597, 46.561172902497802 ], [ 36.994375499502894, 46.55598469022204 ], [ 36.991868489057943, 46.556344622123191 ], [ 36.989781957586324, 46.549426848848142 ], [ 36.987275191494831, 46.549786641474334 ], [ 36.986232360211304, 46.546327681447366 ], [ 36.9837256922672, 46.54668737803933 ], [ 36.978092511762831, 46.536669761944147 ], [ 36.975586186260088, 46.537029223332453 ], [ 36.974544561438627, 46.533570053365011 ], [ 36.972038334081965, 46.53392941877231 ], [ 36.970997047220607, 46.530470185568724 ], [ 36.968490918013856, 46.530829455009076 ], [ 36.967449969033076, 46.527370158589946 ], [ 36.964943937980067, 46.527729332077385 ], [ 36.960357120446886, 46.521169627223593 ], [ 36.954825484266138, 46.520157775648322 ], [ 36.95024072236285, 46.513597445767125 ], [ 36.944709987607617, 46.51258497224994 ], [ 36.943671210261066, 46.509125253891568 ], [ 36.938141011773304, 46.50811238191632 ], [ 36.937102813368512, 46.50465254744617 ], [ 36.934597446889811, 46.50501092256075 ], [ 36.934078492386902, 46.503280976309675 ], [ 36.931573151120347, 46.503639277116079 ], [ 36.931054317403273, 46.50190930435231 ], [ 36.925524997606352, 46.500895683787682 ], [ 36.924487860998035, 46.497435627259001 ], [ 36.921982668429266, 46.497793683659118 ], [ 36.921464244740932, 46.496063626408734 ], [ 36.918959077426628, 46.496421608522411 ], [ 36.918440774465644, 46.494691524785303 ], [ 36.915935632416499, 46.495049432616881 ], [ 36.915417450171077, 46.493319322399095 ], [ 36.912912333397806, 46.49367715595298 ], [ 36.912394271856144, 46.491947019260564 ], [ 36.90988918036944, 46.492304778541119 ], [ 36.909371239519722, 46.490574615380062 ], [ 36.906866173330307, 46.490932300391684 ], [ 36.906348353160723, 46.489202110768041 ], [ 36.903843312279285, 46.489559721515121 ], [ 36.903325612778055, 46.487829505434924 ], [ 36.900820597215279, 46.488187041921826 ], [ 36.900303018370572, 46.4864567993911 ], [ 36.89779802813716, 46.486814261622222 ], [ 36.89728056993718, 46.485083992646977 ], [ 36.89477560504384, 46.485441380626732 ], [ 36.894258267476758, 46.483711085213017 ], [ 36.891753327934161, 46.484068398945752 ], [ 36.888214100470371, 46.480964968317139 ], [ 36.883204275245198, 46.48167924604072 ], [ 36.882687372495873, 46.479948849894136 ], [ 36.880182461473801, 46.480305888132165 ], [ 36.879665679309582, 46.478575465575396 ], [ 36.877160793692234, 46.478932429584198 ], [ 36.873622730869911, 46.475828395048147 ], [ 36.868613013761909, 46.476541973393033 ], [ 36.865075582441364, 46.473437589206334 ], [ 36.860065872062599, 46.474150765130091 ], [ 36.859549838635601, 46.472420167764461 ], [ 36.857044985162844, 46.472776655127269 ], [ 36.856529072248911, 46.471046031395986 ], [ 36.851519368786398, 46.471758804930055 ], [ 36.847983200484514, 46.468653721751679 ], [ 36.842973504125226, 46.469366092927615 ], [ 36.842458098685071, 46.467635347332156 ], [ 36.837448358492139, 46.468347464550135 ], [ 36.836933146526754, 46.466616671228344 ], [ 36.83192336257823, 46.46732853449268 ], [ 36.831408344079911, 46.465597693461866 ], [ 36.82639851645385, 46.466309302776864 ], [ 36.825883691414901, 46.464578414054294 ], [ 36.820873820189355, 46.46528976942426 ], [ 36.820359188602076, 46.463558833027214 ], [ 36.81534927385507, 46.464269934456517 ], [ 36.814834835711743, 46.462538950402262 ], [ 36.807319827379807, 46.463605142433508 ], [ 36.806805655711742, 46.461874089384551 ], [ 36.801795559459869, 46.462584577330567 ], [ 36.801281581224977, 46.460853476666088 ], [ 36.793766300981595, 46.4619187484668 ], [ 36.793252589225908, 46.460187578866304 ], [ 36.78573710233114, 46.461252311321992 ], [ 36.785223657061564, 46.459521072819854 ], [ 36.777707963753123, 46.46058526591446 ], [ 36.777194784976551, 46.458853958544999 ], [ 36.76717349116246, 46.460272057841308 ], [ 36.766660651974817, 46.458540660334023 ], [ 36.751627732791469, 46.460666096419232 ], [ 36.751115379449274, 46.458934566256019 ], [ 36.733575338178625, 46.461411688156467 ], [ 36.73306354394208, 46.459680004193174 ], [ 36.680431102552717, 46.467095378504624 ], [ 36.680941359501162, 46.468827508353364 ], [ 36.663392088454152, 46.471294263541886 ], [ 36.663901879441923, 46.473026536892107 ], [ 36.651364909543503, 46.474787022678306 ], [ 36.651874380914236, 46.47651939707108 ], [ 36.641843666262361, 46.477926917197799 ], [ 36.642352891194406, 46.479659371414705 ], [ 36.634829142169458, 46.48071451882393 ], [ 36.635338193922387, 46.482447031677609 ], [ 36.625305577976071, 46.483853237762773 ], [ 36.62581438306357, 46.485585830377119 ], [ 36.620797646761595, 46.486288657755367 ], [ 36.621306351922136, 46.488021287825333 ], [ 36.613780675387567, 46.489075194782032 ], [ 36.614289207134817, 46.490807883431508 ], [ 36.609271708062437, 46.491510265271302 ], [ 36.60978013978675, 46.493242991357675 ], [ 36.604762306228139, 46.493945203364177 ], [ 36.60527063788971, 46.495677966880372 ], [ 36.597743315501113, 46.496730950524864 ], [ 36.598251473558733, 46.498463772578155 ], [ 36.593232877271049, 46.499165538706748 ], [ 36.591739524444655, 46.502982098536819 ], [ 36.586720352878658, 46.503683630790206 ], [ 36.587228283891633, 46.505416543954802 ], [ 36.577696767952595, 46.508552048848642 ], [ 36.576202137957374, 46.512368578571348 ], [ 36.57118172195392, 46.513069536578179 ], [ 36.569686549987864, 46.516886056547357 ], [ 36.56466555852144, 46.517586780328642 ], [ 36.565173034652254, 46.519319875597581 ], [ 36.562662395040093, 46.519670178911987 ], [ 36.563169844354505, 46.521403290464342 ], [ 36.560659084267904, 46.521753561746181 ], [ 36.559163021827857, 46.52557007293958 ], [ 36.554140972872503, 46.526270434202999 ], [ 36.55464826798066, 46.528003615672716 ], [ 36.552137099587078, 46.52835373768125 ], [ 36.552644367819461, 46.530086935429146 ], [ 36.550133078910015, 46.530437025370681 ], [ 36.548636125263471, 46.534253527564729 ], [ 36.541101394914527, 46.535303445464471 ], [ 36.5405944016577, 46.53357015197772 ], [ 36.535571161566033, 46.534269789354909 ], [ 36.535064362577025, 46.532536448975861 ], [ 36.530041082848065, 46.533235831621155 ], [ 36.529534478118563, 46.531502444367142 ], [ 36.524511158830606, 46.532201572285373 ], [ 36.52400474835234, 46.530468138173767 ], [ 36.516469640099942, 46.531516368219506 ], [ 36.515963497622522, 46.529782866240339 ], [ 36.510940006018174, 46.530481378384138 ], [ 36.510434057779854, 46.5287478295892 ], [ 36.499881202773068, 46.5284104941368 ], [ 36.498870129870681, 46.524943204624726 ], [ 36.496358422352877, 46.525292084214406 ], [ 36.493326765872354, 46.514889975405687 ], [ 36.490815454226784, 46.515238675856743 ], [ 36.488290724666214, 46.506570016053765 ], [ 36.485779735036203, 46.506918558425163 ], [ 36.484265677561282, 46.501717242547755 ], [ 36.481754862468769, 46.502065668844281 ], [ 36.479737065883882, 46.495130430599694 ], [ 36.477226498995314, 46.495478719880715 ], [ 36.475713861298736, 46.490277178444913 ], [ 36.473203468901374, 46.490625351710605 ], [ 36.472195423712215, 46.48715759177513 ], [ 36.469685132131829, 46.487505670005461 ], [ 36.468173634081623, 46.48230393167303 ], [ 36.465663516971773, 46.482651893934097 ], [ 36.464656231316539, 46.479184002784244 ], [ 36.462146215022578, 46.479531870043765 ], [ 36.460635855927912, 46.474329934964942 ], [ 36.458126014083774, 46.474677686301227 ], [ 36.453603552838402, 46.468089237353105 ], [ 36.448081346040873, 46.467050216617046 ], [ 36.443560925104634, 46.460461158116999 ], [ 36.438039628813421, 46.459421523295326 ], [ 36.437034913360606, 46.455953155482341 ], [ 36.434525630106677, 46.456300284138557 ], [ 36.433521247190413, 46.452831855648562 ], [ 36.431012064784625, 46.453178889425331 ], [ 36.430510016398408, 46.451444647209918 ], [ 36.424989804913736, 46.450404225018971 ], [ 36.423986233988138, 46.446935633466587 ], [ 36.421477207001367, 46.447282424447771 ], [ 36.420975564543717, 46.445548100723798 ], [ 36.418466564856601, 46.445894817746606 ], [ 36.417965042246628, 46.444160468437076 ], [ 36.412445722038655, 46.443119305736538 ], [ 36.411443202377967, 46.439650500106275 ], [ 36.408934358223071, 46.439996974418257 ], [ 36.408433241313453, 46.438262543684836 ], [ 36.405924424498998, 46.43860894406069 ], [ 36.405423427377698, 46.436874487767405 ], [ 36.402914637914108, 46.437220814211642 ], [ 36.402413760569061, 46.435486332364448 ], [ 36.399904998466717, 46.435832584881567 ], [ 36.399404240885914, 46.434098077486446 ], [ 36.396895506155211, 46.434444256080972 ], [ 36.396394868326595, 46.432709723143887 ], [ 36.393886160977907, 46.433055827820326 ], [ 36.393385642889456, 46.431321269347237 ], [ 36.390876962933163, 46.431667300110114 ], [ 36.39037656457284, 46.429932716107011 ], [ 36.387867912019352, 46.430278672960846 ], [ 36.387367633375085, 46.428544063433677 ], [ 36.384859008234756, 46.428889946382974 ], [ 36.384358849294529, 46.427155311337735 ], [ 36.38185025157776, 46.427501120386992 ], [ 36.381350212329522, 46.425766459829624 ], [ 36.378841642046666, 46.426112194983396 ], [ 36.375333379739438, 46.422988458618953 ], [ 36.37031630287666, 46.423679580297829 ], [ 36.369816696192174, 46.421944822431726 ], [ 36.367308162189524, 46.422290282852657 ], [ 36.366808675148008, 46.420555499502484 ], [ 36.364300168631964, 46.420900886046311 ], [ 36.363800801221373, 46.41916607721803 ], [ 36.358284622898807, 46.418121794392079 ], [ 36.357286412568072, 46.414652070185944 ], [ 36.354778062129782, 46.414997214338356 ], [ 36.352782487995562, 46.408057626724279 ], [ 36.350274385713185, 46.4084026346803 ], [ 36.348279841779693, 46.401462889255086 ], [ 36.34577198760428, 46.401807761055672 ], [ 36.340274532856299, 46.391742572513657 ], [ 36.337767027781574, 46.392087213638412 ], [ 36.336771024102383, 46.388617132408754 ], [ 36.334263620072953, 46.388961678986242 ], [ 36.332770179368673, 46.383756459957915 ], [ 36.330262949859517, 46.384100891256558 ], [ 36.329267699156269, 46.38063068047277 ], [ 36.326760570690681, 46.380975017257896 ], [ 36.325765650433169, 46.37750474638527 ], [ 36.323258623013722, 46.377848988671083 ], [ 36.322264033122899, 46.374378657729558 ], [ 36.319757106752135, 46.374722805530176 ], [ 36.315262092434814, 46.368126016849864 ], [ 36.309751848992704, 46.367078607672504 ], [ 36.305258861821102, 46.360481214933266 ], [ 36.302752367314589, 46.360824911222494 ], [ 36.302255993997534, 46.359089572708037 ], [ 36.299749527145359, 46.359433195289583 ], [ 36.298757064621903, 46.355962462958679 ], [ 36.293248271522373, 46.354914051824601 ], [ 36.292256377076001, 46.351443208936381 ], [ 36.289750140070083, 46.351786569052379 ], [ 36.289254334830112, 46.350051119980606 ], [ 36.286748125517867, 46.350394406415425 ], [ 36.286252439386878, 46.348658932036962 ], [ 36.280744536850406, 46.347609784202028 ], [ 36.279753686626812, 46.344138729631524 ], [ 36.277247633855367, 46.344481774383752 ], [ 36.276752350642646, 46.342746219500086 ], [ 36.274246325605034, 46.343089190593432 ], [ 36.273751161442, 46.341353610428612 ], [ 36.271245164148446, 46.34169650786761 ], [ 36.270750119023091, 46.339960902427563 ], [ 36.268244149483877, 46.340303726216767 ], [ 36.267749223384129, 46.338568095507441 ], [ 36.265243281609486, 46.338910845651341 ], [ 36.264748474523344, 46.337175189678646 ], [ 36.262242560523518, 46.337517866181827 ], [ 36.261747872438939, 46.335782184951718 ], [ 36.259241986224168, 46.336124787818683 ], [ 36.258747417129115, 46.334389081337065 ], [ 36.256241558709647, 46.334731610572362 ], [ 36.255747108592061, 46.332995878845189 ], [ 36.253241277978141, 46.333338334453366 ], [ 36.252746946825994, 46.331602577486557 ], [ 36.250241144027846, 46.331944959472132 ], [ 36.249746931829115, 46.33020917727162 ], [ 36.247241156856973, 46.330551485639127 ], [ 36.246747063599599, 46.328815678210859 ], [ 36.244241316463686, 46.329157912964845 ], [ 36.243747342135642, 46.327422080314726 ], [ 36.241241622846189, 46.327764241459739 ], [ 36.240747767435444, 46.326028383593716 ], [ 36.238242076002685, 46.326370471134261 ], [ 36.237748339497173, 46.32463458805826 ], [ 36.235242675931332, 46.324976601998934 ], [ 36.23174992389913, 46.321846700585951 ], [ 36.226738662811037, 46.322530381103718 ], [ 36.226245356331887, 46.320794401838207 ], [ 36.223739730953866, 46.321136142015568 ], [ 36.220247877092866, 46.318005774540175 ], [ 36.215236692586906, 46.31868890758583 ], [ 36.211745471257309, 46.315558198132905 ], [ 36.206734307709908, 46.316240930912791 ], [ 36.206241742162938, 46.314504784656414 ], [ 36.203736165662363, 46.314846050986638 ], [ 36.203243718909498, 46.31310987958615 ], [ 36.198232576503251, 46.313792212134366 ], [ 36.194742620229675, 46.31066081903775 ], [ 36.189731499147165, 46.311342751388501 ], [ 36.189239555489003, 46.309606463496756 ], [ 36.18422839979133, 46.310288142761856 ], [ 36.183736648276259, 46.308551809219438 ], [ 36.178725458040319, 46.309233235404328 ], [ 36.178233898659506, 46.307496856228454 ], [ 36.173222673962172, 46.308178029338578 ], [ 36.172731306706751, 46.306441604546443 ], [ 36.167720047624911, 46.307122524587271 ], [ 36.167228872486028, 46.305386054196106 ], [ 36.162217579096549, 46.306066721173089 ], [ 36.161726596065321, 46.304330205200131 ], [ 36.156715268445055, 46.305010619118768 ], [ 36.156224477512595, 46.30327405758122 ], [ 36.148707366995737, 46.304294219357033 ], [ 36.148216841582148, 46.302557591779156 ], [ 36.143205355289055, 46.303237393563556 ], [ 36.142715021960576, 46.301500720462663 ], [ 36.135197673776915, 46.302519964036662 ], [ 36.134707605966923, 46.300783224954223 ], [ 36.124684136262204, 46.302141392142353 ], [ 36.124194407431617, 46.30040456665003 ], [ 36.11667655135799, 46.301422573834131 ], [ 36.116187088063747, 46.299685682439133 ], [ 36.10616294200009, 46.301042201031294 ], [ 36.105673817726426, 46.299305223328432 ], [ 36.093142987760693, 46.300999575884724 ], [ 36.092654276034459, 46.299262491507839 ], [ 36.072603192852213, 46.301970533334533 ], [ 36.072115114320212, 46.300233281164722 ], [ 36.016961407910728, 46.307662430392135 ], [ 36.017447867423833, 46.309400130590006 ], [ 35.997385995874808, 46.312095428346794 ], [ 35.997871910884264, 46.313833286636786 ], [ 35.98533141526017, 46.315516221998273 ], [ 35.985817006548814, 46.317254177334256 ], [ 35.966234339835843, 46.321682384665991 ], [ 35.966719430702575, 46.32342049336296 ], [ 35.95215057308161, 46.327174299217901 ], [ 35.952635310679184, 46.328912520609862 ], [ 35.947616807243378, 46.329584035995573 ], [ 35.948101441929673, 46.331322293451613 ], [ 35.940573129720988, 46.332329228127577 ], [ 35.941057587601748, 46.334067541889326 ], [ 35.936038341434603, 46.334738606014753 ], [ 35.93652269630892, 46.336476955821027 ], [ 35.931503123512243, 46.337147847472508 ], [ 35.931987375340583, 46.338886233315904 ], [ 35.92696747591075, 46.339556952451879 ], [ 35.927451624653592, 46.341295374324936 ], [ 35.922431398586944, 46.341965920903824 ], [ 35.92291544420479, 46.343704378799096 ], [ 35.917894891497738, 46.344374752779345 ], [ 35.918378833951017, 46.34611324668942 ], [ 35.908820587850514, 46.349192006605037 ], [ 35.907277286574597, 46.35300410883427 ], [ 35.902255516609699, 46.353673898601954 ], [ 35.902739120009578, 46.35541251629008 ], [ 35.900228094023625, 46.355747351431553 ], [ 35.900711668088832, 46.357485984897025 ], [ 35.895689334098108, 46.358155535667116 ], [ 35.894144938105292, 46.361967605946646 ], [ 35.889122040029207, 46.362636917612043 ], [ 35.88960537792196, 46.364375638799977 ], [ 35.887093787850645, 46.364710234836721 ], [ 35.885548666619421, 46.368522287417157 ], [ 35.880524966949025, 46.36919129356906 ], [ 35.881008142498565, 46.370930082252116 ], [ 35.878496151605724, 46.371264525495334 ], [ 35.878979297701349, 46.373003329943501 ], [ 35.876467188064204, 46.373337740018641 ], [ 35.876950304693636, 46.375076560230937 ], [ 35.87443807630212, 46.375410937130717 ], [ 35.874921163453109, 46.377149773106154 ], [ 35.872408816297181, 46.377484116823318 ], [ 35.872891873957435, 46.37922296856091 ], [ 35.87037940802702, 46.379557279088218 ], [ 35.870862436184282, 46.381296146586926 ], [ 35.868349851469318, 46.381630423917102 ], [ 35.868832850111311, 46.383369307175954 ], [ 35.866320146601723, 46.383703551301743 ], [ 35.866803115716159, 46.385442450319715 ], [ 35.864290293401901, 46.385776661233898 ], [ 35.864773232976511, 46.387515576009967 ], [ 35.862260291847491, 46.387849753705268 ], [ 35.862743201869982, 46.389588684238468 ], [ 35.860230141916141, 46.38992282870759 ], [ 35.860713022374242, 46.391661774996919 ], [ 35.858199843585517, 46.391995886232621 ], [ 35.858682694466921, 46.393734848277056 ], [ 35.856169396833238, 46.394068926272084 ], [ 35.85665221812566, 46.395807904070629 ], [ 35.854138801636964, 46.396141948817721 ], [ 35.854621593328105, 46.39788094236939 ], [ 35.85210805797432, 46.398214953861242 ], [ 35.852590820051894, 46.399953963165025 ], [ 35.848046125160472, 46.402360911408934 ], [ 35.849011575415524, 46.40583898860929 ], [ 35.846497609127567, 46.406172920450643 ], [ 35.846980326917503, 46.407911972595848 ], [ 35.841952111882705, 46.408579716257982 ], [ 35.841469542677146, 46.406840623801834 ], [ 35.838955442526988, 46.407174395306598 ], [ 35.837990586535604, 46.403696156877125 ], [ 35.835476590368103, 46.404029834638919 ], [ 35.834512061336568, 46.400551538305002 ], [ 35.831998169153394, 46.400885122338146 ], [ 35.831033967002305, 46.39740676811936 ], [ 35.82552446037252, 46.396334471343152 ], [ 35.824560822661986, 46.392856010205847 ], [ 35.819051865649044, 46.391783325475338 ], [ 35.818088792181079, 46.388304757481322 ], [ 35.815575271440501, 46.388637913312785 ], [ 35.815093875730682, 46.386898602613122 ], [ 35.809585646568323, 46.385825358449374 ], [ 35.808623374616694, 46.382346634673034 ], [ 35.806110017422561, 46.382679549785671 ], [ 35.805629022403522, 46.380940161217033 ], [ 35.803115694993288, 46.381273002804107 ], [ 35.80263481867992, 46.379533589754452 ], [ 35.797127495631244, 46.378459614845816 ], [ 35.796166262181195, 46.37498068647794 ], [ 35.793653098423626, 46.375313287432803 ], [ 35.793172622570111, 46.373573796597334 ], [ 35.790659488635427, 46.373906324049507 ], [ 35.790179131427166, 46.372166808758294 ], [ 35.787666027325344, 46.372499262712452 ], [ 35.787185788750016, 46.3707597229714 ], [ 35.784672714491101, 46.371092103432197 ], [ 35.7841925945364, 46.369352539247195 ], [ 35.781679550130391, 46.369684846219293 ], [ 35.781199548783981, 46.367945257596226 ], [ 35.778686534240904, 46.368277491084321 ], [ 35.775213902653626, 46.365130400556346 ], [ 35.770187948740528, 46.365794520204346 ], [ 35.769708377376752, 46.364054838252571 ], [ 35.767195408154961, 46.364386797896969 ], [ 35.766715955349099, 46.362647091534932 ], [ 35.7642030160414, 46.362978977714455 ], [ 35.763723681781116, 46.361239246948003 ], [ 35.761210772397497, 46.361571059667313 ], [ 35.757739580014878, 46.35842326420866 ], [ 35.752713836727231, 46.359086542414232 ], [ 35.752234932260549, 46.357346718444063 ], [ 35.749722068443582, 46.357678257391008 ], [ 35.746251781141567, 46.354530001832636 ], [ 35.741226129191254, 46.355192732550265 ], [ 35.737756479988953, 46.352044139227132 ], [ 35.732730859638039, 46.352706469384906 ], [ 35.729261848528111, 46.349557538401761 ], [ 35.724236259957863, 46.350219468035895 ], [ 35.723758407396062, 46.348479413581487 ], [ 35.718255130704563, 46.347400990783903 ], [ 35.712877743193985, 46.337290925209089 ], [ 35.710365344046494, 46.337621489819981 ], [ 35.709410983058433, 46.334141147412559 ], [ 35.706898688221415, 46.334471618685718 ], [ 35.705467700057696, 46.329251012720185 ], [ 35.702955583725981, 46.329581370714806 ], [ 35.702001960386085, 46.326100905191716 ], [ 35.699489948360274, 46.326431169882575 ], [ 35.698536649623755, 46.32295064716137 ], [ 35.696024741905234, 46.3232808185628 ], [ 35.695071767692987, 46.31980023866285 ], [ 35.692559964283163, 46.320130316789111 ], [ 35.688143290015525, 46.313498970396012 ], [ 35.682644108051953, 46.312418306821691 ], [ 35.678229442205229, 46.30578637523314 ], [ 35.67571808622467, 46.306116007109679 ], [ 35.675242505948425, 46.304375552290949 ], [ 35.669744422370464, 46.303294117151239 ], [ 35.668793778023137, 46.299813106351365 ], [ 35.663296243575864, 46.298731285585106 ], [ 35.66234615918507, 46.295250169374206 ], [ 35.659835102508403, 46.295579395080942 ], [ 35.659360200265773, 46.29383881063417 ], [ 35.656849173826977, 46.294167963085478 ], [ 35.656374389577614, 46.292427354454361 ], [ 35.65386339338658, 46.292756433654951 ], [ 35.653388727118184, 46.291015800845337 ], [ 35.647892277219157, 46.289933082530894 ], [ 35.646943460366138, 46.286451715939506 ], [ 35.644432629087774, 46.286780555548582 ], [ 35.643958360511121, 46.285039845946962 ], [ 35.641447559518788, 46.285368612328263 ], [ 35.640973408862727, 46.28362787857327 ], [ 35.638462638166338, 46.283956571731466 ], [ 35.637988605418535, 46.282215813829005 ], [ 35.635477865027937, 46.282544433768791 ], [ 35.635003950176085, 46.280803651724668 ], [ 35.632493240101155, 46.28113219845077 ], [ 35.629035084286599, 46.277979035478118 ], [ 35.624013741702299, 46.278635782742079 ], [ 35.623540254565874, 46.276894908470091 ], [ 35.62102959175192, 46.277223182222173 ], [ 35.620556222460912, 46.275482283836176 ], [ 35.618045590013161, 46.275810484393823 ], [ 35.617572338555284, 46.274069561899665 ], [ 35.615061736483568, 46.274397689267595 ], [ 35.614588602846453, 46.27265674267111 ], [ 35.61207803116065, 46.272984796853969 ], [ 35.608621576009419, 46.269830812380064 ], [ 35.603600510556817, 46.270486574672773 ], [ 35.600144691886122, 46.267332254537081 ], [ 35.595123660820363, 46.267987617433946 ], [ 35.594651264300296, 46.266246510813602 ], [ 35.592140757397047, 46.26657409242025 ], [ 35.588685841141455, 46.263419315459842 ], [ 35.583664905607108, 46.26407413269574 ], [ 35.583192936385679, 46.262332934133532 ], [ 35.5806824773084, 46.262660242923822 ], [ 35.579267053538629, 46.257436562356816 ], [ 35.576756773162984, 46.257763758457784 ], [ 35.571417667199832, 46.247643187962765 ], [ 35.568907744167845, 46.247970158763827 ], [ 35.567965313335478, 46.244487514158983 ], [ 35.56545549489234, 46.244814392103201 ], [ 35.564042397218664, 46.239590334076667 ], [ 35.561532757411214, 46.239917099429981 ], [ 35.560591057903032, 46.236434333356094 ], [ 35.558081522679231, 46.236761005886486 ], [ 35.557140145186516, 46.233278183355523 ], [ 35.55463071454745, 46.233604763077238 ], [ 35.550239599240633, 46.226965435648189 ], [ 35.544750959213083, 46.225876657122562 ], [ 35.540361840474681, 46.219236749703846 ], [ 35.537852858781797, 46.219562885306992 ], [ 35.537383070177391, 46.217821311216383 ], [ 35.534874119090688, 46.218147373797592 ], [ 35.533934820018388, 46.214664173515501 ], [ 35.531425973538767, 46.214990143377186 ], [ 35.530017572141837, 46.209765252147292 ], [ 35.527508904247924, 46.210091109608044 ], [ 35.525631938456222, 46.20312445004646 ], [ 35.523123523085822, 46.203450175444587 ], [ 35.521247546266487, 46.196483369587853 ], [ 35.518739383366231, 46.196808962963892 ], [ 35.516864395029941, 46.189842010891141 ], [ 35.514356484546475, 46.190167472285616 ], [ 35.512950919405171, 46.184942154949276 ], [ 35.510443187386549, 46.185267504067347 ], [ 35.509506508023811, 46.181783898779308 ], [ 35.506998880558875, 46.182109155306435 ], [ 35.505594407436973, 46.176883656814546 ], [ 35.503086958410407, 46.177208801111099 ], [ 35.50215100683544, 46.17372507509976 ], [ 35.499643662357073, 46.174050126839262 ], [ 35.498708031318763, 46.1705663447067 ], [ 35.49620079138959, 46.17089130390341 ], [ 35.495265480809586, 46.167407465668731 ], [ 35.49275834543058, 46.167732332336904 ], [ 35.491823355230544, 46.164248438019214 ], [ 35.489316324402665, 46.164573212173096 ], [ 35.488381654504295, 46.161089261791496 ], [ 35.485874728228474, 46.161413943445311 ], [ 35.481499527300734, 46.154770463734692 ], [ 35.478992810131871, 46.1550949604312 ], [ 35.478525933853049, 46.153352903298135 ], [ 35.476019247415003, 46.153677327148337 ], [ 35.475085771778161, 46.150193161083592 ], [ 35.469606039396176, 46.149099642130246 ], [ 35.467740367724289, 46.142131086148808 ], [ 35.465234068780482, 46.142455213101663 ], [ 35.461971316734434, 46.130259941857183 ], [ 35.459465491228144, 46.130583878479761 ], [ 35.456670966220102, 46.120130508271416 ], [ 35.454165540198716, 46.120454274233495 ], [ 35.452303677798412, 46.113485198915761 ], [ 35.449798503699789, 46.113808833421423 ], [ 35.448402778902725, 46.108581924404838 ], [ 35.445897782981369, 46.108905447052557 ], [ 35.444502665531822, 46.103678441813905 ], [ 35.441997847767517, 46.104001852629771 ], [ 35.436704794379118, 46.093870852665518 ], [ 35.434200332868265, 46.094194039896031 ], [ 35.433271425514135, 46.090709181624767 ], [ 35.43076706845595, 46.091032276634905 ], [ 35.429838479757549, 46.08754736264752 ], [ 35.427334227152862, 46.087870365451522 ], [ 35.426405957032287, 46.084385395767008 ], [ 35.42390180888188, 46.084708306379092 ], [ 35.422509945647768, 46.079480762100054 ], [ 35.417038241127813, 46.078383744699813 ], [ 35.416110926273213, 46.074898608037657 ], [ 35.413607091490555, 46.075221242159316 ], [ 35.409249686177013, 46.068573343976666 ], [ 35.403779263806236, 46.067475521431973 ], [ 35.402853136131078, 46.063990170687866 ], [ 35.400349645600471, 46.064312455840941 ], [ 35.39988671940813, 46.062569754765526 ], [ 35.397383259764283, 46.062891967317213 ], [ 35.396457682618873, 46.059406513774881 ], [ 35.39098835221214, 46.058307929681682 ], [ 35.389138469204724, 46.051336800571818 ], [ 35.386635396550908, 46.051658717476187 ], [ 35.384324369947379, 46.042944615711519 ], [ 35.381821622381985, 46.043266382214071 ], [ 35.379973862249287, 46.036294948589095 ], [ 35.377471366165835, 46.036616584194938 ], [ 35.375624581443979, 46.029645006703028 ], [ 35.373122336788782, 46.029966511452422 ], [ 35.367852030995742, 46.019830239852169 ], [ 35.365350142121599, 46.020151521863475 ], [ 35.364427956407376, 46.016665542268605 ], [ 35.361926171940489, 46.016986732372303 ], [ 35.360543432499099, 46.011757673817065 ], [ 35.358041825885337, 46.012078752610279 ], [ 35.357120358903742, 46.008592654154292 ], [ 35.354618856691111, 46.008913641073576 ], [ 35.353697706450177, 46.005427487335588 ], [ 35.351196308639317, 46.005748382395183 ], [ 35.350275475061494, 46.002262173394008 ], [ 35.347774181653101, 46.002582976608103 ], [ 35.343432275171473, 45.995931104274277 ], [ 35.33797017374696, 45.99482908570176 ], [ 35.333630235931253, 45.988176642566707 ], [ 35.328169046273565, 45.987074033376572 ], [ 35.327250257808835, 45.983587454452071 ], [ 35.324749548488739, 45.983907653873864 ], [ 35.324290291144834, 45.982164338899409 ], [ 35.318829824016547, 45.981061182170755 ], [ 35.317911814427205, 45.977574454311124 ], [ 35.315411271650177, 45.977894417249288 ], [ 35.314952403677708, 45.976151027828735 ], [ 35.312451891975186, 45.976470918403464 ], [ 35.311993139659073, 45.974727505544529 ], [ 35.309492659040551, 45.975047323760563 ], [ 35.30903402236855, 45.973303887468965 ], [ 35.303574633381174, 45.972199847125324 ], [ 35.30265786478838, 45.96871287676133 ], [ 35.300157550837795, 45.96903245859896 ], [ 35.299699303262031, 45.967288947960789 ], [ 35.297199020431904, 45.967608457462781 ], [ 35.296740888440418, 45.965864923416547 ], [ 35.294240636740213, 45.966184360587597 ], [ 35.293782620320769, 45.964440803139084 ], [ 35.291282399759929, 45.964760167983947 ], [ 35.290824498900292, 45.96301658713886 ], [ 35.288324309488281, 45.963335879662267 ], [ 35.287866524176231, 45.961592275426376 ], [ 35.285366365922464, 45.961911495633039 ], [ 35.28490869614572, 45.960167868012078 ], [ 35.282408569059683, 45.960487015906743 ], [ 35.278993480154305, 45.957318766119982 ], [ 35.273993308559213, 45.957956719685129 ], [ 35.273536058661591, 45.956213002650117 ], [ 35.271035982995627, 45.956531880633229 ], [ 35.27057884858295, 45.954788140240282 ], [ 35.268078804133317, 45.955106945930872 ], [ 35.267621785193313, 45.953363182185704 ], [ 35.265121771969454, 45.953681915588533 ], [ 35.261708098469853, 45.950512979184367 ], [ 35.256708154891498, 45.951150103863363 ], [ 35.253295110242114, 45.947980838028982 ], [ 35.248295207589415, 45.948617567616367 ], [ 35.247838912516791, 45.9468736486767 ], [ 35.245338971453783, 45.947191914704874 ], [ 35.244882791777513, 45.945447972455732 ], [ 35.239882930224788, 45.946084306989285 ], [ 35.23647114323753, 45.942914382606332 ], [ 35.231471322958974, 45.94355032212394 ], [ 35.231015636093396, 45.941806271506294 ], [ 35.226015794525793, 45.942441960521307 ], [ 35.222605003116179, 45.939271496769322 ], [ 35.217605203111731, 45.939906790823983 ], [ 35.217150008948252, 45.93816263195118 ], [ 35.21215018784396, 45.938797675528086 ], [ 35.211695182343632, 45.937053474192325 ], [ 35.204195356262787, 45.938005584327975 ], [ 35.203740612781402, 45.936261321346208 ], [ 35.19874066588411, 45.936895757954517 ], [ 35.198286111048255, 45.935151452550961 ], [ 35.193286143308065, 45.935785638699244 ], [ 35.192831777107273, 45.934041290890917 ], [ 35.185331731543457, 45.934992114898705 ], [ 35.184877627347916, 45.933247705526931 ], [ 35.177377425223845, 45.934197994785066 ], [ 35.176923583034231, 45.932453523884107 ], [ 35.1694232245815, 45.93340327838547 ], [ 35.16896964439848, 45.931658745989644 ], [ 35.161469129848726, 45.9326079657272 ], [ 35.161015811672904, 45.93086337187075 ], [ 35.151014834244755, 45.932128179076159 ], [ 35.15056185149372, 45.930383504661222 ], [ 35.155109189111556, 45.928006605251014 ], [ 35.154203138772196, 45.924517312911632 ], [ 35.158749847474553, 45.922140342418622 ], [ 35.15784375415889, 45.918651102566436 ], [ 35.162389834169616, 45.916274061062701 ], [ 35.161483697978191, 45.912784873701654 ], [ 35.166029149521101, 45.910407761259286 ], [ 35.165122970554371, 45.906918626393285 ], [ 35.167621989807635, 45.90660232881374 ], [ 35.16671583124225, 45.903113216184948 ], [ 35.169214662156548, 45.902796903907046 ], [ 35.168308524013497, 45.899307813515634 ], [ 35.17080716662587, 45.898991486549093 ], [ 35.169901048926143, 45.895502418395218 ], [ 35.172399503273674, 45.895186076749766 ], [ 35.173085595407855, 45.887891650840736 ], [ 35.175583673336824, 45.887575279866653 ], [ 35.175130624347823, 45.885830781153146 ], [ 35.177628587327497, 45.88551437638295 ], [ 35.177175506868167, 45.883769892802633 ], [ 35.17967335490787, 45.883453454243536 ], [ 35.179220242990439, 45.881708985797516 ], [ 35.181717976099513, 45.88139251345671 ], [ 35.181264832736218, 45.879648060146096 ], [ 35.183762450923993, 45.87933155403077 ], [ 35.183309276127076, 45.87758711585667 ], [ 35.185806779402881, 45.877270575974052 ], [ 35.185353573184557, 45.875526152937582 ], [ 35.187850961557736, 45.875209579294854 ], [ 35.187397723930239, 45.8734651713971 ], [ 35.189894997410121, 45.873148564001468 ], [ 35.189441728385681, 45.87140417124354 ], [ 35.191938886981617, 45.871087530102201 ], [ 35.191485586572426, 45.86934315248525 ], [ 35.193982630293732, 45.869026477605395 ], [ 35.193529298512047, 45.867282115130472 ], [ 35.196026227368051, 45.866965406519299 ], [ 35.195572864226072, 45.865221059187562 ], [ 35.198069678226112, 45.864904316852268 ], [ 35.197616283736068, 45.863159984664811 ], [ 35.202156141379682, 45.860782081808537 ], [ 35.201249268833386, 45.857293473994716 ], [ 35.203745665257223, 45.856976649700428 ], [ 35.203292218550494, 45.855232358929094 ], [ 35.205788500166463, 45.854915500941281 ], [ 35.205335022161918, 45.853171225317894 ], [ 35.209873731717437, 45.850793147816233 ], [ 35.208966692344234, 45.847304653142885 ], [ 35.213504775981406, 45.8449265055837 ], [ 35.212597695099547, 45.841438063463634 ], [ 35.215093256834912, 45.841121075475058 ], [ 35.214639706036088, 45.839376867554016 ], [ 35.217135153041085, 45.839059845918705 ], [ 35.216228030750166, 45.835571456355794 ], [ 35.220764863218704, 45.833193168896926 ], [ 35.219857699618302, 45.829704831895079 ], [ 35.222352656617304, 45.829387747731687 ], [ 35.221445514145948, 45.825899432983256 ], [ 35.22394028355783, 45.825582334390113 ], [ 35.223033162236248, 45.822094041895326 ], [ 35.225527744097903, 45.821776928882095 ], [ 35.224620643946793, 45.818288658641052 ], [ 35.227115038295111, 45.817971531217459 ], [ 35.22620795933522, 45.814483283230338 ], [ 35.228702166207086, 45.814166141406062 ], [ 35.22779510845907, 45.810677915673025 ], [ 35.230289127891339, 45.810360759457708 ], [ 35.228928635707263, 45.805128448195127 ], [ 35.231422394911434, 45.80481129678526 ], [ 35.230515463096417, 45.801323107500913 ], [ 35.2330090349515, 45.801005941720057 ], [ 35.231648731702563, 45.795773685129838 ], [ 35.234142043459713, 45.795456524174668 ], [ 35.233235237625216, 45.791968371338157 ], [ 35.235728362123723, 45.791651196032028 ], [ 35.235274949004186, 45.789907132755779 ], [ 35.240260927348821, 45.789272662370422 ], [ 35.239807410436619, 45.787528633443578 ], [ 35.244793076424195, 45.786893990604149 ], [ 35.244339455757562, 45.78514999603442 ], [ 35.249324809388874, 45.784515180781391 ], [ 35.250909871152118, 45.780709808070682 ], [ 35.260425324600625, 45.777695615919399 ], [ 35.25997136196893, 45.775951739639986 ], [ 35.262463476706955, 45.775634066392278 ], [ 35.262009483156362, 45.773890205286648 ], [ 35.266993442056005, 45.773254739221386 ], [ 35.268577061128418, 45.769449308170422 ], [ 35.273560478916579, 45.768813603042915 ], [ 35.273106247431059, 45.767069825913254 ], [ 35.275597821057616, 45.766751913603294 ], [ 35.275143558723052, 45.765008151655429 ], [ 35.277635017972393, 45.764690205932133 ], [ 35.279217745685933, 45.760884748456689 ], [ 35.284200164957966, 45.76024867077205 ], [ 35.283745737573149, 45.758504973611892 ], [ 35.286236811971655, 45.758186875069256 ], [ 35.285782353796876, 45.756443193097084 ], [ 35.288273313853999, 45.756125061175091 ], [ 35.287818824901336, 45.754381394392013 ], [ 35.290309670626378, 45.754063229097824 ], [ 35.289855150907925, 45.75231957750492 ], [ 35.292345882310187, 45.752001378845691 ], [ 35.291891331838023, 45.750257742444063 ], [ 35.294381948926812, 45.749939510426948 ], [ 35.29392736771301, 45.748195889217683 ], [ 35.296417870497628, 45.747877623849838 ], [ 35.295963258554281, 45.746134017834038 ], [ 35.298453647044035, 45.745815719122639 ], [ 35.297999004383207, 45.744072128301369 ], [ 35.300489278587413, 45.743753796253557 ], [ 35.300034605221171, 45.742010220627932 ], [ 35.302524765149123, 45.741691855250863 ], [ 35.302070061089537, 45.739948294821971 ], [ 35.304560106750543, 45.739629896122814 ], [ 35.304105372009694, 45.737886350891714 ], [ 35.306595303413054, 45.737567918877609 ], [ 35.306140538002992, 45.735824388845444 ], [ 35.308630355158009, 45.735505923523554 ], [ 35.30817555909082, 45.733762408691369 ], [ 35.312700023980732, 45.731381878521731 ], [ 35.311790351084511, 45.727894905604266 ], [ 35.314279753134947, 45.727576359664837 ], [ 35.313824906964442, 45.725832886378811 ], [ 35.318348491695176, 45.723452236592593 ], [ 35.317438718741954, 45.719965346775929 ], [ 35.321961682617591, 45.717584628822003 ], [ 35.321051870945965, 45.714097791704127 ], [ 35.323540557381172, 45.713779117989759 ], [ 35.323085641884724, 45.712035712606173 ], [ 35.325574214187291, 45.711717005653767 ], [ 35.32466436389528, 45.708230221238473 ], [ 35.329186086722999, 45.705849367162905 ], [ 35.328276197908515, 45.702362635453994 ], [ 35.330764283272416, 45.702043867380709 ], [ 35.329854417019426, 45.698557157961652 ], [ 35.332342316030591, 45.69823837595775 ], [ 35.331432472359324, 45.694751688828688 ], [ 35.333920185054367, 45.694432892903798 ], [ 35.333010363985025, 45.69094622806486 ], [ 35.335497890400539, 45.690627418228559 ], [ 35.336165656321057, 45.683335331683658 ], [ 35.338652810287314, 45.683016494053348 ], [ 35.338197912831895, 45.681273197102641 ], [ 35.34565890747789, 45.680316427424472 ], [ 35.345203835218904, 45.678573184251995 ], [ 35.350177478369005, 45.677935114220247 ], [ 35.349722303545704, 45.676191905554006 ], [ 35.354695635192861, 45.67555366441762 ], [ 35.354240357843167, 45.673810490265225 ], [ 35.359213377988553, 45.673172078064574 ], [ 35.358757998150374, 45.671428938433692 ], [ 35.363730706795138, 45.670790355209121 ], [ 35.363275224506388, 45.669047250107354 ], [ 35.36824762165174, 45.668408495899243 ], [ 35.367792036950298, 45.666665425334216 ], [ 35.372764122597431, 45.666026500182944 ], [ 35.372308435521219, 45.66428346416231 ], [ 35.377280209671362, 45.66364436810818 ], [ 35.378854352856735, 45.659838773135505 ], [ 35.38382558770369, 45.6591994401264 ], [ 35.385399196261694, 45.655393826305712 ], [ 35.390369891857112, 45.654754256446054 ], [ 35.389913837515778, 45.6530113545913 ], [ 35.392399050511038, 45.652691510468109 ], [ 35.39397195046876, 45.648885875362105 ], [ 35.398941879144445, 45.648246002756359 ], [ 35.398485662349941, 45.646503165979254 ], [ 35.400970491906889, 45.646183170518903 ], [ 35.40051424499277, 45.644440348991971 ], [ 35.402998960707698, 45.644120320548552 ], [ 35.404570978450657, 45.640314661830125 ], [ 35.409539912697724, 45.639674420742907 ], [ 35.409083503552829, 45.637931664322025 ], [ 35.411567835925645, 45.637611484666621 ], [ 35.411111396719527, 45.635868743502016 ], [ 35.413595615286177, 45.635548530897339 ], [ 35.413139146030765, 45.63380580499004 ], [ 35.415623250800522, 45.633485559443237 ], [ 35.415166751507776, 45.631742848794332 ], [ 35.41765074248994, 45.63142257031253 ], [ 35.41719421317179, 45.629679874923063 ], [ 35.419678090375626, 45.629359563513354 ], [ 35.419221531043988, 45.62761688338442 ], [ 35.421705294478812, 45.627296539053937 ], [ 35.421248705145622, 45.625553874186615 ], [ 35.423732354820721, 45.625233496942464 ], [ 35.423275735497896, 45.623490847337827 ], [ 35.42778604430552, 45.621107359796092 ], [ 35.426872727656573, 45.617622117542844 ], [ 35.42935596427062, 45.617301660967414 ], [ 35.428899296935427, 45.615559053055385 ], [ 35.431382419837512, 45.615238563596535 ], [ 35.430925722561675, 45.613495970950751 ], [ 35.433408731761055, 45.613175448615578 ], [ 35.432952004556491, 45.611432871237128 ], [ 35.437460924762895, 45.609049165856256 ], [ 35.436547392595898, 45.605564068070699 ], [ 35.44105569664525, 45.60318029645633 ], [ 35.440142128704444, 45.599695251542592 ], [ 35.442624426020629, 45.599374603688211 ], [ 35.442167633125429, 45.597632094449914 ], [ 35.44464981681579, 45.597311413765439 ], [ 35.443736213197539, 45.593826421727179 ], [ 35.448243285589903, 45.591442517857892 ], [ 35.448897730782029, 45.584151921506262 ], [ 35.453403829270513, 45.581767935960528 ], [ 35.452490178755106, 45.578283072018472 ], [ 35.454971394235123, 45.577962272050115 ], [ 35.454057767908346, 45.574477430442364 ], [ 35.456538798232629, 45.57415661708658 ], [ 35.455625196114127, 45.570671797813254 ], [ 35.458106041319034, 45.57035097107952 ], [ 35.456735737274833, 45.565123769507728 ], [ 35.459216325798451, 45.564802948791439 ], [ 35.45830285587256, 45.56131816596848 ], [ 35.460783259365947, 45.560997331893894 ], [ 35.460326515606873, 45.559254953704347 ], [ 35.470247424689248, 45.557971173758347 ], [ 35.469790436549829, 45.556228869025432 ], [ 35.484212739104166, 45.552559559822299 ], [ 35.483755405564288, 45.550817363285709 ], [ 35.488714677002477, 45.55017465190668 ], [ 35.48825724236314, 45.54843249007925 ], [ 35.495695620718557, 45.547468090652934 ], [ 35.495238013540657, 45.545725982965727 ], [ 35.500196579898869, 45.545082828497826 ], [ 35.499738871711848, 45.54334075553956 ], [ 35.504697127439528, 45.542697431672615 ], [ 35.504239318280945, 45.540955393450815 ], [ 35.51167617301504, 45.539990075534945 ], [ 35.513238976769649, 45.536184265476493 ], [ 35.518196300615621, 45.535540433653658 ], [ 35.51773818876763, 45.533798499686412 ], [ 35.527193691920061, 45.530768429165569 ], [ 35.528755252599439, 45.526962571931733 ], [ 35.533711417917559, 45.526318167413251 ], [ 35.535272449773124, 45.522512293289452 ], [ 35.540228077861912, 45.521867654615491 ], [ 35.541788581107774, 45.518061763682127 ], [ 35.546743672019616, 45.517416890956618 ], [ 35.54628496850296, 45.515675176887491 ], [ 35.548762379675196, 45.515352682031029 ], [ 35.548303646869812, 45.513610983294051 ], [ 35.550780944764035, 45.513288455942543 ], [ 35.552340575959612, 45.509482544629769 ], [ 35.557294676687988, 45.508837308029499 ], [ 35.556835784840501, 45.507095674781034 ], [ 35.559312700951423, 45.506772998032602 ], [ 35.558853779872827, 45.505031380122254 ], [ 35.561330582741583, 45.504708670912407 ], [ 35.56087163244365, 45.502967068341214 ], [ 35.563348322079534, 45.502644326677029 ], [ 35.562889342574017, 45.500902739446055 ], [ 35.565365918986302, 45.500579965334587 ], [ 35.564906910284968, 45.498838393444878 ], [ 35.567383373482926, 45.498515586893198 ], [ 35.566924335597548, 45.496774030345804 ], [ 35.569400685590445, 45.496451191360975 ], [ 35.56894161853279, 45.49470965015697 ], [ 35.571417855329905, 45.494386778746076 ], [ 35.57297575735538, 45.490580838542492 ], [ 35.575451767788763, 45.490257902300662 ], [ 35.57958604981367, 45.505931171725713 ], [ 35.582062658815815, 45.505608007982019 ], [ 35.586661013918622, 45.523022161342951 ], [ 35.589138293130603, 45.52269875042461 ], [ 35.59189975505673, 45.533146925312799 ], [ 35.594377419769415, 45.532823345216762 ], [ 35.596219522496561, 45.539788633588614 ], [ 35.598697430234715, 45.53946492333759 ], [ 35.600079664028954, 45.544688787159849 ], [ 35.602557743520926, 45.544364966268681 ], [ 35.604401597963928, 45.551329981356055 ], [ 35.606879920564559, 45.551006030238611 ], [ 35.608263468707769, 45.556229688998904 ], [ 35.610741963113469, 45.555905627183932 ], [ 35.611664682437087, 45.559388006318748 ], [ 35.614143277305224, 45.559063853354139 ], [ 35.615527887300622, 45.564287331963264 ], [ 35.618006653999032, 45.563963068256506 ], [ 35.618930081440013, 45.567445327244599 ], [ 35.621408948605968, 45.567120972355205 ], [ 35.622332687968033, 45.570603175424175 ], [ 35.624811655600482, 45.570278729338277 ], [ 35.625735706958821, 45.573760876469457 ], [ 35.628214775056726, 45.573436339173114 ], [ 35.629139138486572, 45.576918430347838 ], [ 35.631618307048917, 45.57659380182718 ], [ 35.635947239449735, 45.58323309647372 ], [ 35.641368636329105, 45.58432436649715 ], [ 35.64569950311617, 45.590963087641853 ], [ 35.648179102552113, 45.590638022416982 ], [ 35.648642157645547, 45.592378906245834 ], [ 35.654064612502239, 45.593469420768209 ], [ 35.654991220549149, 45.596951088869126 ], [ 35.660414204455307, 45.598041225489126 ], [ 35.661341352961784, 45.601522789769859 ], [ 35.663821240272206, 45.601197326842737 ], [ 35.664284949675078, 45.602938083017008 ], [ 35.666764865957916, 45.602612548386254 ], [ 35.667228689290759, 45.604353280694447 ], [ 35.669708634536619, 45.604027674355493 ], [ 35.670172571811243, 45.605768382791886 ], [ 35.672652546010696, 45.605442704740156 ], [ 35.673116597238888, 45.607183389299081 ], [ 35.678540797654591, 45.60827247871471 ], [ 35.679469398527118, 45.611753748067009 ], [ 35.681949530988746, 45.61142783517645 ], [ 35.68241396669012, 45.613168443845666 ], [ 35.684894128068933, 45.612842459219948 ], [ 35.685358677781622, 45.614583043987295 ], [ 35.687838868068191, 45.614256987621836 ], [ 35.688303531803975, 45.61599754848163 ], [ 35.690783750988892, 45.615671420371861 ], [ 35.694193668650755, 45.618826270487311 ], [ 35.699154179962662, 45.61817367520257 ], [ 35.69961925730334, 45.619914144607996 ], [ 35.702099520521365, 45.61958774917683 ], [ 35.702564711933469, 45.62132819464783 ], [ 35.705045004001541, 45.621001727453589 ], [ 35.705510309496859, 45.622742148984457 ], [ 35.707990630405554, 45.622415610022543 ], [ 35.708456049995874, 45.624156007607588 ], [ 35.710936399735729, 45.623829396873447 ], [ 35.714347959810098, 45.626983437672294 ], [ 35.719308731893598, 45.626329877026684 ], [ 35.719774565306807, 45.628070183015119 ], [ 35.722254958808648, 45.627743304875374 ], [ 35.72566739036138, 45.63089689499764 ], [ 35.730628249775329, 45.630242799485067 ], [ 35.734041295753237, 45.633396058530408 ], [ 35.744429592859255, 45.6338269836777 ], [ 35.747843610570207, 45.636979700127497 ], [ 35.752804500797218, 45.636324574167219 ], [ 35.753271533545366, 45.638064609154753 ], [ 35.758232395558558, 45.637409235436444 ], [ 35.758699614002879, 45.639149226613085 ], [ 35.763660447729031, 45.638493605130577 ], [ 35.764127851878825, 45.640233552479508 ], [ 35.769088657244765, 45.639577683226676 ], [ 35.769556247109378, 45.641317586731134 ], [ 35.774517024041877, 45.640661469701826 ], [ 35.774984799630623, 45.642401329345006 ], [ 35.779945548056475, 45.641744964533096 ], [ 35.780413509378654, 45.64348478029823 ], [ 35.787854524833982, 45.642499783334685 ], [ 35.788322743330163, 45.644239535390881 ], [ 35.793283348740459, 45.643582570915086 ], [ 35.79375175298506, 45.64532227905265 ], [ 35.809101843542493, 45.645089602700153 ], [ 35.809570762138335, 45.646829183271237 ], [ 35.819491284520836, 45.64551314315387 ], [ 35.819960531685979, 45.647252640037514 ], [ 35.829880652042227, 45.645935688143332 ], [ 35.830350227752334, 45.647675101283163 ], [ 35.842749767474906, 45.646027641744269 ], [ 35.843219743072318, 45.647766951201746 ], [ 35.863057339241749, 45.645128152665443 ], [ 35.863527928688661, 45.646867298644651 ], [ 35.908153716314594, 45.640917479865351 ], [ 35.907681843662189, 45.639178692700987 ], [ 35.927510466742433, 45.636529085272123 ], [ 35.927038067512129, 45.634790453535523 ], [ 35.941907291807674, 45.632801187029266 ], [ 35.941434508719773, 45.63106267088471 ], [ 35.951346174970595, 45.629735535069429 ], [ 35.950873150538342, 45.627997094583897 ], [ 35.95830623231469, 45.627001257869573 ], [ 35.957833037776638, 45.62526287306261 ], [ 35.967742922787238, 45.623934444509004 ], [ 35.967269487116639, 45.622196135425256 ], [ 35.972224027543227, 45.621531649973797 ], [ 35.971750493013325, 45.619793376582138 ], [ 35.979181765466556, 45.618796319546618 ], [ 35.978708061050561, 45.617058101891701 ], [ 35.983661883886462, 45.616393178017752 ], [ 35.984135730416916, 45.618131355589327 ], [ 35.98908952196485, 45.617466184241451 ], [ 35.98956355395287, 45.619204317343204 ], [ 35.994517314139571, 45.618538898515666 ], [ 35.994991531594081, 45.620276987130843 ], [ 35.999945260346344, 45.61961132081786 ], [ 36.000419663276261, 45.621349364929664 ], [ 36.005373360520835, 45.620683451125544 ], [ 36.005847948935049, 45.622421450717233 ], [ 36.013278382291467, 45.621422131012679 ], [ 36.01375322723014, 45.623160065986646 ], [ 36.018706774356602, 45.622493553515596 ], [ 36.019181804793583, 45.624231443928991 ], [ 36.026612012645757, 45.623231226222899 ], [ 36.02708729960883, 45.624969051961315 ], [ 36.03451732923677, 45.623968307515746 ], [ 36.034992872722412, 45.62570606854559 ], [ 36.044899253933337, 45.624370936677735 ], [ 36.045375124934935, 45.626108612845279 ], [ 36.055281093721561, 45.624772571444744 ], [ 36.055757292213528, 45.626510162693819 ], [ 36.068139128106061, 45.624838844598081 ], [ 36.068615725028032, 45.626576330724085 ], [ 36.073568296249434, 45.625907400580758 ], [ 36.074045078688535, 45.627644841982963 ], [ 36.076521369857211, 45.627310279058662 ], [ 36.079951596966559, 45.630450453240549 ], [ 36.084904245035659, 45.629780987753684 ], [ 36.085381442174047, 45.631518335233757 ], [ 36.087857771708258, 45.631183504624488 ], [ 36.088335083450737, 45.632920827505195 ], [ 36.090811440291404, 45.632585924923909 ], [ 36.091288866649577, 45.634323223199488 ], [ 36.093765250787079, 45.633988248641714 ], [ 36.094242791772558, 45.635725522306423 ], [ 36.096719203197239, 45.635390475767672 ], [ 36.100151067798734, 45.638529830717353 ], [ 36.105103956036608, 45.637859397892711 ], [ 36.108536432021971, 45.640998418149003 ], [ 36.113489341799216, 45.640327593745056 ], [ 36.116922429172511, 45.643466279206727 ], [ 36.1218753603153, 45.642795063189538 ], [ 36.122353916895939, 45.644532103766238 ], [ 36.124830387776854, 45.644196397847651 ], [ 36.125309059080493, 45.645933413755337 ], [ 36.13026201141497, 45.645261806090971 ], [ 36.133696321575947, 45.648399821659652 ], [ 36.149034156982495, 45.648120022585331 ], [ 36.14951364202026, 45.649856838514729 ], [ 36.154466373137943, 45.649184136749042 ], [ 36.15494604389314, 45.650920907698676 ], [ 36.170283750032652, 45.650638083028774 ], [ 36.17076393408184, 45.652374723408762 ], [ 36.175716388554761, 45.651701071608073 ], [ 36.176196758339486, 45.653437666944065 ], [ 36.191534331918092, 45.653151816496994 ], [ 36.192015214990093, 45.654888281081753 ], [ 36.196967391716342, 45.654213679267706 ], [ 36.197448460541843, 45.655950098744263 ], [ 36.212785898264748, 45.655661222340058 ], [ 36.213267480370369, 45.657397510883783 ], [ 36.218219378247966, 45.656721959078602 ], [ 36.2187011461249, 45.6584582024499 ], [ 36.234038444696438, 45.658166299910278 ], [ 36.234520725845954, 45.659902412167163 ], [ 36.239472343772796, 45.659225910393637 ], [ 36.239954810711275, 45.660961977413898 ], [ 36.255291966834882, 45.660667048562232 ], [ 36.255774947037978, 45.662402984286537 ], [ 36.260726283911836, 45.661725532567978 ], [ 36.261209449921452, 45.663461422991439 ], [ 36.27654646029967, 45.663163467652737 ], [ 36.277030139565476, 45.664899226598713 ], [ 36.28198119428405, 45.664220824958967 ], [ 36.282465059373791, 45.665956538539959 ], [ 36.297801920708253, 45.665655556540877 ], [ 36.298286299045408, 45.667391138462854 ], [ 36.303237070506235, 45.666711786926342 ], [ 36.303721634684543, 45.668447323419102 ], [ 36.319058343676026, 45.668143314588029 ], [ 36.319543421092533, 45.669878719240302 ], [ 36.324493908193084, 45.669198417831964 ], [ 36.324979171467852, 45.670933776990857 ], [ 36.332404781747982, 45.66991287579522 ], [ 36.332890301639338, 45.671648168959898 ], [ 36.496157082980858, 45.649069425305932 ], [ 36.495666904433435, 45.647335490403897 ], [ 36.604400132432829, 45.632159188835203 ], [ 36.60489340484083, 45.63389221133756 ], [ 36.649351361568158, 45.627654654238519 ], [ 36.649845941993284, 45.629387297193112 ], [ 36.669600905770572, 45.62660954037085 ], [ 36.66762061165204, 45.619679607826278 ], [ 36.670089498697401, 45.619332240648824 ], [ 36.668598797957323, 45.605125064458775 ], [ 36.671067034487933, 45.604777761598939 ], [ 36.66958274040136, 45.599580337213681 ], [ 36.672050721842261, 45.599233045655893 ], [ 36.670072014511717, 45.5923031638943 ], [ 36.672539670978466, 45.591955904511323 ], [ 36.670561405201205, 45.585026030736906 ], [ 36.673028736817997, 45.584678803534317 ], [ 36.671050912477718, 45.577748937751664 ], [ 36.673517919368713, 45.577401742735077 ], [ 36.671540536349113, 45.570471884948752 ], [ 36.674007218638387, 45.57012472212373 ], [ 36.672030276823293, 45.5631948723384 ], [ 36.674496634634863, 45.562847741710506 ], [ 36.672520133908115, 45.555917899930741 ], [ 36.674986167365937, 45.555570801505588 ], [ 36.673500197941273, 45.541364075764349 ], [ 36.675965583063281, 45.541017041761371 ], [ 36.674484131976946, 45.53581968552561 ], [ 36.676949262856326, 45.535472662894321 ], [ 36.674974345448369, 45.528542872023529 ], [ 36.677439152441842, 45.528195881619347 ], [ 36.675464675598903, 45.521266098773943 ], [ 36.677929158830167, 45.520919140602466 ], [ 36.675955122436456, 45.513989365787097 ], [ 36.678419282029097, 45.513642439853889 ], [ 36.676936366204217, 45.499436020642364 ], [ 36.674472808613203, 45.49978283098077 ], [ 36.674965960590789, 45.501515298562587 ], [ 36.670038571475054, 45.502208807588183 ], [ 36.670531629104502, 45.503941312130308 ], [ 36.665603921144431, 45.50463465836274 ], [ 36.666096884388537, 45.506367199858303 ], [ 36.66116885757846, 45.507060383257112 ], [ 36.66166172640002, 45.508792961699207 ], [ 36.654269140587466, 45.509832415784089 ], [ 36.65476184526937, 45.511565051981243 ], [ 36.642439623146494, 45.513296556693213 ], [ 36.642932024200412, 45.515029292234757 ], [ 36.625678541773738, 45.517451395842905 ], [ 36.626170499530225, 45.519184272240864 ], [ 36.603983596611471, 45.522294907706552 ], [ 36.60447497116111, 45.524027966361722 ], [ 36.602009466020206, 45.524373357315355 ], [ 36.601518161275401, 45.522640277903179 ], [ 36.579327229750881, 45.52574630525347 ], [ 36.578836598179009, 45.524013034495482 ], [ 36.566507087108981, 45.525736708866084 ], [ 36.56601684950288, 45.524003329845328 ], [ 36.558618816324262, 45.525036857537096 ], [ 36.55812883298789, 45.523303411739086 ], [ 36.553196727347625, 45.523992132602274 ], [ 36.552706928405996, 45.522258640755872 ], [ 36.547774783980785, 45.522947115261687 ], [ 36.547285169426011, 45.521213577383534 ], [ 36.542352986288883, 45.52190180553675 ], [ 36.541863556113029, 45.520168221643516 ], [ 36.531509828190309, 45.519810309019796 ], [ 36.528065692629596, 45.516686702159582 ], [ 36.52313344447289, 45.517374047454297 ], [ 36.522644681833249, 45.515640300324556 ], [ 36.520178560833052, 45.515983875436305 ], [ 36.519689912629126, 45.514250103021112 ], [ 36.517223816992747, 45.514593606226867 ], [ 36.516735283213237, 45.512859808531971 ], [ 36.514269212950431, 45.513203239836102 ], [ 36.513780793584026, 45.511469416867214 ], [ 36.511314748704557, 45.511812776274056 ], [ 36.510826443739958, 45.510078928036933 ], [ 36.508360424253596, 45.510422215550854 ], [ 36.507872233679493, 45.508688342051244 ], [ 36.505406239595992, 45.509031557676551 ], [ 36.504918163401065, 45.507297658920201 ], [ 36.502452194730175, 45.507640802661257 ], [ 36.501964232903127, 45.50590687865391 ], [ 36.499498289654611, 45.506249950515077 ], [ 36.499010442184144, 45.504516001262466 ], [ 36.493590898867978, 45.503467954870366 ], [ 36.492615705721384, 45.499999950806149 ], [ 36.487196677066329, 45.498951520646877 ], [ 36.486222029991488, 45.495483406467919 ], [ 36.481290633140411, 45.49616869785045 ], [ 36.480803515965675, 45.494434592641248 ], [ 36.473406297415004, 45.495462083574324 ], [ 36.472919434277621, 45.493727911973707 ], [ 36.470453675901759, 45.494070285863657 ], [ 36.470940469146619, 45.495804478054062 ], [ 36.468474596511903, 45.496146821280611 ], [ 36.469448176293653, 45.499615233037552 ], [ 36.466982119476796, 45.499957566180264 ], [ 36.467955736895938, 45.503426000713596 ], [ 36.465489495860488, 45.503768323763374 ], [ 36.46646315090095, 45.507236781073154 ], [ 36.463996725610436, 45.507579094021011 ], [ 36.464970418256122, 45.511047574107259 ], [ 36.460523927668937, 45.513466402806948 ], [ 36.461497606709813, 45.51693493764266 ], [ 36.459030698429935, 45.517277199646117 ], [ 36.459517534532182, 45.519011480750926 ], [ 36.457050511872666, 45.519353712033961 ], [ 36.457537322354895, 45.521088009123801 ], [ 36.455070185305999, 45.521430209679416 ], [ 36.455556970156863, 45.523164522753305 ], [ 36.453089718708874, 45.523506692574529 ], [ 36.453576477917039, 45.525241021631636 ], [ 36.45110911206018, 45.525583160711484 ], [ 36.451595845614293, 45.527317505750851 ], [ 36.449128365338858, 45.527659614082289 ], [ 36.449615073227562, 45.529393975103005 ], [ 36.447147478523796, 45.529736052679119 ], [ 36.447634160735753, 45.531470429680247 ], [ 36.445166451593899, 45.531812476494004 ], [ 36.445653108117767, 45.533546869474641 ], [ 36.443185284528106, 45.533888885519033 ], [ 36.441690582418879, 45.537699704683256 ], [ 36.436754433017654, 45.538383562297213 ], [ 36.435259214483722, 45.542194373562722 ], [ 36.430322518421022, 45.542878005255631 ], [ 36.430808906077168, 45.544612519241127 ], [ 36.425871892301444, 45.54529598655855 ], [ 36.426358184033894, 45.547030537069396 ], [ 36.42142085254028, 45.547713839970847 ], [ 36.421907048311709, 45.549448427000065 ], [ 36.416969399095336, 45.550131565445064 ], [ 36.417455498868357, 45.551866188985564 ], [ 36.412517531924429, 45.552549162933673 ], [ 36.413003535661687, 45.554283822978441 ], [ 36.405596042154436, 45.555307959979764 ], [ 36.406081879605622, 45.557042677055634 ], [ 36.393734819613279, 45.558748646386924 ], [ 36.394220350224266, 45.56048346151956 ], [ 36.371992219580662, 45.563551150660963 ], [ 36.372477162037079, 45.565286145793628 ], [ 36.367536949944309, 45.565967329545522 ], [ 36.367052148087389, 45.564232293428567 ], [ 36.344819637174851, 45.567294888366611 ], [ 36.34433551244426, 45.565559663414945 ], [ 36.331982922418938, 45.567259201028136 ], [ 36.331499193616821, 45.565523869259998 ], [ 36.3240873208062, 45.566542912623184 ], [ 36.323603847242111, 45.564807514991195 ], [ 36.318662518779028, 45.565486578888475 ], [ 36.318179230081043, 45.563751135854858 ], [ 36.313237865910544, 45.564429952904369 ], [ 36.312754762070306, 45.562694464485851 ], [ 36.307813362265534, 45.563373034692781 ], [ 36.307330443274722, 45.561637500906045 ], [ 36.296964802905038, 45.561258321674828 ], [ 36.293529087589668, 45.558125988416343 ], [ 36.288587634033128, 45.558803674319883 ], [ 36.288105383960996, 45.557067979617635 ], [ 36.2856346615389, 45.557406724917477 ], [ 36.285152525875873, 45.555671005309854 ], [ 36.282681829834623, 45.556009678715192 ], [ 36.282199808569239, 45.554273934207956 ], [ 36.279729138918505, 45.554612535723216 ], [ 36.279247232039339, 45.552876766322086 ], [ 36.276776588788813, 45.553215295951702 ], [ 36.276294796284382, 45.551479501662385 ], [ 36.273824179443722, 45.551817959410727 ], [ 36.273342501302587, 45.550082140238985 ], [ 36.270871910881475, 45.550420526110521 ], [ 36.270390347092174, 45.54868468206206 ], [ 36.26791978310029, 45.549022996061176 ], [ 36.267438333651377, 45.5472871271418 ], [ 36.264967796098361, 45.547625369272893 ], [ 36.264486460978389, 45.545889475488259 ], [ 36.26201594987392, 45.546227645755756 ], [ 36.261534729071428, 45.544491727111613 ], [ 36.259064244425154, 45.544829825519955 ], [ 36.258583137928674, 45.543093882022049 ], [ 36.256112679750281, 45.543431908575634 ], [ 36.25563168754838, 45.541695940229673 ], [ 36.253161255847488, 45.542033894932921 ], [ 36.252680377928684, 45.540297901744651 ], [ 36.250209972714977, 45.540635784601974 ], [ 36.249729209067837, 45.538899766577117 ], [ 36.247258830350958, 45.539237577592935 ], [ 36.246778180964007, 45.537501534737245 ], [ 36.241356967921114, 45.536440873581178 ], [ 36.240396169969728, 45.532968684091344 ], [ 36.234975476082695, 45.531907640857028 ], [ 36.234015222644508, 45.528435343155607 ], [ 36.23154511729777, 45.5287727543991 ], [ 36.230585179856952, 45.525300398130867 ], [ 36.228115171424221, 45.525637717257766 ], [ 36.227155549906044, 45.522165302441827 ], [ 36.224685638389396, 45.522502529465875 ], [ 36.223726332719153, 45.519030056121295 ], [ 36.221256518120654, 45.519367191056212 ], [ 36.220297528223639, 45.51589465920209 ], [ 36.217827810545351, 45.516231702061575 ], [ 36.21638986486451, 45.511022809832909 ], [ 36.213920314437345, 45.511359740343153 ], [ 36.211524964560276, 45.502678062403902 ], [ 36.209055721982971, 45.503014840031661 ], [ 36.204747477919206, 45.487387355695709 ], [ 36.202278824169902, 45.487723899429156 ], [ 36.201800418999113, 45.485987469686179 ], [ 36.204269002495835, 45.485650946216694 ], [ 36.199964687572447, 45.470023060066147 ], [ 36.202432595441799, 45.469686667507851 ], [ 36.200520419967759, 45.462740905359624 ], [ 36.198052792826488, 45.463077216905347 ], [ 36.197574928133072, 45.461340744968481 ], [ 36.195107327571897, 45.461676984867381 ], [ 36.196062960200429, 45.465149964778718 ], [ 36.193595175696956, 45.465486193768619 ], [ 36.194072987207356, 45.467222697285166 ], [ 36.191605088924575, 45.467558895111743 ], [ 36.192082873826315, 45.46929541441672 ], [ 36.189614861754642, 45.469631581072967 ], [ 36.190092620036275, 45.471368116165401 ], [ 36.187624494166137, 45.471704251644333 ], [ 36.188102225816252, 45.473440802523257 ], [ 36.185633986138072, 45.473776906817889 ], [ 36.186111691145207, 45.475513473482351 ], [ 36.183643337649414, 45.475849546585643 ], [ 36.184121016002123, 45.477586129034698 ], [ 36.181652548679153, 45.477922170939657 ], [ 36.182130200366011, 45.479658769172339 ], [ 36.179661619206271, 45.47999477987198 ], [ 36.180139244215816, 45.481731393887337 ], [ 36.177670549209751, 45.482067373374612 ], [ 36.178148147530528, 45.483804003171684 ], [ 36.175679338668566, 45.484139951439623 ], [ 36.174165532470589, 45.487949175416666 ], [ 36.169227415690081, 45.488620895567145 ], [ 36.167713090636553, 45.492430109164005 ], [ 36.16277443115878, 45.493101601372544 ], [ 36.163251755198758, 45.494838350505461 ], [ 36.15831278078813, 45.495509677217804 ], [ 36.158790007699288, 45.49724646233819 ], [ 36.153850718351897, 45.497917623514027 ], [ 36.154327848096919, 45.499654444614727 ], [ 36.149388243808907, 45.500325440213707 ], [ 36.149865276350489, 45.502062297287544 ], [ 36.144925357117991, 45.502733127269366 ], [ 36.145402292418801, 45.504470020309149 ], [ 36.140462058237965, 45.505140684633496 ], [ 36.140938896260678, 45.506877613632049 ], [ 36.133528007275338, 45.507883284280318 ], [ 36.134004677550983, 45.509620269419777 ], [ 36.121651973430694, 45.511295457418441 ], [ 36.122128334968721, 45.513032539034867 ], [ 36.099890093654793, 45.516044811272074 ], [ 36.100365864271176, 45.517782069928515 ], [ 36.097894660751628, 45.518116529168964 ], [ 36.097418960650124, 45.516379250363826 ], [ 36.075176809520755, 45.51938688107446 ], [ 36.074701787655755, 45.517649416655864 ], [ 36.062343871023195, 45.519318416297359 ], [ 36.061869245344369, 45.517580846915401 ], [ 36.054454186809167, 45.518581567153831 ], [ 36.053979816201547, 45.516843933076622 ], [ 36.049036368346982, 45.51751078167262 ], [ 36.048562182226824, 45.515773103020067 ], [ 36.04361870228886, 45.51643970499795 ], [ 36.043144700647382, 45.51470198178675 ], [ 36.038201188698771, 45.515368337152168 ], [ 36.037727371527197, 45.51363056939902 ], [ 36.027366619178487, 45.513224728036654 ], [ 36.023948054352189, 45.510081823616453 ], [ 36.019004501541296, 45.510747295829844 ], [ 36.018531351556206, 45.5090093701236 ], [ 36.016059580917492, 45.509342008750991 ], [ 36.015586544750477, 45.507604058623059 ], [ 36.013114801502674, 45.50793662558533 ], [ 36.012641879142201, 45.506198651041409 ], [ 36.010170163294838, 45.506531146342972 ], [ 36.00969735472934, 45.504793147388767 ], [ 36.007225666291916, 45.505125571034171 ], [ 36.00675297150984, 45.503387547675374 ], [ 36.004281310491869, 45.503719899669029 ], [ 36.003808729481669, 45.501981851911339 ], [ 36.001337095892637, 45.502314132257752 ], [ 36.000864628642766, 45.500576060106866 ], [ 35.998393022492181, 45.500908268810505 ], [ 35.997920668991092, 45.499170172272137 ], [ 35.995449090288453, 45.499502309337487 ], [ 35.994976850524566, 45.497764188417307 ], [ 35.989561649462892, 45.496690102354762 ], [ 35.98861766792826, 45.493213758662776 ], [ 35.983202988468925, 45.492139293000548 ], [ 35.982259547880687, 45.488662843154138 ], [ 35.979788247728209, 45.488994582100403 ], [ 35.978845120617116, 45.485518074846262 ], [ 35.976373918541753, 45.485849722197635 ], [ 35.975431104833177, 45.482373157554584 ], [ 35.972960000836551, 45.482704713324836 ], [ 35.972017500455848, 45.479228091311789 ], [ 35.969546494539586, 45.479559555514655 ], [ 35.968604307412136, 45.476082876150421 ], [ 35.966133399577828, 45.476414248799699 ], [ 35.96472065316722, 45.471199137238742 ], [ 35.960249863126528, 45.473600022727936 ], [ 35.961191454866146, 45.477076839303727 ], [ 35.958720418000311, 45.477408057153603 ], [ 35.959662040616969, 45.480884896295116 ], [ 35.955190290227179, 45.483285710020631 ], [ 35.956131888527018, 45.48676260297551 ], [ 35.953660369712573, 45.487093765808808 ], [ 35.954131162765556, 45.488832225739046 ], [ 35.951659530329948, 45.489163356907568 ], [ 35.952130295771255, 45.490901832460025 ], [ 35.949658549705021, 45.491232931956702 ], [ 35.950129287523083, 45.492971423130385 ], [ 35.947657427816758, 45.493302490948167 ], [ 35.948128138, 45.495040997742102 ], [ 35.945656164644127, 45.495372033873991 ], [ 35.946126847180992, 45.49711055628719 ], [ 35.943654760166062, 45.497441560726131 ], [ 35.944125415044965, 45.49918009875757 ], [ 35.941653214361558, 45.49951107149657 ], [ 35.942123841570925, 45.501249625145256 ], [ 35.939651527209534, 45.501580566177239 ], [ 35.940122126737784, 45.503319135442197 ], [ 35.937649698688958, 45.503650044760143 ], [ 35.936118272910029, 45.507458107731743 ], [ 35.931172919011097, 45.508119747789586 ], [ 35.929640970500024, 45.51192779795344 ], [ 35.924695075741496, 45.51258920766282 ], [ 35.925165395201226, 45.514327894873581 ], [ 35.920219187010645, 45.514989137669808 ], [ 35.920689407936472, 45.516727860421078 ], [ 35.915742886310767, 45.517388936263892 ], [ 35.916213008665274, 45.519127694548409 ], [ 35.911266173601383, 45.519788603397508 ], [ 35.911736197347146, 45.52152739720794 ], [ 35.906789048842036, 45.522188139023037 ], [ 35.90725897394163, 45.523926968352072 ], [ 35.899837716594718, 45.524917752863303 ], [ 35.900307472182703, 45.526656637616043 ], [ 35.887937496987917, 45.528307009889573 ], [ 35.888406941281346, 45.530045989847665 ], [ 35.873561129623127, 45.532024848078272 ], [ 35.874030191558646, 45.533763943063725 ], [ 35.851757941399647, 45.53672891464069 ], [ 35.852226407935973, 45.538468184146005 ], [ 35.849751428258188, 45.538797386349856 ], [ 35.849283032666619, 45.537058096989341 ], [ 35.844801340395797, 45.53945563535698 ], [ 35.844333086707934, 45.537716306294769 ], [ 35.82205621091915, 45.54067568372097 ], [ 35.821588638800357, 45.538936171861863 ], [ 35.809211454544176, 45.540578357663698 ], [ 35.808744280185252, 45.538838742460946 ], [ 35.801317669821394, 45.539823372568812 ], [ 35.800850751229149, 45.53808369369164 ], [ 35.795899606128643, 45.538739814998266 ], [ 35.795432872280514, 45.537000092267043 ], [ 35.790481698450407, 45.537655966647307 ], [ 35.790015149337194, 45.535916200078738 ], [ 35.785063946850201, 45.536571827538793 ], [ 35.784597582462673, 45.534832017149576 ], [ 35.774228912137744, 45.5344026771402 ], [ 35.770821413168747, 45.531250326455073 ], [ 35.765870181994408, 45.531905069989136 ], [ 35.7654044853751, 45.53016510423253 ], [ 35.762928876921379, 45.530492378480531 ], [ 35.762463293937117, 45.528752388723738 ], [ 35.759987713931025, 45.52907959138016 ], [ 35.759522244570107, 45.527339577628936 ], [ 35.757046693021039, 45.527666708698284 ], [ 35.756581337271783, 45.525926670958263 ], [ 35.754105814189131, 45.526253730445106 ], [ 35.753640572039835, 45.524513668721958 ], [ 35.751165077432994, 45.52484065663085 ], [ 35.750699948871976, 45.523100570930296 ], [ 35.748224482750317, 45.523427487265728 ], [ 35.747759467765889, 45.521687377593409 ], [ 35.745284030138812, 45.522014222359978 ], [ 35.744819128719286, 45.520274088721607 ], [ 35.742343719596185, 45.520600861923839 ], [ 35.741878931729858, 45.518860704325093 ], [ 35.736463524708242, 45.517773854501236 ], [ 35.735534445611862, 45.514293439258971 ], [ 35.730119564297574, 45.513206211696158 ], [ 35.729191024169616, 45.50972569222747 ], [ 35.726715899745592, 45.510052068281396 ], [ 35.72578767148547, 45.506571492490082 ], [ 35.723312646628699, 45.506897777323474 ], [ 35.722384730161536, 45.503417145228177 ], [ 35.719909804873197, 45.503743338854896 ], [ 35.718982200124174, 45.500262650474355 ], [ 35.71650737440546, 45.500588752908214 ], [ 35.71558008129972, 45.497108008261087 ], [ 35.713105355151825, 45.497434019515907 ], [ 35.711714946428991, 45.49221281183889 ], [ 35.709240390828512, 45.492538712258991 ], [ 35.706924245334029, 45.483836516691966 ], [ 35.704450002169956, 45.484162266979936 ], [ 35.701672450766296, 45.473719375137193 ], [ 35.696724688651386, 45.474370484468857 ], [ 35.696262053396758, 45.472629948442695 ], [ 35.693788179798773, 45.472955405778194 ], [ 35.693325657765435, 45.471214845896789 ], [ 35.690851812793042, 45.471540231801143 ], [ 35.690389403969291, 45.469799648070158 ], [ 35.687915587631807, 45.470124962547914 ], [ 35.687453292005998, 45.468384354973004 ], [ 35.68497950431275, 45.46870959802871 ], [ 35.68451732187318, 45.466968966615561 ], [ 35.682043562833485, 45.467294138253756 ], [ 35.681581493568466, 45.465553483007994 ], [ 35.679107763191631, 45.465878583233255 ], [ 35.678645807089488, 45.464137904160552 ], [ 35.676172105384843, 45.46446293297744 ], [ 35.675710262433896, 45.462722230083436 ], [ 35.67323658941072, 45.463047187496471 ], [ 35.672774859599286, 45.461306460786872 ], [ 35.67030121526691, 45.46163134680063 ], [ 35.669839598583309, 45.459890596281049 ], [ 35.664430892460693, 45.458799379805043 ], [ 35.663508153722312, 45.455317779365224 ], [ 35.658099972657958, 45.45422618636951 ], [ 35.657177770574968, 45.450744482389567 ], [ 35.654704411635748, 45.451068972296127 ], [ 35.653782519958511, 45.447587212378998 ], [ 35.651309260653342, 45.447911611337986 ], [ 35.650387679307237, 45.444429795502273 ], [ 35.647914519637183, 45.444754103527437 ], [ 35.646993248547652, 45.441272231791764 ], [ 35.644520188513738, 45.441596448896995 ], [ 35.643599227606209, 45.438114521279871 ], [ 35.641126267209472, 45.438438647478975 ], [ 35.639745354134277, 45.433215665988051 ], [ 35.637272564231594, 45.433539681733066 ], [ 35.634972238111999, 45.424834531195174 ], [ 35.6324997603529, 45.425158397404118 ], [ 35.628362459199515, 45.409488687416477 ], [ 35.625890576658804, 45.409812325978415 ], [ 35.625431157373107, 45.408071206688568 ], [ 35.627902969136244, 45.407747587665327 ], [ 35.627443521068976, 45.40600648374307 ], [ 35.624971780077573, 45.406330083228788 ], [ 35.624512444767618, 45.404588955599479 ], [ 35.626984114993121, 45.404265375650169 ], [ 35.625606148667686, 45.39904202635185 ], [ 35.623134690704894, 45.399365547698842 ], [ 35.622216397839523, 45.395883254925593 ], [ 35.619745039398197, 45.396206685510137 ], [ 35.618368126961556, 45.390983156523454 ], [ 35.615896938771172, 45.39130647683794 ], [ 35.613603276966948, 45.38260041432148 ], [ 35.611132400422299, 45.382923585364544 ], [ 35.607007085145383, 45.367252235162077 ], [ 35.604536802812191, 45.367575178983955 ], [ 35.603620667978809, 45.364092571994334 ], [ 35.606090809017211, 45.363769667168107 ], [ 35.603800851039836, 45.355063174477046 ], [ 35.601331063136548, 45.355385981834161 ], [ 35.601788900438699, 45.357127308171428 ], [ 35.596849057921524, 45.357772806937682 ], [ 35.59730679579603, 45.35951416809943 ], [ 35.58989650648919, 45.360482087328741 ], [ 35.590354074248943, 45.362223502786847 ], [ 35.578002402748709, 45.363835765669826 ], [ 35.578459658968924, 45.3655772743395 ], [ 35.556223382333464, 45.368476267024164 ], [ 35.556680043969074, 45.370217946625381 ], [ 35.554209067098718, 45.370539817909368 ], [ 35.553752476193715, 45.368798118870025 ], [ 35.531512443976837, 45.371692458732788 ], [ 35.531056531526978, 45.369950580760786 ], [ 35.526113985136043, 45.370593159718304 ], [ 35.526569756040018, 45.372335076503255 ], [ 35.524098349576413, 45.372656307801648 ], [ 35.524554091356244, 45.374398239871852 ], [ 35.522082572446699, 45.374719438842845 ], [ 35.522538285090711, 45.376461386197228 ], [ 35.520066653726076, 45.376782552833802 ], [ 35.520522337222552, 45.378524515471284 ], [ 35.518050593393646, 45.378845649766397 ], [ 35.518506247730919, 45.380587627685948 ], [ 35.516034391428569, 45.380908729632537 ], [ 35.516490016594922, 45.382650722833077 ], [ 35.514018047809955, 45.382971792424108 ], [ 35.512457129306384, 45.386776861892386 ], [ 35.507512700104151, 45.387418819845202 ], [ 35.505951256382829, 45.39122387268268 ], [ 35.50100629384152, 45.39186559755106 ], [ 35.501461631204826, 45.39360770590676 ], [ 35.496516360341907, 45.394249262409453 ], [ 35.496971597539392, 45.395991405413127 ], [ 35.492026018353307, 45.396632793510122 ], [ 35.492481155347782, 45.398374971154283 ], [ 35.487535267837018, 45.399016190805582 ], [ 35.487990304591271, 45.400758403082726 ], [ 35.483044108754349, 45.401399454248384 ], [ 35.483499045231177, 45.403141701150979 ], [ 35.46911358588234, 45.406806086156244 ], [ 35.469568179721016, 45.408548440985399 ], [ 35.45719965006775, 45.410148897527151 ], [ 35.457653930450313, 45.411891344961234 ], [ 35.435387320357236, 45.414769074149291 ], [ 35.435841002886505, 45.4165116913803 ], [ 35.433366656426948, 45.416831199057086 ], [ 35.432913044966242, 45.415088562519884 ], [ 35.410642699697554, 45.41796162332804 ], [ 35.410189769505834, 45.416218809098041 ], [ 35.397816260168952, 45.417813041483996 ], [ 35.397363726976998, 45.416070126841575 ], [ 35.389939337773129, 45.417025985693314 ], [ 35.389487059360754, 45.415283009220808 ], [ 35.38453740187029, 45.41591995042959 ], [ 35.384085307102275, 45.414176931403816 ], [ 35.379135626395396, 45.414813626496105 ], [ 35.378683715261822, 45.413070564933683 ], [ 35.373734011410413, 45.413707013916309 ], [ 35.373282283901425, 45.411963909833915 ], [ 35.362931263157996, 45.411492922911386 ], [ 35.359553789247528, 45.408324402812411 ], [ 35.354604076104714, 45.408959971254944 ], [ 35.354153011843721, 45.407216716463488 ], [ 35.351678164498672, 45.407534403606689 ], [ 35.351227212659637, 45.405791125571795 ], [ 35.348752395193614, 45.406108741598715 ], [ 35.348301555764735, 45.404365440325975 ], [ 35.345826768186832, 45.40468298524123 ], [ 35.345376041156307, 45.402939660736273 ], [ 35.342901283475641, 45.403257134544482 ], [ 35.342450668831681, 45.40151378681292 ], [ 35.339975941057354, 45.401831189518724 ], [ 35.339525438788158, 45.400087818566163 ], [ 35.337050740929236, 45.400405150174194 ], [ 35.336600351023009, 45.398661756006248 ], [ 35.334125683088622, 45.398979016521118 ], [ 35.333675405533562, 45.397235599143407 ], [ 35.331200767532778, 45.39755278856974 ], [ 35.330750602317103, 45.3958093479879 ], [ 35.325351363264573, 45.394700049813061 ], [ 35.324451523292176, 45.391213071841683 ], [ 35.31905281212677, 45.390103400643717 ], [ 35.318153503624004, 45.38661632189455 ], [ 35.315679157679646, 45.386933117639813 ], [ 35.314780155974574, 45.383445984504242 ], [ 35.312305911131439, 45.383762690048677 ], [ 35.311407216149668, 45.380275502544968 ], [ 35.308933072408195, 45.380592117902459 ], [ 35.308034684075338, 45.377104876048868 ], [ 35.305560641435989, 45.377421401233271 ], [ 35.304662559677666, 45.373934105048058 ], [ 35.302188618140853, 45.374250540073248 ], [ 35.300842016857146, 45.369019508308845 ], [ 35.298368247504193, 45.369335834062348 ], [ 35.296125088546226, 45.360617271969708 ], [ 35.293651633474923, 45.360933450240232 ], [ 35.290961623024124, 45.350470928811788 ], [ 35.288488553163354, 45.350786940546314 ], [ 35.288936714683452, 45.35253072323723 ], [ 35.283990309917399, 45.353162629345114 ], [ 35.284438370361976, 45.354906446242779 ], [ 35.279491659549208, 45.355538183096577 ], [ 35.279939618881166, 45.35728203419341 ], [ 35.274992602020909, 45.35791360175326 ], [ 35.275440460203079, 45.35965748704163 ], [ 35.268019414387773, 45.360604506553067 ], [ 35.26846710029367, 45.3623484451116 ], [ 35.256097515954963, 45.363925868557111 ], [ 35.256544887281933, 45.365669898514277 ], [ 35.234276416765979, 45.368506162168202 ], [ 35.23472318871638, 45.370250359669249 ], [ 35.23224863853256, 45.370565259517349 ], [ 35.231801937751001, 45.368821042971724 ], [ 35.209529787682229, 45.371652633115694 ], [ 35.209083768450817, 45.369908241332752 ], [ 35.194234258206215, 45.371793516407109 ], [ 35.194679850122149, 45.373538022230996 ], [ 35.190175034756422, 45.375910609437192 ], [ 35.191066137559154, 45.379399677269127 ], [ 35.188590709824311, 45.379713679971559 ], [ 35.18903625114654, 45.381458226942677 ], [ 35.186560711351589, 45.381772196657529 ], [ 35.187006222188117, 45.383516758662559 ], [ 35.184530570324007, 45.383830695382755 ], [ 35.184976050663018, 45.385575272420581 ], [ 35.18250028672076, 45.385889176139031 ], [ 35.182945736550373, 45.387633768208566 ], [ 35.180469860520972, 45.387947638918192 ], [ 35.180915279829328, 45.389692246018306 ], [ 35.178439291703789, 45.390006083712024 ], [ 35.17888468047903, 45.391750705841609 ], [ 35.176408580248321, 45.39206451051237 ], [ 35.176853938478587, 45.393809147670325 ], [ 35.174377726133741, 45.394122919311016 ], [ 35.174823053807145, 45.39586757149624 ], [ 35.172346729339132, 45.396181310099777 ], [ 35.172792026443823, 45.397925977311139 ], [ 35.170315589843639, 45.398239682870461 ], [ 35.168729543558044, 45.402042734875174 ], [ 35.163776181002781, 45.402669961736677 ], [ 35.162189604435305, 45.406472993608517 ], [ 35.157235711695463, 45.407099984084503 ], [ 35.157680712958225, 45.408844764344252 ], [ 35.148216909048749, 45.411843048625322 ], [ 35.149106543894057, 45.415332741092186 ], [ 35.154506355593938, 45.416450817798335 ], [ 35.155396520806043, 45.41994041074895 ], [ 35.157874069141066, 45.419626912902224 ], [ 35.158764540393399, 45.423116452123324 ], [ 35.161242190868329, 45.422802864258422 ], [ 35.162132968235518, 45.426292349731796 ], [ 35.164610720850163, 45.425978671834777 ], [ 35.165501804406851, 45.429468103542256 ], [ 35.16797965916102, 45.429154335599236 ], [ 35.168871048981856, 45.432643713522602 ], [ 35.171349005875356, 45.432329855519633 ], [ 35.172686611390432, 45.437563835764422 ], [ 35.17516474192302, 45.437249868693982 ], [ 35.177395259226003, 45.445972994942409 ], [ 35.179873706462558, 45.445658880775866 ], [ 35.183891857735702, 45.461360087333212 ], [ 35.18637090803513, 45.461045749961201 ], [ 35.187264423838506, 45.464534825318886 ], [ 35.184785230372718, 45.464849200724743 ], [ 35.188807434326669, 45.48055001455333 ], [ 35.186327555335836, 45.480864508999431 ], [ 35.188319210669555, 45.49862430329118 ], [ 35.185838532871543, 45.498938883644541 ], [ 35.187180589870771, 45.504172468890644 ], [ 35.184699655875171, 45.504487054127857 ], [ 35.185594422157592, 45.507976129157797 ], [ 35.183113303647339, 45.508290700238035 ], [ 35.184008090510488, 45.511779797439416 ], [ 35.181526787449521, 45.512094354353103 ], [ 35.182421594872878, 45.515583473725705 ], [ 35.179940107225072, 45.515898016463176 ], [ 35.179248111399374, 45.52319085027294 ], [ 35.174731698651044, 45.525564440681975 ], [ 35.17562650603449, 45.529053656678443 ], [ 35.17314435152921, 45.529368123589229 ], [ 35.173591744927315, 45.531112744657264 ], [ 35.171109477532653, 45.531427178320563 ], [ 35.171556840107549, 45.533171814442447 ], [ 35.169074459814404, 45.533486214851152 ], [ 35.169521791554111, 45.535230866025756 ], [ 35.167039298353394, 45.535545233172762 ], [ 35.167486599245933, 45.537289899398985 ], [ 35.165003993128558, 45.537604233277172 ], [ 35.16545126316197, 45.539348914553912 ], [ 35.162968544118833, 45.539663215156146 ], [ 35.16341578328111, 45.54140791148226 ], [ 35.160932951303117, 45.541722178801457 ], [ 35.161380159582308, 45.543466890175871 ], [ 35.158897214660364, 45.543781124204877 ], [ 35.15934439204446, 45.545525850626447 ], [ 35.156861334169477, 45.545840051358155 ], [ 35.155272425367315, 45.549643716765658 ], [ 35.150305816731247, 45.550271932674015 ], [ 35.148716373302896, 45.554075577305355 ], [ 35.143749230703271, 45.554703555244444 ], [ 35.14419610946338, 45.556448394883873 ], [ 35.139228658859054, 45.557076201456184 ], [ 35.139675434629304, 45.558821075125522 ], [ 35.130186282147818, 45.561821081700877 ], [ 35.131526114144961, 45.567055894957448 ], [ 35.134010384060161, 45.566742132323817 ], [ 35.138032742977202, 45.582446187582114 ], [ 35.140517620515389, 45.582132201631239 ], [ 35.140964826536148, 45.583877057868506 ], [ 35.138479876898487, 45.584191062819414 ], [ 35.1425059298628, 45.599894761713529 ], [ 35.140020289970956, 45.60020888529148 ], [ 35.14225806305776, 45.608933118802696 ], [ 35.139772021179688, 45.609247284992627 ], [ 35.141114961641428, 45.614481834565034 ], [ 35.138628662035963, 45.614796005339109 ], [ 35.139524016784193, 45.618285723255646 ], [ 35.137037531613885, 45.618599879593127 ], [ 35.137932906343238, 45.622089619675045 ], [ 35.135446235571699, 45.622403761566268 ], [ 35.136341630261384, 45.625893523813339 ], [ 35.133854773852278, 45.626207651248642 ], [ 35.133158580946272, 45.633501355207088 ], [ 35.128631718587535, 45.635874435056671 ], [ 35.129527110654891, 45.639364293886118 ], [ 35.12703958366366, 45.639678344395506 ], [ 35.127487269058044, 45.64142328687268 ], [ 35.124999628606467, 45.64173730387482 ], [ 35.12544728278683, 45.643482261394247 ], [ 35.122959528865771, 45.643796244881962 ], [ 35.123407151820018, 45.645541217442485 ], [ 35.120919284420317, 45.645855167408648 ], [ 35.121366876136385, 45.647600155009179 ], [ 35.118878895248919, 45.64791407144665 ], [ 35.119326455714699, 45.64965907408601 ], [ 35.116838361330316, 45.649972956987639 ], [ 35.117285890533751, 45.65171797466477 ], [ 35.114797682643307, 45.652031824023396 ], [ 35.115245180572288, 45.653776856737146 ], [ 35.112756859166645, 45.654090672545642 ], [ 35.113204325809093, 45.655835720294903 ], [ 35.110715890879092, 45.656149502546107 ], [ 35.109122181792536, 45.659953391833412 ], [ 35.104144816671088, 45.660580769500797 ], [ 35.102550569195259, 45.664384637164602 ], [ 35.097572667644961, 45.665011775342577 ], [ 35.098019832741002, 45.666756936210597 ], [ 35.093041621863676, 45.667383902021726 ], [ 35.0934886830957, 45.66912909688758 ], [ 35.088510162891104, 45.66975589029159 ], [ 35.088957120221195, 45.671501119147479 ], [ 35.083978290689075, 45.672127740104102 ], [ 35.084425144079269, 45.67387300294228 ], [ 35.079446005219445, 45.674499451411229 ], [ 35.079892754631793, 45.676244748223887 ], [ 35.07242352076257, 45.67718408321177 ], [ 35.072870093610092, 45.678929432941636 ], [ 35.060420186755742, 45.680494033553401 ], [ 35.060866437814234, 45.68223947405653 ], [ 35.038453368032819, 45.685052609342044 ], [ 35.038899006659051, 45.686798216217127 ], [ 35.036408387989241, 45.687110542455599 ], [ 35.03685399495879, 45.688856164314728 ], [ 35.034363262675733, 45.689168456796494 ], [ 35.034808837976435, 45.690914093638519 ], [ 35.032317992071022, 45.691226352356445 ], [ 35.030718088080363, 45.695029895931626 ], [ 35.02573590075842, 45.695654225584803 ], [ 35.02413545631439, 45.69945774662083 ], [ 35.01915273245659, 45.700081835715551 ], [ 35.019598003817826, 45.701827585242469 ], [ 35.014614970722185, 45.702451501314513 ], [ 35.015060137596386, 45.704197284701173 ], [ 35.01007679526289, 45.704821027710217 ], [ 35.010521857612027, 45.706566844948824 ], [ 35.005538206040725, 45.707190414854544 ], [ 35.005983163826734, 45.708936265937254 ], [ 35.000999203017692, 45.709559662699384 ], [ 35.001444056202516, 45.711305547618366 ], [ 34.993967589758967, 45.712240303880129 ], [ 34.994412265515223, 45.713986241492584 ], [ 34.984442779711024, 45.715231920232142 ], [ 34.984887205151963, 45.716977929371765 ], [ 34.974916773844853, 45.71822283945869 ], [ 34.975360948853293, 45.719968920086309 ], [ 34.972868165999152, 45.720280034542299 ], [ 34.971263523501264, 45.724083321147297 ], [ 34.966277462033538, 45.724705361537836 ], [ 34.964672277444961, 45.728508624899426 ], [ 34.959685679297138, 45.729130423896024 ], [ 34.960129548505591, 45.730876616882334 ], [ 34.955142641151795, 45.731498242341928 ], [ 34.955586405385873, 45.733244469084219 ], [ 34.950599188826288, 45.733865920966466 ], [ 34.951042848047855, 45.735612181456901 ], [ 34.94605532228276, 45.736233459721497 ], [ 34.946498876453695, 45.737979753952217 ], [ 34.941511041483309, 45.738600858558833 ], [ 34.941954490565479, 45.740347186521937 ], [ 34.934472213085101, 45.741278503634071 ], [ 34.934915484059225, 45.743024884122583 ], [ 34.922443840632482, 45.744576116504454 ], [ 34.92288678740988, 45.746322587074793 ], [ 34.912908446554873, 45.747562696788862 ], [ 34.913793878214967, 45.751055776545037 ], [ 34.911299045008597, 45.751365709367775 ], [ 34.911741748934837, 45.753112262210117 ], [ 34.909246801912445, 45.753422160933368 ], [ 34.909689473541697, 45.755168728675713 ], [ 34.907194412694167, 45.755478593292253 ], [ 34.907637052014145, 45.757225175933499 ], [ 34.905141877332383, 45.757535006436129 ], [ 34.905584484330824, 45.759281603975076 ], [ 34.903089195805734, 45.759591400356619 ], [ 34.903531770470373, 45.761338012792145 ], [ 34.901036368092839, 45.761647775045383 ], [ 34.901478910411406, 45.763394402376335 ], [ 34.898983394172326, 45.763704130494084 ], [ 34.899425904132556, 45.765450772719284 ], [ 34.896930274022807, 45.765760466694367 ], [ 34.897372751612423, 45.767507123812663 ], [ 34.894877007622931, 45.767816783637848 ], [ 34.895319452829632, 45.769563455648111 ], [ 34.892823594951295, 45.76987308131622 ], [ 34.893266007762811, 45.771619768217271 ], [ 34.890770035986513, 45.771929359721121 ], [ 34.88915867869148, 45.775732335523365 ], [ 34.884166238751128, 45.776351328894862 ], [ 34.882554336768067, 45.780154280438765 ], [ 34.877561359641575, 45.780773031146389 ], [ 34.878003463877484, 45.782519829973516 ], [ 34.873010177414272, 45.783138406353984 ], [ 34.873452175934645, 45.784885238799554 ], [ 34.868458580135226, 45.785503640812514 ], [ 34.868900472901771, 45.787250506868588 ], [ 34.863906567766648, 45.787868734473641 ], [ 34.864348354741125, 45.789615634132339 ], [ 34.859354140270817, 45.790233687289117 ], [ 34.859795821414934, 45.791980620542489 ], [ 34.852303974673944, 45.792907359061743 ], [ 34.852745476658626, 45.79465434461769 ], [ 34.872723506765304, 45.792181832425236 ], [ 34.872281418581693, 45.790434996679728 ], [ 34.874778415849406, 45.79012571297848 ], [ 34.875220577287394, 45.791872529984175 ], [ 34.897692377912016, 45.789086424472863 ], [ 34.898135239230584, 45.790833068813953 ], [ 34.910618511361591, 45.78928328507557 ], [ 34.911061779540795, 45.791029831654654 ], [ 34.918551472472323, 45.790099269692355 ], [ 34.918995001087154, 45.79184575602018 ], [ 34.923988071823089, 45.791225079076327 ], [ 34.924431787686146, 45.792971523923086 ], [ 34.929424841307792, 45.792350597613407 ], [ 34.929868744429953, 45.794097000962175 ], [ 34.934861780863905, 45.793475825279089 ], [ 34.935305871256006, 45.795222187112934 ], [ 34.945736169940091, 45.795725407898345 ], [ 34.94912172668424, 45.798907007218062 ], [ 34.954114775559603, 45.798284939829799 ], [ 34.954559541965644, 45.800031154278869 ], [ 34.957056078131252, 45.79972002234323 ], [ 34.957500958688577, 45.801466214048105 ], [ 34.959997527053027, 45.801155010332778 ], [ 34.960442521773921, 45.802901179287794 ], [ 34.962939122328052, 45.80258990378794 ], [ 34.963384231224786, 45.804336049987441 ], [ 34.965880863959427, 45.804024702698314 ], [ 34.966326087044287, 45.805770826136609 ], [ 34.968822751950277, 45.805459407053412 ], [ 34.969268089235527, 45.807205507724838 ], [ 34.971764786303702, 45.806894016842783 ], [ 34.972210237801626, 45.808640094741641 ], [ 34.974706967022819, 45.808328532055967 ], [ 34.975152532745689, 45.810074587176622 ], [ 34.977649294110712, 45.809762952682512 ], [ 34.978094974070807, 45.811508985019266 ], [ 34.983534387405257, 45.812631510133826 ], [ 34.984426245426086, 45.816123479723267 ], [ 34.989866203243828, 45.817245630257418 ], [ 34.990758600610583, 45.820737500793278 ], [ 34.993255668961311, 45.820425469394614 ], [ 34.99414837719182, 45.823917286461906 ], [ 34.996645550847227, 45.823605164316668 ], [ 34.997538570018193, 45.827096927897024 ], [ 35.000035848978307, 45.826784714991028 ], [ 35.000929179166427, 45.830276425066067 ], [ 35.003426563431262, 45.829964121385139 ], [ 35.004320204713252, 45.833455777936422 ], [ 35.006817694282816, 45.833143383466393 ], [ 35.008158684737587, 45.838380782088095 ], [ 35.010656352861595, 45.838068277891338 ], [ 35.012892527156133, 45.846797102383242 ], [ 35.01539052040151, 45.846484450570891 ], [ 35.019418891090176, 45.862195916479195 ], [ 35.021917502827357, 45.861883041220587 ], [ 35.0223653791762, 45.863628721030615 ], [ 35.019866694106391, 45.863941615235696 ], [ 35.023898779025565, 45.879652726825732 ], [ 35.021399392372146, 45.879965738564351 ], [ 35.023640518237734, 45.888694090768489 ], [ 35.021140723198826, 45.889007144239507 ], [ 35.022485674321359, 45.894244165140307 ], [ 35.019985617623632, 45.894557222422698 ], [ 35.020882311466032, 45.898048587898359 ], [ 35.018382066506646, 45.898361630024731 ], [ 35.019278778758121, 45.901853017649842 ], [ 35.0167783455001, 45.902166044610418 ], [ 35.017675076139135, 45.90565745438478 ], [ 35.015174454545438, 45.905970466169741 ], [ 35.01607120355051, 45.909461898093156 ], [ 35.013570393584132, 45.909774894692724 ], [ 35.014467160933698, 45.913266348764942 ], [ 35.011966162557599, 45.913579330169306 ], [ 35.012862948230108, 45.917070806390178 ], [ 35.01036176140726, 45.917383772589517 ], [ 35.009654012328213, 45.924679742460853 ], [ 35.005099169294517, 45.927051353097895 ], [ 35.005995945319427, 45.930542925787606 ], [ 35.003494077959793, 45.930855812119127 ], [ 35.002785628639856, 45.938151895017469 ], [ 34.998229418971306, 45.940523393961691 ], [ 34.999126184962797, 45.944015063111202 ], [ 34.996623636602848, 45.944327869424768 ], [ 34.997072007971497, 45.946073717040292 ], [ 34.994569344558535, 45.946386489118183 ], [ 34.99501768360409, 45.948132351741521 ], [ 34.992514905128814, 45.948445089576481 ], [ 34.992963211838898, 45.950190967206474 ], [ 34.990460318292037, 45.950503670791271 ], [ 34.990908592654264, 45.952249563426768 ], [ 34.988405584026545, 45.952562232754204 ], [ 34.988853826028539, 45.954308140394076 ], [ 34.986350702310666, 45.954620775456874 ], [ 34.986798911940063, 45.956366698099984 ], [ 34.984295673122766, 45.956679298890926 ], [ 34.984743850367181, 45.958425236536144 ], [ 34.982240496441165, 45.958737803047967 ], [ 34.982688641288192, 45.960483755694135 ], [ 34.980185172244205, 45.960796287919642 ], [ 34.978577780525306, 45.964600736142202 ], [ 34.973570340559462, 45.965225610172375 ], [ 34.974018314344391, 45.966971626738555 ], [ 34.971514458542089, 45.967284002824179 ], [ 34.971962399869234, 45.969030034384872 ], [ 34.969458428913384, 45.969342376149847 ], [ 34.969906337770325, 45.971088422703907 ], [ 34.967402251651635, 45.971400730140971 ], [ 34.967850128025987, 45.973146791687292 ], [ 34.965345926735161, 45.973459064789196 ], [ 34.963737265514254, 45.977263471613441 ], [ 34.958728360853804, 45.977887827166562 ], [ 34.959176065840609, 45.979633952592444 ], [ 34.956671477644662, 45.97994606937344 ], [ 34.95756686386364, 45.983438346275449 ], [ 34.960071599818122, 45.983126191677584 ], [ 34.964103549700418, 45.998841073328514 ], [ 34.966608909491555, 45.998528695192903 ], [ 34.968402258800928, 46.005512909262038 ], [ 34.965896603213125, 46.005825363098396 ], [ 34.969933396133136, 46.021539785233379 ], [ 34.967427033194461, 46.02185235611897 ], [ 34.96967077608533, 46.03058254772364 ], [ 34.967164001496002, 46.030895159935511 ], [ 34.968510522532256, 46.036133284523174 ], [ 34.96600348427139, 46.03644590017938 ], [ 34.966901224126872, 46.039938001451048 ], [ 34.964393996218249, 46.040250601603617 ], [ 34.965740694734301, 46.045488780830809 ], [ 34.963233203021844, 46.045801384406928 ], [ 34.964131061170555, 46.049293522105401 ], [ 34.966638701139118, 46.048980880651769 ], [ 34.966189677194187, 46.047234832707936 ], [ 34.96869720154654, 46.046922156797486 ], [ 34.970306464508916, 46.043117395574562 ], [ 34.975321009310321, 46.042491852586892 ], [ 34.976929720972969, 46.038687067047391 ], [ 34.981943720435744, 46.038061279602701 ], [ 34.981494385299875, 46.036315344616071 ], [ 34.986508070602014, 46.035689381619889 ], [ 34.986058628863169, 46.033943480610198 ], [ 34.99107200000465, 46.033317342103295 ], [ 34.990622451701746, 46.031571475078451 ], [ 34.995635508682582, 46.030945161101656 ], [ 34.995185853854494, 46.029199328069524 ], [ 35.000198596674714, 46.028572838663635 ], [ 34.999748835360336, 46.026827039632124 ], [ 35.004761264019976, 46.026200374837885 ], [ 35.004311396258181, 46.024454609814903 ], [ 35.01182950567506, 46.023514269619604 ], [ 35.011379457535341, 46.02176855760009 ], [ 35.023908438781014, 46.020200352581419 ], [ 35.023458062453763, 46.018454731584946 ], [ 35.046006942807722, 46.015628775760163 ], [ 35.045555942873051, 46.013883321940739 ], [ 35.048061092017555, 46.013569079450619 ], [ 35.048512165839071, 46.015314514240089 ], [ 35.071057298282035, 46.012483763380175 ], [ 35.071509078576888, 46.014229022785734 ], [ 35.08403306204805, 46.012654424026223 ], [ 35.084485253265207, 46.014399584110592 ], [ 35.091999364014598, 46.013454128634123 ], [ 35.092451818465896, 46.015199227488324 ], [ 35.097461164473827, 46.014568619442308 ], [ 35.097913808340998, 46.016313676126678 ], [ 35.102923134866856, 46.015682816924894 ], [ 35.10337596816057, 46.017427831422353 ], [ 35.108385275129699, 46.016796721057474 ], [ 35.108838297860608, 46.018541693350961 ], [ 35.119310065008754, 46.019023649175232 ], [ 35.122721628800093, 46.022197496384585 ], [ 35.127730940538314, 46.021565487762153 ], [ 35.128184647321213, 46.023310310203804 ], [ 35.130689314184991, 46.022994206907718 ], [ 35.131143136656682, 46.024739006206104 ], [ 35.133647835439916, 46.024422830537858 ], [ 35.134101773612741, 46.026167606687267 ], [ 35.136606504306016, 46.025851358642093 ], [ 35.137060558192381, 46.02759611163674 ], [ 35.139565320786261, 46.027279791209864 ], [ 35.140019490398522, 46.029024521044036 ], [ 35.142524284883613, 46.028708128230654 ], [ 35.142978570234142, 46.03045283489859 ], [ 35.145483396601016, 46.030136369693956 ], [ 35.14593779770216, 46.031881053189885 ], [ 35.14844265594143, 46.031564515589224 ], [ 35.148897172805562, 46.033309175907441 ], [ 35.151402062907778, 46.03299256590595 ], [ 35.151856695547274, 46.034737203040685 ], [ 35.15732131973008, 46.035848379761667 ], [ 35.158231090172862, 46.039337557239492 ], [ 35.163696262956037, 46.040448355520219 ], [ 35.164606580719763, 46.043937432127251 ], [ 35.167111777655983, 46.043620421677204 ], [ 35.168022411182655, 46.047109443797801 ], [ 35.170527713769218, 46.046792341717627 ], [ 35.171438663136627, 46.050281309333066 ], [ 35.173944071373221, 46.049964115608489 ], [ 35.174855336659142, 46.053453028700027 ], [ 35.177360850545426, 46.053135743316808 ], [ 35.1782724318277, 46.056624601865686 ], [ 35.180778051363312, 46.056307224809544 ], [ 35.18214596054198, 46.061540424735028 ], [ 35.184651759604378, 46.061222936776907 ], [ 35.186932819826232, 46.069944759800258 ], [ 35.189438946238347, 46.069627122467963 ], [ 35.193548174774953, 46.085325976220922 ], [ 35.19605492442075, 46.085008112516292 ], [ 35.196968698115363, 46.088496663709684 ], [ 35.194461800541013, 46.088814565892008 ], [ 35.198575205463996, 46.104513019036602 ], [ 35.196067599671366, 46.104831041085859 ], [ 35.198353932335856, 46.113552358435996 ], [ 35.195845914060065, 46.113870423379453 ], [ 35.197217998401435, 46.119103222926931 ], [ 35.194709715638709, 46.119421292257314 ], [ 35.195624501626384, 46.122909843533726 ], [ 35.193116028408951, 46.123227897990347 ], [ 35.194030835218044, 46.126716471562638 ], [ 35.19152217150824, 46.127034511135733 ], [ 35.192436999117639, 46.130523107003761 ], [ 35.189928144877825, 46.130841131683525 ], [ 35.189248817605431, 46.138136400082949 ], [ 35.184687654131551, 46.14051668904375 ], [ 35.185602480181075, 46.144005382191786 ], [ 35.183092937651743, 46.144323327954936 ], [ 35.183550339882586, 46.146067687700523 ], [ 35.181040680870289, 46.14638559927846 ], [ 35.181498051158599, 46.148129974219003 ], [ 35.178988275653793, 46.148447851604452 ], [ 35.179445613987127, 46.150192241738857 ], [ 35.176935721980307, 46.150510084924534 ], [ 35.177393028346209, 46.152254490251664 ], [ 35.17488301982786, 46.152572299230336 ], [ 35.175340294213889, 46.15431671974909 ], [ 35.172830169174475, 46.154634494513466 ], [ 35.173287411568182, 46.156378930222729 ], [ 35.170777169998196, 46.156696670765541 ], [ 35.171234380387126, 46.158441121664218 ], [ 35.16872402227704, 46.15875882797819 ], [ 35.169181200648751, 46.160503294065151 ], [ 35.166670725989043, 46.160820966143042 ], [ 35.167127872331079, 46.16256544741718 ], [ 35.164617281112221, 46.162883085251678 ], [ 35.163020769869881, 46.166689696940907 ], [ 35.157999078883591, 46.16732478210541 ], [ 35.156402015276967, 46.171131370956587 ], [ 35.151379773426157, 46.171766212036097 ], [ 35.151836610718355, 46.173510807663355 ], [ 35.146814051176342, 46.174145473152613 ], [ 35.147270781966654, 46.175890103167234 ], [ 35.142247904732763, 46.176524593025192 ], [ 35.142704528981973, 46.178269257419338 ], [ 35.137681334055557, 46.178903571604934 ], [ 35.138137851724416, 46.180648270370746 ], [ 35.133114339104857, 46.181282408842897 ], [ 35.133570750154114, 46.183027141972559 ], [ 35.126034941379835, 46.183978005736925 ], [ 35.126491171327004, 46.185722792410637 ], [ 35.113930273941584, 46.187306590322677 ], [ 35.114386173769361, 46.189051468871021 ], [ 35.091773231940756, 46.191899103086328 ], [ 35.092683817004094, 46.195389193013547 ], [ 35.095196683696443, 46.195072965219573 ], [ 35.095652113949555, 46.196817985016416 ], [ 35.098165013039711, 46.196501684481156 ], [ 35.099076149040627, 46.199991673726153 ], [ 35.104557899224801, 46.201103785531558 ], [ 35.105469586361096, 46.204593674034491 ], [ 35.107982731675513, 46.204277116911001 ], [ 35.108894736643116, 46.207766951000643 ], [ 35.111407988875129, 46.20745030193455 ], [ 35.112320311752669, 46.210940081592106 ], [ 35.11483367090203, 46.210623340569022 ], [ 35.115746311768191, 46.214113065775649 ], [ 35.118259777834616, 46.213796232781228 ], [ 35.119172736768078, 46.217285903518125 ], [ 35.121686309751304, 46.216968978538013 ], [ 35.12305628875594, 46.222203396868032 ], [ 35.125570043247819, 46.221886360691556 ], [ 35.126940626436287, 46.227120685166071 ], [ 35.129454562458314, 46.226803537766976 ], [ 35.130368645226582, 46.230293028851662 ], [ 35.135853942894435, 46.231403197417187 ], [ 35.136768577984078, 46.234892587450105 ], [ 35.139282760170012, 46.23457518310812 ], [ 35.140197713831064, 46.238064518554147 ], [ 35.142712002939732, 46.237747022134862 ], [ 35.143627275250999, 46.241236302975139 ], [ 35.146141671282066, 46.240918714464158 ], [ 35.147057262322363, 46.244407940679828 ], [ 35.149571765275489, 46.244090260062777 ], [ 35.150487675123657, 46.247579431634932 ], [ 35.1530022849985, 46.24726165889745 ], [ 35.153918513733409, 46.250750775807212 ], [ 35.156433230529629, 46.250432910934904 ], [ 35.157808115710367, 46.255666498204107 ], [ 35.160323014103525, 46.255348521931445 ], [ 35.162615711470032, 46.264070990108728 ], [ 35.165130940880182, 46.263752863890595 ], [ 35.169261143915087, 46.279452877844044 ], [ 35.174292820419751, 46.278816117532841 ], [ 35.173374401109292, 46.275327331036443 ], [ 35.175890026104021, 46.275008908899416 ], [ 35.176568682271359, 46.267712965591713 ], [ 35.181139847274849, 46.265331668710694 ], [ 35.18022142540071, 46.261842979599507 ], [ 35.182736357438891, 46.261524477743201 ], [ 35.182277135586105, 46.259780146376819 ], [ 35.184791950453437, 46.25946161015181 ], [ 35.184332696444798, 46.257717294006582 ], [ 35.186847394150888, 46.257398723420209 ], [ 35.186388107998923, 46.255654422497216 ], [ 35.188902688553348, 46.255335817556727 ], [ 35.188443370270598, 46.253591531857097 ], [ 35.190957833682972, 46.253272892569825 ], [ 35.190498483281957, 46.251528622094646 ], [ 35.193012829561887, 46.251209948467846 ], [ 35.192553447055104, 46.249465693218262 ], [ 35.195067676212176, 46.249146985259259 ], [ 35.194608261612167, 46.247402745236336 ], [ 35.197122373655979, 46.247084002952398 ], [ 35.196662926975243, 46.24533977815728 ], [ 35.199176921915402, 46.245021001555699 ], [ 35.200771810207925, 46.241213786741355 ], [ 35.205799289209878, 46.240576042712966 ], [ 35.207393623551532, 46.236768805238469 ], [ 35.212420549215594, 46.236130816879708 ], [ 35.211960793260843, 46.234386706855986 ], [ 35.216987399739082, 46.233748542794139 ], [ 35.216527537289977, 46.23200446732281 ], [ 35.221553824583324, 46.231366127599081 ], [ 35.221093855679221, 46.229622086687961 ], [ 35.226119823788622, 46.22898357134352 ], [ 35.225659748468928, 46.227239565000438 ], [ 35.23068539739532, 46.226600874076453 ], [ 35.230225215699384, 46.224856902309213 ], [ 35.237763146456267, 46.223898522299343 ], [ 35.237302783980894, 46.22215460445247 ], [ 35.247352464432304, 46.220876092253789 ], [ 35.246891846836171, 46.219132247695477 ], [ 35.259452616805397, 46.217532999862343 ], [ 35.258991669823558, 46.215789247993378 ], [ 35.281597700422502, 46.212907405159378 ], [ 35.281136126854207, 46.211163823575589 ], [ 35.283647620386745, 46.210843370732995 ], [ 35.284109268287608, 46.212586932926293 ], [ 35.306711457487523, 46.209700276257422 ], [ 35.3071738169062, 46.211443659684917 ], [ 35.319729464434218, 46.209837993044623 ], [ 35.320192238035091, 46.211581275210889 ], [ 35.327725336079467, 46.210617175426691 ], [ 35.328188375284746, 46.212360395143634 ], [ 35.333210375179142, 46.211717355798228 ], [ 35.33367360572646, 46.213460532486693 ], [ 35.338695582866727, 46.212817240432983 ], [ 35.339159004766422, 46.214560374075717 ], [ 35.344180959076724, 46.213916829306783 ], [ 35.344644572339142, 46.215659919886612 ], [ 35.355152216801869, 46.216115119675216 ], [ 35.358591290116259, 46.219278980096789 ], [ 35.363613238171922, 46.218634531280088 ], [ 35.364077542743409, 46.220377468931865 ], [ 35.366588526646851, 46.220055144867025 ], [ 35.36705294838962, 46.221798058876843 ], [ 35.369563963613452, 46.221475661871843 ], [ 35.37002850253991, 46.223218552233881 ], [ 35.372539549074446, 46.222896082283995 ], [ 35.373004205197006, 46.224638948992435 ], [ 35.37551528303257, 46.224316406092925 ], [ 35.37598005636363, 46.226059249141947 ], [ 35.378491165490537, 46.225736633288065 ], [ 35.378956056042512, 46.227479452671822 ], [ 35.381467196451091, 46.227156763858815 ], [ 35.381932204236371, 46.228899559571502 ], [ 35.384443375916931, 46.228576797794609 ], [ 35.38490850094793, 46.230319569830421 ], [ 35.387419703890771, 46.229996735084924 ], [ 35.387884946179888, 46.231739483438048 ], [ 35.390396180375333, 46.231416575719145 ], [ 35.390861539934974, 46.233159300383718 ], [ 35.396349578887452, 46.234255966977095 ], [ 35.397280810204698, 46.237741317354015 ], [ 35.402769400240686, 46.238837601336108 ], [ 35.40370118696773, 46.242322848540816 ], [ 35.406212725824886, 46.24199953678027 ], [ 35.407144833413945, 46.245484728207266 ], [ 35.409656477750929, 46.245161323878726 ], [ 35.410588906280736, 46.24864645950894 ], [ 35.413100656096724, 46.248322962598081 ], [ 35.414033405646094, 46.251808042412428 ], [ 35.416545260940254, 46.251484452904911 ], [ 35.417478331587937, 46.25496947688427 ], [ 35.419990292359444, 46.254645794765814 ], [ 35.421390444823551, 46.259873240687284 ], [ 35.423902585390685, 46.259549446363081 ], [ 35.426237407739258, 46.268261674741751 ], [ 35.428749876806819, 46.267937729007784 ], [ 35.432955947692633, 46.283619300249725 ], [ 35.435469042908771, 46.283295124643118 ], [ 35.435936674647607, 46.285037480915022 ], [ 35.433423505028991, 46.285361676125994 ], [ 35.434826436517, 46.290588778629093 ], [ 35.437339829380392, 46.290264524597852 ], [ 35.437807634146338, 46.292006864112999 ], [ 35.440321058168095, 46.291682536946027 ], [ 35.440788980631694, 46.293424852657509 ], [ 35.44330243580206, 46.293100452350039 ], [ 35.443770475975754, 46.294842744252037 ], [ 35.446283962284944, 46.29451827079933 ], [ 35.446752120181145, 46.296260538885974 ], [ 35.449265637619391, 46.295935992283304 ], [ 35.44973391325054, 46.297678236548776 ], [ 35.455229434853642, 46.298771144312965 ], [ 35.456166500465777, 46.302255533323908 ], [ 35.461662574221087, 46.303348057276601 ], [ 35.462600197689582, 46.306832342510241 ], [ 35.465114019511269, 46.306507390791495 ], [ 35.466051965359647, 46.309991619907763 ], [ 35.468565892707367, 46.309666575348672 ], [ 35.469504161014733, 46.313150748328354 ], [ 35.472018193887536, 46.312825610914565 ], [ 35.472956784732958, 46.316309727738471 ], [ 35.475470923129876, 46.315984497455645 ], [ 35.476409836592495, 46.319468558104575 ], [ 35.478924080512591, 46.319143234938359 ], [ 35.479863316671498, 46.322627239393086 ], [ 35.482377666113791, 46.322301823329163 ], [ 35.483787069708363, 46.32752773936587 ], [ 35.486301599168755, 46.327202210708165 ], [ 35.487711617508367, 46.332428029735425 ], [ 35.490226327007093, 46.332102388457585 ], [ 35.492577600075229, 46.340811903970518 ], [ 35.495092638699916, 46.340486110652684 ], [ 35.499328343525455, 46.356162795128618 ], [ 35.50184400969021, 46.355836770875868 ], [ 35.502785905775966, 46.359320392606456 ], [ 35.500270090416862, 46.35964645628512 ], [ 35.503096377184029, 46.370097338227716 ], [ 35.510645035603147, 46.369118631395104 ], [ 35.511116459921425, 46.370860371066492 ], [ 35.523697057722046, 46.369228021929764 ], [ 35.524168898801321, 46.370969658673637 ], [ 35.531716957369369, 46.369989546575525 ], [ 35.53218906595427, 46.371731119822137 ], [ 35.5372210357665, 46.371077404196264 ], [ 35.537693337256471, 46.372818933675518 ], [ 35.542725281436887, 46.372164964094424 ], [ 35.543197775841989, 46.373906449789033 ], [ 35.548229694313783, 46.373252226246137 ], [ 35.548702381644048, 46.374993668138814 ], [ 35.55373427433036, 46.374339190627545 ], [ 35.554207154595858, 46.376080588700979 ], [ 35.564743935515374, 46.376512225984008 ], [ 35.568206515567809, 46.379667229754297 ], [ 35.57323839198002, 46.379011843495384 ], [ 35.573711969509056, 46.380753085931033 ], [ 35.576227916563873, 46.380425292596534 ], [ 35.576701612503044, 46.382166510950029 ], [ 35.579217590304218, 46.38183864420423 ], [ 35.579691404665937, 46.383579838469693 ], [ 35.582207413203584, 46.38325189830784 ], [ 35.582681346000278, 46.384993068479382 ], [ 35.585197385264451, 46.384665054896779 ], [ 35.585671436508548, 46.386406200968537 ], [ 35.588187506489383, 46.386078113960458 ], [ 35.58866167619329, 46.387819235926528 ], [ 35.591177776880855, 46.387491075488249 ], [ 35.59464260310223, 46.390645013206651 ], [ 35.599674883334011, 46.389988344982491 ], [ 35.603140350162342, 46.393141946028678 ], [ 35.608172665187453, 46.392484876820077 ], [ 35.608647576552222, 46.39422583845797 ], [ 35.611163742729914, 46.393897203600361 ], [ 35.611638772631551, 46.395638141088853 ], [ 35.614154969434068, 46.395309432771725 ], [ 35.614630117884978, 46.397050346104919 ], [ 35.617146345302359, 46.396721564323556 ], [ 35.617621612314991, 46.398462453495576 ], [ 35.620137870337309, 46.398133598245259 ], [ 35.620613255924077, 46.399874463250235 ], [ 35.623129544541406, 46.399545534526233 ], [ 35.623605048714708, 46.401286375358254 ], [ 35.626121367917087, 46.40095737315589 ], [ 35.626596990689343, 46.402698189809058 ], [ 35.629113340466837, 46.40236911412358 ], [ 35.629589081850476, 46.404109906592033 ], [ 35.632105462193138, 46.403780757418758 ], [ 35.632581322200572, 46.405521525696578 ], [ 35.635097733098434, 46.40519230303078 ], [ 35.635573711742104, 46.406933047112112 ], [ 35.638090153185203, 46.406603750949081 ], [ 35.638566250477496, 46.408344470828006 ], [ 35.641082722455906, 46.408015101163016 ], [ 35.64155893840924, 46.40975579683365 ], [ 35.6470683085589, 46.410837508435449 ], [ 35.648021259280114, 46.414318798598508 ], [ 35.653531182148726, 46.415400123541829 ], [ 35.654484695951759, 46.418881308159243 ], [ 35.659518199260233, 46.418221700358792 ], [ 35.659995171581222, 46.419962246339495 ], [ 35.665028647536928, 46.419302384245803 ], [ 35.668499844034578, 46.422453332174264 ], [ 35.673533353420318, 46.421793068682419 ], [ 35.674010831272973, 46.42353350199717 ], [ 35.67652759429, 46.423203269894529 ], [ 35.677005190941465, 46.424943678931918 ], [ 35.679521984362893, 46.424613373270354 ], [ 35.679999699825586, 46.426353758024476 ], [ 35.682516523641411, 46.426023378799293 ], [ 35.682994357927733, 46.427763739264243 ], [ 35.685511212127942, 46.42743328647073 ], [ 35.685989165250319, 46.429173622640626 ], [ 35.688506049824937, 46.428843096274058 ], [ 35.688984121795741, 46.430583408142986 ], [ 35.69150103673477, 46.430252808198681 ], [ 35.691979227566449, 46.43199309576076 ], [ 35.694496172859864, 46.431662422234005 ], [ 35.694974482564788, 46.433402685483294 ], [ 35.697491458202592, 46.433071938369423 ], [ 35.69796988679321, 46.434812177300024 ], [ 35.700486892765376, 46.43448135659429 ], [ 35.700965440254066, 46.436221571200335 ], [ 35.706478209560686, 46.437299899270123 ], [ 35.707435824519727, 46.440780226805515 ], [ 35.712949146469953, 46.441858167425259 ], [ 35.713907325897083, 46.445338388883187 ], [ 35.716424632642678, 46.445007160130942 ], [ 35.717383138735798, 46.448487324178167 ], [ 35.719900550394406, 46.448156001782991 ], [ 35.720859383233218, 46.451636108399946 ], [ 35.723376899803405, 46.451304692347506 ], [ 35.724336059467653, 46.454784741514715 ], [ 35.726853680947947, 46.454453231790602 ], [ 35.72781316751739, 46.457933223488496 ], [ 35.730330893906306, 46.457601620078421 ], [ 35.731770680878263, 46.462821514855101 ], [ 35.734288586846482, 46.462489797707207 ], [ 35.736689493992351, 46.471189434952308 ], [ 35.739207728949452, 46.470857563948236 ], [ 35.743052090629995, 46.484776596268766 ], [ 35.745570878884401, 46.484444511176065 ], [ 35.74605169909195, 46.48618435050841 ], [ 35.748570517572695, 46.485852191682589 ], [ 35.749051457053092, 46.487592006581323 ], [ 35.751570305750079, 46.487259774017716 ], [ 35.752051364515744, 46.488999564476885 ], [ 35.754570243418904, 46.488667258170778 ], [ 35.755051421482257, 46.490407024184471 ], [ 35.757570330581501, 46.490074644131191 ], [ 35.758051627954977, 46.491814385693452 ], [ 35.760570567240237, 46.491481931888309 ], [ 35.761051983936213, 46.493221648993234 ], [ 35.763570953397391, 46.492889121431503 ], [ 35.764052489428323, 46.494628814073188 ], [ 35.769572174216364, 46.495703205833742 ], [ 35.770535768305251, 46.49918248884606 ], [ 35.776056006551954, 46.500256491982299 ], [ 35.777020167452513, 46.503735668283021 ], [ 35.782540959198535, 46.504809282690125 ], [ 35.783505687110363, 46.508288352217271 ], [ 35.786025091831277, 46.507955247877952 ], [ 35.786507597576794, 46.509694755936543 ], [ 35.789027032396284, 46.509361577790443 ], [ 35.789509657609891, 46.511101061333243 ], [ 35.792029122517846, 46.510767809375693 ], [ 35.792511867211964, 46.512507268396732 ], [ 35.795031362198252, 46.512173942623029 ], [ 35.795514226385308, 46.513913377116396 ], [ 35.798033751439803, 46.513579977521843 ], [ 35.798516735132225, 46.515319387481604 ], [ 35.801036290244809, 46.514985914061533 ], [ 35.801519393454996, 46.516725299481749 ], [ 35.804038978615537, 46.516391752231456 ], [ 35.804522201355915, 46.518131113106172 ], [ 35.807041816554275, 46.517797492020996 ], [ 35.807525158837272, 46.5195368283443 ], [ 35.810044804063324, 46.519203133419531 ], [ 35.810528265901347, 46.520942445185497 ], [ 35.813047941144966, 46.520608676416451 ], [ 35.813531522550427, 46.522347963619133 ], [ 35.816051227801466, 46.522014121001135 ], [ 35.81653492878678, 46.523753383634578 ], [ 35.819054664035086, 46.523419467162945 ], [ 35.819538484612693, 46.525158705221223 ], [ 35.822058249848133, 46.524824714891253 ], [ 35.822542190030426, 46.526563928368411 ], [ 35.828065870221515, 46.527634915004931 ], [ 35.829034273921401, 46.531113239182865 ], [ 35.834558507664902, 46.53218383635047 ], [ 35.835527479714266, 46.535662053277399 ], [ 35.838047544343581, 46.535327653202216 ], [ 35.839016845527425, 46.538805812058023 ], [ 35.841537014900858, 46.538471317890192 ], [ 35.842506645299316, 46.541949418655136 ], [ 35.845026919415197, 46.541614830380311 ], [ 35.845996879108462, 46.545092873034726 ], [ 35.848517257965014, 46.544758190638476 ], [ 35.849487547033284, 46.548236175162607 ], [ 35.852008030628816, 46.547901398630607 ], [ 35.85346402584652, 46.553118281544521 ], [ 35.855984689030493, 46.552783390641466 ], [ 35.858412621379706, 46.561478005725341 ], [ 35.860933613919315, 46.561142959965807 ], [ 35.861419410232592, 46.562881849445766 ], [ 35.876544869452161, 46.560870325177035 ], [ 35.877031160000584, 46.56260908876132 ], [ 35.889634844968839, 46.560931239954087 ], [ 35.890121554813767, 46.562669897789249 ], [ 35.897683449394385, 46.561662483160113 ], [ 35.898170428829538, 46.563401075721288 ], [ 35.903211616029829, 46.562729156880543 ], [ 35.903698790230159, 46.564467704420061 ], [ 35.90873994659048, 46.563795530193808 ], [ 35.909227315565424, 46.56553403269421 ], [ 35.914268441007685, 46.564861603076501 ], [ 35.914756004766716, 46.5666000605204 ], [ 35.925325921137187, 46.566992847456817 ], [ 35.928822486564499, 46.570132986158747 ], [ 35.933863577983708, 46.569459642302121 ], [ 35.934351846171253, 46.57119793967334 ], [ 35.936872398858824, 46.570861166878473 ], [ 35.937360787078298, 46.572599439445064 ], [ 35.939881369339631, 46.572262592626203 ], [ 35.94036987760343, 46.574000840382219 ], [ 35.942890489428315, 46.573663919534695 ], [ 35.943379117748812, 46.575402142474147 ], [ 35.945899759126959, 46.575065147593314 ], [ 35.946388507516552, 46.576803345710225 ], [ 35.948909178437724, 46.576466276791429 ], [ 35.949398046908804, 46.578204450079838 ], [ 35.951918747362747, 46.577867307118403 ], [ 35.952407735927714, 46.579605455572391 ], [ 35.954928465904153, 46.579268238563643 ], [ 35.955417574575392, 46.581006362177227 ], [ 35.957938334064082, 46.580669071116553 ], [ 35.958427562853977, 46.58240716988373 ], [ 35.963958519247974, 46.583470439502747 ], [ 35.964937502713333, 46.586946533122557 ], [ 35.970469012319747, 46.588009411513937 ], [ 35.971448567179564, 46.591485396667352 ], [ 35.97901160068001, 46.5904721291082 ], [ 35.979501670647302, 46.592210053783518 ], [ 35.987064520093455, 46.591196241759029 ], [ 35.987554859911924, 46.592934100746696 ], [ 35.992596682106388, 46.592257916786878 ], [ 35.993087216967105, 46.593995730460456 ], [ 35.998129007048561, 46.593319290915716 ], [ 35.998619736960862, 46.595057059257812 ], [ 36.003661494850988, 46.594380364122358 ], [ 36.004152419824173, 46.596118087115499 ], [ 36.01171494003497, 46.595102580489197 ], [ 36.011223790687204, 46.593364918773723 ], [ 36.016265093839891, 46.592687686807707 ], [ 36.015773840430221, 46.590950061438122 ], [ 36.020814812077035, 46.590272655652107 ], [ 36.020323454645656, 46.588535066635835 ], [ 36.025364094790717, 46.587857487071837 ], [ 36.024872633377804, 46.586119934416303 ], [ 36.029912942025284, 46.585442181116314 ], [ 36.029421376671003, 46.583704664828957 ], [ 36.036981274118858, 46.582687693874448 ], [ 36.036489530164573, 46.580950234418161 ], [ 36.049088075137796, 46.579254312405787 ], [ 36.048596003322942, 46.577516950735586 ], [ 36.071269841954226, 46.574461097436632 ], [ 36.070777143976215, 46.572723915575828 ], [ 36.073296156820732, 46.572384128799619 ], [ 36.073788929407854, 46.574121290162807 ], [ 36.096458663185828, 46.57106061326931 ], [ 36.096952152690548, 46.572797585460577 ], [ 36.109545223908341, 46.571095231632199 ], [ 36.110039131883397, 46.572832096584492 ], [ 36.117594649832725, 46.571809979891825 ], [ 36.118088827151574, 46.573546778630657 ], [ 36.123125759554405, 46.572865058604144 ], [ 36.123620131682181, 46.574601811656883 ], [ 36.128657030160618, 46.57391983628721 ], [ 36.1291515971064, 46.575656543636462 ], [ 36.134188461582141, 46.574974312918059 ], [ 36.134683223354983, 46.576710974546394 ], [ 36.145251806594189, 46.577082362931236 ], [ 36.145746958048292, 46.57881893306552 ], [ 36.148265361960313, 46.578477461439363 ], [ 36.148760633754101, 46.58021400639565 ], [ 36.153797453117264, 46.579530861316108 ], [ 36.154292919778449, 46.581267360489058 ], [ 36.161848028495648, 46.580242179485637 ], [ 36.161352338319276, 46.578505742128762 ], [ 36.168906810762671, 46.577480141122123 ], [ 36.1684109429983, 46.575743761010486 ], [ 36.181000440399472, 46.574033458604809 ], [ 36.180504246228018, 46.572297177014214 ], [ 36.203161779178387, 46.569215447463407 ], [ 36.202664961181597, 46.567479347058168 ], [ 36.210216422030427, 46.566451203027412 ], [ 36.210713463175779, 46.568187241449856 ], [ 36.233366031895379, 46.565099735903097 ], [ 36.233863788235148, 46.566835583587853 ], [ 36.246447309500049, 46.565118328209884 ], [ 36.24694548351188, 46.566854067755003 ], [ 36.254495266458349, 46.565823011037558 ], [ 36.254993709478896, 46.567558683800854 ], [ 36.260026816276365, 46.5668710040108 ], [ 36.260525454002519, 46.568606630685657 ], [ 36.265558524966615, 46.567918695688668 ], [ 36.26605735740722, 46.569654276257758 ], [ 36.271090392459612, 46.568966086048526 ], [ 36.271589419623432, 46.570701620494418 ], [ 36.28215460357562, 46.571059962723304 ], [ 36.285670043833925, 46.574186370378818 ], [ 36.290703026859028, 46.573497266122111 ], [ 36.291202758726165, 46.575232636669533 ], [ 36.293719255212345, 46.574887983632692 ], [ 36.294219107572665, 46.576623328749612 ], [ 36.296735632121205, 46.576278601513991 ], [ 36.297235604986909, 46.578013921194405 ], [ 36.299752157587413, 46.577669119755441 ], [ 36.300252250970672, 46.579404413993373 ], [ 36.30276883161266, 46.579059538346492 ], [ 36.303269045525731, 46.580794807135952 ], [ 36.305785654198743, 46.580449857276598 ], [ 36.306285988653791, 46.582185100611568 ], [ 36.308802625347404, 46.58184007653518 ], [ 36.309303080356656, 46.583575294409663 ], [ 36.311819745060397, 46.583230196111671 ], [ 36.31232032063604, 46.584965388519656 ], [ 36.314837013339456, 46.584620215995528 ], [ 36.31533770949369, 46.586355382931018 ], [ 36.320871995602744, 46.587399956643011 ], [ 36.32187391662179, 46.590870183909296 ], [ 36.327408750741753, 46.591914363378656 ], [ 36.331931058370479, 46.598508949480916 ], [ 36.33948216938083, 46.597471747802835 ], [ 36.339983876994012, 46.599206706052826 ], [ 36.352568505543374, 46.597476863724019 ], [ 36.353070631017601, 46.599211713062459 ], [ 36.360621073890648, 46.598173103986781 ], [ 36.361123468631057, 46.599907886056172 ], [ 36.366157013501628, 46.599215171175977 ], [ 36.366659603239668, 46.600949906812154 ], [ 36.371693110760376, 46.600256936520616 ], [ 36.372195895504639, 46.601991625706113 ], [ 36.377229365596932, 46.601298399998093 ], [ 36.37773234535603, 46.603033042715523 ], [ 36.388302347723609, 46.603380421261534 ], [ 36.391825910089203, 46.606502525812616 ], [ 36.39685932280846, 46.605808385201449 ], [ 36.397363008470897, 46.607542862783035 ], [ 36.399879719226085, 46.607195691457093 ], [ 36.400383525707994, 46.608930143405537 ], [ 36.402900264128306, 46.608582897758851 ], [ 36.403404191441844, 46.610317324068134 ], [ 36.405920957516727, 46.609970004096155 ], [ 36.40642500567408, 46.611704404760275 ], [ 36.40894179939302, 46.611357010458434 ], [ 36.409445968406345, 46.613091385471343 ], [ 36.41196278975881, 46.612743916835122 ], [ 36.412467079640294, 46.614478266190837 ], [ 36.414983928615754, 46.614130723215688 ], [ 36.415488339377546, 46.615865046908155 ], [ 36.418005215965465, 46.615517429589573 ], [ 36.418509747619758, 46.617251727612796 ], [ 36.421026651809576, 46.616904035946206 ], [ 36.421531304368528, 46.618638308294138 ], [ 36.42404823614973, 46.618290542275034 ], [ 36.424553009625498, 46.620024788941684 ], [ 36.430091850324601, 46.621063254807027 ], [ 36.431101927712838, 46.62453164063804 ], [ 36.433619016461812, 46.624183630575729 ], [ 36.434124199468819, 46.625917795419582 ], [ 36.43664131576778, 46.625569710982369 ], [ 36.437651970459889, 46.629037984510596 ], [ 36.443191905904207, 46.630075659229469 ], [ 36.444203138098992, 46.63354382039131 ], [ 36.446720485523088, 46.633195470847795 ], [ 36.447732053311512, 46.636663571051137 ], [ 36.45024950252413, 46.636315126122803 ], [ 36.454791196201668, 46.642902603245432 ], [ 36.457308848982663, 46.642553967504618 ], [ 36.45781511309896, 46.644287928486925 ], [ 36.460332793359953, 46.643939218318337 ], [ 36.460839178595144, 46.645673153542255 ], [ 36.463356886325528, 46.645324368941381 ], [ 36.463863392691763, 46.647058278400898 ], [ 36.466381127880965, 46.646709419363191 ], [ 36.466887755390403, 46.648443303052254 ], [ 36.469405518027834, 46.648094369573201 ], [ 36.469912266692653, 46.649828227485784 ], [ 36.472430056767735, 46.649479219560824 ], [ 36.472936926600077, 46.651213051690895 ], [ 36.475454744102194, 46.650863969315537 ], [ 36.475961735114254, 46.652597775657071 ], [ 36.478479580032804, 46.652248618826739 ], [ 36.478986692236731, 46.653982399373689 ], [ 36.481504564561128, 46.6536331680839 ], [ 36.482011797969108, 46.65536692283024 ], [ 36.487554979417176, 46.656401965793826 ], [ 36.488569978055111, 46.659869367271249 ], [ 36.494113707028497, 46.660904013844288 ], [ 36.495129284592224, 46.664371302470229 ], [ 36.497647442411228, 46.664021656712642 ], [ 36.498663356488819, 46.667488884106021 ], [ 36.501181615973678, 46.667139142795932 ], [ 36.502197866645645, 46.670606308936357 ], [ 36.504716227793374, 46.670256472059471 ], [ 36.50573281514027, 46.673723576926584 ], [ 36.508251277947835, 46.673373644468633 ], [ 36.509268202050201, 46.676840688042049 ], [ 36.511786766514604, 46.676490659988779 ], [ 36.513312728494292, 46.681691126188667 ], [ 36.515831468968123, 46.68134098144499 ], [ 36.516849160950926, 46.68480789277988 ], [ 36.521886798135839, 46.684107358572419 ], [ 36.525423872573157, 46.687223776884068 ], [ 36.530461524647336, 46.686522837538533 ], [ 36.530970907253938, 46.688256170939134 ], [ 36.53348973697873, 46.687905599975323 ], [ 36.533999241063754, 46.689638907465927 ], [ 36.536518098019016, 46.689288261936134 ], [ 36.537027723594633, 46.691021543510715 ], [ 36.539546607769708, 46.690670823410429 ], [ 36.540056354848083, 46.692404079062939 ], [ 36.542575266232319, 46.692053284387647 ], [ 36.543085134825589, 46.693786514111984 ], [ 36.545604073408306, 46.693435644857189 ], [ 36.54611406352867, 46.695168848647342 ], [ 36.548633029299189, 46.694817904808509 ], [ 36.549143140958776, 46.696551082658431 ], [ 36.551662133906454, 46.696200064231043 ], [ 36.552172367117429, 46.697933216134658 ], [ 36.554691387231564, 46.697582123114223 ], [ 36.555201742006091, 46.699315249065499 ], [ 36.557720789276019, 46.698964081447478 ], [ 36.558231265626262, 46.70069718144034 ], [ 36.560750340041295, 46.700345939220213 ], [ 36.561260937979419, 46.702079013248614 ], [ 36.563780039528858, 46.701727696421898 ], [ 36.564290759066985, 46.703460744479791 ], [ 36.566809887740192, 46.70310935304196 ], [ 36.5673207288905, 46.704842375123278 ], [ 36.569839884676753, 46.704490909069811 ], [ 36.570350847451394, 46.706223905168471 ], [ 36.572870030339999, 46.705872364494908 ], [ 36.573381114751136, 46.707605334604885 ], [ 36.575900324731407, 46.707253719306657 ], [ 36.576411530791198, 46.708986663421889 ], [ 36.578930767852427, 46.708634973494512 ], [ 36.579442095573015, 46.710367891608939 ], [ 36.581961359704515, 46.710016127047879 ], [ 36.582472809098057, 46.711749019155448 ], [ 36.584992100289114, 46.711397179956236 ], [ 36.585503671367768, 46.713130046050864 ], [ 36.588022989607694, 46.712778132208975 ], [ 36.588534682383589, 46.714510972284614 ], [ 36.591054027661684, 46.714158983795514 ], [ 36.594597150659375, 46.717272522724805 ], [ 36.599635901939685, 46.716568193668294 ], [ 36.599123816999175, 46.714835448039494 ], [ 36.604162230086153, 46.714130947545691 ], [ 36.603650043810489, 46.712398239472655 ], [ 36.608688118710546, 46.711693567583914 ], [ 36.608175831140088, 46.709960897073742 ], [ 36.613213567859688, 46.709256053832441 ], [ 36.612701179034772, 46.707523420892265 ], [ 36.620257205760105, 46.70646581892349 ], [ 36.619744641429463, 46.704733244778517 ], [ 36.63233669977712, 46.702969612519311 ], [ 36.631823811497064, 46.701237139648796 ], [ 36.654485859936564, 46.698059428334837 ], [ 36.653972351046356, 46.69632714180868 ], [ 36.656490044922414, 46.695973817094163 ], [ 36.657003628011701, 46.69770608236076 ], [ 36.68469594159032, 46.693815754287364 ], [ 36.684181542665307, 46.692083723069544 ], [ 36.691732771221552, 46.691021667928453 ], [ 36.691218197471535, 46.689289695713583 ], [ 36.69625196381854, 46.688581434868269 ], [ 36.695737289418432, 46.686849500368645 ], [ 36.705289031716426, 46.683700569842244 ], [ 36.704774156136899, 46.681968710794273 ], [ 36.707290555415959, 46.681614351038228 ], [ 36.706775653357859, 46.679882508409094 ], [ 36.709291931002554, 46.679528116663626 ], [ 36.708777002477952, 46.677796290454218 ], [ 36.711293158499032, 46.677441866726582 ], [ 36.710778203519979, 46.675710056937795 ], [ 36.713294237928174, 46.675355601235204 ], [ 36.712779256506742, 46.673623807867891 ], [ 36.715295169312832, 46.673269320197598 ], [ 36.714780161461029, 46.671537543252619 ], [ 36.717295952675741, 46.6711830236219 ], [ 36.718781527363376, 46.667364967418479 ], [ 36.723812575903551, 46.666655747090978 ], [ 36.72529760636592, 46.66283768210009 ], [ 36.730328073504694, 46.662128227533152 ], [ 36.729812785790834, 46.660396575380219 ], [ 36.734842914654045, 46.659686950487945 ], [ 36.734327526678797, 46.657955336105481 ], [ 36.739357317273303, 46.657245540930234 ], [ 36.73884182907684, 46.65551396432528 ], [ 36.743871281409554, 46.654803998909273 ], [ 36.743355693032036, 46.653072460088893 ], [ 36.748384807109858, 46.652362324474439 ], [ 36.747869118591439, 46.650630823445645 ], [ 36.75541221088708, 46.649565284973995 ], [ 36.754896348414228, 46.647833843104593 ], [ 36.767466846823844, 46.646056988397362 ], [ 36.766950662828535, 46.64432564845167 ], [ 36.789573892396348, 46.641124151699216 ], [ 36.789057091969575, 46.639392999316442 ], [ 36.791570471892683, 46.639037033004158 ], [ 36.7920873460805, 46.640768163984973 ], [ 36.814706281120117, 46.63756188264901 ], [ 36.815223866689237, 46.639292815932734 ], [ 36.827788638417466, 46.637509581431495 ], [ 36.828306640308064, 46.639240402568738 ], [ 36.83584515074353, 46.638169759982446 ], [ 36.836363421527302, 46.639900511806367 ], [ 36.84138900335725, 46.63918644155472 ], [ 36.841907469349643, 46.640917145496182 ], [ 36.846933007129422, 46.640202819837967 ], [ 36.847451668338195, 46.641933475879604 ], [ 36.852477161988787, 46.641218894810528 ], [ 36.852996018421642, 46.642949502934883 ], [ 36.863565924683947, 46.643250134736796 ], [ 36.867117244440671, 46.646353485631288 ], [ 36.872142656674285, 46.645637989090666 ], [ 36.872662220426768, 46.647368426877208 ], [ 36.875174928278419, 46.647010577441371 ], [ 36.875694613643972, 46.648740988740258 ], [ 36.878207347190639, 46.648383064688808 ], [ 36.878727154181192, 46.650113449493936 ], [ 36.881239913412081, 46.649755450822454 ], [ 36.881759842039578, 46.65148580912777 ], [ 36.884272626943854, 46.651127735831821 ], [ 36.884792677220254, 46.652858067631279 ], [ 36.88730548778711, 46.652499919706472 ], [ 36.887825659724335, 46.654230224993945 ], [ 36.890338495942963, 46.653872002435854 ], [ 36.890858789552951, 46.655602281205311 ], [ 36.893371651412522, 46.655243984009523 ], [ 36.893892066707224, 46.656974236254896 ], [ 36.89640495419691, 46.656615864416985 ], [ 36.896925491188256, 46.658346090132156 ], [ 36.902472001714635, 46.659359321691284 ], [ 36.903513610622646, 46.662819661964861 ], [ 36.909060662402268, 46.66383249370864 ], [ 36.910102854471958, 46.667292717765491 ], [ 36.912616017288656, 46.666933929535134 ], [ 36.913658549123994, 46.670394090453172 ], [ 36.916171811185819, 46.670035205981797 ], [ 36.91721468286709, 46.673495303740317 ], [ 36.919728044170263, 46.673136323013757 ], [ 36.92077125577778, 46.676596357592075 ], [ 36.923284716318484, 46.676237280596155 ], [ 36.92432826793253, 46.679697251973515 ], [ 36.926841827706987, 46.679338078694116 ], [ 36.928407737532908, 46.684527933403139 ], [ 36.930921470248201, 46.684168642238589 ], [ 36.933532652480302, 46.692818191780702 ], [ 36.936046705616292, 46.692458739512027 ], [ 36.940750536053812, 46.708027417875783 ], [ 36.943265204798188, 46.707667718005041 ], [ 36.944311178958593, 46.711127325792852 ], [ 36.941796362628999, 46.711487068890833 ], [ 36.942319348347766, 46.713216886855761 ], [ 36.944834238478926, 46.712857122142196 ], [ 36.945357346299964, 46.714586913461076 ], [ 36.942842382361249, 46.71494669979154 ], [ 36.95059108224747, 46.731884549852822 ], [ 36.955622341845569, 46.731164385085613 ], [ 36.956146129064294, 46.732894077761358 ], [ 36.958661760164333, 46.732533893931418 ], [ 36.959185669624098, 46.734263559925992 ], [ 36.961701326197513, 46.733903301248276 ], [ 36.962225357910263, 46.73563294055559 ], [ 36.964741039946155, 46.735272607025692 ], [ 36.965265193923855, 46.737002219639621 ], [ 36.967780901411302, 46.736641811253158 ], [ 36.96830517766589, 46.738371397167597 ], [ 36.970820910593964, 46.738010913920164 ], [ 36.971345309137426, 46.739740473128997 ], [ 36.973861067495164, 46.73937991501618 ], [ 36.974385588339473, 46.741109447513317 ], [ 36.976901372115954, 46.740748814530697 ], [ 36.977426015273046, 46.742478320310063 ], [ 36.979941824457356, 46.742117612453242 ], [ 36.980466589939169, 46.743847091508719 ], [ 36.986023172305998, 46.744854903480316 ], [ 36.987073241132862, 46.748313749600534 ], [ 36.99263036594953, 46.74932116011216 ], [ 36.993681021301988, 46.752779889122486 ], [ 36.99619710510536, 46.752418763442975 ], [ 36.997248102331447, 46.75587742880883 ], [ 36.999764285359454, 46.755516206521236 ], [ 37.000815624539861, 46.758974808221737 ], [ 37.003331906788532, 46.75861348931187 ], [ 37.004383588003975, 46.762072027326198 ], [ 37.006899969469309, 46.761710611779868 ], [ 37.0079519928005, 46.765169086087134 ], [ 37.010468473478504, 46.764807573890167 ], [ 37.011520839006181, 46.768265984469515 ], [ 37.01403741889284, 46.767904375607728 ], [ 37.015090126697757, 46.771362722438234 ], [ 37.017606805789043, 46.771001016897458 ], [ 37.019186453998259, 46.776188433868221 ], [ 37.021703306216438, 46.775826609900598 ], [ 37.02433739603714, 46.784472094535253 ], [ 37.026854569292539, 46.784110108629058 ], [ 37.029490246056632, 46.792755357398363 ], [ 37.044594481371732, 46.790581671137318 ], [ 37.045122206659009, 46.792310575057513 ], [ 37.057708098443761, 46.790497596672758 ], [ 37.05823624220502, 46.792226386601889 ], [ 37.06578741362145, 46.791137895360421 ], [ 37.066315827957844, 46.792866614809725 ], [ 37.07134984601079, 46.792140644232411 ], [ 37.07187845700318, 46.793869314971772 ], [ 37.076912427553751, 46.793143087874945 ], [ 37.07744123520947, 46.794871709886849 ], [ 37.082475158177715, 46.794145226266679 ], [ 37.083004162504118, 46.795873799533624 ], [ 37.093601066378199, 46.796148587212201 ], [ 37.094130464067874, 46.79787706293677 ], [ 37.096647378394124, 46.797513462938348 ], [ 37.097176898885351, 46.799241911702808 ], [ 37.10221072857555, 46.798514508381345 ], [ 37.102740445771744, 46.800242908337999 ], [ 37.105257361113161, 46.799879105010426 ], [ 37.105787201135215, 46.801607477990487 ], [ 37.10830414142314, 46.801243599600085 ], [ 37.10883410428297, 46.802971945597378 ], [ 37.111351069506327, 46.802607992139784 ], [ 37.111881155215876, 46.804336311148226 ], [ 37.114398145363609, 46.803972282619021 ], [ 37.1149283539348, 46.805700574632446 ], [ 37.117445368995867, 46.805336471027289 ], [ 37.117975700440617, 46.807064736039578 ], [ 37.120492740403925, 46.80670055735407 ], [ 37.121023194734164, 46.808428795359085 ], [ 37.12354025958868, 46.80806454158887 ], [ 37.124070836816344, 46.809792752580471 ], [ 37.126587926550982, 46.809428423721158 ], [ 37.127118626687974, 46.811156607693214 ], [ 37.129635741291679, 46.810792203740476 ], [ 37.13321464980308, 46.813884011550826 ], [ 37.138248929365382, 46.813154850029704 ], [ 37.141828478055373, 46.816246302477488 ], [ 37.146862758754146, 46.815516734092157 ], [ 37.147394221394187, 46.817244739072585 ], [ 37.152428453489172, 46.816514914032581 ], [ 37.156009011753305, 46.819605784724189 ], [ 37.161043244666814, 46.818875552776724 ], [ 37.161575224045507, 46.820603432705362 ], [ 37.164092340671523, 46.82023821499871 ], [ 37.164624443068476, 46.821966067835618 ], [ 37.167141584417756, 46.821600774995645 ], [ 37.167673809844878, 46.82332860073469 ], [ 37.170190975906323, 46.82296323275704 ], [ 37.170723324375551, 46.824691031392078 ], [ 37.173240515138055, 46.824325588272387 ], [ 37.173772986661263, 46.826053359797264 ], [ 37.176290202113712, 46.825687841531185 ], [ 37.176822796702844, 46.827415585939747 ], [ 37.179340036834148, 46.827049992522916 ], [ 37.179872754501069, 46.828777709809039 ], [ 37.182390019300115, 46.828412041237065 ], [ 37.182922860056763, 46.83013973139461 ], [ 37.185440149512402, 46.829773987663152 ], [ 37.185973113370686, 46.831501650685965 ], [ 37.191540853179156, 46.832497573609096 ], [ 37.192607322630515, 46.835952785893156 ], [ 37.195124759869785, 46.835586794689654 ], [ 37.194591426635185, 46.833859213107942 ], [ 37.197108740731167, 46.833493190665301 ], [ 37.196575382890387, 46.831765625865522 ], [ 37.199092573854195, 46.831399572191017 ], [ 37.198559191419136, 46.829672024173973 ], [ 37.201076259261903, 46.829305939274811 ], [ 37.200542852244482, 46.827578408041326 ], [ 37.203059796977314, 46.82721229192471 ], [ 37.20252636538941, 46.825484777475545 ], [ 37.205043187023456, 46.825118630148715 ], [ 37.204509730876971, 46.823391132484694 ], [ 37.207026429423344, 46.823024953954864 ], [ 37.206492948730144, 46.82129747307674 ], [ 37.209009524199978, 46.820931263351142 ], [ 37.208476018971972, 46.819203799259732 ], [ 37.210992471376393, 46.818837558345599 ], [ 37.21244171671357, 46.815016408430587 ], [ 37.217474080055283, 46.814283748738667 ], [ 37.218922784539785, 46.810462594465235 ], [ 37.223954557222939, 46.80972970385141 ], [ 37.223420782030892, 46.808002367686306 ], [ 37.22845221012885, 46.80726930852132 ], [ 37.227918336781997, 46.805542011147097 ], [ 37.232949420303648, 46.804808783473575 ], [ 37.23241544884241, 46.803081524897053 ], [ 37.237446187796657, 46.802348128757636 ], [ 37.236912118261394, 46.800620908985564 ], [ 37.241942512657168, 46.799887344422906 ], [ 37.241408345088303, 46.798160163462065 ], [ 37.248953345886164, 46.797059484405182 ], [ 37.248419006683577, 46.795332364279311 ], [ 37.260992653371048, 46.79349694753104 ], [ 37.260457995395683, 46.791769932315951 ], [ 37.283086787912019, 46.788463037130477 ], [ 37.282551517120154, 46.786736215086925 ], [ 37.285065506963832, 46.786368539077692 ], [ 37.285600851300906, 46.788095339063666 ], [ 37.30822519810048, 46.784783669838873 ], [ 37.308761253546642, 46.78651026593468 ], [ 37.321328971945363, 46.78466848345537 ], [ 37.321865444300762, 46.786394963834127 ], [ 37.329405701934476, 46.785289191916227 ], [ 37.329942444204697, 46.78701560072173 ], [ 37.334969182000158, 46.786278110199007 ], [ 37.335506120718598, 46.788004469517247 ], [ 37.340532807308506, 46.787266722753607 ], [ 37.341069942482001, 46.788993032567141 ], [ 37.346096577786355, 46.788255029559139 ], [ 37.34663390942174, 46.789981289850473 ], [ 37.357224553957757, 46.790230725839578 ], [ 37.360813391451273, 46.793313661420797 ], [ 37.365839920061148, 46.792574739376043 ], [ 37.366377964180884, 46.794300823564164 ], [ 37.368891227479551, 46.793931260901438 ], [ 37.369429394668913, 46.795657317651582 ], [ 37.37194268176065, 46.795287679838488 ], [ 37.372480972031418, 46.797013709144522 ], [ 37.374994282905043, 46.796643996176741 ], [ 37.375532696268998, 46.798369998032513 ], [ 37.37804603091331, 46.798000209905759 ], [ 37.378584567382234, 46.799726184305086 ], [ 37.381097925786044, 46.79935632101509 ], [ 37.381636585371687, 46.801082267951855 ], [ 37.384149967523811, 46.800712329494253 ], [ 37.384688750237956, 46.802438248962268 ], [ 37.387202156127181, 46.80206823533284 ], [ 37.387741061981593, 46.803794127325958 ], [ 37.390254491596743, 46.80342403852034 ], [ 37.390793520603189, 46.805149903032436 ], [ 37.393306973933036, 46.804779739046346 ], [ 37.393846126103284, 46.80650557607121 ], [ 37.396359603136652, 46.806135336900383 ], [ 37.396898878482475, 46.80786114643189 ], [ 37.399412379208115, 46.807490832071991 ], [ 37.399951777741286, 46.809216614103981 ], [ 37.405518371956909, 46.810201514326138 ], [ 37.406597711625018, 46.813652963053585 ], [ 37.412164843583938, 46.814637457697472 ], [ 37.413244775804394, 46.818088785725344 ], [ 37.415758541711853, 46.817718050904524 ], [ 37.416838820108588, 46.821169313249499 ], [ 37.419352683094949, 46.820798480973579 ], [ 37.420433307748745, 46.824249677614354 ], [ 37.422947267809157, 46.82387874786923 ], [ 37.424028238800787, 46.82732987878461 ], [ 37.426542295930446, 46.826958851556199 ], [ 37.427623613340643, 46.830409916724847 ], [ 37.430137767534717, 46.830038791999051 ], [ 37.431219431444305, 46.833489791399735 ], [ 37.433733682697962, 46.833118569162451 ], [ 37.434815693187737, 46.836569502773848 ], [ 37.437330041496104, 46.836198183011007 ], [ 37.438412398646889, 46.83964905081185 ], [ 37.440926844005105, 46.83927763350934 ], [ 37.44200954789774, 46.8427284354783 ], [ 37.444524090300945, 46.842356920622024 ], [ 37.445607141016282, 46.845807656737833 ], [ 37.448121780459594, 46.845436044313722 ], [ 37.449205178078479, 46.848886714555036 ], [ 37.451719914557025, 46.848515004548972 ], [ 37.457486876093313, 46.858494856801187 ], [ 37.460001953687019, 46.858122906998496 ], [ 37.461086592657374, 46.861573358130286 ], [ 37.463601767283862, 46.861201310692188 ], [ 37.464686753550062, 46.864651695854029 ], [ 37.467202025204394, 46.864279550766433 ], [ 37.468830100792793, 46.869455021503796 ], [ 37.471345543026942, 46.869082756438573 ], [ 37.472974290132854, 46.874258112108045 ], [ 37.475489902960007, 46.873885727038569 ], [ 37.477119321825015, 46.87906096759108 ], [ 37.479635105258346, 46.878688462490715 ], [ 37.482352174152041, 46.88731364468984 ], [ 37.484868275408182, 46.886940974858149 ], [ 37.486499339588924, 46.892115952877162 ], [ 37.48901561150155, 46.891743162947378 ], [ 37.493707877212159, 46.898270036795118 ], [ 37.49928504277517, 46.899248883818352 ], [ 37.500373761149916, 46.902698609880403 ], [ 37.502890347555038, 46.902325451139845 ], [ 37.503979414242487, 46.90577511098757 ], [ 37.506496097662392, 46.905401854422927 ], [ 37.507585512743688, 46.908851448034866 ], [ 37.510102293173325, 46.908478093632006 ], [ 37.511192056729662, 46.911927620986766 ], [ 37.513708934163994, 46.91155416873157 ], [ 37.514799046276508, 46.915003629807686 ], [ 37.517316020710489, 46.914630079686056 ], [ 37.518951787346047, 46.919804163776554 ], [ 37.521468932446254, 46.919430493379494 ], [ 37.524196585655361, 46.928053747196969 ], [ 37.52671404881972, 46.927679911689964 ], [ 37.529443330153384, 46.936302918775269 ], [ 37.531961111466373, 46.935928918098313 ], [ 37.532507192685557, 46.937653480926386 ], [ 37.538089030563114, 46.938629787955804 ], [ 37.539181740090726, 46.942078796946603 ], [ 37.544764117321179, 46.943054695866017 ], [ 37.545857424559067, 46.946503582731616 ], [ 37.548375469699828, 46.946129159425723 ], [ 37.549469126363483, 46.949577979798981 ], [ 37.551987268482407, 46.949203458477172 ], [ 37.553081274653188, 46.952652212336552 ], [ 37.555599513745115, 46.952277592984714 ], [ 37.556693869504407, 46.95572628030876 ], [ 37.559212205564201, 46.95535156291276 ], [ 37.560306910993368, 46.958800183679919 ], [ 37.562825344015856, 46.958425368225654 ], [ 37.564468002642592, 46.963598191385358 ], [ 37.566986606390813, 46.963223255391071 ], [ 37.569725751340663, 46.971844406628591 ], [ 37.572244673405464, 46.971469305114212 ], [ 37.573340833236529, 46.97491768270892 ], [ 37.575859852272757, 46.974542483071453 ], [ 37.576956362238057, 46.977990794002523 ], [ 37.579475478240525, 46.977615496227799 ], [ 37.580572338421568, 46.981063740473687 ], [ 37.583091551385053, 46.980688344547623 ], [ 37.584188761863331, 46.984136522086757 ], [ 37.586708071782617, 46.9837610279952 ], [ 37.587805632639679, 46.987209138806016 ], [ 37.590325039509551, 46.986833546534832 ], [ 37.591422950826882, 46.990281590595778 ], [ 37.593942454642075, 46.989905900130822 ], [ 37.598658929739166, 46.996425999243883 ], [ 37.603698274361911, 46.99567417227248 ], [ 37.607317129081402, 46.9987459325842 ], [ 37.612356464422795, 46.997993696410568 ], [ 37.612906317542283, 46.999717519951297 ], [ 37.615425982856515, 46.99934129955821 ], [ 37.615975960609603, 47.001065095106611 ], [ 37.6184956489492, 47.000688798992428 ], [ 37.619045751347684, 47.002412566542283 ], [ 37.621565462701163, 47.002036194702768 ], [ 37.625185775837309, 47.005107198212755 ], [ 37.632744895319497, 47.003977468778139 ], [ 37.63219432212211, 47.002253824925923 ], [ 37.654868269249064, 46.998861968927677 ], [ 37.654317082853609, 46.997138522801869 ], [ 37.679504783537283, 46.993364971566095 ], [ 37.680056707224971, 46.995088191655157 ], [ 37.702721943765987, 46.991687250844421 ], [ 37.703274581545749, 46.993410261755329 ], [ 37.715864962353223, 46.99151887873608 ], [ 37.716418019389664, 46.993241770877823 ], [ 37.72397185611338, 46.992106236135506 ], [ 37.724525185098116, 46.993829054769442 ], [ 37.729560968087178, 46.993071720904304 ], [ 37.730114495397672, 46.99479448867509 ], [ 37.735150221215271, 46.994036897178781 ], [ 37.73570394685769, 46.995759614068845 ], [ 37.740739615422534, 46.995001764938664 ], [ 37.741293539402946, 46.996724430930456 ], [ 37.74632915063372, 46.995966324163739 ], [ 37.746883272958236, 46.997688939239652 ], [ 37.751918826773647, 46.996930574833719 ], [ 37.752473147448327, 46.998653138976188 ], [ 37.757508643767061, 46.997894516928412 ], [ 37.758063162797981, 46.999617030119865 ], [ 37.763098601538694, 46.998858150427573 ], [ 37.763653318931937, 47.000580612650459 ], [ 37.7686887000133, 46.999821475311016 ], [ 37.769243615774883, 47.001543886547722 ], [ 37.78938367926272, 46.998505033618557 ], [ 37.789939234707141, 47.000227257392382 ], [ 37.802525475833129, 46.998326137043065 ], [ 37.803081450182454, 47.000048241463681 ], [ 37.810632799727159, 46.99890686472925 ], [ 37.811189045913558, 47.000628895271241 ], [ 37.816223169288669, 46.999867666834213 ], [ 37.816779613810063, 47.001589646248867 ], [ 37.821813678769729, 47.000828160209799 ], [ 37.822370321632064, 47.002550088479509 ], [ 37.827404328094929, 47.00178834483588 ], [ 37.827961169304146, 47.003510221943117 ], [ 37.838586045976001, 47.003707787759282 ], [ 37.842217587671101, 47.006770077082948 ], [ 37.847251462220612, 47.006007408983422 ], [ 37.847809023414534, 47.007729104090465 ], [ 37.850325956984079, 47.007347667725377 ], [ 37.850883643098243, 47.009069334418911 ], [ 37.853400598671385, 47.008687822231842 ], [ 37.853958409717436, 47.010409460505606 ], [ 37.856475387282551, 47.01002787249238 ], [ 37.860108383762437, 47.013089399912012 ], [ 37.865142375286041, 47.012325867563703 ], [ 37.868776010966634, 47.015387030866307 ], [ 37.873809987210123, 47.014623089173639 ], [ 37.874368570008571, 47.016344539541599 ], [ 37.876885554273926, 47.015962466353663 ], [ 37.877444262074171, 47.017683888255881 ], [ 37.879961268238482, 47.017301739216713 ], [ 37.883596086942539, 47.020362272704212 ], [ 37.888630135210853, 47.019597618209744 ], [ 37.888071030477164, 47.017876299007803 ], [ 37.900654881048034, 47.015963850042326 ], [ 37.900095460794283, 47.01424263964639 ], [ 37.922742479138471, 47.010797101036438 ], [ 37.922182450121909, 47.009076091140855 ], [ 37.927214406048265, 47.008309879349092 ], [ 37.927774581750171, 47.010030843409332 ], [ 37.950416484996019, 47.006580064331139 ], [ 37.950977372219178, 47.008300816345937 ], [ 37.963554763606247, 47.00638175027337 ], [ 37.964116068967847, 47.008102381861931 ], [ 37.971662102495124, 47.00695023857277 ], [ 37.972223679414547, 47.008670795601113 ], [ 37.977254256022576, 47.007902389681078 ], [ 37.977816031241588, 47.009622895096136 ], [ 37.982846547132034, 47.00885423167226 ], [ 37.983408520656248, 47.010574685456483 ], [ 38.006043935433262, 47.007112875748412 ], [ 38.006606619786979, 47.008833116856032 ], [ 38.019180400724942, 47.006907923960668 ], [ 38.019743502899182, 47.008628044277195 ], [ 38.027287368067768, 47.007472225256898 ], [ 38.027850741669042, 47.009192270781334 ], [ 38.032879871763868, 47.008421414475258 ], [ 38.033443443627604, 47.010141408220953 ], [ 38.038472512214717, 47.009370294465732 ], [ 38.039036282346466, 47.011090236415164 ], [ 38.044065289344424, 47.010318865208632 ], [ 38.044629257749669, 47.012038755344214 ], [ 38.049658203077009, 47.01126712668426 ], [ 38.050222369761251, 47.01298696498845 ], [ 38.055251253336486, 47.012215078872956 ], [ 38.055815618305246, 47.013934865328217 ], [ 38.058330055192513, 47.013548819954451 ], [ 38.05971546963945, 47.009723235443538 ], [ 38.064743790782323, 47.008950972909382 ], [ 38.066128672419403, 47.005125391757623 ], [ 38.07115638898658, 47.004352904717415 ], [ 38.070591720451731, 47.00263325698608 ], [ 38.075619082719754, 47.001860604941911 ], [ 38.075054320111313, 47.000140997675686 ], [ 38.080081328092525, 46.999368180670722 ], [ 38.079516471451107, 46.997648613875917 ], [ 38.084543125157893, 46.996875631953195 ], [ 38.08397817452407, 46.995156105636141 ], [ 38.089004473968771, 46.994382958838798 ], [ 38.088439429383143, 46.992663473005841 ], [ 38.095978269070251, 46.991503426430697 ], [ 38.095413057596211, 46.989784004199571 ], [ 38.107976383974638, 46.987849653866967 ], [ 38.107410859803409, 46.986130341500676 ], [ 38.130020908237235, 46.982645397198517 ], [ 38.129454779997261, 46.980926287329559 ], [ 38.131966674066931, 46.980538830887305 ], [ 38.132532875184658, 46.982257917605381 ], [ 38.155138230170898, 46.978768230063288 ], [ 38.155705139128209, 46.980487102536138 ], [ 38.168262206874459, 46.978546427546398 ], [ 38.168829532135341, 46.980265178320714 ], [ 38.176363364354984, 46.979100071750096 ], [ 38.176930960263022, 46.98081874715519 ], [ 38.181953399351563, 46.980041699736582 ], [ 38.182521193110858, 46.981760322950812 ], [ 38.187543568645346, 46.9809830184875 ], [ 38.18811156026112, 46.982701589493367 ], [ 38.193133872160232, 46.981924027983474 ], [ 38.193702061637694, 46.983642546763448 ], [ 38.204314881548854, 46.983805119133102 ], [ 38.207963263532513, 46.986852778641648 ], [ 38.212985424824602, 46.986074294207334 ], [ 38.213554333048066, 46.987792627160751 ], [ 38.21606540788455, 46.987403282731961 ], [ 38.216634441249148, 46.989121586635278 ], [ 38.219145536449844, 46.988732166311578 ], [ 38.219714694966974, 46.990450441158515 ], [ 38.222225810520086, 46.990060944935827 ], [ 38.222795094201174, 46.991779190720116 ], [ 38.225306230094944, 46.99138961859434 ], [ 38.225875638951386, 46.993107835309708 ], [ 38.228386795173989, 46.992718187276743 ], [ 38.228956329217219, 46.994436374916916 ], [ 38.231467505756882, 46.994046650972706 ], [ 38.232037164998303, 46.995764809531373 ], [ 38.234548361843238, 46.995375009671825 ], [ 38.235118146294262, 46.997093139142734 ], [ 38.237629363432667, 46.996703263363742 ], [ 38.238199273104705, 46.998421363740633 ], [ 38.243791803119223, 46.999359455684605 ], [ 38.244932175914471, 47.002795534207351 ], [ 38.250525235483551, 47.003733211790326 ], [ 38.251666214395499, 47.007169162201578 ], [ 38.25417767834228, 47.006778860154569 ], [ 38.255319012929888, 47.010214740660018 ], [ 38.257830569866265, 47.009824339349528 ], [ 38.258972260210598, 47.013260149927014 ], [ 38.261483910130067, 47.012869649339095 ], [ 38.262625956312228, 47.016305389966497 ], [ 38.265137699208239, 47.015914790087244 ], [ 38.266280101309341, 47.019350460742423 ], [ 38.26879193717533, 47.018959761557888 ], [ 38.26993469527649, 47.022395362218681 ], [ 38.272446624105918, 47.022004563714937 ], [ 38.274161374334831, 47.02715785092321 ], [ 38.276673468921665, 47.026766929745619 ], [ 38.278960830874425, 47.033637804221911 ], [ 38.281473164046183, 47.033246736994698 ], [ 38.286274231907989, 47.039726211242701 ], [ 38.291871691627186, 47.040661213762334 ], [ 38.291299217363914, 47.038943626573769 ], [ 38.293811631013618, 47.038552255229675 ], [ 38.295178910323841, 47.03472573275107 ] ] ], [ [ [ 34.80325848848144, 47.228473181924869 ], [ 34.808387460209346, 47.227842903962404 ], [ 34.807924773468372, 47.226096016027789 ], [ 34.80233347513218, 47.224979325479055 ], [ 34.80325848848144, 47.228473181924869 ] ] ], [ [ [ 34.391483941908206, 47.346811919323905 ], [ 34.396633326327965, 47.346198937234284 ], [ 34.39708437588834, 47.347948830276188 ], [ 34.40783436883892, 47.348471929820484 ], [ 34.407382955693436, 47.346722115273742 ], [ 34.404808374527491, 47.347028878541373 ], [ 34.403905836340002, 47.343529200647367 ], [ 34.391033095391229, 47.345061985152256 ], [ 34.391483941908206, 47.346811919323905 ] ] ], [ [ [ 34.480506399015184, 47.383075879552472 ], [ 34.469749842932437, 47.382560529085609 ], [ 34.470203885931269, 47.384309877122831 ], [ 34.472779578416969, 47.384001462282797 ], [ 34.473687953481999, 47.387500109253587 ], [ 34.47626376382005, 47.387191600490624 ], [ 34.477626888582442, 47.392439485700379 ], [ 34.487930665646701, 47.391204661482888 ], [ 34.487475926533484, 47.389455445423934 ], [ 34.484900126880376, 47.38976421725171 ], [ 34.483536407637168, 47.384516489536566 ], [ 34.480960806103496, 47.384825148627499 ], [ 34.480506399015184, 47.383075879552472 ] ] ], [ [ [ 35.169093607339583, 47.559999904339826 ], [ 35.173766404251943, 47.55760584087448 ], [ 35.172806072603166, 47.554117813056699 ], [ 35.175382279913741, 47.553792759995922 ], [ 35.173941881561255, 47.548560745832432 ], [ 35.171365914313668, 47.548885739694647 ], [ 35.170406034848114, 47.545397669701785 ], [ 35.167830182408629, 47.545722567911987 ], [ 35.166870643733617, 47.54223444160754 ], [ 35.164294906102924, 47.542559244180886 ], [ 35.162856176897186, 47.537326963969477 ], [ 35.160280634058338, 47.537651651207788 ], [ 35.15788405498391, 47.528931001426294 ], [ 35.155308866827994, 47.529255533948458 ], [ 35.153392735625303, 47.522278859582954 ], [ 35.130216891312287, 47.525196415618879 ], [ 35.129738690784372, 47.523452059379984 ], [ 35.116862045007181, 47.52507085931417 ], [ 35.116384289390922, 47.523326400591259 ], [ 35.108658001883768, 47.524296947342584 ], [ 35.10818053123068, 47.52255242550077 ], [ 35.103029608025828, 47.523199136422001 ], [ 35.102552342332729, 47.521454571128181 ], [ 35.097401399327815, 47.522101018001869 ], [ 35.096924338583172, 47.520356409274207 ], [ 35.091773375861152, 47.521002592107884 ], [ 35.091296520053461, 47.519257939964525 ], [ 35.083569979170548, 47.52022673386265 ], [ 35.084046594927479, 47.52197144484213 ], [ 35.086622233476362, 47.521648550136277 ], [ 35.088052590246917, 47.526882599221757 ], [ 35.090628423985471, 47.526559589465869 ], [ 35.093013650651699, 47.535282823062012 ], [ 35.095589839728746, 47.534959658979147 ], [ 35.097499150479578, 47.541938092183365 ], [ 35.100075614911283, 47.541614793347684 ], [ 35.100553135127882, 47.543359371568336 ], [ 35.105706089202243, 47.542712565910122 ], [ 35.106183814597884, 47.544457100668957 ], [ 35.111336748821401, 47.543810030776989 ], [ 35.11486921477438, 47.546975350544216 ], [ 35.120022199148956, 47.546327864628218 ], [ 35.120500460070488, 47.548072288557641 ], [ 35.123076964759903, 47.547748441585782 ], [ 35.123555350828305, 47.549492841657802 ], [ 35.126131890533109, 47.549168918784147 ], [ 35.126610401762051, 47.550913294992618 ], [ 35.129186976471686, 47.550589296212117 ], [ 35.129665612874824, 47.552333648550885 ], [ 35.132242222578761, 47.552009573858491 ], [ 35.132720984169744, 47.553753902321425 ], [ 35.135297628857423, 47.553429751712095 ], [ 35.135776515649894, 47.555174056293048 ], [ 35.138353195310778, 47.554849829761736 ], [ 35.138832207318387, 47.556594110454547 ], [ 35.14140892194191, 47.556269807996216 ], [ 35.141888059178321, 47.558014064794733 ], [ 35.144464808753924, 47.557689686404345 ], [ 35.144944071232786, 47.559433919302442 ], [ 35.150577062932953, 47.560529143696783 ], [ 35.151536134123084, 47.564017509646099 ], [ 35.154113068594235, 47.563692883718637 ], [ 35.154592752075182, 47.56543704066857 ], [ 35.157169721457684, 47.565112338784431 ], [ 35.160706468643966, 47.568275803052025 ], [ 35.165860501761841, 47.567626039183388 ], [ 35.169093607339583, 47.559999904339826 ] ] ], [ [ [ 32.797343643695989, 49.30127803400574 ], [ 32.800035368230851, 49.300999251257579 ], [ 32.799609038610321, 49.299238999534175 ], [ 32.802300629824003, 49.298960172451302 ], [ 32.801874250158541, 49.297199934668882 ], [ 32.804565708061411, 49.296921063259703 ], [ 32.806404123264961, 49.293121713797056 ], [ 32.811786464240399, 49.292563732199113 ], [ 32.813624187995089, 49.288764322839178 ], [ 32.819005912546544, 49.288206041042336 ], [ 32.818579099705353, 49.286445907448531 ], [ 32.823960474386851, 49.285887414094546 ], [ 32.823533520048485, 49.284127311693801 ], [ 32.828914544851422, 49.283568606827998 ], [ 32.828487449064774, 49.281808535630311 ], [ 32.833868123980587, 49.281249619298066 ], [ 32.833440886794612, 49.279489579313385 ], [ 32.838821211814746, 49.278930451560036 ], [ 32.838393833278325, 49.277170442798386 ], [ 32.846463733361837, 49.276331341904225 ], [ 32.846036122024373, 49.274571381640946 ], [ 32.850987911182202, 49.27225177924899 ], [ 32.850132531267121, 49.268731911343913 ], [ 32.852821965109797, 49.268452034292068 ], [ 32.852394246305131, 49.266692112673411 ], [ 32.855083546960088, 49.266412191454236 ], [ 32.854655778455381, 49.264652283817036 ], [ 32.857344945933008, 49.26437231843888 ], [ 32.856917127744921, 49.262612424784649 ], [ 32.85960616205557, 49.262332415255912 ], [ 32.859178294200724, 49.260572535586228 ], [ 32.861867195354812, 49.260292481915258 ], [ 32.861439277849847, 49.258532616231676 ], [ 32.864128045857719, 49.258252518426836 ], [ 32.863700078719276, 49.256492666730942 ], [ 32.866388713591334, 49.256212524800596 ], [ 32.865960696836041, 49.254452687093945 ], [ 32.868649198582652, 49.254172501046448 ], [ 32.868221132227141, 49.252412677330597 ], [ 32.87090950085868, 49.252132447174333 ], [ 32.872741454940332, 49.248332567464601 ], [ 32.878117618031844, 49.247771869384358 ], [ 32.879948883349861, 49.243971930704497 ], [ 32.885324430552323, 49.243410933578858 ], [ 32.884895933883364, 49.241651214451643 ], [ 32.890271131359455, 49.241090006487397 ], [ 32.889842493957417, 49.239330318678505 ], [ 32.895217341698867, 49.238768899920913 ], [ 32.894788563612515, 49.237009243440305 ], [ 32.905108291136642, 49.234126148583911 ], [ 32.904679231827942, 49.232366554789571 ], [ 32.907366151994559, 49.232085560020067 ], [ 32.909194672470775, 49.228285375736249 ], [ 32.914567938853978, 49.227723148941273 ], [ 32.916395771864693, 49.223922906176689 ], [ 32.921768422502907, 49.223360380915878 ], [ 32.9213389343372, 49.22160089193811 ], [ 32.926711235243609, 49.221038156196293 ], [ 32.926281606727443, 49.219278698608207 ], [ 32.931653557894002, 49.218715752430697 ], [ 32.93122378907605, 49.216956326242176 ], [ 32.936595390494659, 49.216393169674241 ], [ 32.936165481423657, 49.21463377489524 ], [ 32.941536733086245, 49.214070407982142 ], [ 32.941106683810865, 49.212311044622517 ], [ 32.949162973766718, 49.211465586917221 ], [ 32.948732693308493, 49.209706272370674 ], [ 32.962158549286997, 49.208296038118256 ], [ 32.961727855746211, 49.206536807207691 ], [ 32.977836951802935, 49.204842609735728 ], [ 32.977405754433754, 49.203083479959766 ], [ 32.982343597931134, 49.200759194260833 ], [ 32.981481049543454, 49.197240987686214 ], [ 32.984165304101246, 49.196958354439062 ], [ 32.983302741972821, 49.193440169338018 ], [ 32.98598677271643, 49.193157509750996 ], [ 32.985124196881983, 49.189639346123997 ], [ 32.987808003857026, 49.189356660208986 ], [ 32.988766394460903, 49.18203768514789 ], [ 32.991449754035436, 49.1817549466125 ], [ 32.991018424658556, 49.179995898685171 ], [ 32.993701651405658, 49.179713116423606 ], [ 32.992838937074275, 49.176195045393541 ], [ 32.995521940213308, 49.175912236850301 ], [ 32.99509055527831, 49.174153213748262 ], [ 32.997773425624175, 49.17387036149789 ], [ 32.997341991930107, 49.172111352484499 ], [ 33.000024729493212, 49.171828456535295 ], [ 32.999593247056524, 49.17006946161208 ], [ 33.002275851847287, 49.169786521972391 ], [ 33.001844320684434, 49.168027541140887 ], [ 33.004526792713271, 49.167744557819034 ], [ 33.004095212840703, 49.165985591080762 ], [ 33.009028130088417, 49.163660540780363 ], [ 33.008164817631631, 49.160142660332312 ], [ 33.005482792491684, 49.160425696096432 ], [ 33.005051289986561, 49.158666733395471 ], [ 33.002369313522593, 49.158949690611216 ], [ 33.001937943710075, 49.157190707116541 ], [ 32.999256015932474, 49.157473585789873 ], [ 32.998824778796127, 49.155714581507809 ], [ 32.996142899715309, 49.155997381644703 ], [ 32.99571179523867, 49.154238356581558 ], [ 32.993029964865016, 49.15452107818794 ], [ 32.98948637216904, 49.151285608825646 ], [ 32.965349266863953, 49.153826490165237 ], [ 32.965779289800672, 49.155585713417125 ], [ 32.963097089035372, 49.155867745399469 ], [ 32.962667156821247, 49.154108504760387 ], [ 32.938526283702664, 49.156643885456212 ], [ 32.938097210011378, 49.154884485171713 ], [ 32.924684604809158, 49.156290803469069 ], [ 32.924256026740395, 49.154531313153974 ], [ 32.916208235039797, 49.155374318379181 ], [ 32.915779971047989, 49.153614772770204 ], [ 32.910414749603824, 49.154176435859405 ], [ 32.909986708887715, 49.152416852307198 ], [ 32.904621502281088, 49.152978236162895 ], [ 32.90419368482322, 49.151218614686904 ], [ 32.888097610112176, 49.152901194697534 ], [ 32.887670379115129, 49.151141466161526 ], [ 32.879622052353007, 49.151981878634594 ], [ 32.880049010880882, 49.153741658999841 ], [ 32.877366061284583, 49.154021691425136 ], [ 32.877792970558261, 49.155781485766468 ], [ 32.875109888536002, 49.156061474283646 ], [ 32.875536748538991, 49.157821282599535 ], [ 32.872853534080484, 49.158101227200241 ], [ 32.873280344796257, 49.159861049489095 ], [ 32.870596997891191, 49.160140950165001 ], [ 32.871023759303242, 49.161900786425292 ], [ 32.8683402799413, 49.162180643168057 ], [ 32.868766992033123, 49.163940493398222 ], [ 32.866083380204017, 49.164220306199539 ], [ 32.864252912054297, 49.168019817414724 ], [ 32.858885116908141, 49.168579205984976 ], [ 32.85705396284429, 49.17237865841166 ], [ 32.851685554597275, 49.172937748628264 ], [ 32.852111837899933, 49.174697703171425 ], [ 32.846743081553512, 49.175256582928071 ], [ 32.847169224418714, 49.177016568662715 ], [ 32.836856669840643, 49.179893713531733 ], [ 32.837282531685297, 49.181653761619508 ], [ 32.834597652136999, 49.181932916304454 ], [ 32.835449318256451, 49.185453037090909 ], [ 32.83050478364801, 49.18777132144745 ], [ 32.83135633451473, 49.191291491450919 ], [ 32.8286708751303, 49.19157054840192 ], [ 32.829096621722201, 49.193330645706709 ], [ 32.826411029735752, 49.193609658581671 ], [ 32.826836726718952, 49.195369769825689 ], [ 32.824151002120182, 49.195648738616285 ], [ 32.82457664947809, 49.197408863797946 ], [ 32.821890792256696, 49.197687788495884 ], [ 32.822316389972734, 49.199447927613598 ], [ 32.819630400118434, 49.199726808210485 ], [ 32.820055948176012, 49.201486961262717 ], [ 32.817369825678497, 49.201765797750198 ], [ 32.817795324061017, 49.203525964735384 ], [ 32.815109068909983, 49.203804757105118 ], [ 32.815534517600895, 49.205564938021666 ], [ 32.81284812978604, 49.205843686265311 ], [ 32.813273528768718, 49.207603881111631 ], [ 32.810587008279754, 49.207882585220851 ], [ 32.808751003880644, 49.211681676663041 ], [ 32.803377390677753, 49.212238846945148 ], [ 32.801540697893216, 49.216037878798154 ], [ 32.796166470943454, 49.216594749690621 ], [ 32.796591438600437, 49.218355048527059 ], [ 32.791216863319356, 49.218911708309619 ], [ 32.791641689852646, 49.220672038236188 ], [ 32.786266766248914, 49.221228486863616 ], [ 32.786691451609798, 49.22298884787029 ], [ 32.781316179692148, 49.22354508529741 ], [ 32.781740723831945, 49.225305477374214 ], [ 32.776365103609123, 49.225861503555805 ], [ 32.776789506479119, 49.227621926692734 ], [ 32.768725491616571, 49.228455556920345 ], [ 32.769149661799567, 49.230216028254354 ], [ 32.758396697203622, 49.23132674404058 ], [ 32.758820543211186, 49.233087280679761 ], [ 32.75613210726415, 49.23336482320758 ], [ 32.756555903215897, 49.23512537373113 ], [ 32.753867334506218, 49.235402871958804 ], [ 32.754291080385485, 49.237163436365137 ], [ 32.751602378902845, 49.237440890284319 ], [ 32.752026074692978, 49.239201468571849 ], [ 32.749337240427117, 49.239478878174175 ], [ 32.749760886111453, 49.241239470341306 ], [ 32.747071919052082, 49.241516835618413 ], [ 32.747495514613931, 49.24327744166353 ], [ 32.744806414750791, 49.243554762607062 ], [ 32.745229960173489, 49.245315382528624 ], [ 32.742540727496305, 49.245592659130182 ], [ 32.742964222763163, 49.247353292926604 ], [ 32.740274857261632, 49.24763052517784 ], [ 32.738432198924983, 49.251429022281407 ], [ 32.733052895245095, 49.251983247851008 ], [ 32.731209545982139, 49.255781684414551 ], [ 32.725829628252889, 49.256335609464841 ], [ 32.726252689356649, 49.258096346810305 ], [ 32.720872423294175, 49.258650060052886 ], [ 32.721295342526972, 49.260410828350288 ], [ 32.715914728140312, 49.260964329739942 ], [ 32.716337505453303, 49.262725128979234 ], [ 32.710956542751511, 49.263278418470684 ], [ 32.711379178095896, 49.265039248641827 ], [ 32.705997867088065, 49.265592326189868 ], [ 32.706420360414974, 49.267353187282829 ], [ 32.7010387011102, 49.267906052842179 ], [ 32.701461052370803, 49.269666944846882 ], [ 32.696079044778223, 49.270219598372307 ], [ 32.696501253923657, 49.271980521278735 ], [ 32.691118898052437, 49.272532962725002 ], [ 32.691540965033845, 49.274293916523028 ], [ 32.686158260893151, 49.274846145844897 ], [ 32.686580185661654, 49.276607130524475 ], [ 32.670851949748311, 49.280023526778777 ], [ 32.674386891063129, 49.283269901942241 ], [ 32.698612918209065, 49.280785087465745 ], [ 32.699035374813732, 49.282545991031689 ], [ 32.712493293818596, 49.281163298128277 ], [ 32.712916250331709, 49.282924113085542 ], [ 32.720990781291839, 49.282093707315433 ], [ 32.721414054264933, 49.283854467764485 ], [ 32.72679705166135, 49.283300521921561 ], [ 32.72722054939841, 49.285061244930503 ], [ 32.732603564779126, 49.28450701864071 ], [ 32.733027287298192, 49.286267704190031 ], [ 32.738410320571781, 49.285713197440892 ], [ 32.738834267890866, 49.287473845511023 ], [ 32.750024559888224, 49.288124601156454 ], [ 32.750448956861355, 49.289885174209644 ], [ 32.753140520791355, 49.289607530885618 ], [ 32.753565050917985, 49.291368083547489 ], [ 32.75894823779678, 49.29081257794418 ], [ 32.759372992797331, 49.292573093057158 ], [ 32.762064615722281, 49.292295230770591 ], [ 32.76248950391301, 49.294055725474792 ], [ 32.765181177048049, 49.293777784474713 ], [ 32.765606198445695, 49.295538258763813 ], [ 32.76829792178048, 49.295260239044161 ], [ 32.768723076401741, 49.297020692911808 ], [ 32.771414849925975, 49.296742594466579 ], [ 32.771840137787592, 49.29850302790642 ], [ 32.774531961490908, 49.298224850729525 ], [ 32.774957382609585, 49.299985263735223 ], [ 32.777649256481659, 49.299707007820636 ], [ 32.778074810874145, 49.301467400385846 ], [ 32.780766734904631, 49.301189065727527 ], [ 32.781192422587644, 49.302949437845896 ], [ 32.783884396766183, 49.302671024437778 ], [ 32.78431021775647, 49.304431376102976 ], [ 32.787002242072703, 49.304152883939025 ], [ 32.79054635848555, 49.307394954958653 ], [ 32.793238483046125, 49.307116305264877 ], [ 32.792812303660689, 49.305356011727937 ], [ 32.795504294868991, 49.305077317674332 ], [ 32.797343643695989, 49.30127803400574 ] ] ] ] } }
]
}
