{
"type": "FeatureCollection",
"name": "chernyakhiv_potential",
"crs": { "type": "name", "properties": { "name": "urn:ogc:def:crs:OGC:1.3:CRS84" } },
"xy_coordinate_resolution": 0.0001,
"features": [
{ "type": "Feature", "properties": { "class": "elevated", "candidate": false, "label": "підвищена", "source": "Модель: Магомедов 2022 (каталог) + Copernicus DEM; клітинки 2 км" }, "geometry": { "type": "MultiPolygon", "coordinates": [ [ [ [ 27.5168, 48.4577 ], [ 27.4899, 48.4592 ], [ 27.4922, 48.4771 ], [ 27.5191, 48.4756 ], [ 27.5168, 48.4577 ] ] ], [ [ [ 27.4968, 48.5128 ], [ 27.4945, 48.495 ], [ 27.4922, 48.4771 ], [ 27.4653, 48.4786 ], [ 27.4676, 48.4965 ], [ 27.4699, 48.5143 ], [ 27.4968, 48.5128 ] ] ], [ [ [ 27.4096, 48.6797 ], [ 27.4073, 48.6619 ], [ 27.4051, 48.644 ], [ 27.4028, 48.6261 ], [ 27.4005, 48.6082 ], [ 27.3736, 48.6097 ], [ 27.3466, 48.6112 ], [ 27.3197, 48.6127 ], [ 27.3219, 48.6306 ], [ 27.3489, 48.6291 ], [ 27.3511, 48.647 ], [ 27.3781, 48.6455 ], [ 27.3804, 48.6634 ], [ 27.3826, 48.6812 ], [ 27.3849, 48.6991 ], [ 27.4119, 48.6976 ], [ 27.4096, 48.6797 ] ] ], [ [ [ 27.5762, 48.7063 ], [ 27.6032, 48.7048 ], [ 27.6055, 48.7226 ], [ 27.6079, 48.7405 ], [ 27.6349, 48.7389 ], [ 27.6325, 48.7211 ], [ 27.6302, 48.7032 ], [ 27.6278, 48.6853 ], [ 27.6008, 48.6869 ], [ 27.5985, 48.669 ], [ 27.5961, 48.6512 ], [ 27.5938, 48.6333 ], [ 27.5915, 48.6154 ], [ 27.5645, 48.617 ], [ 27.5376, 48.6185 ], [ 27.5399, 48.6364 ], [ 27.5668, 48.6348 ], [ 27.5692, 48.6527 ], [ 27.5715, 48.6706 ], [ 27.5738, 48.6884 ], [ 27.5762, 48.7063 ] ] ], [ [ [ 27.7183, 48.7521 ], [ 27.7159, 48.7342 ], [ 27.7135, 48.7163 ], [ 27.7111, 48.6985 ], [ 27.7087, 48.6806 ], [ 27.7064, 48.6628 ], [ 27.6794, 48.6643 ], [ 27.6818, 48.6822 ], [ 27.6841, 48.7001 ], [ 27.6865, 48.7179 ], [ 27.6889, 48.7358 ], [ 27.6913, 48.7536 ], [ 27.7183, 48.7521 ] ] ], [ [ [ 27.3917, 48.7527 ], [ 27.3647, 48.7542 ], [ 27.3669, 48.7721 ], [ 27.3692, 48.79 ], [ 27.3963, 48.7885 ], [ 27.394, 48.7706 ], [ 27.421, 48.7691 ], [ 27.4187, 48.7512 ], [ 27.4458, 48.7497 ], [ 27.4481, 48.7676 ], [ 27.4504, 48.7854 ], [ 27.4527, 48.8033 ], [ 27.455, 48.8212 ], [ 27.4573, 48.8391 ], [ 27.4843, 48.8375 ], [ 27.4867, 48.8554 ], [ 27.5137, 48.8539 ], [ 27.5161, 48.8717 ], [ 27.5431, 48.8702 ], [ 27.5408, 48.8523 ], [ 27.5385, 48.8345 ], [ 27.5655, 48.8329 ], [ 27.5632, 48.815 ], [ 27.5609, 48.7972 ], [ 27.5879, 48.7956 ], [ 27.5855, 48.7778 ], [ 27.5585, 48.7793 ], [ 27.5562, 48.7614 ], [ 27.5292, 48.763 ], [ 27.5021, 48.7645 ], [ 27.5044, 48.7824 ], [ 27.5068, 48.8003 ], [ 27.5091, 48.8181 ], [ 27.482, 48.8197 ], [ 27.4797, 48.8018 ], [ 27.4774, 48.7839 ], [ 27.4751, 48.7661 ], [ 27.4728, 48.7482 ], [ 27.4705, 48.7303 ], [ 27.4682, 48.7124 ], [ 27.4412, 48.714 ], [ 27.4435, 48.7318 ], [ 27.4165, 48.7333 ], [ 27.3894, 48.7349 ], [ 27.3917, 48.7527 ] ] ], [ [ [ 27.6173, 48.8119 ], [ 27.6443, 48.8104 ], [ 27.642, 48.7925 ], [ 27.6396, 48.7747 ], [ 27.6666, 48.7731 ], [ 27.6643, 48.7552 ], [ 27.6619, 48.7374 ], [ 27.6349, 48.7389 ], [ 27.6372, 48.7568 ], [ 27.6102, 48.7583 ], [ 27.6126, 48.7762 ], [ 27.6149, 48.7941 ], [ 27.6173, 48.8119 ] ] ], [ [ [ 27.6714, 48.8088 ], [ 27.6738, 48.8267 ], [ 27.6762, 48.8445 ], [ 27.6785, 48.8624 ], [ 27.6809, 48.8803 ], [ 27.708, 48.8787 ], [ 27.7056, 48.8608 ], [ 27.7032, 48.843 ], [ 27.7008, 48.8251 ], [ 27.7279, 48.8235 ], [ 27.7255, 48.8057 ], [ 27.7231, 48.7878 ], [ 27.696, 48.7894 ], [ 27.6984, 48.8072 ], [ 27.6714, 48.8088 ] ] ], [ [ [ 27.4867, 48.8554 ], [ 27.4596, 48.8569 ], [ 27.4619, 48.8748 ], [ 27.4642, 48.8927 ], [ 27.4913, 48.8911 ], [ 27.489, 48.8733 ], [ 27.4867, 48.8554 ] ] ], [ [ [ 27.7176, 48.9501 ], [ 27.7152, 48.9323 ], [ 27.6881, 48.9338 ], [ 27.6857, 48.916 ], [ 27.6586, 48.9176 ], [ 27.6315, 48.9191 ], [ 27.6339, 48.937 ], [ 27.6363, 48.9549 ], [ 27.6386, 48.9727 ], [ 27.6115, 48.9743 ], [ 27.6139, 48.9921 ], [ 27.641, 48.9906 ], [ 27.6682, 48.989 ], [ 27.6658, 48.9711 ], [ 27.6634, 48.9533 ], [ 27.6905, 48.9517 ], [ 27.6929, 48.9696 ], [ 27.72, 48.968 ], [ 27.7176, 48.9501 ] ] ], [ [ [ 27.5029, 48.9805 ], [ 27.4758, 48.982 ], [ 27.4781, 48.9999 ], [ 27.451, 49.0014 ], [ 27.4238, 49.0029 ], [ 27.3966, 49.0044 ], [ 27.3989, 49.0223 ], [ 27.4261, 49.0208 ], [ 27.4533, 49.0193 ], [ 27.4805, 49.0178 ], [ 27.5076, 49.0162 ], [ 27.5348, 49.0147 ], [ 27.5324, 48.9968 ], [ 27.5301, 48.9789 ], [ 27.5572, 48.9774 ], [ 27.5549, 48.9595 ], [ 27.5277, 48.9611 ], [ 27.5254, 48.9432 ], [ 27.4983, 48.9447 ], [ 27.4712, 48.9463 ], [ 27.4735, 48.9641 ], [ 27.5006, 48.9626 ], [ 27.5029, 48.9805 ] ] ], [ [ [ 27.5418, 49.0683 ], [ 27.5395, 49.0504 ], [ 27.5123, 49.052 ], [ 27.4851, 49.0535 ], [ 27.4875, 49.0714 ], [ 27.5146, 49.0698 ], [ 27.5418, 49.0683 ] ] ], [ [ [ 27.6506, 49.062 ], [ 27.653, 49.0799 ], [ 27.6802, 49.0783 ], [ 27.7074, 49.0767 ], [ 27.7345, 49.0751 ], [ 27.737, 49.093 ], [ 27.7642, 49.0914 ], [ 27.7617, 49.0735 ], [ 27.7889, 49.0719 ], [ 27.7865, 49.0541 ], [ 27.7593, 49.0557 ], [ 27.7321, 49.0573 ], [ 27.7049, 49.0589 ], [ 27.6778, 49.0605 ], [ 27.6506, 49.062 ] ] ], [ [ [ 27.5714, 49.0846 ], [ 27.569, 49.0667 ], [ 27.5418, 49.0683 ], [ 27.5442, 49.0861 ], [ 27.5714, 49.0846 ] ] ], [ [ [ 27.5986, 49.083 ], [ 27.5714, 49.0846 ], [ 27.5738, 49.1025 ], [ 27.5466, 49.104 ], [ 27.5489, 49.1219 ], [ 27.5761, 49.1203 ], [ 27.6034, 49.1188 ], [ 27.601, 49.1009 ], [ 27.5986, 49.083 ] ] ], [ [ [ 27.7122, 49.1125 ], [ 27.7394, 49.1109 ], [ 27.737, 49.093 ], [ 27.7098, 49.0946 ], [ 27.7122, 49.1125 ] ] ], [ [ [ 27.6874, 49.1319 ], [ 27.7146, 49.1303 ], [ 27.7122, 49.1125 ], [ 27.685, 49.114 ], [ 27.6874, 49.1319 ] ] ], [ [ [ 27.7112, 49.5086 ], [ 27.7386, 49.5069 ], [ 27.7362, 49.4891 ], [ 27.7636, 49.4875 ], [ 27.791, 49.4859 ], [ 27.7885, 49.468 ], [ 27.8159, 49.4664 ], [ 27.8433, 49.4648 ], [ 27.8707, 49.4631 ], [ 27.8682, 49.4453 ], [ 27.8408, 49.4469 ], [ 27.8383, 49.4291 ], [ 27.8109, 49.4307 ], [ 27.8134, 49.4485 ], [ 27.786, 49.4502 ], [ 27.7586, 49.4518 ], [ 27.7611, 49.4696 ], [ 27.7337, 49.4712 ], [ 27.7063, 49.4728 ], [ 27.7087, 49.4907 ], [ 27.7112, 49.5086 ] ] ], [ [ [ 27.7411, 49.5248 ], [ 27.7685, 49.5232 ], [ 27.766, 49.5053 ], [ 27.7386, 49.5069 ], [ 27.7411, 49.5248 ] ] ], [ [ [ 27.7809, 49.6125 ], [ 27.8084, 49.6109 ], [ 27.8059, 49.593 ], [ 27.7784, 49.5946 ], [ 27.7809, 49.6125 ] ] ], [ [ [ 27.7559, 49.632 ], [ 27.7834, 49.6303 ], [ 27.7809, 49.6125 ], [ 27.7534, 49.6141 ], [ 27.7559, 49.632 ] ] ], [ [ [ 27.8878, 48.4 ], [ 27.8854, 48.3821 ], [ 27.8586, 48.3837 ], [ 27.861, 48.4016 ], [ 27.8878, 48.4 ] ] ], [ [ [ 27.6897, 48.5377 ], [ 27.7166, 48.5362 ], [ 27.719, 48.554 ], [ 27.7459, 48.5524 ], [ 27.7435, 48.5346 ], [ 27.7412, 48.5167 ], [ 27.7143, 48.5183 ], [ 27.7119, 48.5004 ], [ 27.7095, 48.4826 ], [ 27.6827, 48.4841 ], [ 27.685, 48.502 ], [ 27.6874, 48.5199 ], [ 27.6897, 48.5377 ] ] ], [ [ [ 27.7483, 48.5703 ], [ 27.7752, 48.5687 ], [ 27.7728, 48.5508 ], [ 27.7459, 48.5524 ], [ 27.7483, 48.5703 ] ] ], [ [ [ 27.8387, 48.6369 ], [ 27.8363, 48.6191 ], [ 27.8094, 48.6207 ], [ 27.8069, 48.6028 ], [ 27.8339, 48.6012 ], [ 27.8315, 48.5834 ], [ 27.829, 48.5655 ], [ 27.8021, 48.5671 ], [ 27.8045, 48.585 ], [ 27.7776, 48.5866 ], [ 27.78, 48.6044 ], [ 27.7824, 48.6223 ], [ 27.7848, 48.6401 ], [ 27.7872, 48.658 ], [ 27.8142, 48.6564 ], [ 27.8118, 48.6385 ], [ 27.8387, 48.6369 ] ] ], [ [ [ 27.922, 48.6499 ], [ 27.9195, 48.6321 ], [ 27.8926, 48.6337 ], [ 27.895, 48.6516 ], [ 27.8975, 48.6694 ], [ 27.8999, 48.6873 ], [ 27.9024, 48.7051 ], [ 27.9294, 48.7035 ], [ 27.9269, 48.6857 ], [ 27.9244, 48.6678 ], [ 27.922, 48.6499 ] ] ], [ [ [ 27.8239, 48.7278 ], [ 27.8215, 48.71 ], [ 27.7945, 48.7116 ], [ 27.7969, 48.7294 ], [ 27.8239, 48.7278 ] ] ], [ [ [ 27.8114, 48.8366 ], [ 27.8385, 48.835 ], [ 27.8361, 48.8171 ], [ 27.8336, 48.7993 ], [ 27.8312, 48.7814 ], [ 27.8042, 48.783 ], [ 27.8066, 48.8009 ], [ 27.809, 48.8187 ], [ 27.782, 48.8203 ], [ 27.7844, 48.8382 ], [ 27.7868, 48.856 ], [ 27.7892, 48.8739 ], [ 27.8163, 48.8723 ], [ 27.8139, 48.8544 ], [ 27.8114, 48.8366 ] ] ], [ [ [ 27.9417, 48.7928 ], [ 27.9687, 48.7911 ], [ 27.9712, 48.809 ], [ 27.9442, 48.8106 ], [ 27.9467, 48.8285 ], [ 27.9196, 48.8301 ], [ 27.9221, 48.848 ], [ 27.895, 48.8496 ], [ 27.8975, 48.8674 ], [ 27.8704, 48.8691 ], [ 27.8729, 48.8869 ], [ 27.9, 48.8853 ], [ 27.927, 48.8837 ], [ 27.9246, 48.8658 ], [ 27.9516, 48.8642 ], [ 27.9491, 48.8463 ], [ 27.9762, 48.8447 ], [ 27.9737, 48.8268 ], [ 28.0007, 48.8252 ], [ 27.9982, 48.8073 ], [ 27.9957, 48.7895 ], [ 27.9933, 48.7716 ], [ 27.9662, 48.7733 ], [ 27.9392, 48.7749 ], [ 27.9122, 48.7765 ], [ 27.9147, 48.7944 ], [ 27.9417, 48.7928 ] ] ], [ [ [ 27.7622, 48.8755 ], [ 27.7646, 48.8934 ], [ 27.767, 48.9112 ], [ 27.7941, 48.9096 ], [ 27.7917, 48.8918 ], [ 27.7892, 48.8739 ], [ 27.7622, 48.8755 ] ] ], [ [ [ 27.9049, 48.921 ], [ 27.8778, 48.9226 ], [ 27.8803, 48.9405 ], [ 27.9074, 48.9389 ], [ 27.9049, 48.921 ] ] ], [ [ [ 27.8828, 48.9583 ], [ 27.8803, 48.9405 ], [ 27.8532, 48.9421 ], [ 27.8556, 48.96 ], [ 27.8828, 48.9583 ] ] ], [ [ [ 27.8852, 48.9762 ], [ 27.8581, 48.9778 ], [ 27.831, 48.9794 ], [ 27.8334, 48.9973 ], [ 27.8063, 48.9989 ], [ 27.7792, 49.0005 ], [ 27.7816, 49.0184 ], [ 27.8087, 49.0168 ], [ 27.8359, 49.0151 ], [ 27.863, 49.0135 ], [ 27.8606, 48.9957 ], [ 27.8877, 48.9941 ], [ 27.9148, 48.9924 ], [ 27.942, 48.9908 ], [ 27.9691, 48.9891 ], [ 27.9716, 49.007 ], [ 27.9987, 49.0053 ], [ 28.0259, 49.0037 ], [ 28.0233, 48.9858 ], [ 27.9962, 48.9875 ], [ 27.9937, 48.9696 ], [ 27.9666, 48.9713 ], [ 27.9395, 48.9729 ], [ 27.9123, 48.9746 ], [ 27.8852, 48.9762 ] ] ], [ [ [ 27.7914, 49.0898 ], [ 27.8185, 49.0882 ], [ 27.8457, 49.0866 ], [ 27.8729, 49.0849 ], [ 27.8704, 49.0671 ], [ 27.8976, 49.0655 ], [ 27.9248, 49.0638 ], [ 27.9519, 49.0622 ], [ 27.9494, 49.0443 ], [ 27.9223, 49.046 ], [ 27.8951, 49.0476 ], [ 27.868, 49.0492 ], [ 27.8408, 49.0509 ], [ 27.8433, 49.0687 ], [ 27.8161, 49.0703 ], [ 27.7889, 49.0719 ], [ 27.7914, 49.0898 ] ] ], [ [ [ 27.8754, 49.1028 ], [ 27.8779, 49.1207 ], [ 27.8507, 49.1223 ], [ 27.8235, 49.1239 ], [ 27.8259, 49.1418 ], [ 27.8284, 49.1596 ], [ 27.8556, 49.158 ], [ 27.8828, 49.1564 ], [ 27.8804, 49.1385 ], [ 27.9076, 49.1369 ], [ 27.9051, 49.119 ], [ 27.9323, 49.1174 ], [ 27.9595, 49.1157 ], [ 27.957, 49.0979 ], [ 27.9298, 49.0995 ], [ 27.9026, 49.1012 ], [ 27.8754, 49.1028 ] ] ], [ [ [ 27.868, 49.2473 ], [ 27.8953, 49.2456 ], [ 27.8928, 49.2278 ], [ 27.8655, 49.2294 ], [ 27.868, 49.2473 ] ] ], [ [ [ 27.8755, 49.3008 ], [ 27.9028, 49.2992 ], [ 27.9301, 49.2975 ], [ 27.9276, 49.2797 ], [ 27.9549, 49.278 ], [ 27.9524, 49.2602 ], [ 27.9796, 49.2585 ], [ 27.9771, 49.2407 ], [ 27.9498, 49.2423 ], [ 27.9226, 49.244 ], [ 27.8953, 49.2456 ], [ 27.8978, 49.2635 ], [ 27.9003, 49.2813 ], [ 27.873, 49.283 ], [ 27.8755, 49.3008 ] ] ], [ [ [ 27.9751, 49.4208 ], [ 28.0025, 49.4192 ], [ 28.0299, 49.4175 ], [ 28.0273, 49.3997 ], [ 27.9999, 49.4013 ], [ 27.9726, 49.403 ], [ 27.9452, 49.4047 ], [ 27.9179, 49.4063 ], [ 27.9154, 49.3885 ], [ 27.888, 49.3901 ], [ 27.8607, 49.3917 ], [ 27.8632, 49.4096 ], [ 27.8905, 49.4079 ], [ 27.893, 49.4258 ], [ 27.9204, 49.4242 ], [ 27.9478, 49.4225 ], [ 27.9751, 49.4208 ] ] ], [ [ [ 27.9605, 49.5118 ], [ 27.963, 49.5296 ], [ 27.9904, 49.5279 ], [ 28.0179, 49.5263 ], [ 28.0453, 49.5246 ], [ 28.0727, 49.5229 ], [ 28.1001, 49.5212 ], [ 28.0975, 49.5034 ], [ 28.0701, 49.5051 ], [ 28.0427, 49.5068 ], [ 28.0153, 49.5084 ], [ 27.9879, 49.5101 ], [ 27.9605, 49.5118 ] ] ], [ [ [ 27.9381, 49.5491 ], [ 27.9356, 49.5313 ], [ 27.9082, 49.5329 ], [ 27.8807, 49.5346 ], [ 27.8833, 49.5524 ], [ 27.8858, 49.5703 ], [ 27.9132, 49.5686 ], [ 27.9407, 49.567 ], [ 27.9381, 49.5491 ] ] ], [ [ [ 28.0281, 49.5977 ], [ 28.0256, 49.5798 ], [ 27.9981, 49.5815 ], [ 27.9956, 49.5636 ], [ 27.9681, 49.5653 ], [ 27.9707, 49.5832 ], [ 27.9732, 49.601 ], [ 28.0007, 49.5993 ], [ 28.0281, 49.5977 ] ] ], [ [ [ 27.9458, 49.6027 ], [ 27.9183, 49.6043 ], [ 27.9208, 49.6222 ], [ 27.9483, 49.6205 ], [ 27.9758, 49.6188 ], [ 27.9732, 49.601 ], [ 27.9458, 49.6027 ] ] ], [ [ [ 27.9208, 49.6222 ], [ 27.8934, 49.6238 ], [ 27.8659, 49.6255 ], [ 27.8684, 49.6433 ], [ 27.8959, 49.6417 ], [ 27.9234, 49.64 ], [ 27.9208, 49.6222 ] ] ], [ [ [ 27.9035, 49.6952 ], [ 27.931, 49.6936 ], [ 27.9336, 49.7114 ], [ 27.9611, 49.7098 ], [ 27.9886, 49.7081 ], [ 27.986, 49.6902 ], [ 28.0136, 49.6886 ], [ 28.011, 49.6707 ], [ 27.9835, 49.6724 ], [ 27.956, 49.6741 ], [ 27.9285, 49.6757 ], [ 27.901, 49.6774 ], [ 27.9035, 49.6952 ] ] ], [ [ [ 27.9912, 49.7259 ], [ 27.9938, 49.7438 ], [ 28.0213, 49.7421 ], [ 28.0488, 49.7404 ], [ 28.0764, 49.7387 ], [ 28.0738, 49.7209 ], [ 28.0463, 49.7226 ], [ 28.0187, 49.7243 ], [ 27.9912, 49.7259 ] ] ], [ [ [ 28.0487, 48.3902 ], [ 28.0512, 48.408 ], [ 28.0536, 48.4259 ], [ 28.0561, 48.4437 ], [ 28.083, 48.4421 ], [ 28.1098, 48.4404 ], [ 28.1123, 48.4583 ], [ 28.1391, 48.4566 ], [ 28.1659, 48.4549 ], [ 28.1634, 48.4371 ], [ 28.1366, 48.4387 ], [ 28.1341, 48.4209 ], [ 28.1073, 48.4226 ], [ 28.0805, 48.4242 ], [ 28.078, 48.4064 ], [ 28.0755, 48.3885 ], [ 28.073, 48.3707 ], [ 28.0462, 48.3723 ], [ 28.0487, 48.3902 ] ] ], [ [ [ 27.8951, 48.4535 ], [ 27.8976, 48.4714 ], [ 27.9244, 48.4698 ], [ 27.922, 48.4519 ], [ 27.9195, 48.4341 ], [ 27.9464, 48.4324 ], [ 27.9439, 48.4146 ], [ 27.9171, 48.4162 ], [ 27.9147, 48.3984 ], [ 27.8878, 48.4 ], [ 27.8903, 48.4178 ], [ 27.8927, 48.4357 ], [ 27.8951, 48.4535 ] ] ], [ [ [ 28.0367, 48.4989 ], [ 28.0343, 48.4811 ], [ 28.0318, 48.4632 ], [ 28.0049, 48.4649 ], [ 28.0074, 48.4827 ], [ 28.0099, 48.5006 ], [ 28.0124, 48.5184 ], [ 28.0148, 48.5363 ], [ 28.0173, 48.5541 ], [ 28.0442, 48.5525 ], [ 28.0417, 48.5346 ], [ 28.0392, 48.5168 ], [ 28.0367, 48.4989 ] ] ], [ [ [ 28.0198, 48.572 ], [ 28.0173, 48.5541 ], [ 27.9904, 48.5558 ], [ 27.9929, 48.5736 ], [ 27.9954, 48.5915 ], [ 27.9979, 48.6093 ], [ 28.0003, 48.6272 ], [ 28.0273, 48.6255 ], [ 28.0248, 48.6077 ], [ 28.0223, 48.5898 ], [ 28.0198, 48.572 ] ] ], [ [ [ 27.9465, 48.6305 ], [ 27.944, 48.6126 ], [ 27.9415, 48.5948 ], [ 27.9146, 48.5964 ], [ 27.9171, 48.6142 ], [ 27.9195, 48.6321 ], [ 27.9465, 48.6305 ] ] ], [ [ [ 28.0128, 48.7164 ], [ 28.0103, 48.6986 ], [ 28.0372, 48.6969 ], [ 28.0347, 48.6791 ], [ 28.0322, 48.6612 ], [ 28.0297, 48.6434 ], [ 28.0028, 48.645 ], [ 28.0053, 48.6629 ], [ 28.0078, 48.6807 ], [ 27.9808, 48.6824 ], [ 27.9833, 48.7002 ], [ 27.9858, 48.7181 ], [ 28.0128, 48.7164 ] ] ], [ [ [ 28.1206, 48.7098 ], [ 28.1476, 48.7081 ], [ 28.1451, 48.6903 ], [ 28.1181, 48.6919 ], [ 28.1206, 48.7098 ] ] ], [ [ [ 28.1308, 48.7812 ], [ 28.1283, 48.7633 ], [ 28.1257, 48.7455 ], [ 28.0987, 48.7472 ], [ 28.0717, 48.7488 ], [ 28.0743, 48.7667 ], [ 28.1013, 48.765 ], [ 28.1038, 48.7828 ], [ 28.1308, 48.7812 ] ] ], [ [ [ 28.0278, 48.8235 ], [ 28.0303, 48.8414 ], [ 28.0032, 48.843 ], [ 28.0057, 48.8609 ], [ 27.9787, 48.8625 ], [ 27.9812, 48.8804 ], [ 28.0082, 48.8787 ], [ 28.0353, 48.8771 ], [ 28.0624, 48.8754 ], [ 28.0598, 48.8576 ], [ 28.0869, 48.8559 ], [ 28.0844, 48.8381 ], [ 28.0818, 48.8202 ], [ 28.0793, 48.8024 ], [ 28.0523, 48.804 ], [ 28.0548, 48.8219 ], [ 28.0278, 48.8235 ] ] ], [ [ [ 27.9566, 48.8999 ], [ 27.9837, 48.8982 ], [ 27.9812, 48.8804 ], [ 27.9541, 48.882 ], [ 27.9566, 48.8999 ] ] ], [ [ [ 28.1783, 48.9222 ], [ 28.1757, 48.9044 ], [ 28.1486, 48.9061 ], [ 28.1216, 48.9078 ], [ 28.1241, 48.9256 ], [ 28.1267, 48.9435 ], [ 28.1538, 48.9418 ], [ 28.1512, 48.9239 ], [ 28.1783, 48.9222 ] ] ], [ [ [ 28.075, 48.9647 ], [ 28.0776, 48.9825 ], [ 28.1047, 48.9808 ], [ 28.1318, 48.9791 ], [ 28.1292, 48.9613 ], [ 28.1021, 48.963 ], [ 28.075, 48.9647 ] ] ], [ [ [ 27.9545, 49.08 ], [ 27.957, 49.0979 ], [ 27.9841, 49.0962 ], [ 28.0113, 49.0946 ], [ 28.0088, 49.0767 ], [ 27.9816, 49.0784 ], [ 27.9545, 49.08 ] ] ], [ [ [ 28.098, 49.1253 ], [ 28.0954, 49.1074 ], [ 28.0682, 49.1091 ], [ 28.0708, 49.1269 ], [ 28.098, 49.1253 ] ] ], [ [ [ 28.0461, 49.1465 ], [ 28.0733, 49.1448 ], [ 28.0708, 49.1269 ], [ 28.0436, 49.1286 ], [ 28.0461, 49.1465 ] ] ], [ [ [ 27.9993, 49.2033 ], [ 28.0265, 49.2017 ], [ 28.0538, 49.2 ], [ 28.081, 49.1983 ], [ 28.0836, 49.2162 ], [ 28.1108, 49.2145 ], [ 28.138, 49.2128 ], [ 28.1653, 49.2111 ], [ 28.1627, 49.1933 ], [ 28.1355, 49.195 ], [ 28.1082, 49.1967 ], [ 28.1057, 49.1788 ], [ 28.0784, 49.1805 ], [ 28.0512, 49.1822 ], [ 28.024, 49.1838 ], [ 27.9968, 49.1855 ], [ 27.9695, 49.1871 ], [ 27.972, 49.205 ], [ 27.9993, 49.2033 ] ] ], [ [ [ 28.1627, 49.1933 ], [ 28.1899, 49.1916 ], [ 28.1873, 49.1737 ], [ 28.1601, 49.1754 ], [ 28.1627, 49.1933 ] ] ], [ [ [ 28.116, 49.2502 ], [ 28.1432, 49.2485 ], [ 28.1406, 49.2307 ], [ 28.1134, 49.2323 ], [ 28.116, 49.2502 ] ] ], [ [ [ 28.1432, 49.2485 ], [ 28.1458, 49.2663 ], [ 28.1484, 49.2842 ], [ 28.1757, 49.2825 ], [ 28.2029, 49.2808 ], [ 28.2003, 49.2629 ], [ 28.1731, 49.2646 ], [ 28.1705, 49.2468 ], [ 28.1432, 49.2485 ] ] ], [ [ [ 28.0418, 49.3088 ], [ 28.0444, 49.3266 ], [ 28.0717, 49.3249 ], [ 28.099, 49.3233 ], [ 28.0964, 49.3054 ], [ 28.0938, 49.2876 ], [ 28.0665, 49.2892 ], [ 28.0393, 49.2909 ], [ 28.0418, 49.3088 ] ] ], [ [ [ 28.151, 49.302 ], [ 28.1484, 49.2842 ], [ 28.1211, 49.2859 ], [ 28.1237, 49.3037 ], [ 28.151, 49.302 ] ] ], [ [ [ 27.9948, 49.3656 ], [ 28.0222, 49.364 ], [ 28.0196, 49.3461 ], [ 27.9923, 49.3478 ], [ 27.9948, 49.3656 ] ] ], [ [ [ 28.1939, 49.4074 ], [ 28.1966, 49.4252 ], [ 28.2239, 49.4235 ], [ 28.2213, 49.4057 ], [ 28.2486, 49.4039 ], [ 28.246, 49.3861 ], [ 28.2187, 49.3878 ], [ 28.216, 49.37 ], [ 28.2134, 49.3521 ], [ 28.2108, 49.3343 ], [ 28.1835, 49.336 ], [ 28.1861, 49.3539 ], [ 28.1588, 49.3556 ], [ 28.1614, 49.3734 ], [ 28.164, 49.3912 ], [ 28.1913, 49.3895 ], [ 28.1939, 49.4074 ] ] ], [ [ [ 28.1315, 49.3573 ], [ 28.1588, 49.3556 ], [ 28.1562, 49.3377 ], [ 28.1289, 49.3394 ], [ 28.1315, 49.3573 ] ] ], [ [ [ 28.1145, 49.4303 ], [ 28.1419, 49.4286 ], [ 28.1393, 49.4108 ], [ 28.1119, 49.4125 ], [ 28.1145, 49.4303 ] ] ], [ [ [ 28.1157, 49.6283 ], [ 28.1432, 49.6266 ], [ 28.1707, 49.6249 ], [ 28.1981, 49.6232 ], [ 28.1955, 49.6053 ], [ 28.2229, 49.6036 ], [ 28.2203, 49.5858 ], [ 28.1928, 49.5875 ], [ 28.1654, 49.5892 ], [ 28.168, 49.607 ], [ 28.1406, 49.6088 ], [ 28.1131, 49.6105 ], [ 28.1157, 49.6283 ] ] ], [ [ [ 28.0961, 49.6835 ], [ 28.0686, 49.6852 ], [ 28.0712, 49.7031 ], [ 28.0738, 49.7209 ], [ 28.1013, 49.7192 ], [ 28.1288, 49.7175 ], [ 28.1262, 49.6997 ], [ 28.1236, 49.6818 ], [ 28.0961, 49.6835 ] ] ], [ [ [ 28.1563, 49.7158 ], [ 28.1839, 49.7141 ], [ 28.1812, 49.6963 ], [ 28.1537, 49.698 ], [ 28.1563, 49.7158 ] ] ], [ [ [ 28.214, 49.7302 ], [ 28.2415, 49.7285 ], [ 28.2389, 49.7106 ], [ 28.2114, 49.7124 ], [ 28.214, 49.7302 ] ] ], [ [ [ 28.1751, 48.3283 ], [ 28.2019, 48.3266 ], [ 28.1993, 48.3088 ], [ 28.1726, 48.3105 ], [ 28.1751, 48.3283 ] ] ], [ [ [ 28.1776, 48.3462 ], [ 28.1751, 48.3283 ], [ 28.1483, 48.33 ], [ 28.1216, 48.3317 ], [ 28.1241, 48.3495 ], [ 28.1508, 48.3478 ], [ 28.1776, 48.3462 ] ] ], [ [ [ 28.2605, 48.3589 ], [ 28.2579, 48.3411 ], [ 28.2554, 48.3233 ], [ 28.2286, 48.325 ], [ 28.2312, 48.3428 ], [ 28.2337, 48.3606 ], [ 28.2605, 48.3589 ] ] ], [ [ [ 28.1048, 48.4047 ], [ 28.1316, 48.4031 ], [ 28.1291, 48.3852 ], [ 28.1266, 48.3674 ], [ 28.1241, 48.3495 ], [ 28.0973, 48.3512 ], [ 28.0998, 48.369 ], [ 28.1023, 48.3869 ], [ 28.1048, 48.4047 ] ] ], [ [ [ 28.2388, 48.3963 ], [ 28.2413, 48.4142 ], [ 28.2681, 48.4125 ], [ 28.2707, 48.4303 ], [ 28.2732, 48.4482 ], [ 28.3001, 48.4464 ], [ 28.2975, 48.4286 ], [ 28.2949, 48.4108 ], [ 28.2924, 48.3929 ], [ 28.2656, 48.3946 ], [ 28.263, 48.3768 ], [ 28.2362, 48.3785 ], [ 28.2337, 48.3606 ], [ 28.2069, 48.3623 ], [ 28.2094, 48.3802 ], [ 28.212, 48.398 ], [ 28.2388, 48.3963 ] ] ], [ [ [ 28.1928, 48.4532 ], [ 28.2196, 48.4515 ], [ 28.2171, 48.4337 ], [ 28.2145, 48.4159 ], [ 28.1877, 48.4175 ], [ 28.1852, 48.3997 ], [ 28.1584, 48.4014 ], [ 28.1316, 48.4031 ], [ 28.1341, 48.4209 ], [ 28.1609, 48.4192 ], [ 28.1634, 48.4371 ], [ 28.1902, 48.4354 ], [ 28.1928, 48.4532 ] ] ], [ [ [ 28.3295, 48.4626 ], [ 28.3563, 48.4609 ], [ 28.3537, 48.443 ], [ 28.3511, 48.4252 ], [ 28.3485, 48.4073 ], [ 28.3459, 48.3895 ], [ 28.3433, 48.3717 ], [ 28.3408, 48.3538 ], [ 28.3382, 48.336 ], [ 28.3356, 48.3181 ], [ 28.333, 48.3003 ], [ 28.3063, 48.302 ], [ 28.3089, 48.3199 ], [ 28.3114, 48.3377 ], [ 28.314, 48.3555 ], [ 28.3166, 48.3734 ], [ 28.3191, 48.3912 ], [ 28.3217, 48.4091 ], [ 28.3243, 48.4269 ], [ 28.3269, 48.4447 ], [ 28.3001, 48.4464 ], [ 28.3026, 48.4643 ], [ 28.3295, 48.4626 ] ] ], [ [ [ 28.2221, 48.4694 ], [ 28.2247, 48.4872 ], [ 28.2515, 48.4855 ], [ 28.249, 48.4677 ], [ 28.2221, 48.4694 ] ] ], [ [ [ 28.3181, 48.5713 ], [ 28.345, 48.5696 ], [ 28.3424, 48.5518 ], [ 28.3155, 48.5535 ], [ 28.3129, 48.5356 ], [ 28.2861, 48.5374 ], [ 28.2835, 48.5195 ], [ 28.2809, 48.5017 ], [ 28.2784, 48.4838 ], [ 28.2515, 48.4855 ], [ 28.2541, 48.5034 ], [ 28.2566, 48.5212 ], [ 28.2592, 48.5391 ], [ 28.2618, 48.5569 ], [ 28.2887, 48.5552 ], [ 28.2912, 48.573 ], [ 28.3181, 48.5713 ] ] ], [ [ [ 28.2106, 48.5781 ], [ 28.208, 48.5603 ], [ 28.1811, 48.562 ], [ 28.1837, 48.5798 ], [ 28.2106, 48.5781 ] ] ], [ [ [ 28.3068, 48.6801 ], [ 28.3093, 48.6979 ], [ 28.3119, 48.7157 ], [ 28.3389, 48.714 ], [ 28.3659, 48.7123 ], [ 28.3928, 48.7106 ], [ 28.3954, 48.7284 ], [ 28.4224, 48.7266 ], [ 28.425, 48.7445 ], [ 28.452, 48.7427 ], [ 28.4493, 48.7249 ], [ 28.4467, 48.7071 ], [ 28.4198, 48.7088 ], [ 28.4171, 48.691 ], [ 28.3902, 48.6927 ], [ 28.3632, 48.6945 ], [ 28.3363, 48.6962 ], [ 28.3337, 48.6783 ], [ 28.3068, 48.6801 ] ] ], [ [ [ 28.3276, 48.8228 ], [ 28.3302, 48.8406 ], [ 28.3572, 48.8389 ], [ 28.3546, 48.821 ], [ 28.352, 48.8032 ], [ 28.3494, 48.7854 ], [ 28.3763, 48.7836 ], [ 28.4033, 48.7819 ], [ 28.4007, 48.7641 ], [ 28.3737, 48.7658 ], [ 28.3711, 48.748 ], [ 28.3441, 48.7497 ], [ 28.3171, 48.7514 ], [ 28.3198, 48.7693 ], [ 28.3224, 48.7871 ], [ 28.325, 48.8049 ], [ 28.3276, 48.8228 ] ] ], [ [ [ 28.2118, 48.7761 ], [ 28.1848, 48.7778 ], [ 28.1874, 48.7956 ], [ 28.1603, 48.7973 ], [ 28.1629, 48.8152 ], [ 28.1655, 48.833 ], [ 28.1925, 48.8313 ], [ 28.1899, 48.8135 ], [ 28.2169, 48.8118 ], [ 28.2195, 48.8296 ], [ 28.2465, 48.8279 ], [ 28.2491, 48.8458 ], [ 28.2762, 48.8441 ], [ 28.2736, 48.8262 ], [ 28.271, 48.8084 ], [ 28.2439, 48.8101 ], [ 28.2414, 48.7922 ], [ 28.2388, 48.7744 ], [ 28.2362, 48.7566 ], [ 28.2092, 48.7583 ], [ 28.2118, 48.7761 ] ] ], [ [ [ 28.2725, 49.0063 ], [ 28.2996, 49.0046 ], [ 28.297, 48.9868 ], [ 28.2699, 48.9885 ], [ 28.2725, 49.0063 ] ] ], [ [ [ 28.3023, 49.0224 ], [ 28.3294, 49.0207 ], [ 28.3268, 49.0029 ], [ 28.2996, 49.0046 ], [ 28.3023, 49.0224 ] ] ], [ [ [ 28.2235, 49.0454 ], [ 28.2506, 49.0437 ], [ 28.2778, 49.042 ], [ 28.3049, 49.0403 ], [ 28.3023, 49.0224 ], [ 28.2751, 49.0242 ], [ 28.2725, 49.0063 ], [ 28.2454, 49.008 ], [ 28.248, 49.0259 ], [ 28.2209, 49.0276 ], [ 28.1937, 49.0293 ], [ 28.1963, 49.0471 ], [ 28.2235, 49.0454 ] ] ], [ [ [ 28.283, 49.0777 ], [ 28.2558, 49.0794 ], [ 28.2585, 49.0972 ], [ 28.2856, 49.0955 ], [ 28.3128, 49.0938 ], [ 28.3101, 49.076 ], [ 28.283, 49.0777 ] ] ], [ [ [ 28.2961, 49.1669 ], [ 28.3233, 49.1651 ], [ 28.3207, 49.1473 ], [ 28.2935, 49.149 ], [ 28.2961, 49.1669 ] ] ], [ [ [ 28.3612, 49.2347 ], [ 28.3884, 49.233 ], [ 28.3857, 49.2152 ], [ 28.3585, 49.2169 ], [ 28.3612, 49.2347 ] ] ], [ [ [ 28.312, 49.2739 ], [ 28.3093, 49.2561 ], [ 28.3366, 49.2543 ], [ 28.3638, 49.2526 ], [ 28.3612, 49.2347 ], [ 28.3339, 49.2365 ], [ 28.3067, 49.2382 ], [ 28.2795, 49.2399 ], [ 28.2821, 49.2578 ], [ 28.2847, 49.2756 ], [ 28.312, 49.2739 ] ] ], [ [ [ 28.4537, 49.3008 ], [ 28.4264, 49.3026 ], [ 28.3991, 49.3043 ], [ 28.3719, 49.3061 ], [ 28.3745, 49.3239 ], [ 28.4018, 49.3222 ], [ 28.4291, 49.3204 ], [ 28.4564, 49.3186 ], [ 28.4537, 49.3008 ] ] ], [ [ [ 28.3306, 49.3987 ], [ 28.3279, 49.3809 ], [ 28.3006, 49.3826 ], [ 28.2733, 49.3844 ], [ 28.276, 49.4022 ], [ 28.3033, 49.4005 ], [ 28.3306, 49.3987 ] ] ], [ [ [ 28.3579, 49.397 ], [ 28.3853, 49.3952 ], [ 28.4126, 49.3935 ], [ 28.4399, 49.3917 ], [ 28.4372, 49.3739 ], [ 28.4099, 49.3757 ], [ 28.3826, 49.3774 ], [ 28.3553, 49.3792 ], [ 28.3579, 49.397 ] ] ], [ [ [ 28.4207, 49.447 ], [ 28.3933, 49.4487 ], [ 28.3906, 49.4309 ], [ 28.388, 49.4131 ], [ 28.3606, 49.4148 ], [ 28.3633, 49.4327 ], [ 28.336, 49.4344 ], [ 28.3386, 49.4522 ], [ 28.366, 49.4505 ], [ 28.3687, 49.4683 ], [ 28.396, 49.4666 ], [ 28.4234, 49.4648 ], [ 28.4207, 49.447 ] ] ], [ [ [ 28.2345, 49.4949 ], [ 28.2619, 49.4931 ], [ 28.2592, 49.4753 ], [ 28.2318, 49.477 ], [ 28.2345, 49.4949 ] ] ], [ [ [ 28.2752, 49.5823 ], [ 28.3026, 49.5806 ], [ 28.33, 49.5788 ], [ 28.3273, 49.561 ], [ 28.2999, 49.5627 ], [ 28.2725, 49.5645 ], [ 28.2698, 49.5466 ], [ 28.2424, 49.5484 ], [ 28.2451, 49.5662 ], [ 28.2477, 49.5841 ], [ 28.2504, 49.6019 ], [ 28.2778, 49.6002 ], [ 28.2752, 49.5823 ] ] ], [ [ [ 28.4753, 49.6235 ], [ 28.4726, 49.6057 ], [ 28.4699, 49.5879 ], [ 28.4671, 49.57 ], [ 28.4397, 49.5718 ], [ 28.4424, 49.5896 ], [ 28.4452, 49.6075 ], [ 28.4479, 49.6253 ], [ 28.4506, 49.6431 ], [ 28.4781, 49.6413 ], [ 28.4753, 49.6235 ] ] ], [ [ [ 28.2805, 49.618 ], [ 28.2832, 49.6358 ], [ 28.3106, 49.6341 ], [ 28.3381, 49.6323 ], [ 28.3354, 49.6145 ], [ 28.3079, 49.6163 ], [ 28.3053, 49.5984 ], [ 28.2778, 49.6002 ], [ 28.2805, 49.618 ] ] ], [ [ [ 28.302, 49.7607 ], [ 28.3046, 49.7785 ], [ 28.3322, 49.7768 ], [ 28.3295, 49.7589 ], [ 28.3268, 49.7411 ], [ 28.2993, 49.7428 ], [ 28.2966, 49.725 ], [ 28.2939, 49.7072 ], [ 28.3214, 49.7054 ], [ 28.3187, 49.6876 ], [ 28.2912, 49.6893 ], [ 28.2637, 49.6911 ], [ 28.2664, 49.7089 ], [ 28.2691, 49.7268 ], [ 28.2717, 49.7446 ], [ 28.2744, 49.7624 ], [ 28.302, 49.7607 ] ] ], [ [ [ 28.4166, 48.1329 ], [ 28.4192, 48.1507 ], [ 28.4218, 48.1686 ], [ 28.4485, 48.1668 ], [ 28.4459, 48.149 ], [ 28.4433, 48.1312 ], [ 28.4166, 48.1329 ] ] ], [ [ [ 28.4667, 48.2917 ], [ 28.4934, 48.2899 ], [ 28.4908, 48.2721 ], [ 28.4641, 48.2738 ], [ 28.4667, 48.2917 ] ] ], [ [ [ 28.4851, 48.4165 ], [ 28.5119, 48.4147 ], [ 28.5092, 48.3969 ], [ 28.5066, 48.3791 ], [ 28.4798, 48.3808 ], [ 28.4824, 48.3987 ], [ 28.4851, 48.4165 ] ] ], [ [ [ 28.5062, 48.5591 ], [ 28.5331, 48.5574 ], [ 28.5304, 48.5395 ], [ 28.5036, 48.5413 ], [ 28.5062, 48.5591 ] ] ], [ [ [ 28.404, 48.6018 ], [ 28.4309, 48.6001 ], [ 28.4282, 48.5822 ], [ 28.4014, 48.584 ], [ 28.404, 48.6018 ] ] ], [ [ [ 28.4578, 48.5983 ], [ 28.4604, 48.6162 ], [ 28.4873, 48.6144 ], [ 28.4846, 48.5966 ], [ 28.4578, 48.5983 ] ] ], [ [ [ 28.5168, 48.6305 ], [ 28.5142, 48.6126 ], [ 28.4873, 48.6144 ], [ 28.4899, 48.6322 ], [ 28.4926, 48.6501 ], [ 28.5195, 48.6483 ], [ 28.5464, 48.6465 ], [ 28.5437, 48.6287 ], [ 28.5168, 48.6305 ] ] ], [ [ [ 28.4361, 48.6357 ], [ 28.463, 48.634 ], [ 28.4604, 48.6162 ], [ 28.4335, 48.6179 ], [ 28.4361, 48.6357 ] ] ], [ [ [ 28.5247, 48.864 ], [ 28.5517, 48.8622 ], [ 28.5787, 48.8605 ], [ 28.5814, 48.8783 ], [ 28.6084, 48.8765 ], [ 28.6355, 48.8747 ], [ 28.6327, 48.8569 ], [ 28.6057, 48.8587 ], [ 28.603, 48.8408 ], [ 28.576, 48.8426 ], [ 28.549, 48.8444 ], [ 28.5463, 48.8266 ], [ 28.5193, 48.8284 ], [ 28.4923, 48.8301 ], [ 28.4653, 48.8319 ], [ 28.4679, 48.8497 ], [ 28.495, 48.848 ], [ 28.522, 48.8462 ], [ 28.5247, 48.864 ] ] ], [ [ [ 28.3975, 48.9263 ], [ 28.4245, 48.9246 ], [ 28.4516, 48.9228 ], [ 28.4786, 48.9211 ], [ 28.5057, 48.9193 ], [ 28.503, 48.9015 ], [ 28.5003, 48.8836 ], [ 28.4733, 48.8854 ], [ 28.4462, 48.8871 ], [ 28.4489, 48.905 ], [ 28.4219, 48.9067 ], [ 28.3948, 48.9085 ], [ 28.3975, 48.9263 ] ] ], [ [ [ 28.5436, 48.9888 ], [ 28.5165, 48.9906 ], [ 28.5192, 49.0084 ], [ 28.5463, 49.0067 ], [ 28.549, 49.0245 ], [ 28.5761, 49.0227 ], [ 28.6032, 49.0209 ], [ 28.6303, 49.0191 ], [ 28.6574, 49.0173 ], [ 28.6546, 48.9995 ], [ 28.6275, 49.0013 ], [ 28.6005, 49.0031 ], [ 28.5734, 49.0049 ], [ 28.5706, 48.987 ], [ 28.5436, 48.9888 ] ] ], [ [ [ 28.4161, 49.0512 ], [ 28.4432, 49.0494 ], [ 28.4703, 49.0476 ], [ 28.4974, 49.0459 ], [ 28.4948, 49.028 ], [ 28.4676, 49.0298 ], [ 28.465, 49.012 ], [ 28.4378, 49.0137 ], [ 28.4405, 49.0316 ], [ 28.4134, 49.0333 ], [ 28.4161, 49.0512 ] ] ], [ [ [ 28.5571, 49.078 ], [ 28.5598, 49.0958 ], [ 28.5626, 49.1136 ], [ 28.5897, 49.1118 ], [ 28.587, 49.094 ], [ 28.6141, 49.0922 ], [ 28.6114, 49.0744 ], [ 28.6385, 49.0726 ], [ 28.6358, 49.0547 ], [ 28.6087, 49.0566 ], [ 28.5815, 49.0583 ], [ 28.5843, 49.0762 ], [ 28.5571, 49.078 ] ] ], [ [ [ 28.5381, 49.1332 ], [ 28.5653, 49.1314 ], [ 28.5626, 49.1136 ], [ 28.5354, 49.1154 ], [ 28.5381, 49.1332 ] ] ], [ [ [ 28.4348, 49.176 ], [ 28.462, 49.1742 ], [ 28.4593, 49.1564 ], [ 28.4566, 49.1386 ], [ 28.4294, 49.1403 ], [ 28.4321, 49.1581 ], [ 28.4348, 49.176 ] ] ], [ [ [ 28.5218, 49.2063 ], [ 28.4946, 49.2081 ], [ 28.4973, 49.2259 ], [ 28.5, 49.2438 ], [ 28.5273, 49.242 ], [ 28.5245, 49.2242 ], [ 28.5518, 49.2224 ], [ 28.579, 49.2206 ], [ 28.5762, 49.2027 ], [ 28.549, 49.2045 ], [ 28.5218, 49.2063 ] ] ], [ [ [ 28.4755, 49.2634 ], [ 28.5028, 49.2616 ], [ 28.5, 49.2438 ], [ 28.4728, 49.2455 ], [ 28.4755, 49.2634 ] ] ], [ [ [ 28.5409, 49.3311 ], [ 28.5437, 49.3489 ], [ 28.571, 49.3472 ], [ 28.5737, 49.365 ], [ 28.601, 49.3632 ], [ 28.6038, 49.381 ], [ 28.6065, 49.3988 ], [ 28.5792, 49.4006 ], [ 28.582, 49.4185 ], [ 28.6093, 49.4167 ], [ 28.6366, 49.4148 ], [ 28.6338, 49.397 ], [ 28.6611, 49.3952 ], [ 28.6584, 49.3774 ], [ 28.6556, 49.3596 ], [ 28.6283, 49.3614 ], [ 28.6255, 49.3435 ], [ 28.5982, 49.3454 ], [ 28.5955, 49.3275 ], [ 28.5927, 49.3097 ], [ 28.5655, 49.3115 ], [ 28.5627, 49.2937 ], [ 28.5355, 49.2955 ], [ 28.5082, 49.2973 ], [ 28.5109, 49.3151 ], [ 28.5136, 49.3329 ], [ 28.5409, 49.3311 ] ] ], [ [ [ 28.4864, 49.3347 ], [ 28.4836, 49.3169 ], [ 28.4564, 49.3186 ], [ 28.4591, 49.3365 ], [ 28.4618, 49.3543 ], [ 28.4891, 49.3525 ], [ 28.5164, 49.3507 ], [ 28.5136, 49.3329 ], [ 28.4864, 49.3347 ] ] ], [ [ [ 28.4645, 49.3721 ], [ 28.4618, 49.3543 ], [ 28.4345, 49.3561 ], [ 28.4372, 49.3739 ], [ 28.4645, 49.3721 ] ] ], [ [ [ 28.5685, 49.5094 ], [ 28.5411, 49.5112 ], [ 28.5438, 49.529 ], [ 28.5712, 49.5272 ], [ 28.574, 49.545 ], [ 28.6014, 49.5432 ], [ 28.6042, 49.5611 ], [ 28.6316, 49.5592 ], [ 28.6344, 49.5771 ], [ 28.6618, 49.5752 ], [ 28.6892, 49.5734 ], [ 28.6864, 49.5556 ], [ 28.659, 49.5574 ], [ 28.6562, 49.5396 ], [ 28.6288, 49.5414 ], [ 28.626, 49.5236 ], [ 28.5986, 49.5254 ], [ 28.5958, 49.5076 ], [ 28.5685, 49.5094 ] ] ], [ [ [ 28.4918, 49.5504 ], [ 28.4945, 49.5682 ], [ 28.4973, 49.5861 ], [ 28.5247, 49.5843 ], [ 28.5219, 49.5665 ], [ 28.5192, 49.5486 ], [ 28.4918, 49.5504 ] ] ], [ [ [ 28.5521, 49.5825 ], [ 28.5247, 49.5843 ], [ 28.5275, 49.6021 ], [ 28.5302, 49.6199 ], [ 28.5577, 49.6181 ], [ 28.5851, 49.6163 ], [ 28.5823, 49.5985 ], [ 28.5549, 49.6003 ], [ 28.5521, 49.5825 ] ] ], [ [ [ 28.69, 49.7534 ], [ 28.6871, 49.7356 ], [ 28.6843, 49.7178 ], [ 28.6815, 49.7 ], [ 28.6787, 49.6822 ], [ 28.6512, 49.684 ], [ 28.654, 49.7018 ], [ 28.6265, 49.7036 ], [ 28.6293, 49.7215 ], [ 28.6568, 49.7196 ], [ 28.6596, 49.7375 ], [ 28.6625, 49.7553 ], [ 28.69, 49.7534 ] ] ], [ [ [ 28.5249, 49.7643 ], [ 28.5524, 49.7625 ], [ 28.5799, 49.7607 ], [ 28.6074, 49.7589 ], [ 28.6046, 49.7411 ], [ 28.5771, 49.7429 ], [ 28.5743, 49.7251 ], [ 28.5716, 49.7073 ], [ 28.5441, 49.7091 ], [ 28.5166, 49.7109 ], [ 28.5194, 49.7287 ], [ 28.5469, 49.7269 ], [ 28.5496, 49.7447 ], [ 28.5221, 49.7465 ], [ 28.5249, 49.7643 ] ] ], [ [ [ 28.5057, 49.8196 ], [ 28.5332, 49.8178 ], [ 28.536, 49.8357 ], [ 28.5636, 49.8338 ], [ 28.5608, 49.816 ], [ 28.558, 49.7982 ], [ 28.5305, 49.8 ], [ 28.5029, 49.8018 ], [ 28.5057, 49.8196 ] ] ], [ [ [ 28.643, 48.208 ], [ 28.6457, 48.2258 ], [ 28.6724, 48.224 ], [ 28.675, 48.2419 ], [ 28.7017, 48.2401 ], [ 28.7284, 48.2383 ], [ 28.7257, 48.2204 ], [ 28.699, 48.2222 ], [ 28.6963, 48.2044 ], [ 28.6697, 48.2062 ], [ 28.667, 48.1884 ], [ 28.6643, 48.1706 ], [ 28.6617, 48.1527 ], [ 28.635, 48.1545 ], [ 28.6324, 48.1367 ], [ 28.6057, 48.1385 ], [ 28.6084, 48.1563 ], [ 28.611, 48.1741 ], [ 28.6377, 48.1723 ], [ 28.6403, 48.1902 ], [ 28.643, 48.208 ] ] ], [ [ [ 28.5577, 48.1777 ], [ 28.5844, 48.1759 ], [ 28.5817, 48.1581 ], [ 28.5551, 48.1598 ], [ 28.5577, 48.1777 ] ] ], [ [ [ 28.6858, 48.3132 ], [ 28.6831, 48.2953 ], [ 28.7098, 48.2935 ], [ 28.7125, 48.3114 ], [ 28.7392, 48.3095 ], [ 28.7365, 48.2917 ], [ 28.7338, 48.2739 ], [ 28.7071, 48.2757 ], [ 28.7044, 48.2579 ], [ 28.6777, 48.2597 ], [ 28.651, 48.2615 ], [ 28.6483, 48.2436 ], [ 28.6217, 48.2454 ], [ 28.6243, 48.2633 ], [ 28.627, 48.2811 ], [ 28.6297, 48.2989 ], [ 28.6323, 48.3167 ], [ 28.6591, 48.3149 ], [ 28.6618, 48.3328 ], [ 28.6885, 48.331 ], [ 28.6858, 48.3132 ] ], [ [ 28.6564, 48.2971 ], [ 28.6537, 48.2793 ], [ 28.6804, 48.2775 ], [ 28.6831, 48.2953 ], [ 28.6564, 48.2971 ] ] ], [ [ [ 28.5815, 48.3381 ], [ 28.5789, 48.3203 ], [ 28.5762, 48.3025 ], [ 28.5495, 48.3042 ], [ 28.5521, 48.3221 ], [ 28.5548, 48.3399 ], [ 28.5815, 48.3381 ] ] ], [ [ [ 28.6163, 48.3898 ], [ 28.6136, 48.372 ], [ 28.6109, 48.3542 ], [ 28.6083, 48.3363 ], [ 28.5815, 48.3381 ], [ 28.5842, 48.3559 ], [ 28.5869, 48.3738 ], [ 28.5895, 48.3916 ], [ 28.5922, 48.4094 ], [ 28.619, 48.4076 ], [ 28.6457, 48.4059 ], [ 28.6431, 48.388 ], [ 28.6163, 48.3898 ] ] ], [ [ [ 28.5386, 48.413 ], [ 28.5119, 48.4147 ], [ 28.5145, 48.4326 ], [ 28.5171, 48.4504 ], [ 28.5198, 48.4682 ], [ 28.5466, 48.4665 ], [ 28.5734, 48.4647 ], [ 28.5707, 48.4469 ], [ 28.5439, 48.4486 ], [ 28.5413, 48.4308 ], [ 28.5386, 48.413 ] ] ], [ [ [ 28.67, 48.5663 ], [ 28.6673, 48.5485 ], [ 28.6646, 48.5306 ], [ 28.6378, 48.5324 ], [ 28.6405, 48.5503 ], [ 28.6432, 48.5681 ], [ 28.6459, 48.5859 ], [ 28.6486, 48.6037 ], [ 28.6513, 48.6216 ], [ 28.6782, 48.6198 ], [ 28.6755, 48.6019 ], [ 28.6728, 48.5841 ], [ 28.67, 48.5663 ] ] ], [ [ [ 28.6271, 48.6412 ], [ 28.654, 48.6394 ], [ 28.6513, 48.6216 ], [ 28.6244, 48.6234 ], [ 28.6271, 48.6412 ] ] ], [ [ [ 28.716, 48.6892 ], [ 28.7429, 48.6874 ], [ 28.7457, 48.7052 ], [ 28.7726, 48.7034 ], [ 28.7698, 48.6856 ], [ 28.7671, 48.6678 ], [ 28.7402, 48.6696 ], [ 28.7133, 48.6714 ], [ 28.716, 48.6892 ] ] ], [ [ [ 28.611, 48.7143 ], [ 28.5841, 48.7161 ], [ 28.5868, 48.7339 ], [ 28.6137, 48.7321 ], [ 28.6407, 48.7303 ], [ 28.6676, 48.7285 ], [ 28.6946, 48.7267 ], [ 28.7215, 48.7249 ], [ 28.7484, 48.7231 ], [ 28.7457, 48.7052 ], [ 28.7188, 48.7071 ], [ 28.6918, 48.7089 ], [ 28.6649, 48.7107 ], [ 28.638, 48.7125 ], [ 28.611, 48.7143 ] ] ], [ [ [ 28.5679, 48.7892 ], [ 28.5949, 48.7874 ], [ 28.6219, 48.7856 ], [ 28.6488, 48.7838 ], [ 28.6461, 48.766 ], [ 28.6731, 48.7642 ], [ 28.6703, 48.7463 ], [ 28.6434, 48.7481 ], [ 28.6164, 48.7499 ], [ 28.6191, 48.7678 ], [ 28.5922, 48.7695 ], [ 28.5652, 48.7713 ], [ 28.5679, 48.7892 ] ] ], [ [ [ 28.7539, 48.7587 ], [ 28.727, 48.7605 ], [ 28.7, 48.7623 ], [ 28.7028, 48.7802 ], [ 28.7297, 48.7783 ], [ 28.7325, 48.7962 ], [ 28.7595, 48.7943 ], [ 28.7864, 48.7925 ], [ 28.7837, 48.7747 ], [ 28.7567, 48.7765 ], [ 28.7539, 48.7587 ] ] ], [ [ [ 28.6543, 48.8194 ], [ 28.6273, 48.8212 ], [ 28.63, 48.8391 ], [ 28.6327, 48.8569 ], [ 28.6598, 48.8551 ], [ 28.657, 48.8373 ], [ 28.6543, 48.8194 ] ] ], [ [ [ 28.7359, 48.994 ], [ 28.7331, 48.9762 ], [ 28.706, 48.978 ], [ 28.679, 48.9798 ], [ 28.6817, 48.9977 ], [ 28.7088, 48.9958 ], [ 28.7359, 48.994 ] ] ], [ [ [ 28.7282, 49.1206 ], [ 28.7554, 49.1188 ], [ 28.7825, 49.1169 ], [ 28.7797, 49.0991 ], [ 28.7526, 49.1009 ], [ 28.7255, 49.1028 ], [ 28.7227, 49.0849 ], [ 28.7498, 49.0831 ], [ 28.747, 49.0653 ], [ 28.7199, 49.0671 ], [ 28.6928, 49.0689 ], [ 28.6955, 49.0868 ], [ 28.6983, 49.1046 ], [ 28.6712, 49.1064 ], [ 28.6739, 49.1242 ], [ 28.7011, 49.1224 ], [ 28.7282, 49.1206 ] ] ], [ [ [ 28.7206, 49.2472 ], [ 28.7478, 49.2453 ], [ 28.745, 49.2275 ], [ 28.7422, 49.2097 ], [ 28.715, 49.2115 ], [ 28.7178, 49.2293 ], [ 28.7206, 49.2472 ] ] ], [ [ [ 28.6389, 49.2526 ], [ 28.6662, 49.2508 ], [ 28.6634, 49.233 ], [ 28.6362, 49.2348 ], [ 28.6389, 49.2526 ] ] ], [ [ [ 28.8323, 49.2576 ], [ 28.8295, 49.2398 ], [ 28.8022, 49.2416 ], [ 28.7994, 49.2238 ], [ 28.7722, 49.2257 ], [ 28.775, 49.2435 ], [ 28.7478, 49.2453 ], [ 28.7506, 49.2631 ], [ 28.7778, 49.2613 ], [ 28.8051, 49.2595 ], [ 28.8323, 49.2576 ] ] ], [ [ [ 28.7506, 49.2631 ], [ 28.7234, 49.265 ], [ 28.6962, 49.2668 ], [ 28.6934, 49.249 ], [ 28.6662, 49.2508 ], [ 28.6689, 49.2686 ], [ 28.6717, 49.2864 ], [ 28.699, 49.2846 ], [ 28.7017, 49.3024 ], [ 28.729, 49.3006 ], [ 28.7262, 49.2828 ], [ 28.7534, 49.281 ], [ 28.7506, 49.2631 ] ] ], [ [ [ 28.7703, 49.3879 ], [ 28.743, 49.3897 ], [ 28.7459, 49.4075 ], [ 28.7732, 49.4057 ], [ 28.8005, 49.4038 ], [ 28.7976, 49.386 ], [ 28.7703, 49.3879 ] ] ], [ [ [ 28.6723, 49.4665 ], [ 28.6997, 49.4647 ], [ 28.7025, 49.4825 ], [ 28.7053, 49.5003 ], [ 28.7326, 49.4985 ], [ 28.7298, 49.4806 ], [ 28.727, 49.4628 ], [ 28.7543, 49.461 ], [ 28.7515, 49.4432 ], [ 28.7242, 49.445 ], [ 28.6969, 49.4468 ], [ 28.6941, 49.429 ], [ 28.6912, 49.4112 ], [ 28.6639, 49.413 ], [ 28.6667, 49.4308 ], [ 28.6695, 49.4487 ], [ 28.6723, 49.4665 ] ] ], [ [ [ 28.8564, 49.5801 ], [ 28.8535, 49.5623 ], [ 28.8507, 49.5445 ], [ 28.878, 49.5426 ], [ 28.8809, 49.5604 ], [ 28.9083, 49.5586 ], [ 28.9054, 49.5407 ], [ 28.9025, 49.5229 ], [ 28.8752, 49.5248 ], [ 28.8478, 49.5267 ], [ 28.8204, 49.5285 ], [ 28.8233, 49.5464 ], [ 28.8261, 49.5642 ], [ 28.829, 49.582 ], [ 28.8564, 49.5801 ] ] ], [ [ [ 28.6787, 49.6822 ], [ 28.7061, 49.6803 ], [ 28.7033, 49.6625 ], [ 28.6758, 49.6643 ], [ 28.6787, 49.6822 ] ] ], [ [ [ 28.709, 49.6981 ], [ 28.7364, 49.6963 ], [ 28.7336, 49.6785 ], [ 28.7061, 49.6803 ], [ 28.709, 49.6981 ] ] ], [ [ [ 28.8303, 49.762 ], [ 28.8578, 49.7601 ], [ 28.8549, 49.7423 ], [ 28.8275, 49.7442 ], [ 28.8303, 49.762 ] ] ], [ [ [ 28.8607, 49.7779 ], [ 28.8636, 49.7957 ], [ 28.8665, 49.8136 ], [ 28.8941, 49.8117 ], [ 28.897, 49.8295 ], [ 28.9245, 49.8276 ], [ 28.9216, 49.8098 ], [ 28.9187, 49.792 ], [ 28.9157, 49.7742 ], [ 28.8882, 49.7761 ], [ 28.8853, 49.7582 ], [ 28.8578, 49.7601 ], [ 28.8607, 49.7779 ] ] ], [ [ [ 28.8173, 49.8529 ], [ 28.8448, 49.8511 ], [ 28.8724, 49.8492 ], [ 28.8695, 49.8314 ], [ 28.8419, 49.8332 ], [ 28.8144, 49.8351 ], [ 28.8115, 49.8173 ], [ 28.784, 49.8192 ], [ 28.7564, 49.821 ], [ 28.7593, 49.8388 ], [ 28.7868, 49.837 ], [ 28.7897, 49.8548 ], [ 28.8173, 49.8529 ] ] ], [ [ [ 28.7975, 48.1615 ], [ 28.8003, 48.1794 ], [ 28.8269, 48.1775 ], [ 28.8296, 48.1954 ], [ 28.8563, 48.1935 ], [ 28.8829, 48.1917 ], [ 28.8802, 48.1739 ], [ 28.8535, 48.1757 ], [ 28.8508, 48.1579 ], [ 28.8242, 48.1597 ], [ 28.8214, 48.1419 ], [ 28.7948, 48.1437 ], [ 28.7921, 48.1259 ], [ 28.7894, 48.1081 ], [ 28.7628, 48.1099 ], [ 28.7601, 48.0921 ], [ 28.7335, 48.0939 ], [ 28.7362, 48.1117 ], [ 28.7389, 48.1295 ], [ 28.7655, 48.1277 ], [ 28.7682, 48.1455 ], [ 28.7709, 48.1634 ], [ 28.7975, 48.1615 ] ] ], [ [ [ 28.7176, 48.167 ], [ 28.7149, 48.1491 ], [ 28.7122, 48.1313 ], [ 28.6856, 48.1331 ], [ 28.6829, 48.1153 ], [ 28.6563, 48.1171 ], [ 28.659, 48.1349 ], [ 28.6617, 48.1527 ], [ 28.6883, 48.1509 ], [ 28.691, 48.1688 ], [ 28.6937, 48.1866 ], [ 28.6963, 48.2044 ], [ 28.723, 48.2026 ], [ 28.7203, 48.1848 ], [ 28.7176, 48.167 ] ] ], [ [ [ 28.8728, 48.3004 ], [ 28.87, 48.2826 ], [ 28.8673, 48.2648 ], [ 28.8645, 48.247 ], [ 28.8378, 48.2488 ], [ 28.8406, 48.2666 ], [ 28.8433, 48.2844 ], [ 28.8461, 48.3023 ], [ 28.8488, 48.3201 ], [ 28.8755, 48.3182 ], [ 28.8728, 48.3004 ] ] ], [ [ [ 28.7419, 48.3274 ], [ 28.7687, 48.3256 ], [ 28.7659, 48.3077 ], [ 28.7392, 48.3095 ], [ 28.7419, 48.3274 ] ] ], [ [ [ 28.8276, 48.3575 ], [ 28.8543, 48.3557 ], [ 28.8516, 48.3379 ], [ 28.8488, 48.3201 ], [ 28.8221, 48.3219 ], [ 28.8248, 48.3397 ], [ 28.8276, 48.3575 ] ] ], [ [ [ 28.785, 48.4325 ], [ 28.7823, 48.4147 ], [ 28.7555, 48.4165 ], [ 28.7288, 48.4183 ], [ 28.7315, 48.4361 ], [ 28.7583, 48.4343 ], [ 28.761, 48.4521 ], [ 28.7878, 48.4503 ], [ 28.785, 48.4325 ] ] ], [ [ [ 28.7342, 48.4539 ], [ 28.7315, 48.4361 ], [ 28.7047, 48.4379 ], [ 28.7074, 48.4557 ], [ 28.7101, 48.4736 ], [ 28.7129, 48.4914 ], [ 28.7397, 48.4896 ], [ 28.7369, 48.4718 ], [ 28.7342, 48.4539 ] ] ], [ [ [ 28.9033, 48.4964 ], [ 28.9301, 48.4945 ], [ 28.9569, 48.4927 ], [ 28.9837, 48.4908 ], [ 29.0105, 48.4889 ], [ 29.0372, 48.4871 ], [ 29.064, 48.4852 ], [ 29.0908, 48.4833 ], [ 29.1176, 48.4814 ], [ 29.1147, 48.4636 ], [ 29.1415, 48.4617 ], [ 29.1683, 48.4598 ], [ 29.1654, 48.442 ], [ 29.1625, 48.4242 ], [ 29.1893, 48.4222 ], [ 29.1864, 48.4044 ], [ 29.1597, 48.4064 ], [ 29.1329, 48.4083 ], [ 29.1062, 48.4102 ], [ 29.0794, 48.4121 ], [ 29.0823, 48.4299 ], [ 29.0555, 48.4317 ], [ 29.0288, 48.4336 ], [ 29.002, 48.4355 ], [ 28.9752, 48.4374 ], [ 28.978, 48.4552 ], [ 28.9808, 48.473 ], [ 28.9541, 48.4749 ], [ 28.9273, 48.4767 ], [ 28.9005, 48.4786 ], [ 28.8737, 48.4804 ], [ 28.8765, 48.4982 ], [ 28.9033, 48.4964 ] ] ], [ [ [ 28.8607, 48.5714 ], [ 28.858, 48.5535 ], [ 28.8311, 48.5554 ], [ 28.8339, 48.5732 ], [ 28.8367, 48.591 ], [ 28.8635, 48.5892 ], [ 28.8904, 48.5873 ], [ 28.9172, 48.5855 ], [ 28.9144, 48.5677 ], [ 28.8876, 48.5695 ], [ 28.8607, 48.5714 ] ] ], [ [ [ 28.8422, 48.6266 ], [ 28.8153, 48.6285 ], [ 28.8181, 48.6463 ], [ 28.845, 48.6445 ], [ 28.8719, 48.6426 ], [ 28.8988, 48.6408 ], [ 28.9256, 48.6389 ], [ 28.9525, 48.637 ], [ 28.9794, 48.6352 ], [ 29.0063, 48.6333 ], [ 29.0034, 48.6155 ], [ 28.9766, 48.6174 ], [ 28.9497, 48.6192 ], [ 28.9228, 48.6211 ], [ 28.896, 48.6229 ], [ 28.8691, 48.6248 ], [ 28.8422, 48.6266 ] ] ], [ [ [ 28.8209, 48.6641 ], [ 28.8181, 48.6463 ], [ 28.7912, 48.6481 ], [ 28.7643, 48.65 ], [ 28.7671, 48.6678 ], [ 28.794, 48.666 ], [ 28.8209, 48.6641 ] ] ], [ [ [ 28.8747, 48.6604 ], [ 28.8478, 48.6623 ], [ 28.8209, 48.6641 ], [ 28.8237, 48.6819 ], [ 28.8506, 48.6801 ], [ 28.8775, 48.6782 ], [ 28.8747, 48.6604 ] ] ], [ [ [ 28.8887, 48.7495 ], [ 28.9156, 48.7476 ], [ 28.9128, 48.7298 ], [ 28.9397, 48.728 ], [ 28.9666, 48.7261 ], [ 28.9638, 48.7083 ], [ 28.9369, 48.7102 ], [ 28.91, 48.712 ], [ 28.8831, 48.7139 ], [ 28.8859, 48.7317 ], [ 28.8589, 48.7335 ], [ 28.8617, 48.7514 ], [ 28.8887, 48.7495 ] ] ], [ [ [ 28.8432, 48.8067 ], [ 28.8701, 48.8048 ], [ 28.8673, 48.787 ], [ 28.8404, 48.7888 ], [ 28.8432, 48.8067 ] ] ], [ [ [ 28.8162, 48.8085 ], [ 28.8134, 48.7907 ], [ 28.7864, 48.7925 ], [ 28.7892, 48.8103 ], [ 28.792, 48.8282 ], [ 28.819, 48.8263 ], [ 28.8218, 48.8441 ], [ 28.8488, 48.8423 ], [ 28.846, 48.8245 ], [ 28.8432, 48.8067 ], [ 28.8162, 48.8085 ] ] ], [ [ [ 28.8729, 48.8226 ], [ 28.8999, 48.8208 ], [ 28.8971, 48.8029 ], [ 28.8701, 48.8048 ], [ 28.8729, 48.8226 ] ] ], [ [ [ 28.7976, 48.8638 ], [ 28.8246, 48.8619 ], [ 28.8218, 48.8441 ], [ 28.7948, 48.846 ], [ 28.7976, 48.8638 ] ] ], [ [ [ 28.8143, 48.9707 ], [ 28.8171, 48.9885 ], [ 28.8199, 49.0063 ], [ 28.847, 49.0045 ], [ 28.8442, 48.9867 ], [ 28.8414, 48.9688 ], [ 28.8684, 48.967 ], [ 28.8955, 48.9651 ], [ 28.8927, 48.9473 ], [ 28.8656, 48.9492 ], [ 28.8386, 48.951 ], [ 28.8115, 48.9529 ], [ 28.8143, 48.9707 ] ] ], [ [ [ 28.9425, 49.0879 ], [ 28.9696, 49.0861 ], [ 28.9667, 49.0683 ], [ 28.9396, 49.0701 ], [ 28.9425, 49.0879 ] ] ], [ [ [ 28.9754, 49.1217 ], [ 28.9725, 49.1039 ], [ 28.9454, 49.1058 ], [ 28.9482, 49.1236 ], [ 28.9211, 49.1254 ], [ 28.9239, 49.1433 ], [ 28.9511, 49.1414 ], [ 28.9782, 49.1395 ], [ 28.9754, 49.1217 ] ] ], [ [ [ 28.7966, 49.206 ], [ 28.7994, 49.2238 ], [ 28.8266, 49.222 ], [ 28.8238, 49.2042 ], [ 28.7966, 49.206 ] ] ], [ [ [ 28.8295, 49.2398 ], [ 28.8567, 49.2379 ], [ 28.8839, 49.2361 ], [ 28.881, 49.2182 ], [ 28.8538, 49.2201 ], [ 28.8266, 49.222 ], [ 28.8295, 49.2398 ] ] ], [ [ [ 28.8738, 49.3448 ], [ 28.901, 49.3429 ], [ 28.8982, 49.3251 ], [ 28.8709, 49.327 ], [ 28.8738, 49.3448 ] ] ], [ [ [ 28.9312, 49.3589 ], [ 28.9283, 49.3411 ], [ 28.901, 49.3429 ], [ 28.9039, 49.3607 ], [ 28.9068, 49.3786 ], [ 28.9097, 49.3964 ], [ 28.9125, 49.4142 ], [ 28.9398, 49.4123 ], [ 28.9369, 49.3945 ], [ 28.9341, 49.3767 ], [ 28.9312, 49.3589 ] ] ], [ [ [ 28.9788, 49.4816 ], [ 28.9758, 49.4638 ], [ 28.9485, 49.4657 ], [ 28.9212, 49.4676 ], [ 28.8939, 49.4695 ], [ 28.8665, 49.4714 ], [ 28.8694, 49.4892 ], [ 28.8723, 49.507 ], [ 28.8996, 49.5051 ], [ 28.8967, 49.4873 ], [ 28.9241, 49.4854 ], [ 28.9514, 49.4835 ], [ 28.9788, 49.4816 ] ] ], [ [ [ 28.9502, 49.6457 ], [ 28.9228, 49.6476 ], [ 28.9257, 49.6654 ], [ 28.9532, 49.6635 ], [ 28.9806, 49.6616 ], [ 28.9777, 49.6438 ], [ 28.9747, 49.626 ], [ 28.9473, 49.6279 ], [ 28.9502, 49.6457 ] ] ], [ [ [ 28.9894, 49.715 ], [ 28.9865, 49.6972 ], [ 29.0139, 49.6953 ], [ 29.011, 49.6775 ], [ 29.008, 49.6597 ], [ 28.9806, 49.6616 ], [ 28.9835, 49.6794 ], [ 28.9561, 49.6813 ], [ 28.959, 49.6991 ], [ 28.9316, 49.701 ], [ 28.9345, 49.7188 ], [ 28.9619, 49.7169 ], [ 28.9894, 49.715 ] ] ], [ [ [ 29.0443, 49.7112 ], [ 29.0414, 49.6934 ], [ 29.0139, 49.6953 ], [ 29.0169, 49.7131 ], [ 29.0443, 49.7112 ] ] ], [ [ [ 28.949, 48.0971 ], [ 28.9462, 48.0793 ], [ 28.9197, 48.0811 ], [ 28.9169, 48.0633 ], [ 28.8903, 48.0651 ], [ 28.8876, 48.0473 ], [ 28.861, 48.0492 ], [ 28.8637, 48.067 ], [ 28.8665, 48.0848 ], [ 28.8931, 48.083 ], [ 28.8958, 48.1008 ], [ 28.9224, 48.0989 ], [ 28.9252, 48.1167 ], [ 28.9518, 48.1149 ], [ 28.949, 48.0971 ] ] ], [ [ [ 28.9867, 48.1665 ], [ 29.0133, 48.1646 ], [ 29.0105, 48.1468 ], [ 28.9839, 48.1487 ], [ 28.9867, 48.1665 ] ] ], [ [ [ 28.9668, 48.3839 ], [ 28.9401, 48.3858 ], [ 28.9429, 48.4036 ], [ 28.9696, 48.4018 ], [ 28.9964, 48.3999 ], [ 29.0231, 48.398 ], [ 29.0499, 48.3961 ], [ 29.0766, 48.3942 ], [ 29.0738, 48.3764 ], [ 29.047, 48.3783 ], [ 29.0442, 48.3605 ], [ 29.0175, 48.3624 ], [ 28.9908, 48.3643 ], [ 28.9936, 48.3821 ], [ 28.9668, 48.3839 ] ] ], [ [ [ 28.9625, 48.5283 ], [ 28.9357, 48.5302 ], [ 28.9385, 48.548 ], [ 28.9653, 48.5461 ], [ 28.9921, 48.5442 ], [ 29.0189, 48.5424 ], [ 29.0458, 48.5405 ], [ 29.0726, 48.5386 ], [ 29.0994, 48.5367 ], [ 29.1262, 48.5348 ], [ 29.1233, 48.517 ], [ 29.0965, 48.5189 ], [ 29.0697, 48.5208 ], [ 29.0429, 48.5227 ], [ 29.0161, 48.5246 ], [ 28.9893, 48.5264 ], [ 28.9625, 48.5283 ] ] ], [ [ [ 29.0006, 48.5977 ], [ 28.9978, 48.5799 ], [ 28.9709, 48.5817 ], [ 28.9441, 48.5836 ], [ 28.9172, 48.5855 ], [ 28.92, 48.6033 ], [ 28.9469, 48.6014 ], [ 28.9737, 48.5995 ], [ 29.0006, 48.5977 ] ] ], [ [ [ 28.961, 48.6905 ], [ 28.9638, 48.7083 ], [ 28.9907, 48.7064 ], [ 29.0176, 48.7045 ], [ 29.0148, 48.6867 ], [ 29.0417, 48.6848 ], [ 29.0686, 48.6829 ], [ 29.0657, 48.6651 ], [ 29.0388, 48.667 ], [ 29.0119, 48.6689 ], [ 28.9851, 48.6708 ], [ 28.9879, 48.6886 ], [ 28.961, 48.6905 ] ] ], [ [ [ 29.1041, 48.7345 ], [ 29.0772, 48.7364 ], [ 29.08, 48.7542 ], [ 29.107, 48.7523 ], [ 29.1041, 48.7345 ] ] ], [ [ [ 29.0531, 48.7561 ], [ 29.0262, 48.758 ], [ 29.029, 48.7758 ], [ 29.056, 48.7739 ], [ 29.0829, 48.772 ], [ 29.08, 48.7542 ], [ 29.0531, 48.7561 ] ] ], [ [ [ 29.0858, 48.7898 ], [ 29.1128, 48.7879 ], [ 29.1099, 48.7701 ], [ 29.0829, 48.772 ], [ 29.0858, 48.7898 ] ] ], [ [ [ 29.0704, 48.8629 ], [ 29.0434, 48.8648 ], [ 29.0462, 48.8826 ], [ 29.0491, 48.9004 ], [ 29.052, 48.9182 ], [ 29.0549, 48.936 ], [ 29.0578, 48.9538 ], [ 29.0848, 48.9519 ], [ 29.1118, 48.95 ], [ 29.1089, 48.9322 ], [ 29.0819, 48.9341 ], [ 29.079, 48.9163 ], [ 29.0761, 48.8985 ], [ 29.1031, 48.8966 ], [ 29.1002, 48.8788 ], [ 29.0973, 48.861 ], [ 29.0704, 48.8629 ] ] ], [ [ [ 28.9468, 48.9436 ], [ 28.9496, 48.9614 ], [ 28.9766, 48.9595 ], [ 29.0037, 48.9576 ], [ 29.0008, 48.9398 ], [ 28.9738, 48.9417 ], [ 28.9468, 48.9436 ] ] ], [ [ [ 29.048, 49.0626 ], [ 29.0751, 49.0607 ], [ 29.0722, 49.0429 ], [ 29.0452, 49.0448 ], [ 29.048, 49.0626 ] ] ], [ [ [ 29.081, 49.0963 ], [ 29.1081, 49.0944 ], [ 29.1052, 49.0766 ], [ 29.1022, 49.0588 ], [ 29.0751, 49.0607 ], [ 29.078, 49.0785 ], [ 29.081, 49.0963 ] ] ], [ [ [ 28.9725, 49.1039 ], [ 28.9996, 49.102 ], [ 28.9967, 49.0842 ], [ 28.9696, 49.0861 ], [ 28.9725, 49.1039 ] ] ], [ [ [ 29.0626, 49.1516 ], [ 29.0897, 49.1497 ], [ 29.0868, 49.1319 ], [ 29.0596, 49.1338 ], [ 29.0626, 49.1516 ] ] ], [ [ [ 29.0412, 49.1891 ], [ 29.0383, 49.1713 ], [ 29.0112, 49.1732 ], [ 28.984, 49.1751 ], [ 28.9869, 49.1929 ], [ 29.014, 49.191 ], [ 29.0412, 49.1891 ] ] ], [ [ [ 29.1829, 49.2151 ], [ 29.1557, 49.2171 ], [ 29.1528, 49.1993 ], [ 29.1256, 49.2012 ], [ 29.0985, 49.2031 ], [ 29.0955, 49.1853 ], [ 29.0684, 49.1872 ], [ 29.0713, 49.205 ], [ 29.0742, 49.2228 ], [ 29.1014, 49.2209 ], [ 29.1286, 49.219 ], [ 29.1315, 49.2368 ], [ 29.1587, 49.2349 ], [ 29.1859, 49.2329 ], [ 29.1829, 49.2151 ] ] ], [ [ [ 29.047, 49.2247 ], [ 29.0198, 49.2266 ], [ 28.9927, 49.2285 ], [ 28.9955, 49.2463 ], [ 29.0227, 49.2444 ], [ 29.0499, 49.2425 ], [ 29.0771, 49.2406 ], [ 29.0742, 49.2228 ], [ 29.047, 49.2247 ] ] ], [ [ [ 29.0771, 49.2406 ], [ 29.0801, 49.2584 ], [ 29.1073, 49.2565 ], [ 29.1043, 49.2387 ], [ 29.0771, 49.2406 ] ] ], [ [ [ 29.1374, 49.2724 ], [ 29.1345, 49.2546 ], [ 29.1073, 49.2565 ], [ 29.1102, 49.2743 ], [ 29.1374, 49.2724 ] ] ], [ [ [ 29.0645, 49.3316 ], [ 29.0616, 49.3138 ], [ 29.0344, 49.3157 ], [ 29.0315, 49.2979 ], [ 29.0286, 49.2801 ], [ 29.0013, 49.282 ], [ 29.0042, 49.2998 ], [ 29.0071, 49.3176 ], [ 29.0101, 49.3354 ], [ 29.0373, 49.3335 ], [ 29.0645, 49.3316 ] ] ], [ [ [ 29.1646, 49.2705 ], [ 29.1374, 49.2724 ], [ 29.1404, 49.2902 ], [ 29.1433, 49.308 ], [ 29.1705, 49.3061 ], [ 29.1676, 49.2883 ], [ 29.1646, 49.2705 ] ] ], [ [ [ 29.1581, 49.397 ], [ 29.1308, 49.3989 ], [ 29.1036, 49.4009 ], [ 29.0763, 49.4028 ], [ 29.0792, 49.4206 ], [ 29.0822, 49.4384 ], [ 29.1095, 49.4365 ], [ 29.1065, 49.4187 ], [ 29.1338, 49.4167 ], [ 29.1611, 49.4148 ], [ 29.1581, 49.397 ] ] ], [ [ [ 29.1611, 49.4148 ], [ 29.1641, 49.4326 ], [ 29.1913, 49.4307 ], [ 29.2186, 49.4287 ], [ 29.2156, 49.4109 ], [ 29.1884, 49.4129 ], [ 29.1611, 49.4148 ] ] ], [ [ [ 29.1213, 49.5077 ], [ 29.094, 49.5096 ], [ 29.0969, 49.5274 ], [ 29.1243, 49.5255 ], [ 29.1516, 49.5235 ], [ 29.179, 49.5216 ], [ 29.2063, 49.5197 ], [ 29.2336, 49.5177 ], [ 29.2306, 49.4999 ], [ 29.2033, 49.5019 ], [ 29.176, 49.5038 ], [ 29.173, 49.486 ], [ 29.1457, 49.4879 ], [ 29.1486, 49.5057 ], [ 29.1213, 49.5077 ] ] ], [ [ [ 29.1606, 49.5769 ], [ 29.1879, 49.575 ], [ 29.2153, 49.573 ], [ 29.2123, 49.5552 ], [ 29.1849, 49.5572 ], [ 29.1576, 49.5591 ], [ 29.1302, 49.5611 ], [ 29.1029, 49.563 ], [ 29.0999, 49.5452 ], [ 29.0725, 49.5471 ], [ 29.0452, 49.5491 ], [ 29.0481, 49.5669 ], [ 29.0755, 49.5649 ], [ 29.0784, 49.5827 ], [ 29.1058, 49.5808 ], [ 29.1332, 49.5789 ], [ 29.1606, 49.5769 ] ] ], [ [ [ 29.2213, 49.6086 ], [ 29.2183, 49.5908 ], [ 29.1909, 49.5928 ], [ 29.1636, 49.5947 ], [ 29.1666, 49.6125 ], [ 29.1939, 49.6106 ], [ 29.2213, 49.6086 ] ] ], [ [ [ 29.0371, 48.1449 ], [ 29.0344, 48.1271 ], [ 29.0316, 48.1093 ], [ 29.005, 48.1112 ], [ 29.0077, 48.129 ], [ 29.0105, 48.1468 ], [ 29.0371, 48.1449 ] ] ], [ [ [ 29.117, 48.1393 ], [ 29.1198, 48.1571 ], [ 29.1464, 48.1552 ], [ 29.1436, 48.1374 ], [ 29.1702, 48.1355 ], [ 29.1673, 48.1177 ], [ 29.1407, 48.1196 ], [ 29.1141, 48.1215 ], [ 29.117, 48.1393 ] ] ], [ [ [ 29.1759, 48.1711 ], [ 29.2025, 48.1692 ], [ 29.2291, 48.1673 ], [ 29.2262, 48.1495 ], [ 29.1996, 48.1514 ], [ 29.173, 48.1533 ], [ 29.1759, 48.1711 ] ] ], [ [ [ 29.075, 48.2143 ], [ 29.0484, 48.2162 ], [ 29.0512, 48.234 ], [ 29.054, 48.2518 ], [ 29.0807, 48.2499 ], [ 29.1073, 48.248 ], [ 29.1045, 48.2302 ], [ 29.1311, 48.2283 ], [ 29.1578, 48.2264 ], [ 29.1844, 48.2245 ], [ 29.2111, 48.2226 ], [ 29.2139, 48.2404 ], [ 29.2406, 48.2385 ], [ 29.2672, 48.2365 ], [ 29.2643, 48.2187 ], [ 29.2377, 48.2207 ], [ 29.2348, 48.2029 ], [ 29.2082, 48.2048 ], [ 29.1816, 48.2067 ], [ 29.1549, 48.2086 ], [ 29.1283, 48.2105 ], [ 29.1017, 48.2124 ], [ 29.075, 48.2143 ] ] ], [ [ [ 29.1397, 48.2817 ], [ 29.113, 48.2836 ], [ 29.1158, 48.3014 ], [ 29.1425, 48.2995 ], [ 29.1692, 48.2976 ], [ 29.1959, 48.2957 ], [ 29.1987, 48.3135 ], [ 29.2016, 48.3313 ], [ 29.2283, 48.3294 ], [ 29.255, 48.3275 ], [ 29.2817, 48.3255 ], [ 29.3084, 48.3236 ], [ 29.3055, 48.3058 ], [ 29.2788, 48.3077 ], [ 29.2521, 48.3097 ], [ 29.2492, 48.2919 ], [ 29.2226, 48.2938 ], [ 29.2197, 48.276 ], [ 29.193, 48.2779 ], [ 29.1663, 48.2798 ], [ 29.1397, 48.2817 ] ] ], [ [ [ 29.0414, 48.3427 ], [ 29.0681, 48.3408 ], [ 29.0948, 48.3389 ], [ 29.1215, 48.337 ], [ 29.1187, 48.3192 ], [ 29.1158, 48.3014 ], [ 29.0891, 48.3033 ], [ 29.0624, 48.3052 ], [ 29.0358, 48.3071 ], [ 29.0386, 48.3249 ], [ 29.0414, 48.3427 ] ] ], [ [ [ 29.2602, 48.5252 ], [ 29.2334, 48.5271 ], [ 29.2363, 48.5449 ], [ 29.2631, 48.543 ], [ 29.2899, 48.5411 ], [ 29.287, 48.5233 ], [ 29.2602, 48.5252 ] ] ], [ [ [ 29.1166, 48.6435 ], [ 29.1435, 48.6416 ], [ 29.1406, 48.6238 ], [ 29.1137, 48.6257 ], [ 29.1108, 48.6079 ], [ 29.084, 48.6098 ], [ 29.0869, 48.6276 ], [ 29.0897, 48.6454 ], [ 29.0926, 48.6632 ], [ 29.1195, 48.6613 ], [ 29.1166, 48.6435 ] ] ], [ [ [ 29.3046, 48.63 ], [ 29.3017, 48.6122 ], [ 29.2748, 48.6142 ], [ 29.2719, 48.5964 ], [ 29.2451, 48.5983 ], [ 29.2182, 48.6003 ], [ 29.1914, 48.6022 ], [ 29.1943, 48.62 ], [ 29.2211, 48.6181 ], [ 29.248, 48.6161 ], [ 29.2509, 48.6339 ], [ 29.2777, 48.632 ], [ 29.3046, 48.63 ] ] ], [ [ [ 29.2001, 48.6556 ], [ 29.1732, 48.6575 ], [ 29.1761, 48.6753 ], [ 29.203, 48.6734 ], [ 29.2299, 48.6715 ], [ 29.227, 48.6537 ], [ 29.2001, 48.6556 ] ] ], [ [ [ 29.2626, 48.7051 ], [ 29.2597, 48.6873 ], [ 29.2567, 48.6695 ], [ 29.2299, 48.6715 ], [ 29.2328, 48.6893 ], [ 29.2357, 48.7071 ], [ 29.2626, 48.7051 ] ] ], [ [ [ 29.1579, 48.7306 ], [ 29.155, 48.7128 ], [ 29.1281, 48.7147 ], [ 29.1012, 48.7167 ], [ 29.1041, 48.7345 ], [ 29.131, 48.7325 ], [ 29.1579, 48.7306 ] ] ], [ [ [ 29.2117, 48.7268 ], [ 29.2386, 48.7249 ], [ 29.2357, 48.7071 ], [ 29.2088, 48.709 ], [ 29.2117, 48.7268 ] ] ], [ [ [ 29.2023, 48.8355 ], [ 29.1994, 48.8177 ], [ 29.1725, 48.8196 ], [ 29.1695, 48.8018 ], [ 29.1426, 48.8038 ], [ 29.1455, 48.8216 ], [ 29.1484, 48.8394 ], [ 29.1754, 48.8374 ], [ 29.1783, 48.8552 ], [ 29.2053, 48.8533 ], [ 29.2023, 48.8355 ] ] ], [ [ [ 29.2563, 48.8316 ], [ 29.2832, 48.8297 ], [ 29.2803, 48.8119 ], [ 29.2533, 48.8138 ], [ 29.2563, 48.8316 ] ] ], [ [ [ 29.163, 48.9284 ], [ 29.19, 48.9265 ], [ 29.217, 48.9245 ], [ 29.2141, 48.9067 ], [ 29.2411, 48.9048 ], [ 29.2381, 48.887 ], [ 29.2111, 48.8889 ], [ 29.1841, 48.8909 ], [ 29.1571, 48.8928 ], [ 29.1301, 48.8947 ], [ 29.133, 48.9125 ], [ 29.1601, 48.9106 ], [ 29.163, 48.9284 ] ] ], [ [ [ 29.2588, 49.0116 ], [ 29.2618, 49.0294 ], [ 29.2888, 49.0274 ], [ 29.2859, 49.0096 ], [ 29.2588, 49.0116 ] ] ], [ [ [ 29.3189, 49.0432 ], [ 29.3459, 49.0413 ], [ 29.373, 49.0393 ], [ 29.4001, 49.0373 ], [ 29.3971, 49.0195 ], [ 29.37, 49.0215 ], [ 29.3429, 49.0235 ], [ 29.3159, 49.0254 ], [ 29.2888, 49.0274 ], [ 29.2918, 49.0452 ], [ 29.3189, 49.0432 ] ] ], [ [ [ 29.2194, 49.1044 ], [ 29.2165, 49.0866 ], [ 29.2135, 49.0688 ], [ 29.2106, 49.0511 ], [ 29.1835, 49.053 ], [ 29.1806, 49.0352 ], [ 29.1535, 49.0371 ], [ 29.1564, 49.0549 ], [ 29.1593, 49.0727 ], [ 29.1864, 49.0708 ], [ 29.1894, 49.0886 ], [ 29.1923, 49.1064 ], [ 29.2194, 49.1044 ] ] ], [ [ [ 29.3008, 49.0986 ], [ 29.3037, 49.1164 ], [ 29.3067, 49.1342 ], [ 29.3097, 49.152 ], [ 29.3369, 49.15 ], [ 29.3339, 49.1322 ], [ 29.3309, 49.1144 ], [ 29.3279, 49.0966 ], [ 29.3008, 49.0986 ] ] ], [ [ [ 29.2555, 49.1559 ], [ 29.2826, 49.1539 ], [ 29.2796, 49.1361 ], [ 29.2766, 49.1183 ], [ 29.2495, 49.1203 ], [ 29.2525, 49.1381 ], [ 29.2555, 49.1559 ] ] ], [ [ [ 29.3489, 49.2212 ], [ 29.3459, 49.2034 ], [ 29.3187, 49.2054 ], [ 29.3218, 49.2231 ], [ 29.3248, 49.2409 ], [ 29.3278, 49.2587 ], [ 29.3308, 49.2765 ], [ 29.358, 49.2746 ], [ 29.355, 49.2568 ], [ 29.3519, 49.239 ], [ 29.3489, 49.2212 ] ] ], [ [ [ 29.3036, 49.2785 ], [ 29.3066, 49.2963 ], [ 29.3338, 49.2943 ], [ 29.3308, 49.2765 ], [ 29.3036, 49.2785 ] ] ], [ [ [ 29.2339, 49.3556 ], [ 29.2369, 49.3734 ], [ 29.2642, 49.3714 ], [ 29.2914, 49.3694 ], [ 29.3187, 49.3675 ], [ 29.3459, 49.3655 ], [ 29.3429, 49.3477 ], [ 29.3701, 49.3457 ], [ 29.3671, 49.3279 ], [ 29.3943, 49.3259 ], [ 29.3913, 49.3081 ], [ 29.364, 49.3101 ], [ 29.361, 49.2923 ], [ 29.3338, 49.2943 ], [ 29.3368, 49.3121 ], [ 29.3399, 49.3299 ], [ 29.3126, 49.3319 ], [ 29.3157, 49.3497 ], [ 29.2884, 49.3516 ], [ 29.2612, 49.3536 ], [ 29.2339, 49.3556 ] ] ], [ [ [ 29.3581, 49.4367 ], [ 29.3854, 49.4347 ], [ 29.3884, 49.4525 ], [ 29.4157, 49.4505 ], [ 29.4188, 49.4683 ], [ 29.4461, 49.4662 ], [ 29.443, 49.4485 ], [ 29.4399, 49.4307 ], [ 29.4126, 49.4327 ], [ 29.4096, 49.4149 ], [ 29.3823, 49.4169 ], [ 29.3793, 49.3991 ], [ 29.352, 49.4011 ], [ 29.355, 49.4189 ], [ 29.3581, 49.4367 ] ] ], [ [ [ 29.2183, 49.5908 ], [ 29.2457, 49.5889 ], [ 29.2427, 49.5711 ], [ 29.2153, 49.573 ], [ 29.2183, 49.5908 ] ] ], [ [ [ 29.3065, 49.6205 ], [ 29.3339, 49.6185 ], [ 29.3613, 49.6166 ], [ 29.3887, 49.6146 ], [ 29.4161, 49.6126 ], [ 29.4434, 49.6106 ], [ 29.4403, 49.5928 ], [ 29.413, 49.5948 ], [ 29.3856, 49.5968 ], [ 29.3582, 49.5988 ], [ 29.3309, 49.6008 ], [ 29.3035, 49.6027 ], [ 29.3065, 49.6205 ] ] ], [ [ [ 29.4065, 48.1003 ], [ 29.4331, 48.0984 ], [ 29.4301, 48.0806 ], [ 29.4036, 48.0825 ], [ 29.4065, 48.1003 ] ] ], [ [ [ 29.2234, 48.1317 ], [ 29.2262, 48.1495 ], [ 29.2528, 48.1475 ], [ 29.2794, 48.1456 ], [ 29.2765, 48.1278 ], [ 29.25, 48.1297 ], [ 29.2471, 48.1119 ], [ 29.2205, 48.1139 ], [ 29.2234, 48.1317 ] ] ], [ [ [ 29.4182, 48.1715 ], [ 29.4153, 48.1537 ], [ 29.3887, 48.1556 ], [ 29.3621, 48.1576 ], [ 29.365, 48.1754 ], [ 29.3916, 48.1734 ], [ 29.4182, 48.1715 ] ] ], [ [ [ 29.4803, 48.2209 ], [ 29.5069, 48.2189 ], [ 29.5039, 48.2011 ], [ 29.4773, 48.2031 ], [ 29.4803, 48.2209 ] ] ], [ [ [ 29.2939, 48.2346 ], [ 29.3205, 48.2327 ], [ 29.3176, 48.2149 ], [ 29.291, 48.2168 ], [ 29.2939, 48.2346 ] ] ], [ [ [ 29.3796, 48.2644 ], [ 29.4063, 48.2624 ], [ 29.4329, 48.2604 ], [ 29.4596, 48.2585 ], [ 29.4566, 48.2407 ], [ 29.4832, 48.2387 ], [ 29.4803, 48.2209 ], [ 29.4537, 48.2229 ], [ 29.427, 48.2249 ], [ 29.43, 48.2427 ], [ 29.4033, 48.2446 ], [ 29.3767, 48.2466 ], [ 29.3796, 48.2644 ] ] ], [ [ [ 29.4061, 48.4245 ], [ 29.4032, 48.4067 ], [ 29.3764, 48.4087 ], [ 29.3794, 48.4265 ], [ 29.4061, 48.4245 ] ] ], [ [ [ 29.5427, 48.4324 ], [ 29.5695, 48.4304 ], [ 29.5665, 48.4126 ], [ 29.5634, 48.3948 ], [ 29.5367, 48.3968 ], [ 29.5397, 48.4146 ], [ 29.513, 48.4166 ], [ 29.516, 48.4344 ], [ 29.5427, 48.4324 ] ] ], [ [ [ 29.3556, 48.4462 ], [ 29.3823, 48.4443 ], [ 29.3794, 48.4265 ], [ 29.3526, 48.4284 ], [ 29.3556, 48.4462 ] ] ], [ [ [ 29.4596, 48.5826 ], [ 29.4567, 48.5649 ], [ 29.4537, 48.5471 ], [ 29.4805, 48.5451 ], [ 29.4775, 48.5273 ], [ 29.4745, 48.5095 ], [ 29.4477, 48.5115 ], [ 29.4507, 48.5293 ], [ 29.4239, 48.5313 ], [ 29.4269, 48.549 ], [ 29.4298, 48.5668 ], [ 29.4328, 48.5846 ], [ 29.4596, 48.5826 ] ] ], [ [ [ 29.2719, 48.5964 ], [ 29.2987, 48.5944 ], [ 29.2958, 48.5766 ], [ 29.269, 48.5786 ], [ 29.2719, 48.5964 ] ] ], [ [ [ 29.4716, 48.6538 ], [ 29.4985, 48.6518 ], [ 29.4955, 48.634 ], [ 29.4925, 48.6162 ], [ 29.5193, 48.6142 ], [ 29.5163, 48.5965 ], [ 29.5431, 48.5945 ], [ 29.5401, 48.5767 ], [ 29.5133, 48.5787 ], [ 29.4865, 48.5807 ], [ 29.4895, 48.5984 ], [ 29.4626, 48.6004 ], [ 29.4656, 48.6182 ], [ 29.4686, 48.636 ], [ 29.4716, 48.6538 ] ] ], [ [ [ 29.3314, 48.6281 ], [ 29.3046, 48.63 ], [ 29.3075, 48.6478 ], [ 29.3344, 48.6459 ], [ 29.3314, 48.6281 ] ] ], [ [ [ 29.3134, 48.6834 ], [ 29.3105, 48.6656 ], [ 29.3075, 48.6478 ], [ 29.2807, 48.6498 ], [ 29.2836, 48.6676 ], [ 29.2866, 48.6854 ], [ 29.2895, 48.7032 ], [ 29.2924, 48.721 ], [ 29.3193, 48.719 ], [ 29.3462, 48.7171 ], [ 29.3433, 48.6993 ], [ 29.3164, 48.7012 ], [ 29.3134, 48.6834 ] ] ], [ [ [ 29.5973, 48.7525 ], [ 29.5942, 48.7347 ], [ 29.5673, 48.7367 ], [ 29.5704, 48.7545 ], [ 29.5973, 48.7525 ] ] ], [ [ [ 29.3312, 48.7902 ], [ 29.3042, 48.7922 ], [ 29.2773, 48.7941 ], [ 29.2803, 48.8119 ], [ 29.3072, 48.8099 ], [ 29.3342, 48.808 ], [ 29.3611, 48.806 ], [ 29.3581, 48.7882 ], [ 29.3312, 48.7902 ] ] ], [ [ [ 29.2862, 48.8475 ], [ 29.3131, 48.8455 ], [ 29.3102, 48.8277 ], [ 29.2832, 48.8297 ], [ 29.2862, 48.8475 ] ] ], [ [ [ 29.5379, 48.883 ], [ 29.5648, 48.881 ], [ 29.5918, 48.879 ], [ 29.5887, 48.8612 ], [ 29.5618, 48.8632 ], [ 29.5587, 48.8454 ], [ 29.5318, 48.8475 ], [ 29.5048, 48.8495 ], [ 29.4779, 48.8515 ], [ 29.4809, 48.8693 ], [ 29.5079, 48.8673 ], [ 29.5348, 48.8652 ], [ 29.5379, 48.883 ] ] ], [ [ [ 29.6126, 48.8414 ], [ 29.5857, 48.8434 ], [ 29.5887, 48.8612 ], [ 29.6157, 48.8592 ], [ 29.6126, 48.8414 ] ] ], [ [ [ 29.457, 48.889 ], [ 29.4839, 48.887 ], [ 29.4809, 48.8693 ], [ 29.4539, 48.8712 ], [ 29.457, 48.889 ] ] ], [ [ [ 29.406, 48.9108 ], [ 29.433, 48.9088 ], [ 29.43, 48.891 ], [ 29.403, 48.893 ], [ 29.406, 48.9108 ] ] ], [ [ [ 29.382, 48.9306 ], [ 29.385, 48.9484 ], [ 29.388, 48.9662 ], [ 29.415, 48.9642 ], [ 29.412, 48.9464 ], [ 29.409, 48.9286 ], [ 29.382, 48.9306 ] ] ], [ [ [ 29.6103, 48.9857 ], [ 29.6134, 49.0035 ], [ 29.6164, 49.0212 ], [ 29.6435, 49.0192 ], [ 29.6404, 49.0014 ], [ 29.6373, 48.9836 ], [ 29.6342, 48.9659 ], [ 29.6311, 48.9481 ], [ 29.6581, 48.9461 ], [ 29.6851, 48.944 ], [ 29.682, 48.9262 ], [ 29.709, 48.9242 ], [ 29.7058, 48.9064 ], [ 29.6789, 48.9085 ], [ 29.6519, 48.9105 ], [ 29.655, 48.9283 ], [ 29.628, 48.9303 ], [ 29.601, 48.9323 ], [ 29.6041, 48.9501 ], [ 29.6072, 48.9679 ], [ 29.6103, 48.9857 ] ] ], [ [ [ 29.4812, 49.0313 ], [ 29.4782, 49.0136 ], [ 29.4511, 49.0155 ], [ 29.4542, 49.0333 ], [ 29.4572, 49.0511 ], [ 29.4603, 49.0689 ], [ 29.4873, 49.0669 ], [ 29.5144, 49.0649 ], [ 29.5113, 49.0471 ], [ 29.5083, 49.0293 ], [ 29.4812, 49.0313 ] ] ], [ [ [ 29.4061, 49.0729 ], [ 29.4031, 49.0551 ], [ 29.376, 49.0571 ], [ 29.379, 49.0749 ], [ 29.382, 49.0927 ], [ 29.3851, 49.1105 ], [ 29.4122, 49.1085 ], [ 29.4091, 49.0907 ], [ 29.4061, 49.0729 ] ] ], [ [ [ 29.5661, 49.2052 ], [ 29.563, 49.1874 ], [ 29.5359, 49.1894 ], [ 29.5328, 49.1716 ], [ 29.5057, 49.1736 ], [ 29.5026, 49.1558 ], [ 29.4755, 49.1578 ], [ 29.4786, 49.1756 ], [ 29.4816, 49.1934 ], [ 29.4847, 49.2112 ], [ 29.5118, 49.2092 ], [ 29.539, 49.2072 ], [ 29.5661, 49.2052 ] ] ], [ [ [ 29.5452, 49.2427 ], [ 29.5483, 49.2605 ], [ 29.5514, 49.2783 ], [ 29.5785, 49.2763 ], [ 29.5754, 49.2585 ], [ 29.6026, 49.2565 ], [ 29.5995, 49.2387 ], [ 29.6266, 49.2366 ], [ 29.6538, 49.2346 ], [ 29.6507, 49.2168 ], [ 29.6475, 49.199 ], [ 29.6204, 49.2011 ], [ 29.6235, 49.2189 ], [ 29.5964, 49.2209 ], [ 29.5692, 49.2229 ], [ 29.5723, 49.2407 ], [ 29.5452, 49.2427 ] ] ], [ [ [ 29.497, 49.2824 ], [ 29.5242, 49.2803 ], [ 29.5211, 49.2626 ], [ 29.4939, 49.2646 ], [ 29.497, 49.2824 ] ] ], [ [ [ 29.5031, 49.3179 ], [ 29.4759, 49.3199 ], [ 29.479, 49.3377 ], [ 29.5062, 49.3357 ], [ 29.5334, 49.3337 ], [ 29.5304, 49.3159 ], [ 29.5273, 49.2981 ], [ 29.5001, 49.3001 ], [ 29.5031, 49.3179 ] ] ], [ [ [ 29.6182, 49.3454 ], [ 29.6151, 49.3276 ], [ 29.5879, 49.3296 ], [ 29.5607, 49.3317 ], [ 29.5638, 49.3494 ], [ 29.591, 49.3474 ], [ 29.6182, 49.3454 ] ] ], [ [ [ 29.4975, 49.4444 ], [ 29.5248, 49.4424 ], [ 29.5217, 49.4246 ], [ 29.4944, 49.4267 ], [ 29.4975, 49.4444 ] ] ], [ [ [ 29.4708, 49.6085 ], [ 29.4982, 49.6065 ], [ 29.4951, 49.5887 ], [ 29.4677, 49.5908 ], [ 29.4708, 49.6085 ] ] ], [ [ [ 29.4739, 49.6263 ], [ 29.4708, 49.6085 ], [ 29.4434, 49.6106 ], [ 29.4465, 49.6283 ], [ 29.4739, 49.6263 ] ] ], [ [ [ 29.5688, 48.1062 ], [ 29.5954, 48.1042 ], [ 29.6219, 48.1022 ], [ 29.6485, 48.1002 ], [ 29.675, 48.0982 ], [ 29.672, 48.0804 ], [ 29.6455, 48.0825 ], [ 29.6189, 48.0845 ], [ 29.5924, 48.0865 ], [ 29.5658, 48.0885 ], [ 29.5688, 48.1062 ] ] ], [ [ [ 29.6515, 48.118 ], [ 29.6545, 48.1358 ], [ 29.6811, 48.1338 ], [ 29.7076, 48.1318 ], [ 29.7046, 48.114 ], [ 29.678, 48.116 ], [ 29.6515, 48.118 ] ] ], [ [ [ 29.6194, 48.2465 ], [ 29.5927, 48.2485 ], [ 29.5661, 48.2505 ], [ 29.5691, 48.2683 ], [ 29.5425, 48.2703 ], [ 29.5455, 48.2881 ], [ 29.5721, 48.2861 ], [ 29.5988, 48.2841 ], [ 29.5957, 48.2663 ], [ 29.6224, 48.2643 ], [ 29.649, 48.2623 ], [ 29.646, 48.2445 ], [ 29.6726, 48.2425 ], [ 29.6756, 48.2603 ], [ 29.7023, 48.2582 ], [ 29.7289, 48.2562 ], [ 29.7555, 48.2542 ], [ 29.7525, 48.2364 ], [ 29.7258, 48.2384 ], [ 29.7228, 48.2206 ], [ 29.6962, 48.2227 ], [ 29.6696, 48.2247 ], [ 29.643, 48.2267 ], [ 29.6164, 48.2287 ], [ 29.6194, 48.2465 ] ] ], [ [ [ 29.7883, 48.2877 ], [ 29.8149, 48.2856 ], [ 29.8118, 48.2678 ], [ 29.7852, 48.2699 ], [ 29.7883, 48.2877 ] ] ], [ [ [ 29.6848, 48.3136 ], [ 29.6581, 48.3156 ], [ 29.6611, 48.3334 ], [ 29.6642, 48.3512 ], [ 29.6908, 48.3492 ], [ 29.6878, 48.3314 ], [ 29.7145, 48.3293 ], [ 29.7114, 48.3116 ], [ 29.6848, 48.3136 ] ] ], [ [ [ 29.7739, 48.3608 ], [ 29.8006, 48.3588 ], [ 29.7975, 48.341 ], [ 29.7944, 48.3232 ], [ 29.7678, 48.3253 ], [ 29.7411, 48.3273 ], [ 29.7145, 48.3293 ], [ 29.7175, 48.3471 ], [ 29.7442, 48.3451 ], [ 29.7472, 48.3629 ], [ 29.7739, 48.3608 ] ] ], [ [ [ 29.8993, 48.4592 ], [ 29.926, 48.4571 ], [ 29.9527, 48.455 ], [ 29.9496, 48.4372 ], [ 29.9465, 48.4195 ], [ 29.9198, 48.4216 ], [ 29.9229, 48.4393 ], [ 29.8962, 48.4414 ], [ 29.8931, 48.4236 ], [ 29.8899, 48.4059 ], [ 29.8632, 48.408 ], [ 29.8664, 48.4257 ], [ 29.8397, 48.4278 ], [ 29.8428, 48.4456 ], [ 29.8161, 48.4476 ], [ 29.8192, 48.4654 ], [ 29.8459, 48.4633 ], [ 29.8726, 48.4613 ], [ 29.8993, 48.4592 ] ] ], [ [ [ 29.6083, 48.4995 ], [ 29.6113, 48.5173 ], [ 29.6381, 48.5153 ], [ 29.6351, 48.4975 ], [ 29.6618, 48.4955 ], [ 29.6588, 48.4777 ], [ 29.632, 48.4797 ], [ 29.6053, 48.4817 ], [ 29.6083, 48.4995 ] ] ], [ [ [ 29.6144, 48.5351 ], [ 29.6174, 48.5528 ], [ 29.6442, 48.5508 ], [ 29.671, 48.5488 ], [ 29.6679, 48.531 ], [ 29.6411, 48.533 ], [ 29.6144, 48.5351 ] ] ], [ [ [ 29.6028, 48.626 ], [ 29.5997, 48.6082 ], [ 29.5967, 48.5904 ], [ 29.6235, 48.5884 ], [ 29.6205, 48.5706 ], [ 29.6174, 48.5528 ], [ 29.5906, 48.5549 ], [ 29.5937, 48.5726 ], [ 29.5669, 48.5747 ], [ 29.5699, 48.5924 ], [ 29.5729, 48.6102 ], [ 29.576, 48.628 ], [ 29.6028, 48.626 ] ] ], [ [ [ 29.8646, 48.57 ], [ 29.8914, 48.5679 ], [ 29.9182, 48.5658 ], [ 29.915, 48.548 ], [ 29.9418, 48.5459 ], [ 29.9685, 48.5438 ], [ 29.9654, 48.5261 ], [ 29.9386, 48.5282 ], [ 29.9119, 48.5303 ], [ 29.8851, 48.5323 ], [ 29.8883, 48.5501 ], [ 29.8615, 48.5522 ], [ 29.8646, 48.57 ] ] ], [ [ [ 29.6771, 48.5844 ], [ 29.7039, 48.5823 ], [ 29.7008, 48.5645 ], [ 29.674, 48.5666 ], [ 29.6771, 48.5844 ] ] ], [ [ [ 29.7493, 48.6869 ], [ 29.7761, 48.6849 ], [ 29.773, 48.6671 ], [ 29.7699, 48.6493 ], [ 29.7668, 48.6315 ], [ 29.7637, 48.6138 ], [ 29.7606, 48.596 ], [ 29.7575, 48.5782 ], [ 29.7307, 48.5803 ], [ 29.7338, 48.5981 ], [ 29.7369, 48.6158 ], [ 29.74, 48.6336 ], [ 29.7431, 48.6514 ], [ 29.7462, 48.6692 ], [ 29.7493, 48.6869 ] ] ], [ [ [ 29.841, 48.5898 ], [ 29.8677, 48.5877 ], [ 29.8646, 48.57 ], [ 29.8378, 48.572 ], [ 29.841, 48.5898 ] ] ], [ [ [ 29.9008, 48.6212 ], [ 29.8977, 48.6034 ], [ 29.8709, 48.6055 ], [ 29.874, 48.6233 ], [ 29.9008, 48.6212 ] ] ], [ [ [ 29.8361, 48.7163 ], [ 29.8392, 48.7341 ], [ 29.8661, 48.732 ], [ 29.8629, 48.7142 ], [ 29.8598, 48.6964 ], [ 29.8566, 48.6787 ], [ 29.8835, 48.6766 ], [ 29.9103, 48.6745 ], [ 29.9071, 48.6567 ], [ 29.8803, 48.6588 ], [ 29.8772, 48.641 ], [ 29.874, 48.6233 ], [ 29.8472, 48.6253 ], [ 29.8503, 48.6431 ], [ 29.8535, 48.6609 ], [ 29.8267, 48.663 ], [ 29.8298, 48.6807 ], [ 29.8329, 48.6985 ], [ 29.8361, 48.7163 ] ] ], [ [ [ 29.904, 48.639 ], [ 29.9308, 48.6369 ], [ 29.9276, 48.6191 ], [ 29.9008, 48.6212 ], [ 29.904, 48.639 ] ] ], [ [ [ 29.711, 48.7799 ], [ 29.7141, 48.7977 ], [ 29.7172, 48.8155 ], [ 29.7441, 48.8134 ], [ 29.741, 48.7956 ], [ 29.7379, 48.7779 ], [ 29.7348, 48.7601 ], [ 29.7079, 48.7621 ], [ 29.7048, 48.7444 ], [ 29.7317, 48.7423 ], [ 29.7286, 48.7245 ], [ 29.7255, 48.7068 ], [ 29.6986, 48.7088 ], [ 29.7017, 48.7266 ], [ 29.6749, 48.7286 ], [ 29.678, 48.7464 ], [ 29.681, 48.7642 ], [ 29.6841, 48.782 ], [ 29.711, 48.7799 ] ] ], [ [ [ 29.7617, 48.758 ], [ 29.7586, 48.7403 ], [ 29.7317, 48.7423 ], [ 29.7348, 48.7601 ], [ 29.7617, 48.758 ] ] ], [ [ [ 29.659, 49.1081 ], [ 29.6861, 49.1061 ], [ 29.7132, 49.104 ], [ 29.7403, 49.1019 ], [ 29.7371, 49.0842 ], [ 29.71, 49.0862 ], [ 29.683, 49.0883 ], [ 29.6559, 49.0903 ], [ 29.6288, 49.0924 ], [ 29.6319, 49.1101 ], [ 29.659, 49.1081 ] ] ], [ [ [ 29.6986, 49.1772 ], [ 29.7258, 49.1751 ], [ 29.7529, 49.173 ], [ 29.7497, 49.1553 ], [ 29.7226, 49.1573 ], [ 29.6955, 49.1594 ], [ 29.6986, 49.1772 ] ] ] ] } },
{ "type": "Feature", "properties": { "class": "high", "candidate": false, "label": "висока", "source": "Модель: Магомедов 2022 (каталог) + Copernicus DEM; клітинки 2 км" }, "geometry": { "type": "MultiPolygon", "coordinates": [ [ [ [ 28.0462, 48.3723 ], [ 28.073, 48.3707 ], [ 28.0998, 48.369 ], [ 28.0973, 48.3512 ], [ 28.1241, 48.3495 ], [ 28.1216, 48.3317 ], [ 28.0948, 48.3333 ], [ 28.068, 48.335 ], [ 28.0705, 48.3528 ], [ 28.0437, 48.3545 ], [ 28.017, 48.3561 ], [ 28.0194, 48.374 ], [ 28.0219, 48.3918 ], [ 28.0487, 48.3902 ], [ 28.0462, 48.3723 ] ] ], [ [ [ 27.5437, 48.4562 ], [ 27.5168, 48.4577 ], [ 27.5191, 48.4756 ], [ 27.546, 48.474 ], [ 27.5437, 48.4562 ] ] ], [ [ [ 28.0025, 48.447 ], [ 28.0049, 48.4649 ], [ 28.0318, 48.4632 ], [ 28.0293, 48.4454 ], [ 28.0268, 48.4275 ], [ 28.0, 48.4292 ], [ 28.0025, 48.447 ] ] ], [ [ [ 27.4945, 48.495 ], [ 27.4968, 48.5128 ], [ 27.5237, 48.5113 ], [ 27.5214, 48.4934 ], [ 27.5191, 48.4756 ], [ 27.4922, 48.4771 ], [ 27.4945, 48.495 ] ] ], [ [ [ 27.8559, 48.5639 ], [ 27.8535, 48.546 ], [ 27.8266, 48.5477 ], [ 27.8242, 48.5298 ], [ 27.8218, 48.5119 ], [ 27.7949, 48.5135 ], [ 27.7973, 48.5314 ], [ 27.7997, 48.5493 ], [ 27.8021, 48.5671 ], [ 27.829, 48.5655 ], [ 27.8315, 48.5834 ], [ 27.8584, 48.5818 ], [ 27.8559, 48.5639 ] ] ], [ [ [ 27.5037, 48.5664 ], [ 27.4768, 48.568 ], [ 27.4745, 48.5501 ], [ 27.4476, 48.5516 ], [ 27.4498, 48.5695 ], [ 27.4521, 48.5873 ], [ 27.4791, 48.5858 ], [ 27.4814, 48.6037 ], [ 27.5083, 48.6022 ], [ 27.506, 48.5843 ], [ 27.5037, 48.5664 ] ] ], [ [ [ 28.1274, 48.5653 ], [ 28.1248, 48.5475 ], [ 28.1517, 48.5458 ], [ 28.1543, 48.5637 ], [ 28.1811, 48.562 ], [ 28.208, 48.5603 ], [ 28.2055, 48.5425 ], [ 28.1786, 48.5441 ], [ 28.1761, 48.5263 ], [ 28.1492, 48.528 ], [ 28.1223, 48.5297 ], [ 28.1198, 48.5118 ], [ 28.093, 48.5135 ], [ 28.0955, 48.5313 ], [ 28.0686, 48.533 ], [ 28.0711, 48.5508 ], [ 28.098, 48.5492 ], [ 28.1005, 48.567 ], [ 28.1274, 48.5653 ] ] ], [ [ [ 28.1232, 48.7276 ], [ 28.1206, 48.7098 ], [ 28.1181, 48.6919 ], [ 28.0912, 48.6936 ], [ 28.0937, 48.7115 ], [ 28.0667, 48.7131 ], [ 28.0692, 48.731 ], [ 28.0717, 48.7488 ], [ 28.0987, 48.7472 ], [ 28.0962, 48.7293 ], [ 28.1232, 48.7276 ] ] ], [ [ [ 27.9883, 48.7359 ], [ 27.9908, 48.7538 ], [ 28.0178, 48.7521 ], [ 28.0153, 48.7343 ], [ 28.0128, 48.7164 ], [ 27.9858, 48.7181 ], [ 27.9883, 48.7359 ] ] ], [ [ [ 27.8017, 48.7652 ], [ 27.8042, 48.783 ], [ 27.8312, 48.7814 ], [ 27.8287, 48.7635 ], [ 27.8017, 48.7652 ] ] ], [ [ [ 28.0498, 48.7862 ], [ 28.0523, 48.804 ], [ 28.0793, 48.8024 ], [ 28.0768, 48.7845 ], [ 28.0498, 48.7862 ] ] ], [ [ [ 28.0523, 48.804 ], [ 28.0253, 48.8057 ], [ 28.0278, 48.8235 ], [ 28.0548, 48.8219 ], [ 28.0523, 48.804 ] ] ], [ [ [ 28.0233, 48.9858 ], [ 28.0504, 48.9842 ], [ 28.0479, 48.9663 ], [ 28.0454, 48.9485 ], [ 28.0183, 48.9501 ], [ 28.0208, 48.968 ], [ 27.9937, 48.9696 ], [ 27.9962, 48.9875 ], [ 28.0233, 48.9858 ] ] ], [ [ [ 28.075, 48.9647 ], [ 28.1021, 48.963 ], [ 28.1292, 48.9613 ], [ 28.1267, 48.9435 ], [ 28.0996, 48.9451 ], [ 28.0725, 48.9468 ], [ 28.075, 48.9647 ] ] ], [ [ [ 27.9545, 49.08 ], [ 27.9816, 49.0784 ], [ 28.0088, 49.0767 ], [ 28.0063, 49.0589 ], [ 27.9791, 49.0605 ], [ 27.9519, 49.0622 ], [ 27.9545, 49.08 ] ] ], [ [ [ 28.0631, 49.0734 ], [ 28.036, 49.0751 ], [ 28.0088, 49.0767 ], [ 28.0113, 49.0946 ], [ 28.0385, 49.0929 ], [ 28.0657, 49.0913 ], [ 28.0929, 49.0896 ], [ 28.0903, 49.0717 ], [ 28.0631, 49.0734 ] ] ], [ [ [ 28.1016, 49.3411 ], [ 28.0743, 49.3428 ], [ 28.0768, 49.3606 ], [ 28.1041, 49.3589 ], [ 28.1016, 49.3411 ] ] ], [ [ [ 28.2044, 49.4787 ], [ 28.1771, 49.4804 ], [ 28.1797, 49.4983 ], [ 28.2071, 49.4966 ], [ 28.2044, 49.4787 ] ] ], [ [ [ 28.1249, 49.5017 ], [ 28.0975, 49.5034 ], [ 28.1001, 49.5212 ], [ 28.1275, 49.5195 ], [ 28.1249, 49.5017 ] ] ], [ [ [ 27.8858, 49.5703 ], [ 27.8833, 49.5524 ], [ 27.8558, 49.554 ], [ 27.8284, 49.5557 ], [ 27.8309, 49.5735 ], [ 27.8583, 49.5719 ], [ 27.8858, 49.5703 ] ] ], [ [ [ 27.9407, 49.567 ], [ 27.9432, 49.5848 ], [ 27.9707, 49.5832 ], [ 27.9681, 49.5653 ], [ 27.9407, 49.567 ] ] ], [ [ [ 28.2114, 49.7124 ], [ 28.2087, 49.6945 ], [ 28.2061, 49.6767 ], [ 28.1786, 49.6784 ], [ 28.1511, 49.6801 ], [ 28.1537, 49.698 ], [ 28.1812, 49.6963 ], [ 28.1839, 49.7141 ], [ 28.2114, 49.7124 ] ] ], [ [ [ 28.1537, 49.698 ], [ 28.1262, 49.6997 ], [ 28.1288, 49.7175 ], [ 28.1563, 49.7158 ], [ 28.1537, 49.698 ] ] ], [ [ [ 28.2637, 49.6911 ], [ 28.2362, 49.6928 ], [ 28.2389, 49.7106 ], [ 28.2664, 49.7089 ], [ 28.2637, 49.6911 ] ] ], [ [ [ 28.1483, 48.33 ], [ 28.1751, 48.3283 ], [ 28.1726, 48.3105 ], [ 28.1993, 48.3088 ], [ 28.1968, 48.291 ], [ 28.1943, 48.2731 ], [ 28.1676, 48.2748 ], [ 28.1701, 48.2926 ], [ 28.1433, 48.2943 ], [ 28.1458, 48.3122 ], [ 28.1191, 48.3138 ], [ 28.1216, 48.3317 ], [ 28.1483, 48.33 ] ] ], [ [ [ 28.2821, 48.3216 ], [ 28.3089, 48.3199 ], [ 28.3063, 48.302 ], [ 28.2796, 48.3037 ], [ 28.2528, 48.3054 ], [ 28.2554, 48.3233 ], [ 28.2579, 48.3411 ], [ 28.2847, 48.3394 ], [ 28.2821, 48.3216 ] ] ], [ [ [ 28.2721, 48.6283 ], [ 28.2452, 48.63 ], [ 28.2477, 48.6478 ], [ 28.2746, 48.6461 ], [ 28.2721, 48.6283 ] ] ], [ [ [ 28.2259, 48.6852 ], [ 28.2285, 48.703 ], [ 28.2554, 48.7013 ], [ 28.2529, 48.6835 ], [ 28.2503, 48.6657 ], [ 28.2234, 48.6674 ], [ 28.2259, 48.6852 ] ] ], [ [ [ 28.2015, 48.7047 ], [ 28.2041, 48.7226 ], [ 28.2067, 48.7404 ], [ 28.2092, 48.7583 ], [ 28.2362, 48.7566 ], [ 28.2336, 48.7387 ], [ 28.2606, 48.737 ], [ 28.258, 48.7192 ], [ 28.2311, 48.7209 ], [ 28.2285, 48.703 ], [ 28.2015, 48.7047 ] ] ], [ [ [ 28.1435, 48.8704 ], [ 28.1461, 48.8882 ], [ 28.1486, 48.9061 ], [ 28.1757, 48.9044 ], [ 28.1731, 48.8866 ], [ 28.1706, 48.8687 ], [ 28.1435, 48.8704 ] ] ], [ [ [ 28.3863, 49.0351 ], [ 28.3591, 49.0368 ], [ 28.3618, 49.0546 ], [ 28.3889, 49.0529 ], [ 28.3863, 49.0351 ] ] ], [ [ [ 28.2637, 49.1329 ], [ 28.2909, 49.1312 ], [ 28.2882, 49.1134 ], [ 28.2611, 49.1151 ], [ 28.2585, 49.0972 ], [ 28.2313, 49.099 ], [ 28.2041, 49.1007 ], [ 28.2067, 49.1185 ], [ 28.2339, 49.1168 ], [ 28.2365, 49.1346 ], [ 28.2637, 49.1329 ] ] ], [ [ [ 28.3452, 49.1277 ], [ 28.3426, 49.1099 ], [ 28.3154, 49.1116 ], [ 28.3181, 49.1295 ], [ 28.3207, 49.1473 ], [ 28.3479, 49.1456 ], [ 28.3751, 49.1438 ], [ 28.3724, 49.126 ], [ 28.3452, 49.1277 ] ] ], [ [ [ 28.4103, 49.1956 ], [ 28.4375, 49.1938 ], [ 28.4647, 49.192 ], [ 28.462, 49.1742 ], [ 28.4348, 49.176 ], [ 28.4321, 49.1581 ], [ 28.4049, 49.1599 ], [ 28.4023, 49.1421 ], [ 28.3751, 49.1438 ], [ 28.3777, 49.1617 ], [ 28.3804, 49.1795 ], [ 28.4076, 49.1777 ], [ 28.4103, 49.1956 ] ] ], [ [ [ 28.3139, 49.4718 ], [ 28.3166, 49.4897 ], [ 28.3193, 49.5075 ], [ 28.3467, 49.5058 ], [ 28.344, 49.4879 ], [ 28.3714, 49.4862 ], [ 28.3687, 49.4683 ], [ 28.366, 49.4505 ], [ 28.3386, 49.4522 ], [ 28.3413, 49.4701 ], [ 28.3139, 49.4718 ] ] ], [ [ [ 28.4014, 49.5022 ], [ 28.3987, 49.4844 ], [ 28.3714, 49.4862 ], [ 28.3741, 49.504 ], [ 28.4014, 49.5022 ] ] ], [ [ [ 28.4315, 49.5183 ], [ 28.4288, 49.5005 ], [ 28.4014, 49.5022 ], [ 28.4042, 49.5201 ], [ 28.4069, 49.5379 ], [ 28.4343, 49.5361 ], [ 28.4315, 49.5183 ] ] ], [ [ [ 28.2972, 49.5449 ], [ 28.2698, 49.5466 ], [ 28.2725, 49.5645 ], [ 28.2999, 49.5627 ], [ 28.2972, 49.5449 ] ] ], [ [ [ 28.4671, 49.57 ], [ 28.4945, 49.5682 ], [ 28.4918, 49.5504 ], [ 28.5192, 49.5486 ], [ 28.5164, 49.5308 ], [ 28.4891, 49.5326 ], [ 28.4617, 49.5344 ], [ 28.4343, 49.5361 ], [ 28.437, 49.554 ], [ 28.4644, 49.5522 ], [ 28.4671, 49.57 ] ] ], [ [ [ 28.3063, 48.302 ], [ 28.333, 48.3003 ], [ 28.3598, 48.2986 ], [ 28.3572, 48.2808 ], [ 28.3546, 48.2629 ], [ 28.3279, 48.2646 ], [ 28.3012, 48.2663 ], [ 28.3038, 48.2842 ], [ 28.3063, 48.302 ] ] ], [ [ [ 28.3943, 48.3504 ], [ 28.421, 48.3486 ], [ 28.4184, 48.3308 ], [ 28.4452, 48.3291 ], [ 28.4426, 48.3112 ], [ 28.4158, 48.313 ], [ 28.4132, 48.2951 ], [ 28.3865, 48.2969 ], [ 28.3598, 48.2986 ], [ 28.3624, 48.3164 ], [ 28.3891, 48.3147 ], [ 28.3917, 48.3325 ], [ 28.3943, 48.3504 ] ] ], [ [ [ 28.6405, 48.5503 ], [ 28.6378, 48.5324 ], [ 28.6351, 48.5146 ], [ 28.6083, 48.5164 ], [ 28.5814, 48.5182 ], [ 28.5841, 48.536 ], [ 28.6109, 48.5342 ], [ 28.6136, 48.552 ], [ 28.6405, 48.5503 ] ] ], [ [ [ 28.5277, 48.5217 ], [ 28.5009, 48.5235 ], [ 28.5036, 48.5413 ], [ 28.5304, 48.5395 ], [ 28.5573, 48.5378 ], [ 28.5546, 48.5199 ], [ 28.5277, 48.5217 ] ] ], [ [ [ 28.5841, 48.8961 ], [ 28.5571, 48.8979 ], [ 28.5301, 48.8997 ], [ 28.5327, 48.9175 ], [ 28.5598, 48.9157 ], [ 28.5868, 48.9139 ], [ 28.6139, 48.9122 ], [ 28.6409, 48.9104 ], [ 28.668, 48.9085 ], [ 28.6652, 48.8907 ], [ 28.6625, 48.8729 ], [ 28.6598, 48.8551 ], [ 28.6327, 48.8569 ], [ 28.6355, 48.8747 ], [ 28.6084, 48.8765 ], [ 28.6112, 48.8943 ], [ 28.5841, 48.8961 ] ] ], [ [ [ 28.6895, 48.8711 ], [ 28.6923, 48.8889 ], [ 28.7193, 48.8871 ], [ 28.7165, 48.8693 ], [ 28.7435, 48.8675 ], [ 28.7408, 48.8496 ], [ 28.7138, 48.8515 ], [ 28.6868, 48.8533 ], [ 28.6895, 48.8711 ] ] ], [ [ [ 28.6845, 49.0155 ], [ 28.6817, 48.9977 ], [ 28.679, 48.9798 ], [ 28.6762, 48.962 ], [ 28.7033, 48.9602 ], [ 28.7005, 48.9424 ], [ 28.6735, 48.9442 ], [ 28.6707, 48.9264 ], [ 28.6437, 48.9282 ], [ 28.6464, 48.946 ], [ 28.6491, 48.9638 ], [ 28.6519, 48.9816 ], [ 28.6546, 48.9995 ], [ 28.6574, 49.0173 ], [ 28.6845, 49.0155 ] ] ], [ [ [ 28.6629, 49.0529 ], [ 28.6358, 49.0547 ], [ 28.6385, 49.0726 ], [ 28.6657, 49.0708 ], [ 28.6629, 49.0529 ] ] ], [ [ [ 28.6928, 49.0689 ], [ 28.6657, 49.0708 ], [ 28.6684, 49.0886 ], [ 28.6955, 49.0868 ], [ 28.6928, 49.0689 ] ] ], [ [ [ 28.5, 49.2438 ], [ 28.4973, 49.2259 ], [ 28.4701, 49.2277 ], [ 28.4674, 49.2099 ], [ 28.4402, 49.2116 ], [ 28.4429, 49.2295 ], [ 28.4456, 49.2473 ], [ 28.4483, 49.2651 ], [ 28.4755, 49.2634 ], [ 28.4728, 49.2455 ], [ 28.5, 49.2438 ] ] ], [ [ [ 28.4809, 49.299 ], [ 28.4782, 49.2812 ], [ 28.451, 49.283 ], [ 28.4537, 49.3008 ], [ 28.4564, 49.3186 ], [ 28.4836, 49.3169 ], [ 28.4809, 49.299 ] ] ], [ [ [ 28.4836, 49.3169 ], [ 28.4864, 49.3347 ], [ 28.5136, 49.3329 ], [ 28.5109, 49.3151 ], [ 28.4836, 49.3169 ] ] ], [ [ [ 28.6625, 49.7553 ], [ 28.635, 49.7571 ], [ 28.6321, 49.7393 ], [ 28.6046, 49.7411 ], [ 28.6074, 49.7589 ], [ 28.6103, 49.7767 ], [ 28.6378, 49.7749 ], [ 28.6406, 49.7927 ], [ 28.6681, 49.7909 ], [ 28.6653, 49.7731 ], [ 28.6625, 49.7553 ] ] ], [ [ [ 28.6406, 49.7927 ], [ 28.6131, 49.7946 ], [ 28.6159, 49.8124 ], [ 28.6434, 49.8106 ], [ 28.6406, 49.7927 ] ] ], [ [ [ 29.0331, 48.6314 ], [ 29.0063, 48.6333 ], [ 29.0091, 48.6511 ], [ 28.9822, 48.653 ], [ 28.9851, 48.6708 ], [ 29.0119, 48.6689 ], [ 29.0388, 48.667 ], [ 29.036, 48.6492 ], [ 29.0331, 48.6314 ] ] ], [ [ [ 29.0686, 48.6829 ], [ 29.0955, 48.681 ], [ 29.1224, 48.6791 ], [ 29.1492, 48.6772 ], [ 29.1463, 48.6594 ], [ 29.1195, 48.6613 ], [ 29.0926, 48.6632 ], [ 29.0657, 48.6651 ], [ 29.0686, 48.6829 ] ] ], [ [ [ 28.8786, 48.8582 ], [ 28.9056, 48.8564 ], [ 28.9027, 48.8386 ], [ 28.9297, 48.8367 ], [ 28.9567, 48.8348 ], [ 28.9539, 48.817 ], [ 28.9269, 48.8189 ], [ 28.8999, 48.8208 ], [ 28.8729, 48.8226 ], [ 28.8758, 48.8404 ], [ 28.8488, 48.8423 ], [ 28.8516, 48.8601 ], [ 28.8786, 48.8582 ] ] ], [ [ [ 28.7761, 48.9013 ], [ 28.8031, 48.8994 ], [ 28.8302, 48.8976 ], [ 28.8274, 48.8798 ], [ 28.8544, 48.8779 ], [ 28.8516, 48.8601 ], [ 28.8246, 48.8619 ], [ 28.7976, 48.8638 ], [ 28.8003, 48.8816 ], [ 28.7733, 48.8834 ], [ 28.7705, 48.8656 ], [ 28.7435, 48.8675 ], [ 28.7463, 48.8853 ], [ 28.7491, 48.9031 ], [ 28.7761, 48.9013 ] ] ], [ [ [ 28.9865, 48.8508 ], [ 28.9894, 48.8686 ], [ 29.0164, 48.8667 ], [ 29.0135, 48.8489 ], [ 28.9865, 48.8508 ] ] ], [ [ [ 29.1542, 48.875 ], [ 29.1513, 48.8572 ], [ 29.1484, 48.8394 ], [ 29.1214, 48.8413 ], [ 29.0945, 48.8432 ], [ 29.0973, 48.861 ], [ 29.1243, 48.8591 ], [ 29.1272, 48.8769 ], [ 29.1542, 48.875 ] ] ], [ [ [ 28.9738, 48.9417 ], [ 28.9709, 48.9239 ], [ 28.9681, 48.9061 ], [ 28.9411, 48.908 ], [ 28.9439, 48.9258 ], [ 28.9169, 48.9276 ], [ 28.8898, 48.9295 ], [ 28.8927, 48.9473 ], [ 28.9197, 48.9455 ], [ 28.9468, 48.9436 ], [ 28.9738, 48.9417 ] ] ], [ [ [ 29.0538, 49.0982 ], [ 29.0267, 49.1001 ], [ 28.9996, 49.102 ], [ 28.9725, 49.1039 ], [ 28.9754, 49.1217 ], [ 29.0025, 49.1198 ], [ 29.0296, 49.1179 ], [ 29.0567, 49.116 ], [ 29.0839, 49.1141 ], [ 29.111, 49.1122 ], [ 29.1381, 49.1102 ], [ 29.1652, 49.1083 ], [ 29.1682, 49.1261 ], [ 29.1953, 49.1242 ], [ 29.2224, 49.1222 ], [ 29.2495, 49.1203 ], [ 29.2766, 49.1183 ], [ 29.2737, 49.1005 ], [ 29.2466, 49.1025 ], [ 29.2194, 49.1044 ], [ 29.1923, 49.1064 ], [ 29.1894, 49.0886 ], [ 29.1623, 49.0905 ], [ 29.1593, 49.0727 ], [ 29.1323, 49.0746 ], [ 29.1352, 49.0924 ], [ 29.1081, 49.0944 ], [ 29.081, 49.0963 ], [ 29.0538, 49.0982 ] ] ], [ [ [ 29.0868, 49.1319 ], [ 29.0897, 49.1497 ], [ 29.0626, 49.1516 ], [ 29.0655, 49.1694 ], [ 29.0684, 49.1872 ], [ 29.0955, 49.1853 ], [ 29.0926, 49.1675 ], [ 29.1198, 49.1656 ], [ 29.1168, 49.1478 ], [ 29.144, 49.1459 ], [ 29.1711, 49.1439 ], [ 29.1682, 49.1261 ], [ 29.141, 49.1281 ], [ 29.1139, 49.13 ], [ 29.0868, 49.1319 ] ] ], [ [ [ 28.8437, 49.3289 ], [ 28.8709, 49.327 ], [ 28.8681, 49.3092 ], [ 28.8408, 49.311 ], [ 28.8136, 49.3129 ], [ 28.7863, 49.3148 ], [ 28.7891, 49.3326 ], [ 28.8164, 49.3307 ], [ 28.8437, 49.3289 ] ] ], [ [ [ 29.2123, 49.5552 ], [ 29.2153, 49.573 ], [ 29.2427, 49.5711 ], [ 29.2397, 49.5533 ], [ 29.267, 49.5513 ], [ 29.2944, 49.5494 ], [ 29.2913, 49.5316 ], [ 29.3187, 49.5296 ], [ 29.3156, 49.5118 ], [ 29.2883, 49.5138 ], [ 29.261, 49.5157 ], [ 29.264, 49.5335 ], [ 29.2367, 49.5355 ], [ 29.2093, 49.5374 ], [ 29.2123, 49.5552 ] ] ], [ [ [ 28.9245, 49.8276 ], [ 28.897, 49.8295 ], [ 28.8999, 49.8473 ], [ 28.9274, 49.8454 ], [ 28.9245, 49.8276 ] ] ], [ [ [ 28.8999, 49.8473 ], [ 28.8724, 49.8492 ], [ 28.8753, 49.867 ], [ 28.9028, 49.8651 ], [ 28.8999, 49.8473 ] ] ], [ [ [ 29.4032, 48.4067 ], [ 29.4299, 48.4047 ], [ 29.4269, 48.387 ], [ 29.4002, 48.3889 ], [ 29.3735, 48.3909 ], [ 29.3468, 48.3928 ], [ 29.3497, 48.4106 ], [ 29.3764, 48.4087 ], [ 29.4032, 48.4067 ] ] ], [ [ [ 29.2008, 48.4935 ], [ 29.174, 48.4954 ], [ 29.1769, 48.5132 ], [ 29.1798, 48.531 ], [ 29.2066, 48.5291 ], [ 29.2037, 48.5113 ], [ 29.2305, 48.5093 ], [ 29.2276, 48.4915 ], [ 29.2008, 48.4935 ] ] ], [ [ [ 29.2573, 48.5074 ], [ 29.2305, 48.5093 ], [ 29.2334, 48.5271 ], [ 29.2602, 48.5252 ], [ 29.2573, 48.5074 ] ] ], [ [ [ 29.4209, 48.5135 ], [ 29.4477, 48.5115 ], [ 29.4745, 48.5095 ], [ 29.5012, 48.5075 ], [ 29.528, 48.5055 ], [ 29.525, 48.4877 ], [ 29.4983, 48.4897 ], [ 29.4953, 48.4719 ], [ 29.4685, 48.4739 ], [ 29.4418, 48.4759 ], [ 29.4447, 48.4937 ], [ 29.418, 48.4957 ], [ 29.3912, 48.4976 ], [ 29.3644, 48.4996 ], [ 29.3674, 48.5174 ], [ 29.3406, 48.5194 ], [ 29.3435, 48.5372 ], [ 29.3703, 48.5352 ], [ 29.3971, 48.5332 ], [ 29.3941, 48.5154 ], [ 29.4209, 48.5135 ] ] ], [ [ [ 29.2987, 48.5944 ], [ 29.3017, 48.6122 ], [ 29.3046, 48.63 ], [ 29.3314, 48.6281 ], [ 29.3285, 48.6103 ], [ 29.3255, 48.5925 ], [ 29.2987, 48.5944 ] ] ], [ [ [ 29.412, 48.7843 ], [ 29.4389, 48.7823 ], [ 29.4658, 48.7803 ], [ 29.4628, 48.7625 ], [ 29.4897, 48.7605 ], [ 29.4867, 48.7427 ], [ 29.5136, 48.7407 ], [ 29.5405, 48.7387 ], [ 29.5673, 48.7367 ], [ 29.5643, 48.7189 ], [ 29.5613, 48.7012 ], [ 29.5344, 48.7032 ], [ 29.5075, 48.7052 ], [ 29.5105, 48.723 ], [ 29.4837, 48.725 ], [ 29.4568, 48.7269 ], [ 29.4598, 48.7447 ], [ 29.4329, 48.7467 ], [ 29.4359, 48.7645 ], [ 29.409, 48.7665 ], [ 29.412, 48.7843 ] ] ], [ [ [ 29.394, 48.8396 ], [ 29.397, 48.8574 ], [ 29.4, 48.8752 ], [ 29.403, 48.893 ], [ 29.43, 48.891 ], [ 29.433, 48.9088 ], [ 29.436, 48.9266 ], [ 29.463, 48.9246 ], [ 29.46, 48.9068 ], [ 29.457, 48.889 ], [ 29.4539, 48.8712 ], [ 29.4509, 48.8535 ], [ 29.424, 48.8554 ], [ 29.421, 48.8377 ], [ 29.418, 48.8199 ], [ 29.391, 48.8218 ], [ 29.388, 48.8041 ], [ 29.385, 48.7863 ], [ 29.3581, 48.7882 ], [ 29.3611, 48.806 ], [ 29.3641, 48.8238 ], [ 29.3671, 48.8416 ], [ 29.394, 48.8396 ] ] ], [ [ [ 29.4181, 48.982 ], [ 29.4211, 48.9998 ], [ 29.4241, 49.0175 ], [ 29.4511, 49.0155 ], [ 29.4481, 48.9978 ], [ 29.4751, 48.9958 ], [ 29.4721, 48.978 ], [ 29.4991, 48.976 ], [ 29.5261, 48.974 ], [ 29.5532, 48.972 ], [ 29.5802, 48.9699 ], [ 29.6072, 48.9679 ], [ 29.6041, 48.9501 ], [ 29.5771, 48.9521 ], [ 29.5501, 48.9542 ], [ 29.5231, 48.9562 ], [ 29.4961, 48.9582 ], [ 29.4691, 48.9602 ], [ 29.4421, 48.9622 ], [ 29.415, 48.9642 ], [ 29.4181, 48.982 ] ] ], [ [ [ 29.4241, 49.0175 ], [ 29.3971, 49.0195 ], [ 29.4001, 49.0373 ], [ 29.4271, 49.0353 ], [ 29.4241, 49.0175 ] ] ], [ [ [ 29.376, 49.0571 ], [ 29.4031, 49.0551 ], [ 29.4001, 49.0373 ], [ 29.373, 49.0393 ], [ 29.376, 49.0571 ] ] ], [ [ [ 29.3519, 49.0769 ], [ 29.379, 49.0749 ], [ 29.376, 49.0571 ], [ 29.3489, 49.0591 ], [ 29.3219, 49.061 ], [ 29.3249, 49.0788 ], [ 29.3519, 49.0769 ] ] ], [ [ [ 29.2737, 49.1005 ], [ 29.3008, 49.0986 ], [ 29.3279, 49.0966 ], [ 29.3249, 49.0788 ], [ 29.2978, 49.0808 ], [ 29.2707, 49.0828 ], [ 29.2737, 49.1005 ] ] ], [ [ [ 29.358, 49.2746 ], [ 29.3308, 49.2765 ], [ 29.3338, 49.2943 ], [ 29.361, 49.2923 ], [ 29.358, 49.2746 ] ] ], [ [ [ 29.2459, 49.4268 ], [ 29.2429, 49.409 ], [ 29.2156, 49.4109 ], [ 29.2186, 49.4287 ], [ 29.2216, 49.4465 ], [ 29.2246, 49.4643 ], [ 29.2519, 49.4623 ], [ 29.2489, 49.4446 ], [ 29.2459, 49.4268 ] ] ], [ [ [ 29.3399, 49.492 ], [ 29.3126, 49.494 ], [ 29.3156, 49.5118 ], [ 29.343, 49.5098 ], [ 29.346, 49.5276 ], [ 29.3733, 49.5256 ], [ 29.3703, 49.5078 ], [ 29.3976, 49.5058 ], [ 29.4249, 49.5038 ], [ 29.4218, 49.486 ], [ 29.3945, 49.488 ], [ 29.3672, 49.49 ], [ 29.3399, 49.492 ] ] ], [ [ [ 29.4677, 49.5908 ], [ 29.4646, 49.573 ], [ 29.4919, 49.5709 ], [ 29.4888, 49.5532 ], [ 29.4615, 49.5552 ], [ 29.4342, 49.5572 ], [ 29.4372, 49.575 ], [ 29.4403, 49.5928 ], [ 29.4677, 49.5908 ] ] ], [ [ [ 29.4153, 48.1537 ], [ 29.4419, 48.1517 ], [ 29.4685, 48.1498 ], [ 29.4655, 48.132 ], [ 29.4389, 48.1339 ], [ 29.4124, 48.1359 ], [ 29.3858, 48.1379 ], [ 29.3887, 48.1556 ], [ 29.4153, 48.1537 ] ] ], [ [ [ 29.4685, 48.3118 ], [ 29.4418, 48.3138 ], [ 29.4447, 48.3316 ], [ 29.4714, 48.3296 ], [ 29.4685, 48.3118 ] ] ], [ [ [ 29.507, 48.381 ], [ 29.5337, 48.379 ], [ 29.5604, 48.377 ], [ 29.5574, 48.3592 ], [ 29.5307, 48.3612 ], [ 29.5278, 48.3434 ], [ 29.5011, 48.3454 ], [ 29.4744, 48.3474 ], [ 29.4774, 48.3652 ], [ 29.4803, 48.383 ], [ 29.507, 48.381 ] ] ], [ [ [ 29.7843, 48.5762 ], [ 29.7812, 48.5584 ], [ 29.7544, 48.5604 ], [ 29.7276, 48.5625 ], [ 29.7008, 48.5645 ], [ 29.7039, 48.5823 ], [ 29.7307, 48.5803 ], [ 29.7575, 48.5782 ], [ 29.7843, 48.5762 ] ] ], [ [ [ 29.5242, 49.2803 ], [ 29.5273, 49.2981 ], [ 29.5544, 49.2961 ], [ 29.5514, 49.2783 ], [ 29.5483, 49.2605 ], [ 29.5452, 49.2427 ], [ 29.5723, 49.2407 ], [ 29.5692, 49.2229 ], [ 29.5421, 49.225 ], [ 29.539, 49.2072 ], [ 29.5118, 49.2092 ], [ 29.5149, 49.227 ], [ 29.518, 49.2448 ], [ 29.5211, 49.2626 ], [ 29.5242, 49.2803 ] ] ] ] } },
{ "type": "Feature", "properties": { "class": "high", "candidate": true, "label": "висока", "source": "Модель: Магомедов 2022 (каталог) + Copernicus DEM; клітинки 2 км" }, "geometry": { "type": "MultiPolygon", "coordinates": [ [ [ [ 27.7901, 48.4778 ], [ 27.7925, 48.4957 ], [ 27.7949, 48.5135 ], [ 27.8218, 48.5119 ], [ 27.8194, 48.4941 ], [ 27.817, 48.4762 ], [ 27.8438, 48.4746 ], [ 27.8414, 48.4568 ], [ 27.8146, 48.4584 ], [ 27.8122, 48.4405 ], [ 27.8098, 48.4226 ], [ 27.783, 48.4242 ], [ 27.7853, 48.4421 ], [ 27.7585, 48.4437 ], [ 27.7609, 48.4615 ], [ 27.7633, 48.4794 ], [ 27.7901, 48.4778 ] ] ], [ [ [ 27.734, 48.4631 ], [ 27.7317, 48.4453 ], [ 27.7048, 48.4468 ], [ 27.7072, 48.4647 ], [ 27.7095, 48.4826 ], [ 27.7364, 48.481 ], [ 27.734, 48.4631 ] ] ], [ [ [ 27.546, 48.474 ], [ 27.5483, 48.4919 ], [ 27.5752, 48.4904 ], [ 27.5728, 48.4725 ], [ 27.546, 48.474 ] ] ], [ [ [ 27.6114, 48.5603 ], [ 27.6137, 48.5781 ], [ 27.6161, 48.596 ], [ 27.6184, 48.6139 ], [ 27.6208, 48.6317 ], [ 27.6477, 48.6302 ], [ 27.6501, 48.648 ], [ 27.677, 48.6465 ], [ 27.6794, 48.6643 ], [ 27.7064, 48.6628 ], [ 27.704, 48.6449 ], [ 27.7016, 48.627 ], [ 27.6747, 48.6286 ], [ 27.6723, 48.6107 ], [ 27.6453, 48.6123 ], [ 27.643, 48.5944 ], [ 27.6406, 48.5766 ], [ 27.6383, 48.5587 ], [ 27.6359, 48.5409 ], [ 27.6628, 48.5393 ], [ 27.6605, 48.5214 ], [ 27.6581, 48.5036 ], [ 27.6558, 48.4857 ], [ 27.6289, 48.4873 ], [ 27.602, 48.4888 ], [ 27.5752, 48.4904 ], [ 27.5775, 48.5082 ], [ 27.6044, 48.5067 ], [ 27.6067, 48.5245 ], [ 27.609, 48.5424 ], [ 27.6114, 48.5603 ] ] ], [ [ [ 27.5283, 48.547 ], [ 27.526, 48.5292 ], [ 27.4991, 48.5307 ], [ 27.4968, 48.5128 ], [ 27.4699, 48.5143 ], [ 27.4722, 48.5322 ], [ 27.4745, 48.5501 ], [ 27.5014, 48.5486 ], [ 27.5283, 48.547 ] ] ], [ [ [ 27.5622, 48.5991 ], [ 27.5599, 48.5812 ], [ 27.5575, 48.5634 ], [ 27.5552, 48.5455 ], [ 27.5283, 48.547 ], [ 27.5306, 48.5649 ], [ 27.5329, 48.5828 ], [ 27.5352, 48.6006 ], [ 27.5376, 48.6185 ], [ 27.5645, 48.617 ], [ 27.5622, 48.5991 ] ] ], [ [ [ 27.4636, 48.6767 ], [ 27.4366, 48.6782 ], [ 27.4389, 48.6961 ], [ 27.4412, 48.714 ], [ 27.4682, 48.7124 ], [ 27.4659, 48.6946 ], [ 27.4929, 48.693 ], [ 27.4906, 48.6752 ], [ 27.4883, 48.6573 ], [ 27.486, 48.6394 ], [ 27.4837, 48.6216 ], [ 27.5106, 48.62 ], [ 27.5083, 48.6022 ], [ 27.4814, 48.6037 ], [ 27.4544, 48.6052 ], [ 27.4567, 48.6231 ], [ 27.459, 48.641 ], [ 27.4613, 48.6588 ], [ 27.4636, 48.6767 ] ] ], [ [ [ 27.5222, 48.7094 ], [ 27.5199, 48.6915 ], [ 27.4929, 48.693 ], [ 27.4952, 48.7109 ], [ 27.4975, 48.7288 ], [ 27.5245, 48.7273 ], [ 27.5222, 48.7094 ] ] ], [ [ [ 27.8533, 48.7441 ], [ 27.8509, 48.7262 ], [ 27.8484, 48.7084 ], [ 27.846, 48.6905 ], [ 27.873, 48.6889 ], [ 27.8705, 48.671 ], [ 27.8681, 48.6532 ], [ 27.895, 48.6516 ], [ 27.8926, 48.6337 ], [ 27.8902, 48.6159 ], [ 27.8877, 48.598 ], [ 27.8853, 48.5801 ], [ 27.8584, 48.5818 ], [ 27.8315, 48.5834 ], [ 27.8339, 48.6012 ], [ 27.8608, 48.5996 ], [ 27.8632, 48.6175 ], [ 27.8657, 48.6353 ], [ 27.8387, 48.6369 ], [ 27.8411, 48.6548 ], [ 27.8436, 48.6727 ], [ 27.8166, 48.6743 ], [ 27.819, 48.6921 ], [ 27.8215, 48.71 ], [ 27.8239, 48.7278 ], [ 27.8263, 48.7457 ], [ 27.8287, 48.7635 ], [ 27.8558, 48.7619 ], [ 27.8533, 48.7441 ] ] ], [ [ [ 27.4142, 48.7155 ], [ 27.4165, 48.7333 ], [ 27.4435, 48.7318 ], [ 27.4412, 48.714 ], [ 27.4142, 48.7155 ] ] ], [ [ [ 27.5292, 48.763 ], [ 27.5562, 48.7614 ], [ 27.5538, 48.7436 ], [ 27.5515, 48.7257 ], [ 27.5245, 48.7273 ], [ 27.5268, 48.7451 ], [ 27.5292, 48.763 ] ] ], [ [ [ 27.6586, 48.9176 ], [ 27.6562, 48.8997 ], [ 27.6538, 48.8818 ], [ 27.6268, 48.8834 ], [ 27.6291, 48.9013 ], [ 27.602, 48.9028 ], [ 27.6044, 48.9207 ], [ 27.6315, 48.9191 ], [ 27.6586, 48.9176 ] ] ], [ [ [ 27.6068, 48.9386 ], [ 27.6044, 48.9207 ], [ 27.5773, 48.9222 ], [ 27.5796, 48.9401 ], [ 27.6068, 48.9386 ] ] ], [ [ [ 27.5525, 48.9417 ], [ 27.5254, 48.9432 ], [ 27.5277, 48.9611 ], [ 27.5549, 48.9595 ], [ 27.582, 48.958 ], [ 27.5796, 48.9401 ], [ 27.5525, 48.9417 ] ] ], [ [ [ 27.7617, 49.0735 ], [ 27.7642, 49.0914 ], [ 27.7914, 49.0898 ], [ 27.7889, 49.0719 ], [ 27.7617, 49.0735 ] ] ], [ [ [ 27.7112, 49.5086 ], [ 27.7136, 49.5264 ], [ 27.7411, 49.5248 ], [ 27.7386, 49.5069 ], [ 27.7112, 49.5086 ] ] ], [ [ [ 27.8009, 49.5573 ], [ 27.8284, 49.5557 ], [ 27.8259, 49.5378 ], [ 27.7984, 49.5394 ], [ 27.7959, 49.5216 ], [ 27.7935, 49.5037 ], [ 27.766, 49.5053 ], [ 27.7685, 49.5232 ], [ 27.7411, 49.5248 ], [ 27.7435, 49.5427 ], [ 27.771, 49.5411 ], [ 27.7735, 49.5589 ], [ 27.8009, 49.5573 ] ] ], [ [ [ 27.9407, 49.567 ], [ 27.9681, 49.5653 ], [ 27.9956, 49.5636 ], [ 27.993, 49.5458 ], [ 27.9656, 49.5475 ], [ 27.9381, 49.5491 ], [ 27.9407, 49.567 ] ] ], [ [ [ 28.0487, 48.3902 ], [ 28.0219, 48.3918 ], [ 27.9951, 48.3935 ], [ 27.9975, 48.4113 ], [ 28.0, 48.4292 ], [ 28.0268, 48.4275 ], [ 28.0536, 48.4259 ], [ 28.0512, 48.408 ], [ 28.0487, 48.3902 ] ] ], [ [ [ 27.9073, 48.5428 ], [ 27.9097, 48.5607 ], [ 27.9122, 48.5785 ], [ 27.9146, 48.5964 ], [ 27.9415, 48.5948 ], [ 27.9391, 48.5769 ], [ 27.9366, 48.559 ], [ 27.9342, 48.5412 ], [ 27.9317, 48.5233 ], [ 27.9293, 48.5055 ], [ 27.9024, 48.5071 ], [ 27.9, 48.4893 ], [ 27.8731, 48.4909 ], [ 27.8707, 48.473 ], [ 27.8438, 48.4746 ], [ 27.8463, 48.4925 ], [ 27.8487, 48.5103 ], [ 27.8755, 48.5087 ], [ 27.878, 48.5266 ], [ 27.9049, 48.525 ], [ 27.9073, 48.5428 ] ] ], [ [ [ 28.0661, 48.5151 ], [ 28.0686, 48.533 ], [ 28.0955, 48.5313 ], [ 28.093, 48.5135 ], [ 28.0905, 48.4956 ], [ 28.088, 48.4778 ], [ 28.0855, 48.4599 ], [ 28.0586, 48.4616 ], [ 28.0611, 48.4794 ], [ 28.0343, 48.4811 ], [ 28.0367, 48.4989 ], [ 28.0636, 48.4973 ], [ 28.0661, 48.5151 ] ] ], [ [ [ 28.0711, 48.5508 ], [ 28.0736, 48.5687 ], [ 28.1005, 48.567 ], [ 28.098, 48.5492 ], [ 28.0711, 48.5508 ] ] ], [ [ [ 28.108, 48.6206 ], [ 28.1105, 48.6384 ], [ 28.1131, 48.6562 ], [ 28.1156, 48.6741 ], [ 28.0886, 48.6758 ], [ 28.0912, 48.6936 ], [ 28.1181, 48.6919 ], [ 28.1451, 48.6903 ], [ 28.1425, 48.6724 ], [ 28.14, 48.6546 ], [ 28.1375, 48.6367 ], [ 28.1349, 48.6189 ], [ 28.1324, 48.601 ], [ 28.1299, 48.5832 ], [ 28.1274, 48.5653 ], [ 28.1005, 48.567 ], [ 28.103, 48.5849 ], [ 28.1055, 48.6027 ], [ 28.108, 48.6206 ] ] ], [ [ [ 28.0103, 48.6986 ], [ 28.0128, 48.7164 ], [ 28.0397, 48.7148 ], [ 28.0372, 48.6969 ], [ 28.0103, 48.6986 ] ] ], [ [ [ 27.9638, 48.7554 ], [ 27.9662, 48.7733 ], [ 27.9933, 48.7716 ], [ 27.9908, 48.7538 ], [ 27.9638, 48.7554 ] ] ], [ [ [ 28.0498, 48.7862 ], [ 28.0768, 48.7845 ], [ 28.0743, 48.7667 ], [ 28.0717, 48.7488 ], [ 28.0448, 48.7505 ], [ 28.0473, 48.7683 ], [ 28.0498, 48.7862 ] ] ], [ [ [ 28.097, 48.9273 ], [ 28.0996, 48.9451 ], [ 28.1267, 48.9435 ], [ 28.1241, 48.9256 ], [ 28.097, 48.9273 ] ] ], [ [ [ 28.0454, 48.9485 ], [ 28.0479, 48.9663 ], [ 28.075, 48.9647 ], [ 28.0725, 48.9468 ], [ 28.0454, 48.9485 ] ] ], [ [ [ 28.1226, 49.1057 ], [ 28.12, 49.0879 ], [ 28.0929, 49.0896 ], [ 28.0954, 49.1074 ], [ 28.098, 49.1253 ], [ 28.1252, 49.1236 ], [ 28.1523, 49.1219 ], [ 28.1795, 49.1202 ], [ 28.2067, 49.1185 ], [ 28.2041, 49.1007 ], [ 28.1769, 49.1024 ], [ 28.1498, 49.1041 ], [ 28.1226, 49.1057 ] ] ], [ [ [ 27.9524, 49.2602 ], [ 27.9549, 49.278 ], [ 27.9822, 49.2764 ], [ 28.0094, 49.2747 ], [ 28.0367, 49.2731 ], [ 28.064, 49.2714 ], [ 28.0614, 49.2536 ], [ 28.0342, 49.2552 ], [ 28.0069, 49.2569 ], [ 27.9796, 49.2585 ], [ 27.9524, 49.2602 ] ] ], [ [ [ 28.1263, 49.3216 ], [ 28.1237, 49.3037 ], [ 28.0964, 49.3054 ], [ 28.099, 49.3233 ], [ 28.1263, 49.3216 ] ] ], [ [ [ 28.0717, 49.3249 ], [ 28.0743, 49.3428 ], [ 28.1016, 49.3411 ], [ 28.099, 49.3233 ], [ 28.0717, 49.3249 ] ] ], [ [ [ 28.0598, 49.4337 ], [ 28.0572, 49.4158 ], [ 28.0546, 49.398 ], [ 28.0273, 49.3997 ], [ 28.0299, 49.4175 ], [ 28.0324, 49.4354 ], [ 28.005, 49.437 ], [ 28.0076, 49.4549 ], [ 28.035, 49.4532 ], [ 28.0624, 49.4515 ], [ 28.0598, 49.4337 ] ] ], [ [ [ 28.1797, 49.4983 ], [ 28.1771, 49.4804 ], [ 28.1497, 49.4822 ], [ 28.1523, 49.5 ], [ 28.1249, 49.5017 ], [ 28.1275, 49.5195 ], [ 28.1549, 49.5178 ], [ 28.1823, 49.5161 ], [ 28.1797, 49.4983 ] ] ], [ [ [ 28.2034, 49.6589 ], [ 28.2008, 49.641 ], [ 28.1733, 49.6427 ], [ 28.1458, 49.6444 ], [ 28.1484, 49.6623 ], [ 28.1511, 49.6801 ], [ 28.1786, 49.6784 ], [ 28.2061, 49.6767 ], [ 28.2034, 49.6589 ] ] ], [ [ [ 28.1236, 49.6818 ], [ 28.1262, 49.6997 ], [ 28.1537, 49.698 ], [ 28.1511, 49.6801 ], [ 28.1236, 49.6818 ] ] ], [ [ [ 28.2087, 49.6945 ], [ 28.2114, 49.7124 ], [ 28.2389, 49.7106 ], [ 28.2362, 49.6928 ], [ 28.2087, 49.6945 ] ] ], [ [ [ 28.4166, 48.1329 ], [ 28.4433, 48.1312 ], [ 28.4407, 48.1133 ], [ 28.4673, 48.1116 ], [ 28.4647, 48.0937 ], [ 28.4621, 48.0759 ], [ 28.4595, 48.0581 ], [ 28.4329, 48.0598 ], [ 28.4355, 48.0776 ], [ 28.4381, 48.0955 ], [ 28.4115, 48.0972 ], [ 28.414, 48.115 ], [ 28.4166, 48.1329 ] ] ], [ [ [ 28.3572, 48.2808 ], [ 28.3598, 48.2986 ], [ 28.3865, 48.2969 ], [ 28.3839, 48.279 ], [ 28.3572, 48.2808 ] ] ], [ [ [ 28.4047, 48.4217 ], [ 28.4073, 48.4396 ], [ 28.4099, 48.4574 ], [ 28.4125, 48.4752 ], [ 28.4151, 48.4931 ], [ 28.4177, 48.5109 ], [ 28.4204, 48.5287 ], [ 28.423, 48.5466 ], [ 28.4256, 48.5644 ], [ 28.3987, 48.5661 ], [ 28.4014, 48.584 ], [ 28.4282, 48.5822 ], [ 28.4309, 48.6001 ], [ 28.4335, 48.6179 ], [ 28.4604, 48.6162 ], [ 28.4578, 48.5983 ], [ 28.4551, 48.5805 ], [ 28.4525, 48.5627 ], [ 28.4498, 48.5448 ], [ 28.4472, 48.527 ], [ 28.4446, 48.5092 ], [ 28.4714, 48.5074 ], [ 28.4741, 48.5252 ], [ 28.5009, 48.5235 ], [ 28.4983, 48.5056 ], [ 28.4956, 48.4878 ], [ 28.4688, 48.4896 ], [ 28.442, 48.4913 ], [ 28.4393, 48.4735 ], [ 28.4662, 48.4717 ], [ 28.4635, 48.4539 ], [ 28.4367, 48.4557 ], [ 28.4341, 48.4378 ], [ 28.4315, 48.42 ], [ 28.4289, 48.4021 ], [ 28.4263, 48.3843 ], [ 28.4237, 48.3665 ], [ 28.421, 48.3486 ], [ 28.3943, 48.3504 ], [ 28.3969, 48.3682 ], [ 28.3995, 48.386 ], [ 28.4021, 48.4039 ], [ 28.4047, 48.4217 ] ] ], [ [ [ 28.2182, 48.6317 ], [ 28.2452, 48.63 ], [ 28.2721, 48.6283 ], [ 28.2695, 48.6104 ], [ 28.2426, 48.6121 ], [ 28.24, 48.5943 ], [ 28.2375, 48.5764 ], [ 28.2349, 48.5586 ], [ 28.208, 48.5603 ], [ 28.2106, 48.5781 ], [ 28.2131, 48.596 ], [ 28.2157, 48.6138 ], [ 28.2182, 48.6317 ] ] ], [ [ [ 28.2902, 48.7531 ], [ 28.3171, 48.7514 ], [ 28.3441, 48.7497 ], [ 28.3415, 48.7319 ], [ 28.3145, 48.7336 ], [ 28.3119, 48.7157 ], [ 28.3093, 48.6979 ], [ 28.3068, 48.6801 ], [ 28.3042, 48.6622 ], [ 28.2772, 48.6639 ], [ 28.2746, 48.6461 ], [ 28.2477, 48.6478 ], [ 28.2503, 48.6657 ], [ 28.2529, 48.6835 ], [ 28.2798, 48.6818 ], [ 28.2824, 48.6996 ], [ 28.285, 48.7175 ], [ 28.2876, 48.7353 ], [ 28.2902, 48.7531 ] ] ], [ [ [ 28.503, 48.9015 ], [ 28.5057, 48.9193 ], [ 28.5327, 48.9175 ], [ 28.5301, 48.8997 ], [ 28.503, 48.9015 ] ] ], [ [ [ 28.3049, 49.0403 ], [ 28.3075, 49.0581 ], [ 28.3101, 49.076 ], [ 28.3128, 49.0938 ], [ 28.2856, 49.0955 ], [ 28.2882, 49.1134 ], [ 28.2909, 49.1312 ], [ 28.2637, 49.1329 ], [ 28.2663, 49.1508 ], [ 28.2391, 49.1525 ], [ 28.2417, 49.1703 ], [ 28.2689, 49.1686 ], [ 28.2961, 49.1669 ], [ 28.2935, 49.149 ], [ 28.3207, 49.1473 ], [ 28.3181, 49.1295 ], [ 28.3154, 49.1116 ], [ 28.3426, 49.1099 ], [ 28.3399, 49.0921 ], [ 28.3373, 49.0742 ], [ 28.3347, 49.0564 ], [ 28.3618, 49.0546 ], [ 28.3591, 49.0368 ], [ 28.332, 49.0385 ], [ 28.3294, 49.0207 ], [ 28.3023, 49.0224 ], [ 28.3049, 49.0403 ] ] ], [ [ [ 28.4948, 49.028 ], [ 28.4974, 49.0459 ], [ 28.5246, 49.0441 ], [ 28.5517, 49.0423 ], [ 28.549, 49.0245 ], [ 28.5219, 49.0263 ], [ 28.5192, 49.0084 ], [ 28.4921, 49.0102 ], [ 28.4948, 49.028 ] ] ], [ [ [ 28.2443, 49.1882 ], [ 28.2417, 49.1703 ], [ 28.2145, 49.172 ], [ 28.1873, 49.1737 ], [ 28.1899, 49.1916 ], [ 28.2171, 49.1899 ], [ 28.2443, 49.1882 ] ] ], [ [ [ 28.4375, 49.1938 ], [ 28.4402, 49.2116 ], [ 28.4674, 49.2099 ], [ 28.4647, 49.192 ], [ 28.4375, 49.1938 ] ] ], [ [ [ 28.4156, 49.2312 ], [ 28.4429, 49.2295 ], [ 28.4402, 49.2116 ], [ 28.413, 49.2134 ], [ 28.3857, 49.2152 ], [ 28.3884, 49.233 ], [ 28.4156, 49.2312 ] ] ], [ [ [ 28.4483, 49.2651 ], [ 28.451, 49.283 ], [ 28.4782, 49.2812 ], [ 28.4755, 49.2634 ], [ 28.4483, 49.2651 ] ] ], [ [ [ 28.2433, 49.3683 ], [ 28.246, 49.3861 ], [ 28.2733, 49.3844 ], [ 28.2707, 49.3665 ], [ 28.2433, 49.3683 ] ] ], [ [ [ 28.3687, 49.4683 ], [ 28.3714, 49.4862 ], [ 28.3987, 49.4844 ], [ 28.396, 49.4666 ], [ 28.3687, 49.4683 ] ] ], [ [ [ 28.322, 49.5253 ], [ 28.3494, 49.5236 ], [ 28.3467, 49.5058 ], [ 28.3193, 49.5075 ], [ 28.2919, 49.5092 ], [ 28.2946, 49.5271 ], [ 28.2972, 49.5449 ], [ 28.3246, 49.5432 ], [ 28.322, 49.5253 ] ] ], [ [ [ 28.5164, 49.5308 ], [ 28.5192, 49.5486 ], [ 28.5466, 49.5468 ], [ 28.5438, 49.529 ], [ 28.5164, 49.5308 ] ] ], [ [ [ 28.6159, 49.8124 ], [ 28.6187, 49.8302 ], [ 28.6462, 49.8284 ], [ 28.6434, 49.8106 ], [ 28.6159, 49.8124 ] ] ], [ [ [ 28.4777, 48.1829 ], [ 28.4751, 48.1651 ], [ 28.5018, 48.1633 ], [ 28.4992, 48.1455 ], [ 28.4965, 48.1277 ], [ 28.4699, 48.1294 ], [ 28.4433, 48.1312 ], [ 28.4459, 48.149 ], [ 28.4485, 48.1668 ], [ 28.4511, 48.1847 ], [ 28.4777, 48.1829 ] ] ], [ [ [ 28.5311, 48.1794 ], [ 28.5577, 48.1777 ], [ 28.5551, 48.1598 ], [ 28.5524, 48.142 ], [ 28.5258, 48.1438 ], [ 28.5284, 48.1616 ], [ 28.5311, 48.1794 ] ] ], [ [ [ 28.4615, 48.256 ], [ 28.4641, 48.2738 ], [ 28.4908, 48.2721 ], [ 28.4882, 48.2542 ], [ 28.4856, 48.2364 ], [ 28.5123, 48.2347 ], [ 28.5096, 48.2168 ], [ 28.4829, 48.2186 ], [ 28.4803, 48.2007 ], [ 28.4537, 48.2025 ], [ 28.4511, 48.1847 ], [ 28.4244, 48.1864 ], [ 28.427, 48.2042 ], [ 28.4296, 48.2221 ], [ 28.4563, 48.2203 ], [ 28.4589, 48.2382 ], [ 28.4615, 48.256 ] ] ], [ [ [ 28.5844, 48.1759 ], [ 28.5577, 48.1777 ], [ 28.5603, 48.1955 ], [ 28.563, 48.2133 ], [ 28.5897, 48.2115 ], [ 28.587, 48.1937 ], [ 28.5844, 48.1759 ] ] ], [ [ [ 28.619, 48.2276 ], [ 28.6163, 48.2098 ], [ 28.5897, 48.2115 ], [ 28.5923, 48.2294 ], [ 28.595, 48.2472 ], [ 28.5976, 48.265 ], [ 28.6243, 48.2633 ], [ 28.6217, 48.2454 ], [ 28.619, 48.2276 ] ] ], [ [ [ 28.5442, 48.2686 ], [ 28.5469, 48.2864 ], [ 28.5495, 48.3042 ], [ 28.5762, 48.3025 ], [ 28.5789, 48.3203 ], [ 28.6056, 48.3185 ], [ 28.6083, 48.3363 ], [ 28.635, 48.3346 ], [ 28.6323, 48.3167 ], [ 28.6297, 48.2989 ], [ 28.6029, 48.3007 ], [ 28.6003, 48.2829 ], [ 28.5736, 48.2846 ], [ 28.5709, 48.2668 ], [ 28.5683, 48.249 ], [ 28.5656, 48.2311 ], [ 28.5389, 48.2329 ], [ 28.5123, 48.2347 ], [ 28.5149, 48.2525 ], [ 28.5416, 48.2507 ], [ 28.5442, 48.2686 ] ] ], [ [ [ 28.4693, 48.3095 ], [ 28.4667, 48.2917 ], [ 28.4641, 48.2738 ], [ 28.4374, 48.2756 ], [ 28.44, 48.2934 ], [ 28.4426, 48.3112 ], [ 28.4452, 48.3291 ], [ 28.4478, 48.3469 ], [ 28.4504, 48.3647 ], [ 28.4772, 48.363 ], [ 28.4798, 48.3808 ], [ 28.5066, 48.3791 ], [ 28.5039, 48.3612 ], [ 28.5013, 48.3434 ], [ 28.4746, 48.3452 ], [ 28.4719, 48.3273 ], [ 28.4693, 48.3095 ] ] ], [ [ [ 28.5546, 48.5199 ], [ 28.5573, 48.5378 ], [ 28.5841, 48.536 ], [ 28.5814, 48.5182 ], [ 28.5546, 48.5199 ] ] ], [ [ [ 28.6625, 48.8729 ], [ 28.6652, 48.8907 ], [ 28.6923, 48.8889 ], [ 28.6895, 48.8711 ], [ 28.6868, 48.8533 ], [ 28.6598, 48.8551 ], [ 28.6625, 48.8729 ] ] ], [ [ [ 28.6409, 48.9104 ], [ 28.6437, 48.9282 ], [ 28.6707, 48.9264 ], [ 28.668, 48.9085 ], [ 28.6409, 48.9104 ] ] ], [ [ [ 28.6601, 49.0351 ], [ 28.6574, 49.0173 ], [ 28.6303, 49.0191 ], [ 28.633, 49.0369 ], [ 28.6358, 49.0547 ], [ 28.6629, 49.0529 ], [ 28.6601, 49.0351 ] ] ], [ [ [ 28.7807, 49.2791 ], [ 28.7778, 49.2613 ], [ 28.7506, 49.2631 ], [ 28.7534, 49.281 ], [ 28.7807, 49.2791 ] ] ], [ [ [ 28.6801, 49.3399 ], [ 28.7073, 49.3381 ], [ 28.7101, 49.3559 ], [ 28.7129, 49.3737 ], [ 28.6857, 49.3756 ], [ 28.6884, 49.3934 ], [ 28.6611, 49.3952 ], [ 28.6639, 49.413 ], [ 28.6912, 49.4112 ], [ 28.7186, 49.4094 ], [ 28.7157, 49.3915 ], [ 28.743, 49.3897 ], [ 28.7402, 49.3719 ], [ 28.7374, 49.3541 ], [ 28.7647, 49.3522 ], [ 28.7619, 49.3344 ], [ 28.7891, 49.3326 ], [ 28.7863, 49.3148 ], [ 28.7591, 49.3166 ], [ 28.7562, 49.2988 ], [ 28.7534, 49.281 ], [ 28.7262, 49.2828 ], [ 28.729, 49.3006 ], [ 28.7017, 49.3024 ], [ 28.7045, 49.3203 ], [ 28.6773, 49.3221 ], [ 28.6801, 49.3399 ] ] ], [ [ [ 28.6366, 49.4148 ], [ 28.6394, 49.4327 ], [ 28.6667, 49.4308 ], [ 28.6639, 49.413 ], [ 28.6366, 49.4148 ] ] ], [ [ [ 28.7543, 49.461 ], [ 28.7572, 49.4788 ], [ 28.7845, 49.477 ], [ 28.7874, 49.4948 ], [ 28.8147, 49.4929 ], [ 28.8176, 49.5107 ], [ 28.8449, 49.5089 ], [ 28.8478, 49.5267 ], [ 28.8752, 49.5248 ], [ 28.8723, 49.507 ], [ 28.8694, 49.4892 ], [ 28.8421, 49.4911 ], [ 28.8392, 49.4732 ], [ 28.8119, 49.4751 ], [ 28.809, 49.4573 ], [ 28.7817, 49.4591 ], [ 28.7543, 49.461 ] ] ], [ [ [ 28.7176, 48.167 ], [ 28.7443, 48.1652 ], [ 28.747, 48.183 ], [ 28.7497, 48.2008 ], [ 28.7763, 48.199 ], [ 28.779, 48.2168 ], [ 28.8057, 48.215 ], [ 28.803, 48.1972 ], [ 28.8003, 48.1794 ], [ 28.7736, 48.1812 ], [ 28.7709, 48.1634 ], [ 28.7682, 48.1455 ], [ 28.7416, 48.1473 ], [ 28.7389, 48.1295 ], [ 28.7362, 48.1117 ], [ 28.7335, 48.0939 ], [ 28.7069, 48.0957 ], [ 28.7096, 48.1135 ], [ 28.7122, 48.1313 ], [ 28.7149, 48.1491 ], [ 28.7176, 48.167 ] ] ], [ [ [ 28.6563, 48.1171 ], [ 28.6297, 48.1189 ], [ 28.6324, 48.1367 ], [ 28.659, 48.1349 ], [ 28.6563, 48.1171 ] ] ], [ [ [ 28.8378, 48.2488 ], [ 28.8351, 48.231 ], [ 28.8324, 48.2132 ], [ 28.8057, 48.215 ], [ 28.8084, 48.2328 ], [ 28.8112, 48.2506 ], [ 28.8139, 48.2685 ], [ 28.8406, 48.2666 ], [ 28.8378, 48.2488 ] ] ], [ [ [ 28.6377, 48.3524 ], [ 28.6404, 48.3702 ], [ 28.6671, 48.3684 ], [ 28.6644, 48.3506 ], [ 28.6618, 48.3328 ], [ 28.635, 48.3346 ], [ 28.6377, 48.3524 ] ] ], [ [ [ 28.7315, 48.4361 ], [ 28.7288, 48.4183 ], [ 28.7261, 48.4005 ], [ 28.7233, 48.3826 ], [ 28.6966, 48.3844 ], [ 28.6939, 48.3666 ], [ 28.6671, 48.3684 ], [ 28.6698, 48.3862 ], [ 28.6725, 48.4041 ], [ 28.6993, 48.4023 ], [ 28.702, 48.4201 ], [ 28.7047, 48.4379 ], [ 28.7315, 48.4361 ] ] ], [ [ [ 29.1568, 48.3885 ], [ 29.1597, 48.4064 ], [ 29.1864, 48.4044 ], [ 29.1893, 48.4222 ], [ 29.216, 48.4203 ], [ 29.2428, 48.4184 ], [ 29.2695, 48.4165 ], [ 29.2962, 48.4145 ], [ 29.323, 48.4126 ], [ 29.3497, 48.4106 ], [ 29.3468, 48.3928 ], [ 29.3201, 48.3948 ], [ 29.2933, 48.3967 ], [ 29.2666, 48.3987 ], [ 29.2399, 48.4006 ], [ 29.237, 48.3828 ], [ 29.2103, 48.3847 ], [ 29.1835, 48.3866 ], [ 29.1807, 48.3688 ], [ 29.1539, 48.3707 ], [ 29.1272, 48.3726 ], [ 29.1005, 48.3745 ], [ 29.0738, 48.3764 ], [ 29.0766, 48.3942 ], [ 29.1033, 48.3924 ], [ 29.1301, 48.3905 ], [ 29.1568, 48.3885 ] ] ], [ [ [ 29.1798, 48.531 ], [ 29.1769, 48.5132 ], [ 29.1501, 48.5151 ], [ 29.1233, 48.517 ], [ 29.1262, 48.5348 ], [ 29.153, 48.5329 ], [ 29.1798, 48.531 ] ] ], [ [ [ 28.9737, 48.5995 ], [ 28.9766, 48.6174 ], [ 29.0034, 48.6155 ], [ 29.0063, 48.6333 ], [ 29.0331, 48.6314 ], [ 29.0303, 48.6136 ], [ 29.0274, 48.5958 ], [ 29.0006, 48.5977 ], [ 28.9737, 48.5995 ] ] ], [ [ [ 28.7995, 48.7016 ], [ 28.8264, 48.6998 ], [ 28.8534, 48.6979 ], [ 28.8803, 48.6961 ], [ 28.9072, 48.6942 ], [ 28.9044, 48.6764 ], [ 28.9313, 48.6745 ], [ 28.9582, 48.6727 ], [ 28.9851, 48.6708 ], [ 28.9822, 48.653 ], [ 28.9553, 48.6549 ], [ 28.9285, 48.6567 ], [ 28.9016, 48.6586 ], [ 28.8747, 48.6604 ], [ 28.8775, 48.6782 ], [ 28.8506, 48.6801 ], [ 28.8237, 48.6819 ], [ 28.7968, 48.6838 ], [ 28.7698, 48.6856 ], [ 28.7726, 48.7034 ], [ 28.7995, 48.7016 ] ] ], [ [ [ 28.9539, 48.817 ], [ 28.9567, 48.8348 ], [ 28.9837, 48.833 ], [ 28.9865, 48.8508 ], [ 29.0135, 48.8489 ], [ 29.0107, 48.8311 ], [ 29.0078, 48.8133 ], [ 28.9808, 48.8152 ], [ 28.9539, 48.817 ] ] ], [ [ [ 28.8218, 48.8441 ], [ 28.8246, 48.8619 ], [ 28.8516, 48.8601 ], [ 28.8488, 48.8423 ], [ 28.8218, 48.8441 ] ] ], [ [ [ 28.9951, 48.9042 ], [ 28.9922, 48.8864 ], [ 28.9894, 48.8686 ], [ 28.9865, 48.8508 ], [ 28.9595, 48.8526 ], [ 28.9624, 48.8705 ], [ 28.9652, 48.8883 ], [ 28.9681, 48.9061 ], [ 28.9951, 48.9042 ] ] ], [ [ [ 28.7761, 48.9013 ], [ 28.7789, 48.9191 ], [ 28.8059, 48.9172 ], [ 28.8031, 48.8994 ], [ 28.7761, 48.9013 ] ] ], [ [ [ 29.1272, 48.8769 ], [ 29.1301, 48.8947 ], [ 29.1571, 48.8928 ], [ 29.1542, 48.875 ], [ 29.1272, 48.8769 ] ] ], [ [ [ 28.8927, 48.9473 ], [ 28.8955, 48.9651 ], [ 28.9225, 48.9633 ], [ 28.9197, 48.9455 ], [ 28.8927, 48.9473 ] ] ], [ [ [ 29.1381, 49.1102 ], [ 29.141, 49.1281 ], [ 29.1682, 49.1261 ], [ 29.1652, 49.1083 ], [ 29.1381, 49.1102 ] ] ], [ [ [ 29.0742, 49.2228 ], [ 29.0713, 49.205 ], [ 29.0684, 49.1872 ], [ 29.0655, 49.1694 ], [ 29.0383, 49.1713 ], [ 29.0412, 49.1891 ], [ 29.0441, 49.2069 ], [ 29.047, 49.2247 ], [ 29.0742, 49.2228 ] ] ], [ [ [ 28.8681, 49.3092 ], [ 28.8709, 49.327 ], [ 28.8982, 49.3251 ], [ 28.8953, 49.3073 ], [ 28.8681, 49.3092 ] ] ], [ [ [ 29.2336, 49.5177 ], [ 29.261, 49.5157 ], [ 29.2883, 49.5138 ], [ 29.3156, 49.5118 ], [ 29.3126, 49.494 ], [ 29.2853, 49.496 ], [ 29.2823, 49.4782 ], [ 29.2792, 49.4604 ], [ 29.2519, 49.4623 ], [ 29.2246, 49.4643 ], [ 29.2276, 49.4821 ], [ 29.2549, 49.4801 ], [ 29.258, 49.4979 ], [ 29.2306, 49.4999 ], [ 29.2336, 49.5177 ] ] ], [ [ [ 28.9304, 49.8632 ], [ 28.9028, 49.8651 ], [ 28.8753, 49.867 ], [ 28.8782, 49.8848 ], [ 28.9058, 49.8829 ], [ 28.9333, 49.881 ], [ 28.9304, 49.8632 ] ] ], [ [ [ 29.3858, 48.1379 ], [ 29.4124, 48.1359 ], [ 29.4094, 48.1181 ], [ 29.3829, 48.1201 ], [ 29.3563, 48.122 ], [ 29.3297, 48.124 ], [ 29.3031, 48.1259 ], [ 29.2765, 48.1278 ], [ 29.2794, 48.1456 ], [ 29.306, 48.1437 ], [ 29.3326, 48.1418 ], [ 29.3592, 48.1398 ], [ 29.3858, 48.1379 ] ] ], [ [ [ 29.2348, 48.2029 ], [ 29.2377, 48.2207 ], [ 29.2643, 48.2187 ], [ 29.291, 48.2168 ], [ 29.3176, 48.2149 ], [ 29.3205, 48.2327 ], [ 29.3471, 48.2307 ], [ 29.3442, 48.2129 ], [ 29.3709, 48.211 ], [ 29.3975, 48.209 ], [ 29.4241, 48.2071 ], [ 29.4507, 48.2051 ], [ 29.4773, 48.2031 ], [ 29.5039, 48.2011 ], [ 29.501, 48.1834 ], [ 29.5276, 48.1814 ], [ 29.5542, 48.1794 ], [ 29.5512, 48.1616 ], [ 29.5246, 48.1636 ], [ 29.498, 48.1656 ], [ 29.4714, 48.1675 ], [ 29.4744, 48.1853 ], [ 29.4478, 48.1873 ], [ 29.4212, 48.1893 ], [ 29.3946, 48.1912 ], [ 29.3679, 48.1932 ], [ 29.3413, 48.1951 ], [ 29.3147, 48.1971 ], [ 29.2881, 48.199 ], [ 29.2615, 48.2009 ], [ 29.2348, 48.2029 ] ] ], [ [ [ 29.3914, 48.3355 ], [ 29.4181, 48.3336 ], [ 29.4447, 48.3316 ], [ 29.4418, 48.3138 ], [ 29.4151, 48.3158 ], [ 29.4122, 48.298 ], [ 29.3855, 48.3 ], [ 29.3588, 48.3019 ], [ 29.3322, 48.3039 ], [ 29.3055, 48.3058 ], [ 29.3084, 48.3236 ], [ 29.3351, 48.3217 ], [ 29.3618, 48.3197 ], [ 29.3647, 48.3375 ], [ 29.3914, 48.3355 ] ] ], [ [ [ 29.4536, 48.385 ], [ 29.4803, 48.383 ], [ 29.4774, 48.3652 ], [ 29.4507, 48.3672 ], [ 29.424, 48.3692 ], [ 29.4269, 48.387 ], [ 29.4299, 48.4047 ], [ 29.4566, 48.4028 ], [ 29.4536, 48.385 ] ] ], [ [ [ 29.1625, 48.4242 ], [ 29.1654, 48.442 ], [ 29.1922, 48.44 ], [ 29.1893, 48.4222 ], [ 29.1625, 48.4242 ] ] ], [ [ [ 29.3167, 48.5391 ], [ 29.3435, 48.5372 ], [ 29.3406, 48.5194 ], [ 29.3376, 48.5016 ], [ 29.3109, 48.5035 ], [ 29.2841, 48.5055 ], [ 29.2573, 48.5074 ], [ 29.2602, 48.5252 ], [ 29.287, 48.5233 ], [ 29.2899, 48.5411 ], [ 29.3167, 48.5391 ] ] ], [ [ [ 29.2567, 48.6695 ], [ 29.2597, 48.6873 ], [ 29.2866, 48.6854 ], [ 29.2836, 48.6676 ], [ 29.2567, 48.6695 ] ] ], [ [ [ 29.3282, 48.7724 ], [ 29.3312, 48.7902 ], [ 29.3581, 48.7882 ], [ 29.385, 48.7863 ], [ 29.412, 48.7843 ], [ 29.409, 48.7665 ], [ 29.3821, 48.7685 ], [ 29.3551, 48.7704 ], [ 29.3522, 48.7526 ], [ 29.3492, 48.7348 ], [ 29.3223, 48.7368 ], [ 29.3253, 48.7546 ], [ 29.3282, 48.7724 ] ] ], [ [ [ 29.415, 48.8021 ], [ 29.4419, 48.8001 ], [ 29.4389, 48.7823 ], [ 29.412, 48.7843 ], [ 29.415, 48.8021 ] ] ], [ [ [ 29.409, 48.9286 ], [ 29.412, 48.9464 ], [ 29.415, 48.9642 ], [ 29.4421, 48.9622 ], [ 29.439, 48.9444 ], [ 29.466, 48.9424 ], [ 29.463, 48.9246 ], [ 29.436, 48.9266 ], [ 29.409, 48.9286 ] ] ], [ [ [ 29.4729, 49.3021 ], [ 29.5001, 49.3001 ], [ 29.5273, 49.2981 ], [ 29.5242, 49.2803 ], [ 29.497, 49.2824 ], [ 29.4698, 49.2844 ], [ 29.4426, 49.2864 ], [ 29.4154, 49.2884 ], [ 29.3882, 49.2904 ], [ 29.361, 49.2923 ], [ 29.364, 49.3101 ], [ 29.3913, 49.3081 ], [ 29.4185, 49.3062 ], [ 29.4457, 49.3042 ], [ 29.4729, 49.3021 ] ] ], [ [ [ 29.5373, 49.5135 ], [ 29.5341, 49.4958 ], [ 29.5614, 49.4937 ], [ 29.5583, 49.4759 ], [ 29.531, 49.478 ], [ 29.5279, 49.4602 ], [ 29.5248, 49.4424 ], [ 29.4975, 49.4444 ], [ 29.4703, 49.4465 ], [ 29.443, 49.4485 ], [ 29.4461, 49.4662 ], [ 29.4733, 49.4642 ], [ 29.5006, 49.4622 ], [ 29.5037, 49.48 ], [ 29.5068, 49.4978 ], [ 29.5099, 49.5156 ], [ 29.5373, 49.5135 ] ] ], [ [ [ 29.4461, 49.4662 ], [ 29.4188, 49.4683 ], [ 29.4218, 49.486 ], [ 29.4249, 49.5038 ], [ 29.4522, 49.5018 ], [ 29.4491, 49.484 ], [ 29.4461, 49.4662 ] ] ], [ [ [ 29.5131, 49.5334 ], [ 29.5099, 49.5156 ], [ 29.4826, 49.5176 ], [ 29.4857, 49.5354 ], [ 29.5131, 49.5334 ] ] ], [ [ [ 29.4584, 49.5374 ], [ 29.4615, 49.5552 ], [ 29.4888, 49.5532 ], [ 29.4857, 49.5354 ], [ 29.4584, 49.5374 ] ] ], [ [ [ 29.5482, 48.1438 ], [ 29.5512, 48.1616 ], [ 29.5778, 48.1596 ], [ 29.6044, 48.1576 ], [ 29.6014, 48.1398 ], [ 29.5748, 48.1418 ], [ 29.5718, 48.124 ], [ 29.5452, 48.126 ], [ 29.5187, 48.128 ], [ 29.4921, 48.13 ], [ 29.4655, 48.132 ], [ 29.4685, 48.1498 ], [ 29.4951, 48.1478 ], [ 29.5216, 48.1458 ], [ 29.5482, 48.1438 ] ] ], [ [ [ 29.7228, 48.2206 ], [ 29.7258, 48.2384 ], [ 29.7525, 48.2364 ], [ 29.7791, 48.2343 ], [ 29.8057, 48.2323 ], [ 29.8026, 48.2145 ], [ 29.776, 48.2166 ], [ 29.7494, 48.2186 ], [ 29.7228, 48.2206 ] ] ], [ [ [ 29.8057, 48.2323 ], [ 29.8087, 48.2501 ], [ 29.8354, 48.248 ], [ 29.8323, 48.2302 ], [ 29.8057, 48.2323 ] ] ], [ [ [ 29.5011, 48.3454 ], [ 29.4981, 48.3277 ], [ 29.4714, 48.3296 ], [ 29.4447, 48.3316 ], [ 29.4477, 48.3494 ], [ 29.4744, 48.3474 ], [ 29.5011, 48.3454 ] ] ], [ [ [ 29.8006, 48.3588 ], [ 29.7739, 48.3608 ], [ 29.7472, 48.3629 ], [ 29.7206, 48.3649 ], [ 29.6939, 48.3669 ], [ 29.6672, 48.369 ], [ 29.6405, 48.371 ], [ 29.6138, 48.373 ], [ 29.5871, 48.375 ], [ 29.5604, 48.377 ], [ 29.5337, 48.379 ], [ 29.5367, 48.3968 ], [ 29.5634, 48.3948 ], [ 29.5665, 48.4126 ], [ 29.5932, 48.4106 ], [ 29.5902, 48.3928 ], [ 29.6169, 48.3908 ], [ 29.6436, 48.3888 ], [ 29.6702, 48.3867 ], [ 29.6969, 48.3847 ], [ 29.7236, 48.3827 ], [ 29.7267, 48.4005 ], [ 29.7298, 48.4182 ], [ 29.7328, 48.436 ], [ 29.7061, 48.4381 ], [ 29.7092, 48.4558 ], [ 29.7359, 48.4538 ], [ 29.7626, 48.4517 ], [ 29.7595, 48.434 ], [ 29.7565, 48.4162 ], [ 29.7534, 48.3984 ], [ 29.7503, 48.3806 ], [ 29.777, 48.3786 ], [ 29.8037, 48.3765 ], [ 29.8304, 48.3745 ], [ 29.8273, 48.3567 ], [ 29.8242, 48.3389 ], [ 29.8508, 48.3369 ], [ 29.8477, 48.3191 ], [ 29.8211, 48.3212 ], [ 29.7944, 48.3232 ], [ 29.7975, 48.341 ], [ 29.8006, 48.3588 ] ] ], [ [ [ 29.6824, 48.4579 ], [ 29.6855, 48.4756 ], [ 29.7122, 48.4736 ], [ 29.7092, 48.4558 ], [ 29.6824, 48.4579 ] ] ], [ [ [ 29.6411, 48.533 ], [ 29.6679, 48.531 ], [ 29.671, 48.5488 ], [ 29.674, 48.5666 ], [ 29.7008, 48.5645 ], [ 29.6978, 48.5468 ], [ 29.6947, 48.529 ], [ 29.6916, 48.5112 ], [ 29.6886, 48.4934 ], [ 29.6855, 48.4756 ], [ 29.6588, 48.4777 ], [ 29.6618, 48.4955 ], [ 29.6649, 48.5132 ], [ 29.6381, 48.5153 ], [ 29.6411, 48.533 ] ] ], [ [ [ 29.5638, 48.5569 ], [ 29.5608, 48.5391 ], [ 29.5578, 48.5213 ], [ 29.5548, 48.5035 ], [ 29.528, 48.5055 ], [ 29.531, 48.5233 ], [ 29.534, 48.5411 ], [ 29.537, 48.5589 ], [ 29.5638, 48.5569 ] ] ], [ [ [ 29.5103, 48.5609 ], [ 29.5133, 48.5787 ], [ 29.5401, 48.5767 ], [ 29.537, 48.5589 ], [ 29.5103, 48.5609 ] ] ], [ [ [ 29.8472, 48.6253 ], [ 29.874, 48.6233 ], [ 29.8709, 48.6055 ], [ 29.8677, 48.5877 ], [ 29.841, 48.5898 ], [ 29.8378, 48.572 ], [ 29.8111, 48.5741 ], [ 29.7843, 48.5762 ], [ 29.7874, 48.5939 ], [ 29.8142, 48.5919 ], [ 29.8173, 48.6096 ], [ 29.8441, 48.6076 ], [ 29.8472, 48.6253 ] ] ], [ [ [ 29.5881, 48.6991 ], [ 29.5613, 48.7012 ], [ 29.5643, 48.7189 ], [ 29.5673, 48.7367 ], [ 29.5942, 48.7347 ], [ 29.5912, 48.7169 ], [ 29.6181, 48.7149 ], [ 29.6449, 48.7129 ], [ 29.6718, 48.7108 ], [ 29.6749, 48.7286 ], [ 29.7017, 48.7266 ], [ 29.6986, 48.7088 ], [ 29.6956, 48.691 ], [ 29.6925, 48.6732 ], [ 29.6656, 48.6753 ], [ 29.6388, 48.6773 ], [ 29.6419, 48.6951 ], [ 29.615, 48.6971 ], [ 29.5881, 48.6991 ] ] ] ] } }
]
}
