{
"type": "FeatureCollection",
"name": "grey_forest",
"crs": { "type": "name", "properties": { "name": "urn:ogc:def:crs:OGC:1.3:CRS84" } },
"xy_coordinate_resolution": 0.0001,
"features": [
{ "type": "Feature", "properties": { "class": "grey_forest", "wrb": "PHgz", "source": "HWSD v2.0, FAO & IIASA 2023, CC BY-NC-SA 3.0 IGO" }, "geometry": { "type": "MultiPolygon", "coordinates": [ [ [ [ 33.0667, 52.3167 ], [ 33.0504, 52.3167 ], [ 33.0585, 52.3192 ], [ 33.0544, 52.3257 ], [ 33.0596, 52.3308 ], [ 33.073, 52.3252 ], [ 33.0706, 52.3178 ], [ 33.0735, 52.3161 ], [ 33.0667, 52.3141 ], [ 33.0667, 52.3167 ] ] ], [ [ [ 33.3417, 52.35 ], [ 33.35, 52.35 ], [ 33.35, 52.3167 ], [ 33.3583, 52.3167 ], [ 33.3583, 52.3083 ], [ 33.4083, 52.3083 ], [ 33.4083, 52.3 ], [ 33.425, 52.3 ], [ 33.425, 52.2917 ], [ 33.4333, 52.2917 ], [ 33.4333, 52.2833 ], [ 33.4167, 52.275 ], [ 33.4167, 52.2667 ], [ 33.4, 52.2667 ], [ 33.4, 52.2583 ], [ 33.3917, 52.2583 ], [ 33.3917, 52.2417 ], [ 33.3833, 52.2417 ], [ 33.375, 52.225 ], [ 33.3667, 52.225 ], [ 33.3667, 52.2083 ], [ 33.3583, 52.2083 ], [ 33.3583, 52.2 ], [ 33.35, 52.2 ], [ 33.35, 52.1833 ], [ 33.3417, 52.1833 ], [ 33.3417, 52.1667 ], [ 33.325, 52.1583 ], [ 33.325, 52.1333 ], [ 33.3167, 52.1333 ], [ 33.3167, 52.075 ], [ 33.3, 52.0667 ], [ 33.3, 52.05 ], [ 33.2917, 52.05 ], [ 33.2917, 52.025 ], [ 33.2833, 52.025 ], [ 33.2833, 51.9917 ], [ 33.2917, 51.9917 ], [ 33.2917, 51.9833 ], [ 33.3083, 51.975 ], [ 33.3083, 51.9667 ], [ 33.325, 51.9667 ], [ 33.325, 51.95 ], [ 33.3417, 51.9417 ], [ 33.3417, 51.9167 ], [ 33.325, 51.9167 ], [ 33.325, 51.9083 ], [ 33.3, 51.9083 ], [ 33.3, 51.9 ], [ 33.2417, 51.9 ], [ 33.2417, 51.8917 ], [ 33.2167, 51.8917 ], [ 33.2083, 51.875 ], [ 33.1917, 51.875 ], [ 33.1917, 51.8667 ], [ 33.1833, 51.8667 ], [ 33.1833, 51.8583 ], [ 33.1667, 51.8583 ], [ 33.1667, 51.85 ], [ 33.1583, 51.85 ], [ 33.1583, 51.8583 ], [ 33.1417, 51.8583 ], [ 33.1417, 51.8667 ], [ 33.125, 51.875 ], [ 33.125, 51.9083 ], [ 33.1333, 51.9083 ], [ 33.1333, 51.925 ], [ 33.1417, 51.925 ], [ 33.1417, 51.9417 ], [ 33.15, 51.9417 ], [ 33.1417, 51.9583 ], [ 33.1333, 51.9583 ], [ 33.1333, 51.9917 ], [ 33.1417, 51.9917 ], [ 33.15, 52.0083 ], [ 33.1583, 52.0083 ], [ 33.1583, 52.0 ], [ 33.1833, 52.0 ], [ 33.1833, 52.0083 ], [ 33.2083, 52.0083 ], [ 33.2083, 52.0167 ], [ 33.2333, 52.0167 ], [ 33.2333, 52.025 ], [ 33.2417, 52.025 ], [ 33.2417, 52.0583 ], [ 33.2583, 52.0583 ], [ 33.2583, 52.0667 ], [ 33.275, 52.075 ], [ 33.275, 52.0917 ], [ 33.2583, 52.0917 ], [ 33.2583, 52.1 ], [ 33.2083, 52.1 ], [ 33.2083, 52.0917 ], [ 33.175, 52.0917 ], [ 33.175, 52.1167 ], [ 33.2, 52.1167 ], [ 33.2, 52.125 ], [ 33.2167, 52.125 ], [ 33.2167, 52.1333 ], [ 33.2333, 52.1333 ], [ 33.2333, 52.1417 ], [ 33.2417, 52.1417 ], [ 33.25, 52.1583 ], [ 33.2583, 52.1583 ], [ 33.2583, 52.1667 ], [ 33.2667, 52.1667 ], [ 33.275, 52.1833 ], [ 33.2833, 52.1833 ], [ 33.2833, 52.2 ], [ 33.2917, 52.2 ], [ 33.3, 52.2167 ], [ 33.3083, 52.2167 ], [ 33.3083, 52.2333 ], [ 33.3167, 52.2333 ], [ 33.3167, 52.25 ], [ 33.325, 52.25 ], [ 33.3333, 52.2667 ], [ 33.3417, 52.2667 ], [ 33.3417, 52.2833 ], [ 33.2833, 52.2833 ], [ 33.2833, 52.2917 ], [ 33.2, 52.2917 ], [ 33.2, 52.2833 ], [ 33.1833, 52.2833 ], [ 33.1833, 52.275 ], [ 33.1667, 52.275 ], [ 33.1583, 52.2583 ], [ 33.1417, 52.2583 ], [ 33.1333, 52.2417 ], [ 33.1167, 52.2417 ], [ 33.1167, 52.2333 ], [ 33.1, 52.2333 ], [ 33.1, 52.225 ], [ 33.0917, 52.225 ], [ 33.0917, 52.2333 ], [ 33.075, 52.2333 ], [ 33.075, 52.2417 ], [ 33.0667, 52.2417 ], [ 33.0583, 52.2583 ], [ 33.05, 52.2583 ], [ 33.05, 52.2667 ], [ 33.0583, 52.2667 ], [ 33.0583, 52.2917 ], [ 33.0667, 52.2917 ], [ 33.0667, 52.3037 ], [ 33.0674, 52.303 ], [ 33.1065, 52.3265 ], [ 33.1096, 52.3246 ], [ 33.1181, 52.329 ], [ 33.134, 52.345 ], [ 33.1442, 52.3443 ], [ 33.1562, 52.3384 ], [ 33.1696, 52.3408 ], [ 33.1714, 52.3615 ], [ 33.1747, 52.3661 ], [ 33.1699, 52.3731 ], [ 33.1889, 52.3735 ], [ 33.1887, 52.3795 ], [ 33.196, 52.3794 ], [ 33.1963, 52.374 ], [ 33.2065, 52.3733 ], [ 33.2082, 52.3761 ], [ 33.2893, 52.3576 ], [ 33.3064, 52.3501 ], [ 33.3136, 52.3549 ], [ 33.3417, 52.3536 ], [ 33.3417, 52.35 ] ] ], [ [ [ 32.6667, 51.6667 ], [ 32.6667, 51.6583 ], [ 32.6833, 51.6583 ], [ 32.6833, 51.65 ], [ 32.6917, 51.65 ], [ 32.6917, 51.6333 ], [ 32.6833, 51.6333 ], [ 32.6833, 51.6167 ], [ 32.675, 51.6167 ], [ 32.675, 51.6083 ], [ 32.6583, 51.6 ], [ 32.6583, 51.5917 ], [ 32.6417, 51.5917 ], [ 32.6417, 51.5833 ], [ 32.625, 51.5833 ], [ 32.6167, 51.5667 ], [ 32.6, 51.5667 ], [ 32.6, 51.5583 ], [ 32.5833, 51.5583 ], [ 32.575, 51.5417 ], [ 32.5583, 51.5417 ], [ 32.55, 51.525 ], [ 32.5417, 51.525 ], [ 32.5417, 51.5083 ], [ 32.5333, 51.5083 ], [ 32.5333, 51.4917 ], [ 32.5417, 51.4917 ], [ 32.5417, 51.4833 ], [ 32.5333, 51.4833 ], [ 32.5333, 51.45 ], [ 32.475, 51.45 ], [ 32.475, 51.4417 ], [ 32.375, 51.4417 ], [ 32.375, 51.4333 ], [ 32.3167, 51.4333 ], [ 32.3167, 51.425 ], [ 32.2917, 51.425 ], [ 32.2917, 51.4167 ], [ 32.2667, 51.4167 ], [ 32.2667, 51.4083 ], [ 32.2417, 51.4083 ], [ 32.2417, 51.4 ], [ 32.2083, 51.4 ], [ 32.2083, 51.3917 ], [ 32.1583, 51.3917 ], [ 32.1583, 51.3833 ], [ 32.1167, 51.3833 ], [ 32.1167, 51.375 ], [ 32.0917, 51.375 ], [ 32.0917, 51.3667 ], [ 32.0583, 51.3667 ], [ 32.0583, 51.3917 ], [ 32.05, 51.3917 ], [ 32.05, 51.4 ], [ 32.0333, 51.4 ], [ 32.0333, 51.4083 ], [ 31.9833, 51.4083 ], [ 31.9833, 51.4167 ], [ 31.9417, 51.4167 ], [ 31.9417, 51.425 ], [ 31.925, 51.425 ], [ 31.925, 51.4333 ], [ 31.9083, 51.4417 ], [ 31.9083, 51.45 ], [ 31.8917, 51.45 ], [ 31.8917, 51.4583 ], [ 31.8583, 51.4583 ], [ 31.8583, 51.4667 ], [ 31.8333, 51.4667 ], [ 31.825, 51.4833 ], [ 31.8167, 51.4833 ], [ 31.8167, 51.5 ], [ 31.8, 51.5083 ], [ 31.8, 51.5167 ], [ 31.7833, 51.5167 ], [ 31.7833, 51.5333 ], [ 31.775, 51.5333 ], [ 31.775, 51.5583 ], [ 31.7833, 51.5583 ], [ 31.7917, 51.575 ], [ 31.8083, 51.575 ], [ 31.8083, 51.5833 ], [ 31.8333, 51.5833 ], [ 31.8333, 51.5917 ], [ 31.875, 51.5917 ], [ 31.875, 51.6 ], [ 31.925, 51.6 ], [ 31.925, 51.5917 ], [ 32.05, 51.5917 ], [ 32.05, 51.6 ], [ 32.15, 51.6 ], [ 32.15, 51.6083 ], [ 32.1667, 51.6083 ], [ 32.1667, 51.6 ], [ 32.2333, 51.6 ], [ 32.2333, 51.5917 ], [ 32.3, 51.5917 ], [ 32.3, 51.5833 ], [ 32.3167, 51.5833 ], [ 32.3167, 51.575 ], [ 32.3333, 51.575 ], [ 32.3333, 51.5667 ], [ 32.35, 51.5667 ], [ 32.3583, 51.55 ], [ 32.3667, 51.55 ], [ 32.3667, 51.5417 ], [ 32.4, 51.5417 ], [ 32.4, 51.5333 ], [ 32.4083, 51.5333 ], [ 32.4083, 51.5417 ], [ 32.4333, 51.5417 ], [ 32.4333, 51.55 ], [ 32.4417, 51.55 ], [ 32.4417, 51.5667 ], [ 32.4583, 51.5667 ], [ 32.4667, 51.5833 ], [ 32.4833, 51.5833 ], [ 32.4833, 51.5917 ], [ 32.5, 51.5917 ], [ 32.5, 51.6 ], [ 32.525, 51.6 ], [ 32.525, 51.6083 ], [ 32.5417, 51.6083 ], [ 32.5417, 51.6167 ], [ 32.5583, 51.6167 ], [ 32.5667, 51.6333 ], [ 32.5833, 51.6333 ], [ 32.5917, 51.65 ], [ 32.6333, 51.65 ], [ 32.6333, 51.6583 ], [ 32.65, 51.6583 ], [ 32.65, 51.6667 ], [ 32.6667, 51.6667 ] ] ], [ [ [ 31.4667, 51.7417 ], [ 31.4667, 51.7333 ], [ 31.4917, 51.7333 ], [ 31.4917, 51.725 ], [ 31.5083, 51.725 ], [ 31.5083, 51.7167 ], [ 31.525, 51.7167 ], [ 31.525, 51.7083 ], [ 31.55, 51.7083 ], [ 31.55, 51.7 ], [ 31.575, 51.7 ], [ 31.575, 51.6917 ], [ 31.5917, 51.6917 ], [ 31.5917, 51.6833 ], [ 31.6083, 51.6833 ], [ 31.6167, 51.6667 ], [ 31.6333, 51.6667 ], [ 31.6417, 51.65 ], [ 31.6583, 51.65 ], [ 31.6583, 51.625 ], [ 31.65, 51.625 ], [ 31.65, 51.6167 ], [ 31.6333, 51.6167 ], [ 31.625, 51.6 ], [ 31.6083, 51.5917 ], [ 31.6083, 51.575 ], [ 31.625, 51.5667 ], [ 31.625, 51.5583 ], [ 31.6333, 51.5583 ], [ 31.6333, 51.5417 ], [ 31.6167, 51.5417 ], [ 31.6167, 51.5333 ], [ 31.6, 51.5333 ], [ 31.6, 51.525 ], [ 31.575, 51.525 ], [ 31.575, 51.5167 ], [ 31.55, 51.5167 ], [ 31.55, 51.525 ], [ 31.4833, 51.525 ], [ 31.4833, 51.5167 ], [ 31.4417, 51.5167 ], [ 31.4333, 51.5333 ], [ 31.4417, 51.5333 ], [ 31.4417, 51.55 ], [ 31.4, 51.55 ], [ 31.4, 51.5417 ], [ 31.3833, 51.5417 ], [ 31.3833, 51.5333 ], [ 31.3667, 51.5333 ], [ 31.3667, 51.525 ], [ 31.35, 51.525 ], [ 31.35, 51.5167 ], [ 31.3333, 51.5167 ], [ 31.3333, 51.5083 ], [ 31.3083, 51.5083 ], [ 31.3083, 51.5 ], [ 31.2833, 51.5 ], [ 31.2833, 51.4917 ], [ 31.2667, 51.4917 ], [ 31.2667, 51.5 ], [ 31.2583, 51.5 ], [ 31.2583, 51.4917 ], [ 31.25, 51.4917 ], [ 31.25, 51.475 ], [ 31.2417, 51.475 ], [ 31.2417, 51.4667 ], [ 31.25, 51.4667 ], [ 31.25, 51.4 ], [ 31.2417, 51.4 ], [ 31.2333, 51.3833 ], [ 31.2167, 51.3833 ], [ 31.2083, 51.3667 ], [ 31.1917, 51.3667 ], [ 31.1917, 51.3583 ], [ 31.1667, 51.3583 ], [ 31.1667, 51.35 ], [ 31.15, 51.35 ], [ 31.15, 51.3583 ], [ 31.1333, 51.3583 ], [ 31.1333, 51.3667 ], [ 31.125, 51.3667 ], [ 31.125, 51.3917 ], [ 31.1167, 51.3917 ], [ 31.1167, 51.4083 ], [ 31.1083, 51.4083 ], [ 31.1083, 51.4167 ], [ 31.0917, 51.4167 ], [ 31.0833, 51.4333 ], [ 31.0667, 51.4417 ], [ 31.0667, 51.4583 ], [ 31.0583, 51.4583 ], [ 31.0583, 51.4917 ], [ 31.0667, 51.4917 ], [ 31.075, 51.5083 ], [ 31.0833, 51.5083 ], [ 31.0833, 51.525 ], [ 31.1, 51.5333 ], [ 31.1, 51.55 ], [ 31.1083, 51.55 ], [ 31.1083, 51.5583 ], [ 31.1167, 51.5583 ], [ 31.125, 51.575 ], [ 31.2, 51.575 ], [ 31.2, 51.5667 ], [ 31.2333, 51.5667 ], [ 31.2333, 51.575 ], [ 31.2417, 51.575 ], [ 31.2417, 51.5917 ], [ 31.225, 51.6 ], [ 31.225, 51.6083 ], [ 31.2083, 51.6083 ], [ 31.2083, 51.6167 ], [ 31.2, 51.6167 ], [ 31.1917, 51.6333 ], [ 31.1833, 51.6333 ], [ 31.1833, 51.6917 ], [ 31.2, 51.7 ], [ 31.2, 51.7083 ], [ 31.2167, 51.7167 ], [ 31.2167, 51.725 ], [ 31.25, 51.725 ], [ 31.25, 51.7167 ], [ 31.2667, 51.7167 ], [ 31.2667, 51.7083 ], [ 31.2833, 51.7083 ], [ 31.2833, 51.7 ], [ 31.3, 51.7 ], [ 31.3, 51.6833 ], [ 31.3083, 51.6833 ], [ 31.3083, 51.675 ], [ 31.3167, 51.675 ], [ 31.3167, 51.6583 ], [ 31.325, 51.6583 ], [ 31.325, 51.6333 ], [ 31.3333, 51.6333 ], [ 31.3333, 51.6167 ], [ 31.3417, 51.6167 ], [ 31.3417, 51.6083 ], [ 31.3583, 51.6083 ], [ 31.3583, 51.6 ], [ 31.4, 51.6 ], [ 31.4, 51.5917 ], [ 31.425, 51.5917 ], [ 31.425, 51.5833 ], [ 31.4417, 51.5833 ], [ 31.4417, 51.575 ], [ 31.4583, 51.575 ], [ 31.4583, 51.5667 ], [ 31.475, 51.5667 ], [ 31.4833, 51.55 ], [ 31.5333, 51.55 ], [ 31.5333, 51.5583 ], [ 31.55, 51.5583 ], [ 31.55, 51.5667 ], [ 31.5667, 51.5667 ], [ 31.5667, 51.5833 ], [ 31.5583, 51.5833 ], [ 31.5583, 51.5917 ], [ 31.5333, 51.5917 ], [ 31.5333, 51.6 ], [ 31.5, 51.6 ], [ 31.5, 51.6083 ], [ 31.4667, 51.6083 ], [ 31.4667, 51.6167 ], [ 31.45, 51.6167 ], [ 31.45, 51.625 ], [ 31.4417, 51.625 ], [ 31.4333, 51.6417 ], [ 31.425, 51.6417 ], [ 31.425, 51.6583 ], [ 31.4167, 51.6583 ], [ 31.4167, 51.675 ], [ 31.4083, 51.675 ], [ 31.4083, 51.6917 ], [ 31.4167, 51.6917 ], [ 31.4167, 51.7333 ], [ 31.4333, 51.7333 ], [ 31.4333, 51.7417 ], [ 31.4667, 51.7417 ] ], [ [ 31.2667, 51.5333 ], [ 31.275, 51.5333 ], [ 31.275, 51.5417 ], [ 31.2667, 51.5417 ], [ 31.2667, 51.5333 ] ], [ [ 31.2417, 51.5083 ], [ 31.2583, 51.5083 ], [ 31.2583, 51.5167 ], [ 31.275, 51.5167 ], [ 31.275, 51.525 ], [ 31.25, 51.525 ], [ 31.2417, 51.5083 ] ] ], [ [ [ 33.1917, 51.6083 ], [ 33.1917, 51.6 ], [ 33.2333, 51.6 ], [ 33.2333, 51.5917 ], [ 33.2417, 51.5917 ], [ 33.25, 51.575 ], [ 33.2583, 51.575 ], [ 33.2583, 51.5667 ], [ 33.275, 51.5667 ], [ 33.2833, 51.55 ], [ 33.3, 51.55 ], [ 33.3, 51.5417 ], [ 33.3083, 51.5417 ], [ 33.3083, 51.5333 ], [ 33.3, 51.5333 ], [ 33.2917, 51.5167 ], [ 33.2833, 51.5167 ], [ 33.2833, 51.4917 ], [ 33.2583, 51.4917 ], [ 33.2583, 51.4833 ], [ 33.2333, 51.4833 ], [ 33.2333, 51.475 ], [ 33.225, 51.475 ], [ 33.2167, 51.4583 ], [ 33.2083, 51.4583 ], [ 33.2083, 51.4417 ], [ 33.2, 51.4417 ], [ 33.2, 51.4333 ], [ 33.2083, 51.4333 ], [ 33.2083, 51.4083 ], [ 33.2167, 51.4083 ], [ 33.2167, 51.4 ], [ 33.2333, 51.3917 ], [ 33.2333, 51.3833 ], [ 33.3417, 51.3833 ], [ 33.3417, 51.3667 ], [ 33.3333, 51.3667 ], [ 33.3333, 51.3583 ], [ 33.3167, 51.3583 ], [ 33.3167, 51.35 ], [ 33.3, 51.3417 ], [ 33.3, 51.3333 ], [ 33.2833, 51.3333 ], [ 33.2833, 51.325 ], [ 33.275, 51.325 ], [ 33.275, 51.3167 ], [ 33.2583, 51.3167 ], [ 33.2583, 51.3083 ], [ 33.2, 51.3083 ], [ 33.2, 51.3167 ], [ 33.1667, 51.3167 ], [ 33.1667, 51.325 ], [ 33.1417, 51.325 ], [ 33.1417, 51.3333 ], [ 33.1167, 51.3333 ], [ 33.1167, 51.3417 ], [ 33.0917, 51.3417 ], [ 33.0917, 51.3583 ], [ 33.1, 51.3583 ], [ 33.1, 51.3833 ], [ 33.0833, 51.3917 ], [ 33.0833, 51.4167 ], [ 33.0917, 51.4167 ], [ 33.0917, 51.425 ], [ 33.1083, 51.425 ], [ 33.1167, 51.4417 ], [ 33.1333, 51.4417 ], [ 33.1333, 51.45 ], [ 33.15, 51.45 ], [ 33.15, 51.4583 ], [ 33.1667, 51.4667 ], [ 33.1583, 51.4833 ], [ 33.125, 51.4833 ], [ 33.125, 51.475 ], [ 33.1, 51.475 ], [ 33.1, 51.4667 ], [ 33.075, 51.4667 ], [ 33.075, 51.4583 ], [ 33.0583, 51.4583 ], [ 33.0583, 51.45 ], [ 32.9833, 51.45 ], [ 32.9833, 51.4583 ], [ 32.9667, 51.4583 ], [ 32.9667, 51.4667 ], [ 32.875, 51.4667 ], [ 32.875, 51.4583 ], [ 32.8667, 51.4583 ], [ 32.8583, 51.4417 ], [ 32.85, 51.4417 ], [ 32.85, 51.425 ], [ 32.8333, 51.4167 ], [ 32.8333, 51.4 ], [ 32.825, 51.4 ], [ 32.825, 51.3917 ], [ 32.7917, 51.3917 ], [ 32.7917, 51.4 ], [ 32.7583, 51.4 ], [ 32.7583, 51.4083 ], [ 32.7333, 51.4083 ], [ 32.7333, 51.4167 ], [ 32.7, 51.4167 ], [ 32.7, 51.425 ], [ 32.675, 51.425 ], [ 32.675, 51.4333 ], [ 32.6583, 51.4333 ], [ 32.6583, 51.4417 ], [ 32.65, 51.4417 ], [ 32.65, 51.45 ], [ 32.6583, 51.45 ], [ 32.6667, 51.4667 ], [ 32.675, 51.4667 ], [ 32.6833, 51.4833 ], [ 32.6917, 51.4833 ], [ 32.6917, 51.4917 ], [ 32.7167, 51.4917 ], [ 32.7167, 51.5 ], [ 32.7833, 51.5 ], [ 32.7833, 51.4917 ], [ 32.8667, 51.4917 ], [ 32.8667, 51.5 ], [ 32.8917, 51.5 ], [ 32.8917, 51.5083 ], [ 32.9083, 51.5083 ], [ 32.9083, 51.5167 ], [ 32.925, 51.5167 ], [ 32.925, 51.525 ], [ 32.9417, 51.525 ], [ 32.9417, 51.5333 ], [ 32.9583, 51.5333 ], [ 32.9583, 51.5417 ], [ 33.025, 51.5417 ], [ 33.025, 51.55 ], [ 33.0667, 51.55 ], [ 33.0667, 51.5583 ], [ 33.0833, 51.5583 ], [ 33.0833, 51.5667 ], [ 33.1, 51.5667 ], [ 33.1083, 51.5833 ], [ 33.125, 51.5833 ], [ 33.125, 51.5917 ], [ 33.1417, 51.5917 ], [ 33.1417, 51.6 ], [ 33.1583, 51.6 ], [ 33.1583, 51.6083 ], [ 33.1917, 51.6083 ] ] ], [ [ [ 28.3833, 51.3833 ], [ 28.3833, 51.375 ], [ 28.4583, 51.375 ], [ 28.4583, 51.3667 ], [ 28.5083, 51.3667 ], [ 28.5083, 51.3583 ], [ 28.5417, 51.3583 ], [ 28.5417, 51.35 ], [ 28.5667, 51.35 ], [ 28.5667, 51.3417 ], [ 28.5917, 51.3417 ], [ 28.5917, 51.3333 ], [ 28.6167, 51.3333 ], [ 28.6167, 51.325 ], [ 28.6417, 51.325 ], [ 28.6417, 51.3167 ], [ 28.675, 51.3167 ], [ 28.675, 51.325 ], [ 28.7167, 51.325 ], [ 28.7167, 51.3333 ], [ 28.75, 51.3333 ], [ 28.75, 51.325 ], [ 28.7667, 51.325 ], [ 28.7667, 51.3167 ], [ 28.7833, 51.3167 ], [ 28.7833, 51.2833 ], [ 28.775, 51.2833 ], [ 28.775, 51.275 ], [ 28.7583, 51.275 ], [ 28.7583, 51.2667 ], [ 28.7417, 51.2667 ], [ 28.7417, 51.2583 ], [ 28.725, 51.25 ], [ 28.725, 51.2417 ], [ 28.7083, 51.2417 ], [ 28.7083, 51.2333 ], [ 28.675, 51.2333 ], [ 28.675, 51.2417 ], [ 28.5917, 51.2417 ], [ 28.5917, 51.2333 ], [ 28.575, 51.2333 ], [ 28.575, 51.2417 ], [ 28.55, 51.2417 ], [ 28.55, 51.2333 ], [ 28.4833, 51.2333 ], [ 28.4833, 51.225 ], [ 28.4417, 51.225 ], [ 28.4417, 51.2167 ], [ 28.2583, 51.2167 ], [ 28.2583, 51.225 ], [ 28.2417, 51.225 ], [ 28.2417, 51.2333 ], [ 28.2, 51.2333 ], [ 28.2, 51.225 ], [ 28.1833, 51.225 ], [ 28.1833, 51.2167 ], [ 28.1667, 51.2167 ], [ 28.1667, 51.2083 ], [ 28.15, 51.2083 ], [ 28.15, 51.2 ], [ 28.1417, 51.2 ], [ 28.1417, 51.2083 ], [ 28.125, 51.2083 ], [ 28.125, 51.2333 ], [ 28.1333, 51.2333 ], [ 28.1333, 51.25 ], [ 28.15, 51.2583 ], [ 28.15, 51.2917 ], [ 28.1583, 51.2917 ], [ 28.1583, 51.3167 ], [ 28.175, 51.325 ], [ 28.175, 51.3333 ], [ 28.1917, 51.3333 ], [ 28.1917, 51.3417 ], [ 28.2167, 51.3417 ], [ 28.2167, 51.35 ], [ 28.2417, 51.35 ], [ 28.2417, 51.3583 ], [ 28.275, 51.3583 ], [ 28.275, 51.3667 ], [ 28.3, 51.3667 ], [ 28.3, 51.375 ], [ 28.35, 51.375 ], [ 28.35, 51.3833 ], [ 28.3833, 51.3833 ] ] ], [ [ [ 34.0417, 52.0167 ], [ 34.0417, 52.025 ], [ 33.9167, 52.025 ], [ 33.9167, 52.0167 ], [ 33.875, 52.0167 ], [ 33.875, 52.0083 ], [ 33.8417, 52.0083 ], [ 33.8417, 52.0 ], [ 33.8167, 52.0 ], [ 33.8167, 51.9917 ], [ 33.7667, 51.9917 ], [ 33.7667, 52.0083 ], [ 33.775, 52.0083 ], [ 33.775, 52.0167 ], [ 33.8083, 52.0167 ], [ 33.8083, 52.025 ], [ 33.85, 52.025 ], [ 33.85, 52.0333 ], [ 33.8833, 52.0333 ], [ 33.8833, 52.0417 ], [ 33.9083, 52.0417 ], [ 33.9083, 52.05 ], [ 33.9333, 52.05 ], [ 33.9333, 52.0583 ], [ 33.9667, 52.0583 ], [ 33.9667, 52.0667 ], [ 33.9917, 52.0667 ], [ 33.9917, 52.075 ], [ 34.0083, 52.075 ], [ 34.0083, 52.0833 ], [ 34.025, 52.0833 ], [ 34.025, 52.0917 ], [ 34.0417, 52.0917 ], [ 34.0417, 52.1 ], [ 34.05, 52.1 ], [ 34.0583, 52.1167 ], [ 34.0667, 52.1167 ], [ 34.075, 52.1333 ], [ 34.0833, 52.1333 ], [ 34.0833, 52.1548 ], [ 34.0904, 52.1548 ], [ 34.1165, 52.141 ], [ 34.1132, 52.1384 ], [ 34.1108, 52.123 ], [ 34.0987, 52.1119 ], [ 34.086, 52.1088 ], [ 34.0886, 52.1059 ], [ 34.0871, 52.102 ], [ 34.0999, 52.0934 ], [ 34.0941, 52.0851 ], [ 34.0847, 52.0847 ], [ 34.0623, 52.0729 ], [ 34.0625, 52.0696 ], [ 34.0805, 52.0704 ], [ 34.0828, 52.058 ], [ 34.093, 52.0528 ], [ 34.0936, 52.0468 ], [ 34.1014, 52.0415 ], [ 34.092, 52.0358 ], [ 34.0954, 52.0314 ], [ 34.092, 52.0309 ], [ 34.0946, 52.0167 ], [ 34.0417, 52.0167 ] ] ], [ [ [ 34.25, 51.2583 ], [ 34.225, 51.2583 ], [ 34.225, 51.25 ], [ 34.2083, 51.25 ], [ 34.2083, 51.2417 ], [ 34.15, 51.2417 ], [ 34.15, 51.2333 ], [ 34.125, 51.2333 ], [ 34.125, 51.225 ], [ 34.1083, 51.225 ], [ 34.1083, 51.2167 ], [ 34.1, 51.2167 ], [ 34.1, 51.2083 ], [ 34.0833, 51.2083 ], [ 34.0833, 51.2 ], [ 34.0417, 51.2 ], [ 34.0417, 51.1917 ], [ 34.0167, 51.1917 ], [ 34.0167, 51.2 ], [ 33.9917, 51.2 ], [ 33.9917, 51.2083 ], [ 33.975, 51.2083 ], [ 33.975, 51.2167 ], [ 33.9583, 51.2167 ], [ 33.9583, 51.225 ], [ 33.95, 51.225 ], [ 33.95, 51.2417 ], [ 33.9417, 51.2417 ], [ 33.9417, 51.2833 ], [ 33.95, 51.2833 ], [ 33.95, 51.2917 ], [ 33.9667, 51.2917 ], [ 33.975, 51.3083 ], [ 33.9917, 51.3083 ], [ 33.9917, 51.3333 ], [ 34.0083, 51.3333 ], [ 34.0083, 51.3417 ], [ 34.025, 51.3417 ], [ 34.025, 51.35 ], [ 34.0333, 51.35 ], [ 34.0333, 51.3667 ], [ 34.0167, 51.375 ], [ 34.0167, 51.3917 ], [ 34.0333, 51.4 ], [ 34.0417, 51.4167 ], [ 34.05, 51.4167 ], [ 34.05, 51.4333 ], [ 34.0583, 51.4333 ], [ 34.0583, 51.5167 ], [ 34.0667, 51.5167 ], [ 34.0667, 51.5333 ], [ 34.075, 51.5333 ], [ 34.075, 51.55 ], [ 34.0833, 51.55 ], [ 34.0833, 51.5667 ], [ 34.0917, 51.5667 ], [ 34.0917, 51.6 ], [ 34.0667, 51.6 ], [ 34.0667, 51.5917 ], [ 34.0583, 51.5917 ], [ 34.0583, 51.575 ], [ 34.05, 51.575 ], [ 34.05, 51.55 ], [ 34.0333, 51.5417 ], [ 34.0333, 51.5167 ], [ 34.025, 51.5167 ], [ 34.025, 51.475 ], [ 34.0167, 51.475 ], [ 34.0167, 51.4583 ], [ 34.0, 51.45 ], [ 34.0, 51.4333 ], [ 33.9833, 51.425 ], [ 33.9833, 51.4083 ], [ 33.975, 51.4083 ], [ 33.975, 51.4 ], [ 33.9333, 51.4 ], [ 33.9333, 51.4083 ], [ 33.925, 51.4083 ], [ 33.925, 51.4333 ], [ 33.9333, 51.4333 ], [ 33.9333, 51.45 ], [ 33.9417, 51.45 ], [ 33.9417, 51.4667 ], [ 33.95, 51.4667 ], [ 33.95, 51.475 ], [ 33.9667, 51.4833 ], [ 33.9667, 51.4917 ], [ 33.975, 51.4917 ], [ 33.975, 51.5083 ], [ 33.9833, 51.5083 ], [ 33.9833, 51.525 ], [ 33.9917, 51.525 ], [ 33.9917, 51.5583 ], [ 33.975, 51.5667 ], [ 33.975, 51.625 ], [ 33.9833, 51.625 ], [ 33.9833, 51.6583 ], [ 33.9917, 51.6583 ], [ 33.9917, 51.6667 ], [ 33.975, 51.675 ], [ 33.975, 51.6833 ], [ 33.9583, 51.6833 ], [ 33.9583, 51.6667 ], [ 33.9417, 51.6583 ], [ 33.9417, 51.6333 ], [ 33.9333, 51.6333 ], [ 33.9333, 51.6167 ], [ 33.925, 51.6167 ], [ 33.925, 51.6 ], [ 33.9167, 51.6 ], [ 33.9167, 51.5833 ], [ 33.9083, 51.5833 ], [ 33.9083, 51.575 ], [ 33.9167, 51.575 ], [ 33.9167, 51.55 ], [ 33.9333, 51.5417 ], [ 33.9333, 51.5 ], [ 33.9167, 51.5 ], [ 33.9083, 51.4833 ], [ 33.9, 51.4833 ], [ 33.9, 51.4667 ], [ 33.8917, 51.4667 ], [ 33.8917, 51.45 ], [ 33.8833, 51.45 ], [ 33.8833, 51.4417 ], [ 33.8667, 51.4417 ], [ 33.8667, 51.4333 ], [ 33.8417, 51.4333 ], [ 33.8417, 51.425 ], [ 33.8, 51.425 ], [ 33.8, 51.4167 ], [ 33.775, 51.4167 ], [ 33.775, 51.4083 ], [ 33.75, 51.4083 ], [ 33.75, 51.4 ], [ 33.725, 51.4 ], [ 33.7167, 51.3833 ], [ 33.7, 51.3833 ], [ 33.7, 51.375 ], [ 33.6833, 51.375 ], [ 33.6833, 51.3667 ], [ 33.65, 51.3667 ], [ 33.65, 51.375 ], [ 33.625, 51.375 ], [ 33.625, 51.3833 ], [ 33.6, 51.3833 ], [ 33.6, 51.3917 ], [ 33.5417, 51.3917 ], [ 33.5417, 51.4 ], [ 33.4667, 51.4 ], [ 33.4667, 51.3917 ], [ 33.4083, 51.3917 ], [ 33.4083, 51.3833 ], [ 33.4, 51.3833 ], [ 33.4, 51.3917 ], [ 33.375, 51.3917 ], [ 33.375, 51.4 ], [ 33.3583, 51.4 ], [ 33.3583, 51.4083 ], [ 33.3417, 51.4083 ], [ 33.3417, 51.4167 ], [ 33.3333, 51.4167 ], [ 33.3333, 51.4333 ], [ 33.3417, 51.4333 ], [ 33.3417, 51.4417 ], [ 33.3583, 51.4417 ], [ 33.3583, 51.45 ], [ 33.3917, 51.45 ], [ 33.3917, 51.4583 ], [ 33.4083, 51.4583 ], [ 33.4167, 51.475 ], [ 33.425, 51.475 ], [ 33.425, 51.5083 ], [ 33.4417, 51.5167 ], [ 33.4417, 51.525 ], [ 33.5583, 51.525 ], [ 33.5583, 51.5333 ], [ 33.6083, 51.5333 ], [ 33.6083, 51.5417 ], [ 33.6583, 51.5417 ], [ 33.6583, 51.55 ], [ 33.6667, 51.55 ], [ 33.6667, 51.5667 ], [ 33.675, 51.5667 ], [ 33.675, 51.5833 ], [ 33.6833, 51.5833 ], [ 33.6833, 51.6333 ], [ 33.6917, 51.6333 ], [ 33.6917, 51.6417 ], [ 33.7083, 51.65 ], [ 33.7083, 51.6583 ], [ 33.725, 51.6583 ], [ 33.725, 51.6667 ], [ 33.75, 51.6667 ], [ 33.75, 51.675 ], [ 33.775, 51.675 ], [ 33.775, 51.6833 ], [ 33.7917, 51.6833 ], [ 33.7833, 51.7 ], [ 33.7583, 51.7 ], [ 33.7583, 51.7083 ], [ 33.7167, 51.7083 ], [ 33.7167, 51.7167 ], [ 33.7, 51.7167 ], [ 33.7, 51.725 ], [ 33.6833, 51.725 ], [ 33.6833, 51.7333 ], [ 33.675, 51.7333 ], [ 33.675, 51.7583 ], [ 33.6833, 51.7583 ], [ 33.6833, 51.7667 ], [ 33.7, 51.775 ], [ 33.7, 51.7833 ], [ 33.7083, 51.7833 ], [ 33.7083, 51.775 ], [ 33.7333, 51.775 ], [ 33.7333, 51.7667 ], [ 33.7583, 51.7667 ], [ 33.7583, 51.7583 ], [ 33.7833, 51.7583 ], [ 33.7833, 51.75 ], [ 33.875, 51.75 ], [ 33.875, 51.7417 ], [ 33.9583, 51.7417 ], [ 33.9583, 51.75 ], [ 33.975, 51.7583 ], [ 33.975, 51.7667 ], [ 34.025, 51.7667 ], [ 34.025, 51.775 ], [ 34.0583, 51.775 ], [ 34.0583, 51.7833 ], [ 34.075, 51.7833 ], [ 34.075, 51.8 ], [ 34.0833, 51.8 ], [ 34.0917, 51.8167 ], [ 34.1167, 51.8167 ], [ 34.1167, 51.825 ], [ 34.1583, 51.825 ], [ 34.1583, 51.8333 ], [ 34.175, 51.8333 ], [ 34.175, 51.8417 ], [ 34.1917, 51.8417 ], [ 34.2, 51.8583 ], [ 34.2083, 51.8583 ], [ 34.2083, 51.875 ], [ 34.1917, 51.875 ], [ 34.1917, 51.8833 ], [ 34.1333, 51.8833 ], [ 34.1333, 51.8917 ], [ 34.0917, 51.8917 ], [ 34.0833, 51.9083 ], [ 34.1, 51.9167 ], [ 34.1, 51.9417 ], [ 34.1333, 51.9417 ], [ 34.1333, 51.9333 ], [ 34.15, 51.9333 ], [ 34.15, 51.925 ], [ 34.1667, 51.925 ], [ 34.1667, 51.9167 ], [ 34.2, 51.9167 ], [ 34.2, 51.9083 ], [ 34.2167, 51.9083 ], [ 34.2167, 51.9167 ], [ 34.2258, 51.9167 ], [ 34.2326, 51.9129 ], [ 34.2501, 51.9162 ], [ 34.2615, 51.9093 ], [ 34.2574, 51.9082 ], [ 34.2601, 51.9078 ], [ 34.2557, 51.9028 ], [ 34.2584, 51.8984 ], [ 34.2545, 51.8941 ], [ 34.2589, 51.8893 ], [ 34.2454, 51.8817 ], [ 34.2631, 51.8784 ], [ 34.2749, 51.8882 ], [ 34.3037, 51.8872 ], [ 34.3278, 51.8714 ], [ 34.3627, 51.8591 ], [ 34.3635, 51.855 ], [ 34.3692, 51.852 ], [ 34.3671, 51.8492 ], [ 34.3692, 51.8449 ], [ 34.3864, 51.8443 ], [ 34.39, 51.8359 ], [ 34.4007, 51.8356 ], [ 34.4156, 51.8257 ], [ 34.4149, 51.8198 ], [ 34.4113, 51.8177 ], [ 34.4165, 51.8138 ], [ 34.417, 51.8087 ], [ 34.4082, 51.794 ], [ 34.4093, 51.7822 ], [ 34.4208, 51.7788 ], [ 34.4277, 51.7737 ], [ 34.4297, 51.7653 ], [ 34.4359, 51.7648 ], [ 34.4386, 51.7584 ], [ 34.4352, 51.7498 ], [ 34.4405, 51.7433 ], [ 34.4346, 51.7305 ], [ 34.4261, 51.7294 ], [ 34.4229, 51.7223 ], [ 34.4138, 51.7225 ], [ 34.4011, 51.7177 ], [ 34.4002, 51.7149 ], [ 34.391, 51.7182 ], [ 34.3631, 51.7122 ], [ 34.3193, 51.7158 ], [ 34.309, 51.7203 ], [ 34.291, 51.7051 ], [ 34.2797, 51.7057 ], [ 34.2615, 51.701 ], [ 34.2508, 51.7026 ], [ 34.2341, 51.697 ], [ 34.2201, 51.7034 ], [ 34.2131, 51.7031 ], [ 34.2048, 51.6942 ], [ 34.1901, 51.6975 ], [ 34.183, 51.6923 ], [ 34.1601, 51.6861 ], [ 34.1545, 51.69 ], [ 34.1468, 51.6874 ], [ 34.1431, 51.6906 ], [ 34.1282, 51.6896 ], [ 34.1259, 51.6846 ], [ 34.1154, 51.6847 ], [ 34.1119, 51.6796 ], [ 34.1039, 51.679 ], [ 34.0963, 51.672 ], [ 34.0887, 51.6716 ], [ 34.0804, 51.6663 ], [ 34.0904, 51.6615 ], [ 34.1046, 51.6664 ], [ 34.106, 51.6572 ], [ 34.1122, 51.6491 ], [ 34.1304, 51.6485 ], [ 34.1297, 51.6428 ], [ 34.1671, 51.6456 ], [ 34.1795, 51.6252 ], [ 34.1821, 51.597 ], [ 34.2112, 51.6005 ], [ 34.2166, 51.5747 ], [ 34.2387, 51.5841 ], [ 34.249, 51.577 ], [ 34.2448, 51.5699 ], [ 34.2568, 51.5602 ], [ 34.2497, 51.5548 ], [ 34.2591, 51.5483 ], [ 34.2593, 51.5417 ], [ 34.2583, 51.5417 ], [ 34.2583, 51.5333 ], [ 34.1833, 51.5333 ], [ 34.1833, 51.5417 ], [ 34.1333, 51.5417 ], [ 34.1333, 51.5333 ], [ 34.1167, 51.5333 ], [ 34.1167, 51.525 ], [ 34.1083, 51.525 ], [ 34.1083, 51.4833 ], [ 34.1167, 51.4833 ], [ 34.1167, 51.4083 ], [ 34.1083, 51.4083 ], [ 34.1, 51.3917 ], [ 34.0917, 51.3917 ], [ 34.0833, 51.375 ], [ 34.075, 51.375 ], [ 34.075, 51.3417 ], [ 34.1, 51.3417 ], [ 34.1, 51.3333 ], [ 34.1083, 51.3333 ], [ 34.1083, 51.3417 ], [ 34.125, 51.3417 ], [ 34.125, 51.35 ], [ 34.15, 51.35 ], [ 34.15, 51.3583 ], [ 34.175, 51.3583 ], [ 34.175, 51.3667 ], [ 34.2, 51.3667 ], [ 34.2, 51.375 ], [ 34.2167, 51.375 ], [ 34.2167, 51.3833 ], [ 34.225, 51.3833 ], [ 34.2333, 51.4 ], [ 34.2417, 51.4 ], [ 34.2409, 51.4015 ], [ 34.2462, 51.4023 ], [ 34.2578, 51.3963 ], [ 34.2719, 51.3831 ], [ 34.2729, 51.3874 ], [ 34.2779, 51.3861 ], [ 34.2808, 51.3899 ], [ 34.2925, 51.3881 ], [ 34.2852, 51.3747 ], [ 34.3005, 51.3743 ], [ 34.3029, 51.3796 ], [ 34.3055, 51.379 ], [ 34.307, 51.3735 ], [ 34.3364, 51.3658 ], [ 34.3309, 51.3615 ], [ 34.3354, 51.3583 ], [ 34.3167, 51.3583 ], [ 34.3167, 51.35 ], [ 34.3, 51.35 ], [ 34.3, 51.3362 ], [ 34.2848, 51.3374 ], [ 34.2816, 51.3347 ], [ 34.2826, 51.3333 ], [ 34.1917, 51.3333 ], [ 34.1833, 51.3167 ], [ 34.1917, 51.3167 ], [ 34.1917, 51.3083 ], [ 34.2333, 51.3083 ], [ 34.2333, 51.3 ], [ 34.2539, 51.3 ], [ 34.2376, 51.2925 ], [ 34.2434, 51.2844 ], [ 34.2549, 51.2822 ], [ 34.2518, 51.2751 ], [ 34.2316, 51.2732 ], [ 34.2337, 51.2693 ], [ 34.2305, 51.2651 ], [ 34.244, 51.2635 ], [ 34.25, 51.2614 ], [ 34.25, 51.2583 ] ], [ [ 33.9083, 51.675 ], [ 33.9167, 51.675 ], [ 33.9167, 51.6833 ], [ 33.9083, 51.6833 ], [ 33.9083, 51.675 ] ] ], [ [ [ 32.4583, 51.2667 ], [ 32.4583, 51.25 ], [ 32.45, 51.25 ], [ 32.45, 51.225 ], [ 32.4583, 51.225 ], [ 32.4583, 51.1917 ], [ 32.45, 51.1917 ], [ 32.45, 51.1667 ], [ 32.4583, 51.1667 ], [ 32.4583, 51.1583 ], [ 32.4917, 51.1583 ], [ 32.5, 51.175 ], [ 32.5083, 51.175 ], [ 32.5083, 51.1833 ], [ 32.525, 51.1917 ], [ 32.525, 51.2 ], [ 32.65, 51.2 ], [ 32.65, 51.2083 ], [ 32.6917, 51.2083 ], [ 32.6917, 51.1917 ], [ 32.675, 51.1917 ], [ 32.675, 51.1833 ], [ 32.65, 51.1833 ], [ 32.6417, 51.1667 ], [ 32.625, 51.1667 ], [ 32.625, 51.1583 ], [ 32.6167, 51.1583 ], [ 32.6083, 51.1417 ], [ 32.6, 51.1417 ], [ 32.6, 51.1333 ], [ 32.5833, 51.1333 ], [ 32.5833, 51.125 ], [ 32.5667, 51.125 ], [ 32.5583, 51.1083 ], [ 32.55, 51.1083 ], [ 32.55, 51.0917 ], [ 32.5417, 51.0917 ], [ 32.5417, 51.0333 ], [ 32.525, 51.0333 ], [ 32.525, 51.025 ], [ 32.4667, 51.025 ], [ 32.4667, 51.0333 ], [ 32.2833, 51.0333 ], [ 32.275, 51.05 ], [ 32.2833, 51.05 ], [ 32.2833, 51.0583 ], [ 32.3, 51.0583 ], [ 32.3, 51.0667 ], [ 32.325, 51.0667 ], [ 32.325, 51.075 ], [ 32.35, 51.075 ], [ 32.35, 51.0833 ], [ 32.3667, 51.0833 ], [ 32.3667, 51.0917 ], [ 32.375, 51.0917 ], [ 32.375, 51.1167 ], [ 32.325, 51.1167 ], [ 32.325, 51.1083 ], [ 32.3, 51.1083 ], [ 32.3, 51.1 ], [ 32.25, 51.1 ], [ 32.25, 51.1083 ], [ 32.2417, 51.1083 ], [ 32.25, 51.125 ], [ 32.2833, 51.125 ], [ 32.2833, 51.1333 ], [ 32.3167, 51.1333 ], [ 32.3167, 51.1417 ], [ 32.3417, 51.1417 ], [ 32.3417, 51.15 ], [ 32.3583, 51.15 ], [ 32.3583, 51.1583 ], [ 32.3667, 51.1583 ], [ 32.3667, 51.1833 ], [ 32.3417, 51.1833 ], [ 32.3417, 51.1917 ], [ 32.3083, 51.1917 ], [ 32.3083, 51.2 ], [ 32.2917, 51.2 ], [ 32.2917, 51.2167 ], [ 32.3, 51.2167 ], [ 32.3, 51.225 ], [ 32.3167, 51.225 ], [ 32.325, 51.2417 ], [ 32.35, 51.2417 ], [ 32.35, 51.25 ], [ 32.375, 51.25 ], [ 32.375, 51.2583 ], [ 32.425, 51.2583 ], [ 32.425, 51.2667 ], [ 32.4583, 51.2667 ] ] ], [ [ [ 31.6167, 51.4167 ], [ 31.6167, 51.4083 ], [ 31.6667, 51.4083 ], [ 31.6667, 51.4 ], [ 31.7333, 51.4 ], [ 31.7333, 51.4083 ], [ 31.7417, 51.4083 ], [ 31.7417, 51.4 ], [ 31.7583, 51.4 ], [ 31.7583, 51.3917 ], [ 31.775, 51.3917 ], [ 31.775, 51.3833 ], [ 31.7917, 51.3833 ], [ 31.7917, 51.375 ], [ 31.8083, 51.375 ], [ 31.8083, 51.3667 ], [ 31.825, 51.3667 ], [ 31.825, 51.3583 ], [ 31.8417, 51.3583 ], [ 31.8417, 51.35 ], [ 31.8583, 51.35 ], [ 31.8583, 51.3417 ], [ 31.875, 51.3417 ], [ 31.875, 51.3333 ], [ 31.8917, 51.3333 ], [ 31.8917, 51.325 ], [ 31.925, 51.325 ], [ 31.925, 51.3083 ], [ 31.9167, 51.3083 ], [ 31.9167, 51.3 ], [ 31.9, 51.3 ], [ 31.9, 51.2917 ], [ 31.8917, 51.2917 ], [ 31.8833, 51.275 ], [ 31.875, 51.275 ], [ 31.875, 51.2667 ], [ 31.8667, 51.2667 ], [ 31.8667, 51.2583 ], [ 31.85, 51.2583 ], [ 31.85, 51.25 ], [ 31.8333, 51.25 ], [ 31.8333, 51.2417 ], [ 31.7917, 51.2417 ], [ 31.7917, 51.25 ], [ 31.7167, 51.25 ], [ 31.7167, 51.2417 ], [ 31.7, 51.2417 ], [ 31.7, 51.2333 ], [ 31.6917, 51.2333 ], [ 31.6833, 51.2167 ], [ 31.675, 51.2167 ], [ 31.675, 51.2083 ], [ 31.6417, 51.2083 ], [ 31.6417, 51.2 ], [ 31.6083, 51.2 ], [ 31.6083, 51.2083 ], [ 31.5667, 51.2083 ], [ 31.5667, 51.2 ], [ 31.5333, 51.2 ], [ 31.5333, 51.1917 ], [ 31.525, 51.1917 ], [ 31.525, 51.175 ], [ 31.5417, 51.1667 ], [ 31.5417, 51.15 ], [ 31.525, 51.1417 ], [ 31.525, 51.1333 ], [ 31.4917, 51.1333 ], [ 31.4917, 51.125 ], [ 31.475, 51.125 ], [ 31.475, 51.1 ], [ 31.4667, 51.1 ], [ 31.4667, 51.0833 ], [ 31.45, 51.0833 ], [ 31.4417, 51.0667 ], [ 31.4333, 51.0667 ], [ 31.425, 51.05 ], [ 31.4167, 51.05 ], [ 31.4167, 51.0167 ], [ 31.4, 51.0167 ], [ 31.4, 51.0083 ], [ 31.375, 51.0083 ], [ 31.375, 51.0 ], [ 31.3583, 51.0 ], [ 31.3583, 50.9917 ], [ 31.3417, 50.9917 ], [ 31.3333, 50.975 ], [ 31.325, 50.975 ], [ 31.325, 50.9833 ], [ 31.3, 50.9833 ], [ 31.3, 50.9917 ], [ 31.2667, 50.9917 ], [ 31.2667, 50.9833 ], [ 31.25, 50.9833 ], [ 31.25, 50.9667 ], [ 31.2417, 50.9667 ], [ 31.2417, 50.9583 ], [ 31.25, 50.9583 ], [ 31.25, 50.925 ], [ 31.2417, 50.925 ], [ 31.2417, 50.9083 ], [ 31.225, 50.9 ], [ 31.225, 50.8917 ], [ 31.2083, 50.8917 ], [ 31.2083, 50.8833 ], [ 31.2, 50.8833 ], [ 31.2, 50.8917 ], [ 31.1667, 50.8917 ], [ 31.1667, 50.9 ], [ 31.1417, 50.9 ], [ 31.1417, 50.9083 ], [ 31.125, 50.9083 ], [ 31.125, 50.9167 ], [ 31.1, 50.9167 ], [ 31.1, 50.925 ], [ 31.0667, 50.925 ], [ 31.0667, 50.9333 ], [ 31.0583, 50.9333 ], [ 31.0583, 50.9583 ], [ 31.075, 50.9583 ], [ 31.075, 50.9667 ], [ 31.1083, 50.9667 ], [ 31.1083, 50.9583 ], [ 31.15, 50.9583 ], [ 31.15, 50.9917 ], [ 31.1417, 50.9917 ], [ 31.1417, 51.025 ], [ 31.1333, 51.025 ], [ 31.1333, 51.0583 ], [ 31.1417, 51.0583 ], [ 31.1417, 51.0833 ], [ 31.15, 51.0833 ], [ 31.15, 51.1 ], [ 31.1583, 51.1 ], [ 31.1583, 51.1083 ], [ 31.175, 51.1167 ], [ 31.175, 51.125 ], [ 31.1833, 51.125 ], [ 31.1917, 51.1417 ], [ 31.2, 51.1417 ], [ 31.2, 51.15 ], [ 31.2167, 51.15 ], [ 31.2167, 51.1583 ], [ 31.225, 51.1583 ], [ 31.2333, 51.175 ], [ 31.2417, 51.175 ], [ 31.2417, 51.1833 ], [ 31.25, 51.1833 ], [ 31.25, 51.1917 ], [ 31.2667, 51.1917 ], [ 31.2667, 51.2 ], [ 31.275, 51.2 ], [ 31.2833, 51.2167 ], [ 31.2917, 51.2167 ], [ 31.2917, 51.225 ], [ 31.3083, 51.225 ], [ 31.3083, 51.2333 ], [ 31.325, 51.2333 ], [ 31.3333, 51.25 ], [ 31.35, 51.25 ], [ 31.35, 51.2583 ], [ 31.3667, 51.2583 ], [ 31.375, 51.275 ], [ 31.3917, 51.275 ], [ 31.4, 51.2917 ], [ 31.4167, 51.2917 ], [ 31.425, 51.3083 ], [ 31.4333, 51.3083 ], [ 31.4333, 51.3167 ], [ 31.45, 51.3167 ], [ 31.45, 51.325 ], [ 31.4667, 51.3333 ], [ 31.4667, 51.3417 ], [ 31.475, 51.3417 ], [ 31.4833, 51.3583 ], [ 31.4917, 51.3583 ], [ 31.4917, 51.3667 ], [ 31.5, 51.3667 ], [ 31.5083, 51.3833 ], [ 31.5167, 51.3833 ], [ 31.5167, 51.3917 ], [ 31.5333, 51.3917 ], [ 31.5333, 51.4 ], [ 31.55, 51.4 ], [ 31.55, 51.4083 ], [ 31.5917, 51.4083 ], [ 31.5917, 51.4167 ], [ 31.6167, 51.4167 ] ] ], [ [ [ 35.2333, 51.05 ], [ 35.2333, 51.0417 ], [ 35.25, 51.0417 ], [ 35.25, 51.0333 ], [ 35.275, 51.0333 ], [ 35.275, 51.025 ], [ 35.2833, 51.025 ], [ 35.2833, 51.0083 ], [ 35.2917, 51.0083 ], [ 35.2917, 50.9833 ], [ 35.2833, 50.9833 ], [ 35.2833, 50.9667 ], [ 35.2583, 50.9667 ], [ 35.2583, 50.975 ], [ 35.25, 50.975 ], [ 35.25, 50.9833 ], [ 35.2333, 50.9833 ], [ 35.2333, 50.9917 ], [ 35.1833, 50.9917 ], [ 35.1833, 50.9833 ], [ 35.175, 50.9833 ], [ 35.175, 50.975 ], [ 35.1583, 50.9667 ], [ 35.1583, 50.95 ], [ 35.1417, 50.9417 ], [ 35.1417, 50.9083 ], [ 35.15, 50.9083 ], [ 35.15, 50.8833 ], [ 35.1333, 50.8833 ], [ 35.125, 50.8667 ], [ 35.1083, 50.8667 ], [ 35.1083, 50.8583 ], [ 35.1, 50.8583 ], [ 35.1, 50.85 ], [ 35.1083, 50.85 ], [ 35.1083, 50.8417 ], [ 35.125, 50.8417 ], [ 35.125, 50.8333 ], [ 35.1917, 50.8333 ], [ 35.1917, 50.825 ], [ 35.225, 50.825 ], [ 35.225, 50.8167 ], [ 35.2417, 50.8167 ], [ 35.2417, 50.8083 ], [ 35.25, 50.8083 ], [ 35.25, 50.7917 ], [ 35.225, 50.7917 ], [ 35.225, 50.7833 ], [ 35.0833, 50.7833 ], [ 35.0833, 50.7917 ], [ 35.075, 50.7917 ], [ 35.075, 50.8167 ], [ 35.0667, 50.8167 ], [ 35.0667, 50.825 ], [ 35.0417, 50.825 ], [ 35.0417, 50.8333 ], [ 35.0083, 50.8333 ], [ 35.0083, 50.8417 ], [ 34.925, 50.8417 ], [ 34.925, 50.85 ], [ 34.9083, 50.85 ], [ 34.9083, 50.8583 ], [ 34.9, 50.8583 ], [ 34.9, 50.8833 ], [ 34.9083, 50.8833 ], [ 34.9083, 50.8917 ], [ 34.925, 50.8917 ], [ 34.925, 50.9 ], [ 34.9417, 50.9 ], [ 34.9417, 50.9083 ], [ 34.95, 50.9083 ], [ 34.95, 50.9167 ], [ 34.9667, 50.9167 ], [ 34.9667, 50.925 ], [ 34.9833, 50.925 ], [ 34.9833, 50.9333 ], [ 35.0, 50.9333 ], [ 35.0, 50.9417 ], [ 35.0083, 50.9417 ], [ 35.0083, 50.9583 ], [ 34.9833, 50.9583 ], [ 34.9833, 50.95 ], [ 34.9583, 50.95 ], [ 34.9583, 50.9417 ], [ 34.9167, 50.9417 ], [ 34.9167, 50.95 ], [ 34.9, 50.95 ], [ 34.9, 50.9583 ], [ 34.8833, 50.9667 ], [ 34.8833, 50.975 ], [ 34.8667, 50.975 ], [ 34.8667, 50.9833 ], [ 34.85, 50.9833 ], [ 34.85, 50.9917 ], [ 34.825, 50.9917 ], [ 34.825, 51.0 ], [ 34.7167, 51.0 ], [ 34.7167, 51.0083 ], [ 34.6917, 51.0083 ], [ 34.6917, 51.0167 ], [ 34.6833, 51.0167 ], [ 34.6833, 51.0333 ], [ 34.6917, 51.0333 ], [ 34.6917, 51.0417 ], [ 34.7083, 51.0417 ], [ 34.7083, 51.05 ], [ 34.725, 51.05 ], [ 34.725, 51.0583 ], [ 34.7583, 51.0583 ], [ 34.7583, 51.0667 ], [ 34.7917, 51.0667 ], [ 34.7917, 51.075 ], [ 34.875, 51.075 ], [ 34.875, 51.0833 ], [ 34.8917, 51.0833 ], [ 34.9, 51.1 ], [ 34.9167, 51.1 ], [ 34.9167, 51.1083 ], [ 34.9333, 51.1083 ], [ 34.9333, 51.1167 ], [ 34.95, 51.1167 ], [ 34.95, 51.1083 ], [ 34.9583, 51.1083 ], [ 34.9583, 51.0833 ], [ 34.9667, 51.0833 ], [ 34.9667, 51.0667 ], [ 35.0333, 51.0667 ], [ 35.0417, 51.05 ], [ 35.125, 51.05 ], [ 35.125, 51.0583 ], [ 35.1867, 51.0583 ], [ 35.1902, 51.054 ], [ 35.1917, 51.0531 ], [ 35.1917, 51.05 ], [ 35.2046, 51.05 ], [ 35.2099, 51.0467 ], [ 35.2167, 51.05 ], [ 35.2333, 51.05 ] ] ], [ [ [ 33.8333, 50.9083 ], [ 33.8333, 50.9 ], [ 33.8667, 50.9 ], [ 33.8667, 50.8917 ], [ 33.9, 50.8917 ], [ 33.9, 50.8833 ], [ 33.9333, 50.8833 ], [ 33.9333, 50.875 ], [ 33.9917, 50.875 ], [ 33.9917, 50.8667 ], [ 34.0167, 50.8667 ], [ 34.0167, 50.8583 ], [ 34.025, 50.8583 ], [ 34.025, 50.8417 ], [ 34.0083, 50.8417 ], [ 34.0083, 50.8333 ], [ 33.9417, 50.8333 ], [ 33.9417, 50.8417 ], [ 33.85, 50.8417 ], [ 33.85, 50.85 ], [ 33.8333, 50.85 ], [ 33.8333, 50.8583 ], [ 33.8, 50.8583 ], [ 33.8, 50.85 ], [ 33.7917, 50.85 ], [ 33.7833, 50.8333 ], [ 33.775, 50.8333 ], [ 33.775, 50.825 ], [ 33.7417, 50.825 ], [ 33.7333, 50.8417 ], [ 33.7, 50.8417 ], [ 33.7, 50.8333 ], [ 33.6833, 50.8333 ], [ 33.6833, 50.825 ], [ 33.675, 50.825 ], [ 33.6667, 50.8083 ], [ 33.6583, 50.8083 ], [ 33.6583, 50.8 ], [ 33.65, 50.8 ], [ 33.6417, 50.7833 ], [ 33.625, 50.7833 ], [ 33.625, 50.775 ], [ 33.6083, 50.775 ], [ 33.6083, 50.7667 ], [ 33.5917, 50.7667 ], [ 33.5917, 50.7583 ], [ 33.575, 50.7583 ], [ 33.575, 50.75 ], [ 33.525, 50.75 ], [ 33.525, 50.7583 ], [ 33.5083, 50.7583 ], [ 33.5083, 50.7667 ], [ 33.4917, 50.7667 ], [ 33.4833, 50.7833 ], [ 33.4667, 50.7833 ], [ 33.4583, 50.8 ], [ 33.4417, 50.8 ], [ 33.4417, 50.8083 ], [ 33.425, 50.8083 ], [ 33.425, 50.8167 ], [ 33.4083, 50.8167 ], [ 33.4083, 50.825 ], [ 33.3833, 50.825 ], [ 33.3833, 50.8333 ], [ 33.3667, 50.8333 ], [ 33.3667, 50.8417 ], [ 33.3583, 50.8417 ], [ 33.3583, 50.85 ], [ 33.375, 50.85 ], [ 33.375, 50.8583 ], [ 33.425, 50.8583 ], [ 33.425, 50.85 ], [ 33.45, 50.85 ], [ 33.45, 50.8417 ], [ 33.475, 50.8417 ], [ 33.475, 50.8333 ], [ 33.525, 50.8333 ], [ 33.5333, 50.85 ], [ 33.55, 50.85 ], [ 33.5583, 50.8667 ], [ 33.575, 50.8667 ], [ 33.5833, 50.8833 ], [ 33.6667, 50.8833 ], [ 33.6667, 50.875 ], [ 33.6917, 50.875 ], [ 33.6917, 50.8833 ], [ 33.7083, 50.8833 ], [ 33.7083, 50.8917 ], [ 33.725, 50.8917 ], [ 33.725, 50.9 ], [ 33.7583, 50.9 ], [ 33.7583, 50.9083 ], [ 33.8333, 50.9083 ] ] ], [ [ [ 31.0917, 50.8917 ], [ 31.0917, 50.8833 ], [ 31.1083, 50.8833 ], [ 31.1083, 50.875 ], [ 31.125, 50.875 ], [ 31.125, 50.8667 ], [ 31.1417, 50.8667 ], [ 31.1417, 50.8583 ], [ 31.1583, 50.8583 ], [ 31.1583, 50.85 ], [ 31.1667, 50.85 ], [ 31.1667, 50.8417 ], [ 31.1833, 50.8417 ], [ 31.1833, 50.8333 ], [ 31.175, 50.8333 ], [ 31.1667, 50.8167 ], [ 31.1583, 50.8167 ], [ 31.1583, 50.8 ], [ 31.15, 50.8 ], [ 31.15, 50.7917 ], [ 31.1417, 50.7917 ], [ 31.1417, 50.7833 ], [ 31.125, 50.7833 ], [ 31.1167, 50.7667 ], [ 31.1083, 50.7667 ], [ 31.1083, 50.7583 ], [ 31.0917, 50.7583 ], [ 31.0917, 50.75 ], [ 31.075, 50.75 ], [ 31.075, 50.7417 ], [ 31.025, 50.7417 ], [ 31.025, 50.75 ], [ 31.0083, 50.7583 ], [ 31.0083, 50.775 ], [ 31.0167, 50.775 ], [ 31.0167, 50.8 ], [ 31.025, 50.8 ], [ 31.025, 50.8167 ], [ 31.0333, 50.8167 ], [ 31.0333, 50.8333 ], [ 31.05, 50.8417 ], [ 31.05, 50.8583 ], [ 31.0583, 50.8583 ], [ 31.0583, 50.875 ], [ 31.075, 50.8833 ], [ 31.075, 50.8917 ], [ 31.0917, 50.8917 ] ] ], [ [ [ 34.625, 50.8 ], [ 34.625, 50.7917 ], [ 34.6417, 50.7833 ], [ 34.6417, 50.7667 ], [ 34.6333, 50.7667 ], [ 34.6333, 50.75 ], [ 34.6417, 50.75 ], [ 34.6417, 50.7417 ], [ 34.7083, 50.7417 ], [ 34.7083, 50.75 ], [ 34.725, 50.75 ], [ 34.725, 50.7417 ], [ 34.7333, 50.7417 ], [ 34.7333, 50.7333 ], [ 34.725, 50.7333 ], [ 34.725, 50.7083 ], [ 34.7167, 50.7083 ], [ 34.7167, 50.6917 ], [ 34.7, 50.6833 ], [ 34.7, 50.6667 ], [ 34.6833, 50.6667 ], [ 34.675, 50.65 ], [ 34.65, 50.65 ], [ 34.65, 50.6417 ], [ 34.5833, 50.6417 ], [ 34.5833, 50.65 ], [ 34.5667, 50.65 ], [ 34.5667, 50.6583 ], [ 34.5583, 50.6583 ], [ 34.5583, 50.6667 ], [ 34.4833, 50.6667 ], [ 34.4833, 50.6583 ], [ 34.4583, 50.6583 ], [ 34.4583, 50.65 ], [ 34.4333, 50.65 ], [ 34.4333, 50.6583 ], [ 34.425, 50.6583 ], [ 34.425, 50.7 ], [ 34.4333, 50.7 ], [ 34.4333, 50.7167 ], [ 34.45, 50.725 ], [ 34.45, 50.7333 ], [ 34.4667, 50.7417 ], [ 34.4667, 50.75 ], [ 34.4833, 50.75 ], [ 34.4833, 50.7583 ], [ 34.5, 50.7583 ], [ 34.5, 50.7667 ], [ 34.5167, 50.7667 ], [ 34.5167, 50.775 ], [ 34.5417, 50.775 ], [ 34.5417, 50.7833 ], [ 34.5667, 50.7833 ], [ 34.5667, 50.7917 ], [ 34.5917, 50.7917 ], [ 34.5917, 50.8 ], [ 34.625, 50.8 ] ] ], [ [ [ 25.2917, 50.725 ], [ 25.275, 50.725 ], [ 25.275, 50.7167 ], [ 25.2417, 50.7167 ], [ 25.2417, 50.7083 ], [ 25.1917, 50.7083 ], [ 25.1917, 50.7 ], [ 25.15, 50.7 ], [ 25.15, 50.6917 ], [ 25.125, 50.6917 ], [ 25.1167, 50.675 ], [ 25.1, 50.675 ], [ 25.1, 50.6667 ], [ 25.0917, 50.6667 ], [ 25.0917, 50.6583 ], [ 25.0833, 50.6583 ], [ 25.0833, 50.65 ], [ 25.0667, 50.6417 ], [ 25.0667, 50.6333 ], [ 25.0333, 50.6333 ], [ 25.0333, 50.625 ], [ 25.0, 50.625 ], [ 25.0, 50.6333 ], [ 24.9917, 50.6333 ], [ 24.9917, 50.6583 ], [ 25.0, 50.6583 ], [ 25.0, 50.6833 ], [ 24.9917, 50.6833 ], [ 24.9917, 50.6917 ], [ 24.975, 50.6917 ], [ 24.975, 50.7 ], [ 24.925, 50.7 ], [ 24.925, 50.7083 ], [ 24.9083, 50.7083 ], [ 24.9083, 50.7167 ], [ 24.8833, 50.7167 ], [ 24.8833, 50.725 ], [ 24.8667, 50.725 ], [ 24.8667, 50.7333 ], [ 24.85, 50.7333 ], [ 24.85, 50.7417 ], [ 24.8333, 50.7417 ], [ 24.825, 50.7583 ], [ 24.8083, 50.7583 ], [ 24.8083, 50.775 ], [ 24.8167, 50.775 ], [ 24.8167, 50.7917 ], [ 24.875, 50.7917 ], [ 24.875, 50.7833 ], [ 24.9, 50.7833 ], [ 24.9, 50.775 ], [ 24.9167, 50.775 ], [ 24.9167, 50.7667 ], [ 24.9333, 50.7667 ], [ 24.9333, 50.7583 ], [ 24.9583, 50.7583 ], [ 24.9583, 50.75 ], [ 25.0083, 50.75 ], [ 25.0083, 50.7417 ], [ 25.025, 50.7417 ], [ 25.025, 50.75 ], [ 25.0667, 50.75 ], [ 25.0667, 50.7583 ], [ 25.0917, 50.7583 ], [ 25.0917, 50.7667 ], [ 25.125, 50.7667 ], [ 25.125, 50.775 ], [ 25.2, 50.775 ], [ 25.2, 50.7833 ], [ 25.2333, 50.7833 ], [ 25.2333, 50.7917 ], [ 25.3, 50.7917 ], [ 25.3, 50.7833 ], [ 25.3083, 50.7833 ], [ 25.3083, 50.7667 ], [ 25.325, 50.7583 ], [ 25.3167, 50.7417 ], [ 25.325, 50.7417 ], [ 25.325, 50.7333 ], [ 25.2917, 50.7333 ], [ 25.2917, 50.725 ] ], [ [ 25.2917, 50.7417 ], [ 25.2833, 50.7417 ], [ 25.2833, 50.7333 ], [ 25.2917, 50.7333 ], [ 25.2917, 50.7417 ] ], [ [ 25.3083, 50.7417 ], [ 25.3083, 50.75 ], [ 25.2917, 50.75 ], [ 25.2917, 50.7417 ], [ 25.3083, 50.7417 ] ] ], [ [ [ 32.95, 50.775 ], [ 32.95, 50.7667 ], [ 32.9667, 50.7667 ], [ 32.9667, 50.7583 ], [ 32.975, 50.7583 ], [ 32.975, 50.7333 ], [ 32.9833, 50.7333 ], [ 32.9833, 50.7167 ], [ 32.9917, 50.7167 ], [ 33.0, 50.7 ], [ 33.0083, 50.7 ], [ 33.0083, 50.6833 ], [ 33.0, 50.6833 ], [ 33.0, 50.6667 ], [ 32.9917, 50.6667 ], [ 32.9917, 50.6583 ], [ 32.9667, 50.6583 ], [ 32.9583, 50.6417 ], [ 32.9417, 50.6417 ], [ 32.9417, 50.6333 ], [ 32.9167, 50.6333 ], [ 32.9167, 50.625 ], [ 32.9, 50.625 ], [ 32.9, 50.6167 ], [ 32.875, 50.6167 ], [ 32.875, 50.6083 ], [ 32.8583, 50.6083 ], [ 32.8583, 50.6 ], [ 32.8333, 50.6 ], [ 32.8333, 50.6083 ], [ 32.8167, 50.6167 ], [ 32.8167, 50.625 ], [ 32.8, 50.625 ], [ 32.7917, 50.6417 ], [ 32.7833, 50.6417 ], [ 32.7833, 50.65 ], [ 32.7667, 50.6583 ], [ 32.7667, 50.6667 ], [ 32.775, 50.6667 ], [ 32.775, 50.6833 ], [ 32.7917, 50.6833 ], [ 32.7917, 50.6917 ], [ 32.85, 50.6917 ], [ 32.85, 50.7 ], [ 32.8667, 50.7 ], [ 32.875, 50.7167 ], [ 32.8833, 50.7167 ], [ 32.8833, 50.725 ], [ 32.9, 50.7333 ], [ 32.9, 50.75 ], [ 32.9083, 50.75 ], [ 32.9167, 50.7667 ], [ 32.9333, 50.7667 ], [ 32.9333, 50.775 ], [ 32.95, 50.775 ] ] ], [ [ [ 24.25, 50.8333 ], [ 24.25, 50.825 ], [ 24.275, 50.825 ], [ 24.275, 50.8167 ], [ 24.2917, 50.8167 ], [ 24.2917, 50.8083 ], [ 24.3083, 50.8083 ], [ 24.3083, 50.8 ], [ 24.325, 50.8 ], [ 24.3333, 50.7833 ], [ 24.35, 50.7833 ], [ 24.35, 50.775 ], [ 24.3667, 50.775 ], [ 24.375, 50.7583 ], [ 24.3833, 50.7583 ], [ 24.3917, 50.7417 ], [ 24.4, 50.7417 ], [ 24.4, 50.725 ], [ 24.4083, 50.725 ], [ 24.4083, 50.6917 ], [ 24.4167, 50.6917 ], [ 24.4167, 50.65 ], [ 24.425, 50.65 ], [ 24.425, 50.6333 ], [ 24.4333, 50.6333 ], [ 24.4333, 50.625 ], [ 24.45, 50.6167 ], [ 24.45, 50.6083 ], [ 24.4667, 50.6083 ], [ 24.475, 50.5917 ], [ 24.4167, 50.5917 ], [ 24.4083, 50.6083 ], [ 24.3917, 50.6083 ], [ 24.3917, 50.6167 ], [ 24.3667, 50.6167 ], [ 24.3667, 50.625 ], [ 24.2833, 50.625 ], [ 24.2833, 50.6333 ], [ 24.225, 50.6333 ], [ 24.225, 50.65 ], [ 24.2167, 50.65 ], [ 24.2167, 50.6667 ], [ 24.2, 50.675 ], [ 24.2, 50.6833 ], [ 24.1833, 50.6917 ], [ 24.1833, 50.7 ], [ 24.1667, 50.7 ], [ 24.1667, 50.7083 ], [ 24.15, 50.7083 ], [ 24.15, 50.7167 ], [ 24.1333, 50.7167 ], [ 24.1333, 50.725 ], [ 24.125, 50.725 ], [ 24.1167, 50.7417 ], [ 24.1083, 50.7417 ], [ 24.1083, 50.75 ], [ 24.0917, 50.75 ], [ 24.0917, 50.7667 ], [ 24.075, 50.775 ], [ 24.075, 50.7917 ], [ 24.0583, 50.8 ], [ 24.0583, 50.8167 ], [ 24.0667, 50.8167 ], [ 24.0667, 50.825 ], [ 24.175, 50.825 ], [ 24.175, 50.8333 ], [ 24.25, 50.8333 ] ], [ [ 24.175, 50.75 ], [ 24.1833, 50.75 ], [ 24.1833, 50.7583 ], [ 24.175, 50.7583 ], [ 24.175, 50.75 ] ] ], [ [ [ 32.425, 50.8 ], [ 32.425, 50.7917 ], [ 32.4833, 50.7917 ], [ 32.4833, 50.7833 ], [ 32.525, 50.7833 ], [ 32.525, 50.775 ], [ 32.55, 50.775 ], [ 32.55, 50.7667 ], [ 32.5667, 50.7667 ], [ 32.575, 50.75 ], [ 32.5917, 50.75 ], [ 32.5917, 50.7333 ], [ 32.6, 50.7333 ], [ 32.6, 50.7167 ], [ 32.5917, 50.7167 ], [ 32.5917, 50.7 ], [ 32.5833, 50.7 ], [ 32.575, 50.6833 ], [ 32.5667, 50.6833 ], [ 32.5667, 50.6667 ], [ 32.5583, 50.6667 ], [ 32.55, 50.65 ], [ 32.5333, 50.65 ], [ 32.5333, 50.6417 ], [ 32.525, 50.6417 ], [ 32.5167, 50.625 ], [ 32.5083, 50.625 ], [ 32.5083, 50.6167 ], [ 32.4917, 50.6167 ], [ 32.4833, 50.6 ], [ 32.4667, 50.6 ], [ 32.4667, 50.5917 ], [ 32.425, 50.5917 ], [ 32.425, 50.6 ], [ 32.4083, 50.6 ], [ 32.4083, 50.6083 ], [ 32.3917, 50.6083 ], [ 32.3833, 50.625 ], [ 32.3917, 50.625 ], [ 32.3917, 50.65 ], [ 32.3833, 50.65 ], [ 32.3833, 50.6667 ], [ 32.375, 50.6667 ], [ 32.375, 50.6833 ], [ 32.3667, 50.6833 ], [ 32.3667, 50.6917 ], [ 32.35, 50.6917 ], [ 32.3417, 50.7083 ], [ 32.3333, 50.7083 ], [ 32.3333, 50.7417 ], [ 32.35, 50.75 ], [ 32.35, 50.7583 ], [ 32.3667, 50.7583 ], [ 32.375, 50.775 ], [ 32.3917, 50.775 ], [ 32.4, 50.7917 ], [ 32.4083, 50.7917 ], [ 32.4083, 50.8 ], [ 32.425, 50.8 ] ] ], [ [ [ 32.5833, 50.5917 ], [ 32.5833, 50.5833 ], [ 32.6083, 50.5833 ], [ 32.6083, 50.575 ], [ 32.675, 50.575 ], [ 32.675, 50.5667 ], [ 32.7083, 50.5667 ], [ 32.7083, 50.5583 ], [ 32.725, 50.5583 ], [ 32.7333, 50.5417 ], [ 32.7417, 50.5417 ], [ 32.7417, 50.5333 ], [ 32.7333, 50.5333 ], [ 32.7333, 50.5167 ], [ 32.7083, 50.5167 ], [ 32.7083, 50.5083 ], [ 32.6917, 50.5083 ], [ 32.6917, 50.5 ], [ 32.6667, 50.5 ], [ 32.6667, 50.4917 ], [ 32.6167, 50.4917 ], [ 32.6167, 50.4833 ], [ 32.5917, 50.4833 ], [ 32.5917, 50.475 ], [ 32.575, 50.475 ], [ 32.575, 50.4667 ], [ 32.5583, 50.4667 ], [ 32.5583, 50.4583 ], [ 32.55, 50.4583 ], [ 32.55, 50.45 ], [ 32.5333, 50.45 ], [ 32.5333, 50.4417 ], [ 32.5, 50.4417 ], [ 32.5, 50.45 ], [ 32.475, 50.45 ], [ 32.475, 50.4583 ], [ 32.4583, 50.4583 ], [ 32.45, 50.475 ], [ 32.4417, 50.475 ], [ 32.4417, 50.5083 ], [ 32.45, 50.5083 ], [ 32.45, 50.5167 ], [ 32.475, 50.5167 ], [ 32.475, 50.525 ], [ 32.4917, 50.525 ], [ 32.4917, 50.5167 ], [ 32.5333, 50.5167 ], [ 32.5333, 50.5083 ], [ 32.575, 50.5083 ], [ 32.575, 50.5167 ], [ 32.5833, 50.5167 ], [ 32.5833, 50.5417 ], [ 32.575, 50.5417 ], [ 32.5667, 50.5583 ], [ 32.5583, 50.5583 ], [ 32.5583, 50.575 ], [ 32.5667, 50.575 ], [ 32.5667, 50.5917 ], [ 32.5833, 50.5917 ] ] ], [ [ [ 35.4667, 50.5 ], [ 35.4583, 50.4833 ], [ 35.45, 50.4833 ], [ 35.45, 50.475 ], [ 35.4167, 50.475 ], [ 35.4167, 50.5083 ], [ 35.3833, 50.5083 ], [ 35.375, 50.4917 ], [ 35.3583, 50.4917 ], [ 35.35, 50.475 ], [ 35.3333, 50.475 ], [ 35.3333, 50.4667 ], [ 35.3167, 50.4667 ], [ 35.3167, 50.4583 ], [ 35.2917, 50.4583 ], [ 35.2917, 50.45 ], [ 35.275, 50.45 ], [ 35.275, 50.4417 ], [ 35.2417, 50.4417 ], [ 35.2417, 50.4333 ], [ 35.225, 50.4333 ], [ 35.2167, 50.4167 ], [ 35.2, 50.4167 ], [ 35.2, 50.4 ], [ 35.1833, 50.4 ], [ 35.175, 50.3833 ], [ 35.1167, 50.3833 ], [ 35.1167, 50.3917 ], [ 35.1, 50.3917 ], [ 35.1, 50.4 ], [ 35.0833, 50.4 ], [ 35.0833, 50.4083 ], [ 35.0667, 50.4083 ], [ 35.0667, 50.4167 ], [ 35.05, 50.4167 ], [ 35.05, 50.425 ], [ 35.0333, 50.425 ], [ 35.0333, 50.4333 ], [ 35.025, 50.4333 ], [ 35.025, 50.4417 ], [ 35.0167, 50.4417 ], [ 35.0083, 50.4583 ], [ 35.0, 50.4583 ], [ 35.0, 50.4833 ], [ 35.0083, 50.4833 ], [ 35.0083, 50.4917 ], [ 35.025, 50.4917 ], [ 35.0333, 50.5083 ], [ 35.05, 50.5083 ], [ 35.05, 50.5167 ], [ 35.0667, 50.5167 ], [ 35.0667, 50.525 ], [ 35.0833, 50.525 ], [ 35.0833, 50.5333 ], [ 35.125, 50.5333 ], [ 35.125, 50.525 ], [ 35.1417, 50.525 ], [ 35.1417, 50.5083 ], [ 35.1583, 50.5 ], [ 35.1667, 50.4833 ], [ 35.1833, 50.475 ], [ 35.1833, 50.4667 ], [ 35.2083, 50.4667 ], [ 35.2083, 50.4583 ], [ 35.25, 50.4583 ], [ 35.25, 50.4667 ], [ 35.2583, 50.4667 ], [ 35.2583, 50.4833 ], [ 35.25, 50.4833 ], [ 35.25, 50.5 ], [ 35.2333, 50.5083 ], [ 35.2333, 50.5167 ], [ 35.2167, 50.5167 ], [ 35.2083, 50.5333 ], [ 35.1917, 50.5333 ], [ 35.1917, 50.5417 ], [ 35.175, 50.55 ], [ 35.175, 50.5667 ], [ 35.1667, 50.5667 ], [ 35.1667, 50.5833 ], [ 35.175, 50.5833 ], [ 35.175, 50.6 ], [ 35.1833, 50.6 ], [ 35.1833, 50.625 ], [ 35.2, 50.6333 ], [ 35.2, 50.6417 ], [ 35.2167, 50.65 ], [ 35.2167, 50.6583 ], [ 35.2333, 50.6583 ], [ 35.2333, 50.65 ], [ 35.2417, 50.65 ], [ 35.2417, 50.6333 ], [ 35.25, 50.6333 ], [ 35.25, 50.6083 ], [ 35.2583, 50.6083 ], [ 35.2583, 50.5833 ], [ 35.275, 50.575 ], [ 35.275, 50.5667 ], [ 35.2833, 50.5667 ], [ 35.2917, 50.55 ], [ 35.3417, 50.55 ], [ 35.3417, 50.5583 ], [ 35.3583, 50.5667 ], [ 35.3583, 50.575 ], [ 35.375, 50.575 ], [ 35.375, 50.5833 ], [ 35.3917, 50.5833 ], [ 35.3917, 50.6167 ], [ 35.4, 50.6167 ], [ 35.4, 50.625 ], [ 35.4063, 50.625 ], [ 35.4129, 50.6135 ], [ 35.421, 50.6155 ], [ 35.4191, 50.6089 ], [ 35.4257, 50.6032 ], [ 35.4004, 50.5903 ], [ 35.3905, 50.58 ], [ 35.4279, 50.5621 ], [ 35.4389, 50.5443 ], [ 35.4352, 50.5319 ], [ 35.4446, 50.5293 ], [ 35.4454, 50.5231 ], [ 35.4579, 50.513 ], [ 35.4594, 50.5087 ], [ 35.4571, 50.5069 ], [ 35.463, 50.5047 ], [ 35.467, 50.5 ], [ 35.4667, 50.5 ] ] ], [ [ [ 28.55, 50.5833 ], [ 28.55, 50.575 ], [ 28.5667, 50.575 ], [ 28.575, 50.5583 ], [ 28.5833, 50.5583 ], [ 28.5833, 50.5417 ], [ 28.5917, 50.5417 ], [ 28.5917, 50.525 ], [ 28.6, 50.525 ], [ 28.6, 50.5083 ], [ 28.6083, 50.5083 ], [ 28.6083, 50.5 ], [ 28.6167, 50.5 ], [ 28.625, 50.4833 ], [ 28.6333, 50.4833 ], [ 28.6333, 50.475 ], [ 28.6417, 50.475 ], [ 28.6417, 50.4667 ], [ 28.65, 50.4667 ], [ 28.6583, 50.45 ], [ 28.6667, 50.45 ], [ 28.6667, 50.4333 ], [ 28.675, 50.4333 ], [ 28.675, 50.3917 ], [ 28.6583, 50.3833 ], [ 28.6583, 50.375 ], [ 28.65, 50.375 ], [ 28.65, 50.3833 ], [ 28.625, 50.3833 ], [ 28.625, 50.3917 ], [ 28.6, 50.3917 ], [ 28.5917, 50.4083 ], [ 28.575, 50.4083 ], [ 28.575, 50.4167 ], [ 28.5667, 50.4167 ], [ 28.5667, 50.425 ], [ 28.55, 50.4333 ], [ 28.55, 50.4417 ], [ 28.5417, 50.4417 ], [ 28.5417, 50.4583 ], [ 28.525, 50.4667 ], [ 28.525, 50.475 ], [ 28.5083, 50.475 ], [ 28.5083, 50.4833 ], [ 28.4917, 50.4833 ], [ 28.4917, 50.4917 ], [ 28.4833, 50.4917 ], [ 28.475, 50.5083 ], [ 28.4667, 50.5083 ], [ 28.4667, 50.55 ], [ 28.4833, 50.55 ], [ 28.4833, 50.5583 ], [ 28.5, 50.5583 ], [ 28.5083, 50.575 ], [ 28.5167, 50.575 ], [ 28.5167, 50.5833 ], [ 28.55, 50.5833 ] ] ], [ [ [ 30.3167, 50.4083 ], [ 30.3333, 50.4083 ], [ 30.3333, 50.4 ], [ 30.3417, 50.4 ], [ 30.35, 50.4167 ], [ 30.375, 50.4167 ], [ 30.375, 50.425 ], [ 30.3917, 50.425 ], [ 30.3833, 50.4083 ], [ 30.4, 50.4083 ], [ 30.4, 50.4 ], [ 30.4083, 50.4 ], [ 30.4083, 50.4083 ], [ 30.425, 50.4083 ], [ 30.425, 50.4 ], [ 30.4417, 50.4 ], [ 30.4417, 50.3917 ], [ 30.4583, 50.3917 ], [ 30.4583, 50.3667 ], [ 30.4667, 50.3667 ], [ 30.4667, 50.3833 ], [ 30.4917, 50.3833 ], [ 30.4917, 50.375 ], [ 30.5167, 50.375 ], [ 30.5167, 50.35 ], [ 30.5083, 50.35 ], [ 30.5083, 50.3417 ], [ 30.4917, 50.3417 ], [ 30.4917, 50.3333 ], [ 30.3583, 50.3333 ], [ 30.3583, 50.3417 ], [ 30.3333, 50.3417 ], [ 30.3333, 50.35 ], [ 30.3083, 50.35 ], [ 30.3083, 50.3583 ], [ 30.2917, 50.3583 ], [ 30.2917, 50.375 ], [ 30.3, 50.375 ], [ 30.3, 50.3917 ], [ 30.3167, 50.4 ], [ 30.3167, 50.4083 ] ], [ [ 30.4167, 50.4 ], [ 30.4167, 50.3917 ], [ 30.425, 50.3917 ], [ 30.425, 50.4 ], [ 30.4167, 50.4 ] ], [ [ 30.3167, 50.3917 ], [ 30.325, 50.3917 ], [ 30.325, 50.4 ], [ 30.3167, 50.4 ], [ 30.3167, 50.3917 ] ], [ [ 30.3667, 50.3917 ], [ 30.3417, 50.3917 ], [ 30.3333, 50.375 ], [ 30.35, 50.375 ], [ 30.35, 50.3833 ], [ 30.3667, 50.3833 ], [ 30.3667, 50.375 ], [ 30.3833, 50.375 ], [ 30.3833, 50.3833 ], [ 30.3917, 50.3833 ], [ 30.3917, 50.4 ], [ 30.375, 50.4083 ], [ 30.3667, 50.3917 ] ], [ [ 30.4417, 50.3667 ], [ 30.45, 50.3667 ], [ 30.45, 50.3833 ], [ 30.4417, 50.3833 ], [ 30.4417, 50.3667 ] ] ], [ [ [ 33.0333, 50.9 ], [ 33.0333, 50.8917 ], [ 33.05, 50.8917 ], [ 33.05, 50.8833 ], [ 33.0833, 50.8833 ], [ 33.0833, 50.875 ], [ 33.125, 50.875 ], [ 33.125, 50.8667 ], [ 33.1917, 50.8667 ], [ 33.1917, 50.8583 ], [ 33.2333, 50.8583 ], [ 33.2333, 50.85 ], [ 33.2583, 50.85 ], [ 33.2583, 50.8417 ], [ 33.2833, 50.8417 ], [ 33.2833, 50.8333 ], [ 33.3083, 50.8333 ], [ 33.3083, 50.825 ], [ 33.325, 50.825 ], [ 33.325, 50.8167 ], [ 33.35, 50.8167 ], [ 33.35, 50.8083 ], [ 33.375, 50.8083 ], [ 33.375, 50.8 ], [ 33.3917, 50.8 ], [ 33.3917, 50.7917 ], [ 33.4083, 50.7917 ], [ 33.4083, 50.7833 ], [ 33.4333, 50.7833 ], [ 33.4333, 50.775 ], [ 33.45, 50.775 ], [ 33.4583, 50.7583 ], [ 33.4667, 50.7583 ], [ 33.475, 50.7417 ], [ 33.4833, 50.7417 ], [ 33.4833, 50.7083 ], [ 33.4667, 50.7 ], [ 33.4667, 50.6917 ], [ 33.45, 50.6833 ], [ 33.45, 50.675 ], [ 33.4333, 50.675 ], [ 33.4333, 50.6667 ], [ 33.4167, 50.6667 ], [ 33.4167, 50.6583 ], [ 33.3833, 50.6583 ], [ 33.375, 50.6417 ], [ 33.3583, 50.6417 ], [ 33.3583, 50.6333 ], [ 33.35, 50.6333 ], [ 33.3417, 50.6167 ], [ 33.3333, 50.6167 ], [ 33.3333, 50.6083 ], [ 33.325, 50.6083 ], [ 33.3167, 50.5917 ], [ 33.3083, 50.5917 ], [ 33.3, 50.575 ], [ 33.2917, 50.575 ], [ 33.2917, 50.5583 ], [ 33.275, 50.55 ], [ 33.2667, 50.5333 ], [ 33.2583, 50.5333 ], [ 33.2583, 50.5167 ], [ 33.2417, 50.5083 ], [ 33.2417, 50.4833 ], [ 33.2333, 50.4833 ], [ 33.2333, 50.4583 ], [ 33.2417, 50.4583 ], [ 33.2417, 50.4333 ], [ 33.2583, 50.425 ], [ 33.2583, 50.3917 ], [ 33.2667, 50.3917 ], [ 33.2667, 50.375 ], [ 33.2833, 50.3667 ], [ 33.2833, 50.3583 ], [ 33.2917, 50.3583 ], [ 33.2917, 50.35 ], [ 33.3083, 50.35 ], [ 33.3083, 50.3417 ], [ 33.3917, 50.3417 ], [ 33.4, 50.325 ], [ 33.3833, 50.3167 ], [ 33.3833, 50.3083 ], [ 33.3667, 50.3167 ], [ 33.3667, 50.3083 ], [ 33.3167, 50.3083 ], [ 33.3167, 50.3 ], [ 33.2667, 50.3 ], [ 33.2667, 50.3167 ], [ 33.2167, 50.3167 ], [ 33.2167, 50.325 ], [ 33.1833, 50.325 ], [ 33.1833, 50.3333 ], [ 33.1667, 50.3333 ], [ 33.1667, 50.3417 ], [ 33.1417, 50.3417 ], [ 33.1417, 50.35 ], [ 33.125, 50.35 ], [ 33.125, 50.3583 ], [ 33.1083, 50.3583 ], [ 33.1083, 50.3667 ], [ 33.0917, 50.3667 ], [ 33.0917, 50.375 ], [ 33.075, 50.375 ], [ 33.075, 50.3833 ], [ 33.0667, 50.3833 ], [ 33.0833, 50.4167 ], [ 33.125, 50.4167 ], [ 33.125, 50.425 ], [ 33.1417, 50.425 ], [ 33.1417, 50.4333 ], [ 33.1583, 50.4333 ], [ 33.1667, 50.45 ], [ 33.175, 50.45 ], [ 33.1833, 50.4667 ], [ 33.1917, 50.4667 ], [ 33.1917, 50.4833 ], [ 33.2, 50.4833 ], [ 33.2, 50.525 ], [ 33.2083, 50.525 ], [ 33.2083, 50.5583 ], [ 33.2167, 50.5583 ], [ 33.2167, 50.5833 ], [ 33.225, 50.5833 ], [ 33.225, 50.5917 ], [ 33.2417, 50.5917 ], [ 33.2417, 50.6 ], [ 33.2583, 50.6 ], [ 33.2583, 50.6083 ], [ 33.275, 50.6083 ], [ 33.275, 50.6167 ], [ 33.2833, 50.6167 ], [ 33.2917, 50.6333 ], [ 33.3, 50.6333 ], [ 33.3, 50.65 ], [ 33.3167, 50.6583 ], [ 33.3167, 50.675 ], [ 33.3083, 50.675 ], [ 33.3083, 50.6833 ], [ 33.2917, 50.6917 ], [ 33.2917, 50.7 ], [ 33.2833, 50.7 ], [ 33.2833, 50.7417 ], [ 33.2917, 50.7417 ], [ 33.2917, 50.775 ], [ 33.275, 50.7833 ], [ 33.275, 50.7917 ], [ 33.25, 50.7917 ], [ 33.25, 50.8 ], [ 33.2417, 50.8 ], [ 33.2417, 50.7917 ], [ 33.2167, 50.7917 ], [ 33.2167, 50.7833 ], [ 33.15, 50.7833 ], [ 33.15, 50.7917 ], [ 33.1417, 50.7917 ], [ 33.1417, 50.825 ], [ 33.1333, 50.825 ], [ 33.1333, 50.8333 ], [ 33.0833, 50.8333 ], [ 33.0833, 50.825 ], [ 33.0333, 50.825 ], [ 33.0333, 50.8333 ], [ 33.025, 50.8333 ], [ 33.025, 50.85 ], [ 33.0167, 50.85 ], [ 33.0167, 50.8667 ], [ 33.0083, 50.8667 ], [ 33.0083, 50.8917 ], [ 33.0167, 50.8917 ], [ 33.0167, 50.9 ], [ 33.0333, 50.9 ] ] ], [ [ [ 31.325, 50.7667 ], [ 31.325, 50.7583 ], [ 31.3417, 50.7583 ], [ 31.3417, 50.7417 ], [ 31.3333, 50.7417 ], [ 31.3333, 50.7083 ], [ 31.325, 50.7083 ], [ 31.325, 50.7 ], [ 31.3333, 50.7 ], [ 31.3417, 50.6833 ], [ 31.35, 50.6833 ], [ 31.3583, 50.6667 ], [ 31.3667, 50.6667 ], [ 31.3667, 50.6583 ], [ 31.3833, 50.6583 ], [ 31.3833, 50.625 ], [ 31.3417, 50.625 ], [ 31.3417, 50.6167 ], [ 31.325, 50.6167 ], [ 31.325, 50.6 ], [ 31.3333, 50.6 ], [ 31.3333, 50.5917 ], [ 31.35, 50.5917 ], [ 31.35, 50.5833 ], [ 31.375, 50.5833 ], [ 31.375, 50.575 ], [ 31.3917, 50.575 ], [ 31.3917, 50.5667 ], [ 31.4083, 50.5667 ], [ 31.4083, 50.5583 ], [ 31.425, 50.5583 ], [ 31.425, 50.5417 ], [ 31.4333, 50.5417 ], [ 31.4333, 50.5333 ], [ 31.45, 50.525 ], [ 31.45, 50.5167 ], [ 31.4667, 50.5167 ], [ 31.4667, 50.5083 ], [ 31.4833, 50.5083 ], [ 31.4833, 50.5 ], [ 31.5, 50.5 ], [ 31.5, 50.4917 ], [ 31.5167, 50.4917 ], [ 31.525, 50.475 ], [ 31.5417, 50.4667 ], [ 31.5417, 50.375 ], [ 31.5333, 50.375 ], [ 31.5333, 50.3583 ], [ 31.5167, 50.35 ], [ 31.5167, 50.3333 ], [ 31.5, 50.325 ], [ 31.5, 50.3167 ], [ 31.4917, 50.3167 ], [ 31.4833, 50.3 ], [ 31.4667, 50.3 ], [ 31.4667, 50.2917 ], [ 31.45, 50.2917 ], [ 31.45, 50.2833 ], [ 31.425, 50.2833 ], [ 31.425, 50.2917 ], [ 31.4167, 50.2917 ], [ 31.4167, 50.3083 ], [ 31.4, 50.3167 ], [ 31.4, 50.325 ], [ 31.3917, 50.325 ], [ 31.3917, 50.3333 ], [ 31.375, 50.3417 ], [ 31.375, 50.35 ], [ 31.3667, 50.35 ], [ 31.3667, 50.3583 ], [ 31.3583, 50.3583 ], [ 31.35, 50.375 ], [ 31.3417, 50.375 ], [ 31.3417, 50.3833 ], [ 31.325, 50.3833 ], [ 31.325, 50.3917 ], [ 31.3083, 50.3917 ], [ 31.3, 50.4083 ], [ 31.2833, 50.4083 ], [ 31.2833, 50.4167 ], [ 31.2667, 50.425 ], [ 31.2667, 50.4333 ], [ 31.2583, 50.4333 ], [ 31.2583, 50.5 ], [ 31.25, 50.5 ], [ 31.25, 50.5333 ], [ 31.2417, 50.5333 ], [ 31.2417, 50.5583 ], [ 31.2333, 50.5583 ], [ 31.2333, 50.5833 ], [ 31.225, 50.5833 ], [ 31.225, 50.6167 ], [ 31.2167, 50.6167 ], [ 31.2167, 50.625 ], [ 31.225, 50.625 ], [ 31.225, 50.6583 ], [ 31.2333, 50.6583 ], [ 31.2333, 50.6917 ], [ 31.2417, 50.6917 ], [ 31.2417, 50.725 ], [ 31.25, 50.725 ], [ 31.25, 50.7333 ], [ 31.2667, 50.7417 ], [ 31.2667, 50.75 ], [ 31.2833, 50.7583 ], [ 31.2833, 50.7667 ], [ 31.325, 50.7667 ] ] ], [ [ [ 26.825, 50.7083 ], [ 26.825, 50.7 ], [ 26.8333, 50.7 ], [ 26.8333, 50.6833 ], [ 26.85, 50.675 ], [ 26.85, 50.6667 ], [ 26.8833, 50.6667 ], [ 26.8833, 50.6583 ], [ 27.0167, 50.6583 ], [ 27.0167, 50.65 ], [ 27.1083, 50.65 ], [ 27.1083, 50.6417 ], [ 27.1667, 50.6417 ], [ 27.1667, 50.6333 ], [ 27.2083, 50.6333 ], [ 27.2083, 50.625 ], [ 27.2167, 50.625 ], [ 27.2167, 50.6 ], [ 27.1667, 50.575 ], [ 27.1667, 50.5583 ], [ 27.15, 50.55 ], [ 27.15, 50.5333 ], [ 27.1667, 50.5333 ], [ 27.1667, 50.525 ], [ 27.1833, 50.525 ], [ 27.1833, 50.5167 ], [ 27.2, 50.5083 ], [ 27.2, 50.5 ], [ 27.2083, 50.5 ], [ 27.2083, 50.475 ], [ 27.2167, 50.475 ], [ 27.2167, 50.4583 ], [ 27.225, 50.4583 ], [ 27.225, 50.4333 ], [ 27.0583, 50.4333 ], [ 27.0583, 50.425 ], [ 27.0417, 50.425 ], [ 27.0417, 50.4 ], [ 27.0583, 50.4 ], [ 27.0583, 50.3917 ], [ 27.0833, 50.3917 ], [ 27.0833, 50.3833 ], [ 27.1083, 50.3833 ], [ 27.1083, 50.375 ], [ 27.125, 50.375 ], [ 27.125, 50.3667 ], [ 27.1417, 50.3667 ], [ 27.1417, 50.3583 ], [ 27.1583, 50.3583 ], [ 27.1583, 50.35 ], [ 27.1833, 50.35 ], [ 27.1833, 50.3417 ], [ 27.2, 50.3417 ], [ 27.2, 50.3333 ], [ 27.2167, 50.3333 ], [ 27.225, 50.3167 ], [ 27.2333, 50.3167 ], [ 27.2333, 50.3 ], [ 27.2417, 50.3 ], [ 27.2417, 50.2833 ], [ 27.2083, 50.2833 ], [ 27.2083, 50.2917 ], [ 27.1917, 50.2917 ], [ 27.1917, 50.3 ], [ 27.1667, 50.3 ], [ 27.1667, 50.3083 ], [ 27.1417, 50.3083 ], [ 27.1417, 50.3167 ], [ 27.1083, 50.3167 ], [ 27.1083, 50.325 ], [ 27.0833, 50.325 ], [ 27.0833, 50.3333 ], [ 27.0583, 50.3333 ], [ 27.0583, 50.3417 ], [ 27.0, 50.3417 ], [ 27.0, 50.35 ], [ 26.9667, 50.35 ], [ 26.9667, 50.3583 ], [ 26.925, 50.3583 ], [ 26.925, 50.3667 ], [ 26.7917, 50.3667 ], [ 26.7917, 50.375 ], [ 26.65, 50.375 ], [ 26.65, 50.3833 ], [ 26.625, 50.3833 ], [ 26.625, 50.3917 ], [ 26.6083, 50.3917 ], [ 26.6, 50.4083 ], [ 26.5917, 50.4083 ], [ 26.5917, 50.4333 ], [ 26.6, 50.4333 ], [ 26.6, 50.45 ], [ 26.6167, 50.4583 ], [ 26.6167, 50.475 ], [ 26.625, 50.475 ], [ 26.625, 50.5 ], [ 26.6333, 50.5 ], [ 26.6333, 50.525 ], [ 26.65, 50.5333 ], [ 26.65, 50.5417 ], [ 26.6917, 50.5417 ], [ 26.6917, 50.55 ], [ 26.7333, 50.55 ], [ 26.7333, 50.5667 ], [ 26.7417, 50.5667 ], [ 26.7417, 50.575 ], [ 26.7333, 50.575 ], [ 26.7333, 50.5917 ], [ 26.7167, 50.6 ], [ 26.7167, 50.625 ], [ 26.7, 50.6333 ], [ 26.7, 50.6417 ], [ 26.675, 50.6417 ], [ 26.675, 50.6333 ], [ 26.6, 50.6333 ], [ 26.6, 50.6583 ], [ 26.6083, 50.6583 ], [ 26.6083, 50.6667 ], [ 26.65, 50.6667 ], [ 26.65, 50.675 ], [ 26.6667, 50.675 ], [ 26.6667, 50.6833 ], [ 26.6833, 50.6833 ], [ 26.6833, 50.6917 ], [ 26.7167, 50.6917 ], [ 26.7167, 50.7 ], [ 26.725, 50.7 ], [ 26.725, 50.6917 ], [ 26.775, 50.6917 ], [ 26.775, 50.7 ], [ 26.8, 50.7 ], [ 26.8, 50.7083 ], [ 26.825, 50.7083 ] ] ], [ [ [ 26.1667, 50.7167 ], [ 26.1667, 50.7083 ], [ 26.1833, 50.7083 ], [ 26.1833, 50.7 ], [ 26.2083, 50.7 ], [ 26.2083, 50.6917 ], [ 26.2333, 50.6917 ], [ 26.2333, 50.6833 ], [ 26.275, 50.6833 ], [ 26.275, 50.675 ], [ 26.3333, 50.675 ], [ 26.3333, 50.6833 ], [ 26.4083, 50.6833 ], [ 26.4083, 50.6917 ], [ 26.5, 50.6917 ], [ 26.5, 50.6833 ], [ 26.525, 50.6833 ], [ 26.525, 50.675 ], [ 26.5417, 50.675 ], [ 26.5417, 50.6667 ], [ 26.55, 50.6667 ], [ 26.55, 50.65 ], [ 26.5583, 50.65 ], [ 26.5583, 50.625 ], [ 26.5667, 50.625 ], [ 26.5667, 50.6083 ], [ 26.625, 50.6083 ], [ 26.625, 50.6167 ], [ 26.6333, 50.6167 ], [ 26.6333, 50.6083 ], [ 26.65, 50.6083 ], [ 26.65, 50.5917 ], [ 26.6583, 50.5917 ], [ 26.6583, 50.575 ], [ 26.575, 50.5333 ], [ 26.575, 50.475 ], [ 26.5667, 50.475 ], [ 26.5667, 50.4583 ], [ 26.5583, 50.4583 ], [ 26.5583, 50.45 ], [ 26.5333, 50.45 ], [ 26.5333, 50.4583 ], [ 26.5083, 50.4583 ], [ 26.5083, 50.4667 ], [ 26.4833, 50.4667 ], [ 26.4833, 50.475 ], [ 26.3833, 50.475 ], [ 26.3833, 50.4667 ], [ 26.3583, 50.4667 ], [ 26.3583, 50.4583 ], [ 26.3417, 50.4583 ], [ 26.3417, 50.45 ], [ 26.325, 50.45 ], [ 26.325, 50.4417 ], [ 26.3167, 50.4417 ], [ 26.3167, 50.4333 ], [ 26.3083, 50.4333 ], [ 26.3, 50.4167 ], [ 26.2917, 50.4167 ], [ 26.2917, 50.4083 ], [ 26.2833, 50.4083 ], [ 26.2833, 50.3917 ], [ 26.2917, 50.3917 ], [ 26.2917, 50.3833 ], [ 26.2833, 50.3833 ], [ 26.2833, 50.3667 ], [ 26.3, 50.3667 ], [ 26.3, 50.3583 ], [ 26.3167, 50.3583 ], [ 26.3167, 50.35 ], [ 26.4667, 50.35 ], [ 26.4667, 50.3417 ], [ 26.4833, 50.3417 ], [ 26.4833, 50.3083 ], [ 26.4917, 50.3083 ], [ 26.4917, 50.2917 ], [ 26.4667, 50.2917 ], [ 26.4667, 50.2833 ], [ 26.3417, 50.2833 ], [ 26.3417, 50.2917 ], [ 26.2917, 50.2917 ], [ 26.2917, 50.3 ], [ 26.25, 50.3 ], [ 26.25, 50.3083 ], [ 26.1667, 50.3083 ], [ 26.1667, 50.3167 ], [ 26.15, 50.3167 ], [ 26.15, 50.325 ], [ 26.1167, 50.325 ], [ 26.1167, 50.3333 ], [ 26.025, 50.3333 ], [ 26.025, 50.3417 ], [ 26.0, 50.3417 ], [ 26.0, 50.35 ], [ 25.975, 50.35 ], [ 25.975, 50.3583 ], [ 25.8583, 50.3583 ], [ 25.8583, 50.35 ], [ 25.8167, 50.35 ], [ 25.8167, 50.3583 ], [ 25.8083, 50.3583 ], [ 25.8083, 50.375 ], [ 25.8, 50.375 ], [ 25.8, 50.4083 ], [ 25.8083, 50.4083 ], [ 25.8083, 50.425 ], [ 25.8167, 50.425 ], [ 25.825, 50.4417 ], [ 25.8167, 50.4417 ], [ 25.8167, 50.4583 ], [ 25.8083, 50.4583 ], [ 25.8083, 50.4667 ], [ 25.7917, 50.4667 ], [ 25.7917, 50.475 ], [ 25.7667, 50.475 ], [ 25.7667, 50.4833 ], [ 25.7333, 50.4833 ], [ 25.7333, 50.4917 ], [ 25.7167, 50.4917 ], [ 25.7167, 50.5 ], [ 25.7, 50.5 ], [ 25.7, 50.5083 ], [ 25.6833, 50.5083 ], [ 25.6833, 50.5167 ], [ 25.6583, 50.5167 ], [ 25.6583, 50.525 ], [ 25.575, 50.525 ], [ 25.575, 50.5167 ], [ 25.5667, 50.5167 ], [ 25.5667, 50.525 ], [ 25.5333, 50.525 ], [ 25.5333, 50.5333 ], [ 25.5167, 50.5333 ], [ 25.5167, 50.5583 ], [ 25.5333, 50.5667 ], [ 25.5333, 50.575 ], [ 25.55, 50.575 ], [ 25.55, 50.5833 ], [ 25.6, 50.5833 ], [ 25.6, 50.5917 ], [ 25.6333, 50.5917 ], [ 25.6333, 50.5833 ], [ 25.6583, 50.5833 ], [ 25.6583, 50.5917 ], [ 25.6917, 50.5917 ], [ 25.6917, 50.6 ], [ 25.7083, 50.6083 ], [ 25.7083, 50.6167 ], [ 25.6917, 50.625 ], [ 25.6917, 50.6333 ], [ 25.65, 50.6333 ], [ 25.65, 50.6417 ], [ 25.55, 50.6417 ], [ 25.5417, 50.6583 ], [ 25.5333, 50.6583 ], [ 25.5333, 50.6833 ], [ 25.525, 50.6833 ], [ 25.525, 50.7083 ], [ 25.5167, 50.7083 ], [ 25.5167, 50.7167 ], [ 25.5, 50.725 ], [ 25.5, 50.7333 ], [ 25.4833, 50.7333 ], [ 25.4833, 50.7417 ], [ 25.45, 50.7417 ], [ 25.45, 50.75 ], [ 25.3833, 50.75 ], [ 25.3833, 50.7667 ], [ 25.375, 50.7667 ], [ 25.3833, 50.7833 ], [ 25.3917, 50.7833 ], [ 25.3917, 50.775 ], [ 25.425, 50.775 ], [ 25.425, 50.7833 ], [ 25.45, 50.7833 ], [ 25.45, 50.7917 ], [ 25.4667, 50.7917 ], [ 25.4667, 50.8 ], [ 25.475, 50.8 ], [ 25.475, 50.7917 ], [ 25.5, 50.7917 ], [ 25.5, 50.7833 ], [ 25.5083, 50.7833 ], [ 25.5083, 50.775 ], [ 25.525, 50.775 ], [ 25.525, 50.7667 ], [ 25.5333, 50.7667 ], [ 25.5333, 50.775 ], [ 25.5667, 50.775 ], [ 25.5667, 50.7833 ], [ 25.5917, 50.7833 ], [ 25.5917, 50.775 ], [ 25.6167, 50.775 ], [ 25.6167, 50.7667 ], [ 25.6333, 50.7667 ], [ 25.6333, 50.7583 ], [ 25.6583, 50.7583 ], [ 25.6583, 50.75 ], [ 25.75, 50.75 ], [ 25.75, 50.7417 ], [ 25.775, 50.7417 ], [ 25.775, 50.7333 ], [ 25.7917, 50.7333 ], [ 25.7917, 50.725 ], [ 25.8083, 50.725 ], [ 25.8083, 50.7167 ], [ 25.875, 50.7167 ], [ 25.875, 50.725 ], [ 25.8917, 50.725 ], [ 25.8917, 50.7333 ], [ 25.9083, 50.7333 ], [ 25.9083, 50.7417 ], [ 25.925, 50.7417 ], [ 25.925, 50.75 ], [ 25.95, 50.75 ], [ 25.95, 50.7583 ], [ 25.975, 50.7583 ], [ 25.975, 50.75 ], [ 26.0083, 50.75 ], [ 26.0, 50.7333 ], [ 25.9917, 50.7333 ], [ 25.9833, 50.7167 ], [ 25.975, 50.7167 ], [ 25.975, 50.7 ], [ 25.9833, 50.7 ], [ 25.9833, 50.675 ], [ 25.9917, 50.675 ], [ 25.9917, 50.625 ], [ 25.975, 50.6167 ], [ 25.975, 50.6083 ], [ 25.9583, 50.6 ], [ 25.9583, 50.5917 ], [ 25.9417, 50.5917 ], [ 25.9417, 50.5833 ], [ 25.9333, 50.5833 ], [ 25.9333, 50.5667 ], [ 25.925, 50.5667 ], [ 25.925, 50.5333 ], [ 25.9417, 50.525 ], [ 25.95, 50.5083 ], [ 25.9583, 50.5083 ], [ 25.9583, 50.4917 ], [ 25.9667, 50.4917 ], [ 25.9667, 50.475 ], [ 25.975, 50.475 ], [ 25.975, 50.4417 ], [ 25.9833, 50.4417 ], [ 25.9833, 50.425 ], [ 25.975, 50.425 ], [ 25.975, 50.3833 ], [ 25.9833, 50.3833 ], [ 25.9833, 50.375 ], [ 26.0, 50.375 ], [ 26.0, 50.3667 ], [ 26.0667, 50.3667 ], [ 26.0667, 50.375 ], [ 26.1583, 50.375 ], [ 26.1667, 50.3917 ], [ 26.175, 50.3917 ], [ 26.175, 50.4083 ], [ 26.1917, 50.4167 ], [ 26.1917, 50.4333 ], [ 26.2, 50.4333 ], [ 26.2, 50.4583 ], [ 26.2083, 50.4583 ], [ 26.2083, 50.4667 ], [ 26.2, 50.4667 ], [ 26.2, 50.4833 ], [ 26.1833, 50.4833 ], [ 26.1833, 50.4917 ], [ 26.1583, 50.4917 ], [ 26.1583, 50.4833 ], [ 26.125, 50.4833 ], [ 26.125, 50.475 ], [ 26.1083, 50.475 ], [ 26.1083, 50.4667 ], [ 26.0833, 50.4667 ], [ 26.0833, 50.4583 ], [ 26.0667, 50.4583 ], [ 26.0667, 50.45 ], [ 26.05, 50.45 ], [ 26.05, 50.4417 ], [ 26.0167, 50.4417 ], [ 26.0167, 50.5083 ], [ 26.0, 50.5167 ], [ 26.0, 50.525 ], [ 25.9917, 50.525 ], [ 25.9917, 50.5333 ], [ 25.9833, 50.5333 ], [ 25.9833, 50.55 ], [ 25.975, 50.55 ], [ 25.975, 50.5583 ], [ 25.9833, 50.5583 ], [ 25.9833, 50.575 ], [ 25.9917, 50.575 ], [ 25.9917, 50.5833 ], [ 26.0083, 50.5833 ], [ 26.0083, 50.5917 ], [ 26.025, 50.5917 ], [ 26.025, 50.6 ], [ 26.0417, 50.6 ], [ 26.0417, 50.6167 ], [ 26.05, 50.6167 ], [ 26.05, 50.6333 ], [ 26.0417, 50.6333 ], [ 26.0417, 50.6667 ], [ 26.0333, 50.6667 ], [ 26.0333, 50.6917 ], [ 26.025, 50.6917 ], [ 26.025, 50.7167 ], [ 26.0333, 50.7167 ], [ 26.0333, 50.7333 ], [ 26.05, 50.7417 ], [ 26.05, 50.75 ], [ 26.0667, 50.75 ], [ 26.0667, 50.7583 ], [ 26.1167, 50.7583 ], [ 26.1167, 50.75 ], [ 26.1333, 50.75 ], [ 26.1333, 50.7417 ], [ 26.15, 50.7333 ], [ 26.15, 50.725 ], [ 26.1583, 50.725 ], [ 26.1583, 50.7167 ], [ 26.1667, 50.7167 ] ], [ [ 26.15, 50.7167 ], [ 26.15, 50.7083 ], [ 26.1583, 50.7083 ], [ 26.1583, 50.7167 ], [ 26.15, 50.7167 ] ], [ [ 26.225, 50.6417 ], [ 26.2333, 50.6417 ], [ 26.2333, 50.65 ], [ 26.225, 50.65 ], [ 26.225, 50.6417 ] ], [ [ 26.2667, 50.6417 ], [ 26.275, 50.6417 ], [ 26.275, 50.65 ], [ 26.2667, 50.65 ], [ 26.2667, 50.6417 ] ], [ [ 26.2417, 50.625 ], [ 26.2417, 50.6333 ], [ 26.225, 50.625 ], [ 26.225, 50.6333 ], [ 26.2, 50.6333 ], [ 26.2, 50.6167 ], [ 26.225, 50.6167 ], [ 26.225, 50.6083 ], [ 26.2333, 50.6083 ], [ 26.2333, 50.6167 ], [ 26.2583, 50.6167 ], [ 26.2583, 50.625 ], [ 26.2417, 50.625 ] ], [ [ 26.2667, 50.625 ], [ 26.2667, 50.6 ], [ 26.25, 50.5917 ], [ 26.25, 50.55 ], [ 26.2417, 50.55 ], [ 26.2417, 50.5083 ], [ 26.25, 50.5083 ], [ 26.2583, 50.4917 ], [ 26.3333, 50.4917 ], [ 26.3333, 50.5 ], [ 26.35, 50.5083 ], [ 26.35, 50.5167 ], [ 26.3667, 50.5167 ], [ 26.3667, 50.525 ], [ 26.3833, 50.525 ], [ 26.3833, 50.5333 ], [ 26.4, 50.5333 ], [ 26.4, 50.5417 ], [ 26.5, 50.5417 ], [ 26.5, 50.55 ], [ 26.55, 50.55 ], [ 26.55, 50.5583 ], [ 26.5583, 50.5583 ], [ 26.5583, 50.575 ], [ 26.55, 50.575 ], [ 26.55, 50.5833 ], [ 26.5333, 50.5833 ], [ 26.5333, 50.5917 ], [ 26.5083, 50.5917 ], [ 26.5083, 50.6 ], [ 26.4, 50.6 ], [ 26.4, 50.6083 ], [ 26.3667, 50.6083 ], [ 26.3667, 50.6167 ], [ 26.3167, 50.6167 ], [ 26.3167, 50.625 ], [ 26.3, 50.625 ], [ 26.3, 50.6167 ], [ 26.2833, 50.6167 ], [ 26.2833, 50.6333 ], [ 26.2583, 50.6333 ], [ 26.2583, 50.625 ], [ 26.2667, 50.625 ] ] ], [ [ [ 29.725, 50.35 ], [ 29.725, 50.3417 ], [ 29.7167, 50.3417 ], [ 29.7167, 50.3333 ], [ 29.7, 50.325 ], [ 29.7, 50.3167 ], [ 29.6833, 50.3167 ], [ 29.6833, 50.3083 ], [ 29.6583, 50.3083 ], [ 29.6583, 50.3 ], [ 29.6417, 50.2917 ], [ 29.6417, 50.2833 ], [ 29.625, 50.275 ], [ 29.625, 50.2667 ], [ 29.6083, 50.2583 ], [ 29.6083, 50.25 ], [ 29.5917, 50.25 ], [ 29.5917, 50.2417 ], [ 29.5667, 50.2417 ], [ 29.5667, 50.2333 ], [ 29.5417, 50.2333 ], [ 29.5417, 50.225 ], [ 29.525, 50.225 ], [ 29.525, 50.2167 ], [ 29.4917, 50.2167 ], [ 29.4917, 50.225 ], [ 29.475, 50.225 ], [ 29.475, 50.2333 ], [ 29.4667, 50.2333 ], [ 29.4667, 50.275 ], [ 29.475, 50.275 ], [ 29.475, 50.2917 ], [ 29.4917, 50.2917 ], [ 29.4917, 50.3 ], [ 29.5167, 50.3 ], [ 29.5167, 50.3083 ], [ 29.5833, 50.3083 ], [ 29.5833, 50.3167 ], [ 29.6083, 50.3167 ], [ 29.6083, 50.325 ], [ 29.625, 50.325 ], [ 29.625, 50.3333 ], [ 29.6417, 50.3333 ], [ 29.6417, 50.3417 ], [ 29.6583, 50.3417 ], [ 29.6583, 50.35 ], [ 29.725, 50.35 ] ] ], [ [ [ 25.4833, 50.5167 ], [ 25.4833, 50.5083 ], [ 25.5083, 50.5083 ], [ 25.5083, 50.5 ], [ 25.5333, 50.5 ], [ 25.5333, 50.4917 ], [ 25.6, 50.4917 ], [ 25.6, 50.4833 ], [ 25.625, 50.4833 ], [ 25.625, 50.475 ], [ 25.6417, 50.475 ], [ 25.6417, 50.4667 ], [ 25.6583, 50.4667 ], [ 25.6583, 50.4583 ], [ 25.6917, 50.4583 ], [ 25.6917, 50.45 ], [ 25.725, 50.45 ], [ 25.725, 50.4417 ], [ 25.7417, 50.4417 ], [ 25.7417, 50.3917 ], [ 25.75, 50.3917 ], [ 25.75, 50.35 ], [ 25.7417, 50.35 ], [ 25.7417, 50.3417 ], [ 25.7333, 50.3417 ], [ 25.725, 50.325 ], [ 25.7167, 50.325 ], [ 25.7167, 50.3167 ], [ 25.7, 50.3083 ], [ 25.7, 50.3 ], [ 25.6917, 50.3 ], [ 25.6917, 50.2917 ], [ 25.6833, 50.2917 ], [ 25.6833, 50.2833 ], [ 25.6667, 50.275 ], [ 25.6667, 50.2583 ], [ 25.6583, 50.2583 ], [ 25.6583, 50.25 ], [ 25.6417, 50.25 ], [ 25.6417, 50.2417 ], [ 25.625, 50.2333 ], [ 25.625, 50.225 ], [ 25.6083, 50.225 ], [ 25.6083, 50.2167 ], [ 25.55, 50.2167 ], [ 25.55, 50.2333 ], [ 25.5417, 50.2333 ], [ 25.5417, 50.25 ], [ 25.5333, 50.25 ], [ 25.5333, 50.2583 ], [ 25.5417, 50.2583 ], [ 25.5417, 50.275 ], [ 25.55, 50.275 ], [ 25.55, 50.2917 ], [ 25.5583, 50.2917 ], [ 25.5583, 50.3333 ], [ 25.525, 50.3333 ], [ 25.525, 50.3417 ], [ 25.4417, 50.3417 ], [ 25.4417, 50.35 ], [ 25.4167, 50.35 ], [ 25.4167, 50.3583 ], [ 25.4083, 50.3583 ], [ 25.4083, 50.3667 ], [ 25.3917, 50.3667 ], [ 25.3917, 50.375 ], [ 25.3417, 50.375 ], [ 25.3417, 50.3667 ], [ 25.325, 50.3667 ], [ 25.325, 50.3 ], [ 25.3167, 50.3 ], [ 25.3167, 50.2917 ], [ 25.3, 50.2917 ], [ 25.3, 50.2833 ], [ 25.2833, 50.2833 ], [ 25.2833, 50.275 ], [ 25.225, 50.275 ], [ 25.225, 50.2667 ], [ 25.1917, 50.2667 ], [ 25.1917, 50.2583 ], [ 25.175, 50.2583 ], [ 25.175, 50.25 ], [ 25.1417, 50.25 ], [ 25.1417, 50.2417 ], [ 25.1167, 50.2417 ], [ 25.1167, 50.2667 ], [ 25.125, 50.2667 ], [ 25.125, 50.2917 ], [ 25.1417, 50.2917 ], [ 25.15, 50.3083 ], [ 25.1667, 50.3167 ], [ 25.1667, 50.325 ], [ 25.1833, 50.325 ], [ 25.1833, 50.3333 ], [ 25.225, 50.3333 ], [ 25.225, 50.3417 ], [ 25.2417, 50.3417 ], [ 25.2417, 50.35 ], [ 25.25, 50.35 ], [ 25.25, 50.4083 ], [ 25.2583, 50.4083 ], [ 25.2667, 50.425 ], [ 25.2833, 50.425 ], [ 25.2833, 50.4333 ], [ 25.3, 50.4333 ], [ 25.3, 50.4417 ], [ 25.3417, 50.4417 ], [ 25.3417, 50.45 ], [ 25.3583, 50.45 ], [ 25.3667, 50.4667 ], [ 25.3833, 50.4667 ], [ 25.3833, 50.475 ], [ 25.4, 50.4833 ], [ 25.4, 50.4917 ], [ 25.4083, 50.4917 ], [ 25.4167, 50.5083 ], [ 25.425, 50.5083 ], [ 25.425, 50.5167 ], [ 25.4833, 50.5167 ] ] ], [ [ [ 31.15, 50.6417 ], [ 31.15, 50.6167 ], [ 31.1583, 50.6167 ], [ 31.1583, 50.6 ], [ 31.175, 50.5917 ], [ 31.175, 50.575 ], [ 31.1833, 50.575 ], [ 31.1833, 50.5583 ], [ 31.1917, 50.5583 ], [ 31.1917, 50.5167 ], [ 31.2, 50.5167 ], [ 31.2, 50.5 ], [ 31.1917, 50.5 ], [ 31.1917, 50.4917 ], [ 31.2, 50.4917 ], [ 31.2, 50.4417 ], [ 31.2083, 50.4417 ], [ 31.2083, 50.425 ], [ 31.1833, 50.425 ], [ 31.1833, 50.4167 ], [ 31.175, 50.4167 ], [ 31.175, 50.425 ], [ 31.1583, 50.425 ], [ 31.1583, 50.4417 ], [ 31.1417, 50.45 ], [ 31.1417, 50.4583 ], [ 31.125, 50.4583 ], [ 31.125, 50.4 ], [ 31.1083, 50.4 ], [ 31.1083, 50.4083 ], [ 31.1, 50.4083 ], [ 31.1, 50.4167 ], [ 31.0917, 50.4167 ], [ 31.0917, 50.425 ], [ 31.075, 50.4333 ], [ 31.075, 50.4417 ], [ 31.0667, 50.4417 ], [ 31.0667, 50.45 ], [ 31.05, 50.4583 ], [ 31.05, 50.4667 ], [ 31.0333, 50.475 ], [ 31.0333, 50.4833 ], [ 31.0083, 50.4833 ], [ 31.0083, 50.4917 ], [ 30.9667, 50.4917 ], [ 30.9667, 50.4833 ], [ 30.9583, 50.4833 ], [ 30.9583, 50.4583 ], [ 30.9667, 50.4583 ], [ 30.9667, 50.45 ], [ 30.9833, 50.4417 ], [ 30.9833, 50.4333 ], [ 30.9917, 50.4333 ], [ 31.0, 50.4167 ], [ 31.0083, 50.4167 ], [ 31.0083, 50.4083 ], [ 31.0167, 50.4083 ], [ 31.0167, 50.3917 ], [ 31.025, 50.3917 ], [ 31.025, 50.3667 ], [ 31.0333, 50.3667 ], [ 31.0333, 50.3583 ], [ 31.05, 50.35 ], [ 31.05, 50.3417 ], [ 31.0667, 50.3417 ], [ 31.0667, 50.3333 ], [ 31.0917, 50.3333 ], [ 31.0917, 50.325 ], [ 31.1167, 50.325 ], [ 31.125, 50.3083 ], [ 31.1333, 50.3083 ], [ 31.1333, 50.275 ], [ 31.1083, 50.275 ], [ 31.1083, 50.2667 ], [ 31.1, 50.2667 ], [ 31.0917, 50.25 ], [ 31.0833, 50.25 ], [ 31.0833, 50.2167 ], [ 31.1, 50.2083 ], [ 31.1, 50.2 ], [ 31.0583, 50.2 ], [ 31.0583, 50.1917 ], [ 31.05, 50.1917 ], [ 31.05, 50.2 ], [ 30.9917, 50.2 ], [ 30.9917, 50.2083 ], [ 30.9583, 50.2083 ], [ 30.95, 50.225 ], [ 30.9333, 50.225 ], [ 30.9333, 50.2333 ], [ 30.9167, 50.2333 ], [ 30.9083, 50.25 ], [ 30.8917, 50.25 ], [ 30.8917, 50.2667 ], [ 30.8833, 50.2667 ], [ 30.8833, 50.2833 ], [ 30.8667, 50.2917 ], [ 30.8667, 50.3417 ], [ 30.875, 50.3417 ], [ 30.875, 50.375 ], [ 30.8583, 50.3833 ], [ 30.85, 50.4 ], [ 30.8333, 50.4 ], [ 30.8333, 50.4083 ], [ 30.8167, 50.4083 ], [ 30.8083, 50.425 ], [ 30.7917, 50.425 ], [ 30.7917, 50.4333 ], [ 30.7833, 50.4333 ], [ 30.7833, 50.4667 ], [ 30.8, 50.4667 ], [ 30.8083, 50.4833 ], [ 30.825, 50.4833 ], [ 30.825, 50.4917 ], [ 30.8417, 50.4917 ], [ 30.8417, 50.5 ], [ 30.875, 50.5 ], [ 30.875, 50.525 ], [ 30.8833, 50.525 ], [ 30.8833, 50.5417 ], [ 30.9, 50.55 ], [ 30.9, 50.5583 ], [ 30.9167, 50.5583 ], [ 30.9167, 50.575 ], [ 30.925, 50.575 ], [ 30.9333, 50.5917 ], [ 30.9417, 50.5917 ], [ 30.9417, 50.6083 ], [ 30.975, 50.6083 ], [ 30.975, 50.6 ], [ 30.9917, 50.6 ], [ 31.0, 50.5833 ], [ 31.0167, 50.5833 ], [ 31.0167, 50.575 ], [ 31.0583, 50.575 ], [ 31.0583, 50.5833 ], [ 31.075, 50.5917 ], [ 31.075, 50.6 ], [ 31.0833, 50.6 ], [ 31.0917, 50.6167 ], [ 31.1, 50.6167 ], [ 31.1, 50.625 ], [ 31.1167, 50.625 ], [ 31.125, 50.6417 ], [ 31.15, 50.6417 ] ], [ [ 30.8917, 50.35 ], [ 30.8833, 50.35 ], [ 30.8833, 50.3333 ], [ 30.9, 50.3333 ], [ 30.9, 50.3583 ], [ 30.8917, 50.3583 ], [ 30.8917, 50.35 ] ], [ [ 30.9417, 50.35 ], [ 30.9417, 50.3583 ], [ 30.9333, 50.3583 ], [ 30.9333, 50.35 ], [ 30.9417, 50.35 ] ], [ [ 30.925, 50.35 ], [ 30.925, 50.3417 ], [ 30.9333, 50.3417 ], [ 30.9333, 50.35 ], [ 30.925, 50.35 ] ] ], [ [ [ 24.7917, 50.6917 ], [ 24.7917, 50.6833 ], [ 24.8, 50.6833 ], [ 24.8, 50.6583 ], [ 24.7917, 50.6583 ], [ 24.7917, 50.6417 ], [ 24.775, 50.6333 ], [ 24.775, 50.6167 ], [ 24.7833, 50.6167 ], [ 24.7833, 50.6083 ], [ 24.8083, 50.6083 ], [ 24.8083, 50.6 ], [ 24.8583, 50.6 ], [ 24.8583, 50.5917 ], [ 24.875, 50.5917 ], [ 24.875, 50.5833 ], [ 24.8917, 50.5833 ], [ 24.8917, 50.575 ], [ 24.9333, 50.575 ], [ 24.9333, 50.5667 ], [ 24.9667, 50.5667 ], [ 24.9667, 50.5583 ], [ 24.9917, 50.5583 ], [ 25.0, 50.5417 ], [ 25.0167, 50.5417 ], [ 25.0167, 50.5333 ], [ 25.0333, 50.525 ], [ 25.0333, 50.5167 ], [ 25.05, 50.5083 ], [ 25.05, 50.5 ], [ 25.0667, 50.5 ], [ 25.0667, 50.4917 ], [ 25.0833, 50.4917 ], [ 25.0833, 50.4833 ], [ 25.125, 50.4833 ], [ 25.125, 50.475 ], [ 25.1333, 50.475 ], [ 25.1333, 50.4583 ], [ 25.1167, 50.4583 ], [ 25.1083, 50.4417 ], [ 25.0917, 50.4417 ], [ 25.0917, 50.4333 ], [ 25.0833, 50.4333 ], [ 25.0833, 50.425 ], [ 25.0667, 50.425 ], [ 25.0667, 50.4167 ], [ 25.0, 50.4167 ], [ 25.0, 50.425 ], [ 24.9917, 50.425 ], [ 24.9917, 50.475 ], [ 24.9833, 50.475 ], [ 24.9833, 50.4833 ], [ 24.8667, 50.4833 ], [ 24.8667, 50.4917 ], [ 24.85, 50.4917 ], [ 24.85, 50.5 ], [ 24.8417, 50.5 ], [ 24.8417, 50.4917 ], [ 24.8083, 50.4917 ], [ 24.8083, 50.475 ], [ 24.8, 50.475 ], [ 24.8, 50.4583 ], [ 24.8083, 50.4583 ], [ 24.8083, 50.45 ], [ 24.8167, 50.45 ], [ 24.8167, 50.4333 ], [ 24.825, 50.4333 ], [ 24.825, 50.4167 ], [ 24.8167, 50.4167 ], [ 24.8167, 50.4083 ], [ 24.775, 50.4083 ], [ 24.775, 50.4167 ], [ 24.7583, 50.4167 ], [ 24.7583, 50.425 ], [ 24.7167, 50.425 ], [ 24.7167, 50.4333 ], [ 24.6833, 50.4333 ], [ 24.6833, 50.425 ], [ 24.6667, 50.425 ], [ 24.6667, 50.4167 ], [ 24.6417, 50.4167 ], [ 24.6417, 50.4083 ], [ 24.6167, 50.4083 ], [ 24.6167, 50.4 ], [ 24.6, 50.3917 ], [ 24.6, 50.3833 ], [ 24.6083, 50.3833 ], [ 24.6083, 50.3667 ], [ 24.625, 50.3667 ], [ 24.625, 50.3583 ], [ 24.6417, 50.3583 ], [ 24.6417, 50.35 ], [ 24.6583, 50.35 ], [ 24.6583, 50.3417 ], [ 24.675, 50.3333 ], [ 24.675, 50.325 ], [ 24.6833, 50.325 ], [ 24.6833, 50.3083 ], [ 24.6917, 50.3083 ], [ 24.6917, 50.2917 ], [ 24.6667, 50.2917 ], [ 24.6667, 50.2833 ], [ 24.6417, 50.2833 ], [ 24.6333, 50.2667 ], [ 24.625, 50.2667 ], [ 24.625, 50.2583 ], [ 24.6333, 50.2583 ], [ 24.6333, 50.2417 ], [ 24.6417, 50.2417 ], [ 24.6417, 50.2333 ], [ 24.6583, 50.225 ], [ 24.6583, 50.2167 ], [ 24.6667, 50.2167 ], [ 24.6667, 50.1917 ], [ 24.65, 50.1917 ], [ 24.65, 50.1833 ], [ 24.625, 50.1833 ], [ 24.625, 50.175 ], [ 24.6, 50.175 ], [ 24.6, 50.1667 ], [ 24.5417, 50.1667 ], [ 24.525, 50.2 ], [ 24.5333, 50.2 ], [ 24.5333, 50.2333 ], [ 24.5417, 50.2333 ], [ 24.5417, 50.25 ], [ 24.55, 50.25 ], [ 24.55, 50.2417 ], [ 24.5667, 50.2417 ], [ 24.5667, 50.2333 ], [ 24.5917, 50.2333 ], [ 24.5917, 50.2417 ], [ 24.6, 50.2417 ], [ 24.6, 50.25 ], [ 24.5917, 50.25 ], [ 24.5917, 50.2667 ], [ 24.5833, 50.2667 ], [ 24.5833, 50.2833 ], [ 24.575, 50.2833 ], [ 24.575, 50.3 ], [ 24.5667, 50.3 ], [ 24.5667, 50.325 ], [ 24.55, 50.3333 ], [ 24.55, 50.3417 ], [ 24.525, 50.3417 ], [ 24.525, 50.35 ], [ 24.4917, 50.35 ], [ 24.4917, 50.3583 ], [ 24.4333, 50.3583 ], [ 24.4333, 50.3667 ], [ 24.425, 50.3667 ], [ 24.425, 50.4167 ], [ 24.4333, 50.4167 ], [ 24.4333, 50.4417 ], [ 24.4417, 50.4417 ], [ 24.4417, 50.4583 ], [ 24.425, 50.4583 ], [ 24.425, 50.4667 ], [ 24.4083, 50.4667 ], [ 24.4083, 50.475 ], [ 24.375, 50.475 ], [ 24.375, 50.4833 ], [ 24.35, 50.4833 ], [ 24.35, 50.5083 ], [ 24.3583, 50.5083 ], [ 24.3667, 50.525 ], [ 24.375, 50.525 ], [ 24.375, 50.5417 ], [ 24.3833, 50.5417 ], [ 24.3833, 50.55 ], [ 24.3917, 50.55 ], [ 24.3917, 50.5417 ], [ 24.4083, 50.5417 ], [ 24.4083, 50.5333 ], [ 24.4417, 50.5333 ], [ 24.4417, 50.525 ], [ 24.4667, 50.525 ], [ 24.4667, 50.5333 ], [ 24.5083, 50.5333 ], [ 24.5083, 50.5417 ], [ 24.5417, 50.5417 ], [ 24.5417, 50.5333 ], [ 24.5833, 50.5333 ], [ 24.5833, 50.525 ], [ 24.6, 50.525 ], [ 24.6, 50.5167 ], [ 24.65, 50.5167 ], [ 24.65, 50.5083 ], [ 24.6667, 50.5083 ], [ 24.6667, 50.5167 ], [ 24.7, 50.5167 ], [ 24.7083, 50.5333 ], [ 24.7, 50.5333 ], [ 24.7, 50.5417 ], [ 24.675, 50.5417 ], [ 24.675, 50.55 ], [ 24.6417, 50.55 ], [ 24.6417, 50.5583 ], [ 24.6, 50.5583 ], [ 24.6, 50.5667 ], [ 24.5833, 50.5667 ], [ 24.5833, 50.575 ], [ 24.5667, 50.5833 ], [ 24.5667, 50.5917 ], [ 24.55, 50.5917 ], [ 24.55, 50.6 ], [ 24.525, 50.6 ], [ 24.525, 50.6083 ], [ 24.5083, 50.6083 ], [ 24.5083, 50.625 ], [ 24.4917, 50.6333 ], [ 24.4917, 50.6417 ], [ 24.4833, 50.6417 ], [ 24.4833, 50.65 ], [ 24.475, 50.65 ], [ 24.475, 50.6667 ], [ 24.5167, 50.6667 ], [ 24.5167, 50.6583 ], [ 24.5417, 50.6583 ], [ 24.5417, 50.65 ], [ 24.5583, 50.65 ], [ 24.5667, 50.6333 ], [ 24.5833, 50.6333 ], [ 24.5917, 50.6167 ], [ 24.625, 50.6167 ], [ 24.6333, 50.6333 ], [ 24.6417, 50.6333 ], [ 24.6417, 50.6417 ], [ 24.6583, 50.65 ], [ 24.6583, 50.6583 ], [ 24.6667, 50.6583 ], [ 24.6667, 50.6667 ], [ 24.675, 50.6667 ], [ 24.675, 50.675 ], [ 24.6917, 50.675 ], [ 24.6917, 50.6833 ], [ 24.7667, 50.6833 ], [ 24.7667, 50.6917 ], [ 24.7917, 50.6917 ] ] ], [ [ [ 32.8417, 50.2417 ], [ 32.8417, 50.2333 ], [ 32.8667, 50.2333 ], [ 32.8667, 50.225 ], [ 32.9, 50.225 ], [ 32.9, 50.2167 ], [ 32.975, 50.2167 ], [ 32.975, 50.225 ], [ 33.0333, 50.225 ], [ 33.0333, 50.2167 ], [ 33.05, 50.2083 ], [ 33.05, 50.2 ], [ 33.075, 50.2 ], [ 33.075, 50.1917 ], [ 33.1917, 50.1917 ], [ 33.1917, 50.1583 ], [ 33.1833, 50.1583 ], [ 33.1833, 50.1417 ], [ 33.175, 50.1417 ], [ 33.175, 50.1167 ], [ 33.125, 50.1167 ], [ 33.125, 50.125 ], [ 33.1083, 50.125 ], [ 33.1083, 50.1333 ], [ 33.0917, 50.1417 ], [ 33.0917, 50.15 ], [ 33.075, 50.15 ], [ 33.075, 50.1583 ], [ 33.0583, 50.1583 ], [ 33.0583, 50.1667 ], [ 33.05, 50.1667 ], [ 33.05, 50.1583 ], [ 33.0333, 50.15 ], [ 33.0333, 50.1417 ], [ 33.025, 50.1417 ], [ 33.025, 50.1333 ], [ 32.9667, 50.1333 ], [ 32.9667, 50.1417 ], [ 32.95, 50.1417 ], [ 32.95, 50.15 ], [ 32.9333, 50.15 ], [ 32.9333, 50.1583 ], [ 32.9, 50.1583 ], [ 32.9, 50.1667 ], [ 32.875, 50.1667 ], [ 32.875, 50.175 ], [ 32.8583, 50.175 ], [ 32.8583, 50.1833 ], [ 32.8417, 50.1833 ], [ 32.8417, 50.1917 ], [ 32.8083, 50.1917 ], [ 32.8083, 50.2 ], [ 32.7917, 50.2 ], [ 32.7917, 50.225 ], [ 32.8083, 50.2333 ], [ 32.8083, 50.2417 ], [ 32.8417, 50.2417 ] ] ], [ [ [ 30.425, 50.2917 ], [ 30.425, 50.2833 ], [ 30.45, 50.2833 ], [ 30.45, 50.275 ], [ 30.475, 50.275 ], [ 30.475, 50.2667 ], [ 30.4917, 50.2667 ], [ 30.4917, 50.2583 ], [ 30.5083, 50.2583 ], [ 30.5167, 50.2417 ], [ 30.525, 50.2417 ], [ 30.5333, 50.225 ], [ 30.5417, 50.225 ], [ 30.55, 50.2083 ], [ 30.5583, 50.2083 ], [ 30.5583, 50.2 ], [ 30.575, 50.2 ], [ 30.575, 50.1917 ], [ 30.5917, 50.1917 ], [ 30.5917, 50.1833 ], [ 30.6167, 50.1833 ], [ 30.6167, 50.175 ], [ 30.625, 50.175 ], [ 30.625, 50.1583 ], [ 30.6083, 50.1583 ], [ 30.6083, 50.15 ], [ 30.5917, 50.15 ], [ 30.5833, 50.1333 ], [ 30.575, 50.1333 ], [ 30.575, 50.125 ], [ 30.5583, 50.125 ], [ 30.5583, 50.1167 ], [ 30.4583, 50.1167 ], [ 30.4583, 50.125 ], [ 30.4, 50.125 ], [ 30.4, 50.1333 ], [ 30.375, 50.1333 ], [ 30.375, 50.1417 ], [ 30.3583, 50.1417 ], [ 30.3583, 50.15 ], [ 30.3333, 50.15 ], [ 30.3333, 50.1917 ], [ 30.3417, 50.1917 ], [ 30.3417, 50.2083 ], [ 30.35, 50.2083 ], [ 30.35, 50.225 ], [ 30.3583, 50.225 ], [ 30.3583, 50.2333 ], [ 30.35, 50.2333 ], [ 30.35, 50.2583 ], [ 30.3583, 50.2583 ], [ 30.3583, 50.2833 ], [ 30.375, 50.2833 ], [ 30.375, 50.2917 ], [ 30.425, 50.2917 ] ] ], [ [ [ 33.7833, 50.7917 ], [ 33.7833, 50.775 ], [ 33.7583, 50.775 ], [ 33.7583, 50.7667 ], [ 33.7333, 50.7667 ], [ 33.7333, 50.7583 ], [ 33.7083, 50.7583 ], [ 33.7083, 50.75 ], [ 33.6917, 50.75 ], [ 33.6917, 50.7417 ], [ 33.6667, 50.7417 ], [ 33.6667, 50.7333 ], [ 33.65, 50.7333 ], [ 33.65, 50.725 ], [ 33.6333, 50.725 ], [ 33.6333, 50.7167 ], [ 33.625, 50.7167 ], [ 33.625, 50.7 ], [ 33.6083, 50.6917 ], [ 33.6083, 50.6833 ], [ 33.5917, 50.675 ], [ 33.5917, 50.6667 ], [ 33.575, 50.6667 ], [ 33.5667, 50.65 ], [ 33.5417, 50.65 ], [ 33.5417, 50.6417 ], [ 33.5083, 50.6417 ], [ 33.5083, 50.6333 ], [ 33.4833, 50.6333 ], [ 33.4833, 50.625 ], [ 33.4667, 50.625 ], [ 33.4667, 50.6167 ], [ 33.4583, 50.6167 ], [ 33.4583, 50.6 ], [ 33.45, 50.6 ], [ 33.45, 50.5833 ], [ 33.4333, 50.575 ], [ 33.4333, 50.5667 ], [ 33.425, 50.5667 ], [ 33.4167, 50.55 ], [ 33.4083, 50.55 ], [ 33.4083, 50.5417 ], [ 33.3917, 50.5417 ], [ 33.3917, 50.5333 ], [ 33.3833, 50.5333 ], [ 33.375, 50.5167 ], [ 33.3667, 50.5167 ], [ 33.3667, 50.5 ], [ 33.3583, 50.5 ], [ 33.3583, 50.4083 ], [ 33.3667, 50.4083 ], [ 33.3667, 50.4 ], [ 33.4083, 50.4 ], [ 33.4083, 50.4083 ], [ 33.425, 50.4083 ], [ 33.425, 50.4167 ], [ 33.45, 50.4167 ], [ 33.45, 50.425 ], [ 33.4833, 50.425 ], [ 33.4833, 50.4 ], [ 33.475, 50.4 ], [ 33.475, 50.3917 ], [ 33.4833, 50.3917 ], [ 33.4833, 50.3833 ], [ 33.5167, 50.3833 ], [ 33.5167, 50.375 ], [ 33.5333, 50.375 ], [ 33.5333, 50.35 ], [ 33.525, 50.35 ], [ 33.525, 50.3333 ], [ 33.5167, 50.3333 ], [ 33.5167, 50.3167 ], [ 33.5083, 50.3167 ], [ 33.5083, 50.2833 ], [ 33.5333, 50.2833 ], [ 33.5333, 50.275 ], [ 33.5417, 50.275 ], [ 33.5417, 50.2833 ], [ 33.5833, 50.2833 ], [ 33.5833, 50.275 ], [ 33.6083, 50.275 ], [ 33.6167, 50.2583 ], [ 33.6, 50.2583 ], [ 33.6, 50.25 ], [ 33.5833, 50.25 ], [ 33.5833, 50.2417 ], [ 33.525, 50.2417 ], [ 33.525, 50.2333 ], [ 33.5, 50.2333 ], [ 33.5, 50.225 ], [ 33.4833, 50.225 ], [ 33.4833, 50.2167 ], [ 33.4667, 50.2167 ], [ 33.4667, 50.2083 ], [ 33.45, 50.2 ], [ 33.45, 50.1917 ], [ 33.4333, 50.1917 ], [ 33.4333, 50.1833 ], [ 33.425, 50.1833 ], [ 33.425, 50.1667 ], [ 33.4167, 50.1667 ], [ 33.4167, 50.1583 ], [ 33.4, 50.15 ], [ 33.4, 50.1417 ], [ 33.3833, 50.1333 ], [ 33.3833, 50.125 ], [ 33.3667, 50.1167 ], [ 33.3667, 50.1083 ], [ 33.35, 50.1083 ], [ 33.35, 50.1 ], [ 33.3333, 50.0917 ], [ 33.3333, 50.0833 ], [ 33.3083, 50.0833 ], [ 33.3083, 50.0917 ], [ 33.3, 50.0917 ], [ 33.3, 50.125 ], [ 33.3083, 50.125 ], [ 33.3083, 50.1417 ], [ 33.3167, 50.1417 ], [ 33.325, 50.1583 ], [ 33.3333, 50.1583 ], [ 33.3333, 50.1667 ], [ 33.35, 50.175 ], [ 33.35, 50.1833 ], [ 33.3667, 50.1917 ], [ 33.3667, 50.2 ], [ 33.3833, 50.2 ], [ 33.3833, 50.2083 ], [ 33.3917, 50.2083 ], [ 33.3917, 50.225 ], [ 33.4083, 50.2333 ], [ 33.4083, 50.2417 ], [ 33.4167, 50.2417 ], [ 33.4167, 50.2667 ], [ 33.4333, 50.275 ], [ 33.4333, 50.2917 ], [ 33.4417, 50.2917 ], [ 33.4417, 50.3167 ], [ 33.45, 50.3167 ], [ 33.45, 50.3667 ], [ 33.4083, 50.3667 ], [ 33.4083, 50.3583 ], [ 33.375, 50.3583 ], [ 33.375, 50.3667 ], [ 33.35, 50.3667 ], [ 33.35, 50.375 ], [ 33.3333, 50.375 ], [ 33.3333, 50.3833 ], [ 33.325, 50.3833 ], [ 33.325, 50.4083 ], [ 33.3167, 50.4083 ], [ 33.3083, 50.425 ], [ 33.3, 50.425 ], [ 33.3, 50.45 ], [ 33.2917, 50.45 ], [ 33.2917, 50.4917 ], [ 33.3, 50.4917 ], [ 33.3083, 50.5083 ], [ 33.3167, 50.5083 ], [ 33.3167, 50.5167 ], [ 33.3333, 50.525 ], [ 33.3333, 50.5333 ], [ 33.3417, 50.5333 ], [ 33.3417, 50.5417 ], [ 33.3583, 50.5417 ], [ 33.3583, 50.55 ], [ 33.3667, 50.55 ], [ 33.375, 50.5667 ], [ 33.3833, 50.5667 ], [ 33.3833, 50.575 ], [ 33.3917, 50.575 ], [ 33.4, 50.5917 ], [ 33.4167, 50.6 ], [ 33.4167, 50.6167 ], [ 33.4333, 50.625 ], [ 33.4333, 50.6333 ], [ 33.45, 50.6333 ], [ 33.45, 50.6417 ], [ 33.4667, 50.6417 ], [ 33.4667, 50.65 ], [ 33.4833, 50.65 ], [ 33.4833, 50.6583 ], [ 33.5083, 50.6583 ], [ 33.5083, 50.6667 ], [ 33.5167, 50.6667 ], [ 33.525, 50.6833 ], [ 33.5333, 50.6833 ], [ 33.5333, 50.6917 ], [ 33.55, 50.7 ], [ 33.55, 50.7083 ], [ 33.5667, 50.7083 ], [ 33.575, 50.725 ], [ 33.5917, 50.725 ], [ 33.5917, 50.7333 ], [ 33.6083, 50.7333 ], [ 33.6083, 50.7417 ], [ 33.625, 50.7417 ], [ 33.625, 50.75 ], [ 33.6417, 50.75 ], [ 33.6417, 50.7583 ], [ 33.6583, 50.7583 ], [ 33.6583, 50.7667 ], [ 33.6833, 50.7667 ], [ 33.6833, 50.775 ], [ 33.7167, 50.775 ], [ 33.7167, 50.7833 ], [ 33.7667, 50.7833 ], [ 33.7667, 50.7917 ], [ 33.7833, 50.7917 ] ] ], [ [ [ 27.2, 50.1667 ], [ 27.2, 50.1583 ], [ 27.2333, 50.1583 ], [ 27.2333, 50.15 ], [ 27.2667, 50.15 ], [ 27.2667, 50.125 ], [ 27.275, 50.125 ], [ 27.275, 50.1167 ], [ 27.3, 50.1167 ], [ 27.3, 50.1083 ], [ 27.325, 50.1083 ], [ 27.325, 50.1 ], [ 27.35, 50.1 ], [ 27.35, 50.0917 ], [ 27.3583, 50.0917 ], [ 27.3583, 50.075 ], [ 27.3417, 50.075 ], [ 27.3417, 50.0667 ], [ 27.3083, 50.0667 ], [ 27.3083, 50.0583 ], [ 27.1917, 50.0583 ], [ 27.1917, 50.0667 ], [ 27.175, 50.0667 ], [ 27.1667, 50.0833 ], [ 27.1583, 50.0833 ], [ 27.1583, 50.1417 ], [ 27.15, 50.1417 ], [ 27.15, 50.1667 ], [ 27.2, 50.1667 ] ] ], [ [ [ 26.375, 50.2583 ], [ 26.375, 50.2417 ], [ 26.3833, 50.2417 ], [ 26.3833, 50.2333 ], [ 26.375, 50.2333 ], [ 26.375, 50.2167 ], [ 26.3667, 50.2167 ], [ 26.3667, 50.2083 ], [ 26.35, 50.2 ], [ 26.35, 50.1917 ], [ 26.3333, 50.1917 ], [ 26.3333, 50.1833 ], [ 26.3167, 50.1833 ], [ 26.3167, 50.175 ], [ 26.2833, 50.175 ], [ 26.2833, 50.1667 ], [ 26.2333, 50.1667 ], [ 26.2333, 50.1583 ], [ 26.2083, 50.1583 ], [ 26.2083, 50.1667 ], [ 26.2, 50.1667 ], [ 26.2, 50.175 ], [ 26.1833, 50.175 ], [ 26.1833, 50.1833 ], [ 26.1417, 50.1833 ], [ 26.1417, 50.175 ], [ 26.125, 50.175 ], [ 26.125, 50.1667 ], [ 26.1083, 50.1667 ], [ 26.1083, 50.1583 ], [ 26.1, 50.1583 ], [ 26.0917, 50.1417 ], [ 26.0833, 50.1417 ], [ 26.0833, 50.125 ], [ 26.075, 50.125 ], [ 26.075, 50.1167 ], [ 25.9833, 50.1167 ], [ 25.9833, 50.1083 ], [ 25.95, 50.1083 ], [ 25.95, 50.1 ], [ 25.9, 50.1 ], [ 25.9, 50.0917 ], [ 25.8417, 50.0917 ], [ 25.8417, 50.0833 ], [ 25.8167, 50.0833 ], [ 25.8167, 50.075 ], [ 25.8, 50.075 ], [ 25.8, 50.0667 ], [ 25.7833, 50.0667 ], [ 25.7833, 50.0583 ], [ 25.7667, 50.0583 ], [ 25.7583, 50.0417 ], [ 25.7417, 50.0417 ], [ 25.7417, 50.0333 ], [ 25.7083, 50.0333 ], [ 25.7083, 50.05 ], [ 25.7, 50.05 ], [ 25.7, 50.0583 ], [ 25.7083, 50.0583 ], [ 25.7083, 50.075 ], [ 25.725, 50.075 ], [ 25.7333, 50.0917 ], [ 25.75, 50.0917 ], [ 25.7583, 50.1083 ], [ 25.7667, 50.1083 ], [ 25.7667, 50.1167 ], [ 25.7833, 50.1167 ], [ 25.7917, 50.1333 ], [ 25.825, 50.1333 ], [ 25.825, 50.1417 ], [ 25.8417, 50.15 ], [ 25.8417, 50.1583 ], [ 25.8583, 50.1583 ], [ 25.8583, 50.1667 ], [ 25.8667, 50.1667 ], [ 25.8667, 50.175 ], [ 25.8833, 50.175 ], [ 25.8833, 50.1833 ], [ 25.9917, 50.1833 ], [ 25.9917, 50.1917 ], [ 26.0083, 50.1917 ], [ 26.0083, 50.2 ], [ 26.025, 50.2 ], [ 26.025, 50.2083 ], [ 26.0417, 50.2083 ], [ 26.05, 50.225 ], [ 26.0667, 50.225 ], [ 26.0667, 50.2333 ], [ 26.0833, 50.2333 ], [ 26.0833, 50.2417 ], [ 26.1083, 50.2417 ], [ 26.1167, 50.225 ], [ 26.15, 50.225 ], [ 26.15, 50.2167 ], [ 26.2, 50.2167 ], [ 26.2, 50.2083 ], [ 26.2083, 50.2083 ], [ 26.2083, 50.2167 ], [ 26.2167, 50.2167 ], [ 26.225, 50.2333 ], [ 26.2333, 50.2333 ], [ 26.2333, 50.2417 ], [ 26.3083, 50.2417 ], [ 26.3083, 50.25 ], [ 26.3333, 50.25 ], [ 26.3333, 50.2583 ], [ 26.375, 50.2583 ] ] ], [ [ [ 34.7167, 50.5 ], [ 34.7167, 50.4917 ], [ 34.7333, 50.4917 ], [ 34.7417, 50.475 ], [ 34.7667, 50.475 ], [ 34.7667, 50.4667 ], [ 34.8667, 50.4667 ], [ 34.8667, 50.4583 ], [ 34.875, 50.4583 ], [ 34.875, 50.4667 ], [ 34.9583, 50.4667 ], [ 34.9583, 50.45 ], [ 34.9667, 50.45 ], [ 34.9667, 50.4417 ], [ 34.975, 50.4417 ], [ 34.975, 50.425 ], [ 34.9833, 50.425 ], [ 34.9833, 50.3833 ], [ 34.9667, 50.375 ], [ 34.9667, 50.3667 ], [ 34.95, 50.3667 ], [ 34.95, 50.3583 ], [ 34.9, 50.3583 ], [ 34.9, 50.3667 ], [ 34.85, 50.3667 ], [ 34.85, 50.375 ], [ 34.8167, 50.375 ], [ 34.8167, 50.3583 ], [ 34.8333, 50.35 ], [ 34.8333, 50.3417 ], [ 34.85, 50.3417 ], [ 34.85, 50.3333 ], [ 34.8667, 50.3333 ], [ 34.875, 50.3167 ], [ 34.8667, 50.3167 ], [ 34.8667, 50.3083 ], [ 34.8833, 50.3083 ], [ 34.8833, 50.3 ], [ 34.875, 50.3 ], [ 34.875, 50.2833 ], [ 34.8583, 50.275 ], [ 34.8583, 50.2667 ], [ 34.85, 50.2667 ], [ 34.8417, 50.25 ], [ 34.8333, 50.25 ], [ 34.8333, 50.2417 ], [ 34.8167, 50.2417 ], [ 34.8083, 50.225 ], [ 34.8, 50.225 ], [ 34.8, 50.2083 ], [ 34.7833, 50.2083 ], [ 34.7833, 50.2 ], [ 34.775, 50.2 ], [ 34.7667, 50.1833 ], [ 34.7583, 50.1833 ], [ 34.7583, 50.1667 ], [ 34.7417, 50.1583 ], [ 34.7417, 50.1417 ], [ 34.7333, 50.1417 ], [ 34.7333, 50.125 ], [ 34.7167, 50.1167 ], [ 34.7167, 50.0917 ], [ 34.7083, 50.0917 ], [ 34.7083, 50.025 ], [ 34.675, 50.025 ], [ 34.675, 50.0333 ], [ 34.6333, 50.0333 ], [ 34.6333, 50.0417 ], [ 34.6083, 50.0417 ], [ 34.6083, 50.05 ], [ 34.5917, 50.05 ], [ 34.5917, 50.0583 ], [ 34.575, 50.0583 ], [ 34.5667, 50.075 ], [ 34.5833, 50.0833 ], [ 34.5833, 50.0917 ], [ 34.5917, 50.0917 ], [ 34.5917, 50.1083 ], [ 34.6, 50.1083 ], [ 34.6, 50.1583 ], [ 34.6083, 50.1583 ], [ 34.6083, 50.175 ], [ 34.6167, 50.175 ], [ 34.6167, 50.1833 ], [ 34.6333, 50.1917 ], [ 34.6333, 50.2 ], [ 34.65, 50.2 ], [ 34.6583, 50.2167 ], [ 34.675, 50.2167 ], [ 34.675, 50.2333 ], [ 34.6833, 50.2333 ], [ 34.6917, 50.25 ], [ 34.7, 50.25 ], [ 34.7, 50.2667 ], [ 34.7083, 50.2667 ], [ 34.7083, 50.2917 ], [ 34.7167, 50.2917 ], [ 34.7167, 50.325 ], [ 34.725, 50.325 ], [ 34.725, 50.3667 ], [ 34.7333, 50.3667 ], [ 34.7333, 50.3917 ], [ 34.7417, 50.3917 ], [ 34.7417, 50.4 ], [ 34.7333, 50.4 ], [ 34.7333, 50.4167 ], [ 34.725, 50.4167 ], [ 34.725, 50.4333 ], [ 34.7167, 50.4333 ], [ 34.7083, 50.45 ], [ 34.7, 50.45 ], [ 34.7, 50.4667 ], [ 34.6833, 50.475 ], [ 34.6833, 50.4917 ], [ 34.6917, 50.4917 ], [ 34.6917, 50.5 ], [ 34.7167, 50.5 ] ] ], [ [ [ 33.725, 50.275 ], [ 33.725, 50.2667 ], [ 33.7333, 50.2667 ], [ 33.7333, 50.2417 ], [ 33.7417, 50.2417 ], [ 33.7417, 50.2333 ], [ 33.7333, 50.2333 ], [ 33.7333, 50.1917 ], [ 33.725, 50.1917 ], [ 33.725, 50.1667 ], [ 33.7167, 50.1667 ], [ 33.7167, 50.0583 ], [ 33.7083, 50.0583 ], [ 33.7, 50.0417 ], [ 33.6917, 50.0417 ], [ 33.6833, 50.025 ], [ 33.6667, 50.025 ], [ 33.6583, 50.0083 ], [ 33.6417, 50.0083 ], [ 33.6333, 49.9917 ], [ 33.6167, 49.9917 ], [ 33.6167, 49.9833 ], [ 33.6083, 49.9833 ], [ 33.6, 50.0 ], [ 33.5917, 50.0 ], [ 33.5917, 50.025 ], [ 33.6, 50.025 ], [ 33.6, 50.0333 ], [ 33.6167, 50.0333 ], [ 33.6167, 50.0417 ], [ 33.625, 50.0417 ], [ 33.625, 50.05 ], [ 33.6333, 50.05 ], [ 33.6333, 50.0583 ], [ 33.65, 50.0667 ], [ 33.65, 50.0833 ], [ 33.6583, 50.0833 ], [ 33.6583, 50.1083 ], [ 33.6667, 50.1083 ], [ 33.6667, 50.1417 ], [ 33.675, 50.1417 ], [ 33.675, 50.1583 ], [ 33.6667, 50.1583 ], [ 33.6667, 50.2333 ], [ 33.675, 50.2333 ], [ 33.675, 50.25 ], [ 33.6833, 50.25 ], [ 33.6833, 50.2583 ], [ 33.7, 50.2667 ], [ 33.7, 50.275 ], [ 33.725, 50.275 ] ] ], [ [ [ 35.45, 50.0583 ], [ 35.45, 50.0417 ], [ 35.4583, 50.0417 ], [ 35.4583, 50.0333 ], [ 35.4833, 50.0333 ], [ 35.4833, 50.025 ], [ 35.525, 50.025 ], [ 35.525, 50.0167 ], [ 35.5417, 50.0167 ], [ 35.5417, 50.0 ], [ 35.5333, 50.0 ], [ 35.5333, 49.9917 ], [ 35.5167, 49.9917 ], [ 35.5083, 49.975 ], [ 35.4667, 49.975 ], [ 35.4667, 49.9833 ], [ 35.375, 49.9833 ], [ 35.375, 49.9917 ], [ 35.3583, 49.9917 ], [ 35.3583, 50.0083 ], [ 35.3667, 50.0083 ], [ 35.3667, 50.0167 ], [ 35.3583, 50.0167 ], [ 35.3583, 50.025 ], [ 35.3417, 50.025 ], [ 35.3417, 50.0333 ], [ 35.35, 50.0333 ], [ 35.3583, 50.05 ], [ 35.3917, 50.05 ], [ 35.3917, 50.0583 ], [ 35.45, 50.0583 ] ] ], [ [ [ 26.525, 50.2333 ], [ 26.5333, 50.2167 ], [ 26.55, 50.2167 ], [ 26.5583, 50.2 ], [ 26.575, 50.2 ], [ 26.575, 50.1917 ], [ 26.5917, 50.1917 ], [ 26.5917, 50.1833 ], [ 26.6167, 50.1833 ], [ 26.6167, 50.175 ], [ 26.6417, 50.175 ], [ 26.6417, 50.1667 ], [ 26.6667, 50.1667 ], [ 26.6583, 50.15 ], [ 26.625, 50.15 ], [ 26.625, 50.1417 ], [ 26.6, 50.1417 ], [ 26.6, 50.125 ], [ 26.6083, 50.125 ], [ 26.6083, 50.1167 ], [ 26.6583, 50.1167 ], [ 26.6583, 50.1083 ], [ 26.725, 50.1083 ], [ 26.725, 50.1167 ], [ 26.7333, 50.1167 ], [ 26.7333, 50.1083 ], [ 26.7667, 50.1083 ], [ 26.7667, 50.1 ], [ 26.7833, 50.1 ], [ 26.7833, 50.0917 ], [ 26.7917, 50.0917 ], [ 26.7917, 50.075 ], [ 26.7417, 50.075 ], [ 26.7417, 50.0667 ], [ 26.725, 50.0667 ], [ 26.725, 50.0583 ], [ 26.7333, 50.0583 ], [ 26.7333, 50.0417 ], [ 26.7083, 50.0417 ], [ 26.7083, 50.05 ], [ 26.65, 50.05 ], [ 26.65, 50.0417 ], [ 26.6167, 50.0417 ], [ 26.6167, 50.0333 ], [ 26.5917, 50.0333 ], [ 26.5917, 50.025 ], [ 26.5667, 50.025 ], [ 26.5667, 50.0167 ], [ 26.55, 50.0083 ], [ 26.55, 50.0 ], [ 26.5333, 50.0 ], [ 26.5333, 49.9917 ], [ 26.5167, 49.9917 ], [ 26.5167, 49.9833 ], [ 26.4833, 49.9833 ], [ 26.4833, 49.975 ], [ 26.4417, 49.975 ], [ 26.4417, 49.9667 ], [ 26.3667, 49.9667 ], [ 26.3667, 49.9583 ], [ 26.3167, 49.9583 ], [ 26.3167, 49.975 ], [ 26.3, 49.975 ], [ 26.3, 50.0 ], [ 26.3083, 50.0 ], [ 26.3083, 50.025 ], [ 26.2333, 50.025 ], [ 26.2333, 50.0333 ], [ 26.2167, 50.0333 ], [ 26.2167, 50.0417 ], [ 26.225, 50.0417 ], [ 26.225, 50.0583 ], [ 26.2583, 50.075 ], [ 26.2583, 50.0917 ], [ 26.225, 50.0917 ], [ 26.225, 50.0833 ], [ 26.2083, 50.0833 ], [ 26.2083, 50.075 ], [ 26.1917, 50.075 ], [ 26.1833, 50.0583 ], [ 26.1583, 50.0583 ], [ 26.1583, 50.05 ], [ 26.1417, 50.05 ], [ 26.1333, 50.0667 ], [ 26.125, 50.0667 ], [ 26.125, 50.075 ], [ 26.1417, 50.075 ], [ 26.1417, 50.0833 ], [ 26.1583, 50.0833 ], [ 26.1583, 50.0917 ], [ 26.175, 50.0917 ], [ 26.175, 50.1 ], [ 26.2, 50.1 ], [ 26.2, 50.1083 ], [ 26.2167, 50.1083 ], [ 26.2167, 50.1167 ], [ 26.2333, 50.1167 ], [ 26.2333, 50.125 ], [ 26.2583, 50.125 ], [ 26.2583, 50.1333 ], [ 26.2833, 50.1333 ], [ 26.2833, 50.1417 ], [ 26.3167, 50.1417 ], [ 26.3167, 50.15 ], [ 26.3417, 50.15 ], [ 26.3417, 50.1583 ], [ 26.3583, 50.1583 ], [ 26.3667, 50.175 ], [ 26.3833, 50.175 ], [ 26.3833, 50.1833 ], [ 26.4, 50.1917 ], [ 26.4, 50.2 ], [ 26.4167, 50.2 ], [ 26.425, 50.2167 ], [ 26.4417, 50.2167 ], [ 26.4417, 50.225 ], [ 26.475, 50.225 ], [ 26.475, 50.2333 ], [ 26.525, 50.2333 ] ] ], [ [ [ 30.2417, 50.425 ], [ 30.2417, 50.4167 ], [ 30.2667, 50.4167 ], [ 30.2667, 50.4 ], [ 30.25, 50.3917 ], [ 30.25, 50.375 ], [ 30.2333, 50.3667 ], [ 30.2333, 50.3583 ], [ 30.225, 50.3583 ], [ 30.225, 50.35 ], [ 30.2083, 50.3417 ], [ 30.2083, 50.3333 ], [ 30.2, 50.3333 ], [ 30.1917, 50.3167 ], [ 30.1833, 50.3167 ], [ 30.1833, 50.3083 ], [ 30.175, 50.3083 ], [ 30.175, 50.3 ], [ 30.1583, 50.3 ], [ 30.1583, 50.2917 ], [ 30.1417, 50.2917 ], [ 30.1333, 50.275 ], [ 30.1167, 50.275 ], [ 30.1167, 50.2667 ], [ 30.0917, 50.2667 ], [ 30.0917, 50.2583 ], [ 30.075, 50.2583 ], [ 30.0667, 50.2417 ], [ 30.05, 50.2417 ], [ 30.05, 50.2333 ], [ 30.0417, 50.2333 ], [ 30.0333, 50.2167 ], [ 30.025, 50.2167 ], [ 30.025, 50.2 ], [ 30.0167, 50.2 ], [ 30.0167, 50.1917 ], [ 30.025, 50.1917 ], [ 30.025, 50.1833 ], [ 30.0167, 50.1833 ], [ 30.0167, 50.175 ], [ 30.0, 50.175 ], [ 30.0, 50.1667 ], [ 29.9667, 50.1667 ], [ 29.9667, 50.1583 ], [ 29.95, 50.15 ], [ 29.95, 50.125 ], [ 29.9417, 50.125 ], [ 29.9417, 50.1 ], [ 29.95, 50.1 ], [ 29.95, 50.0917 ], [ 29.9667, 50.0833 ], [ 29.9667, 50.075 ], [ 29.9917, 50.075 ], [ 29.9917, 50.0667 ], [ 30.0333, 50.0667 ], [ 30.0333, 50.0583 ], [ 30.05, 50.0583 ], [ 30.0583, 50.0417 ], [ 30.0667, 50.0417 ], [ 30.0667, 50.025 ], [ 30.0583, 50.025 ], [ 30.0583, 50.0083 ], [ 30.0417, 50.0083 ], [ 30.0417, 50.0 ], [ 30.0167, 50.0 ], [ 30.0167, 49.9917 ], [ 29.95, 49.9917 ], [ 29.95, 49.9833 ], [ 29.9, 49.9833 ], [ 29.9, 49.975 ], [ 29.8833, 49.975 ], [ 29.8833, 49.9667 ], [ 29.875, 49.9667 ], [ 29.875, 49.975 ], [ 29.8167, 49.975 ], [ 29.8167, 49.9667 ], [ 29.7833, 49.9667 ], [ 29.7833, 49.9583 ], [ 29.7417, 49.9583 ], [ 29.7417, 49.95 ], [ 29.6417, 49.95 ], [ 29.6417, 49.9583 ], [ 29.6333, 49.9583 ], [ 29.6333, 49.975 ], [ 29.6417, 49.975 ], [ 29.6417, 49.9917 ], [ 29.6583, 49.9917 ], [ 29.6583, 50.0 ], [ 29.6833, 50.0 ], [ 29.6833, 50.0083 ], [ 29.7, 50.0083 ], [ 29.7, 50.0167 ], [ 29.7167, 50.0167 ], [ 29.725, 50.0333 ], [ 29.75, 50.0333 ], [ 29.75, 50.0417 ], [ 29.7667, 50.05 ], [ 29.7667, 50.0583 ], [ 29.775, 50.0583 ], [ 29.7833, 50.075 ], [ 29.7917, 50.075 ], [ 29.7917, 50.0917 ], [ 29.775, 50.1 ], [ 29.775, 50.1083 ], [ 29.7583, 50.1083 ], [ 29.7583, 50.1167 ], [ 29.7083, 50.1167 ], [ 29.7083, 50.125 ], [ 29.675, 50.125 ], [ 29.6667, 50.1417 ], [ 29.6583, 50.1417 ], [ 29.6583, 50.1833 ], [ 29.6667, 50.1833 ], [ 29.6667, 50.2 ], [ 29.6833, 50.2083 ], [ 29.6833, 50.225 ], [ 29.6917, 50.225 ], [ 29.6917, 50.2333 ], [ 29.7, 50.2333 ], [ 29.7083, 50.25 ], [ 29.7167, 50.25 ], [ 29.7167, 50.2583 ], [ 29.725, 50.2583 ], [ 29.725, 50.2667 ], [ 29.7333, 50.2667 ], [ 29.7417, 50.2833 ], [ 29.75, 50.2833 ], [ 29.75, 50.2917 ], [ 29.7667, 50.2917 ], [ 29.7667, 50.3 ], [ 29.775, 50.3 ], [ 29.7833, 50.3167 ], [ 29.8, 50.3167 ], [ 29.8, 50.325 ], [ 29.8583, 50.325 ], [ 29.8583, 50.3167 ], [ 29.8833, 50.3167 ], [ 29.8833, 50.325 ], [ 29.9083, 50.325 ], [ 29.9083, 50.3333 ], [ 29.95, 50.3333 ], [ 29.95, 50.325 ], [ 29.9583, 50.325 ], [ 29.9583, 50.3083 ], [ 29.95, 50.3083 ], [ 29.95, 50.2917 ], [ 29.9417, 50.2917 ], [ 29.9417, 50.2583 ], [ 29.95, 50.2583 ], [ 29.95, 50.25 ], [ 29.975, 50.25 ], [ 29.975, 50.2583 ], [ 29.9917, 50.2583 ], [ 29.9917, 50.2667 ], [ 30.0083, 50.2667 ], [ 30.0167, 50.2833 ], [ 30.0333, 50.2833 ], [ 30.0417, 50.3 ], [ 30.0583, 50.3 ], [ 30.0583, 50.3083 ], [ 30.0667, 50.3083 ], [ 30.075, 50.325 ], [ 30.0833, 50.325 ], [ 30.0833, 50.3333 ], [ 30.075, 50.3333 ], [ 30.075, 50.3417 ], [ 30.0583, 50.3417 ], [ 30.0583, 50.35 ], [ 30.0333, 50.35 ], [ 30.0333, 50.3667 ], [ 30.025, 50.3667 ], [ 30.025, 50.375 ], [ 30.0333, 50.375 ], [ 30.0333, 50.3917 ], [ 30.05, 50.3917 ], [ 30.0583, 50.4083 ], [ 30.1, 50.4083 ], [ 30.1, 50.4167 ], [ 30.2, 50.4167 ], [ 30.2, 50.425 ], [ 30.2417, 50.425 ] ], [ [ 29.925, 50.075 ], [ 29.9333, 50.075 ], [ 29.9333, 50.0833 ], [ 29.925, 50.0833 ], [ 29.925, 50.075 ] ] ], [ [ [ 36.9333, 50.1333 ], [ 36.9333, 50.125 ], [ 36.95, 50.125 ], [ 36.95, 50.1167 ], [ 36.9667, 50.1167 ], [ 36.9667, 50.1083 ], [ 36.9833, 50.1083 ], [ 36.9833, 50.1 ], [ 37.0, 50.1 ], [ 37.0, 50.0833 ], [ 36.9833, 50.075 ], [ 36.9833, 50.0417 ], [ 36.9917, 50.0417 ], [ 36.9917, 50.0333 ], [ 37.0083, 50.0333 ], [ 37.0083, 50.025 ], [ 37.025, 50.0167 ], [ 37.025, 50.0083 ], [ 37.0417, 50.0083 ], [ 37.0417, 50.0 ], [ 37.05, 50.0 ], [ 37.0583, 49.9833 ], [ 37.075, 49.975 ], [ 37.075, 49.9333 ], [ 37.0583, 49.925 ], [ 37.05, 49.9083 ], [ 37.0333, 49.9083 ], [ 37.0333, 49.9333 ], [ 37.025, 49.9333 ], [ 37.025, 49.9667 ], [ 37.0167, 49.9667 ], [ 37.0167, 49.975 ], [ 37.0, 49.975 ], [ 36.9917, 49.9917 ], [ 36.975, 49.9917 ], [ 36.975, 50.0 ], [ 36.9583, 50.0 ], [ 36.95, 50.0167 ], [ 36.9333, 50.0167 ], [ 36.9333, 50.025 ], [ 36.9167, 50.025 ], [ 36.9167, 50.0333 ], [ 36.9083, 50.0333 ], [ 36.9083, 50.05 ], [ 36.9, 50.05 ], [ 36.9, 50.0833 ], [ 36.9083, 50.0833 ], [ 36.9083, 50.1333 ], [ 36.9333, 50.1333 ] ] ], [ [ [ 25.675, 49.9833 ], [ 25.675, 49.9667 ], [ 25.6667, 49.9667 ], [ 25.6667, 49.9417 ], [ 25.6833, 49.9417 ], [ 25.6833, 49.9333 ], [ 25.6917, 49.9333 ], [ 25.7, 49.9167 ], [ 25.7083, 49.9167 ], [ 25.7083, 49.9083 ], [ 25.7167, 49.9083 ], [ 25.7167, 49.8917 ], [ 25.725, 49.8917 ], [ 25.725, 49.8833 ], [ 25.7167, 49.8833 ], [ 25.7167, 49.8667 ], [ 25.65, 49.8667 ], [ 25.65, 49.875 ], [ 25.6333, 49.875 ], [ 25.6333, 49.8833 ], [ 25.6167, 49.8833 ], [ 25.6167, 49.8917 ], [ 25.5917, 49.8917 ], [ 25.5917, 49.9 ], [ 25.5667, 49.9 ], [ 25.5667, 49.9083 ], [ 25.5583, 49.9083 ], [ 25.5583, 49.9 ], [ 25.4833, 49.9 ], [ 25.4833, 49.9083 ], [ 25.4583, 49.9083 ], [ 25.4583, 49.9167 ], [ 25.4417, 49.9167 ], [ 25.4417, 49.9417 ], [ 25.4583, 49.9417 ], [ 25.4583, 49.95 ], [ 25.4917, 49.95 ], [ 25.4917, 49.9583 ], [ 25.5167, 49.9583 ], [ 25.5167, 49.95 ], [ 25.55, 49.95 ], [ 25.55, 49.9583 ], [ 25.575, 49.9583 ], [ 25.575, 49.9667 ], [ 25.5917, 49.9667 ], [ 25.5917, 49.975 ], [ 25.6083, 49.975 ], [ 25.6083, 49.9833 ], [ 25.675, 49.9833 ] ] ], [ [ [ 24.0833, 49.8583 ], [ 24.0833, 49.85 ], [ 24.1, 49.85 ], [ 24.1, 49.8417 ], [ 24.1083, 49.8417 ], [ 24.1083, 49.8083 ], [ 24.075, 49.8083 ], [ 24.075, 49.8167 ], [ 24.0333, 49.8167 ], [ 24.0417, 49.8 ], [ 24.025, 49.8 ], [ 24.025, 49.8167 ], [ 24.0167, 49.8167 ], [ 24.0083, 49.8 ], [ 24.0, 49.8 ], [ 24.0, 49.8167 ], [ 24.0083, 49.8167 ], [ 24.0083, 49.8333 ], [ 24.0333, 49.8333 ], [ 24.0333, 49.825 ], [ 24.0417, 49.825 ], [ 24.0417, 49.8417 ], [ 24.0333, 49.8417 ], [ 24.0333, 49.85 ], [ 24.0583, 49.85 ], [ 24.0583, 49.8583 ], [ 24.0833, 49.8583 ] ] ], [ [ [ 27.4667, 50.1 ], [ 27.4667, 50.0917 ], [ 27.4833, 50.0917 ], [ 27.4833, 50.0833 ], [ 27.5, 50.0833 ], [ 27.5, 50.075 ], [ 27.5167, 50.075 ], [ 27.5167, 50.0667 ], [ 27.5333, 50.0667 ], [ 27.5333, 50.0583 ], [ 27.575, 50.0583 ], [ 27.5833, 50.075 ], [ 27.6167, 50.075 ], [ 27.6167, 50.0667 ], [ 27.6417, 50.0667 ], [ 27.65, 50.05 ], [ 27.6417, 50.05 ], [ 27.6417, 50.0333 ], [ 27.625, 50.025 ], [ 27.625, 50.0083 ], [ 27.6167, 50.0083 ], [ 27.6167, 50.0 ], [ 27.625, 50.0 ], [ 27.625, 49.9833 ], [ 27.6417, 49.9833 ], [ 27.6417, 49.975 ], [ 27.6667, 49.975 ], [ 27.6667, 49.9667 ], [ 27.75, 49.9667 ], [ 27.75, 49.975 ], [ 27.7667, 49.975 ], [ 27.7667, 49.9833 ], [ 27.7833, 49.9833 ], [ 27.7833, 49.9917 ], [ 27.8, 49.9917 ], [ 27.8, 50.0 ], [ 27.8333, 50.0 ], [ 27.8333, 50.0083 ], [ 27.8833, 50.0083 ], [ 27.8833, 50.0 ], [ 27.9833, 50.0 ], [ 27.9833, 49.9917 ], [ 28.1, 49.9917 ], [ 28.1, 49.9833 ], [ 28.1333, 49.9833 ], [ 28.1333, 49.9917 ], [ 28.1667, 49.9917 ], [ 28.1667, 49.9833 ], [ 28.2417, 49.9833 ], [ 28.2417, 49.975 ], [ 28.225, 49.975 ], [ 28.2167, 49.9583 ], [ 28.2083, 49.9583 ], [ 28.2083, 49.9417 ], [ 28.2167, 49.9417 ], [ 28.2167, 49.9333 ], [ 28.225, 49.9333 ], [ 28.2333, 49.9167 ], [ 28.2417, 49.9167 ], [ 28.2417, 49.9083 ], [ 28.2583, 49.9 ], [ 28.2583, 49.8917 ], [ 28.275, 49.8833 ], [ 28.275, 49.875 ], [ 28.2917, 49.875 ], [ 28.2917, 49.8667 ], [ 28.3167, 49.8667 ], [ 28.3167, 49.875 ], [ 28.3333, 49.875 ], [ 28.3333, 49.8833 ], [ 28.3667, 49.8833 ], [ 28.3667, 49.8917 ], [ 28.4167, 49.8917 ], [ 28.4167, 49.9 ], [ 28.4333, 49.9 ], [ 28.4333, 49.9083 ], [ 28.4417, 49.9083 ], [ 28.4417, 49.925 ], [ 28.375, 49.925 ], [ 28.3667, 49.9417 ], [ 28.375, 49.9417 ], [ 28.375, 49.95 ], [ 28.4083, 49.95 ], [ 28.4083, 49.9417 ], [ 28.4667, 49.9417 ], [ 28.4667, 49.95 ], [ 28.525, 49.95 ], [ 28.525, 49.9583 ], [ 28.5417, 49.9667 ], [ 28.5417, 49.975 ], [ 28.55, 49.975 ], [ 28.5583, 49.9917 ], [ 28.5667, 49.9917 ], [ 28.5667, 50.0 ], [ 28.5833, 50.0 ], [ 28.5833, 50.0083 ], [ 28.6083, 50.0083 ], [ 28.6083, 50.0167 ], [ 28.6417, 50.0167 ], [ 28.65, 50.0 ], [ 28.6667, 50.0 ], [ 28.6667, 49.9917 ], [ 28.6833, 49.9833 ], [ 28.6833, 49.975 ], [ 28.7, 49.975 ], [ 28.7, 49.9667 ], [ 28.7167, 49.9667 ], [ 28.725, 49.95 ], [ 28.7333, 49.95 ], [ 28.7333, 49.9333 ], [ 28.6917, 49.9333 ], [ 28.6917, 49.9417 ], [ 28.6583, 49.9417 ], [ 28.6583, 49.9333 ], [ 28.6417, 49.9333 ], [ 28.6333, 49.9167 ], [ 28.6167, 49.9167 ], [ 28.6167, 49.9083 ], [ 28.6083, 49.9083 ], [ 28.6083, 49.9 ], [ 28.5917, 49.9 ], [ 28.5917, 49.8917 ], [ 28.575, 49.9 ], [ 28.575, 49.8917 ], [ 28.5583, 49.8917 ], [ 28.5583, 49.9 ], [ 28.5417, 49.9 ], [ 28.5417, 49.9083 ], [ 28.525, 49.9083 ], [ 28.525, 49.9167 ], [ 28.5167, 49.9167 ], [ 28.5167, 49.9083 ], [ 28.5, 49.9083 ], [ 28.5, 49.9 ], [ 28.4917, 49.9 ], [ 28.4917, 49.8833 ], [ 28.4833, 49.8833 ], [ 28.4833, 49.8667 ], [ 28.475, 49.8667 ], [ 28.475, 49.7833 ], [ 28.4667, 49.7833 ], [ 28.4667, 49.775 ], [ 28.4417, 49.775 ], [ 28.4417, 49.7667 ], [ 28.4167, 49.7667 ], [ 28.4083, 49.7833 ], [ 28.3917, 49.7833 ], [ 28.3917, 49.7917 ], [ 28.3667, 49.7917 ], [ 28.3667, 49.8 ], [ 28.3083, 49.8 ], [ 28.3083, 49.7917 ], [ 28.2583, 49.7917 ], [ 28.2583, 49.8 ], [ 28.2417, 49.8 ], [ 28.2417, 49.8083 ], [ 28.2333, 49.8083 ], [ 28.2333, 49.825 ], [ 28.225, 49.825 ], [ 28.225, 49.8333 ], [ 28.2083, 49.8333 ], [ 28.2083, 49.8417 ], [ 28.1, 49.8417 ], [ 28.1, 49.85 ], [ 28.0833, 49.85 ], [ 28.0833, 49.8583 ], [ 28.05, 49.8583 ], [ 28.05, 49.85 ], [ 28.0167, 49.85 ], [ 28.0167, 49.8417 ], [ 27.9, 49.8417 ], [ 27.9, 49.85 ], [ 27.85, 49.85 ], [ 27.85, 49.8417 ], [ 27.8, 49.8417 ], [ 27.8, 49.8333 ], [ 27.775, 49.8333 ], [ 27.775, 49.825 ], [ 27.75, 49.825 ], [ 27.75, 49.8167 ], [ 27.7167, 49.8167 ], [ 27.7167, 49.8083 ], [ 27.7, 49.8083 ], [ 27.6917, 49.825 ], [ 27.7083, 49.8333 ], [ 27.7083, 49.8417 ], [ 27.725, 49.8417 ], [ 27.725, 49.85 ], [ 27.7583, 49.85 ], [ 27.7583, 49.8583 ], [ 27.775, 49.8583 ], [ 27.775, 49.8667 ], [ 27.8, 49.8667 ], [ 27.8, 49.875 ], [ 27.8167, 49.875 ], [ 27.8333, 49.9083 ], [ 27.825, 49.9083 ], [ 27.825, 49.9167 ], [ 27.8083, 49.9167 ], [ 27.8083, 49.925 ], [ 27.6333, 49.925 ], [ 27.6333, 49.9333 ], [ 27.55, 49.9333 ], [ 27.55, 49.9417 ], [ 27.5333, 49.9417 ], [ 27.5333, 49.95 ], [ 27.5167, 49.95 ], [ 27.5167, 49.9583 ], [ 27.4667, 49.9583 ], [ 27.4667, 49.9667 ], [ 27.45, 49.9667 ], [ 27.45, 49.9583 ], [ 27.3917, 49.9583 ], [ 27.3917, 49.9667 ], [ 27.3667, 49.9667 ], [ 27.3583, 49.9833 ], [ 27.3667, 49.9833 ], [ 27.3667, 50.0 ], [ 27.3833, 50.0083 ], [ 27.3833, 50.0167 ], [ 27.4083, 50.0167 ], [ 27.4083, 50.0083 ], [ 27.4667, 50.0083 ], [ 27.4667, 50.0167 ], [ 27.475, 50.0167 ], [ 27.4667, 50.0333 ], [ 27.475, 50.0333 ], [ 27.475, 50.05 ], [ 27.4667, 50.05 ], [ 27.4667, 50.0667 ], [ 27.45, 50.075 ], [ 27.45, 50.0833 ], [ 27.4333, 50.0833 ], [ 27.4333, 50.1 ], [ 27.4667, 50.1 ] ] ], [ [ [ 33.525, 49.975 ], [ 33.525, 49.9667 ], [ 33.5417, 49.9583 ], [ 33.5417, 49.95 ], [ 33.5583, 49.95 ], [ 33.5583, 49.9333 ], [ 33.55, 49.9333 ], [ 33.55, 49.925 ], [ 33.5333, 49.925 ], [ 33.5333, 49.9167 ], [ 33.5167, 49.9083 ], [ 33.5167, 49.9 ], [ 33.5083, 49.9 ], [ 33.5083, 49.8917 ], [ 33.4917, 49.8917 ], [ 33.4833, 49.875 ], [ 33.4667, 49.875 ], [ 33.4667, 49.8667 ], [ 33.45, 49.8583 ], [ 33.45, 49.85 ], [ 33.4333, 49.85 ], [ 33.4333, 49.8417 ], [ 33.4167, 49.8417 ], [ 33.4083, 49.825 ], [ 33.4, 49.825 ], [ 33.4, 49.8167 ], [ 33.3833, 49.8167 ], [ 33.3833, 49.8083 ], [ 33.375, 49.8083 ], [ 33.3667, 49.7917 ], [ 33.3583, 49.7917 ], [ 33.3583, 49.7833 ], [ 33.3417, 49.7833 ], [ 33.3417, 49.7667 ], [ 33.325, 49.7583 ], [ 33.325, 49.75 ], [ 33.2667, 49.75 ], [ 33.2583, 49.7667 ], [ 33.2417, 49.7667 ], [ 33.2417, 49.775 ], [ 33.2333, 49.775 ], [ 33.2333, 49.7917 ], [ 33.2417, 49.7917 ], [ 33.2417, 49.8333 ], [ 33.2583, 49.8417 ], [ 33.2583, 49.85 ], [ 33.2917, 49.85 ], [ 33.2917, 49.8417 ], [ 33.3083, 49.8417 ], [ 33.3083, 49.8333 ], [ 33.3333, 49.8333 ], [ 33.3417, 49.85 ], [ 33.35, 49.85 ], [ 33.3583, 49.8667 ], [ 33.3667, 49.8667 ], [ 33.3667, 49.8833 ], [ 33.3833, 49.8917 ], [ 33.3833, 49.9 ], [ 33.3917, 49.9 ], [ 33.3917, 49.9083 ], [ 33.4083, 49.9167 ], [ 33.4083, 49.925 ], [ 33.4167, 49.925 ], [ 33.4167, 49.9333 ], [ 33.425, 49.9333 ], [ 33.425, 49.9417 ], [ 33.4333, 49.9417 ], [ 33.4333, 49.95 ], [ 33.4417, 49.95 ], [ 33.4417, 49.9583 ], [ 33.45, 49.9583 ], [ 33.45, 49.9667 ], [ 33.4667, 49.9667 ], [ 33.4667, 49.975 ], [ 33.525, 49.975 ] ] ], [ [ [ 25.9667, 49.8833 ], [ 25.9667, 49.8667 ], [ 25.95, 49.8667 ], [ 25.95, 49.8583 ], [ 25.9333, 49.8583 ], [ 25.9333, 49.85 ], [ 25.9167, 49.85 ], [ 25.9083, 49.8333 ], [ 25.9, 49.8333 ], [ 25.9, 49.8 ], [ 25.9083, 49.8 ], [ 25.9083, 49.7833 ], [ 25.9167, 49.7833 ], [ 25.9167, 49.775 ], [ 25.9333, 49.7667 ], [ 25.9333, 49.7583 ], [ 25.9417, 49.7583 ], [ 25.9333, 49.7417 ], [ 25.8667, 49.7417 ], [ 25.8667, 49.75 ], [ 25.8417, 49.75 ], [ 25.8417, 49.7583 ], [ 25.8333, 49.7583 ], [ 25.8333, 49.75 ], [ 25.8, 49.75 ], [ 25.8, 49.7417 ], [ 25.7667, 49.7417 ], [ 25.7667, 49.7333 ], [ 25.7583, 49.7333 ], [ 25.7583, 49.7417 ], [ 25.7417, 49.7417 ], [ 25.7417, 49.7667 ], [ 25.75, 49.7667 ], [ 25.7583, 49.7833 ], [ 25.7667, 49.7833 ], [ 25.7667, 49.8 ], [ 25.775, 49.8 ], [ 25.775, 49.8333 ], [ 25.7667, 49.8333 ], [ 25.7583, 49.85 ], [ 25.75, 49.85 ], [ 25.75, 49.8583 ], [ 25.7667, 49.8667 ], [ 25.7667, 49.875 ], [ 25.8917, 49.875 ], [ 25.8917, 49.8833 ], [ 25.9667, 49.8833 ] ] ], [ [ [ 23.9833, 49.825 ], [ 23.975, 49.8083 ], [ 23.9667, 49.8083 ], [ 23.9667, 49.8167 ], [ 23.9417, 49.8167 ], [ 23.9417, 49.8083 ], [ 23.925, 49.8083 ], [ 23.9167, 49.7917 ], [ 23.8917, 49.7917 ], [ 23.8917, 49.7833 ], [ 23.8667, 49.7833 ], [ 23.8667, 49.7917 ], [ 23.825, 49.7917 ], [ 23.825, 49.8 ], [ 23.775, 49.8 ], [ 23.775, 49.7833 ], [ 23.7667, 49.7833 ], [ 23.7667, 49.775 ], [ 23.775, 49.775 ], [ 23.775, 49.75 ], [ 23.7833, 49.75 ], [ 23.7833, 49.7333 ], [ 23.7917, 49.7333 ], [ 23.7917, 49.7167 ], [ 23.8083, 49.7083 ], [ 23.8083, 49.6667 ], [ 23.8, 49.6667 ], [ 23.8, 49.6583 ], [ 23.7583, 49.6583 ], [ 23.7583, 49.6667 ], [ 23.75, 49.6667 ], [ 23.75, 49.675 ], [ 23.7333, 49.6833 ], [ 23.7333, 49.6917 ], [ 23.725, 49.6917 ], [ 23.725, 49.7083 ], [ 23.7167, 49.7083 ], [ 23.7167, 49.7167 ], [ 23.7083, 49.7167 ], [ 23.7083, 49.725 ], [ 23.6917, 49.7333 ], [ 23.6917, 49.7417 ], [ 23.675, 49.7417 ], [ 23.675, 49.75 ], [ 23.6583, 49.75 ], [ 23.6583, 49.7583 ], [ 23.625, 49.7583 ], [ 23.625, 49.75 ], [ 23.6083, 49.7417 ], [ 23.6083, 49.7333 ], [ 23.6, 49.7333 ], [ 23.6, 49.7167 ], [ 23.5917, 49.7167 ], [ 23.5917, 49.7 ], [ 23.575, 49.6917 ], [ 23.575, 49.6833 ], [ 23.5583, 49.6833 ], [ 23.5583, 49.6917 ], [ 23.5417, 49.6917 ], [ 23.5333, 49.7083 ], [ 23.525, 49.7083 ], [ 23.525, 49.725 ], [ 23.5083, 49.725 ], [ 23.5, 49.7417 ], [ 23.475, 49.7417 ], [ 23.475, 49.75 ], [ 23.4333, 49.75 ], [ 23.4333, 49.7417 ], [ 23.425, 49.7417 ], [ 23.425, 49.725 ], [ 23.4333, 49.725 ], [ 23.4417, 49.7083 ], [ 23.45, 49.7083 ], [ 23.45, 49.6833 ], [ 23.3917, 49.6833 ], [ 23.3917, 49.6917 ], [ 23.2667, 49.6917 ], [ 23.2667, 49.6833 ], [ 23.2333, 49.6833 ], [ 23.2333, 49.675 ], [ 23.1667, 49.675 ], [ 23.1667, 49.6667 ], [ 23.1167, 49.6667 ], [ 23.1167, 49.6583 ], [ 23.025, 49.6583 ], [ 23.025, 49.675 ], [ 23.0083, 49.675 ], [ 23.0083, 49.6833 ], [ 22.9833, 49.6833 ], [ 22.9833, 49.6917 ], [ 22.9667, 49.6917 ], [ 22.9667, 49.7 ], [ 22.95, 49.7 ], [ 22.95, 49.7083 ], [ 22.925, 49.7083 ], [ 22.925, 49.7167 ], [ 22.9, 49.7167 ], [ 22.9, 49.7333 ], [ 22.9083, 49.7333 ], [ 22.9083, 49.7417 ], [ 22.9167, 49.7417 ], [ 22.925, 49.7583 ], [ 22.9333, 49.7583 ], [ 22.9333, 49.7667 ], [ 22.95, 49.775 ], [ 22.95, 49.7833 ], [ 22.9583, 49.7833 ], [ 22.9583, 49.7917 ], [ 22.975, 49.8 ], [ 22.975, 49.8083 ], [ 22.9917, 49.8083 ], [ 22.9917, 49.8167 ], [ 23.125, 49.8167 ], [ 23.125, 49.825 ], [ 23.1417, 49.825 ], [ 23.1417, 49.8333 ], [ 23.15, 49.8333 ], [ 23.1583, 49.85 ], [ 23.1667, 49.85 ], [ 23.1667, 49.8583 ], [ 23.175, 49.8583 ], [ 23.175, 49.8667 ], [ 23.1917, 49.875 ], [ 23.1917, 49.8833 ], [ 23.2083, 49.8917 ], [ 23.2083, 49.9 ], [ 23.225, 49.9 ], [ 23.225, 49.9083 ], [ 23.2583, 49.9083 ], [ 23.2583, 49.9 ], [ 23.2833, 49.9 ], [ 23.2833, 49.8917 ], [ 23.3083, 49.8917 ], [ 23.3083, 49.8833 ], [ 23.3333, 49.8833 ], [ 23.3333, 49.875 ], [ 23.35, 49.875 ], [ 23.35, 49.8667 ], [ 23.375, 49.8667 ], [ 23.3833, 49.85 ], [ 23.4167, 49.85 ], [ 23.4167, 49.8417 ], [ 23.45, 49.8417 ], [ 23.45, 49.8333 ], [ 23.475, 49.8333 ], [ 23.475, 49.825 ], [ 23.5, 49.825 ], [ 23.5, 49.8167 ], [ 23.5167, 49.8167 ], [ 23.5167, 49.8083 ], [ 23.5667, 49.8083 ], [ 23.5667, 49.825 ], [ 23.55, 49.8333 ], [ 23.55, 49.8417 ], [ 23.5417, 49.8417 ], [ 23.5333, 49.8583 ], [ 23.5167, 49.8583 ], [ 23.5083, 49.875 ], [ 23.5, 49.875 ], [ 23.5, 49.8917 ], [ 23.4917, 49.8917 ], [ 23.4917, 49.925 ], [ 23.5, 49.925 ], [ 23.5, 49.9333 ], [ 23.55, 49.9333 ], [ 23.55, 49.925 ], [ 23.575, 49.925 ], [ 23.575, 49.9167 ], [ 23.6583, 49.9167 ], [ 23.6583, 49.925 ], [ 23.6667, 49.925 ], [ 23.675, 49.9083 ], [ 23.6833, 49.9083 ], [ 23.6833, 49.8917 ], [ 23.6917, 49.8917 ], [ 23.6917, 49.8833 ], [ 23.7167, 49.8833 ], [ 23.7167, 49.875 ], [ 23.7417, 49.875 ], [ 23.7417, 49.8833 ], [ 23.7583, 49.8833 ], [ 23.7583, 49.8917 ], [ 23.775, 49.8917 ], [ 23.7833, 49.9083 ], [ 23.7917, 49.9083 ], [ 23.7917, 49.9167 ], [ 23.8083, 49.9167 ], [ 23.8083, 49.925 ], [ 23.825, 49.925 ], [ 23.825, 49.9333 ], [ 23.8417, 49.9333 ], [ 23.8417, 49.925 ], [ 23.8667, 49.925 ], [ 23.8667, 49.9167 ], [ 23.8917, 49.9167 ], [ 23.9, 49.9333 ], [ 23.9083, 49.9333 ], [ 23.9083, 49.9583 ], [ 23.9, 49.9583 ], [ 23.9, 49.9667 ], [ 23.8833, 49.975 ], [ 23.8833, 49.9833 ], [ 23.8667, 49.9833 ], [ 23.8667, 49.9917 ], [ 23.85, 49.9917 ], [ 23.85, 50.0 ], [ 23.825, 50.0 ], [ 23.825, 50.0083 ], [ 23.8083, 50.0083 ], [ 23.8083, 50.0167 ], [ 23.8, 50.0167 ], [ 23.8083, 50.0333 ], [ 23.8167, 50.0333 ], [ 23.8167, 50.05 ], [ 23.8333, 50.05 ], [ 23.8333, 50.0417 ], [ 23.85, 50.0417 ], [ 23.85, 50.0333 ], [ 23.8667, 50.0333 ], [ 23.875, 50.0167 ], [ 23.9083, 50.0167 ], [ 23.9083, 50.0083 ], [ 23.925, 50.0083 ], [ 23.925, 50.0167 ], [ 23.9833, 50.0167 ], [ 23.9833, 50.0083 ], [ 24.0, 50.0083 ], [ 24.0, 50.0 ], [ 24.0167, 50.0 ], [ 24.025, 49.9833 ], [ 24.0417, 49.9833 ], [ 24.05, 49.9667 ], [ 24.0583, 49.9667 ], [ 24.0583, 49.9583 ], [ 24.1, 49.9583 ], [ 24.1, 49.9667 ], [ 24.1083, 49.9667 ], [ 24.1083, 49.9833 ], [ 24.1333, 49.9833 ], [ 24.1333, 49.975 ], [ 24.1833, 49.975 ], [ 24.1833, 49.9833 ], [ 24.2083, 49.9833 ], [ 24.2083, 49.9917 ], [ 24.2417, 49.9917 ], [ 24.2417, 50.0 ], [ 24.2667, 50.0 ], [ 24.2667, 49.9917 ], [ 24.2917, 49.9917 ], [ 24.2917, 49.9833 ], [ 24.3083, 49.9833 ], [ 24.3083, 49.975 ], [ 24.325, 49.975 ], [ 24.325, 49.9667 ], [ 24.3583, 49.9667 ], [ 24.3583, 49.975 ], [ 24.3667, 49.975 ], [ 24.3667, 49.9833 ], [ 24.3833, 49.9833 ], [ 24.3833, 49.9917 ], [ 24.4167, 49.9917 ], [ 24.4167, 49.9833 ], [ 24.4417, 49.9833 ], [ 24.4417, 49.975 ], [ 24.4667, 49.975 ], [ 24.4667, 49.9667 ], [ 24.5083, 49.9667 ], [ 24.5083, 49.9583 ], [ 24.5833, 49.9583 ], [ 24.5833, 49.9667 ], [ 24.6167, 49.9667 ], [ 24.6167, 49.975 ], [ 24.6333, 49.975 ], [ 24.6333, 49.9583 ], [ 24.65, 49.95 ], [ 24.65, 49.9333 ], [ 24.6333, 49.925 ], [ 24.6333, 49.9167 ], [ 24.5333, 49.9167 ], [ 24.5333, 49.9083 ], [ 24.5, 49.9083 ], [ 24.5, 49.9 ], [ 24.4833, 49.9 ], [ 24.4833, 49.8917 ], [ 24.4667, 49.8917 ], [ 24.4667, 49.8833 ], [ 24.45, 49.8833 ], [ 24.45, 49.875 ], [ 24.4333, 49.8667 ], [ 24.4333, 49.8583 ], [ 24.4167, 49.8583 ], [ 24.4167, 49.85 ], [ 24.4, 49.8417 ], [ 24.4, 49.8333 ], [ 24.3833, 49.8333 ], [ 24.3833, 49.825 ], [ 24.3583, 49.825 ], [ 24.3583, 49.8167 ], [ 24.3333, 49.8167 ], [ 24.3333, 49.8083 ], [ 24.2833, 49.8083 ], [ 24.2833, 49.8167 ], [ 24.2333, 49.8167 ], [ 24.2333, 49.825 ], [ 24.1917, 49.825 ], [ 24.1917, 49.8333 ], [ 24.1667, 49.8333 ], [ 24.1667, 49.8417 ], [ 24.15, 49.8417 ], [ 24.15, 49.85 ], [ 24.1333, 49.85 ], [ 24.1333, 49.8583 ], [ 24.125, 49.8583 ], [ 24.125, 49.8667 ], [ 24.1083, 49.8667 ], [ 24.1083, 49.875 ], [ 24.0917, 49.875 ], [ 24.0917, 49.8917 ], [ 24.0833, 49.8917 ], [ 24.0833, 49.8833 ], [ 24.0583, 49.8833 ], [ 24.0583, 49.8917 ], [ 24.0417, 49.8917 ], [ 24.0417, 49.8667 ], [ 24.025, 49.8667 ], [ 24.0167, 49.85 ], [ 23.9917, 49.85 ], [ 23.9917, 49.8583 ], [ 23.975, 49.8583 ], [ 23.975, 49.85 ], [ 23.9667, 49.85 ], [ 23.9667, 49.8333 ], [ 23.9333, 49.8333 ], [ 23.9333, 49.825 ], [ 23.9833, 49.825 ] ], [ [ 23.9167, 49.825 ], [ 23.9167, 49.8167 ], [ 23.9333, 49.8167 ], [ 23.9333, 49.825 ], [ 23.9167, 49.825 ] ], [ [ 23.9333, 49.8667 ], [ 23.9417, 49.8667 ], [ 23.9417, 49.875 ], [ 23.9333, 49.875 ], [ 23.9333, 49.8667 ] ], [ [ 23.8917, 49.8333 ], [ 23.9, 49.8333 ], [ 23.9, 49.8417 ], [ 23.8917, 49.8417 ], [ 23.8917, 49.8333 ] ] ], [ [ [ 28.8, 49.7583 ], [ 28.8, 49.75 ], [ 28.8167, 49.75 ], [ 28.8167, 49.7417 ], [ 28.8417, 49.7417 ], [ 28.8417, 49.7333 ], [ 28.8667, 49.7333 ], [ 28.8667, 49.7417 ], [ 28.8917, 49.7417 ], [ 28.8917, 49.7333 ], [ 28.9167, 49.7333 ], [ 28.9167, 49.7 ], [ 28.9083, 49.7 ], [ 28.9083, 49.6833 ], [ 28.8917, 49.675 ], [ 28.8917, 49.6667 ], [ 28.8833, 49.6667 ], [ 28.8833, 49.6583 ], [ 28.85, 49.6583 ], [ 28.85, 49.65 ], [ 28.8333, 49.65 ], [ 28.8333, 49.6583 ], [ 28.8, 49.6583 ], [ 28.8, 49.6667 ], [ 28.7583, 49.6667 ], [ 28.7583, 49.675 ], [ 28.75, 49.675 ], [ 28.75, 49.6917 ], [ 28.7417, 49.6917 ], [ 28.7417, 49.7 ], [ 28.7333, 49.7 ], [ 28.7333, 49.7167 ], [ 28.725, 49.7167 ], [ 28.725, 49.7333 ], [ 28.7083, 49.7417 ], [ 28.7083, 49.75 ], [ 28.725, 49.75 ], [ 28.725, 49.7583 ], [ 28.8, 49.7583 ] ], [ [ 28.8333, 49.7083 ], [ 28.8417, 49.7083 ], [ 28.8417, 49.7167 ], [ 28.8333, 49.7167 ], [ 28.8333, 49.7083 ] ] ], [ [ [ 31.4167, 49.9833 ], [ 31.4167, 49.975 ], [ 31.4333, 49.975 ], [ 31.4333, 49.9667 ], [ 31.45, 49.9667 ], [ 31.4583, 49.95 ], [ 31.4667, 49.95 ], [ 31.4667, 49.925 ], [ 31.475, 49.925 ], [ 31.475, 49.8417 ], [ 31.4833, 49.8417 ], [ 31.4833, 49.825 ], [ 31.4917, 49.825 ], [ 31.4917, 49.8167 ], [ 31.5083, 49.8083 ], [ 31.5083, 49.7917 ], [ 31.5, 49.7917 ], [ 31.5, 49.7667 ], [ 31.5083, 49.7667 ], [ 31.5083, 49.7083 ], [ 31.525, 49.7 ], [ 31.525, 49.6917 ], [ 31.5333, 49.6917 ], [ 31.5333, 49.6833 ], [ 31.55, 49.675 ], [ 31.55, 49.6667 ], [ 31.5583, 49.6667 ], [ 31.5583, 49.6417 ], [ 31.5417, 49.6333 ], [ 31.5417, 49.625 ], [ 31.475, 49.625 ], [ 31.475, 49.65 ], [ 31.4667, 49.65 ], [ 31.4667, 49.6667 ], [ 31.45, 49.675 ], [ 31.45, 49.6833 ], [ 31.4333, 49.6917 ], [ 31.4333, 49.7 ], [ 31.4083, 49.7 ], [ 31.4083, 49.7083 ], [ 31.3917, 49.7083 ], [ 31.3917, 49.7167 ], [ 31.3667, 49.7167 ], [ 31.3667, 49.725 ], [ 31.3417, 49.725 ], [ 31.3417, 49.7333 ], [ 31.325, 49.7333 ], [ 31.3167, 49.75 ], [ 31.3083, 49.75 ], [ 31.3083, 49.7583 ], [ 31.3167, 49.7583 ], [ 31.3167, 49.775 ], [ 31.3333, 49.775 ], [ 31.3333, 49.7833 ], [ 31.3667, 49.7833 ], [ 31.3667, 49.775 ], [ 31.3917, 49.775 ], [ 31.3917, 49.7667 ], [ 31.425, 49.7667 ], [ 31.425, 49.775 ], [ 31.4333, 49.775 ], [ 31.4333, 49.7917 ], [ 31.4167, 49.8 ], [ 31.4167, 49.8083 ], [ 31.4, 49.8167 ], [ 31.4, 49.825 ], [ 31.3917, 49.825 ], [ 31.3917, 49.8417 ], [ 31.375, 49.85 ], [ 31.375, 49.8583 ], [ 31.3667, 49.8583 ], [ 31.3667, 49.875 ], [ 31.3583, 49.875 ], [ 31.3583, 49.8917 ], [ 31.325, 49.8917 ], [ 31.325, 49.9 ], [ 31.2333, 49.9 ], [ 31.2333, 49.9083 ], [ 31.2167, 49.9083 ], [ 31.2167, 49.925 ], [ 31.2667, 49.925 ], [ 31.2667, 49.9167 ], [ 31.275, 49.9167 ], [ 31.275, 49.925 ], [ 31.3083, 49.925 ], [ 31.3083, 49.9333 ], [ 31.325, 49.9417 ], [ 31.325, 49.95 ], [ 31.3417, 49.9583 ], [ 31.3417, 49.9667 ], [ 31.3583, 49.9667 ], [ 31.3583, 49.975 ], [ 31.375, 49.975 ], [ 31.375, 49.9833 ], [ 31.4167, 49.9833 ] ] ], [ [ [ 29.5667, 49.8583 ], [ 29.5667, 49.8417 ], [ 29.575, 49.8417 ], [ 29.575, 49.8333 ], [ 29.5917, 49.8333 ], [ 29.5917, 49.825 ], [ 29.6083, 49.825 ], [ 29.6083, 49.8167 ], [ 29.625, 49.8167 ], [ 29.625, 49.8083 ], [ 29.6417, 49.8 ], [ 29.6417, 49.7917 ], [ 29.6833, 49.7917 ], [ 29.6833, 49.8 ], [ 29.725, 49.8 ], [ 29.725, 49.8083 ], [ 29.75, 49.8083 ], [ 29.75, 49.8167 ], [ 29.8083, 49.8167 ], [ 29.8083, 49.8083 ], [ 29.8167, 49.8083 ], [ 29.8167, 49.7917 ], [ 29.8083, 49.7917 ], [ 29.8083, 49.7833 ], [ 29.7833, 49.7833 ], [ 29.7833, 49.775 ], [ 29.7583, 49.775 ], [ 29.7583, 49.7667 ], [ 29.725, 49.7667 ], [ 29.725, 49.7583 ], [ 29.7083, 49.7583 ], [ 29.7083, 49.75 ], [ 29.6917, 49.75 ], [ 29.6917, 49.7417 ], [ 29.675, 49.7417 ], [ 29.675, 49.7333 ], [ 29.65, 49.7333 ], [ 29.65, 49.725 ], [ 29.6, 49.725 ], [ 29.6, 49.7333 ], [ 29.575, 49.7333 ], [ 29.5667, 49.75 ], [ 29.55, 49.75 ], [ 29.55, 49.7583 ], [ 29.5333, 49.7583 ], [ 29.5333, 49.7667 ], [ 29.4833, 49.7667 ], [ 29.4833, 49.7583 ], [ 29.4667, 49.7583 ], [ 29.4667, 49.75 ], [ 29.45, 49.75 ], [ 29.45, 49.7417 ], [ 29.4333, 49.7333 ], [ 29.4333, 49.725 ], [ 29.4167, 49.725 ], [ 29.4167, 49.7167 ], [ 29.4083, 49.7167 ], [ 29.4083, 49.7 ], [ 29.4, 49.7 ], [ 29.4, 49.6667 ], [ 29.3917, 49.6667 ], [ 29.3917, 49.6583 ], [ 29.3833, 49.6583 ], [ 29.3833, 49.65 ], [ 29.3667, 49.6417 ], [ 29.3667, 49.6333 ], [ 29.35, 49.6333 ], [ 29.35, 49.625 ], [ 29.2917, 49.625 ], [ 29.2917, 49.6333 ], [ 29.2833, 49.6333 ], [ 29.2833, 49.675 ], [ 29.2, 49.675 ], [ 29.2, 49.6667 ], [ 29.15, 49.6667 ], [ 29.15, 49.6833 ], [ 29.1667, 49.6917 ], [ 29.1667, 49.7 ], [ 29.1833, 49.7 ], [ 29.1833, 49.7083 ], [ 29.2, 49.7083 ], [ 29.2, 49.7167 ], [ 29.2167, 49.7167 ], [ 29.2167, 49.725 ], [ 29.2333, 49.7333 ], [ 29.2333, 49.7417 ], [ 29.25, 49.7417 ], [ 29.2583, 49.7583 ], [ 29.2667, 49.7583 ], [ 29.2667, 49.7667 ], [ 29.2917, 49.7667 ], [ 29.2917, 49.7583 ], [ 29.35, 49.7583 ], [ 29.35, 49.7667 ], [ 29.3667, 49.7667 ], [ 29.3667, 49.775 ], [ 29.3833, 49.775 ], [ 29.3833, 49.7833 ], [ 29.4, 49.7833 ], [ 29.4, 49.7917 ], [ 29.4167, 49.7917 ], [ 29.4167, 49.8 ], [ 29.4417, 49.8 ], [ 29.4417, 49.8083 ], [ 29.4583, 49.8083 ], [ 29.4583, 49.8167 ], [ 29.475, 49.8167 ], [ 29.475, 49.825 ], [ 29.4917, 49.825 ], [ 29.4917, 49.8333 ], [ 29.5083, 49.8333 ], [ 29.5083, 49.8417 ], [ 29.525, 49.8417 ], [ 29.525, 49.85 ], [ 29.5417, 49.85 ], [ 29.5417, 49.8583 ], [ 29.5667, 49.8583 ] ] ], [ [ [ 36.4, 50.3 ], [ 36.3917, 50.3 ], [ 36.3917, 50.2417 ], [ 36.4, 50.2417 ], [ 36.4, 50.2167 ], [ 36.4083, 50.2167 ], [ 36.4167, 50.2 ], [ 36.425, 50.2 ], [ 36.425, 50.175 ], [ 36.4333, 50.175 ], [ 36.4333, 50.15 ], [ 36.425, 50.15 ], [ 36.425, 50.0917 ], [ 36.4333, 50.0917 ], [ 36.4333, 50.0833 ], [ 36.45, 50.0833 ], [ 36.45, 50.075 ], [ 36.475, 50.075 ], [ 36.475, 50.0667 ], [ 36.4917, 50.0667 ], [ 36.4917, 50.0583 ], [ 36.5083, 50.0583 ], [ 36.5083, 50.05 ], [ 36.5417, 50.05 ], [ 36.5417, 50.0583 ], [ 36.575, 50.0583 ], [ 36.575, 50.0667 ], [ 36.65, 50.0667 ], [ 36.65, 50.075 ], [ 36.6583, 50.075 ], [ 36.6667, 50.0917 ], [ 36.6583, 50.0917 ], [ 36.6583, 50.1 ], [ 36.6083, 50.1 ], [ 36.6, 50.1167 ], [ 36.5917, 50.1167 ], [ 36.5917, 50.15 ], [ 36.6, 50.15 ], [ 36.6, 50.1667 ], [ 36.6167, 50.175 ], [ 36.6167, 50.1917 ], [ 36.6417, 50.1917 ], [ 36.6417, 50.2 ], [ 36.7333, 50.2 ], [ 36.7333, 50.2083 ], [ 36.725, 50.2083 ], [ 36.725, 50.2333 ], [ 36.7333, 50.2333 ], [ 36.7333, 50.25 ], [ 36.725, 50.25 ], [ 36.725, 50.2417 ], [ 36.7083, 50.2417 ], [ 36.7083, 50.2333 ], [ 36.6917, 50.2333 ], [ 36.6917, 50.225 ], [ 36.6669, 50.225 ], [ 36.6792, 50.2373 ], [ 36.6842, 50.2504 ], [ 36.6832, 50.2571 ], [ 36.6888, 50.2673 ], [ 36.6951, 50.2694 ], [ 36.7003, 50.264 ], [ 36.7038, 50.2647 ], [ 36.7057, 50.2688 ], [ 36.7199, 50.2773 ], [ 36.7293, 50.2774 ], [ 36.7403, 50.2829 ], [ 36.7487, 50.2803 ], [ 36.7495, 50.2881 ], [ 36.772, 50.2896 ], [ 36.7642, 50.292 ], [ 36.7681, 50.3017 ], [ 36.8008, 50.3062 ], [ 36.8099, 50.3117 ], [ 36.8331, 50.3132 ], [ 36.8523, 50.3277 ], [ 36.8654, 50.334 ], [ 36.8667, 50.3333 ], [ 36.8667, 50.325 ], [ 36.8583, 50.325 ], [ 36.8583, 50.2917 ], [ 36.875, 50.2833 ], [ 36.875, 50.2667 ], [ 36.8833, 50.2667 ], [ 36.8917, 50.25 ], [ 36.9, 50.25 ], [ 36.9, 50.2333 ], [ 36.8917, 50.2333 ], [ 36.8917, 50.2167 ], [ 36.8833, 50.2167 ], [ 36.8833, 50.2 ], [ 36.875, 50.2 ], [ 36.875, 50.1833 ], [ 36.8667, 50.1833 ], [ 36.8667, 50.1667 ], [ 36.875, 50.1667 ], [ 36.875, 50.1583 ], [ 36.8667, 50.1583 ], [ 36.8667, 50.1417 ], [ 36.8583, 50.1417 ], [ 36.8583, 50.1333 ], [ 36.8417, 50.125 ], [ 36.8417, 50.1167 ], [ 36.8333, 50.1167 ], [ 36.8333, 50.1 ], [ 36.825, 50.1 ], [ 36.825, 50.0833 ], [ 36.8167, 50.0833 ], [ 36.8167, 50.0667 ], [ 36.8083, 50.0667 ], [ 36.8083, 50.0417 ], [ 36.8167, 50.0417 ], [ 36.8167, 50.0333 ], [ 36.825, 50.0333 ], [ 36.825, 50.025 ], [ 36.8333, 50.025 ], [ 36.8417, 50.0083 ], [ 36.85, 50.0083 ], [ 36.85, 50.0 ], [ 36.8667, 49.9917 ], [ 36.8667, 49.9833 ], [ 36.875, 49.9833 ], [ 36.875, 49.975 ], [ 36.8833, 49.975 ], [ 36.8833, 49.9583 ], [ 36.9, 49.95 ], [ 36.9, 49.9417 ], [ 36.9167, 49.9333 ], [ 36.9167, 49.925 ], [ 36.925, 49.925 ], [ 36.925, 49.9167 ], [ 36.9417, 49.9167 ], [ 36.95, 49.9 ], [ 36.9667, 49.9 ], [ 36.9667, 49.8833 ], [ 36.975, 49.8833 ], [ 36.975, 49.8583 ], [ 36.9667, 49.8583 ], [ 36.9667, 49.85 ], [ 36.95, 49.8417 ], [ 36.95, 49.8333 ], [ 36.8917, 49.8333 ], [ 36.8917, 49.8417 ], [ 36.875, 49.8417 ], [ 36.875, 49.85 ], [ 36.8583, 49.85 ], [ 36.8583, 49.8583 ], [ 36.8417, 49.8667 ], [ 36.8417, 49.875 ], [ 36.825, 49.875 ], [ 36.825, 49.8833 ], [ 36.7917, 49.8833 ], [ 36.7833, 49.8667 ], [ 36.7667, 49.8667 ], [ 36.7667, 49.8583 ], [ 36.75, 49.8583 ], [ 36.75, 49.85 ], [ 36.7333, 49.85 ], [ 36.7333, 49.8417 ], [ 36.7167, 49.8333 ], [ 36.7167, 49.825 ], [ 36.7083, 49.825 ], [ 36.7083, 49.8333 ], [ 36.6917, 49.8333 ], [ 36.6917, 49.8417 ], [ 36.6833, 49.8417 ], [ 36.6833, 49.8333 ], [ 36.6333, 49.8333 ], [ 36.6333, 49.8417 ], [ 36.6167, 49.8417 ], [ 36.6167, 49.85 ], [ 36.6083, 49.85 ], [ 36.6083, 49.875 ], [ 36.6167, 49.875 ], [ 36.6167, 49.8917 ], [ 36.6333, 49.8917 ], [ 36.6417, 49.9083 ], [ 36.65, 49.9083 ], [ 36.65, 49.9167 ], [ 36.6583, 49.9167 ], [ 36.6667, 49.9333 ], [ 36.6833, 49.9417 ], [ 36.6833, 49.9583 ], [ 36.6917, 49.9583 ], [ 36.6917, 49.975 ], [ 36.7, 49.975 ], [ 36.7, 49.9833 ], [ 36.6833, 49.9833 ], [ 36.6833, 49.9917 ], [ 36.6333, 49.9917 ], [ 36.625, 49.975 ], [ 36.6083, 49.975 ], [ 36.6083, 49.9667 ], [ 36.6, 49.9667 ], [ 36.6, 49.9583 ], [ 36.5833, 49.9583 ], [ 36.5833, 49.95 ], [ 36.5083, 49.95 ], [ 36.5083, 49.9583 ], [ 36.4917, 49.9583 ], [ 36.4833, 49.975 ], [ 36.4667, 49.975 ], [ 36.4583, 49.9917 ], [ 36.4417, 50.0 ], [ 36.4417, 50.0083 ], [ 36.425, 50.0083 ], [ 36.425, 50.0167 ], [ 36.3667, 50.0167 ], [ 36.3667, 50.0083 ], [ 36.3583, 50.0083 ], [ 36.3667, 49.9917 ], [ 36.3583, 49.9917 ], [ 36.3583, 49.9833 ], [ 36.3833, 49.9833 ], [ 36.3917, 49.9667 ], [ 36.4083, 49.9667 ], [ 36.4083, 49.9583 ], [ 36.425, 49.9583 ], [ 36.425, 49.95 ], [ 36.4417, 49.95 ], [ 36.4417, 49.9417 ], [ 36.4583, 49.9333 ], [ 36.4583, 49.925 ], [ 36.45, 49.925 ], [ 36.45, 49.9167 ], [ 36.4167, 49.9167 ], [ 36.4167, 49.925 ], [ 36.4, 49.925 ], [ 36.4, 49.9333 ], [ 36.375, 49.9333 ], [ 36.375, 49.9417 ], [ 36.3417, 49.9417 ], [ 36.3417, 49.9333 ], [ 36.3333, 49.9333 ], [ 36.325, 49.9167 ], [ 36.3167, 49.9167 ], [ 36.3167, 49.9083 ], [ 36.3, 49.9083 ], [ 36.2917, 49.8917 ], [ 36.2583, 49.8917 ], [ 36.2583, 49.875 ], [ 36.25, 49.875 ], [ 36.25, 49.8667 ], [ 36.2667, 49.8583 ], [ 36.2667, 49.8417 ], [ 36.275, 49.8417 ], [ 36.275, 49.8333 ], [ 36.2917, 49.8333 ], [ 36.2917, 49.825 ], [ 36.3, 49.825 ], [ 36.3083, 49.8083 ], [ 36.3167, 49.8083 ], [ 36.3167, 49.8 ], [ 36.3333, 49.8 ], [ 36.3333, 49.7917 ], [ 36.35, 49.7917 ], [ 36.35, 49.7833 ], [ 36.3667, 49.775 ], [ 36.3667, 49.7583 ], [ 36.2917, 49.7583 ], [ 36.2917, 49.7667 ], [ 36.25, 49.7667 ], [ 36.25, 49.775 ], [ 36.2083, 49.775 ], [ 36.2083, 49.7667 ], [ 36.1917, 49.7667 ], [ 36.1917, 49.7583 ], [ 36.1667, 49.7583 ], [ 36.1667, 49.75 ], [ 36.1333, 49.75 ], [ 36.1333, 49.7583 ], [ 36.1083, 49.7583 ], [ 36.1083, 49.7667 ], [ 36.0833, 49.7667 ], [ 36.0833, 49.775 ], [ 35.9333, 49.775 ], [ 35.9333, 49.7667 ], [ 35.9167, 49.7583 ], [ 35.9167, 49.75 ], [ 35.9, 49.75 ], [ 35.9, 49.7417 ], [ 35.8833, 49.7417 ], [ 35.8833, 49.7333 ], [ 35.875, 49.7333 ], [ 35.8667, 49.7167 ], [ 35.8583, 49.7167 ], [ 35.8583, 49.6667 ], [ 35.8667, 49.6667 ], [ 35.8667, 49.65 ], [ 35.875, 49.65 ], [ 35.875, 49.625 ], [ 35.8583, 49.6167 ], [ 35.8583, 49.6083 ], [ 35.8333, 49.6083 ], [ 35.8333, 49.6 ], [ 35.7917, 49.6 ], [ 35.7833, 49.5833 ], [ 35.7667, 49.5833 ], [ 35.7667, 49.5667 ], [ 35.7583, 49.5667 ], [ 35.7583, 49.5583 ], [ 35.7417, 49.5583 ], [ 35.7417, 49.55 ], [ 35.7167, 49.55 ], [ 35.7167, 49.5417 ], [ 35.7, 49.5417 ], [ 35.7, 49.55 ], [ 35.6667, 49.55 ], [ 35.6583, 49.5667 ], [ 35.65, 49.5667 ], [ 35.65, 49.5833 ], [ 35.6667, 49.5917 ], [ 35.6667, 49.6083 ], [ 35.6833, 49.6083 ], [ 35.6833, 49.6167 ], [ 35.6917, 49.6167 ], [ 35.7, 49.6333 ], [ 35.7083, 49.6333 ], [ 35.7083, 49.65 ], [ 35.7167, 49.65 ], [ 35.7167, 49.6667 ], [ 35.725, 49.6667 ], [ 35.725, 49.7167 ], [ 35.7333, 49.7167 ], [ 35.7333, 49.7333 ], [ 35.7417, 49.7333 ], [ 35.7417, 49.7417 ], [ 35.75, 49.7417 ], [ 35.75, 49.7583 ], [ 35.7583, 49.7583 ], [ 35.7583, 49.7833 ], [ 35.75, 49.7833 ], [ 35.75, 49.7917 ], [ 35.7167, 49.7917 ], [ 35.7167, 49.7833 ], [ 35.7, 49.775 ], [ 35.7, 49.7667 ], [ 35.6917, 49.7667 ], [ 35.6833, 49.75 ], [ 35.675, 49.75 ], [ 35.675, 49.7417 ], [ 35.6583, 49.7417 ], [ 35.6583, 49.7333 ], [ 35.5833, 49.7333 ], [ 35.5833, 49.725 ], [ 35.5667, 49.725 ], [ 35.5583, 49.7083 ], [ 35.55, 49.7083 ], [ 35.55, 49.6917 ], [ 35.5, 49.6917 ], [ 35.5, 49.7 ], [ 35.4917, 49.7 ], [ 35.4917, 49.7333 ], [ 35.5083, 49.7417 ], [ 35.5083, 49.7583 ], [ 35.525, 49.7667 ], [ 35.525, 49.7833 ], [ 35.5333, 49.7833 ], [ 35.5333, 49.8 ], [ 35.5417, 49.8 ], [ 35.5417, 49.8167 ], [ 35.55, 49.8167 ], [ 35.55, 49.8333 ], [ 35.5667, 49.8417 ], [ 35.5667, 49.85 ], [ 35.5833, 49.85 ], [ 35.5833, 49.8583 ], [ 35.6, 49.8583 ], [ 35.6, 49.8667 ], [ 35.6167, 49.8667 ], [ 35.6167, 49.875 ], [ 35.6583, 49.875 ], [ 35.6583, 49.8833 ], [ 35.7, 49.8833 ], [ 35.7, 49.8917 ], [ 35.725, 49.8917 ], [ 35.725, 49.9 ], [ 35.7417, 49.9 ], [ 35.75, 49.9167 ], [ 35.7583, 49.9167 ], [ 35.7583, 49.95 ], [ 35.7667, 49.95 ], [ 35.7667, 49.975 ], [ 35.775, 49.975 ], [ 35.775, 49.9833 ], [ 35.7917, 49.9917 ], [ 35.7917, 50.0083 ], [ 35.8, 50.0083 ], [ 35.8, 50.075 ], [ 35.8083, 50.075 ], [ 35.8083, 50.0917 ], [ 35.825, 50.1 ], [ 35.825, 50.1083 ], [ 35.8333, 50.1083 ], [ 35.8417, 50.125 ], [ 35.85, 50.125 ], [ 35.85, 50.1333 ], [ 35.8667, 50.1333 ], [ 35.8667, 50.1417 ], [ 35.8833, 50.1417 ], [ 35.8833, 50.15 ], [ 35.9, 50.15 ], [ 35.9, 50.1833 ], [ 35.9083, 50.1833 ], [ 35.9083, 50.2083 ], [ 35.9167, 50.2083 ], [ 35.9167, 50.225 ], [ 35.925, 50.225 ], [ 35.925, 50.25 ], [ 35.9417, 50.2583 ], [ 35.9417, 50.2667 ], [ 35.95, 50.2667 ], [ 35.95, 50.275 ], [ 35.9667, 50.275 ], [ 35.9667, 50.2833 ], [ 35.9833, 50.2833 ], [ 35.9833, 50.2917 ], [ 36.0083, 50.2917 ], [ 36.0083, 50.2833 ], [ 36.0167, 50.2833 ], [ 36.0167, 50.2333 ], [ 36.0, 50.225 ], [ 36.0, 50.2167 ], [ 35.9833, 50.2167 ], [ 35.975, 50.2 ], [ 35.9667, 50.2 ], [ 35.9667, 50.1583 ], [ 36.0, 50.1583 ], [ 36.0, 50.15 ], [ 36.0333, 50.15 ], [ 36.0333, 50.1583 ], [ 36.0917, 50.1583 ], [ 36.0917, 50.15 ], [ 36.1083, 50.15 ], [ 36.1083, 50.1417 ], [ 36.125, 50.1417 ], [ 36.125, 50.125 ], [ 36.1333, 50.125 ], [ 36.1333, 50.1167 ], [ 36.125, 50.1167 ], [ 36.125, 50.0583 ], [ 36.1417, 50.0583 ], [ 36.1417, 50.05 ], [ 36.175, 50.05 ], [ 36.175, 50.0417 ], [ 36.1833, 50.0417 ], [ 36.1833, 50.05 ], [ 36.2, 50.05 ], [ 36.2, 50.0417 ], [ 36.2083, 50.0417 ], [ 36.2083, 50.05 ], [ 36.2583, 50.05 ], [ 36.2583, 50.0583 ], [ 36.275, 50.0583 ], [ 36.275, 50.0667 ], [ 36.2917, 50.075 ], [ 36.2917, 50.1 ], [ 36.2833, 50.1 ], [ 36.2833, 50.1167 ], [ 36.275, 50.1167 ], [ 36.275, 50.1333 ], [ 36.2833, 50.1333 ], [ 36.2833, 50.1583 ], [ 36.3, 50.1667 ], [ 36.3083, 50.1833 ], [ 36.3167, 50.1833 ], [ 36.3167, 50.2 ], [ 36.325, 50.2 ], [ 36.325, 50.2083 ], [ 36.3167, 50.2083 ], [ 36.3167, 50.2167 ], [ 36.2083, 50.2167 ], [ 36.2083, 50.225 ], [ 36.1917, 50.225 ], [ 36.1917, 50.2333 ], [ 36.1833, 50.2333 ], [ 36.1833, 50.2583 ], [ 36.1917, 50.2583 ], [ 36.1917, 50.275 ], [ 36.2083, 50.2833 ], [ 36.2083, 50.2917 ], [ 36.2167, 50.2917 ], [ 36.2167, 50.3083 ], [ 36.225, 50.3083 ], [ 36.2333, 50.325 ], [ 36.2417, 50.325 ], [ 36.2417, 50.3333 ], [ 36.2583, 50.3417 ], [ 36.2583, 50.35 ], [ 36.2631, 50.35 ], [ 36.2839, 50.3356 ], [ 36.274, 50.3241 ], [ 36.2805, 50.3231 ], [ 36.2764, 50.3163 ], [ 36.2859, 50.3054 ], [ 36.2861, 50.2987 ], [ 36.2988, 50.2994 ], [ 36.2957, 50.2918 ], [ 36.3642, 50.2875 ], [ 36.3795, 50.2926 ], [ 36.3757, 50.3 ], [ 36.4, 50.3085 ], [ 36.4, 50.3 ] ], [ [ 36.3917, 49.9583 ], [ 36.3917, 49.95 ], [ 36.4083, 49.95 ], [ 36.4083, 49.9583 ], [ 36.3917, 49.9583 ] ], [ [ 36.4167, 49.95 ], [ 36.4167, 49.9417 ], [ 36.425, 49.9417 ], [ 36.425, 49.95 ], [ 36.4167, 49.95 ] ], [ [ 36.275, 50.0417 ], [ 36.2833, 50.0417 ], [ 36.2833, 50.05 ], [ 36.275, 50.05 ], [ 36.275, 50.0417 ] ], [ [ 36.225, 50.0417 ], [ 36.2167, 50.0417 ], [ 36.2083, 50.025 ], [ 36.225, 50.025 ], [ 36.225, 50.0417 ] ], [ [ 36.2167, 50.0083 ], [ 36.2083, 50.0083 ], [ 36.2083, 50.0167 ], [ 36.1917, 50.0167 ], [ 36.1917, 50.0083 ], [ 36.2, 50.0083 ], [ 36.2, 49.9833 ], [ 36.2083, 49.9833 ], [ 36.2083, 49.975 ], [ 36.2333, 49.975 ], [ 36.2333, 49.9583 ], [ 36.2667, 49.9583 ], [ 36.2583, 49.9417 ], [ 36.2917, 49.9417 ], [ 36.3, 49.9583 ], [ 36.2833, 49.9583 ], [ 36.2833, 49.9833 ], [ 36.275, 49.9833 ], [ 36.2667, 50.0 ], [ 36.25, 50.0 ], [ 36.25, 50.0167 ], [ 36.2333, 50.0167 ], [ 36.2333, 50.025 ], [ 36.225, 50.025 ], [ 36.2167, 50.0083 ] ], [ [ 36.1917, 50.025 ], [ 36.175, 50.0333 ], [ 36.175, 50.0167 ], [ 36.1917, 50.0167 ], [ 36.1917, 50.025 ] ], [ [ 36.3083, 49.9583 ], [ 36.3083, 49.975 ], [ 36.3, 49.975 ], [ 36.3, 49.9583 ], [ 36.3083, 49.9583 ] ], [ [ 36.325, 50.0167 ], [ 36.3417, 50.0167 ], [ 36.3417, 50.0333 ], [ 36.3333, 50.0333 ], [ 36.325, 50.0167 ] ], [ [ 36.2917, 50.0 ], [ 36.3083, 50.0 ], [ 36.3083, 49.9917 ], [ 36.3167, 49.9917 ], [ 36.3167, 50.0083 ], [ 36.2917, 50.0083 ], [ 36.2917, 50.0 ] ], [ [ 36.1917, 49.9833 ], [ 36.1917, 49.9917 ], [ 36.1833, 49.9917 ], [ 36.1833, 49.9833 ], [ 36.1917, 49.9833 ] ], [ [ 36.175, 49.9833 ], [ 36.175, 49.975 ], [ 36.1833, 49.975 ], [ 36.1833, 49.9833 ], [ 36.175, 49.9833 ] ], [ [ 36.0667, 49.975 ], [ 36.075, 49.975 ], [ 36.075, 49.9833 ], [ 36.0667, 49.9833 ], [ 36.0667, 49.975 ] ], [ [ 36.1583, 49.9833 ], [ 36.15, 49.9833 ], [ 36.15, 49.975 ], [ 36.1583, 49.975 ], [ 36.1583, 49.9833 ] ], [ [ 36.1583, 49.9583 ], [ 36.1667, 49.9583 ], [ 36.1667, 49.975 ], [ 36.1583, 49.975 ], [ 36.1583, 49.9583 ] ], [ [ 36.1667, 49.95 ], [ 36.175, 49.95 ], [ 36.175, 49.9583 ], [ 36.1667, 49.9583 ], [ 36.1667, 49.95 ] ], [ [ 36.35, 49.9583 ], [ 36.375, 49.9583 ], [ 36.375, 49.975 ], [ 36.3583, 49.975 ], [ 36.35, 49.9583 ] ], [ [ 36.0833, 49.9583 ], [ 36.1, 49.9583 ], [ 36.1, 49.9667 ], [ 36.0833, 49.9667 ], [ 36.0833, 49.9583 ] ], [ [ 36.225, 49.9667 ], [ 36.2, 49.9667 ], [ 36.2, 49.9583 ], [ 36.225, 49.9583 ], [ 36.225, 49.9667 ] ], [ [ 36.225, 49.9333 ], [ 36.2417, 49.9333 ], [ 36.2417, 49.95 ], [ 36.225, 49.9583 ], [ 36.225, 49.9333 ] ], [ [ 36.2417, 49.925 ], [ 36.2583, 49.925 ], [ 36.2583, 49.9333 ], [ 36.2417, 49.9333 ], [ 36.2417, 49.925 ] ], [ [ 36.3167, 49.9583 ], [ 36.325, 49.9583 ], [ 36.325, 49.9667 ], [ 36.3167, 49.9667 ], [ 36.3167, 49.9583 ] ], [ [ 36.275, 49.9083 ], [ 36.2833, 49.9083 ], [ 36.2917, 49.925 ], [ 36.275, 49.925 ], [ 36.275, 49.9083 ] ] ], [ [ [ 27.1417, 49.675 ], [ 27.15, 49.6583 ], [ 27.1667, 49.65 ], [ 27.1667, 49.6417 ], [ 27.1833, 49.6417 ], [ 27.1833, 49.6333 ], [ 27.2, 49.6333 ], [ 27.2, 49.625 ], [ 27.2083, 49.625 ], [ 27.2083, 49.5583 ], [ 27.2, 49.5583 ], [ 27.2, 49.5417 ], [ 27.1917, 49.5417 ], [ 27.1833, 49.525 ], [ 27.1667, 49.525 ], [ 27.1667, 49.5167 ], [ 27.125, 49.5167 ], [ 27.125, 49.525 ], [ 27.1, 49.525 ], [ 27.1, 49.5333 ], [ 27.0667, 49.5333 ], [ 27.0667, 49.5417 ], [ 27.05, 49.5417 ], [ 27.05, 49.55 ], [ 27.0333, 49.5583 ], [ 27.0333, 49.5667 ], [ 27.0167, 49.575 ], [ 27.0167, 49.5833 ], [ 27.0, 49.5833 ], [ 27.0, 49.5917 ], [ 26.9667, 49.5917 ], [ 26.9667, 49.6 ], [ 26.925, 49.6 ], [ 26.925, 49.6083 ], [ 26.8667, 49.6083 ], [ 26.8667, 49.6167 ], [ 26.85, 49.6167 ], [ 26.85, 49.625 ], [ 26.8417, 49.625 ], [ 26.8417, 49.6667 ], [ 26.85, 49.6667 ], [ 26.85, 49.6583 ], [ 27.0083, 49.6583 ], [ 27.0083, 49.65 ], [ 27.075, 49.65 ], [ 27.075, 49.6583 ], [ 27.1083, 49.6583 ], [ 27.1167, 49.675 ], [ 27.1417, 49.675 ] ] ], [ [ [ 36.15, 49.675 ], [ 36.15, 49.6667 ], [ 36.175, 49.6667 ], [ 36.175, 49.6583 ], [ 36.1917, 49.6583 ], [ 36.1917, 49.65 ], [ 36.2083, 49.65 ], [ 36.2083, 49.6417 ], [ 36.225, 49.6417 ], [ 36.225, 49.6333 ], [ 36.2417, 49.6333 ], [ 36.2417, 49.625 ], [ 36.2833, 49.625 ], [ 36.2833, 49.6333 ], [ 36.3167, 49.6333 ], [ 36.3167, 49.6417 ], [ 36.3417, 49.6417 ], [ 36.35, 49.625 ], [ 36.3583, 49.625 ], [ 36.3583, 49.6 ], [ 36.3667, 49.6 ], [ 36.3667, 49.5833 ], [ 36.3833, 49.575 ], [ 36.3833, 49.5667 ], [ 36.4, 49.5583 ], [ 36.4, 49.55 ], [ 36.4167, 49.55 ], [ 36.4167, 49.5417 ], [ 36.425, 49.5417 ], [ 36.425, 49.525 ], [ 36.4167, 49.525 ], [ 36.4167, 49.5167 ], [ 36.4, 49.5167 ], [ 36.3917, 49.5 ], [ 36.3833, 49.5 ], [ 36.3833, 49.4917 ], [ 36.3667, 49.4917 ], [ 36.3667, 49.4833 ], [ 36.2833, 49.4833 ], [ 36.2833, 49.4917 ], [ 36.2417, 49.4917 ], [ 36.2417, 49.5 ], [ 36.2, 49.5 ], [ 36.1917, 49.5167 ], [ 36.2, 49.5167 ], [ 36.2, 49.5583 ], [ 36.1917, 49.5583 ], [ 36.1917, 49.5667 ], [ 36.175, 49.575 ], [ 36.175, 49.5917 ], [ 36.1667, 49.5917 ], [ 36.1667, 49.6 ], [ 36.1583, 49.6 ], [ 36.1583, 49.6167 ], [ 36.1417, 49.625 ], [ 36.1417, 49.6417 ], [ 36.1333, 49.6417 ], [ 36.125, 49.6583 ], [ 36.1167, 49.6583 ], [ 36.125, 49.675 ], [ 36.15, 49.675 ] ] ], [ [ [ 31.2833, 49.625 ], [ 31.2833, 49.6167 ], [ 31.3083, 49.6167 ], [ 31.3083, 49.6083 ], [ 31.325, 49.6083 ], [ 31.325, 49.6 ], [ 31.35, 49.6 ], [ 31.35, 49.5917 ], [ 31.3833, 49.5917 ], [ 31.3833, 49.5833 ], [ 31.4, 49.5833 ], [ 31.4, 49.575 ], [ 31.4083, 49.575 ], [ 31.4083, 49.5 ], [ 31.3917, 49.4917 ], [ 31.3917, 49.4833 ], [ 31.375, 49.475 ], [ 31.375, 49.4667 ], [ 31.3667, 49.4667 ], [ 31.3667, 49.4583 ], [ 31.3417, 49.4583 ], [ 31.3417, 49.45 ], [ 31.2667, 49.45 ], [ 31.2583, 49.4667 ], [ 31.2417, 49.4667 ], [ 31.2417, 49.4833 ], [ 31.2333, 49.4833 ], [ 31.2333, 49.5083 ], [ 31.2417, 49.5083 ], [ 31.2417, 49.55 ], [ 31.25, 49.55 ], [ 31.25, 49.5833 ], [ 31.2417, 49.5833 ], [ 31.2417, 49.625 ], [ 31.2833, 49.625 ] ] ], [ [ [ 25.0, 49.6917 ], [ 25.0, 49.6833 ], [ 25.0167, 49.6833 ], [ 25.0167, 49.675 ], [ 25.0333, 49.675 ], [ 25.0417, 49.6583 ], [ 25.0583, 49.65 ], [ 25.0583, 49.5833 ], [ 25.075, 49.575 ], [ 25.075, 49.5667 ], [ 25.0917, 49.5667 ], [ 25.1, 49.55 ], [ 25.1167, 49.55 ], [ 25.125, 49.5333 ], [ 25.1417, 49.5333 ], [ 25.1417, 49.525 ], [ 25.1583, 49.5167 ], [ 25.1583, 49.5083 ], [ 25.175, 49.5083 ], [ 25.1833, 49.4917 ], [ 25.1917, 49.4917 ], [ 25.2, 49.475 ], [ 25.2083, 49.475 ], [ 25.2083, 49.4667 ], [ 25.225, 49.4667 ], [ 25.2333, 49.45 ], [ 25.2417, 49.45 ], [ 25.2417, 49.425 ], [ 25.2, 49.425 ], [ 25.1917, 49.4417 ], [ 25.175, 49.4417 ], [ 25.175, 49.45 ], [ 25.1583, 49.45 ], [ 25.1583, 49.4583 ], [ 25.1417, 49.4583 ], [ 25.1417, 49.4667 ], [ 25.0833, 49.4667 ], [ 25.0833, 49.4583 ], [ 25.075, 49.4583 ], [ 25.075, 49.425 ], [ 25.05, 49.425 ], [ 25.05, 49.4333 ], [ 25.0083, 49.4333 ], [ 25.0083, 49.4417 ], [ 24.9833, 49.4417 ], [ 24.975, 49.4583 ], [ 24.9583, 49.4583 ], [ 24.9583, 49.4667 ], [ 24.9417, 49.4667 ], [ 24.9333, 49.4833 ], [ 24.9167, 49.4833 ], [ 24.9083, 49.5 ], [ 24.9, 49.5 ], [ 24.9, 49.5083 ], [ 24.9083, 49.5083 ], [ 24.9167, 49.525 ], [ 24.925, 49.525 ], [ 24.925, 49.5417 ], [ 24.9167, 49.5417 ], [ 24.9167, 49.5667 ], [ 24.925, 49.5667 ], [ 24.925, 49.5917 ], [ 24.9167, 49.5917 ], [ 24.9167, 49.6 ], [ 24.9, 49.6083 ], [ 24.9, 49.6167 ], [ 24.8833, 49.6167 ], [ 24.875, 49.6333 ], [ 24.8667, 49.6333 ], [ 24.8667, 49.6583 ], [ 24.925, 49.6583 ], [ 24.925, 49.65 ], [ 24.9583, 49.65 ], [ 24.9583, 49.6417 ], [ 24.975, 49.6417 ], [ 24.975, 49.65 ], [ 24.9833, 49.65 ], [ 24.9833, 49.6917 ], [ 25.0, 49.6917 ] ] ], [ [ [ 34.6, 49.5583 ], [ 34.5917, 49.5583 ], [ 34.5917, 49.55 ], [ 34.6, 49.55 ], [ 34.6, 49.4917 ], [ 34.5917, 49.4917 ], [ 34.5917, 49.475 ], [ 34.5833, 49.475 ], [ 34.5833, 49.4583 ], [ 34.575, 49.4583 ], [ 34.575, 49.45 ], [ 34.5583, 49.4417 ], [ 34.5583, 49.4333 ], [ 34.5417, 49.4333 ], [ 34.5417, 49.425 ], [ 34.5167, 49.425 ], [ 34.5167, 49.4167 ], [ 34.475, 49.4167 ], [ 34.475, 49.4417 ], [ 34.4833, 49.4417 ], [ 34.4833, 49.4583 ], [ 34.4917, 49.4583 ], [ 34.4917, 49.4833 ], [ 34.5, 49.4833 ], [ 34.5, 49.5 ], [ 34.5083, 49.5 ], [ 34.5083, 49.525 ], [ 34.5167, 49.525 ], [ 34.5167, 49.55 ], [ 34.5333, 49.55 ], [ 34.5333, 49.5583 ], [ 34.5417, 49.5583 ], [ 34.5417, 49.5667 ], [ 34.525, 49.5667 ], [ 34.525, 49.5833 ], [ 34.5417, 49.5833 ], [ 34.5417, 49.575 ], [ 34.55, 49.575 ], [ 34.55, 49.5833 ], [ 34.5583, 49.5833 ], [ 34.5583, 49.5917 ], [ 34.5333, 49.5917 ], [ 34.5333, 49.6167 ], [ 34.5417, 49.6167 ], [ 34.5417, 49.6833 ], [ 34.55, 49.6833 ], [ 34.55, 49.7417 ], [ 34.5417, 49.7417 ], [ 34.5417, 49.7667 ], [ 34.55, 49.7667 ], [ 34.55, 49.7833 ], [ 34.5583, 49.7833 ], [ 34.5667, 49.8 ], [ 34.5833, 49.8 ], [ 34.5917, 49.8167 ], [ 34.6083, 49.8167 ], [ 34.6083, 49.825 ], [ 34.6167, 49.825 ], [ 34.625, 49.8417 ], [ 34.6333, 49.8417 ], [ 34.6333, 49.8583 ], [ 34.65, 49.8667 ], [ 34.65, 49.875 ], [ 34.6583, 49.875 ], [ 34.6583, 49.8833 ], [ 34.6833, 49.8833 ], [ 34.6833, 49.85 ], [ 34.6667, 49.8417 ], [ 34.6667, 49.8333 ], [ 34.65, 49.825 ], [ 34.65, 49.8167 ], [ 34.6333, 49.8167 ], [ 34.6333, 49.8083 ], [ 34.625, 49.8083 ], [ 34.6167, 49.7917 ], [ 34.6083, 49.7917 ], [ 34.6083, 49.7833 ], [ 34.5917, 49.775 ], [ 34.5917, 49.7583 ], [ 34.6083, 49.7583 ], [ 34.6083, 49.75 ], [ 34.6333, 49.75 ], [ 34.6333, 49.7417 ], [ 34.6417, 49.7417 ], [ 34.6417, 49.7333 ], [ 34.6333, 49.7333 ], [ 34.6333, 49.7167 ], [ 34.6167, 49.7083 ], [ 34.6167, 49.6833 ], [ 34.6083, 49.6833 ], [ 34.6083, 49.6583 ], [ 34.6167, 49.6583 ], [ 34.6167, 49.6333 ], [ 34.625, 49.6333 ], [ 34.625, 49.625 ], [ 34.6167, 49.625 ], [ 34.6167, 49.6 ], [ 34.6083, 49.6 ], [ 34.6083, 49.575 ], [ 34.6, 49.575 ], [ 34.6, 49.5583 ] ], [ [ 34.6, 49.5917 ], [ 34.5917, 49.5917 ], [ 34.5917, 49.575 ], [ 34.6, 49.575 ], [ 34.6, 49.5917 ] ], [ [ 34.575, 49.5667 ], [ 34.5833, 49.5667 ], [ 34.5833, 49.5833 ], [ 34.575, 49.5833 ], [ 34.575, 49.5667 ] ] ], [ [ [ 27.1583, 49.475 ], [ 27.1583, 49.4667 ], [ 27.1917, 49.4667 ], [ 27.1917, 49.4583 ], [ 27.225, 49.4583 ], [ 27.225, 49.45 ], [ 27.3167, 49.45 ], [ 27.3167, 49.4583 ], [ 27.3333, 49.4583 ], [ 27.3333, 49.4667 ], [ 27.375, 49.4667 ], [ 27.375, 49.4583 ], [ 27.4, 49.4583 ], [ 27.4, 49.45 ], [ 27.4167, 49.45 ], [ 27.4167, 49.4417 ], [ 27.4333, 49.4417 ], [ 27.4417, 49.425 ], [ 27.425, 49.425 ], [ 27.425, 49.4167 ], [ 27.4, 49.4167 ], [ 27.4, 49.4083 ], [ 27.3833, 49.4083 ], [ 27.3833, 49.4 ], [ 27.3667, 49.4 ], [ 27.3667, 49.3917 ], [ 27.35, 49.3917 ], [ 27.35, 49.3833 ], [ 27.325, 49.3833 ], [ 27.325, 49.375 ], [ 27.25, 49.375 ], [ 27.25, 49.3833 ], [ 27.2167, 49.3833 ], [ 27.2167, 49.3917 ], [ 27.175, 49.3917 ], [ 27.175, 49.4 ], [ 27.1417, 49.4 ], [ 27.1417, 49.4083 ], [ 27.1167, 49.4083 ], [ 27.1167, 49.4333 ], [ 27.125, 49.4333 ], [ 27.125, 49.4583 ], [ 27.1333, 49.4583 ], [ 27.1333, 49.475 ], [ 27.1583, 49.475 ] ] ], [ [ [ 24.3, 49.575 ], [ 24.3, 49.5667 ], [ 24.3167, 49.5667 ], [ 24.3167, 49.5583 ], [ 24.3417, 49.5583 ], [ 24.35, 49.575 ], [ 24.375, 49.575 ], [ 24.375, 49.5667 ], [ 24.3833, 49.5667 ], [ 24.3917, 49.55 ], [ 24.4, 49.55 ], [ 24.4, 49.5417 ], [ 24.4167, 49.5417 ], [ 24.4167, 49.5333 ], [ 24.4333, 49.5333 ], [ 24.4333, 49.525 ], [ 24.4417, 49.525 ], [ 24.4417, 49.5083 ], [ 24.4333, 49.5083 ], [ 24.4333, 49.4917 ], [ 24.425, 49.4917 ], [ 24.425, 49.4667 ], [ 24.4167, 49.4667 ], [ 24.4167, 49.4417 ], [ 24.4083, 49.4417 ], [ 24.4083, 49.425 ], [ 24.4167, 49.425 ], [ 24.4167, 49.4167 ], [ 24.4333, 49.4167 ], [ 24.4333, 49.4083 ], [ 24.4583, 49.4083 ], [ 24.4583, 49.4 ], [ 24.575, 49.4 ], [ 24.575, 49.4083 ], [ 24.6167, 49.4083 ], [ 24.6167, 49.4 ], [ 24.625, 49.4 ], [ 24.625, 49.3667 ], [ 24.6, 49.3667 ], [ 24.6, 49.3583 ], [ 24.5833, 49.3583 ], [ 24.5833, 49.35 ], [ 24.575, 49.35 ], [ 24.5667, 49.3333 ], [ 24.5583, 49.3333 ], [ 24.5583, 49.325 ], [ 24.55, 49.325 ], [ 24.55, 49.3167 ], [ 24.5333, 49.3167 ], [ 24.5333, 49.3083 ], [ 24.5167, 49.3083 ], [ 24.5167, 49.3167 ], [ 24.5083, 49.3167 ], [ 24.5083, 49.3333 ], [ 24.4917, 49.3333 ], [ 24.4917, 49.3417 ], [ 24.475, 49.3417 ], [ 24.475, 49.35 ], [ 24.4417, 49.35 ], [ 24.4417, 49.3583 ], [ 24.375, 49.3583 ], [ 24.375, 49.35 ], [ 24.3167, 49.35 ], [ 24.3167, 49.3583 ], [ 24.3, 49.3583 ], [ 24.3, 49.3667 ], [ 24.2917, 49.3667 ], [ 24.2833, 49.3833 ], [ 24.275, 49.3833 ], [ 24.275, 49.4 ], [ 24.2583, 49.4083 ], [ 24.2583, 49.425 ], [ 24.25, 49.425 ], [ 24.25, 49.4417 ], [ 24.225, 49.4417 ], [ 24.225, 49.45 ], [ 24.1417, 49.45 ], [ 24.1417, 49.4583 ], [ 24.0917, 49.4583 ], [ 24.0917, 49.4667 ], [ 24.0833, 49.4667 ], [ 24.0833, 49.475 ], [ 24.1, 49.4833 ], [ 24.1, 49.4917 ], [ 24.1167, 49.5 ], [ 24.1167, 49.5167 ], [ 24.1333, 49.525 ], [ 24.1333, 49.5583 ], [ 24.1417, 49.5583 ], [ 24.1417, 49.5667 ], [ 24.2333, 49.5667 ], [ 24.2333, 49.575 ], [ 24.3, 49.575 ] ] ], [ [ [ 30.0417, 49.5833 ], [ 30.0417, 49.575 ], [ 30.0583, 49.575 ], [ 30.0583, 49.5667 ], [ 30.0667, 49.5667 ], [ 30.0667, 49.5333 ], [ 30.075, 49.5333 ], [ 30.075, 49.5083 ], [ 30.0833, 49.5083 ], [ 30.0833, 49.5 ], [ 30.1, 49.4917 ], [ 30.1, 49.4833 ], [ 30.1333, 49.4833 ], [ 30.1333, 49.475 ], [ 30.1417, 49.475 ], [ 30.15, 49.4583 ], [ 30.1583, 49.4583 ], [ 30.1583, 49.4417 ], [ 30.1667, 49.4417 ], [ 30.1667, 49.425 ], [ 30.1833, 49.425 ], [ 30.1917, 49.4083 ], [ 30.2083, 49.4083 ], [ 30.2083, 49.4 ], [ 30.2333, 49.4 ], [ 30.2333, 49.3917 ], [ 30.275, 49.3917 ], [ 30.275, 49.3833 ], [ 30.3, 49.3833 ], [ 30.3, 49.375 ], [ 30.3167, 49.375 ], [ 30.3167, 49.3667 ], [ 30.325, 49.3667 ], [ 30.325, 49.35 ], [ 30.3083, 49.3417 ], [ 30.3083, 49.3333 ], [ 30.2917, 49.3333 ], [ 30.2833, 49.3167 ], [ 30.2667, 49.3167 ], [ 30.2667, 49.3083 ], [ 30.2583, 49.3083 ], [ 30.2583, 49.3167 ], [ 30.2417, 49.3167 ], [ 30.2417, 49.325 ], [ 30.2, 49.325 ], [ 30.1917, 49.3083 ], [ 30.1833, 49.3083 ], [ 30.1833, 49.275 ], [ 30.175, 49.275 ], [ 30.175, 49.2667 ], [ 30.1583, 49.2583 ], [ 30.1583, 49.25 ], [ 30.1083, 49.25 ], [ 30.1083, 49.2583 ], [ 30.0917, 49.2583 ], [ 30.0917, 49.2667 ], [ 30.0833, 49.2667 ], [ 30.075, 49.2833 ], [ 30.0667, 49.2833 ], [ 30.0667, 49.2917 ], [ 30.05, 49.3 ], [ 30.05, 49.3083 ], [ 30.0333, 49.3083 ], [ 30.0333, 49.3167 ], [ 30.0167, 49.3167 ], [ 30.0167, 49.325 ], [ 29.9917, 49.325 ], [ 29.9833, 49.3417 ], [ 29.9667, 49.3417 ], [ 29.9667, 49.3583 ], [ 29.95, 49.3583 ], [ 29.95, 49.3667 ], [ 29.9333, 49.3667 ], [ 29.925, 49.3833 ], [ 29.9083, 49.3833 ], [ 29.9, 49.4 ], [ 29.8833, 49.4 ], [ 29.8833, 49.4167 ], [ 29.8667, 49.425 ], [ 29.8667, 49.4417 ], [ 29.875, 49.4417 ], [ 29.875, 49.45 ], [ 29.9, 49.45 ], [ 29.9, 49.4583 ], [ 29.9167, 49.4583 ], [ 29.9167, 49.4667 ], [ 29.9333, 49.4667 ], [ 29.9333, 49.475 ], [ 29.95, 49.475 ], [ 29.95, 49.4917 ], [ 29.9667, 49.5 ], [ 29.9667, 49.55 ], [ 29.975, 49.55 ], [ 29.975, 49.5667 ], [ 29.9833, 49.5667 ], [ 29.9833, 49.575 ], [ 30.0, 49.575 ], [ 30.0, 49.5833 ], [ 30.0417, 49.5833 ] ] ], [ [ [ 29.0583, 49.4917 ], [ 29.075, 49.4583 ], [ 29.1333, 49.4583 ], [ 29.1333, 49.45 ], [ 29.15, 49.45 ], [ 29.15, 49.4333 ], [ 29.1583, 49.4333 ], [ 29.1583, 49.4167 ], [ 29.1667, 49.4167 ], [ 29.175, 49.4 ], [ 29.1917, 49.4 ], [ 29.1917, 49.3917 ], [ 29.2583, 49.3917 ], [ 29.2583, 49.4 ], [ 29.275, 49.4 ], [ 29.2833, 49.4167 ], [ 29.3, 49.425 ], [ 29.3, 49.4667 ], [ 29.3083, 49.4667 ], [ 29.3083, 49.475 ], [ 29.3333, 49.475 ], [ 29.3333, 49.4833 ], [ 29.4083, 49.4833 ], [ 29.4083, 49.475 ], [ 29.4417, 49.475 ], [ 29.4417, 49.4667 ], [ 29.4667, 49.4667 ], [ 29.4667, 49.4583 ], [ 29.4917, 49.4583 ], [ 29.5, 49.4417 ], [ 29.5083, 49.4417 ], [ 29.5083, 49.4333 ], [ 29.5, 49.4333 ], [ 29.5, 49.4167 ], [ 29.5167, 49.4083 ], [ 29.5167, 49.3917 ], [ 29.525, 49.3917 ], [ 29.525, 49.3833 ], [ 29.5417, 49.375 ], [ 29.5417, 49.3667 ], [ 29.525, 49.3583 ], [ 29.525, 49.35 ], [ 29.5167, 49.35 ], [ 29.5167, 49.3583 ], [ 29.4917, 49.3583 ], [ 29.4917, 49.3667 ], [ 29.475, 49.375 ], [ 29.475, 49.3833 ], [ 29.4583, 49.3833 ], [ 29.4583, 49.3917 ], [ 29.4417, 49.3917 ], [ 29.4333, 49.4083 ], [ 29.425, 49.4083 ], [ 29.425, 49.4167 ], [ 29.4083, 49.4167 ], [ 29.4083, 49.425 ], [ 29.3583, 49.425 ], [ 29.35, 49.4083 ], [ 29.3417, 49.4083 ], [ 29.3417, 49.3833 ], [ 29.3333, 49.3833 ], [ 29.3333, 49.35 ], [ 29.325, 49.35 ], [ 29.325, 49.3333 ], [ 29.3167, 49.3333 ], [ 29.3167, 49.325 ], [ 29.3083, 49.325 ], [ 29.3083, 49.3083 ], [ 29.3, 49.3083 ], [ 29.3, 49.2833 ], [ 29.3083, 49.2833 ], [ 29.3083, 49.275 ], [ 29.325, 49.2667 ], [ 29.325, 49.2583 ], [ 29.3333, 49.2583 ], [ 29.3333, 49.2167 ], [ 29.3167, 49.2083 ], [ 29.3167, 49.1917 ], [ 29.3083, 49.1917 ], [ 29.3083, 49.1833 ], [ 29.2917, 49.1833 ], [ 29.2917, 49.175 ], [ 29.275, 49.175 ], [ 29.2667, 49.1917 ], [ 29.2583, 49.1917 ], [ 29.2583, 49.2083 ], [ 29.25, 49.2083 ], [ 29.25, 49.2167 ], [ 29.2333, 49.2167 ], [ 29.2333, 49.2333 ], [ 29.2167, 49.2417 ], [ 29.2167, 49.25 ], [ 29.1833, 49.25 ], [ 29.1833, 49.2583 ], [ 29.1417, 49.2583 ], [ 29.1417, 49.2667 ], [ 29.125, 49.2667 ], [ 29.1167, 49.2833 ], [ 29.0667, 49.2833 ], [ 29.0667, 49.275 ], [ 29.05, 49.275 ], [ 29.05, 49.2667 ], [ 29.025, 49.2667 ], [ 29.0167, 49.2833 ], [ 29.0083, 49.2833 ], [ 29.0083, 49.3083 ], [ 29.0167, 49.3083 ], [ 29.0167, 49.325 ], [ 29.0333, 49.3333 ], [ 29.0333, 49.3583 ], [ 29.0417, 49.3583 ], [ 29.0417, 49.375 ], [ 29.0333, 49.375 ], [ 29.0333, 49.4 ], [ 29.025, 49.4 ], [ 29.025, 49.4167 ], [ 29.0083, 49.425 ], [ 29.0083, 49.4417 ], [ 29.0, 49.4417 ], [ 29.0, 49.4667 ], [ 29.0167, 49.475 ], [ 29.0167, 49.4833 ], [ 29.0333, 49.4833 ], [ 29.0333, 49.4917 ], [ 29.0583, 49.4917 ] ] ], [ [ [ 30.375, 49.1917 ], [ 30.375, 49.1833 ], [ 30.3917, 49.1833 ], [ 30.3917, 49.175 ], [ 30.4083, 49.175 ], [ 30.4083, 49.1667 ], [ 30.425, 49.1667 ], [ 30.4333, 49.15 ], [ 30.45, 49.15 ], [ 30.45, 49.1083 ], [ 30.4417, 49.1083 ], [ 30.4417, 49.0917 ], [ 30.425, 49.0833 ], [ 30.425, 49.075 ], [ 30.3917, 49.075 ], [ 30.3917, 49.0667 ], [ 30.325, 49.0667 ], [ 30.325, 49.075 ], [ 30.3167, 49.075 ], [ 30.3167, 49.1 ], [ 30.325, 49.1 ], [ 30.325, 49.15 ], [ 30.3167, 49.15 ], [ 30.3167, 49.1833 ], [ 30.325, 49.1833 ], [ 30.325, 49.1917 ], [ 30.375, 49.1917 ] ] ], [ [ [ 30.2167, 49.1 ], [ 30.2167, 49.0833 ], [ 30.2083, 49.0833 ], [ 30.2083, 49.075 ], [ 30.1917, 49.075 ], [ 30.1917, 49.0667 ], [ 30.175, 49.0667 ], [ 30.175, 49.0583 ], [ 30.1583, 49.0583 ], [ 30.15, 49.0417 ], [ 30.1583, 49.0417 ], [ 30.1667, 49.025 ], [ 30.1917, 49.025 ], [ 30.1917, 49.0167 ], [ 30.2083, 49.0167 ], [ 30.2083, 49.0083 ], [ 30.2167, 49.0083 ], [ 30.2167, 48.9917 ], [ 30.1583, 48.9917 ], [ 30.1583, 49.0 ], [ 30.1417, 49.0 ], [ 30.1417, 49.0083 ], [ 30.125, 49.0083 ], [ 30.125, 49.0167 ], [ 30.1083, 49.0167 ], [ 30.1083, 49.025 ], [ 30.0833, 49.025 ], [ 30.0833, 49.0333 ], [ 30.0417, 49.0333 ], [ 30.0417, 49.0417 ], [ 30.025, 49.0417 ], [ 30.025, 49.0667 ], [ 30.0333, 49.0667 ], [ 30.0333, 49.0833 ], [ 30.05, 49.0833 ], [ 30.05, 49.0917 ], [ 30.1167, 49.0917 ], [ 30.1167, 49.0833 ], [ 30.125, 49.0833 ], [ 30.125, 49.0917 ], [ 30.175, 49.0917 ], [ 30.175, 49.1 ], [ 30.2, 49.1 ], [ 30.2, 49.1083 ], [ 30.2167, 49.1 ] ] ], [ [ [ 31.475, 49.05 ], [ 31.475, 49.0417 ], [ 31.4833, 49.0417 ], [ 31.4833, 49.0167 ], [ 31.4667, 49.0167 ], [ 31.4583, 49.0 ], [ 31.4333, 49.0 ], [ 31.4333, 48.9917 ], [ 31.4083, 48.9917 ], [ 31.4083, 48.9833 ], [ 31.3833, 48.9833 ], [ 31.3833, 48.975 ], [ 31.3667, 48.975 ], [ 31.3667, 48.9667 ], [ 31.35, 48.9583 ], [ 31.35, 48.95 ], [ 31.3417, 48.95 ], [ 31.3417, 48.9583 ], [ 31.3167, 48.9583 ], [ 31.3167, 48.9667 ], [ 31.275, 48.9667 ], [ 31.275, 48.975 ], [ 31.25, 48.975 ], [ 31.25, 48.9833 ], [ 31.2333, 48.9833 ], [ 31.225, 49.0 ], [ 31.2167, 49.0 ], [ 31.2167, 49.0083 ], [ 31.225, 49.0083 ], [ 31.225, 49.025 ], [ 31.2417, 49.025 ], [ 31.2417, 49.0333 ], [ 31.2667, 49.0333 ], [ 31.2667, 49.0417 ], [ 31.3167, 49.0417 ], [ 31.3167, 49.0333 ], [ 31.3917, 49.0333 ], [ 31.3917, 49.0417 ], [ 31.4333, 49.0417 ], [ 31.4333, 49.05 ], [ 31.475, 49.05 ] ] ], [ [ [ 30.4333, 49.0333 ], [ 30.4333, 49.025 ], [ 30.45, 49.025 ], [ 30.45, 49.0167 ], [ 30.4667, 49.0083 ], [ 30.4667, 49.0 ], [ 30.4833, 48.9917 ], [ 30.4833, 48.9833 ], [ 30.5, 48.9833 ], [ 30.5, 48.975 ], [ 30.525, 48.975 ], [ 30.525, 48.9667 ], [ 30.5667, 48.9667 ], [ 30.5667, 48.975 ], [ 30.6417, 48.975 ], [ 30.6417, 48.9667 ], [ 30.6583, 48.9667 ], [ 30.6667, 48.95 ], [ 30.675, 48.95 ], [ 30.675, 48.9167 ], [ 30.6833, 48.9167 ], [ 30.6833, 48.8917 ], [ 30.6667, 48.8833 ], [ 30.6667, 48.875 ], [ 30.65, 48.875 ], [ 30.6417, 48.8583 ], [ 30.5833, 48.8583 ], [ 30.5833, 48.8667 ], [ 30.55, 48.8667 ], [ 30.55, 48.875 ], [ 30.5167, 48.875 ], [ 30.5167, 48.8833 ], [ 30.5083, 48.8833 ], [ 30.5083, 48.875 ], [ 30.5, 48.875 ], [ 30.5, 48.8833 ], [ 30.475, 48.8833 ], [ 30.475, 48.8917 ], [ 30.45, 48.8917 ], [ 30.45, 48.9 ], [ 30.4333, 48.9083 ], [ 30.4333, 48.9333 ], [ 30.425, 48.9333 ], [ 30.425, 48.95 ], [ 30.4083, 48.95 ], [ 30.4, 48.9667 ], [ 30.35, 48.9667 ], [ 30.35, 48.9583 ], [ 30.3333, 48.9583 ], [ 30.3333, 48.95 ], [ 30.2833, 48.95 ], [ 30.2833, 48.9667 ], [ 30.2917, 48.9667 ], [ 30.2917, 48.9833 ], [ 30.275, 48.9917 ], [ 30.275, 49.0167 ], [ 30.2917, 49.0167 ], [ 30.2917, 49.025 ], [ 30.3083, 49.025 ], [ 30.3083, 49.0333 ], [ 30.4333, 49.0333 ] ] ], [ [ [ 30.3583, 49.7417 ], [ 30.3583, 49.7333 ], [ 30.4, 49.7333 ], [ 30.4, 49.725 ], [ 30.45, 49.725 ], [ 30.45, 49.7167 ], [ 30.475, 49.7167 ], [ 30.475, 49.7083 ], [ 30.5083, 49.7083 ], [ 30.5083, 49.7 ], [ 30.525, 49.7 ], [ 30.525, 49.6917 ], [ 30.5417, 49.6917 ], [ 30.5417, 49.6833 ], [ 30.5583, 49.6833 ], [ 30.5583, 49.675 ], [ 30.575, 49.675 ], [ 30.575, 49.6667 ], [ 30.6, 49.6667 ], [ 30.6, 49.6583 ], [ 30.625, 49.6583 ], [ 30.625, 49.65 ], [ 30.6583, 49.65 ], [ 30.6583, 49.6417 ], [ 30.7167, 49.6417 ], [ 30.7167, 49.6333 ], [ 30.775, 49.6333 ], [ 30.775, 49.625 ], [ 30.8, 49.625 ], [ 30.8, 49.6167 ], [ 30.8167, 49.6167 ], [ 30.8167, 49.6083 ], [ 30.85, 49.6083 ], [ 30.85, 49.6 ], [ 30.8833, 49.6 ], [ 30.8833, 49.5917 ], [ 30.9917, 49.5917 ], [ 30.9917, 49.5833 ], [ 31.025, 49.5833 ], [ 31.025, 49.5917 ], [ 31.075, 49.5917 ], [ 31.075, 49.5833 ], [ 31.0917, 49.5833 ], [ 31.0917, 49.575 ], [ 31.1, 49.575 ], [ 31.1, 49.5583 ], [ 31.1083, 49.5583 ], [ 31.1083, 49.55 ], [ 31.1, 49.55 ], [ 31.1, 49.5333 ], [ 31.1167, 49.525 ], [ 31.1167, 49.5167 ], [ 31.1333, 49.5083 ], [ 31.1333, 49.5 ], [ 31.15, 49.5 ], [ 31.1583, 49.4833 ], [ 31.175, 49.4833 ], [ 31.1833, 49.4667 ], [ 31.1917, 49.4667 ], [ 31.1917, 49.425 ], [ 31.175, 49.4167 ], [ 31.175, 49.4083 ], [ 31.1667, 49.4083 ], [ 31.1667, 49.4 ], [ 31.15, 49.3917 ], [ 31.15, 49.3833 ], [ 31.1417, 49.3833 ], [ 31.1417, 49.375 ], [ 31.125, 49.375 ], [ 31.1167, 49.3583 ], [ 31.1, 49.3583 ], [ 31.0917, 49.3417 ], [ 31.075, 49.3417 ], [ 31.075, 49.3333 ], [ 31.0583, 49.325 ], [ 31.0583, 49.3167 ], [ 31.0417, 49.3167 ], [ 31.0417, 49.2917 ], [ 31.0583, 49.2917 ], [ 31.0583, 49.3 ], [ 31.0833, 49.3 ], [ 31.0833, 49.3083 ], [ 31.1, 49.3083 ], [ 31.1, 49.3167 ], [ 31.1167, 49.3167 ], [ 31.1167, 49.325 ], [ 31.1333, 49.325 ], [ 31.1333, 49.3333 ], [ 31.15, 49.3333 ], [ 31.15, 49.3417 ], [ 31.1667, 49.3417 ], [ 31.1667, 49.35 ], [ 31.1917, 49.35 ], [ 31.1917, 49.3417 ], [ 31.2, 49.3417 ], [ 31.2, 49.3083 ], [ 31.2167, 49.3 ], [ 31.2167, 49.3083 ], [ 31.225, 49.3083 ], [ 31.225, 49.3167 ], [ 31.2417, 49.325 ], [ 31.2417, 49.3333 ], [ 31.25, 49.3333 ], [ 31.2583, 49.35 ], [ 31.275, 49.35 ], [ 31.275, 49.3583 ], [ 31.2917, 49.3583 ], [ 31.2917, 49.3667 ], [ 31.3333, 49.3667 ], [ 31.3333, 49.3583 ], [ 31.35, 49.3583 ], [ 31.35, 49.3333 ], [ 31.3583, 49.3333 ], [ 31.3583, 49.3083 ], [ 31.3417, 49.3 ], [ 31.3417, 49.2917 ], [ 31.3167, 49.2917 ], [ 31.3167, 49.2833 ], [ 31.3, 49.2833 ], [ 31.2917, 49.2667 ], [ 31.2833, 49.2667 ], [ 31.2833, 49.25 ], [ 31.2667, 49.25 ], [ 31.2667, 49.2333 ], [ 31.2583, 49.2333 ], [ 31.2583, 49.225 ], [ 31.2667, 49.225 ], [ 31.2667, 49.2083 ], [ 31.275, 49.2083 ], [ 31.275, 49.1917 ], [ 31.2667, 49.1917 ], [ 31.2583, 49.175 ], [ 31.2417, 49.175 ], [ 31.2417, 49.1667 ], [ 31.225, 49.1667 ], [ 31.225, 49.1583 ], [ 31.2083, 49.15 ], [ 31.2083, 49.1333 ], [ 31.2167, 49.1333 ], [ 31.2167, 49.1167 ], [ 31.225, 49.1167 ], [ 31.225, 49.0917 ], [ 31.2167, 49.0917 ], [ 31.2167, 49.0833 ], [ 31.2, 49.0833 ], [ 31.2, 49.0917 ], [ 31.175, 49.0917 ], [ 31.175, 49.1 ], [ 31.1667, 49.1 ], [ 31.1583, 49.0833 ], [ 31.1417, 49.0833 ], [ 31.1417, 49.0667 ], [ 31.1333, 49.0667 ], [ 31.1333, 49.0583 ], [ 31.1167, 49.05 ], [ 31.1167, 49.0417 ], [ 31.1083, 49.0417 ], [ 31.1083, 49.0333 ], [ 31.1, 49.0333 ], [ 31.1083, 49.0167 ], [ 31.125, 49.0167 ], [ 31.125, 49.0 ], [ 31.1333, 49.0 ], [ 31.1333, 48.9917 ], [ 31.1167, 48.9833 ], [ 31.1167, 48.975 ], [ 31.1, 48.975 ], [ 31.0917, 48.9583 ], [ 31.0833, 48.9583 ], [ 31.075, 48.9417 ], [ 31.0667, 48.9417 ], [ 31.0667, 48.925 ], [ 31.0583, 48.925 ], [ 31.0583, 48.8583 ], [ 31.05, 48.8583 ], [ 31.05, 48.85 ], [ 31.0333, 48.8417 ], [ 31.0333, 48.8333 ], [ 31.0, 48.8333 ], [ 31.0, 48.8583 ], [ 31.0083, 48.8583 ], [ 31.0083, 48.8917 ], [ 31.0, 48.8917 ], [ 31.0, 48.925 ], [ 31.0083, 48.925 ], [ 31.0083, 48.95 ], [ 31.0, 48.95 ], [ 31.0, 48.9583 ], [ 30.9667, 48.9583 ], [ 30.9667, 48.95 ], [ 30.9417, 48.95 ], [ 30.9417, 48.9417 ], [ 30.925, 48.9417 ], [ 30.925, 48.9333 ], [ 30.9083, 48.925 ], [ 30.9083, 48.9167 ], [ 30.8917, 48.9167 ], [ 30.8917, 48.9083 ], [ 30.875, 48.9 ], [ 30.875, 48.8917 ], [ 30.8417, 48.8917 ], [ 30.8417, 48.8833 ], [ 30.8333, 48.8833 ], [ 30.8333, 48.8917 ], [ 30.8083, 48.8917 ], [ 30.8083, 48.9 ], [ 30.8, 48.9 ], [ 30.8, 48.9417 ], [ 30.8083, 48.9417 ], [ 30.8083, 48.9583 ], [ 30.8167, 48.9583 ], [ 30.8167, 48.975 ], [ 30.8, 48.9833 ], [ 30.8, 48.9917 ], [ 30.7833, 48.9917 ], [ 30.7833, 49.0 ], [ 30.7417, 49.0 ], [ 30.7333, 49.0167 ], [ 30.7417, 49.0167 ], [ 30.7417, 49.025 ], [ 30.7583, 49.025 ], [ 30.7583, 49.0333 ], [ 30.775, 49.0333 ], [ 30.775, 49.0417 ], [ 30.7917, 49.0417 ], [ 30.8, 49.0583 ], [ 30.8083, 49.0583 ], [ 30.8083, 49.0833 ], [ 30.75, 49.0833 ], [ 30.75, 49.075 ], [ 30.725, 49.075 ], [ 30.725, 49.0667 ], [ 30.6917, 49.0667 ], [ 30.6917, 49.0583 ], [ 30.675, 49.0583 ], [ 30.675, 49.0667 ], [ 30.65, 49.0667 ], [ 30.65, 49.0833 ], [ 30.6417, 49.0833 ], [ 30.6417, 49.1083 ], [ 30.65, 49.1083 ], [ 30.65, 49.1417 ], [ 30.6583, 49.1417 ], [ 30.6667, 49.1583 ], [ 30.675, 49.1583 ], [ 30.675, 49.1667 ], [ 30.6917, 49.175 ], [ 30.6917, 49.1833 ], [ 30.7083, 49.1833 ], [ 30.7083, 49.1917 ], [ 30.725, 49.1917 ], [ 30.725, 49.2 ], [ 30.7417, 49.2 ], [ 30.7417, 49.1917 ], [ 30.7667, 49.1917 ], [ 30.7667, 49.1833 ], [ 30.7583, 49.1833 ], [ 30.7583, 49.1667 ], [ 30.7417, 49.1583 ], [ 30.7417, 49.1417 ], [ 30.7333, 49.1417 ], [ 30.7333, 49.125 ], [ 30.725, 49.125 ], [ 30.7333, 49.1083 ], [ 30.7667, 49.1083 ], [ 30.7667, 49.1167 ], [ 30.7833, 49.125 ], [ 30.7833, 49.1417 ], [ 30.7917, 49.1417 ], [ 30.8, 49.1583 ], [ 30.8083, 49.1583 ], [ 30.8083, 49.175 ], [ 30.8167, 49.175 ], [ 30.8167, 49.2167 ], [ 30.8, 49.2167 ], [ 30.8, 49.225 ], [ 30.7667, 49.225 ], [ 30.7667, 49.2333 ], [ 30.75, 49.2333 ], [ 30.7417, 49.25 ], [ 30.7333, 49.25 ], [ 30.7333, 49.2667 ], [ 30.725, 49.2667 ], [ 30.725, 49.2833 ], [ 30.7333, 49.2833 ], [ 30.7417, 49.3 ], [ 30.7583, 49.3 ], [ 30.7667, 49.3167 ], [ 30.7833, 49.3167 ], [ 30.7917, 49.3333 ], [ 30.8, 49.3333 ], [ 30.8, 49.35 ], [ 30.7833, 49.3583 ], [ 30.7833, 49.375 ], [ 30.7917, 49.375 ], [ 30.7917, 49.3833 ], [ 30.8083, 49.3917 ], [ 30.8083, 49.4 ], [ 30.8167, 49.4 ], [ 30.8167, 49.425 ], [ 30.7583, 49.425 ], [ 30.7583, 49.4167 ], [ 30.7333, 49.4167 ], [ 30.7333, 49.4083 ], [ 30.6167, 49.4083 ], [ 30.6167, 49.4167 ], [ 30.6, 49.4167 ], [ 30.6, 49.4333 ], [ 30.6083, 49.4333 ], [ 30.6083, 49.4417 ], [ 30.625, 49.4417 ], [ 30.625, 49.45 ], [ 30.6417, 49.4583 ], [ 30.6417, 49.4667 ], [ 30.65, 49.4667 ], [ 30.65, 49.475 ], [ 30.5917, 49.475 ], [ 30.5917, 49.4667 ], [ 30.5417, 49.4667 ], [ 30.5417, 49.475 ], [ 30.4917, 49.475 ], [ 30.4917, 49.4667 ], [ 30.475, 49.4667 ], [ 30.475, 49.4583 ], [ 30.45, 49.4583 ], [ 30.45, 49.4667 ], [ 30.4417, 49.4667 ], [ 30.4417, 49.4833 ], [ 30.4333, 49.4833 ], [ 30.4333, 49.5 ], [ 30.425, 49.5 ], [ 30.425, 49.5167 ], [ 30.4167, 49.5167 ], [ 30.4167, 49.55 ], [ 30.425, 49.55 ], [ 30.425, 49.5583 ], [ 30.4333, 49.5583 ], [ 30.4333, 49.575 ], [ 30.4417, 49.575 ], [ 30.4417, 49.6 ], [ 30.4333, 49.6 ], [ 30.4333, 49.6083 ], [ 30.4417, 49.6083 ], [ 30.4417, 49.6167 ], [ 30.475, 49.6167 ], [ 30.4917, 49.5833 ], [ 30.525, 49.5833 ], [ 30.525, 49.6 ], [ 30.5333, 49.6 ], [ 30.5333, 49.6333 ], [ 30.525, 49.6333 ], [ 30.525, 49.6417 ], [ 30.4833, 49.6417 ], [ 30.4833, 49.65 ], [ 30.45, 49.65 ], [ 30.45, 49.6583 ], [ 30.425, 49.6583 ], [ 30.425, 49.6667 ], [ 30.4083, 49.6667 ], [ 30.4083, 49.675 ], [ 30.3917, 49.675 ], [ 30.3917, 49.6833 ], [ 30.375, 49.6833 ], [ 30.3667, 49.7 ], [ 30.35, 49.7 ], [ 30.3417, 49.7167 ], [ 30.325, 49.7167 ], [ 30.325, 49.7333 ], [ 30.3333, 49.7333 ], [ 30.3333, 49.7417 ], [ 30.3583, 49.7417 ] ] ], [ [ [ 31.675, 49.6 ], [ 31.675, 49.5917 ], [ 31.6917, 49.5917 ], [ 31.6917, 49.5833 ], [ 31.7, 49.5833 ], [ 31.7, 49.5417 ], [ 31.6917, 49.5417 ], [ 31.6917, 49.5083 ], [ 31.6833, 49.5083 ], [ 31.6833, 49.4917 ], [ 31.6917, 49.4917 ], [ 31.6917, 49.4417 ], [ 31.6833, 49.4417 ], [ 31.6833, 49.425 ], [ 31.6667, 49.4167 ], [ 31.6667, 49.4083 ], [ 31.65, 49.4083 ], [ 31.65, 49.4 ], [ 31.625, 49.4 ], [ 31.625, 49.3917 ], [ 31.6083, 49.3917 ], [ 31.6083, 49.375 ], [ 31.6, 49.375 ], [ 31.6, 49.35 ], [ 31.5917, 49.35 ], [ 31.5917, 49.325 ], [ 31.6583, 49.325 ], [ 31.6583, 49.3167 ], [ 31.6917, 49.3167 ], [ 31.6917, 49.3083 ], [ 31.7167, 49.3083 ], [ 31.7167, 49.3 ], [ 31.7333, 49.3 ], [ 31.7333, 49.2917 ], [ 31.75, 49.2917 ], [ 31.75, 49.2833 ], [ 31.7667, 49.275 ], [ 31.7667, 49.2667 ], [ 31.7833, 49.2667 ], [ 31.7833, 49.2583 ], [ 31.8, 49.2583 ], [ 31.8, 49.2667 ], [ 31.875, 49.2667 ], [ 31.875, 49.2583 ], [ 31.8917, 49.2583 ], [ 31.9, 49.2417 ], [ 31.9083, 49.2417 ], [ 31.9083, 49.2333 ], [ 31.95, 49.2333 ], [ 31.95, 49.2417 ], [ 31.9667, 49.2417 ], [ 31.975, 49.2583 ], [ 32.0917, 49.2583 ], [ 32.0917, 49.25 ], [ 32.1167, 49.25 ], [ 32.1167, 49.2417 ], [ 32.1417, 49.2417 ], [ 32.1417, 49.2333 ], [ 32.1667, 49.2333 ], [ 32.1667, 49.225 ], [ 32.2, 49.225 ], [ 32.2, 49.2167 ], [ 32.225, 49.2167 ], [ 32.225, 49.2083 ], [ 32.25, 49.2083 ], [ 32.25, 49.2 ], [ 32.275, 49.2 ], [ 32.275, 49.1917 ], [ 32.3, 49.1917 ], [ 32.3, 49.1833 ], [ 32.3333, 49.1833 ], [ 32.3333, 49.175 ], [ 32.3667, 49.175 ], [ 32.3667, 49.1667 ], [ 32.3917, 49.1667 ], [ 32.3917, 49.1583 ], [ 32.4083, 49.1583 ], [ 32.4083, 49.15 ], [ 32.425, 49.15 ], [ 32.4333, 49.1333 ], [ 32.4417, 49.1333 ], [ 32.4417, 49.1167 ], [ 32.4583, 49.1167 ], [ 32.4583, 49.1083 ], [ 32.475, 49.1083 ], [ 32.475, 49.1 ], [ 32.4917, 49.1 ], [ 32.4917, 49.0917 ], [ 32.5083, 49.0917 ], [ 32.5083, 49.0833 ], [ 32.525, 49.0833 ], [ 32.525, 49.075 ], [ 32.55, 49.075 ], [ 32.55, 49.0667 ], [ 32.575, 49.0667 ], [ 32.575, 49.0583 ], [ 32.6, 49.0583 ], [ 32.6, 49.05 ], [ 32.6167, 49.05 ], [ 32.6167, 49.0417 ], [ 32.6333, 49.0417 ], [ 32.6333, 49.0333 ], [ 32.65, 49.025 ], [ 32.65, 48.9833 ], [ 32.6667, 48.975 ], [ 32.6667, 48.925 ], [ 32.65, 48.9167 ], [ 32.65, 48.9 ], [ 32.6417, 48.9 ], [ 32.6417, 48.8417 ], [ 32.6583, 48.8333 ], [ 32.6583, 48.825 ], [ 32.6667, 48.825 ], [ 32.6667, 48.8083 ], [ 32.675, 48.8083 ], [ 32.675, 48.7833 ], [ 32.6917, 48.775 ], [ 32.6917, 48.7667 ], [ 32.7083, 48.7667 ], [ 32.7083, 48.7583 ], [ 32.725, 48.7583 ], [ 32.7333, 48.7417 ], [ 32.7417, 48.7417 ], [ 32.7417, 48.7167 ], [ 32.7333, 48.7167 ], [ 32.7333, 48.7083 ], [ 32.7167, 48.7 ], [ 32.7167, 48.6917 ], [ 32.7, 48.6917 ], [ 32.7, 48.6833 ], [ 32.6583, 48.6833 ], [ 32.6583, 48.6917 ], [ 32.6417, 48.6917 ], [ 32.6417, 48.7 ], [ 32.6167, 48.7 ], [ 32.6167, 48.7083 ], [ 32.6, 48.7083 ], [ 32.6, 48.7167 ], [ 32.575, 48.7167 ], [ 32.575, 48.725 ], [ 32.5583, 48.7333 ], [ 32.5583, 48.7417 ], [ 32.5417, 48.7417 ], [ 32.5333, 48.7583 ], [ 32.525, 48.7583 ], [ 32.525, 48.775 ], [ 32.5167, 48.775 ], [ 32.5167, 48.8 ], [ 32.525, 48.8 ], [ 32.525, 48.825 ], [ 32.5333, 48.825 ], [ 32.5333, 48.8417 ], [ 32.5417, 48.8417 ], [ 32.5417, 48.8583 ], [ 32.55, 48.8583 ], [ 32.55, 48.875 ], [ 32.5583, 48.875 ], [ 32.5583, 48.8917 ], [ 32.5667, 48.8917 ], [ 32.5667, 48.9167 ], [ 32.575, 48.9167 ], [ 32.575, 48.925 ], [ 32.5667, 48.925 ], [ 32.5667, 48.95 ], [ 32.5583, 48.95 ], [ 32.5583, 48.9583 ], [ 32.5417, 48.9667 ], [ 32.5417, 48.975 ], [ 32.5333, 48.975 ], [ 32.5333, 48.9917 ], [ 32.525, 48.9917 ], [ 32.525, 49.0 ], [ 32.5, 49.0 ], [ 32.5, 49.0083 ], [ 32.4833, 49.0083 ], [ 32.4833, 49.0 ], [ 32.45, 49.0 ], [ 32.4417, 49.0167 ], [ 32.4333, 49.0167 ], [ 32.425, 49.0333 ], [ 32.4167, 49.0333 ], [ 32.4167, 49.0417 ], [ 32.4, 49.0417 ], [ 32.4, 49.05 ], [ 32.3917, 49.05 ], [ 32.3917, 49.0667 ], [ 32.3833, 49.0667 ], [ 32.3833, 49.0833 ], [ 32.375, 49.0833 ], [ 32.375, 49.0917 ], [ 32.35, 49.0917 ], [ 32.3417, 49.075 ], [ 32.3333, 49.075 ], [ 32.3333, 49.0583 ], [ 32.325, 49.0583 ], [ 32.325, 49.05 ], [ 32.3, 49.05 ], [ 32.3, 49.0417 ], [ 32.2833, 49.0417 ], [ 32.2833, 49.05 ], [ 32.25, 49.05 ], [ 32.25, 49.0583 ], [ 32.2167, 49.0583 ], [ 32.2167, 49.0667 ], [ 32.2, 49.0667 ], [ 32.2, 49.075 ], [ 32.1917, 49.075 ], [ 32.1917, 49.0917 ], [ 32.1833, 49.0917 ], [ 32.1833, 49.1083 ], [ 32.175, 49.1083 ], [ 32.175, 49.125 ], [ 32.1667, 49.125 ], [ 32.1667, 49.1333 ], [ 32.1417, 49.1333 ], [ 32.1417, 49.1417 ], [ 32.1333, 49.1417 ], [ 32.1333, 49.1333 ], [ 32.1167, 49.1333 ], [ 32.1167, 49.125 ], [ 32.1, 49.125 ], [ 32.0917, 49.1083 ], [ 32.075, 49.1083 ], [ 32.075, 49.1 ], [ 32.0583, 49.1 ], [ 32.0583, 49.0917 ], [ 32.0417, 49.0917 ], [ 32.0417, 49.1 ], [ 32.025, 49.1 ], [ 32.0167, 49.1167 ], [ 32.0083, 49.1167 ], [ 32.0, 49.1333 ], [ 31.9833, 49.1417 ], [ 31.9833, 49.1583 ], [ 31.975, 49.1583 ], [ 31.9667, 49.175 ], [ 31.925, 49.175 ], [ 31.9167, 49.1583 ], [ 31.9, 49.15 ], [ 31.9, 49.1417 ], [ 31.8833, 49.1417 ], [ 31.8833, 49.1333 ], [ 31.8583, 49.1333 ], [ 31.8583, 49.1417 ], [ 31.85, 49.1417 ], [ 31.85, 49.15 ], [ 31.8333, 49.15 ], [ 31.8333, 49.1583 ], [ 31.7583, 49.1583 ], [ 31.7583, 49.15 ], [ 31.7333, 49.15 ], [ 31.7333, 49.1417 ], [ 31.7167, 49.1417 ], [ 31.7167, 49.1333 ], [ 31.7, 49.1333 ], [ 31.7, 49.1167 ], [ 31.6833, 49.1167 ], [ 31.6833, 49.1 ], [ 31.6583, 49.1 ], [ 31.6583, 49.0917 ], [ 31.625, 49.0917 ], [ 31.625, 49.0833 ], [ 31.5917, 49.0833 ], [ 31.5917, 49.0917 ], [ 31.5583, 49.0917 ], [ 31.55, 49.1083 ], [ 31.525, 49.1083 ], [ 31.525, 49.1167 ], [ 31.5083, 49.1167 ], [ 31.5083, 49.125 ], [ 31.4833, 49.125 ], [ 31.4833, 49.1333 ], [ 31.4417, 49.1333 ], [ 31.4417, 49.1417 ], [ 31.4167, 49.1417 ], [ 31.4167, 49.15 ], [ 31.4, 49.15 ], [ 31.3917, 49.1667 ], [ 31.375, 49.175 ], [ 31.375, 49.1833 ], [ 31.3667, 49.1833 ], [ 31.3667, 49.1917 ], [ 31.3583, 49.1917 ], [ 31.3583, 49.2083 ], [ 31.35, 49.2083 ], [ 31.35, 49.2417 ], [ 31.4, 49.2417 ], [ 31.4, 49.2333 ], [ 31.4167, 49.2333 ], [ 31.425, 49.2167 ], [ 31.4417, 49.2167 ], [ 31.45, 49.2 ], [ 31.475, 49.2 ], [ 31.475, 49.2083 ], [ 31.4833, 49.2083 ], [ 31.4833, 49.275 ], [ 31.4917, 49.275 ], [ 31.4917, 49.2917 ], [ 31.5083, 49.2917 ], [ 31.5167, 49.3083 ], [ 31.5333, 49.3083 ], [ 31.5333, 49.3167 ], [ 31.55, 49.3167 ], [ 31.55, 49.325 ], [ 31.5667, 49.325 ], [ 31.5667, 49.3417 ], [ 31.55, 49.3417 ], [ 31.55, 49.35 ], [ 31.5083, 49.35 ], [ 31.5083, 49.3417 ], [ 31.475, 49.3417 ], [ 31.475, 49.3333 ], [ 31.4083, 49.3333 ], [ 31.4083, 49.3417 ], [ 31.3917, 49.3417 ], [ 31.3917, 49.35 ], [ 31.4, 49.35 ], [ 31.4, 49.3583 ], [ 31.4083, 49.3583 ], [ 31.4167, 49.375 ], [ 31.425, 49.375 ], [ 31.425, 49.3917 ], [ 31.4333, 49.3917 ], [ 31.4417, 49.4083 ], [ 31.45, 49.4083 ], [ 31.45, 49.4167 ], [ 31.475, 49.4167 ], [ 31.475, 49.4083 ], [ 31.5, 49.4083 ], [ 31.5, 49.4167 ], [ 31.5083, 49.4167 ], [ 31.5083, 49.425 ], [ 31.525, 49.4333 ], [ 31.525, 49.4417 ], [ 31.5333, 49.4417 ], [ 31.5333, 49.4667 ], [ 31.5417, 49.4667 ], [ 31.5417, 49.4833 ], [ 31.55, 49.4833 ], [ 31.55, 49.5167 ], [ 31.5583, 49.5167 ], [ 31.5583, 49.5417 ], [ 31.5667, 49.5417 ], [ 31.5667, 49.5583 ], [ 31.575, 49.5583 ], [ 31.575, 49.575 ], [ 31.5917, 49.5833 ], [ 31.5917, 49.5917 ], [ 31.6083, 49.5917 ], [ 31.6083, 49.6 ], [ 31.675, 49.6 ] ], [ [ 31.875, 49.2333 ], [ 31.8833, 49.2333 ], [ 31.8833, 49.2417 ], [ 31.875, 49.2417 ], [ 31.875, 49.2333 ] ], [ [ 31.8917, 49.2 ], [ 31.9, 49.2 ], [ 31.9, 49.2083 ], [ 31.8917, 49.2083 ], [ 31.8917, 49.2 ] ], [ [ 32.6583, 48.7083 ], [ 32.6667, 48.7083 ], [ 32.6667, 48.7167 ], [ 32.6583, 48.7167 ], [ 32.6583, 48.7083 ] ], [ [ 32.6833, 48.7083 ], [ 32.6917, 48.7083 ], [ 32.6917, 48.7167 ], [ 32.6833, 48.7167 ], [ 32.6833, 48.7083 ] ] ], [ [ [ 31.5, 48.9417 ], [ 31.5, 48.9333 ], [ 31.5167, 48.9333 ], [ 31.5167, 48.925 ], [ 31.5417, 48.925 ], [ 31.5417, 48.9167 ], [ 31.5583, 48.9167 ], [ 31.5583, 48.9083 ], [ 31.5667, 48.9083 ], [ 31.5667, 48.8833 ], [ 31.5583, 48.8833 ], [ 31.5583, 48.85 ], [ 31.5667, 48.85 ], [ 31.5667, 48.8333 ], [ 31.5833, 48.825 ], [ 31.5833, 48.8 ], [ 31.575, 48.8 ], [ 31.575, 48.7833 ], [ 31.5583, 48.7833 ], [ 31.5583, 48.775 ], [ 31.55, 48.775 ], [ 31.55, 48.7667 ], [ 31.5333, 48.7667 ], [ 31.5333, 48.7583 ], [ 31.5167, 48.7583 ], [ 31.5167, 48.75 ], [ 31.5, 48.7417 ], [ 31.5, 48.7333 ], [ 31.4917, 48.7333 ], [ 31.4917, 48.7167 ], [ 31.4833, 48.7167 ], [ 31.4833, 48.7 ], [ 31.4917, 48.7 ], [ 31.4917, 48.6833 ], [ 31.5083, 48.6833 ], [ 31.5083, 48.6667 ], [ 31.5167, 48.6667 ], [ 31.5167, 48.6333 ], [ 31.5, 48.625 ], [ 31.5, 48.6167 ], [ 31.4917, 48.6167 ], [ 31.4833, 48.6 ], [ 31.425, 48.6 ], [ 31.425, 48.6083 ], [ 31.4, 48.6083 ], [ 31.4, 48.6167 ], [ 31.3833, 48.6167 ], [ 31.3833, 48.625 ], [ 31.3667, 48.625 ], [ 31.3583, 48.6417 ], [ 31.35, 48.6417 ], [ 31.35, 48.65 ], [ 31.3417, 48.65 ], [ 31.3417, 48.6667 ], [ 31.35, 48.6667 ], [ 31.35, 48.6833 ], [ 31.3667, 48.6833 ], [ 31.3667, 48.6917 ], [ 31.375, 48.6917 ], [ 31.3833, 48.7083 ], [ 31.3917, 48.7083 ], [ 31.3917, 48.7167 ], [ 31.4, 48.7167 ], [ 31.4, 48.7333 ], [ 31.3833, 48.7333 ], [ 31.375, 48.75 ], [ 31.3583, 48.7583 ], [ 31.3583, 48.7833 ], [ 31.35, 48.7833 ], [ 31.35, 48.8 ], [ 31.2917, 48.8 ], [ 31.2917, 48.7917 ], [ 31.225, 48.7917 ], [ 31.225, 48.8 ], [ 31.2, 48.8 ], [ 31.2, 48.8083 ], [ 31.1583, 48.8083 ], [ 31.1583, 48.85 ], [ 31.1667, 48.85 ], [ 31.1667, 48.8667 ], [ 31.1833, 48.875 ], [ 31.1833, 48.8833 ], [ 31.225, 48.8833 ], [ 31.225, 48.8917 ], [ 31.2667, 48.8917 ], [ 31.2667, 48.9 ], [ 31.2833, 48.9 ], [ 31.2833, 48.9083 ], [ 31.3, 48.9083 ], [ 31.3, 48.9167 ], [ 31.3167, 48.9167 ], [ 31.3167, 48.925 ], [ 31.3333, 48.925 ], [ 31.3333, 48.9167 ], [ 31.4167, 48.9167 ], [ 31.4167, 48.925 ], [ 31.45, 48.925 ], [ 31.45, 48.9333 ], [ 31.4667, 48.9333 ], [ 31.4667, 48.9417 ], [ 31.5, 48.9417 ] ] ], [ [ [ 27.0667, 49.1583 ], [ 27.0667, 49.15 ], [ 27.0833, 49.15 ], [ 27.0833, 49.1417 ], [ 27.1, 49.1333 ], [ 27.1, 49.125 ], [ 27.1167, 49.1167 ], [ 27.1167, 49.1083 ], [ 27.125, 49.1083 ], [ 27.125, 49.0917 ], [ 27.1333, 49.0917 ], [ 27.1333, 49.0583 ], [ 27.1167, 49.05 ], [ 27.1167, 48.9833 ], [ 27.125, 48.9833 ], [ 27.125, 48.9167 ], [ 27.1167, 48.9167 ], [ 27.1167, 48.8417 ], [ 27.125, 48.8417 ], [ 27.125, 48.825 ], [ 27.1167, 48.825 ], [ 27.1167, 48.8 ], [ 27.1083, 48.8 ], [ 27.1083, 48.7833 ], [ 27.0917, 48.775 ], [ 27.0917, 48.7667 ], [ 27.075, 48.7583 ], [ 27.0667, 48.7417 ], [ 27.0583, 48.7417 ], [ 27.0583, 48.725 ], [ 27.075, 48.7167 ], [ 27.075, 48.7 ], [ 27.0833, 48.7 ], [ 27.0833, 48.6917 ], [ 27.0917, 48.6917 ], [ 27.0917, 48.675 ], [ 27.1, 48.675 ], [ 27.1, 48.6417 ], [ 27.1083, 48.6417 ], [ 27.1083, 48.625 ], [ 27.1, 48.625 ], [ 27.1, 48.5917 ], [ 27.0917, 48.5917 ], [ 27.0917, 48.5833 ], [ 27.0333, 48.5833 ], [ 27.0333, 48.5917 ], [ 27.0, 48.5917 ], [ 27.0, 48.5833 ], [ 26.975, 48.5833 ], [ 26.975, 48.575 ], [ 26.95, 48.575 ], [ 26.95, 48.5667 ], [ 26.9167, 48.5667 ], [ 26.9167, 48.575 ], [ 26.9083, 48.575 ], [ 26.9083, 48.5917 ], [ 26.9, 48.5917 ], [ 26.9, 48.625 ], [ 26.8833, 48.6333 ], [ 26.8833, 48.6417 ], [ 26.8583, 48.6417 ], [ 26.8583, 48.6333 ], [ 26.8333, 48.6333 ], [ 26.825, 48.6167 ], [ 26.8, 48.6167 ], [ 26.8, 48.6083 ], [ 26.7417, 48.6083 ], [ 26.7333, 48.625 ], [ 26.725, 48.625 ], [ 26.725, 48.6417 ], [ 26.7083, 48.65 ], [ 26.7083, 48.7083 ], [ 26.7167, 48.7083 ], [ 26.7167, 48.7167 ], [ 26.7, 48.725 ], [ 26.7, 48.7417 ], [ 26.6917, 48.7417 ], [ 26.6917, 48.75 ], [ 26.675, 48.75 ], [ 26.675, 48.7667 ], [ 26.6917, 48.775 ], [ 26.6917, 48.7917 ], [ 26.7, 48.7917 ], [ 26.7, 48.8167 ], [ 26.7083, 48.8167 ], [ 26.7083, 48.825 ], [ 26.7583, 48.825 ], [ 26.7583, 48.8167 ], [ 26.8083, 48.8167 ], [ 26.8083, 48.825 ], [ 26.825, 48.825 ], [ 26.825, 48.8333 ], [ 26.8333, 48.8333 ], [ 26.8417, 48.85 ], [ 26.85, 48.85 ], [ 26.85, 48.8583 ], [ 26.8667, 48.8583 ], [ 26.8667, 48.8667 ], [ 26.9333, 48.8667 ], [ 26.9333, 48.875 ], [ 26.95, 48.875 ], [ 26.95, 48.8833 ], [ 26.9583, 48.8833 ], [ 26.9583, 48.875 ], [ 27.025, 48.875 ], [ 27.0333, 48.8917 ], [ 27.05, 48.8917 ], [ 27.0583, 48.9083 ], [ 27.075, 48.9083 ], [ 27.075, 48.9167 ], [ 27.0583, 48.925 ], [ 27.0583, 48.9417 ], [ 27.0417, 48.95 ], [ 27.0417, 49.0333 ], [ 27.0333, 49.0333 ], [ 27.0333, 49.05 ], [ 26.9917, 49.05 ], [ 26.9917, 49.0333 ], [ 26.9833, 49.0333 ], [ 26.9833, 49.0167 ], [ 26.975, 49.0167 ], [ 26.975, 49.0083 ], [ 26.9667, 49.0083 ], [ 26.9667, 49.0167 ], [ 26.9417, 49.0167 ], [ 26.9417, 49.0417 ], [ 26.9333, 49.0417 ], [ 26.9333, 49.0583 ], [ 26.9417, 49.0583 ], [ 26.9417, 49.075 ], [ 26.9333, 49.075 ], [ 26.9333, 49.0833 ], [ 26.95, 49.0917 ], [ 26.95, 49.1 ], [ 26.9833, 49.1 ], [ 26.9833, 49.0917 ], [ 27.0, 49.0917 ], [ 27.0, 49.0833 ], [ 27.0333, 49.0833 ], [ 27.0333, 49.1583 ], [ 27.0667, 49.1583 ] ] ], [ [ [ 30.6583, 48.7667 ], [ 30.6583, 48.7583 ], [ 30.7, 48.7583 ], [ 30.7, 48.75 ], [ 30.8167, 48.75 ], [ 30.8167, 48.7417 ], [ 30.825, 48.7417 ], [ 30.825, 48.7333 ], [ 30.8083, 48.725 ], [ 30.8083, 48.7167 ], [ 30.7917, 48.7167 ], [ 30.7917, 48.7083 ], [ 30.775, 48.7083 ], [ 30.775, 48.6833 ], [ 30.7917, 48.675 ], [ 30.7917, 48.65 ], [ 30.7833, 48.65 ], [ 30.775, 48.6333 ], [ 30.7583, 48.6333 ], [ 30.75, 48.6167 ], [ 30.7333, 48.6167 ], [ 30.7333, 48.6083 ], [ 30.7167, 48.6083 ], [ 30.7083, 48.5917 ], [ 30.7, 48.5917 ], [ 30.7, 48.5833 ], [ 30.6833, 48.575 ], [ 30.6833, 48.5667 ], [ 30.675, 48.5667 ], [ 30.675, 48.55 ], [ 30.6667, 48.55 ], [ 30.6667, 48.5417 ], [ 30.6583, 48.5417 ], [ 30.65, 48.525 ], [ 30.6417, 48.525 ], [ 30.6417, 48.5167 ], [ 30.6167, 48.5167 ], [ 30.6167, 48.55 ], [ 30.625, 48.55 ], [ 30.625, 48.5583 ], [ 30.6167, 48.5583 ], [ 30.6167, 48.6 ], [ 30.625, 48.6 ], [ 30.625, 48.6167 ], [ 30.6333, 48.6167 ], [ 30.6333, 48.625 ], [ 30.65, 48.625 ], [ 30.6583, 48.6417 ], [ 30.6667, 48.6417 ], [ 30.6667, 48.65 ], [ 30.675, 48.65 ], [ 30.6833, 48.6667 ], [ 30.6917, 48.6667 ], [ 30.6917, 48.6917 ], [ 30.6833, 48.6917 ], [ 30.6833, 48.7 ], [ 30.6667, 48.7 ], [ 30.6667, 48.7083 ], [ 30.6417, 48.7083 ], [ 30.6417, 48.7167 ], [ 30.5667, 48.7167 ], [ 30.5667, 48.725 ], [ 30.5417, 48.725 ], [ 30.5333, 48.7417 ], [ 30.55, 48.75 ], [ 30.55, 48.7583 ], [ 30.5667, 48.7583 ], [ 30.5667, 48.7667 ], [ 30.6583, 48.7667 ] ] ], [ [ [ 25.4, 48.6 ], [ 25.4083, 48.5833 ], [ 25.425, 48.5833 ], [ 25.4333, 48.5667 ], [ 25.45, 48.5583 ], [ 25.45, 48.5417 ], [ 25.4583, 48.5417 ], [ 25.4583, 48.5333 ], [ 25.475, 48.5333 ], [ 25.475, 48.525 ], [ 25.4833, 48.525 ], [ 25.4833, 48.5167 ], [ 25.625, 48.5167 ], [ 25.625, 48.5083 ], [ 25.675, 48.5083 ], [ 25.675, 48.5 ], [ 25.7083, 48.5 ], [ 25.7083, 48.475 ], [ 25.6917, 48.475 ], [ 25.6917, 48.4667 ], [ 25.65, 48.4667 ], [ 25.65, 48.475 ], [ 25.6083, 48.475 ], [ 25.6083, 48.4833 ], [ 25.575, 48.4833 ], [ 25.575, 48.4917 ], [ 25.4333, 48.4917 ], [ 25.4333, 48.5 ], [ 25.4, 48.5 ], [ 25.4, 48.5083 ], [ 25.3833, 48.5083 ], [ 25.3833, 48.5167 ], [ 25.3667, 48.5167 ], [ 25.3667, 48.525 ], [ 25.3417, 48.525 ], [ 25.3417, 48.5417 ], [ 25.325, 48.55 ], [ 25.325, 48.5833 ], [ 25.3417, 48.5917 ], [ 25.3417, 48.6 ], [ 25.4, 48.6 ] ] ], [ [ [ 27.5583, 48.4833 ], [ 27.5583, 48.4917 ], [ 27.55, 48.4917 ], [ 27.55, 48.5167 ], [ 27.5667, 48.525 ], [ 27.5667, 48.5417 ], [ 27.5833, 48.55 ], [ 27.5917, 48.5667 ], [ 27.6, 48.5667 ], [ 27.6, 48.5833 ], [ 27.6167, 48.5917 ], [ 27.6167, 48.6083 ], [ 27.5917, 48.6083 ], [ 27.5833, 48.5917 ], [ 27.5667, 48.5833 ], [ 27.5667, 48.575 ], [ 27.5417, 48.575 ], [ 27.5417, 48.5833 ], [ 27.5333, 48.5833 ], [ 27.5333, 48.6 ], [ 27.5417, 48.6 ], [ 27.5417, 48.625 ], [ 27.55, 48.625 ], [ 27.55, 48.6417 ], [ 27.5667, 48.65 ], [ 27.5667, 48.6667 ], [ 27.5583, 48.6667 ], [ 27.5583, 48.6917 ], [ 27.5667, 48.6917 ], [ 27.5667, 48.7167 ], [ 27.575, 48.7167 ], [ 27.575, 48.7333 ], [ 27.5833, 48.7333 ], [ 27.5833, 48.75 ], [ 27.5917, 48.75 ], [ 27.5917, 48.775 ], [ 27.6, 48.775 ], [ 27.6, 48.7917 ], [ 27.5917, 48.7917 ], [ 27.5917, 48.8 ], [ 27.575, 48.8 ], [ 27.575, 48.7917 ], [ 27.5667, 48.7917 ], [ 27.5667, 48.7667 ], [ 27.5583, 48.7667 ], [ 27.5583, 48.7417 ], [ 27.55, 48.7417 ], [ 27.55, 48.7167 ], [ 27.5417, 48.7167 ], [ 27.5417, 48.7 ], [ 27.5333, 48.7 ], [ 27.5333, 48.6833 ], [ 27.5167, 48.675 ], [ 27.5167, 48.6583 ], [ 27.5083, 48.6583 ], [ 27.5083, 48.65 ], [ 27.4917, 48.65 ], [ 27.4917, 48.6417 ], [ 27.475, 48.6417 ], [ 27.475, 48.6333 ], [ 27.3333, 48.6333 ], [ 27.3333, 48.6417 ], [ 27.2917, 48.6417 ], [ 27.2917, 48.6333 ], [ 27.275, 48.6333 ], [ 27.275, 48.625 ], [ 27.2667, 48.625 ], [ 27.2667, 48.6083 ], [ 27.2583, 48.6083 ], [ 27.2583, 48.6 ], [ 27.2333, 48.6 ], [ 27.2333, 48.5917 ], [ 27.2083, 48.5917 ], [ 27.2083, 48.6 ], [ 27.1917, 48.6 ], [ 27.1917, 48.6083 ], [ 27.1833, 48.6083 ], [ 27.1833, 48.6333 ], [ 27.1667, 48.6417 ], [ 27.1667, 48.6583 ], [ 27.15, 48.6667 ], [ 27.15, 48.7083 ], [ 27.1583, 48.7083 ], [ 27.1583, 48.75 ], [ 27.1667, 48.75 ], [ 27.1667, 48.775 ], [ 27.175, 48.775 ], [ 27.175, 48.8 ], [ 27.1833, 48.8 ], [ 27.1833, 48.8167 ], [ 27.1917, 48.8167 ], [ 27.1917, 48.8583 ], [ 27.1833, 48.8583 ], [ 27.1833, 48.8917 ], [ 27.175, 48.8917 ], [ 27.175, 48.9167 ], [ 27.1667, 48.9167 ], [ 27.1667, 48.9417 ], [ 27.175, 48.9417 ], [ 27.175, 48.9667 ], [ 27.1667, 48.9667 ], [ 27.1667, 48.9833 ], [ 27.175, 48.9833 ], [ 27.175, 49.0083 ], [ 27.1667, 49.0083 ], [ 27.1667, 49.0333 ], [ 27.1583, 49.0333 ], [ 27.1583, 49.05 ], [ 27.15, 49.05 ], [ 27.15, 49.0583 ], [ 27.1583, 49.0583 ], [ 27.1667, 49.075 ], [ 27.175, 49.075 ], [ 27.175, 49.0917 ], [ 27.1833, 49.0917 ], [ 27.1833, 49.125 ], [ 27.175, 49.125 ], [ 27.175, 49.1417 ], [ 27.1667, 49.1417 ], [ 27.1583, 49.1583 ], [ 27.15, 49.1583 ], [ 27.15, 49.175 ], [ 27.1417, 49.175 ], [ 27.1417, 49.2 ], [ 27.15, 49.2 ], [ 27.15, 49.2083 ], [ 27.2167, 49.2083 ], [ 27.2167, 49.2 ], [ 27.3167, 49.2 ], [ 27.3167, 49.1833 ], [ 27.3083, 49.1833 ], [ 27.3083, 49.1333 ], [ 27.3167, 49.1333 ], [ 27.3167, 49.125 ], [ 27.3333, 49.125 ], [ 27.3333, 49.1167 ], [ 27.375, 49.1167 ], [ 27.375, 49.125 ], [ 27.4, 49.125 ], [ 27.4, 49.1167 ], [ 27.45, 49.1167 ], [ 27.45, 49.125 ], [ 27.5, 49.125 ], [ 27.5, 49.1167 ], [ 27.525, 49.1167 ], [ 27.525, 49.1083 ], [ 27.5417, 49.1083 ], [ 27.5417, 49.1 ], [ 27.5583, 49.1 ], [ 27.5583, 49.0917 ], [ 27.575, 49.0917 ], [ 27.575, 49.0833 ], [ 27.5917, 49.0833 ], [ 27.5917, 49.075 ], [ 27.6083, 49.075 ], [ 27.6167, 49.0583 ], [ 27.6333, 49.0583 ], [ 27.6417, 49.0417 ], [ 27.6667, 49.0417 ], [ 27.6667, 49.0333 ], [ 27.7333, 49.0333 ], [ 27.7333, 49.0417 ], [ 27.7667, 49.0417 ], [ 27.775, 49.0583 ], [ 27.7417, 49.0583 ], [ 27.7417, 49.0667 ], [ 27.6917, 49.0667 ], [ 27.6833, 49.0833 ], [ 27.6667, 49.0833 ], [ 27.6667, 49.075 ], [ 27.6583, 49.075 ], [ 27.6583, 49.0833 ], [ 27.6417, 49.0833 ], [ 27.6333, 49.1 ], [ 27.6167, 49.1 ], [ 27.6167, 49.1083 ], [ 27.6, 49.1083 ], [ 27.5917, 49.125 ], [ 27.5833, 49.125 ], [ 27.5833, 49.1417 ], [ 27.5917, 49.1417 ], [ 27.5917, 49.1667 ], [ 27.5833, 49.1667 ], [ 27.5833, 49.175 ], [ 27.575, 49.175 ], [ 27.5667, 49.1917 ], [ 27.55, 49.1917 ], [ 27.55, 49.2 ], [ 27.5333, 49.2 ], [ 27.5333, 49.2083 ], [ 27.5167, 49.2083 ], [ 27.5167, 49.2167 ], [ 27.4917, 49.2167 ], [ 27.4917, 49.225 ], [ 27.475, 49.225 ], [ 27.475, 49.2333 ], [ 27.4917, 49.2333 ], [ 27.4917, 49.2417 ], [ 27.5083, 49.2417 ], [ 27.5083, 49.25 ], [ 27.525, 49.25 ], [ 27.525, 49.2583 ], [ 27.5417, 49.2583 ], [ 27.5417, 49.2667 ], [ 27.5583, 49.2667 ], [ 27.5667, 49.2833 ], [ 27.5833, 49.2833 ], [ 27.5833, 49.2917 ], [ 27.6, 49.3 ], [ 27.6, 49.3083 ], [ 27.6167, 49.3167 ], [ 27.6167, 49.325 ], [ 27.6333, 49.325 ], [ 27.6417, 49.3417 ], [ 27.6583, 49.3417 ], [ 27.6667, 49.3583 ], [ 27.6833, 49.3583 ], [ 27.6833, 49.3667 ], [ 27.6917, 49.3667 ], [ 27.6917, 49.3917 ], [ 27.7083, 49.3917 ], [ 27.7083, 49.4167 ], [ 27.7167, 49.4167 ], [ 27.7167, 49.4333 ], [ 27.7333, 49.4417 ], [ 27.7333, 49.45 ], [ 27.75, 49.45 ], [ 27.75, 49.4583 ], [ 27.7667, 49.4583 ], [ 27.7667, 49.4667 ], [ 27.7833, 49.4667 ], [ 27.7833, 49.4917 ], [ 27.8, 49.4917 ], [ 27.8083, 49.5083 ], [ 27.8417, 49.5083 ], [ 27.8417, 49.5167 ], [ 27.8583, 49.5167 ], [ 27.8583, 49.525 ], [ 27.8833, 49.525 ], [ 27.8833, 49.5333 ], [ 28.025, 49.5333 ], [ 28.0333, 49.5167 ], [ 28.05, 49.5167 ], [ 28.05, 49.5083 ], [ 28.0667, 49.5083 ], [ 28.075, 49.4917 ], [ 28.1, 49.4917 ], [ 28.1, 49.4833 ], [ 28.1333, 49.4833 ], [ 28.1333, 49.4917 ], [ 28.2083, 49.4917 ], [ 28.2083, 49.4833 ], [ 28.225, 49.4833 ], [ 28.225, 49.475 ], [ 28.2583, 49.475 ], [ 28.2583, 49.4667 ], [ 28.2917, 49.4667 ], [ 28.2917, 49.475 ], [ 28.3, 49.475 ], [ 28.3, 49.4667 ], [ 28.3333, 49.4667 ], [ 28.3333, 49.4583 ], [ 28.375, 49.4583 ], [ 28.375, 49.45 ], [ 28.4, 49.45 ], [ 28.4, 49.4417 ], [ 28.4167, 49.4417 ], [ 28.425, 49.425 ], [ 28.4333, 49.425 ], [ 28.4333, 49.4083 ], [ 28.4417, 49.4083 ], [ 28.4417, 49.3833 ], [ 28.4583, 49.3833 ], [ 28.4667, 49.3667 ], [ 28.4833, 49.3667 ], [ 28.4833, 49.3583 ], [ 28.5, 49.35 ], [ 28.5, 49.3417 ], [ 28.525, 49.3417 ], [ 28.5333, 49.325 ], [ 28.55, 49.325 ], [ 28.55, 49.3167 ], [ 28.5583, 49.3167 ], [ 28.5583, 49.3083 ], [ 28.575, 49.3083 ], [ 28.575, 49.3 ], [ 28.5917, 49.3 ], [ 28.6, 49.2833 ], [ 28.6167, 49.275 ], [ 28.6167, 49.2583 ], [ 28.6083, 49.2583 ], [ 28.6083, 49.25 ], [ 28.5917, 49.2417 ], [ 28.5917, 49.2333 ], [ 28.5833, 49.2333 ], [ 28.5833, 49.225 ], [ 28.575, 49.225 ], [ 28.575, 49.2 ], [ 28.5667, 49.2 ], [ 28.5667, 49.1917 ], [ 28.575, 49.1917 ], [ 28.575, 49.1833 ], [ 28.6, 49.1833 ], [ 28.6, 49.175 ], [ 28.6167, 49.175 ], [ 28.6167, 49.1833 ], [ 28.6333, 49.1833 ], [ 28.6333, 49.175 ], [ 28.6917, 49.175 ], [ 28.6917, 49.1667 ], [ 28.7167, 49.1667 ], [ 28.7167, 49.1583 ], [ 28.7333, 49.15 ], [ 28.7333, 49.1333 ], [ 28.7417, 49.1333 ], [ 28.7417, 49.1167 ], [ 28.75, 49.1167 ], [ 28.75, 49.0583 ], [ 28.7583, 49.0583 ], [ 28.7583, 49.05 ], [ 28.825, 49.05 ], [ 28.825, 49.0583 ], [ 28.8417, 49.0583 ], [ 28.8417, 49.0667 ], [ 28.8583, 49.0667 ], [ 28.8667, 49.0833 ], [ 28.875, 49.0833 ], [ 28.875, 49.075 ], [ 28.8917, 49.075 ], [ 28.8917, 49.0667 ], [ 28.975, 49.0667 ], [ 28.975, 49.075 ], [ 29.0083, 49.075 ], [ 29.0083, 49.0833 ], [ 29.05, 49.0833 ], [ 29.05, 49.0917 ], [ 29.0667, 49.0917 ], [ 29.0667, 49.0833 ], [ 29.1417, 49.0833 ], [ 29.1417, 49.0917 ], [ 29.1667, 49.0917 ], [ 29.1667, 49.1 ], [ 29.1833, 49.1083 ], [ 29.1833, 49.1167 ], [ 29.2333, 49.1167 ], [ 29.2333, 49.1083 ], [ 29.25, 49.1083 ], [ 29.25, 49.1 ], [ 29.275, 49.1 ], [ 29.275, 49.0917 ], [ 29.3, 49.0917 ], [ 29.3, 49.0833 ], [ 29.3167, 49.0833 ], [ 29.3167, 49.075 ], [ 29.3417, 49.075 ], [ 29.3417, 49.0667 ], [ 29.3583, 49.0667 ], [ 29.3583, 49.0583 ], [ 29.3833, 49.0583 ], [ 29.3833, 49.05 ], [ 29.4083, 49.05 ], [ 29.4083, 49.0417 ], [ 29.4333, 49.0417 ], [ 29.4417, 49.0583 ], [ 29.4583, 49.0583 ], [ 29.4667, 49.075 ], [ 29.5417, 49.075 ], [ 29.5417, 49.0667 ], [ 29.5917, 49.0667 ], [ 29.5917, 49.0583 ], [ 29.65, 49.0583 ], [ 29.65, 49.0667 ], [ 29.6667, 49.0667 ], [ 29.6667, 49.075 ], [ 29.675, 49.075 ], [ 29.6833, 49.0917 ], [ 29.6917, 49.0917 ], [ 29.6917, 49.1 ], [ 29.7083, 49.1 ], [ 29.7167, 49.1167 ], [ 29.7333, 49.125 ], [ 29.7333, 49.1333 ], [ 29.7667, 49.1333 ], [ 29.7667, 49.125 ], [ 29.7833, 49.125 ], [ 29.7833, 49.1167 ], [ 29.8, 49.1167 ], [ 29.8, 49.1083 ], [ 29.8167, 49.1083 ], [ 29.8167, 49.1 ], [ 29.8333, 49.1 ], [ 29.8417, 49.0833 ], [ 29.85, 49.0833 ], [ 29.85, 49.075 ], [ 29.8667, 49.075 ], [ 29.8667, 49.0833 ], [ 29.8917, 49.0833 ], [ 29.8917, 49.075 ], [ 29.9, 49.075 ], [ 29.9, 49.0667 ], [ 29.9167, 49.0667 ], [ 29.9167, 49.0583 ], [ 29.9417, 49.0583 ], [ 29.9417, 49.05 ], [ 29.9667, 49.05 ], [ 29.9667, 49.0417 ], [ 29.9833, 49.0417 ], [ 29.9833, 49.0333 ], [ 30.0, 49.0333 ], [ 30.0, 49.0083 ], [ 29.9917, 49.0083 ], [ 29.9917, 49.0 ], [ 29.9333, 49.0 ], [ 29.9333, 49.0083 ], [ 29.9167, 49.0083 ], [ 29.9167, 49.0 ], [ 29.9, 49.0 ], [ 29.9, 48.9667 ], [ 29.9083, 48.9667 ], [ 29.9083, 48.9417 ], [ 29.9167, 48.9417 ], [ 29.9167, 48.925 ], [ 29.925, 48.925 ], [ 29.925, 48.9083 ], [ 29.9417, 48.9 ], [ 29.95, 48.8833 ], [ 29.9667, 48.8833 ], [ 29.9667, 48.875 ], [ 29.9917, 48.875 ], [ 29.9917, 48.8667 ], [ 30.0083, 48.8667 ], [ 30.0083, 48.8583 ], [ 30.025, 48.8583 ], [ 30.025, 48.85 ], [ 30.05, 48.85 ], [ 30.0583, 48.8333 ], [ 30.075, 48.8333 ], [ 30.075, 48.825 ], [ 30.0833, 48.825 ], [ 30.0917, 48.8083 ], [ 30.1, 48.8083 ], [ 30.1, 48.8 ], [ 30.1167, 48.7917 ], [ 30.1167, 48.775 ], [ 30.125, 48.775 ], [ 30.1333, 48.7583 ], [ 30.1667, 48.7583 ], [ 30.175, 48.775 ], [ 30.2167, 48.775 ], [ 30.225, 48.7583 ], [ 30.2167, 48.7583 ], [ 30.2167, 48.75 ], [ 30.2333, 48.75 ], [ 30.2417, 48.7333 ], [ 30.275, 48.7333 ], [ 30.275, 48.7417 ], [ 30.2833, 48.7417 ], [ 30.2833, 48.775 ], [ 30.3, 48.7833 ], [ 30.3, 48.7917 ], [ 30.3167, 48.7917 ], [ 30.3167, 48.7833 ], [ 30.3333, 48.7833 ], [ 30.3417, 48.7667 ], [ 30.35, 48.7667 ], [ 30.35, 48.7583 ], [ 30.3583, 48.7583 ], [ 30.3583, 48.75 ], [ 30.375, 48.75 ], [ 30.3833, 48.7333 ], [ 30.4, 48.7333 ], [ 30.4, 48.725 ], [ 30.4417, 48.725 ], [ 30.4417, 48.7167 ], [ 30.4667, 48.7167 ], [ 30.475, 48.7 ], [ 30.4667, 48.7 ], [ 30.4667, 48.6917 ], [ 30.3917, 48.6917 ], [ 30.3917, 48.6833 ], [ 30.375, 48.6833 ], [ 30.375, 48.675 ], [ 30.3583, 48.675 ], [ 30.3583, 48.6667 ], [ 30.35, 48.6667 ], [ 30.35, 48.65 ], [ 30.3417, 48.65 ], [ 30.3417, 48.6333 ], [ 30.3583, 48.625 ], [ 30.3583, 48.6167 ], [ 30.3833, 48.6167 ], [ 30.3833, 48.6083 ], [ 30.4167, 48.6083 ], [ 30.4167, 48.6 ], [ 30.45, 48.6 ], [ 30.45, 48.5917 ], [ 30.4667, 48.5833 ], [ 30.4667, 48.575 ], [ 30.4583, 48.575 ], [ 30.4583, 48.5667 ], [ 30.4333, 48.5667 ], [ 30.4333, 48.5583 ], [ 30.3833, 48.5583 ], [ 30.3833, 48.55 ], [ 30.3583, 48.55 ], [ 30.3583, 48.5417 ], [ 30.3417, 48.5417 ], [ 30.3417, 48.5333 ], [ 30.325, 48.5333 ], [ 30.325, 48.525 ], [ 30.3083, 48.525 ], [ 30.3083, 48.5167 ], [ 30.2917, 48.5167 ], [ 30.2917, 48.5083 ], [ 30.2833, 48.5083 ], [ 30.275, 48.4917 ], [ 30.2667, 48.4917 ], [ 30.2667, 48.4833 ], [ 30.25, 48.4833 ], [ 30.25, 48.475 ], [ 30.2083, 48.475 ], [ 30.2083, 48.4833 ], [ 30.1917, 48.4833 ], [ 30.1917, 48.4917 ], [ 30.1833, 48.4917 ], [ 30.175, 48.5083 ], [ 30.1667, 48.5083 ], [ 30.1667, 48.5417 ], [ 30.175, 48.5417 ], [ 30.175, 48.5583 ], [ 30.1917, 48.5667 ], [ 30.1917, 48.5833 ], [ 30.2, 48.5833 ], [ 30.2, 48.6 ], [ 30.2167, 48.6083 ], [ 30.2167, 48.6333 ], [ 30.2, 48.6333 ], [ 30.2, 48.6417 ], [ 30.175, 48.6417 ], [ 30.175, 48.65 ], [ 30.1333, 48.65 ], [ 30.1333, 48.6667 ], [ 30.125, 48.6667 ], [ 30.125, 48.6833 ], [ 30.1083, 48.6833 ], [ 30.1083, 48.6917 ], [ 30.1, 48.6917 ], [ 30.1, 48.6833 ], [ 30.0667, 48.6833 ], [ 30.0667, 48.675 ], [ 30.0583, 48.675 ], [ 30.0583, 48.6667 ], [ 30.05, 48.6667 ], [ 30.0417, 48.65 ], [ 30.0167, 48.65 ], [ 30.0167, 48.6417 ], [ 30.0083, 48.6417 ], [ 30.0083, 48.65 ], [ 29.9917, 48.65 ], [ 29.9917, 48.6833 ], [ 30.0, 48.6833 ], [ 30.0, 48.7 ], [ 30.0167, 48.7083 ], [ 30.025, 48.725 ], [ 30.0333, 48.725 ], [ 30.0333, 48.7417 ], [ 30.05, 48.75 ], [ 30.05, 48.775 ], [ 30.0333, 48.7833 ], [ 30.0333, 48.7917 ], [ 30.0167, 48.7917 ], [ 30.0083, 48.8083 ], [ 29.9917, 48.8083 ], [ 29.9833, 48.825 ], [ 29.9667, 48.825 ], [ 29.9667, 48.8333 ], [ 29.95, 48.8333 ], [ 29.95, 48.8417 ], [ 29.925, 48.8417 ], [ 29.925, 48.85 ], [ 29.9083, 48.85 ], [ 29.9083, 48.8583 ], [ 29.8833, 48.8583 ], [ 29.8833, 48.8667 ], [ 29.8583, 48.8667 ], [ 29.8583, 48.875 ], [ 29.8417, 48.875 ], [ 29.8417, 48.8667 ], [ 29.7917, 48.8667 ], [ 29.7917, 48.875 ], [ 29.7667, 48.875 ], [ 29.7667, 48.8833 ], [ 29.75, 48.8833 ], [ 29.75, 48.8917 ], [ 29.725, 48.8917 ], [ 29.725, 48.9 ], [ 29.6833, 48.9 ], [ 29.6833, 48.8917 ], [ 29.675, 48.8917 ], [ 29.675, 48.8833 ], [ 29.6583, 48.875 ], [ 29.6583, 48.8667 ], [ 29.6667, 48.8667 ], [ 29.6667, 48.85 ], [ 29.6833, 48.85 ], [ 29.6833, 48.8417 ], [ 29.7, 48.8333 ], [ 29.7, 48.825 ], [ 29.7167, 48.825 ], [ 29.7167, 48.8167 ], [ 29.7333, 48.8167 ], [ 29.7333, 48.8083 ], [ 29.75, 48.8083 ], [ 29.7583, 48.7917 ], [ 29.7667, 48.7917 ], [ 29.7667, 48.7833 ], [ 29.775, 48.7833 ], [ 29.775, 48.7583 ], [ 29.7667, 48.7583 ], [ 29.7667, 48.7333 ], [ 29.75, 48.725 ], [ 29.75, 48.6917 ], [ 29.7417, 48.6917 ], [ 29.7417, 48.6667 ], [ 29.75, 48.6667 ], [ 29.75, 48.6583 ], [ 29.7667, 48.65 ], [ 29.7667, 48.6333 ], [ 29.7583, 48.6333 ], [ 29.7583, 48.625 ], [ 29.6917, 48.625 ], [ 29.6917, 48.6167 ], [ 29.575, 48.6167 ], [ 29.575, 48.6083 ], [ 29.5667, 48.6083 ], [ 29.5583, 48.5917 ], [ 29.55, 48.5917 ], [ 29.55, 48.5833 ], [ 29.525, 48.5833 ], [ 29.525, 48.5917 ], [ 29.5167, 48.5917 ], [ 29.5167, 48.625 ], [ 29.525, 48.625 ], [ 29.525, 48.6417 ], [ 29.5167, 48.6417 ], [ 29.5167, 48.65 ], [ 29.475, 48.65 ], [ 29.475, 48.6417 ], [ 29.4667, 48.6417 ], [ 29.4667, 48.6333 ], [ 29.45, 48.625 ], [ 29.45, 48.6167 ], [ 29.4167, 48.6167 ], [ 29.4167, 48.625 ], [ 29.4083, 48.625 ], [ 29.4083, 48.6417 ], [ 29.4, 48.6417 ], [ 29.3917, 48.6583 ], [ 29.375, 48.6583 ], [ 29.375, 48.65 ], [ 29.3333, 48.65 ], [ 29.3333, 48.6417 ], [ 29.3167, 48.6333 ], [ 29.3167, 48.6167 ], [ 29.3, 48.6083 ], [ 29.3, 48.5917 ], [ 29.2833, 48.5833 ], [ 29.2833, 48.5667 ], [ 29.2667, 48.5583 ], [ 29.2667, 48.55 ], [ 29.2583, 48.55 ], [ 29.2583, 48.5417 ], [ 29.2417, 48.5417 ], [ 29.2417, 48.5333 ], [ 29.2167, 48.5333 ], [ 29.2167, 48.525 ], [ 29.1917, 48.525 ], [ 29.1917, 48.5167 ], [ 29.175, 48.5167 ], [ 29.175, 48.5083 ], [ 29.1667, 48.5083 ], [ 29.1667, 48.4917 ], [ 29.1583, 48.4917 ], [ 29.1583, 48.475 ], [ 29.15, 48.475 ], [ 29.15, 48.4667 ], [ 29.1917, 48.4667 ], [ 29.1917, 48.475 ], [ 29.225, 48.475 ], [ 29.225, 48.4667 ], [ 29.2917, 48.4667 ], [ 29.2917, 48.4583 ], [ 29.3583, 48.4583 ], [ 29.3583, 48.4667 ], [ 29.45, 48.4667 ], [ 29.45, 48.4583 ], [ 29.5083, 48.4583 ], [ 29.5083, 48.45 ], [ 29.5333, 48.45 ], [ 29.5333, 48.4333 ], [ 29.5167, 48.425 ], [ 29.5167, 48.4167 ], [ 29.4083, 48.4167 ], [ 29.4083, 48.425 ], [ 29.3917, 48.425 ], [ 29.3917, 48.4167 ], [ 29.375, 48.4167 ], [ 29.375, 48.425 ], [ 29.275, 48.425 ], [ 29.275, 48.4333 ], [ 29.2417, 48.4333 ], [ 29.2417, 48.425 ], [ 29.1917, 48.425 ], [ 29.1917, 48.4167 ], [ 29.1667, 48.4167 ], [ 29.1667, 48.425 ], [ 29.0333, 48.425 ], [ 29.0333, 48.4167 ], [ 29.0083, 48.4167 ], [ 29.0083, 48.4083 ], [ 28.9333, 48.4083 ], [ 28.9333, 48.4167 ], [ 28.9, 48.4167 ], [ 28.9, 48.425 ], [ 28.8833, 48.425 ], [ 28.8833, 48.4333 ], [ 28.8667, 48.4333 ], [ 28.8667, 48.4417 ], [ 28.8583, 48.4417 ], [ 28.85, 48.4583 ], [ 28.8417, 48.4583 ], [ 28.8417, 48.4667 ], [ 28.825, 48.4667 ], [ 28.825, 48.475 ], [ 28.7333, 48.475 ], [ 28.7333, 48.4833 ], [ 28.7167, 48.4833 ], [ 28.7167, 48.4917 ], [ 28.6917, 48.4917 ], [ 28.6917, 48.5 ], [ 28.675, 48.5 ], [ 28.675, 48.5083 ], [ 28.65, 48.5083 ], [ 28.65, 48.5167 ], [ 28.6167, 48.5167 ], [ 28.6167, 48.5083 ], [ 28.6083, 48.5083 ], [ 28.6083, 48.45 ], [ 28.5583, 48.45 ], [ 28.5583, 48.4583 ], [ 28.5417, 48.4583 ], [ 28.5417, 48.4667 ], [ 28.525, 48.4667 ], [ 28.5167, 48.4833 ], [ 28.4583, 48.4833 ], [ 28.45, 48.4667 ], [ 28.4333, 48.4667 ], [ 28.425, 48.45 ], [ 28.4, 48.45 ], [ 28.4, 48.4417 ], [ 28.375, 48.4417 ], [ 28.375, 48.4333 ], [ 28.35, 48.4333 ], [ 28.35, 48.425 ], [ 28.3333, 48.425 ], [ 28.325, 48.4083 ], [ 28.3083, 48.4 ], [ 28.3, 48.3833 ], [ 28.275, 48.3833 ], [ 28.275, 48.4 ], [ 28.2667, 48.4 ], [ 28.2667, 48.425 ], [ 28.2583, 48.425 ], [ 28.2583, 48.45 ], [ 28.275, 48.45 ], [ 28.2833, 48.4667 ], [ 28.2917, 48.4667 ], [ 28.2917, 48.4833 ], [ 28.3, 48.4833 ], [ 28.3083, 48.5 ], [ 28.3167, 48.5 ], [ 28.3167, 48.5167 ], [ 28.325, 48.5167 ], [ 28.325, 48.5583 ], [ 28.3083, 48.5583 ], [ 28.3083, 48.5667 ], [ 28.3, 48.5667 ], [ 28.3, 48.575 ], [ 28.2833, 48.575 ], [ 28.2833, 48.5833 ], [ 28.25, 48.5833 ], [ 28.25, 48.575 ], [ 28.2333, 48.575 ], [ 28.2333, 48.5667 ], [ 28.2083, 48.5667 ], [ 28.2083, 48.5583 ], [ 28.175, 48.5583 ], [ 28.175, 48.5667 ], [ 28.1583, 48.5667 ], [ 28.1583, 48.575 ], [ 28.1417, 48.575 ], [ 28.1417, 48.5833 ], [ 28.1167, 48.5833 ], [ 28.1167, 48.5667 ], [ 28.1083, 48.5667 ], [ 28.1083, 48.5083 ], [ 28.1, 48.5083 ], [ 28.1, 48.475 ], [ 28.1083, 48.475 ], [ 28.1167, 48.4583 ], [ 28.125, 48.4583 ], [ 28.125, 48.4417 ], [ 28.1417, 48.4333 ], [ 28.1417, 48.3833 ], [ 28.1333, 48.3833 ], [ 28.1333, 48.3667 ], [ 28.1167, 48.3583 ], [ 28.1167, 48.3417 ], [ 28.1, 48.3417 ], [ 28.1, 48.3333 ], [ 28.0833, 48.3333 ], [ 28.0833, 48.325 ], [ 28.0667, 48.325 ], [ 28.0667, 48.3202 ], [ 28.0418, 48.326 ], [ 27.9963, 48.325 ], [ 27.9833, 48.325 ], [ 27.9833, 48.3333 ], [ 27.9667, 48.3333 ], [ 27.9667, 48.3417 ], [ 27.9583, 48.3417 ], [ 27.9583, 48.3583 ], [ 27.95, 48.3583 ], [ 27.95, 48.375 ], [ 27.9417, 48.375 ], [ 27.9417, 48.3917 ], [ 27.9333, 48.3917 ], [ 27.9333, 48.4 ], [ 27.925, 48.4 ], [ 27.925, 48.4083 ], [ 27.9083, 48.4083 ], [ 27.9, 48.425 ], [ 27.8833, 48.425 ], [ 27.8833, 48.4333 ], [ 27.875, 48.4333 ], [ 27.875, 48.45 ], [ 27.8667, 48.45 ], [ 27.8667, 48.475 ], [ 27.875, 48.475 ], [ 27.875, 48.4917 ], [ 27.8917, 48.5 ], [ 27.8917, 48.5167 ], [ 27.9, 48.5167 ], [ 27.9, 48.5333 ], [ 27.9167, 48.5417 ], [ 27.9167, 48.5667 ], [ 27.925, 48.5667 ], [ 27.925, 48.5833 ], [ 27.9333, 48.5833 ], [ 27.9333, 48.6083 ], [ 27.9167, 48.6083 ], [ 27.9167, 48.6167 ], [ 27.9, 48.6167 ], [ 27.9, 48.6 ], [ 27.8917, 48.6 ], [ 27.8917, 48.5833 ], [ 27.8833, 48.5833 ], [ 27.8833, 48.5583 ], [ 27.875, 48.5583 ], [ 27.875, 48.5417 ], [ 27.8667, 48.5417 ], [ 27.8667, 48.5333 ], [ 27.85, 48.525 ], [ 27.85, 48.5083 ], [ 27.8333, 48.5 ], [ 27.8333, 48.4833 ], [ 27.825, 48.4833 ], [ 27.825, 48.4583 ], [ 27.8083, 48.45 ], [ 27.8083, 48.4417 ], [ 27.7917, 48.45 ], [ 27.7891, 48.4449 ], [ 27.7863, 48.4466 ], [ 27.7622, 48.4562 ], [ 27.7474, 48.4581 ], [ 27.7101, 48.4506 ], [ 27.6856, 48.4417 ], [ 27.6833, 48.4417 ], [ 27.675, 48.4583 ], [ 27.6667, 48.4583 ], [ 27.6667, 48.4917 ], [ 27.6833, 48.5 ], [ 27.6833, 48.55 ], [ 27.6917, 48.55 ], [ 27.6917, 48.5667 ], [ 27.7, 48.5667 ], [ 27.7, 48.5833 ], [ 27.7083, 48.5833 ], [ 27.7083, 48.5917 ], [ 27.725, 48.6 ], [ 27.725, 48.6083 ], [ 27.7333, 48.6083 ], [ 27.7417, 48.625 ], [ 27.75, 48.625 ], [ 27.75, 48.6333 ], [ 27.7583, 48.6333 ], [ 27.7583, 48.65 ], [ 27.75, 48.65 ], [ 27.75, 48.675 ], [ 27.7417, 48.675 ], [ 27.75, 48.6917 ], [ 27.7417, 48.6917 ], [ 27.7417, 48.7083 ], [ 27.75, 48.7083 ], [ 27.75, 48.725 ], [ 27.7583, 48.725 ], [ 27.7583, 48.7667 ], [ 27.7333, 48.7667 ], [ 27.7333, 48.75 ], [ 27.7167, 48.7417 ], [ 27.7167, 48.7167 ], [ 27.7, 48.7083 ], [ 27.7, 48.6917 ], [ 27.6917, 48.6917 ], [ 27.6917, 48.6667 ], [ 27.7, 48.6667 ], [ 27.7, 48.6583 ], [ 27.6917, 48.6583 ], [ 27.6917, 48.6417 ], [ 27.6833, 48.6417 ], [ 27.6833, 48.625 ], [ 27.6667, 48.6167 ], [ 27.6583, 48.6 ], [ 27.65, 48.6 ], [ 27.65, 48.5833 ], [ 27.6417, 48.5833 ], [ 27.6417, 48.55 ], [ 27.6333, 48.55 ], [ 27.6333, 48.525 ], [ 27.625, 48.525 ], [ 27.625, 48.5083 ], [ 27.6167, 48.5083 ], [ 27.6167, 48.5 ], [ 27.6, 48.5 ], [ 27.6, 48.4917 ], [ 27.5906, 48.4917 ], [ 27.5865, 48.492 ], [ 27.5856, 48.4917 ], [ 27.575, 48.4917 ], [ 27.575, 48.4879 ], [ 27.562, 48.4833 ], [ 27.5583, 48.4833 ] ], [ [ 28.4833, 49.2583 ], [ 28.4833, 49.275 ], [ 28.475, 49.275 ], [ 28.475, 49.2417 ], [ 28.4833, 49.2417 ], [ 28.4833, 49.225 ], [ 28.5, 49.225 ], [ 28.5, 49.2333 ], [ 28.5083, 49.2333 ], [ 28.5083, 49.225 ], [ 28.5333, 49.225 ], [ 28.5333, 49.25 ], [ 28.5167, 49.25 ], [ 28.5167, 49.275 ], [ 28.5083, 49.275 ], [ 28.5083, 49.25 ], [ 28.4917, 49.25 ], [ 28.4917, 49.2583 ], [ 28.4833, 49.2583 ] ], [ [ 28.5, 49.2583 ], [ 28.5, 49.2667 ], [ 28.4917, 49.2667 ], [ 28.4917, 49.2583 ], [ 28.5, 49.2583 ] ], [ [ 28.525, 49.2667 ], [ 28.5333, 49.2667 ], [ 28.5333, 49.275 ], [ 28.525, 49.275 ], [ 28.525, 49.2667 ] ], [ [ 28.5417, 49.25 ], [ 28.55, 49.25 ], [ 28.55, 49.2583 ], [ 28.5417, 49.2583 ], [ 28.5417, 49.25 ] ], [ [ 28.3917, 49.225 ], [ 28.4167, 49.225 ], [ 28.4083, 49.2417 ], [ 28.3917, 49.2417 ], [ 28.3917, 49.225 ] ], [ [ 28.425, 49.2167 ], [ 28.4333, 49.2167 ], [ 28.4333, 49.2 ], [ 28.4417, 49.2 ], [ 28.4417, 49.2167 ], [ 28.45, 49.2167 ], [ 28.45, 49.225 ], [ 28.475, 49.225 ], [ 28.4667, 49.2417 ], [ 28.4583, 49.2417 ], [ 28.4583, 49.2333 ], [ 28.4333, 49.2333 ], [ 28.4333, 49.2417 ], [ 28.425, 49.2417 ], [ 28.425, 49.2167 ] ], [ [ 28.4833, 49.2083 ], [ 28.4917, 49.2083 ], [ 28.4917, 49.2167 ], [ 28.4833, 49.2167 ], [ 28.4833, 49.2083 ] ], [ [ 28.5167, 49.2083 ], [ 28.525, 49.2083 ], [ 28.525, 49.2167 ], [ 28.5167, 49.2167 ], [ 28.5167, 49.2083 ] ], [ [ 29.2, 49.1 ], [ 29.2083, 49.1 ], [ 29.2083, 49.1083 ], [ 29.2, 49.1083 ], [ 29.2, 49.1 ] ], [ [ 28.3333, 49.0917 ], [ 28.3417, 49.0917 ], [ 28.3417, 49.1 ], [ 28.3333, 49.1 ], [ 28.3333, 49.0917 ] ], [ [ 28.1, 49.0333 ], [ 28.1167, 49.0333 ], [ 28.1167, 49.0417 ], [ 28.1, 49.05 ], [ 28.1, 49.0333 ] ], [ [ 29.2167, 48.7 ], [ 29.225, 48.7 ], [ 29.225, 48.7083 ], [ 29.2167, 48.7083 ], [ 29.2167, 48.7 ] ], [ [ 28.8583, 48.6667 ], [ 28.8667, 48.6667 ], [ 28.8667, 48.675 ], [ 28.8583, 48.675 ], [ 28.8583, 48.6667 ] ] ], [ [ [ 26.5667, 48.2417 ], [ 26.5667, 48.2333 ], [ 26.4083, 48.2333 ], [ 26.4083, 48.225 ], [ 26.3583, 48.225 ], [ 26.3583, 48.2333 ], [ 26.325, 48.2333 ], [ 26.325, 48.2417 ], [ 26.3083, 48.2417 ], [ 26.3083, 48.25 ], [ 26.3, 48.25 ], [ 26.3, 48.2417 ], [ 26.2917, 48.2417 ], [ 26.2917, 48.2333 ], [ 26.275, 48.2333 ], [ 26.275, 48.225 ], [ 26.25, 48.225 ], [ 26.25, 48.2333 ], [ 26.2333, 48.2333 ], [ 26.2333, 48.2417 ], [ 26.2167, 48.2417 ], [ 26.2167, 48.25 ], [ 26.2, 48.25 ], [ 26.2, 48.2583 ], [ 26.1833, 48.2583 ], [ 26.1833, 48.2417 ], [ 26.1667, 48.2417 ], [ 26.1667, 48.2333 ], [ 26.1333, 48.2333 ], [ 26.1333, 48.2417 ], [ 26.1, 48.2417 ], [ 26.1, 48.25 ], [ 26.0833, 48.25 ], [ 26.0833, 48.2583 ], [ 26.0667, 48.2583 ], [ 26.0583, 48.275 ], [ 26.0417, 48.2833 ], [ 26.0417, 48.3083 ], [ 26.0333, 48.3083 ], [ 26.0333, 48.3167 ], [ 26.0167, 48.325 ], [ 26.0167, 48.3333 ], [ 26.0, 48.3333 ], [ 26.0, 48.3417 ], [ 25.9833, 48.3417 ], [ 25.9833, 48.35 ], [ 25.9667, 48.35 ], [ 25.9667, 48.3583 ], [ 25.95, 48.3667 ], [ 25.95, 48.375 ], [ 25.9333, 48.375 ], [ 25.9333, 48.3833 ], [ 25.9167, 48.3833 ], [ 25.9167, 48.45 ], [ 25.925, 48.45 ], [ 25.925, 48.4667 ], [ 25.9417, 48.4667 ], [ 25.9417, 48.475 ], [ 25.9583, 48.475 ], [ 25.9583, 48.4833 ], [ 26.0083, 48.4833 ], [ 26.0167, 48.5 ], [ 26.0, 48.5083 ], [ 26.0, 48.5167 ], [ 25.9833, 48.5167 ], [ 25.9833, 48.525 ], [ 25.9667, 48.525 ], [ 25.9667, 48.5333 ], [ 25.95, 48.5333 ], [ 25.9417, 48.55 ], [ 25.925, 48.55 ], [ 25.9167, 48.5667 ], [ 25.9, 48.5667 ], [ 25.9, 48.575 ], [ 25.8917, 48.575 ], [ 25.8917, 48.5917 ], [ 25.8833, 48.5917 ], [ 25.8833, 48.6 ], [ 25.8917, 48.6 ], [ 25.8917, 48.625 ], [ 25.9, 48.625 ], [ 25.9, 48.6333 ], [ 25.8917, 48.6333 ], [ 25.8917, 48.6417 ], [ 25.875, 48.6417 ], [ 25.875, 48.65 ], [ 25.85, 48.65 ], [ 25.85, 48.6583 ], [ 25.8167, 48.6583 ], [ 25.8083, 48.6417 ], [ 25.8, 48.6417 ], [ 25.8, 48.6333 ], [ 25.7917, 48.6333 ], [ 25.7917, 48.625 ], [ 25.7583, 48.625 ], [ 25.75, 48.6417 ], [ 25.7333, 48.6417 ], [ 25.7333, 48.6583 ], [ 25.7167, 48.65 ], [ 25.7167, 48.6583 ], [ 25.675, 48.6583 ], [ 25.675, 48.6667 ], [ 25.6417, 48.6667 ], [ 25.6417, 48.675 ], [ 25.6, 48.675 ], [ 25.6, 48.6833 ], [ 25.5667, 48.6833 ], [ 25.5667, 48.6917 ], [ 25.55, 48.6917 ], [ 25.5417, 48.7083 ], [ 25.525, 48.7083 ], [ 25.525, 48.7167 ], [ 25.5083, 48.725 ], [ 25.5083, 48.7333 ], [ 25.4917, 48.7417 ], [ 25.4917, 48.75 ], [ 25.475, 48.75 ], [ 25.4667, 48.7667 ], [ 25.4583, 48.7667 ], [ 25.4583, 48.775 ], [ 25.4417, 48.775 ], [ 25.4417, 48.7833 ], [ 25.425, 48.7833 ], [ 25.425, 48.7917 ], [ 25.4083, 48.7917 ], [ 25.4083, 48.8 ], [ 25.3917, 48.8 ], [ 25.3917, 48.8083 ], [ 25.3833, 48.8083 ], [ 25.3833, 48.8 ], [ 25.3667, 48.8 ], [ 25.3667, 48.7917 ], [ 25.35, 48.7917 ], [ 25.35, 48.7833 ], [ 25.3333, 48.7833 ], [ 25.325, 48.7667 ], [ 25.3167, 48.7667 ], [ 25.3167, 48.7583 ], [ 25.3083, 48.7583 ], [ 25.3083, 48.7 ], [ 25.3, 48.7 ], [ 25.3, 48.6917 ], [ 25.2833, 48.6833 ], [ 25.2833, 48.675 ], [ 25.2333, 48.675 ], [ 25.2333, 48.6833 ], [ 25.2083, 48.6833 ], [ 25.2083, 48.6917 ], [ 25.175, 48.6917 ], [ 25.175, 48.6833 ], [ 25.1333, 48.6833 ], [ 25.1333, 48.6917 ], [ 25.1167, 48.6917 ], [ 25.1167, 48.6833 ], [ 25.1, 48.675 ], [ 25.1, 48.6583 ], [ 25.0833, 48.65 ], [ 25.0833, 48.6417 ], [ 25.0667, 48.6417 ], [ 25.0667, 48.65 ], [ 25.05, 48.65 ], [ 25.05, 48.6583 ], [ 25.0333, 48.6583 ], [ 25.0333, 48.6667 ], [ 24.9833, 48.6667 ], [ 24.9833, 48.675 ], [ 24.9417, 48.675 ], [ 24.9333, 48.6917 ], [ 24.925, 48.6917 ], [ 24.925, 48.7167 ], [ 24.9333, 48.7167 ], [ 24.9333, 48.7667 ], [ 24.925, 48.7667 ], [ 24.925, 48.7917 ], [ 24.9333, 48.7917 ], [ 24.9333, 48.8083 ], [ 24.9417, 48.8083 ], [ 24.9417, 48.8583 ], [ 24.925, 48.8667 ], [ 24.925, 48.8833 ], [ 24.9167, 48.8833 ], [ 24.9167, 48.8917 ], [ 24.9083, 48.8917 ], [ 24.9, 48.9083 ], [ 24.8833, 48.9083 ], [ 24.8833, 48.9167 ], [ 24.8667, 48.9167 ], [ 24.8667, 48.925 ], [ 24.8583, 48.925 ], [ 24.8583, 48.9333 ], [ 24.8417, 48.9333 ], [ 24.8417, 48.9417 ], [ 24.825, 48.9417 ], [ 24.8167, 48.9583 ], [ 24.8083, 48.9583 ], [ 24.8083, 48.975 ], [ 24.8, 48.975 ], [ 24.8, 48.9917 ], [ 24.825, 48.9917 ], [ 24.825, 48.9833 ], [ 24.8417, 48.9833 ], [ 24.8417, 48.975 ], [ 24.8583, 48.975 ], [ 24.8667, 48.9583 ], [ 24.8833, 48.9583 ], [ 24.8833, 48.95 ], [ 24.9, 48.95 ], [ 24.9, 48.9417 ], [ 24.9083, 48.9417 ], [ 24.9083, 48.9333 ], [ 24.925, 48.925 ], [ 24.925, 48.9167 ], [ 24.9333, 48.9167 ], [ 24.9417, 48.9 ], [ 24.9583, 48.9 ], [ 24.9583, 48.8917 ], [ 24.9667, 48.8917 ], [ 24.975, 48.875 ], [ 24.9833, 48.875 ], [ 24.9833, 48.8583 ], [ 25.0, 48.8583 ], [ 25.0, 48.85 ], [ 25.025, 48.85 ], [ 25.025, 48.8833 ], [ 25.0167, 48.8833 ], [ 25.0167, 48.9083 ], [ 25.0333, 48.9083 ], [ 25.0333, 48.9167 ], [ 25.0667, 48.9167 ], [ 25.0667, 48.9083 ], [ 25.1, 48.9083 ], [ 25.1083, 48.8917 ], [ 25.1167, 48.8917 ], [ 25.1167, 48.8833 ], [ 25.1083, 48.8833 ], [ 25.1083, 48.85 ], [ 25.1167, 48.85 ], [ 25.1167, 48.8417 ], [ 25.1333, 48.8417 ], [ 25.1333, 48.8333 ], [ 25.15, 48.8333 ], [ 25.15, 48.8417 ], [ 25.1667, 48.8417 ], [ 25.1667, 48.85 ], [ 25.1833, 48.85 ], [ 25.1833, 48.8583 ], [ 25.2, 48.8583 ], [ 25.2, 48.875 ], [ 25.2083, 48.875 ], [ 25.2083, 48.9083 ], [ 25.2167, 48.9083 ], [ 25.2167, 48.9167 ], [ 25.2417, 48.9167 ], [ 25.2417, 48.925 ], [ 25.25, 48.925 ], [ 25.25, 48.9417 ], [ 25.225, 48.9417 ], [ 25.225, 48.95 ], [ 25.1917, 48.95 ], [ 25.1917, 48.9583 ], [ 25.1583, 48.9583 ], [ 25.1583, 48.9667 ], [ 25.1417, 48.975 ], [ 25.1417, 48.9833 ], [ 25.125, 48.9833 ], [ 25.125, 48.9917 ], [ 25.1167, 48.9917 ], [ 25.1167, 49.0167 ], [ 25.1083, 49.0167 ], [ 25.1, 49.0333 ], [ 25.0917, 49.0333 ], [ 25.0917, 49.025 ], [ 25.075, 49.025 ], [ 25.075, 49.0083 ], [ 25.0667, 49.0083 ], [ 25.0667, 48.9917 ], [ 25.0583, 48.9917 ], [ 25.0583, 48.9833 ], [ 25.0417, 48.9833 ], [ 25.0417, 48.9917 ], [ 25.0333, 48.9917 ], [ 25.0333, 49.025 ], [ 25.0167, 49.0333 ], [ 25.0167, 49.0417 ], [ 24.9833, 49.0417 ], [ 24.9833, 49.05 ], [ 24.975, 49.05 ], [ 24.975, 49.0667 ], [ 24.9833, 49.0667 ], [ 24.9833, 49.0833 ], [ 24.975, 49.0833 ], [ 24.975, 49.1 ], [ 24.9667, 49.1 ], [ 24.9667, 49.1167 ], [ 24.9583, 49.1167 ], [ 24.9583, 49.125 ], [ 24.9667, 49.125 ], [ 24.9667, 49.1417 ], [ 25.0083, 49.1417 ], [ 25.0083, 49.15 ], [ 25.0167, 49.15 ], [ 25.0167, 49.1917 ], [ 25.0083, 49.1917 ], [ 25.0083, 49.2167 ], [ 25.0, 49.2167 ], [ 25.0, 49.2417 ], [ 24.9917, 49.2417 ], [ 24.9917, 49.25 ], [ 24.9667, 49.25 ], [ 24.9667, 49.2417 ], [ 24.95, 49.2417 ], [ 24.95, 49.2333 ], [ 24.9167, 49.2333 ], [ 24.9167, 49.275 ], [ 24.9083, 49.275 ], [ 24.9083, 49.2917 ], [ 24.8917, 49.3 ], [ 24.8917, 49.3083 ], [ 24.875, 49.3083 ], [ 24.875, 49.3167 ], [ 24.8583, 49.3167 ], [ 24.8583, 49.325 ], [ 24.8417, 49.325 ], [ 24.8417, 49.3333 ], [ 24.825, 49.3333 ], [ 24.825, 49.35 ], [ 24.8083, 49.3583 ], [ 24.8083, 49.3833 ], [ 24.8167, 49.3833 ], [ 24.8167, 49.4083 ], [ 24.825, 49.4083 ], [ 24.825, 49.425 ], [ 24.8167, 49.425 ], [ 24.8167, 49.4333 ], [ 24.8, 49.4333 ], [ 24.8, 49.425 ], [ 24.7833, 49.4167 ], [ 24.7833, 49.4083 ], [ 24.775, 49.4083 ], [ 24.775, 49.4 ], [ 24.7583, 49.3917 ], [ 24.7583, 49.3833 ], [ 24.7333, 49.3833 ], [ 24.725, 49.4 ], [ 24.7167, 49.4 ], [ 24.7167, 49.4167 ], [ 24.7, 49.425 ], [ 24.7, 49.4333 ], [ 24.6833, 49.4333 ], [ 24.6833, 49.4417 ], [ 24.6583, 49.4417 ], [ 24.6583, 49.45 ], [ 24.65, 49.45 ], [ 24.65, 49.5 ], [ 24.6417, 49.5 ], [ 24.6417, 49.5333 ], [ 24.6333, 49.5333 ], [ 24.6333, 49.5583 ], [ 24.6417, 49.5583 ], [ 24.6417, 49.6083 ], [ 24.6333, 49.6083 ], [ 24.6333, 49.6333 ], [ 24.6, 49.6333 ], [ 24.5917, 49.6167 ], [ 24.575, 49.625 ], [ 24.575, 49.6167 ], [ 24.55, 49.6167 ], [ 24.55, 49.6083 ], [ 24.5333, 49.6083 ], [ 24.5333, 49.6167 ], [ 24.5167, 49.6167 ], [ 24.5167, 49.625 ], [ 24.525, 49.625 ], [ 24.525, 49.6417 ], [ 24.5333, 49.6417 ], [ 24.5417, 49.6583 ], [ 24.55, 49.6583 ], [ 24.55, 49.6667 ], [ 24.5583, 49.6667 ], [ 24.5583, 49.675 ], [ 24.575, 49.6833 ], [ 24.575, 49.6917 ], [ 24.5917, 49.6917 ], [ 24.5917, 49.7 ], [ 24.6583, 49.7 ], [ 24.6583, 49.6917 ], [ 24.7, 49.6917 ], [ 24.7, 49.7 ], [ 24.7167, 49.7 ], [ 24.7167, 49.7083 ], [ 24.7333, 49.7083 ], [ 24.7333, 49.7167 ], [ 24.75, 49.7167 ], [ 24.75, 49.725 ], [ 24.775, 49.725 ], [ 24.775, 49.7167 ], [ 24.8333, 49.7167 ], [ 24.8333, 49.725 ], [ 24.85, 49.725 ], [ 24.85, 49.7333 ], [ 24.875, 49.7333 ], [ 24.875, 49.7417 ], [ 24.8917, 49.75 ], [ 24.8917, 49.7583 ], [ 24.8833, 49.7583 ], [ 24.875, 49.775 ], [ 24.8667, 49.775 ], [ 24.8667, 49.7917 ], [ 24.8583, 49.7917 ], [ 24.8667, 49.8083 ], [ 24.875, 49.8083 ], [ 24.875, 49.8 ], [ 24.8917, 49.8 ], [ 24.9, 49.7833 ], [ 24.925, 49.7833 ], [ 24.925, 49.775 ], [ 24.9583, 49.775 ], [ 24.9583, 49.7667 ], [ 24.9833, 49.7667 ], [ 24.9917, 49.75 ], [ 25.0083, 49.75 ], [ 25.0083, 49.7333 ], [ 24.9917, 49.725 ], [ 24.9917, 49.7167 ], [ 24.9833, 49.7167 ], [ 24.9833, 49.7083 ], [ 24.8833, 49.7083 ], [ 24.8833, 49.7 ], [ 24.8583, 49.7 ], [ 24.8583, 49.6917 ], [ 24.8417, 49.6917 ], [ 24.8333, 49.675 ], [ 24.825, 49.675 ], [ 24.825, 49.6583 ], [ 24.8167, 49.6583 ], [ 24.8167, 49.6333 ], [ 24.825, 49.6333 ], [ 24.825, 49.6167 ], [ 24.8417, 49.6083 ], [ 24.8417, 49.5667 ], [ 24.8333, 49.5667 ], [ 24.825, 49.55 ], [ 24.8167, 49.55 ], [ 24.8167, 49.5333 ], [ 24.8083, 49.5333 ], [ 24.8083, 49.5083 ], [ 24.8, 49.5083 ], [ 24.8, 49.5 ], [ 24.8417, 49.5 ], [ 24.8417, 49.4833 ], [ 24.8583, 49.475 ], [ 24.8583, 49.4667 ], [ 24.8667, 49.4667 ], [ 24.875, 49.45 ], [ 24.8917, 49.45 ], [ 24.8917, 49.4417 ], [ 24.9083, 49.4417 ], [ 24.9167, 49.425 ], [ 24.925, 49.425 ], [ 24.925, 49.3833 ], [ 24.9083, 49.3833 ], [ 24.9083, 49.375 ], [ 24.8917, 49.375 ], [ 24.8917, 49.3583 ], [ 24.9, 49.3583 ], [ 24.9, 49.35 ], [ 24.9167, 49.35 ], [ 24.9167, 49.3417 ], [ 24.95, 49.3417 ], [ 24.95, 49.3333 ], [ 24.9667, 49.3333 ], [ 24.9667, 49.325 ], [ 24.9833, 49.325 ], [ 24.9833, 49.3167 ], [ 25.0, 49.3083 ], [ 25.0, 49.2917 ], [ 25.0083, 49.2917 ], [ 25.0083, 49.2833 ], [ 25.025, 49.2833 ], [ 25.025, 49.275 ], [ 25.0333, 49.275 ], [ 25.0333, 49.2833 ], [ 25.05, 49.2833 ], [ 25.05, 49.275 ], [ 25.0667, 49.2667 ], [ 25.0667, 49.225 ], [ 25.075, 49.225 ], [ 25.075, 49.2167 ], [ 25.0917, 49.2167 ], [ 25.0917, 49.2 ], [ 25.1, 49.2 ], [ 25.1, 49.1833 ], [ 25.1083, 49.1833 ], [ 25.1083, 49.175 ], [ 25.125, 49.175 ], [ 25.125, 49.1833 ], [ 25.1417, 49.1833 ], [ 25.15, 49.2 ], [ 25.1583, 49.2 ], [ 25.1583, 49.1917 ], [ 25.175, 49.1917 ], [ 25.175, 49.175 ], [ 25.1833, 49.175 ], [ 25.1833, 49.125 ], [ 25.1917, 49.125 ], [ 25.2, 49.1083 ], [ 25.25, 49.1083 ], [ 25.2583, 49.0917 ], [ 25.2667, 49.0917 ], [ 25.2667, 49.075 ], [ 25.2833, 49.0667 ], [ 25.2833, 49.0583 ], [ 25.3, 49.0583 ], [ 25.3, 49.05 ], [ 25.325, 49.05 ], [ 25.325, 49.075 ], [ 25.3333, 49.075 ], [ 25.3333, 49.0917 ], [ 25.3417, 49.0917 ], [ 25.3417, 49.1083 ], [ 25.35, 49.1083 ], [ 25.35, 49.125 ], [ 25.3667, 49.1333 ], [ 25.3667, 49.1417 ], [ 25.4167, 49.1417 ], [ 25.425, 49.125 ], [ 25.4333, 49.125 ], [ 25.4333, 49.1083 ], [ 25.4417, 49.1083 ], [ 25.4417, 49.0917 ], [ 25.45, 49.0917 ], [ 25.45, 49.0667 ], [ 25.4583, 49.0667 ], [ 25.4583, 49.0583 ], [ 25.475, 49.05 ], [ 25.475, 49.0417 ], [ 25.4917, 49.0417 ], [ 25.4917, 49.0333 ], [ 25.5083, 49.0333 ], [ 25.5083, 49.025 ], [ 25.525, 49.025 ], [ 25.525, 49.0167 ], [ 25.5333, 49.0167 ], [ 25.5333, 49.0 ], [ 25.5167, 48.9917 ], [ 25.5167, 48.9833 ], [ 25.5, 48.975 ], [ 25.5, 48.9667 ], [ 25.4833, 48.9667 ], [ 25.4833, 48.95 ], [ 25.475, 48.95 ], [ 25.475, 48.9 ], [ 25.4583, 48.8917 ], [ 25.4583, 48.85 ], [ 25.475, 48.85 ], [ 25.475, 48.8417 ], [ 25.5, 48.8417 ], [ 25.5, 48.8333 ], [ 25.5167, 48.8333 ], [ 25.5167, 48.825 ], [ 25.525, 48.825 ], [ 25.525, 48.8167 ], [ 25.5417, 48.8167 ], [ 25.5417, 48.8083 ], [ 25.5833, 48.8083 ], [ 25.5833, 48.8167 ], [ 25.625, 48.8167 ], [ 25.625, 48.8083 ], [ 25.6333, 48.8083 ], [ 25.6333, 48.7917 ], [ 25.6417, 48.7917 ], [ 25.65, 48.775 ], [ 25.6667, 48.775 ], [ 25.6667, 48.7667 ], [ 25.6833, 48.7667 ], [ 25.6833, 48.7583 ], [ 25.7, 48.7583 ], [ 25.7, 48.75 ], [ 25.7167, 48.75 ], [ 25.7167, 48.7333 ], [ 25.725, 48.7333 ], [ 25.725, 48.7167 ], [ 25.7333, 48.7167 ], [ 25.7333, 48.6833 ], [ 25.7583, 48.6833 ], [ 25.7667, 48.7 ], [ 25.775, 48.7 ], [ 25.775, 48.7167 ], [ 25.7833, 48.7167 ], [ 25.7833, 48.725 ], [ 25.7917, 48.725 ], [ 25.7917, 48.7333 ], [ 25.8083, 48.7333 ], [ 25.8083, 48.7167 ], [ 25.8167, 48.7167 ], [ 25.8167, 48.6917 ], [ 25.8333, 48.6833 ], [ 25.8333, 48.675 ], [ 25.85, 48.675 ], [ 25.85, 48.6833 ], [ 25.8583, 48.6833 ], [ 25.8583, 48.7167 ], [ 25.8417, 48.725 ], [ 25.8417, 48.7417 ], [ 25.8333, 48.7417 ], [ 25.8333, 48.75 ], [ 25.825, 48.75 ], [ 25.825, 48.7667 ], [ 25.8167, 48.7667 ], [ 25.8167, 48.7917 ], [ 25.8083, 48.7917 ], [ 25.8083, 48.8333 ], [ 25.8, 48.8333 ], [ 25.8, 48.8833 ], [ 25.8083, 48.8833 ], [ 25.8083, 48.9167 ], [ 25.8167, 48.9167 ], [ 25.8167, 48.9333 ], [ 25.8083, 48.9333 ], [ 25.8083, 48.9417 ], [ 25.8, 48.9417 ], [ 25.7917, 48.9583 ], [ 25.7833, 48.9583 ], [ 25.7833, 48.9667 ], [ 25.7667, 48.9667 ], [ 25.7667, 48.9583 ], [ 25.7583, 48.9583 ], [ 25.7583, 48.9667 ], [ 25.7417, 48.975 ], [ 25.7417, 48.9833 ], [ 25.7333, 48.9833 ], [ 25.725, 49.0 ], [ 25.7167, 49.0 ], [ 25.7167, 49.0083 ], [ 25.7, 49.0083 ], [ 25.7, 49.025 ], [ 25.6917, 49.025 ], [ 25.6917, 49.0333 ], [ 25.7417, 49.0333 ], [ 25.7417, 49.0417 ], [ 25.75, 49.0417 ], [ 25.75, 49.0583 ], [ 25.7417, 49.0583 ], [ 25.7417, 49.0667 ], [ 25.7333, 49.0667 ], [ 25.7333, 49.0833 ], [ 25.725, 49.0833 ], [ 25.725, 49.125 ], [ 25.7333, 49.125 ], [ 25.7333, 49.1667 ], [ 25.7167, 49.175 ], [ 25.7167, 49.1917 ], [ 25.7, 49.2 ], [ 25.7, 49.2167 ], [ 25.6833, 49.225 ], [ 25.6833, 49.2333 ], [ 25.675, 49.2333 ], [ 25.675, 49.25 ], [ 25.6667, 49.25 ], [ 25.6667, 49.2583 ], [ 25.65, 49.2667 ], [ 25.65, 49.275 ], [ 25.6417, 49.275 ], [ 25.6417, 49.2917 ], [ 25.6333, 49.2917 ], [ 25.6333, 49.3083 ], [ 25.625, 49.3083 ], [ 25.625, 49.325 ], [ 25.6167, 49.325 ], [ 25.625, 49.3417 ], [ 25.6167, 49.3417 ], [ 25.6167, 49.3833 ], [ 25.6083, 49.3833 ], [ 25.6083, 49.5333 ], [ 25.6167, 49.5333 ], [ 25.6167, 49.55 ], [ 25.625, 49.55 ], [ 25.625, 49.5667 ], [ 25.6167, 49.5667 ], [ 25.6083, 49.5833 ], [ 25.5833, 49.5833 ], [ 25.5833, 49.575 ], [ 25.575, 49.575 ], [ 25.5667, 49.5917 ], [ 25.5583, 49.5917 ], [ 25.5583, 49.6 ], [ 25.5417, 49.6 ], [ 25.5417, 49.6083 ], [ 25.525, 49.6083 ], [ 25.525, 49.6167 ], [ 25.5083, 49.625 ], [ 25.5083, 49.6333 ], [ 25.4917, 49.6417 ], [ 25.4917, 49.65 ], [ 25.475, 49.6583 ], [ 25.475, 49.675 ], [ 25.4667, 49.675 ], [ 25.4667, 49.6917 ], [ 25.4583, 49.6917 ], [ 25.4583, 49.725 ], [ 25.3667, 49.725 ], [ 25.3667, 49.7333 ], [ 25.325, 49.7333 ], [ 25.325, 49.7417 ], [ 25.2667, 49.7417 ], [ 25.2667, 49.7333 ], [ 25.2417, 49.7333 ], [ 25.2417, 49.725 ], [ 25.2083, 49.725 ], [ 25.2083, 49.7167 ], [ 25.1833, 49.7167 ], [ 25.1833, 49.725 ], [ 25.175, 49.725 ], [ 25.1667, 49.7417 ], [ 25.1583, 49.7417 ], [ 25.1583, 49.75 ], [ 25.175, 49.75 ], [ 25.175, 49.7583 ], [ 25.2083, 49.7583 ], [ 25.2083, 49.7667 ], [ 25.275, 49.7667 ], [ 25.275, 49.775 ], [ 25.2917, 49.775 ], [ 25.2917, 49.7833 ], [ 25.3167, 49.7833 ], [ 25.3167, 49.7917 ], [ 25.3917, 49.7917 ], [ 25.3917, 49.8167 ], [ 25.375, 49.8167 ], [ 25.375, 49.825 ], [ 25.3583, 49.825 ], [ 25.35, 49.8417 ], [ 25.4083, 49.8417 ], [ 25.4083, 49.8333 ], [ 25.45, 49.8333 ], [ 25.45, 49.825 ], [ 25.4917, 49.825 ], [ 25.4917, 49.8167 ], [ 25.525, 49.8167 ], [ 25.525, 49.8083 ], [ 25.5417, 49.8083 ], [ 25.5417, 49.8 ], [ 25.5583, 49.8 ], [ 25.5583, 49.8083 ], [ 25.5833, 49.8083 ], [ 25.5833, 49.8 ], [ 25.6083, 49.8 ], [ 25.6083, 49.7667 ], [ 25.6167, 49.7667 ], [ 25.6167, 49.75 ], [ 25.6333, 49.75 ], [ 25.6417, 49.7333 ], [ 25.6583, 49.7333 ], [ 25.6583, 49.725 ], [ 25.675, 49.725 ], [ 25.6833, 49.7083 ], [ 25.7, 49.7083 ], [ 25.7, 49.7 ], [ 25.7083, 49.7 ], [ 25.7167, 49.6833 ], [ 25.725, 49.6833 ], [ 25.725, 49.6583 ], [ 25.7167, 49.6583 ], [ 25.7167, 49.65 ], [ 25.6583, 49.65 ], [ 25.6583, 49.6583 ], [ 25.6333, 49.6583 ], [ 25.6333, 49.6667 ], [ 25.625, 49.6667 ], [ 25.625, 49.6583 ], [ 25.6083, 49.6583 ], [ 25.6, 49.6417 ], [ 25.5917, 49.6417 ], [ 25.5917, 49.625 ], [ 25.6, 49.625 ], [ 25.6, 49.6083 ], [ 25.6083, 49.6083 ], [ 25.6083, 49.5917 ], [ 25.625, 49.5833 ], [ 25.625, 49.575 ], [ 25.6333, 49.575 ], [ 25.6417, 49.5583 ], [ 25.65, 49.5583 ], [ 25.65, 49.55 ], [ 25.6583, 49.55 ], [ 25.6583, 49.5333 ], [ 25.6667, 49.5333 ], [ 25.6667, 49.4 ], [ 25.675, 49.4 ], [ 25.675, 49.375 ], [ 25.6833, 49.375 ], [ 25.6833, 49.3667 ], [ 25.7, 49.3667 ], [ 25.7, 49.375 ], [ 25.7167, 49.375 ], [ 25.7167, 49.3917 ], [ 25.725, 49.3917 ], [ 25.7333, 49.4083 ], [ 25.7417, 49.4083 ], [ 25.7417, 49.425 ], [ 25.75, 49.425 ], [ 25.75, 49.4333 ], [ 25.7833, 49.4333 ], [ 25.7833, 49.425 ], [ 25.7917, 49.425 ], [ 25.7917, 49.4 ], [ 25.7833, 49.4 ], [ 25.7833, 49.2667 ], [ 25.7917, 49.2667 ], [ 25.7917, 49.25 ], [ 25.8, 49.25 ], [ 25.8, 49.2333 ], [ 25.8083, 49.2333 ], [ 25.8083, 49.2083 ], [ 25.8167, 49.2083 ], [ 25.8167, 49.1917 ], [ 25.825, 49.1917 ], [ 25.825, 49.175 ], [ 25.8333, 49.175 ], [ 25.8333, 49.1583 ], [ 25.85, 49.15 ], [ 25.85, 49.1333 ], [ 25.8583, 49.1333 ], [ 25.8583, 49.1167 ], [ 25.8667, 49.1167 ], [ 25.8667, 49.1 ], [ 25.875, 49.1 ], [ 25.875, 49.0833 ], [ 25.8917, 49.075 ], [ 25.8917, 49.0583 ], [ 25.9, 49.0583 ], [ 25.9083, 49.0417 ], [ 25.9167, 49.0417 ], [ 25.9167, 49.0333 ], [ 25.9333, 49.0333 ], [ 25.9333, 49.025 ], [ 25.95, 49.025 ], [ 25.95, 49.0167 ], [ 25.9667, 49.0167 ], [ 25.9667, 49.0083 ], [ 25.975, 49.0083 ], [ 25.975, 48.9917 ], [ 25.9833, 48.9917 ], [ 25.9833, 48.975 ], [ 26.0, 48.9667 ], [ 26.0, 48.9583 ], [ 26.0167, 48.9583 ], [ 26.0167, 48.9417 ], [ 26.0333, 48.9333 ], [ 26.0333, 48.9167 ], [ 26.05, 48.9167 ], [ 26.0583, 48.9 ], [ 26.075, 48.9 ], [ 26.075, 48.8917 ], [ 26.0917, 48.8833 ], [ 26.0917, 48.875 ], [ 26.1, 48.875 ], [ 26.1083, 48.8583 ], [ 26.1167, 48.8583 ], [ 26.1167, 48.85 ], [ 26.1333, 48.85 ], [ 26.1333, 48.8417 ], [ 26.15, 48.8333 ], [ 26.15, 48.825 ], [ 26.1667, 48.825 ], [ 26.175, 48.8083 ], [ 26.1833, 48.8083 ], [ 26.1833, 48.7917 ], [ 26.1917, 48.7917 ], [ 26.2, 48.775 ], [ 26.2167, 48.775 ], [ 26.2167, 48.7833 ], [ 26.225, 48.7833 ], [ 26.225, 48.8333 ], [ 26.2167, 48.8333 ], [ 26.2083, 48.85 ], [ 26.2, 48.85 ], [ 26.2, 48.8667 ], [ 26.1833, 48.875 ], [ 26.1833, 48.8917 ], [ 26.2167, 48.9083 ], [ 26.2167, 48.9417 ], [ 26.2083, 48.9417 ], [ 26.2083, 48.9667 ], [ 26.2167, 48.9667 ], [ 26.2167, 48.9833 ], [ 26.225, 48.9833 ], [ 26.225, 48.9917 ], [ 26.2417, 49.0 ], [ 26.2417, 49.0083 ], [ 26.25, 49.0083 ], [ 26.25, 49.025 ], [ 26.2417, 49.025 ], [ 26.2417, 49.05 ], [ 26.2333, 49.05 ], [ 26.2333, 49.0667 ], [ 26.2167, 49.075 ], [ 26.2167, 49.0833 ], [ 26.2083, 49.0833 ], [ 26.2083, 49.1 ], [ 26.2, 49.1 ], [ 26.2, 49.125 ], [ 26.1917, 49.125 ], [ 26.1833, 49.1417 ], [ 26.175, 49.1417 ], [ 26.1667, 49.1583 ], [ 26.1583, 49.1583 ], [ 26.1583, 49.1917 ], [ 26.15, 49.1917 ], [ 26.15, 49.2333 ], [ 26.1583, 49.2333 ], [ 26.1583, 49.2417 ], [ 26.1667, 49.2417 ], [ 26.1667, 49.2583 ], [ 26.175, 49.2583 ], [ 26.175, 49.2667 ], [ 26.1667, 49.2667 ], [ 26.1667, 49.3 ], [ 26.15, 49.3 ], [ 26.1417, 49.3167 ], [ 26.1333, 49.3167 ], [ 26.1333, 49.3333 ], [ 26.125, 49.3333 ], [ 26.125, 49.375 ], [ 26.1167, 49.375 ], [ 26.1167, 49.3917 ], [ 26.1083, 49.3917 ], [ 26.1, 49.4083 ], [ 26.0917, 49.4083 ], [ 26.0917, 49.4167 ], [ 26.075, 49.4167 ], [ 26.075, 49.425 ], [ 26.0417, 49.425 ], [ 26.0417, 49.4333 ], [ 26.0083, 49.4333 ], [ 26.0083, 49.4417 ], [ 25.9917, 49.4417 ], [ 25.9917, 49.45 ], [ 25.975, 49.45 ], [ 25.975, 49.4833 ], [ 25.9667, 49.4833 ], [ 25.9667, 49.5 ], [ 25.9583, 49.5 ], [ 25.9583, 49.5083 ], [ 25.95, 49.5083 ], [ 25.95, 49.525 ], [ 25.9417, 49.525 ], [ 25.95, 49.5417 ], [ 25.975, 49.5417 ], [ 25.975, 49.5333 ], [ 26.0, 49.5333 ], [ 26.0, 49.525 ], [ 26.025, 49.525 ], [ 26.025, 49.5167 ], [ 26.1, 49.5167 ], [ 26.1, 49.5083 ], [ 26.1167, 49.5083 ], [ 26.1167, 49.4917 ], [ 26.125, 49.4917 ], [ 26.125, 49.45 ], [ 26.1417, 49.45 ], [ 26.1417, 49.4417 ], [ 26.1583, 49.4417 ], [ 26.1667, 49.425 ], [ 26.175, 49.425 ], [ 26.175, 49.4083 ], [ 26.1833, 49.4083 ], [ 26.1833, 49.3333 ], [ 26.1917, 49.3333 ], [ 26.1917, 49.2917 ], [ 26.2, 49.2917 ], [ 26.2, 49.275 ], [ 26.2083, 49.275 ], [ 26.2167, 49.2583 ], [ 26.225, 49.2583 ], [ 26.225, 49.2417 ], [ 26.2417, 49.2333 ], [ 26.2417, 49.225 ], [ 26.25, 49.225 ], [ 26.25, 49.2167 ], [ 26.2667, 49.2167 ], [ 26.275, 49.2 ], [ 26.2833, 49.2 ], [ 26.2833, 49.1917 ], [ 26.3, 49.1833 ], [ 26.3, 49.175 ], [ 26.3083, 49.175 ], [ 26.3083, 49.1333 ], [ 26.3, 49.1333 ], [ 26.3, 49.1 ], [ 26.2917, 49.1 ], [ 26.2917, 49.0667 ], [ 26.325, 49.0667 ], [ 26.325, 49.0583 ], [ 26.375, 49.0583 ], [ 26.375, 49.05 ], [ 26.4, 49.05 ], [ 26.4, 49.0417 ], [ 26.4167, 49.0417 ], [ 26.4167, 49.0333 ], [ 26.4333, 49.0333 ], [ 26.4333, 49.025 ], [ 26.45, 49.025 ], [ 26.45, 49.0167 ], [ 26.4583, 49.0167 ], [ 26.4583, 49.0083 ], [ 26.475, 49.0083 ], [ 26.475, 49.0 ], [ 26.5083, 49.0 ], [ 26.5083, 48.9917 ], [ 26.5417, 48.9917 ], [ 26.5417, 49.0 ], [ 26.55, 49.0 ], [ 26.5583, 49.0167 ], [ 26.5667, 49.0167 ], [ 26.5667, 49.0583 ], [ 26.5583, 49.0583 ], [ 26.5583, 49.075 ], [ 26.55, 49.075 ], [ 26.55, 49.0917 ], [ 26.5583, 49.0917 ], [ 26.5583, 49.1333 ], [ 26.55, 49.1333 ], [ 26.55, 49.1417 ], [ 26.5333, 49.15 ], [ 26.5333, 49.1583 ], [ 26.525, 49.1583 ], [ 26.525, 49.1667 ], [ 26.5167, 49.1667 ], [ 26.5167, 49.175 ], [ 26.5, 49.1833 ], [ 26.5, 49.1917 ], [ 26.5083, 49.1917 ], [ 26.5083, 49.2 ], [ 26.55, 49.2 ], [ 26.55, 49.2083 ], [ 26.5667, 49.2083 ], [ 26.5667, 49.2417 ], [ 26.55, 49.25 ], [ 26.55, 49.2583 ], [ 26.5333, 49.2583 ], [ 26.5333, 49.2667 ], [ 26.525, 49.2667 ], [ 26.525, 49.2917 ], [ 26.5333, 49.2917 ], [ 26.5333, 49.3083 ], [ 26.5417, 49.3083 ], [ 26.5417, 49.3167 ], [ 26.5583, 49.3167 ], [ 26.5583, 49.325 ], [ 26.5667, 49.325 ], [ 26.5667, 49.3167 ], [ 26.5917, 49.3167 ], [ 26.5917, 49.3083 ], [ 26.6083, 49.3083 ], [ 26.6083, 49.3 ], [ 26.625, 49.3 ], [ 26.625, 49.2917 ], [ 26.6417, 49.2917 ], [ 26.6417, 49.2833 ], [ 26.6667, 49.2833 ], [ 26.6667, 49.275 ], [ 26.675, 49.275 ], [ 26.675, 49.25 ], [ 26.6667, 49.25 ], [ 26.6667, 49.2333 ], [ 26.6583, 49.2333 ], [ 26.6583, 49.2083 ], [ 26.6667, 49.2083 ], [ 26.6667, 49.2 ], [ 26.7167, 49.2 ], [ 26.7167, 49.2083 ], [ 26.8, 49.2083 ], [ 26.8, 49.2 ], [ 26.825, 49.2 ], [ 26.825, 49.1917 ], [ 26.8583, 49.1917 ], [ 26.8583, 49.1833 ], [ 26.8833, 49.1833 ], [ 26.8833, 49.175 ], [ 26.9, 49.175 ], [ 26.9, 49.1667 ], [ 26.9083, 49.1667 ], [ 26.9083, 49.1417 ], [ 26.9, 49.1417 ], [ 26.9, 49.1333 ], [ 26.85, 49.1333 ], [ 26.85, 49.1417 ], [ 26.825, 49.1417 ], [ 26.825, 49.15 ], [ 26.75, 49.15 ], [ 26.75, 49.1417 ], [ 26.7417, 49.1417 ], [ 26.7417, 49.125 ], [ 26.7333, 49.125 ], [ 26.7333, 49.1 ], [ 26.7417, 49.1 ], [ 26.7417, 49.075 ], [ 26.75, 49.075 ], [ 26.75, 49.0417 ], [ 26.7417, 49.0417 ], [ 26.7417, 49.025 ], [ 26.725, 49.025 ], [ 26.725, 49.0167 ], [ 26.7167, 49.0167 ], [ 26.7167, 48.9917 ], [ 26.725, 48.9917 ], [ 26.725, 48.9583 ], [ 26.6917, 48.9583 ], [ 26.6917, 48.9667 ], [ 26.65, 48.9667 ], [ 26.65, 48.9583 ], [ 26.6417, 48.9583 ], [ 26.6417, 48.925 ], [ 26.65, 48.925 ], [ 26.65, 48.9 ], [ 26.6583, 48.9 ], [ 26.6583, 48.8917 ], [ 26.6417, 48.8833 ], [ 26.6417, 48.8667 ], [ 26.65, 48.8667 ], [ 26.65, 48.85 ], [ 26.6583, 48.85 ], [ 26.6583, 48.8333 ], [ 26.6667, 48.8333 ], [ 26.6667, 48.8 ], [ 26.65, 48.8 ], [ 26.65, 48.7917 ], [ 26.6333, 48.7917 ], [ 26.6333, 48.7833 ], [ 26.625, 48.7833 ], [ 26.625, 48.7667 ], [ 26.6167, 48.7667 ], [ 26.6167, 48.7583 ], [ 26.6, 48.7583 ], [ 26.6, 48.7333 ], [ 26.5667, 48.7333 ], [ 26.5667, 48.7417 ], [ 26.5583, 48.7417 ], [ 26.5583, 48.7833 ], [ 26.55, 48.7833 ], [ 26.55, 48.8083 ], [ 26.5333, 48.8167 ], [ 26.5333, 48.825 ], [ 26.525, 48.825 ], [ 26.525, 48.8417 ], [ 26.5167, 48.8417 ], [ 26.5167, 48.8583 ], [ 26.525, 48.8583 ], [ 26.525, 48.8667 ], [ 26.5167, 48.8667 ], [ 26.5167, 48.875 ], [ 26.525, 48.875 ], [ 26.525, 48.8917 ], [ 26.5333, 48.8917 ], [ 26.5333, 48.9083 ], [ 26.525, 48.9083 ], [ 26.525, 48.925 ], [ 26.5167, 48.925 ], [ 26.5167, 48.9417 ], [ 26.5083, 48.9417 ], [ 26.5083, 48.95 ], [ 26.4917, 48.95 ], [ 26.4833, 48.9667 ], [ 26.4583, 48.9667 ], [ 26.4583, 48.975 ], [ 26.425, 48.975 ], [ 26.425, 48.9833 ], [ 26.4, 48.9833 ], [ 26.3917, 48.9667 ], [ 26.4, 48.9667 ], [ 26.4083, 48.95 ], [ 26.4167, 48.95 ], [ 26.4167, 48.925 ], [ 26.4, 48.925 ], [ 26.4, 48.8667 ], [ 26.3917, 48.8667 ], [ 26.3917, 48.85 ], [ 26.3833, 48.85 ], [ 26.3833, 48.8417 ], [ 26.3583, 48.8417 ], [ 26.3583, 48.85 ], [ 26.3417, 48.85 ], [ 26.3417, 48.8583 ], [ 26.3333, 48.8583 ], [ 26.3333, 48.875 ], [ 26.3167, 48.8833 ], [ 26.3167, 48.8917 ], [ 26.3, 48.8917 ], [ 26.3, 48.8833 ], [ 26.2833, 48.875 ], [ 26.2833, 48.8667 ], [ 26.2667, 48.8667 ], [ 26.2667, 48.85 ], [ 26.2583, 48.85 ], [ 26.2583, 48.8167 ], [ 26.2667, 48.8167 ], [ 26.2667, 48.8 ], [ 26.275, 48.8 ], [ 26.275, 48.7833 ], [ 26.2833, 48.7833 ], [ 26.2833, 48.7583 ], [ 26.2917, 48.7583 ], [ 26.2917, 48.75 ], [ 26.2833, 48.75 ], [ 26.2833, 48.725 ], [ 26.275, 48.725 ], [ 26.2833, 48.7083 ], [ 26.275, 48.7083 ], [ 26.275, 48.6833 ], [ 26.2667, 48.6833 ], [ 26.2667, 48.6583 ], [ 26.25, 48.65 ], [ 26.25, 48.6333 ], [ 26.2333, 48.625 ], [ 26.2333, 48.6083 ], [ 26.2167, 48.6 ], [ 26.2167, 48.5917 ], [ 26.2, 48.5917 ], [ 26.2, 48.5833 ], [ 26.1917, 48.5833 ], [ 26.1917, 48.5417 ], [ 26.2, 48.5417 ], [ 26.2, 48.5333 ], [ 26.2167, 48.5333 ], [ 26.2167, 48.525 ], [ 26.3333, 48.525 ], [ 26.3333, 48.5167 ], [ 26.35, 48.5167 ], [ 26.35, 48.5083 ], [ 26.3667, 48.5083 ], [ 26.3667, 48.5 ], [ 26.4, 48.5 ], [ 26.4, 48.5083 ], [ 26.425, 48.5083 ], [ 26.425, 48.5167 ], [ 26.4417, 48.5167 ], [ 26.4417, 48.525 ], [ 26.475, 48.525 ], [ 26.475, 48.5333 ], [ 26.5083, 48.5333 ], [ 26.5083, 48.525 ], [ 26.525, 48.525 ], [ 26.525, 48.5167 ], [ 26.5417, 48.5167 ], [ 26.5417, 48.5 ], [ 26.55, 48.5 ], [ 26.55, 48.4917 ], [ 26.5667, 48.4917 ], [ 26.5667, 48.4833 ], [ 26.575, 48.4833 ], [ 26.575, 48.4667 ], [ 26.5833, 48.4667 ], [ 26.575, 48.45 ], [ 26.5667, 48.45 ], [ 26.5583, 48.4333 ], [ 26.55, 48.4333 ], [ 26.55, 48.4 ], [ 26.5667, 48.4 ], [ 26.5667, 48.3917 ], [ 26.575, 48.3917 ], [ 26.5833, 48.375 ], [ 26.6583, 48.375 ], [ 26.6583, 48.3833 ], [ 26.6833, 48.3833 ], [ 26.6833, 48.3917 ], [ 26.7083, 48.3917 ], [ 26.7083, 48.4 ], [ 26.7154, 48.4 ], [ 26.7608, 48.3607 ], [ 26.7649, 48.3537 ], [ 26.796, 48.343 ], [ 26.8079, 48.3517 ], [ 26.8241, 48.3444 ], [ 26.825, 48.3384 ], [ 26.825, 48.3333 ], [ 26.8083, 48.3333 ], [ 26.8083, 48.325 ], [ 26.75, 48.325 ], [ 26.75, 48.3197 ], [ 26.7441, 48.3167 ], [ 26.7349, 48.3167 ], [ 26.7326, 48.3213 ], [ 26.6945, 48.3599 ], [ 26.6826, 48.3556 ], [ 26.6959, 48.3272 ], [ 26.6756, 48.3249 ], [ 26.6758, 48.3172 ], [ 26.6483, 48.3049 ], [ 26.6496, 48.2981 ], [ 26.6416, 48.2899 ], [ 26.6164, 48.2742 ], [ 26.625, 48.2651 ], [ 26.625, 48.2583 ], [ 26.6083, 48.2583 ], [ 26.6083, 48.25 ], [ 26.5917, 48.25 ], [ 26.5917, 48.2432 ], [ 26.5864, 48.2465 ], [ 26.5756, 48.2417 ], [ 26.5667, 48.2417 ] ], [ [ 25.375, 49.0583 ], [ 25.3833, 49.0583 ], [ 25.3833, 49.0667 ], [ 25.375, 49.0667 ], [ 25.375, 49.0583 ] ], [ [ 25.8, 49.025 ], [ 25.7917, 49.025 ], [ 25.7917, 49.0083 ], [ 25.8, 49.0083 ], [ 25.8, 49.025 ] ], [ [ 25.8, 49.0 ], [ 25.8083, 49.0 ], [ 25.8083, 49.0083 ], [ 25.8, 49.0083 ], [ 25.8, 49.0 ] ], [ [ 25.7667, 49.0083 ], [ 25.775, 49.0083 ], [ 25.775, 49.0167 ], [ 25.7667, 49.0167 ], [ 25.7667, 49.0083 ] ], [ [ 25.9333, 48.8083 ], [ 25.9167, 48.8083 ], [ 25.9167, 48.7917 ], [ 25.925, 48.7917 ], [ 25.9333, 48.775 ], [ 25.9417, 48.775 ], [ 25.95, 48.7583 ], [ 25.9583, 48.7583 ], [ 25.9583, 48.725 ], [ 25.95, 48.725 ], [ 25.95, 48.7083 ], [ 25.9417, 48.7083 ], [ 25.9417, 48.6917 ], [ 25.925, 48.6833 ], [ 25.925, 48.6667 ], [ 25.9333, 48.6667 ], [ 25.9333, 48.6583 ], [ 25.9833, 48.6583 ], [ 25.9833, 48.6667 ], [ 26.0583, 48.6667 ], [ 26.0583, 48.6583 ], [ 26.075, 48.65 ], [ 26.0833, 48.6333 ], [ 26.0917, 48.6333 ], [ 26.0917, 48.6083 ], [ 26.1, 48.6083 ], [ 26.1, 48.5833 ], [ 26.0917, 48.5833 ], [ 26.0917, 48.5417 ], [ 26.1, 48.5417 ], [ 26.1, 48.5333 ], [ 26.15, 48.5333 ], [ 26.15, 48.5583 ], [ 26.1417, 48.5583 ], [ 26.1417, 48.6 ], [ 26.15, 48.6 ], [ 26.15, 48.6083 ], [ 26.1333, 48.6167 ], [ 26.1333, 48.7167 ], [ 26.1167, 48.725 ], [ 26.1167, 48.7333 ], [ 26.0917, 48.7333 ], [ 26.0917, 48.725 ], [ 26.0833, 48.725 ], [ 26.0833, 48.7083 ], [ 26.075, 48.7083 ], [ 26.075, 48.6917 ], [ 26.05, 48.6917 ], [ 26.05, 48.7 ], [ 26.0333, 48.7 ], [ 26.025, 48.7167 ], [ 26.0167, 48.7167 ], [ 26.0167, 48.7333 ], [ 26.0, 48.7417 ], [ 26.0, 48.7583 ], [ 25.9917, 48.7583 ], [ 25.9917, 48.775 ], [ 25.975, 48.7833 ], [ 25.975, 48.8 ], [ 25.9583, 48.8 ], [ 25.9583, 48.8083 ], [ 25.9417, 48.8083 ], [ 25.9417, 48.8167 ], [ 25.9333, 48.8167 ], [ 25.9333, 48.8083 ] ], [ [ 26.0333, 48.8 ], [ 26.0417, 48.8 ], [ 26.0417, 48.8083 ], [ 26.0333, 48.8083 ], [ 26.0333, 48.8 ] ] ], [ [ [ 26.7417, 48.4083 ], [ 26.7667, 48.4083 ], [ 26.7667, 48.4077 ], [ 26.7646, 48.4082 ], [ 26.7537, 48.3989 ], [ 26.7417, 48.4043 ], [ 26.7417, 48.4083 ] ] ], [ [ [ 28.3083, 48.1583 ], [ 28.3083, 48.15 ], [ 28.3639, 48.15 ], [ 28.3606, 48.1436 ], [ 28.3493, 48.1357 ], [ 28.3221, 48.1328 ], [ 28.3059, 48.1403 ], [ 28.3072, 48.1583 ], [ 28.3083, 48.1583 ] ] ], [ [ [ 26.2417, 48.0667 ], [ 26.125, 48.0667 ], [ 26.125, 48.075 ], [ 26.1083, 48.075 ], [ 26.1083, 48.0833 ], [ 26.0833, 48.0833 ], [ 26.0833, 48.075 ], [ 26.0667, 48.075 ], [ 26.0667, 48.0667 ], [ 26.05, 48.0667 ], [ 26.05, 48.0583 ], [ 26.0333, 48.05 ], [ 26.0333, 48.0417 ], [ 26.0, 48.0417 ], [ 26.0, 48.05 ], [ 25.9833, 48.05 ], [ 25.9833, 48.0583 ], [ 25.95, 48.0583 ], [ 25.95, 48.0667 ], [ 25.9333, 48.0667 ], [ 25.9333, 48.075 ], [ 25.95, 48.0833 ], [ 25.95, 48.1 ], [ 25.9583, 48.1 ], [ 25.9583, 48.1083 ], [ 25.975, 48.1167 ], [ 25.975, 48.125 ], [ 26.0, 48.125 ], [ 26.0, 48.1333 ], [ 26.0417, 48.1333 ], [ 26.0417, 48.125 ], [ 26.1, 48.125 ], [ 26.1, 48.1333 ], [ 26.1167, 48.1333 ], [ 26.1167, 48.1417 ], [ 26.125, 48.1417 ], [ 26.125, 48.1583 ], [ 26.1167, 48.1583 ], [ 26.1083, 48.175 ], [ 26.0833, 48.175 ], [ 26.0833, 48.1833 ], [ 25.9417, 48.1833 ], [ 25.9417, 48.1917 ], [ 25.9167, 48.1917 ], [ 25.9167, 48.2 ], [ 25.9083, 48.2 ], [ 25.9083, 48.2167 ], [ 25.9, 48.2167 ], [ 25.9, 48.225 ], [ 25.9083, 48.225 ], [ 25.9083, 48.275 ], [ 25.9, 48.275 ], [ 25.9, 48.2917 ], [ 25.9083, 48.2917 ], [ 25.9083, 48.3 ], [ 25.925, 48.3 ], [ 25.925, 48.2667 ], [ 25.9333, 48.2667 ], [ 25.9333, 48.2833 ], [ 25.9417, 48.2833 ], [ 25.9417, 48.2667 ], [ 25.95, 48.2667 ], [ 25.95, 48.2583 ], [ 25.9667, 48.25 ], [ 25.9667, 48.2417 ], [ 26.0, 48.2417 ], [ 26.0, 48.2333 ], [ 26.0583, 48.2333 ], [ 26.0583, 48.225 ], [ 26.0833, 48.225 ], [ 26.0833, 48.2167 ], [ 26.1, 48.2167 ], [ 26.1, 48.2083 ], [ 26.125, 48.2083 ], [ 26.125, 48.2 ], [ 26.1667, 48.2 ], [ 26.1667, 48.1917 ], [ 26.2333, 48.1917 ], [ 26.2333, 48.1833 ], [ 26.2667, 48.1833 ], [ 26.2667, 48.175 ], [ 26.2833, 48.175 ], [ 26.2833, 48.1583 ], [ 26.275, 48.1583 ], [ 26.275, 48.1417 ], [ 26.2667, 48.1417 ], [ 26.2667, 48.125 ], [ 26.275, 48.125 ], [ 26.275, 48.1167 ], [ 26.2868, 48.1167 ], [ 26.274, 48.0841 ], [ 26.2667, 48.0767 ], [ 26.2424, 48.0652 ], [ 26.2417, 48.0667 ] ], [ [ 25.925, 48.25 ], [ 25.9333, 48.25 ], [ 25.9333, 48.2583 ], [ 25.925, 48.2583 ], [ 25.925, 48.25 ] ] ], [ [ [ 30.4333, 48.1333 ], [ 30.4333, 48.1083 ], [ 30.4167, 48.1 ], [ 30.4167, 48.0917 ], [ 30.4083, 48.0917 ], [ 30.4083, 48.0833 ], [ 30.3917, 48.0833 ], [ 30.3917, 48.075 ], [ 30.375, 48.075 ], [ 30.375, 48.0667 ], [ 30.3583, 48.0667 ], [ 30.3583, 48.0583 ], [ 30.3417, 48.05 ], [ 30.3417, 48.0417 ], [ 30.325, 48.0417 ], [ 30.3167, 48.025 ], [ 30.3, 48.025 ], [ 30.3, 48.0167 ], [ 30.25, 48.0167 ], [ 30.25, 48.025 ], [ 30.2333, 48.025 ], [ 30.2333, 48.0333 ], [ 30.2083, 48.0333 ], [ 30.2083, 48.0417 ], [ 30.1667, 48.0417 ], [ 30.1667, 48.05 ], [ 30.1, 48.05 ], [ 30.1, 48.0583 ], [ 30.0583, 48.0583 ], [ 30.0583, 48.0667 ], [ 30.0417, 48.0667 ], [ 30.0417, 48.075 ], [ 30.025, 48.075 ], [ 30.025, 48.0917 ], [ 30.0833, 48.0917 ], [ 30.0833, 48.1 ], [ 30.1417, 48.1 ], [ 30.1417, 48.1083 ], [ 30.2, 48.1083 ], [ 30.2, 48.1167 ], [ 30.3417, 48.1167 ], [ 30.3417, 48.125 ], [ 30.4167, 48.125 ], [ 30.4167, 48.1333 ], [ 30.4333, 48.1333 ] ] ], [ [ [ 29.2667, 48.3833 ], [ 29.2667, 48.375 ], [ 29.3, 48.375 ], [ 29.3, 48.3667 ], [ 29.4917, 48.3667 ], [ 29.4917, 48.3583 ], [ 29.5083, 48.3583 ], [ 29.5, 48.3417 ], [ 29.4833, 48.3417 ], [ 29.4833, 48.3333 ], [ 29.4667, 48.3333 ], [ 29.4667, 48.325 ], [ 29.35, 48.325 ], [ 29.35, 48.3333 ], [ 29.3417, 48.3333 ], [ 29.3417, 48.325 ], [ 29.3083, 48.325 ], [ 29.3083, 48.3083 ], [ 29.3167, 48.3083 ], [ 29.3167, 48.3 ], [ 29.3333, 48.3 ], [ 29.3333, 48.2917 ], [ 29.35, 48.2917 ], [ 29.35, 48.2833 ], [ 29.3667, 48.275 ], [ 29.3667, 48.2667 ], [ 29.35, 48.2583 ], [ 29.35, 48.25 ], [ 29.25, 48.25 ], [ 29.25, 48.2417 ], [ 29.2417, 48.2417 ], [ 29.2417, 48.225 ], [ 29.2333, 48.225 ], [ 29.2333, 48.2 ], [ 29.2917, 48.2 ], [ 29.2917, 48.1917 ], [ 29.3, 48.1917 ], [ 29.3083, 48.175 ], [ 29.3167, 48.175 ], [ 29.3167, 48.1667 ], [ 29.3333, 48.1667 ], [ 29.3333, 48.1583 ], [ 29.35, 48.1583 ], [ 29.35, 48.15 ], [ 29.3667, 48.15 ], [ 29.3667, 48.1417 ], [ 29.3917, 48.1417 ], [ 29.3917, 48.1333 ], [ 29.4167, 48.1333 ], [ 29.4167, 48.125 ], [ 29.4417, 48.125 ], [ 29.4417, 48.1333 ], [ 29.4667, 48.1333 ], [ 29.4667, 48.125 ], [ 29.4833, 48.125 ], [ 29.4833, 48.1167 ], [ 29.475, 48.1167 ], [ 29.475, 48.1 ], [ 29.4667, 48.1 ], [ 29.4667, 48.075 ], [ 29.4583, 48.075 ], [ 29.4583, 48.05 ], [ 29.4417, 48.05 ], [ 29.4417, 48.0417 ], [ 29.425, 48.0417 ], [ 29.425, 48.0333 ], [ 29.3917, 48.0333 ], [ 29.3917, 48.025 ], [ 29.375, 48.025 ], [ 29.375, 48.0167 ], [ 29.3667, 48.0167 ], [ 29.3667, 48.0 ], [ 29.35, 48.0 ], [ 29.35, 48.0083 ], [ 29.3167, 48.0083 ], [ 29.3167, 48.025 ], [ 29.3083, 48.025 ], [ 29.3083, 48.0417 ], [ 29.2917, 48.05 ], [ 29.2917, 48.0583 ], [ 29.2833, 48.0583 ], [ 29.275, 48.075 ], [ 29.2667, 48.075 ], [ 29.2667, 48.0833 ], [ 29.2583, 48.0833 ], [ 29.25, 48.1 ], [ 29.2333, 48.1 ], [ 29.225, 48.1167 ], [ 29.2167, 48.1167 ], [ 29.2167, 48.1333 ], [ 29.2, 48.1417 ], [ 29.2, 48.15 ], [ 29.1833, 48.15 ], [ 29.1833, 48.1583 ], [ 29.1417, 48.1583 ], [ 29.1417, 48.15 ], [ 29.125, 48.15 ], [ 29.125, 48.1417 ], [ 29.1083, 48.1417 ], [ 29.1083, 48.1333 ], [ 29.0917, 48.1333 ], [ 29.0833, 48.15 ], [ 29.0667, 48.15 ], [ 29.0583, 48.1667 ], [ 29.0417, 48.1667 ], [ 29.0333, 48.1833 ], [ 29.025, 48.1833 ], [ 29.025, 48.2083 ], [ 29.0417, 48.2083 ], [ 29.0417, 48.2167 ], [ 29.1, 48.2167 ], [ 29.1, 48.225 ], [ 29.1417, 48.225 ], [ 29.1417, 48.2333 ], [ 29.1667, 48.2333 ], [ 29.175, 48.25 ], [ 29.1833, 48.25 ], [ 29.1833, 48.2667 ], [ 29.1667, 48.2667 ], [ 29.1667, 48.275 ], [ 29.075, 48.275 ], [ 29.075, 48.2667 ], [ 29.0083, 48.2667 ], [ 29.0083, 48.2583 ], [ 29.0, 48.2583 ], [ 29.0, 48.2667 ], [ 28.975, 48.2667 ], [ 28.975, 48.2917 ], [ 28.9833, 48.2917 ], [ 28.9833, 48.3 ], [ 29.0, 48.3083 ], [ 29.0, 48.3167 ], [ 29.0167, 48.3167 ], [ 29.0167, 48.325 ], [ 29.0417, 48.325 ], [ 29.0417, 48.3333 ], [ 29.0667, 48.3333 ], [ 29.0667, 48.3417 ], [ 29.0917, 48.3417 ], [ 29.0917, 48.35 ], [ 29.1083, 48.35 ], [ 29.1167, 48.3667 ], [ 29.1417, 48.3667 ], [ 29.1417, 48.375 ], [ 29.2, 48.375 ], [ 29.2, 48.3833 ], [ 29.2667, 48.3833 ] ] ], [ [ [ 26.8583, 48.4167 ], [ 26.8583, 48.4333 ], [ 26.875, 48.4417 ], [ 26.875, 48.4833 ], [ 26.8667, 48.4833 ], [ 26.8667, 48.5 ], [ 26.8583, 48.5 ], [ 26.8583, 48.5083 ], [ 26.8417, 48.5083 ], [ 26.8417, 48.5167 ], [ 26.85, 48.5167 ], [ 26.85, 48.525 ], [ 26.9, 48.525 ], [ 26.9, 48.5167 ], [ 26.9167, 48.5167 ], [ 26.9167, 48.5083 ], [ 26.9417, 48.5083 ], [ 26.9417, 48.5167 ], [ 26.9583, 48.5167 ], [ 26.9583, 48.525 ], [ 26.975, 48.525 ], [ 26.975, 48.5333 ], [ 27.0167, 48.5333 ], [ 27.0167, 48.525 ], [ 27.0583, 48.525 ], [ 27.0583, 48.5167 ], [ 27.1417, 48.5167 ], [ 27.1417, 48.525 ], [ 27.1583, 48.525 ], [ 27.1583, 48.5333 ], [ 27.25, 48.5333 ], [ 27.25, 48.525 ], [ 27.2917, 48.525 ], [ 27.2917, 48.5333 ], [ 27.3083, 48.5333 ], [ 27.3083, 48.5417 ], [ 27.325, 48.5417 ], [ 27.325, 48.55 ], [ 27.3417, 48.55 ], [ 27.3417, 48.5583 ], [ 27.3583, 48.5583 ], [ 27.3583, 48.5667 ], [ 27.3833, 48.5667 ], [ 27.3833, 48.575 ], [ 27.4333, 48.575 ], [ 27.4333, 48.5667 ], [ 27.4583, 48.5667 ], [ 27.4667, 48.55 ], [ 27.475, 48.55 ], [ 27.475, 48.5167 ], [ 27.4833, 48.5167 ], [ 27.4833, 48.4917 ], [ 27.4917, 48.4917 ], [ 27.4917, 48.4583 ], [ 27.4915, 48.4583 ], [ 27.4669, 48.4488 ], [ 27.4621, 48.4335 ], [ 27.4468, 48.4091 ], [ 27.4172, 48.4137 ], [ 27.3839, 48.4106 ], [ 27.3784, 48.4153 ], [ 27.3735, 48.4417 ], [ 27.3652, 48.442 ], [ 27.3533, 48.4491 ], [ 27.3497, 48.4467 ], [ 27.3535, 48.4405 ], [ 27.3387, 48.4479 ], [ 27.3352, 48.4439 ], [ 27.3375, 48.441 ], [ 27.3197, 48.4436 ], [ 27.3115, 48.4287 ], [ 27.3141, 48.4228 ], [ 27.3062, 48.4167 ], [ 27.3, 48.4167 ], [ 27.3, 48.4118 ], [ 27.2975, 48.4098 ], [ 27.2971, 48.4083 ], [ 27.25, 48.4083 ], [ 27.25, 48.4 ], [ 27.1167, 48.4 ], [ 27.1167, 48.3917 ], [ 27.1127, 48.3897 ], [ 27.0874, 48.4129 ], [ 27.0848, 48.4347 ], [ 27.0692, 48.4324 ], [ 27.0623, 48.4213 ], [ 27.0518, 48.426 ], [ 27.0371, 48.4235 ], [ 27.0301, 48.4271 ], [ 27.0144, 48.4251 ], [ 27.0135, 48.4204 ], [ 27.0265, 48.418 ], [ 27.04, 48.4108 ], [ 27.0369, 48.4068 ], [ 27.0448, 48.4023 ], [ 27.046, 48.391 ], [ 27.0499, 48.3876 ], [ 27.0467, 48.3764 ], [ 27.0458, 48.3743 ], [ 27.0281, 48.3827 ], [ 27.0049, 48.3803 ], [ 27.001, 48.3777 ], [ 27.0021, 48.3642 ], [ 26.9953, 48.3595 ], [ 26.931, 48.3722 ], [ 26.9318, 48.3633 ], [ 26.8946, 48.3836 ], [ 26.9013, 48.397 ], [ 26.89, 48.4095 ], [ 26.8706, 48.4202 ], [ 26.861, 48.4167 ], [ 26.8583, 48.4167 ] ], [ [ 27.4083, 48.4417 ], [ 27.4167, 48.4417 ], [ 27.4167, 48.45 ], [ 27.4083, 48.45 ], [ 27.4083, 48.4417 ] ] ], [ [ [ 25.6583, 48.1167 ], [ 25.6583, 48.1083 ], [ 25.675, 48.1083 ], [ 25.675, 48.1 ], [ 25.6917, 48.1 ], [ 25.6917, 48.0917 ], [ 25.675, 48.0917 ], [ 25.675, 48.0833 ], [ 25.6667, 48.0833 ], [ 25.6667, 48.075 ], [ 25.675, 48.075 ], [ 25.675, 48.0583 ], [ 25.6917, 48.0583 ], [ 25.6917, 48.05 ], [ 25.7083, 48.05 ], [ 25.7083, 48.0417 ], [ 25.725, 48.0417 ], [ 25.725, 48.0333 ], [ 25.7417, 48.0333 ], [ 25.7417, 48.025 ], [ 25.775, 48.025 ], [ 25.775, 48.0167 ], [ 25.8583, 48.0167 ], [ 25.8583, 48.025 ], [ 25.9167, 48.025 ], [ 25.9167, 48.0167 ], [ 25.9333, 48.0167 ], [ 25.9333, 48.0083 ], [ 25.9167, 48.0 ], [ 25.9167, 47.9917 ], [ 25.9, 47.9917 ], [ 25.9, 47.9833 ], [ 25.8583, 47.9833 ], [ 25.8583, 47.975 ], [ 25.7667, 47.975 ], [ 25.7667, 47.9833 ], [ 25.7333, 47.9833 ], [ 25.7333, 47.9917 ], [ 25.7167, 47.9917 ], [ 25.7167, 48.0 ], [ 25.7, 48.0 ], [ 25.7, 48.0083 ], [ 25.6833, 48.0083 ], [ 25.6833, 48.0167 ], [ 25.6667, 48.0167 ], [ 25.6667, 48.025 ], [ 25.65, 48.025 ], [ 25.65, 48.0333 ], [ 25.6333, 48.0333 ], [ 25.625, 48.05 ], [ 25.6167, 48.05 ], [ 25.6167, 48.0583 ], [ 25.6, 48.0583 ], [ 25.6, 48.0667 ], [ 25.5917, 48.0667 ], [ 25.5917, 48.0833 ], [ 25.6, 48.0833 ], [ 25.6, 48.1 ], [ 25.6167, 48.1083 ], [ 25.6167, 48.1167 ], [ 25.6583, 48.1167 ] ] ] ] } }
]
}
