{
"type": "FeatureCollection",
"name": "podzolized_chernozems",
"crs": { "type": "name", "properties": { "name": "urn:ogc:def:crs:OGC:1.3:CRS84" } },
"xy_coordinate_resolution": 0.0001,
"features": [
{ "type": "Feature", "properties": { "class": "podzolized_chernozems", "wrb": "PHcc, PHfv, PHgl, PHha, PHlv", "source": "HWSD v2.0, FAO & IIASA 2023, CC BY-NC-SA 3.0 IGO" }, "geometry": { "type": "MultiPolygon", "coordinates": [ [ [ [ 34.2417, 51.4 ], [ 34.2333, 51.4 ], [ 34.2333, 51.3917 ], [ 34.2167, 51.3833 ], [ 34.2167, 51.375 ], [ 34.2, 51.375 ], [ 34.2, 51.3667 ], [ 34.175, 51.3667 ], [ 34.175, 51.3583 ], [ 34.15, 51.3583 ], [ 34.15, 51.35 ], [ 34.125, 51.35 ], [ 34.125, 51.3417 ], [ 34.1083, 51.3417 ], [ 34.1083, 51.3333 ], [ 34.1, 51.3333 ], [ 34.1, 51.3417 ], [ 34.075, 51.3417 ], [ 34.075, 51.375 ], [ 34.0833, 51.375 ], [ 34.0917, 51.3917 ], [ 34.1, 51.3917 ], [ 34.1083, 51.4083 ], [ 34.1167, 51.4083 ], [ 34.1167, 51.4833 ], [ 34.1083, 51.4833 ], [ 34.1083, 51.525 ], [ 34.1167, 51.525 ], [ 34.1167, 51.5333 ], [ 34.1333, 51.5333 ], [ 34.1333, 51.5417 ], [ 34.1833, 51.5417 ], [ 34.1833, 51.5333 ], [ 34.2583, 51.5333 ], [ 34.2583, 51.5417 ], [ 34.2593, 51.5417 ], [ 34.2597, 51.5333 ], [ 34.2846, 51.5351 ], [ 34.2957, 51.5327 ], [ 34.2957, 51.5241 ], [ 34.3076, 51.5194 ], [ 34.3062, 51.5131 ], [ 34.29, 51.51 ], [ 34.2978, 51.4931 ], [ 34.2909, 51.4868 ], [ 34.291, 51.4803 ], [ 34.2814, 51.4736 ], [ 34.2666, 51.4751 ], [ 34.2573, 51.4609 ], [ 34.2452, 51.4567 ], [ 34.2457, 51.4513 ], [ 34.2514, 51.4477 ], [ 34.2548, 51.4398 ], [ 34.2456, 51.4368 ], [ 34.2466, 51.4333 ], [ 34.2417, 51.4333 ], [ 34.2417, 51.4306 ], [ 34.2227, 51.4284 ], [ 34.228, 51.4204 ], [ 34.2209, 51.417 ], [ 34.2267, 51.4097 ], [ 34.2277, 51.3995 ], [ 34.2417, 51.4016 ], [ 34.2417, 51.4 ] ] ], [ [ [ 33.8917, 51.3917 ], [ 33.8917, 51.3833 ], [ 34.0167, 51.3833 ], [ 34.025, 51.3667 ], [ 34.0333, 51.3667 ], [ 34.0333, 51.35 ], [ 34.025, 51.35 ], [ 34.025, 51.3417 ], [ 34.0083, 51.3417 ], [ 34.0083, 51.3333 ], [ 33.9583, 51.3333 ], [ 33.9583, 51.3417 ], [ 33.8667, 51.3417 ], [ 33.8667, 51.3333 ], [ 33.8, 51.3333 ], [ 33.8, 51.35 ], [ 33.8083, 51.35 ], [ 33.8083, 51.3583 ], [ 33.825, 51.3583 ], [ 33.8333, 51.375 ], [ 33.85, 51.375 ], [ 33.8583, 51.3917 ], [ 33.8917, 51.3917 ] ] ], [ [ [ 34.3917, 51.2667 ], [ 34.3917, 51.2583 ], [ 34.36, 51.2583 ], [ 34.3842, 51.2738 ], [ 34.4085, 51.2684 ], [ 34.4123, 51.2667 ], [ 34.3917, 51.2667 ] ] ], [ [ [ 34.6, 51.2083 ], [ 34.6, 51.2 ], [ 34.5083, 51.2 ], [ 34.5083, 51.1917 ], [ 34.4583, 51.1917 ], [ 34.4583, 51.2 ], [ 34.45, 51.2 ], [ 34.45, 51.2333 ], [ 34.4583, 51.2333 ], [ 34.4583, 51.2546 ], [ 34.4627, 51.2521 ], [ 34.4843, 51.2449 ], [ 34.5132, 51.2422 ], [ 34.5235, 51.2526 ], [ 34.5413, 51.2528 ], [ 34.5797, 51.2342 ], [ 34.6013, 51.2457 ], [ 34.603, 51.2537 ], [ 34.6626, 51.2474 ], [ 34.6675, 51.2083 ], [ 34.6, 51.2083 ] ] ], [ [ [ 32.8583, 51.2667 ], [ 32.8583, 51.2417 ], [ 32.875, 51.2333 ], [ 32.875, 51.225 ], [ 32.8917, 51.225 ], [ 32.8917, 51.2167 ], [ 32.9083, 51.2167 ], [ 32.9083, 51.2083 ], [ 32.9333, 51.2083 ], [ 32.9333, 51.2 ], [ 32.9417, 51.2 ], [ 32.9417, 51.1833 ], [ 32.9333, 51.1833 ], [ 32.9333, 51.175 ], [ 32.8167, 51.175 ], [ 32.8167, 51.1833 ], [ 32.7333, 51.1833 ], [ 32.7333, 51.1917 ], [ 32.6917, 51.1917 ], [ 32.6917, 51.2083 ], [ 32.6833, 51.2083 ], [ 32.6833, 51.2167 ], [ 32.6917, 51.2167 ], [ 32.6917, 51.225 ], [ 32.65, 51.225 ], [ 32.65, 51.2333 ], [ 32.5917, 51.2333 ], [ 32.5917, 51.25 ], [ 32.6333, 51.25 ], [ 32.6333, 51.2417 ], [ 32.6417, 51.2417 ], [ 32.6417, 51.25 ], [ 32.6667, 51.25 ], [ 32.6667, 51.2583 ], [ 32.7083, 51.2583 ], [ 32.7083, 51.25 ], [ 32.725, 51.25 ], [ 32.725, 51.2583 ], [ 32.7667, 51.2583 ], [ 32.7667, 51.2667 ], [ 32.8583, 51.2667 ] ] ], [ [ [ 33.4, 51.125 ], [ 33.4, 51.1167 ], [ 33.45, 51.1167 ], [ 33.45, 51.1083 ], [ 33.5667, 51.1083 ], [ 33.5667, 51.1 ], [ 33.5917, 51.1 ], [ 33.5917, 51.075 ], [ 33.5667, 51.075 ], [ 33.5667, 51.0667 ], [ 33.55, 51.0583 ], [ 33.55, 51.05 ], [ 33.5583, 51.05 ], [ 33.5583, 51.0417 ], [ 33.5833, 51.0417 ], [ 33.5833, 51.0333 ], [ 33.6333, 51.0333 ], [ 33.6333, 51.025 ], [ 33.65, 51.025 ], [ 33.65, 51.0167 ], [ 33.6667, 51.0167 ], [ 33.6667, 51.0 ], [ 33.6583, 51.0 ], [ 33.6583, 50.9917 ], [ 33.6417, 50.9917 ], [ 33.6417, 50.9833 ], [ 33.575, 50.9833 ], [ 33.575, 50.9917 ], [ 33.5417, 50.9917 ], [ 33.5417, 51.0 ], [ 33.525, 51.0 ], [ 33.525, 51.0083 ], [ 33.5, 51.0083 ], [ 33.5, 51.0167 ], [ 33.475, 51.0167 ], [ 33.475, 51.025 ], [ 33.4583, 51.025 ], [ 33.4583, 51.0333 ], [ 33.4167, 51.0333 ], [ 33.4167, 51.0417 ], [ 33.3917, 51.0417 ], [ 33.3917, 51.0333 ], [ 33.3583, 51.0333 ], [ 33.3583, 51.0417 ], [ 33.3, 51.0417 ], [ 33.3, 51.0583 ], [ 33.2833, 51.0583 ], [ 33.2833, 51.0667 ], [ 33.275, 51.0667 ], [ 33.275, 51.1 ], [ 33.2833, 51.1 ], [ 33.2833, 51.1083 ], [ 33.3083, 51.1083 ], [ 33.3083, 51.1167 ], [ 33.325, 51.1167 ], [ 33.325, 51.125 ], [ 33.4, 51.125 ] ] ], [ [ [ 23.9167, 51.012 ], [ 23.9223, 51.0096 ], [ 23.9259, 51.0149 ], [ 23.9357, 51.0147 ], [ 23.9233, 51.0164 ], [ 23.9273, 51.02 ], [ 23.9182, 51.0254 ], [ 23.9212, 51.027 ], [ 23.9159, 51.0284 ], [ 23.9315, 51.0381 ], [ 23.9214, 51.0366 ], [ 23.9215, 51.039 ], [ 23.913, 51.0418 ], [ 23.9199, 51.0466 ], [ 23.9137, 51.0468 ], [ 23.916, 51.0488 ], [ 23.9129, 51.0632 ], [ 23.9088, 51.0642 ], [ 23.9104, 51.0667 ], [ 23.95, 51.0667 ], [ 23.9583, 51.05 ], [ 23.9667, 51.05 ], [ 23.9667, 51.0417 ], [ 23.975, 51.0417 ], [ 23.975, 50.9917 ], [ 23.9667, 50.9917 ], [ 23.9667, 51.0 ], [ 23.943, 51.0 ], [ 23.9386, 51.003 ], [ 23.925, 51.0053 ], [ 23.925, 51.0083 ], [ 23.917, 51.0083 ], [ 23.9185, 51.0094 ], [ 23.9167, 51.0098 ], [ 23.9167, 51.012 ] ] ], [ [ [ 33.3917, 50.975 ], [ 33.3917, 50.9667 ], [ 33.4083, 50.9667 ], [ 33.4083, 50.9583 ], [ 33.425, 50.9583 ], [ 33.425, 50.95 ], [ 33.45, 50.95 ], [ 33.45, 50.9417 ], [ 33.4917, 50.9417 ], [ 33.4917, 50.9333 ], [ 33.5583, 50.9333 ], [ 33.5583, 50.9417 ], [ 33.6083, 50.9417 ], [ 33.6083, 50.95 ], [ 33.6583, 50.95 ], [ 33.6583, 50.9417 ], [ 33.6833, 50.9417 ], [ 33.6833, 50.925 ], [ 33.675, 50.925 ], [ 33.675, 50.9167 ], [ 33.6583, 50.9167 ], [ 33.6583, 50.9083 ], [ 33.575, 50.9083 ], [ 33.575, 50.9 ], [ 33.5583, 50.9 ], [ 33.5583, 50.8917 ], [ 33.5417, 50.8917 ], [ 33.5417, 50.8833 ], [ 33.5167, 50.8833 ], [ 33.5167, 50.875 ], [ 33.4833, 50.875 ], [ 33.4833, 50.8667 ], [ 33.4417, 50.8667 ], [ 33.4417, 50.875 ], [ 33.425, 50.875 ], [ 33.425, 50.8833 ], [ 33.4083, 50.8917 ], [ 33.4083, 50.9 ], [ 33.3917, 50.9 ], [ 33.3917, 50.9083 ], [ 33.375, 50.9083 ], [ 33.375, 50.9167 ], [ 33.3417, 50.9167 ], [ 33.3417, 50.925 ], [ 33.325, 50.925 ], [ 33.325, 50.9333 ], [ 33.3083, 50.9417 ], [ 33.3083, 50.9583 ], [ 33.3167, 50.9583 ], [ 33.3167, 50.9667 ], [ 33.3333, 50.9667 ], [ 33.3333, 50.975 ], [ 33.3917, 50.975 ] ] ], [ [ [ 35.2333, 50.9917 ], [ 35.2333, 50.9833 ], [ 35.25, 50.9833 ], [ 35.2583, 50.9667 ], [ 35.2667, 50.9667 ], [ 35.2667, 50.95 ], [ 35.2583, 50.95 ], [ 35.2583, 50.9333 ], [ 35.25, 50.9333 ], [ 35.25, 50.9 ], [ 35.3, 50.9 ], [ 35.3, 50.9083 ], [ 35.3417, 50.9083 ], [ 35.3417, 50.8833 ], [ 35.325, 50.875 ], [ 35.325, 50.8667 ], [ 35.3167, 50.8667 ], [ 35.3083, 50.85 ], [ 35.3, 50.85 ], [ 35.3, 50.8417 ], [ 35.2917, 50.8417 ], [ 35.2917, 50.7917 ], [ 35.2833, 50.7917 ], [ 35.2833, 50.7833 ], [ 35.275, 50.7833 ], [ 35.275, 50.7917 ], [ 35.25, 50.7917 ], [ 35.25, 50.8083 ], [ 35.2417, 50.8083 ], [ 35.2417, 50.8167 ], [ 35.225, 50.8167 ], [ 35.225, 50.825 ], [ 35.1917, 50.825 ], [ 35.1917, 50.8333 ], [ 35.125, 50.8333 ], [ 35.125, 50.8417 ], [ 35.1083, 50.8417 ], [ 35.1083, 50.85 ], [ 35.1, 50.85 ], [ 35.1083, 50.8667 ], [ 35.125, 50.8667 ], [ 35.1333, 50.8833 ], [ 35.15, 50.8833 ], [ 35.15, 50.9083 ], [ 35.1417, 50.9083 ], [ 35.1417, 50.9417 ], [ 35.1583, 50.95 ], [ 35.1583, 50.9667 ], [ 35.175, 50.975 ], [ 35.175, 50.9833 ], [ 35.1833, 50.9833 ], [ 35.1833, 50.9917 ], [ 35.2333, 50.9917 ] ] ], [ [ [ 24.0083, 50.825 ], [ 24.0, 50.825 ], [ 24.0, 50.8083 ], [ 23.9917, 50.8083 ], [ 23.9917, 50.7917 ], [ 24.0, 50.7917 ], [ 24.0, 50.775 ], [ 24.0083, 50.775 ], [ 24.0083, 50.7715 ], [ 23.9975, 50.7692 ], [ 23.9808, 50.7712 ], [ 23.982, 50.768 ], [ 23.9782, 50.7684 ], [ 23.9785, 50.7733 ], [ 23.9719, 50.7745 ], [ 23.9721, 50.777 ], [ 23.9688, 50.775 ], [ 23.9704, 50.7787 ], [ 23.9661, 50.778 ], [ 23.9634, 50.7813 ], [ 23.9683, 50.7858 ], [ 23.9575, 50.7945 ], [ 23.9635, 50.799 ], [ 23.9689, 50.8117 ], [ 23.9635, 50.8144 ], [ 23.9705, 50.816 ], [ 23.9684, 50.8194 ], [ 23.9745, 50.8171 ], [ 23.9725, 50.8205 ], [ 23.9754, 50.826 ], [ 23.9797, 50.8243 ], [ 23.9804, 50.8279 ], [ 23.9832, 50.8266 ], [ 23.981, 50.8298 ], [ 23.9896, 50.8374 ], [ 24.0069, 50.8412 ], [ 24.0156, 50.8395 ], [ 24.0083, 50.825 ] ] ], [ [ [ 24.0333, 50.7417 ], [ 24.0333, 50.75 ], [ 24.0417, 50.75 ], [ 24.0417, 50.7333 ], [ 24.025, 50.7333 ], [ 24.025, 50.725 ], [ 24.024, 50.725 ], [ 24.0237, 50.7251 ], [ 24.0237, 50.725 ], [ 24.0175, 50.725 ], [ 24.0197, 50.7309 ], [ 24.0157, 50.7298 ], [ 24.0206, 50.7378 ], [ 24.0162, 50.7372 ], [ 24.0183, 50.7417 ], [ 24.0333, 50.7417 ] ] ], [ [ [ 24.4833, 50.8167 ], [ 24.4833, 50.8083 ], [ 24.5167, 50.8083 ], [ 24.5167, 50.8 ], [ 24.5333, 50.8 ], [ 24.5333, 50.7917 ], [ 24.5667, 50.7917 ], [ 24.5667, 50.7833 ], [ 24.6167, 50.7833 ], [ 24.6167, 50.775 ], [ 24.7083, 50.775 ], [ 24.7083, 50.7667 ], [ 24.7333, 50.7667 ], [ 24.7333, 50.7583 ], [ 24.7583, 50.7583 ], [ 24.7583, 50.75 ], [ 24.7667, 50.75 ], [ 24.775, 50.7333 ], [ 24.7833, 50.7333 ], [ 24.7833, 50.7167 ], [ 24.7917, 50.7167 ], [ 24.7917, 50.6917 ], [ 24.7667, 50.6917 ], [ 24.7667, 50.6833 ], [ 24.6917, 50.6833 ], [ 24.6917, 50.675 ], [ 24.675, 50.675 ], [ 24.675, 50.6667 ], [ 24.6667, 50.6667 ], [ 24.6667, 50.6583 ], [ 24.65, 50.65 ], [ 24.65, 50.6417 ], [ 24.6417, 50.6417 ], [ 24.6333, 50.625 ], [ 24.625, 50.625 ], [ 24.625, 50.6167 ], [ 24.5917, 50.6167 ], [ 24.5833, 50.6333 ], [ 24.5667, 50.6333 ], [ 24.5583, 50.65 ], [ 24.5417, 50.65 ], [ 24.5417, 50.6583 ], [ 24.5167, 50.6583 ], [ 24.5167, 50.6667 ], [ 24.475, 50.6667 ], [ 24.4667, 50.6833 ], [ 24.4583, 50.6833 ], [ 24.4583, 50.7083 ], [ 24.45, 50.7083 ], [ 24.45, 50.7583 ], [ 24.4583, 50.7583 ], [ 24.4583, 50.775 ], [ 24.45, 50.775 ], [ 24.45, 50.8167 ], [ 24.4833, 50.8167 ] ] ], [ [ [ 35.3917, 50.625 ], [ 35.3917, 50.6417 ], [ 35.3833, 50.6417 ], [ 35.3833, 50.6583 ], [ 35.375, 50.6583 ], [ 35.3667, 50.675 ], [ 35.35, 50.675 ], [ 35.35, 50.6833 ], [ 35.3417, 50.6833 ], [ 35.3333, 50.7 ], [ 35.325, 50.7 ], [ 35.325, 50.7083 ], [ 35.3083, 50.7083 ], [ 35.3, 50.725 ], [ 35.2917, 50.725 ], [ 35.2917, 50.7417 ], [ 35.2833, 50.7417 ], [ 35.2833, 50.75 ], [ 35.3, 50.7583 ], [ 35.3, 50.7667 ], [ 35.3083, 50.7667 ], [ 35.3083, 50.7583 ], [ 35.325, 50.7583 ], [ 35.325, 50.7667 ], [ 35.3417, 50.7667 ], [ 35.3417, 50.7583 ], [ 35.4583, 50.7583 ], [ 35.4583, 50.7667 ], [ 35.475, 50.7667 ], [ 35.475, 50.775 ], [ 35.4833, 50.775 ], [ 35.4852, 50.7787 ], [ 35.4887, 50.7768 ], [ 35.4739, 50.7549 ], [ 35.476, 50.7519 ], [ 35.4698, 50.7466 ], [ 35.4743, 50.7401 ], [ 35.4639, 50.735 ], [ 35.4732, 50.7255 ], [ 35.466, 50.7085 ], [ 35.4598, 50.7047 ], [ 35.4634, 50.6936 ], [ 35.4595, 50.6893 ], [ 35.4721, 50.6804 ], [ 35.4962, 50.6789 ], [ 35.4872, 50.6707 ], [ 35.4889, 50.6586 ], [ 35.4858, 50.6559 ], [ 35.4628, 50.6663 ], [ 35.427, 50.655 ], [ 35.4004, 50.6564 ], [ 35.3929, 50.65 ], [ 35.3921, 50.6419 ], [ 35.4023, 50.6319 ], [ 35.4063, 50.625 ], [ 35.3917, 50.625 ] ] ], [ [ [ 25.3417, 50.7417 ], [ 25.3417, 50.7333 ], [ 25.3667, 50.7333 ], [ 25.3667, 50.725 ], [ 25.375, 50.725 ], [ 25.3833, 50.7083 ], [ 25.3917, 50.7083 ], [ 25.3917, 50.6917 ], [ 25.4, 50.6917 ], [ 25.4, 50.675 ], [ 25.4083, 50.675 ], [ 25.4083, 50.6167 ], [ 25.375, 50.6167 ], [ 25.375, 50.625 ], [ 25.3083, 50.625 ], [ 25.3083, 50.6333 ], [ 25.2583, 50.6333 ], [ 25.2583, 50.6417 ], [ 25.075, 50.6417 ], [ 25.0833, 50.6583 ], [ 25.0917, 50.6583 ], [ 25.0917, 50.6667 ], [ 25.1, 50.6667 ], [ 25.1, 50.675 ], [ 25.1167, 50.675 ], [ 25.125, 50.6917 ], [ 25.15, 50.6917 ], [ 25.15, 50.7 ], [ 25.1917, 50.7 ], [ 25.1917, 50.7083 ], [ 25.2417, 50.7083 ], [ 25.2417, 50.7167 ], [ 25.275, 50.7167 ], [ 25.275, 50.725 ], [ 25.3, 50.725 ], [ 25.3, 50.7333 ], [ 25.325, 50.7333 ], [ 25.325, 50.7417 ], [ 25.3417, 50.7417 ] ], [ [ 25.3083, 50.6917 ], [ 25.3167, 50.6917 ], [ 25.3167, 50.7 ], [ 25.3083, 50.7 ], [ 25.3083, 50.6917 ] ] ], [ [ [ 25.45, 50.75 ], [ 25.45, 50.7417 ], [ 25.4833, 50.7417 ], [ 25.4833, 50.7333 ], [ 25.5, 50.7333 ], [ 25.5, 50.725 ], [ 25.5083, 50.725 ], [ 25.5167, 50.7083 ], [ 25.525, 50.7083 ], [ 25.525, 50.6833 ], [ 25.5333, 50.6833 ], [ 25.5333, 50.6583 ], [ 25.55, 50.65 ], [ 25.55, 50.6417 ], [ 25.65, 50.6417 ], [ 25.65, 50.6333 ], [ 25.6917, 50.6333 ], [ 25.6917, 50.625 ], [ 25.7083, 50.6167 ], [ 25.7083, 50.6083 ], [ 25.6917, 50.6 ], [ 25.6917, 50.5917 ], [ 25.6583, 50.5917 ], [ 25.6583, 50.5833 ], [ 25.6333, 50.5833 ], [ 25.6333, 50.5917 ], [ 25.6, 50.5917 ], [ 25.6, 50.5833 ], [ 25.55, 50.5833 ], [ 25.55, 50.575 ], [ 25.5333, 50.575 ], [ 25.525, 50.5583 ], [ 25.5167, 50.5583 ], [ 25.5167, 50.5417 ], [ 25.4917, 50.5417 ], [ 25.4917, 50.55 ], [ 25.475, 50.55 ], [ 25.475, 50.5583 ], [ 25.4667, 50.5583 ], [ 25.4583, 50.575 ], [ 25.45, 50.575 ], [ 25.45, 50.6417 ], [ 25.4583, 50.6417 ], [ 25.4583, 50.675 ], [ 25.45, 50.675 ], [ 25.4417, 50.6917 ], [ 25.4333, 50.6917 ], [ 25.425, 50.7083 ], [ 25.4167, 50.7083 ], [ 25.4083, 50.725 ], [ 25.4, 50.725 ], [ 25.4, 50.7417 ], [ 25.3917, 50.7417 ], [ 25.3917, 50.75 ], [ 25.45, 50.75 ] ] ], [ [ [ 35.0333, 50.725 ], [ 35.0333, 50.7167 ], [ 35.05, 50.7167 ], [ 35.05, 50.7083 ], [ 35.0583, 50.7083 ], [ 35.0583, 50.6917 ], [ 35.05, 50.6917 ], [ 35.05, 50.675 ], [ 35.0417, 50.675 ], [ 35.0417, 50.6667 ], [ 35.025, 50.6667 ], [ 35.025, 50.6333 ], [ 35.0167, 50.6333 ], [ 35.0167, 50.6167 ], [ 35.0083, 50.6167 ], [ 35.0083, 50.6083 ], [ 34.9833, 50.6083 ], [ 34.9833, 50.6 ], [ 34.9417, 50.6 ], [ 34.9417, 50.5917 ], [ 34.925, 50.5917 ], [ 34.9167, 50.575 ], [ 34.875, 50.575 ], [ 34.875, 50.5917 ], [ 34.8833, 50.5917 ], [ 34.8833, 50.6083 ], [ 34.85, 50.6083 ], [ 34.8417, 50.5917 ], [ 34.825, 50.5917 ], [ 34.825, 50.5833 ], [ 34.8167, 50.5833 ], [ 34.8167, 50.5583 ], [ 34.8333, 50.55 ], [ 34.8333, 50.5417 ], [ 34.8917, 50.5417 ], [ 34.8917, 50.5333 ], [ 34.9167, 50.5333 ], [ 34.9167, 50.525 ], [ 34.9417, 50.525 ], [ 34.9417, 50.5167 ], [ 34.9583, 50.5167 ], [ 34.9583, 50.4917 ], [ 34.85, 50.4917 ], [ 34.85, 50.5 ], [ 34.8333, 50.5 ], [ 34.825, 50.5167 ], [ 34.8083, 50.5167 ], [ 34.8083, 50.525 ], [ 34.7917, 50.525 ], [ 34.7917, 50.5333 ], [ 34.75, 50.5333 ], [ 34.75, 50.5417 ], [ 34.7333, 50.55 ], [ 34.7333, 50.6083 ], [ 34.725, 50.6083 ], [ 34.725, 50.6167 ], [ 34.7417, 50.6167 ], [ 34.7417, 50.625 ], [ 34.75, 50.625 ], [ 34.7667, 50.6583 ], [ 34.8167, 50.6583 ], [ 34.8167, 50.65 ], [ 34.9, 50.65 ], [ 34.9, 50.6583 ], [ 34.9167, 50.6583 ], [ 34.9167, 50.6667 ], [ 34.925, 50.6667 ], [ 34.9333, 50.6833 ], [ 34.95, 50.6833 ], [ 34.95, 50.6917 ], [ 34.9667, 50.7 ], [ 34.9667, 50.7083 ], [ 34.9833, 50.7083 ], [ 34.9833, 50.7167 ], [ 35.0083, 50.7167 ], [ 35.0083, 50.725 ], [ 35.0333, 50.725 ] ] ], [ [ [ 32.5417, 51.4083 ], [ 32.5417, 51.4 ], [ 32.5583, 51.4 ], [ 32.5667, 51.3833 ], [ 32.5583, 51.3833 ], [ 32.5583, 51.35 ], [ 32.5667, 51.35 ], [ 32.5667, 51.3417 ], [ 32.5917, 51.3417 ], [ 32.5917, 51.3333 ], [ 32.625, 51.3333 ], [ 32.625, 51.325 ], [ 32.6417, 51.325 ], [ 32.65, 51.3083 ], [ 32.6417, 51.3083 ], [ 32.6417, 51.3 ], [ 32.6167, 51.3 ], [ 32.6167, 51.2917 ], [ 32.5833, 51.2917 ], [ 32.5833, 51.2833 ], [ 32.5667, 51.2917 ], [ 32.5667, 51.2833 ], [ 32.5, 51.2833 ], [ 32.5, 51.275 ], [ 32.4667, 51.275 ], [ 32.4667, 51.2667 ], [ 32.425, 51.2667 ], [ 32.425, 51.2583 ], [ 32.375, 51.2583 ], [ 32.375, 51.25 ], [ 32.35, 51.25 ], [ 32.35, 51.2417 ], [ 32.325, 51.2417 ], [ 32.3167, 51.225 ], [ 32.3, 51.225 ], [ 32.3, 51.2167 ], [ 32.2917, 51.2167 ], [ 32.2917, 51.2 ], [ 32.3083, 51.2 ], [ 32.3083, 51.1917 ], [ 32.3417, 51.1917 ], [ 32.3417, 51.1833 ], [ 32.3667, 51.1833 ], [ 32.3667, 51.1583 ], [ 32.3583, 51.1583 ], [ 32.3583, 51.15 ], [ 32.3417, 51.15 ], [ 32.3417, 51.1417 ], [ 32.3167, 51.1417 ], [ 32.3167, 51.1333 ], [ 32.2833, 51.1333 ], [ 32.2833, 51.125 ], [ 32.25, 51.125 ], [ 32.2417, 51.1083 ], [ 32.25, 51.1083 ], [ 32.25, 51.1 ], [ 32.3, 51.1 ], [ 32.3, 51.1083 ], [ 32.325, 51.1083 ], [ 32.325, 51.1167 ], [ 32.375, 51.1167 ], [ 32.375, 51.0917 ], [ 32.3667, 51.0917 ], [ 32.3667, 51.0833 ], [ 32.35, 51.0833 ], [ 32.35, 51.075 ], [ 32.325, 51.075 ], [ 32.325, 51.0667 ], [ 32.3, 51.0667 ], [ 32.3, 51.0583 ], [ 32.2833, 51.0583 ], [ 32.275, 51.0417 ], [ 32.2833, 51.0417 ], [ 32.2833, 51.0333 ], [ 32.4667, 51.0333 ], [ 32.4667, 51.025 ], [ 32.525, 51.025 ], [ 32.525, 51.0333 ], [ 32.5417, 51.0333 ], [ 32.5417, 51.0917 ], [ 32.55, 51.0917 ], [ 32.55, 51.1083 ], [ 32.5667, 51.1167 ], [ 32.5667, 51.125 ], [ 32.5833, 51.125 ], [ 32.5833, 51.1333 ], [ 32.6, 51.1333 ], [ 32.6, 51.1417 ], [ 32.6083, 51.1417 ], [ 32.6083, 51.1333 ], [ 32.7, 51.1333 ], [ 32.7, 51.1417 ], [ 32.7667, 51.1417 ], [ 32.7667, 51.1333 ], [ 32.8, 51.1333 ], [ 32.8, 51.125 ], [ 32.85, 51.125 ], [ 32.85, 51.1333 ], [ 32.875, 51.1333 ], [ 32.875, 51.1417 ], [ 32.9083, 51.1417 ], [ 32.9083, 51.15 ], [ 32.9417, 51.15 ], [ 32.9417, 51.1583 ], [ 32.9833, 51.1583 ], [ 32.9833, 51.1333 ], [ 32.975, 51.1333 ], [ 32.975, 51.1167 ], [ 32.9667, 51.1167 ], [ 32.9667, 51.0833 ], [ 32.9583, 51.0833 ], [ 32.9583, 51.0667 ], [ 32.9417, 51.0667 ], [ 32.9417, 51.0583 ], [ 32.925, 51.0583 ], [ 32.9167, 51.0417 ], [ 32.8917, 51.0417 ], [ 32.8917, 51.0333 ], [ 32.8833, 51.0333 ], [ 32.8833, 51.0417 ], [ 32.8583, 51.0417 ], [ 32.8583, 51.075 ], [ 32.8417, 51.075 ], [ 32.8417, 51.0833 ], [ 32.8333, 51.0833 ], [ 32.8333, 51.075 ], [ 32.8, 51.075 ], [ 32.8, 51.0667 ], [ 32.7667, 51.0667 ], [ 32.7667, 51.0917 ], [ 32.7583, 51.0917 ], [ 32.7583, 51.1 ], [ 32.7333, 51.1 ], [ 32.7333, 51.0917 ], [ 32.7083, 51.0917 ], [ 32.7083, 51.0833 ], [ 32.7, 51.0833 ], [ 32.7, 51.0667 ], [ 32.7167, 51.0667 ], [ 32.7167, 51.0583 ], [ 32.7417, 51.0583 ], [ 32.7417, 51.05 ], [ 32.775, 51.05 ], [ 32.775, 51.0417 ], [ 32.8, 51.0417 ], [ 32.8, 51.0333 ], [ 32.825, 51.0333 ], [ 32.825, 51.025 ], [ 32.8333, 51.025 ], [ 32.8333, 51.0083 ], [ 32.825, 51.0083 ], [ 32.825, 51.0 ], [ 32.7667, 51.0 ], [ 32.7667, 51.0083 ], [ 32.7167, 51.0083 ], [ 32.7167, 51.0167 ], [ 32.6833, 51.0167 ], [ 32.6833, 51.025 ], [ 32.6, 51.025 ], [ 32.6, 51.0167 ], [ 32.5833, 51.0167 ], [ 32.5833, 51.0 ], [ 32.575, 51.0 ], [ 32.5833, 50.9833 ], [ 32.65, 50.9833 ], [ 32.65, 50.975 ], [ 32.75, 50.975 ], [ 32.75, 50.9667 ], [ 32.7917, 50.9667 ], [ 32.7917, 50.975 ], [ 32.8417, 50.975 ], [ 32.8417, 50.9833 ], [ 32.9167, 50.9833 ], [ 32.9167, 50.975 ], [ 32.9333, 50.975 ], [ 32.9333, 50.9583 ], [ 32.9417, 50.9583 ], [ 32.9417, 50.95 ], [ 32.9333, 50.95 ], [ 32.925, 50.9333 ], [ 32.9167, 50.9333 ], [ 32.9167, 50.925 ], [ 32.8833, 50.925 ], [ 32.8833, 50.9167 ], [ 32.7833, 50.9167 ], [ 32.7833, 50.9083 ], [ 32.7667, 50.9083 ], [ 32.7667, 50.9 ], [ 32.75, 50.9 ], [ 32.75, 50.8917 ], [ 32.725, 50.8917 ], [ 32.725, 50.9 ], [ 32.7083, 50.9 ], [ 32.7083, 50.8917 ], [ 32.6833, 50.8917 ], [ 32.6833, 50.8833 ], [ 32.65, 50.8833 ], [ 32.65, 50.875 ], [ 32.525, 50.875 ], [ 32.525, 50.8833 ], [ 32.5, 50.8833 ], [ 32.5, 50.8917 ], [ 32.475, 50.8917 ], [ 32.475, 50.9 ], [ 32.45, 50.9 ], [ 32.45, 50.9083 ], [ 32.4333, 50.9083 ], [ 32.4333, 50.9167 ], [ 32.4167, 50.9167 ], [ 32.4167, 50.925 ], [ 32.35, 50.925 ], [ 32.35, 50.9167 ], [ 32.2917, 50.9167 ], [ 32.2917, 50.95 ], [ 32.2833, 50.95 ], [ 32.2833, 50.9583 ], [ 32.2167, 50.9583 ], [ 32.2167, 50.95 ], [ 32.2083, 50.95 ], [ 32.2, 50.9333 ], [ 32.1917, 50.9333 ], [ 32.1917, 50.9167 ], [ 32.1833, 50.9167 ], [ 32.1833, 50.9 ], [ 32.175, 50.9 ], [ 32.175, 50.8917 ], [ 32.1667, 50.8917 ], [ 32.1667, 50.9 ], [ 32.1167, 50.9 ], [ 32.1167, 50.8917 ], [ 32.0917, 50.8917 ], [ 32.0917, 50.8667 ], [ 32.0833, 50.8667 ], [ 32.0833, 50.85 ], [ 32.075, 50.85 ], [ 32.075, 50.8417 ], [ 32.0917, 50.8333 ], [ 32.0917, 50.8167 ], [ 32.1, 50.8167 ], [ 32.1083, 50.8 ], [ 32.1167, 50.8 ], [ 32.1167, 50.7917 ], [ 32.125, 50.7917 ], [ 32.125, 50.775 ], [ 32.1417, 50.7667 ], [ 32.1417, 50.7583 ], [ 32.1333, 50.7583 ], [ 32.1333, 50.75 ], [ 32.1167, 50.7417 ], [ 32.1167, 50.7333 ], [ 32.0917, 50.7333 ], [ 32.0917, 50.725 ], [ 32.0667, 50.725 ], [ 32.0583, 50.7083 ], [ 32.05, 50.7083 ], [ 32.05, 50.6667 ], [ 32.0583, 50.6667 ], [ 32.0583, 50.6417 ], [ 32.0667, 50.6417 ], [ 32.0667, 50.6083 ], [ 32.075, 50.6083 ], [ 32.075, 50.5917 ], [ 32.0667, 50.5917 ], [ 32.0667, 50.5667 ], [ 32.0583, 50.5667 ], [ 32.0583, 50.55 ], [ 32.0417, 50.5417 ], [ 32.0417, 50.5333 ], [ 32.0333, 50.5333 ], [ 32.0333, 50.5167 ], [ 32.025, 50.5167 ], [ 32.025, 50.5083 ], [ 32.0167, 50.5083 ], [ 32.0167, 50.4917 ], [ 32.0, 50.4833 ], [ 32.0, 50.4583 ], [ 31.9917, 50.4583 ], [ 31.9917, 50.45 ], [ 32.0, 50.45 ], [ 32.0, 50.4417 ], [ 31.9917, 50.4417 ], [ 31.9917, 50.4333 ], [ 31.9583, 50.4333 ], [ 31.9583, 50.4417 ], [ 31.9333, 50.4417 ], [ 31.9333, 50.45 ], [ 31.9083, 50.45 ], [ 31.9083, 50.4583 ], [ 31.8833, 50.4583 ], [ 31.875, 50.475 ], [ 31.8667, 50.475 ], [ 31.8667, 50.4917 ], [ 31.8583, 50.4917 ], [ 31.8583, 50.5083 ], [ 31.85, 50.5083 ], [ 31.85, 50.5167 ], [ 31.8333, 50.5167 ], [ 31.8333, 50.4417 ], [ 31.8167, 50.4417 ], [ 31.8167, 50.4583 ], [ 31.8083, 50.4583 ], [ 31.8083, 50.4667 ], [ 31.7917, 50.4667 ], [ 31.7833, 50.4833 ], [ 31.775, 50.4833 ], [ 31.775, 50.4917 ], [ 31.7583, 50.4917 ], [ 31.75, 50.5083 ], [ 31.7417, 50.5083 ], [ 31.7417, 50.5167 ], [ 31.725, 50.5167 ], [ 31.725, 50.5083 ], [ 31.7083, 50.5083 ], [ 31.7, 50.525 ], [ 31.6583, 50.525 ], [ 31.65, 50.5417 ], [ 31.6417, 50.5417 ], [ 31.6333, 50.5583 ], [ 31.625, 50.5583 ], [ 31.625, 50.575 ], [ 31.6167, 50.575 ], [ 31.6167, 50.5917 ], [ 31.6083, 50.5917 ], [ 31.6083, 50.6083 ], [ 31.625, 50.6167 ], [ 31.625, 50.625 ], [ 31.6583, 50.625 ], [ 31.6583, 50.6167 ], [ 31.6833, 50.6167 ], [ 31.6833, 50.6083 ], [ 31.7083, 50.6083 ], [ 31.7083, 50.6 ], [ 31.725, 50.6 ], [ 31.725, 50.5917 ], [ 31.75, 50.5917 ], [ 31.75, 50.5833 ], [ 31.7833, 50.5833 ], [ 31.7833, 50.575 ], [ 31.825, 50.575 ], [ 31.8333, 50.5917 ], [ 31.8167, 50.6 ], [ 31.8167, 50.6083 ], [ 31.8, 50.6083 ], [ 31.8, 50.6167 ], [ 31.7833, 50.6167 ], [ 31.7833, 50.625 ], [ 31.7667, 50.625 ], [ 31.7667, 50.6333 ], [ 31.7417, 50.6333 ], [ 31.7417, 50.6417 ], [ 31.7333, 50.6417 ], [ 31.725, 50.6583 ], [ 31.7167, 50.6583 ], [ 31.7167, 50.6667 ], [ 31.7, 50.6667 ], [ 31.7, 50.675 ], [ 31.6833, 50.675 ], [ 31.6833, 50.6833 ], [ 31.6667, 50.6833 ], [ 31.6583, 50.7 ], [ 31.6417, 50.7083 ], [ 31.6417, 50.7167 ], [ 31.625, 50.7167 ], [ 31.6167, 50.7333 ], [ 31.6, 50.7333 ], [ 31.6, 50.7417 ], [ 31.5917, 50.7417 ], [ 31.5833, 50.7583 ], [ 31.575, 50.7583 ], [ 31.575, 50.7667 ], [ 31.5583, 50.775 ], [ 31.5583, 50.7833 ], [ 31.55, 50.7833 ], [ 31.55, 50.8 ], [ 31.5417, 50.8 ], [ 31.5417, 50.8167 ], [ 31.5583, 50.8167 ], [ 31.5583, 50.825 ], [ 31.5833, 50.825 ], [ 31.5833, 50.8333 ], [ 31.6, 50.8333 ], [ 31.6, 50.8417 ], [ 31.6167, 50.8417 ], [ 31.6167, 50.85 ], [ 31.625, 50.85 ], [ 31.6333, 50.8667 ], [ 31.6417, 50.8667 ], [ 31.6417, 50.8833 ], [ 31.65, 50.8833 ], [ 31.65, 50.875 ], [ 31.7, 50.875 ], [ 31.7, 50.8667 ], [ 31.7333, 50.8667 ], [ 31.7333, 50.8583 ], [ 31.75, 50.8583 ], [ 31.75, 50.85 ], [ 31.775, 50.85 ], [ 31.775, 50.8417 ], [ 31.8167, 50.8417 ], [ 31.8167, 50.85 ], [ 31.8333, 50.85 ], [ 31.8417, 50.8667 ], [ 31.85, 50.8667 ], [ 31.8417, 50.8833 ], [ 31.8333, 50.8833 ], [ 31.8333, 50.9 ], [ 31.825, 50.9 ], [ 31.825, 50.9417 ], [ 31.8417, 50.95 ], [ 31.8417, 50.9667 ], [ 31.8583, 50.9667 ], [ 31.8667, 50.9833 ], [ 31.875, 50.9833 ], [ 31.875, 51.0 ], [ 31.8833, 51.0 ], [ 31.8833, 51.0083 ], [ 31.9667, 51.0083 ], [ 31.9667, 51.0167 ], [ 31.9833, 51.0167 ], [ 31.9833, 51.025 ], [ 32.0, 51.025 ], [ 32.0, 51.0333 ], [ 32.0167, 51.0333 ], [ 32.0167, 51.0417 ], [ 32.1333, 51.0417 ], [ 32.1333, 51.0583 ], [ 32.125, 51.0583 ], [ 32.125, 51.0667 ], [ 32.1083, 51.0667 ], [ 32.1083, 51.075 ], [ 32.05, 51.075 ], [ 32.05, 51.0667 ], [ 32.025, 51.0667 ], [ 32.025, 51.0583 ], [ 32.0083, 51.0583 ], [ 32.0083, 51.05 ], [ 31.975, 51.05 ], [ 31.975, 51.0417 ], [ 31.9333, 51.0417 ], [ 31.9333, 51.0333 ], [ 31.8833, 51.0333 ], [ 31.8833, 51.025 ], [ 31.875, 51.025 ], [ 31.875, 51.0333 ], [ 31.8583, 51.0333 ], [ 31.8583, 51.0417 ], [ 31.85, 51.0417 ], [ 31.85, 51.0583 ], [ 31.8333, 51.0667 ], [ 31.8333, 51.0917 ], [ 31.875, 51.0917 ], [ 31.875, 51.0833 ], [ 31.8917, 51.0833 ], [ 31.8917, 51.075 ], [ 31.925, 51.075 ], [ 31.9333, 51.0917 ], [ 31.95, 51.1 ], [ 31.95, 51.1083 ], [ 31.9667, 51.1083 ], [ 31.9667, 51.1167 ], [ 32.0417, 51.1167 ], [ 32.0417, 51.125 ], [ 32.0667, 51.125 ], [ 32.0667, 51.1333 ], [ 32.075, 51.1333 ], [ 32.0833, 51.15 ], [ 32.0917, 51.15 ], [ 32.0917, 51.1583 ], [ 32.1083, 51.1667 ], [ 32.1083, 51.175 ], [ 32.1167, 51.175 ], [ 32.1167, 51.1917 ], [ 32.125, 51.1917 ], [ 32.125, 51.2 ], [ 32.1417, 51.2083 ], [ 32.1417, 51.2167 ], [ 32.1583, 51.2167 ], [ 32.1583, 51.225 ], [ 32.1833, 51.225 ], [ 32.1833, 51.2333 ], [ 32.225, 51.2333 ], [ 32.225, 51.2417 ], [ 32.25, 51.2417 ], [ 32.2583, 51.2583 ], [ 32.2667, 51.2583 ], [ 32.2667, 51.2917 ], [ 32.2583, 51.2917 ], [ 32.2583, 51.3 ], [ 32.2333, 51.3 ], [ 32.225, 51.2833 ], [ 32.2083, 51.2833 ], [ 32.2083, 51.275 ], [ 32.1917, 51.275 ], [ 32.1917, 51.2667 ], [ 32.15, 51.2667 ], [ 32.15, 51.275 ], [ 32.1333, 51.275 ], [ 32.1333, 51.2833 ], [ 32.1083, 51.2833 ], [ 32.1083, 51.2917 ], [ 32.075, 51.2917 ], [ 32.075, 51.3 ], [ 32.0583, 51.3 ], [ 32.0583, 51.3083 ], [ 32.075, 51.3083 ], [ 32.075, 51.3167 ], [ 32.1, 51.3167 ], [ 32.1, 51.325 ], [ 32.125, 51.325 ], [ 32.125, 51.3333 ], [ 32.1417, 51.3333 ], [ 32.1417, 51.3417 ], [ 32.1583, 51.3417 ], [ 32.1583, 51.35 ], [ 32.2, 51.35 ], [ 32.2, 51.3583 ], [ 32.2583, 51.3583 ], [ 32.2583, 51.3667 ], [ 32.275, 51.3667 ], [ 32.275, 51.3583 ], [ 32.2833, 51.3583 ], [ 32.2833, 51.3667 ], [ 32.3083, 51.3667 ], [ 32.3083, 51.375 ], [ 32.35, 51.375 ], [ 32.35, 51.3833 ], [ 32.3833, 51.3833 ], [ 32.3833, 51.3917 ], [ 32.4167, 51.3917 ], [ 32.4167, 51.4 ], [ 32.4833, 51.4 ], [ 32.4833, 51.4083 ], [ 32.5417, 51.4083 ] ] ], [ [ [ 27.4583, 50.625 ], [ 27.4583, 50.6167 ], [ 27.475, 50.6167 ], [ 27.475, 50.6083 ], [ 27.4917, 50.6083 ], [ 27.4917, 50.6 ], [ 27.5083, 50.6 ], [ 27.5083, 50.5917 ], [ 27.525, 50.5833 ], [ 27.525, 50.575 ], [ 27.5417, 50.575 ], [ 27.5417, 50.5667 ], [ 27.5583, 50.5667 ], [ 27.5583, 50.5583 ], [ 27.7, 50.5583 ], [ 27.7083, 50.5417 ], [ 27.7, 50.5417 ], [ 27.7, 50.5333 ], [ 27.6833, 50.5333 ], [ 27.6833, 50.525 ], [ 27.6667, 50.525 ], [ 27.6667, 50.5 ], [ 27.675, 50.5 ], [ 27.675, 50.4833 ], [ 27.6833, 50.4833 ], [ 27.6833, 50.4667 ], [ 27.675, 50.4667 ], [ 27.675, 50.4583 ], [ 27.65, 50.4583 ], [ 27.65, 50.45 ], [ 27.5917, 50.45 ], [ 27.5917, 50.4417 ], [ 27.55, 50.4417 ], [ 27.55, 50.4333 ], [ 27.5333, 50.4333 ], [ 27.525, 50.4167 ], [ 27.5167, 50.4167 ], [ 27.5167, 50.4083 ], [ 27.5, 50.4083 ], [ 27.5, 50.4 ], [ 27.475, 50.4 ], [ 27.4583, 50.4333 ], [ 27.4333, 50.4333 ], [ 27.4333, 50.4417 ], [ 27.4083, 50.4417 ], [ 27.4083, 50.4583 ], [ 27.4167, 50.4583 ], [ 27.4167, 50.5 ], [ 27.4333, 50.5083 ], [ 27.4333, 50.5167 ], [ 27.45, 50.5167 ], [ 27.45, 50.525 ], [ 27.4667, 50.525 ], [ 27.4667, 50.5333 ], [ 27.475, 50.5333 ], [ 27.475, 50.55 ], [ 27.4667, 50.55 ], [ 27.4667, 50.5583 ], [ 27.4417, 50.5583 ], [ 27.4417, 50.5667 ], [ 27.4, 50.5667 ], [ 27.4, 50.575 ], [ 27.3833, 50.575 ], [ 27.3833, 50.5833 ], [ 27.3667, 50.5833 ], [ 27.3667, 50.6 ], [ 27.3833, 50.6 ], [ 27.3833, 50.6083 ], [ 27.4167, 50.6083 ], [ 27.4167, 50.6167 ], [ 27.4333, 50.6167 ], [ 27.4333, 50.625 ], [ 27.4583, 50.625 ] ], [ [ 27.625, 50.5417 ], [ 27.6333, 50.5417 ], [ 27.6333, 50.55 ], [ 27.625, 50.55 ], [ 27.625, 50.5417 ] ] ], [ [ [ 24.375, 50.4833 ], [ 24.375, 50.475 ], [ 24.4083, 50.475 ], [ 24.4083, 50.4667 ], [ 24.425, 50.4667 ], [ 24.425, 50.4583 ], [ 24.4417, 50.4583 ], [ 24.4417, 50.4417 ], [ 24.4333, 50.4417 ], [ 24.4333, 50.4167 ], [ 24.425, 50.4167 ], [ 24.425, 50.3667 ], [ 24.3583, 50.3667 ], [ 24.3583, 50.375 ], [ 24.3417, 50.375 ], [ 24.3333, 50.3917 ], [ 24.325, 50.3917 ], [ 24.325, 50.425 ], [ 24.3333, 50.425 ], [ 24.3333, 50.4417 ], [ 24.3417, 50.4417 ], [ 24.3417, 50.4833 ], [ 24.375, 50.4833 ] ] ], [ [ [ 26.1833, 50.4917 ], [ 26.1833, 50.4833 ], [ 26.2, 50.4833 ], [ 26.2, 50.4667 ], [ 26.2083, 50.4667 ], [ 26.2083, 50.4583 ], [ 26.2, 50.4583 ], [ 26.2, 50.4333 ], [ 26.1917, 50.4333 ], [ 26.1917, 50.4167 ], [ 26.175, 50.4083 ], [ 26.175, 50.3917 ], [ 26.1583, 50.3833 ], [ 26.1583, 50.375 ], [ 26.0667, 50.375 ], [ 26.0667, 50.3667 ], [ 26.0, 50.3667 ], [ 26.0, 50.375 ], [ 25.9833, 50.375 ], [ 25.9833, 50.3833 ], [ 25.975, 50.3833 ], [ 25.975, 50.425 ], [ 25.9833, 50.425 ], [ 25.9833, 50.4333 ], [ 26.0083, 50.4333 ], [ 26.0083, 50.4417 ], [ 26.05, 50.4417 ], [ 26.05, 50.45 ], [ 26.0667, 50.45 ], [ 26.0667, 50.4583 ], [ 26.0833, 50.4583 ], [ 26.0833, 50.4667 ], [ 26.1083, 50.4667 ], [ 26.1083, 50.475 ], [ 26.125, 50.475 ], [ 26.125, 50.4833 ], [ 26.1583, 50.4833 ], [ 26.1583, 50.4917 ], [ 26.1833, 50.4917 ] ] ], [ [ [ 23.6833, 50.325 ], [ 23.6583, 50.325 ], [ 23.65, 50.3083 ], [ 23.6328, 50.3083 ], [ 23.6388, 50.3205 ], [ 23.6833, 50.3309 ], [ 23.6833, 50.325 ] ] ], [ [ [ 24.125, 50.6 ], [ 24.125, 50.625 ], [ 24.1417, 50.625 ], [ 24.1417, 50.6167 ], [ 24.175, 50.6167 ], [ 24.175, 50.6083 ], [ 24.2, 50.6083 ], [ 24.2, 50.6 ], [ 24.225, 50.6 ], [ 24.225, 50.5917 ], [ 24.2417, 50.5917 ], [ 24.25, 50.575 ], [ 24.2667, 50.575 ], [ 24.2667, 50.5667 ], [ 24.275, 50.5667 ], [ 24.2833, 50.55 ], [ 24.2917, 50.55 ], [ 24.2917, 50.5083 ], [ 24.2833, 50.5083 ], [ 24.2833, 50.475 ], [ 24.275, 50.475 ], [ 24.275, 50.4583 ], [ 24.2667, 50.4583 ], [ 24.2667, 50.4417 ], [ 24.2583, 50.4417 ], [ 24.2583, 50.425 ], [ 24.25, 50.425 ], [ 24.25, 50.4083 ], [ 24.2417, 50.4083 ], [ 24.2417, 50.4 ], [ 24.225, 50.4 ], [ 24.225, 50.3917 ], [ 24.1667, 50.3917 ], [ 24.1667, 50.4 ], [ 24.1167, 50.4 ], [ 24.1167, 50.3917 ], [ 24.0833, 50.3917 ], [ 24.0833, 50.3833 ], [ 24.0667, 50.3833 ], [ 24.0667, 50.375 ], [ 24.0417, 50.375 ], [ 24.0417, 50.3667 ], [ 24.0167, 50.3667 ], [ 24.0167, 50.3583 ], [ 23.9667, 50.3583 ], [ 23.9667, 50.3667 ], [ 23.9333, 50.3667 ], [ 23.9333, 50.375 ], [ 23.9, 50.375 ], [ 23.9, 50.3833 ], [ 23.8167, 50.3833 ], [ 23.8167, 50.375 ], [ 23.7667, 50.375 ], [ 23.7667, 50.3667 ], [ 23.725, 50.3667 ], [ 23.7083, 50.3333 ], [ 23.6868, 50.3333 ], [ 23.6966, 50.3662 ], [ 23.7088, 50.3793 ], [ 23.727, 50.388 ], [ 23.8034, 50.4048 ], [ 23.9408, 50.4139 ], [ 23.9975, 50.4121 ], [ 24.0058, 50.4354 ], [ 24.0345, 50.4448 ], [ 24.038, 50.4551 ], [ 24.0701, 50.5034 ], [ 24.0913, 50.562 ], [ 24.0903, 50.5779 ], [ 24.0986, 50.5995 ], [ 24.0986, 50.6 ], [ 24.125, 50.6 ] ] ], [ [ [ 24.7167, 50.4333 ], [ 24.7167, 50.425 ], [ 24.7583, 50.425 ], [ 24.7583, 50.4167 ], [ 24.775, 50.4167 ], [ 24.7833, 50.4 ], [ 24.775, 50.4 ], [ 24.775, 50.3833 ], [ 24.7917, 50.3833 ], [ 24.7917, 50.375 ], [ 24.85, 50.375 ], [ 24.85, 50.3667 ], [ 24.8583, 50.3667 ], [ 24.8583, 50.3417 ], [ 24.8333, 50.3417 ], [ 24.8333, 50.3333 ], [ 24.8, 50.3333 ], [ 24.8, 50.325 ], [ 24.7833, 50.325 ], [ 24.7833, 50.3167 ], [ 24.7583, 50.3167 ], [ 24.7583, 50.3083 ], [ 24.7333, 50.3083 ], [ 24.7333, 50.3 ], [ 24.7, 50.3 ], [ 24.7, 50.2917 ], [ 24.6917, 50.2917 ], [ 24.6917, 50.3083 ], [ 24.6833, 50.3083 ], [ 24.6833, 50.325 ], [ 24.675, 50.325 ], [ 24.675, 50.3333 ], [ 24.6583, 50.3417 ], [ 24.6583, 50.35 ], [ 24.6417, 50.35 ], [ 24.6417, 50.3583 ], [ 24.625, 50.3583 ], [ 24.625, 50.3667 ], [ 24.6083, 50.3667 ], [ 24.6083, 50.3833 ], [ 24.6, 50.3833 ], [ 24.6083, 50.4 ], [ 24.6167, 50.4 ], [ 24.6167, 50.4083 ], [ 24.6417, 50.4083 ], [ 24.6417, 50.4167 ], [ 24.6667, 50.4167 ], [ 24.6667, 50.425 ], [ 24.6833, 50.425 ], [ 24.6833, 50.4333 ], [ 24.7167, 50.4333 ] ] ], [ [ [ 26.4833, 50.475 ], [ 26.4833, 50.4667 ], [ 26.5083, 50.4667 ], [ 26.5083, 50.4583 ], [ 26.5333, 50.4583 ], [ 26.5333, 50.45 ], [ 26.5583, 50.45 ], [ 26.5583, 50.375 ], [ 26.55, 50.375 ], [ 26.55, 50.3583 ], [ 26.5417, 50.3583 ], [ 26.5417, 50.3083 ], [ 26.5333, 50.3083 ], [ 26.5333, 50.3 ], [ 26.5167, 50.3 ], [ 26.5167, 50.2917 ], [ 26.4917, 50.2917 ], [ 26.4917, 50.3083 ], [ 26.4833, 50.3083 ], [ 26.4833, 50.3417 ], [ 26.4667, 50.3417 ], [ 26.4667, 50.35 ], [ 26.3167, 50.35 ], [ 26.3167, 50.3583 ], [ 26.3, 50.3583 ], [ 26.3, 50.3667 ], [ 26.2833, 50.3667 ], [ 26.2833, 50.3833 ], [ 26.2917, 50.3833 ], [ 26.2917, 50.3917 ], [ 26.2833, 50.3917 ], [ 26.2833, 50.4083 ], [ 26.2917, 50.4083 ], [ 26.2917, 50.4167 ], [ 26.3, 50.4167 ], [ 26.3, 50.425 ], [ 26.3167, 50.4333 ], [ 26.3167, 50.4417 ], [ 26.325, 50.4417 ], [ 26.325, 50.45 ], [ 26.3417, 50.45 ], [ 26.3417, 50.4583 ], [ 26.3583, 50.4583 ], [ 26.3583, 50.4667 ], [ 26.3833, 50.4667 ], [ 26.3833, 50.475 ], [ 26.4833, 50.475 ] ] ], [ [ [ 33.0333, 50.375 ], [ 33.0333, 50.3667 ], [ 33.05, 50.3667 ], [ 33.05, 50.3583 ], [ 33.0667, 50.3583 ], [ 33.075, 50.3417 ], [ 33.0833, 50.3417 ], [ 33.0917, 50.325 ], [ 33.1, 50.325 ], [ 33.1, 50.3 ], [ 33.0917, 50.3 ], [ 33.0917, 50.2833 ], [ 33.075, 50.275 ], [ 33.075, 50.2583 ], [ 33.1083, 50.2583 ], [ 33.1083, 50.2667 ], [ 33.1583, 50.2667 ], [ 33.1583, 50.275 ], [ 33.2417, 50.275 ], [ 33.25, 50.2917 ], [ 33.2667, 50.2917 ], [ 33.2667, 50.3 ], [ 33.3167, 50.3 ], [ 33.3167, 50.3083 ], [ 33.3667, 50.3083 ], [ 33.3667, 50.3167 ], [ 33.375, 50.3167 ], [ 33.375, 50.2917 ], [ 33.3667, 50.2917 ], [ 33.3583, 50.275 ], [ 33.35, 50.275 ], [ 33.35, 50.2583 ], [ 33.3417, 50.2583 ], [ 33.3417, 50.2417 ], [ 33.3333, 50.2417 ], [ 33.3333, 50.225 ], [ 33.325, 50.225 ], [ 33.325, 50.2167 ], [ 33.3083, 50.2083 ], [ 33.3083, 50.2 ], [ 33.3, 50.2 ], [ 33.2917, 50.1833 ], [ 33.2833, 50.1833 ], [ 33.2833, 50.175 ], [ 33.2667, 50.175 ], [ 33.2583, 50.1583 ], [ 33.2417, 50.1583 ], [ 33.2417, 50.15 ], [ 33.225, 50.1417 ], [ 33.225, 50.1333 ], [ 33.2083, 50.1333 ], [ 33.2083, 50.125 ], [ 33.1917, 50.125 ], [ 33.1917, 50.1167 ], [ 33.175, 50.1167 ], [ 33.175, 50.1417 ], [ 33.1833, 50.1417 ], [ 33.1833, 50.1583 ], [ 33.1917, 50.1583 ], [ 33.1917, 50.1917 ], [ 33.075, 50.1917 ], [ 33.075, 50.2 ], [ 33.05, 50.2 ], [ 33.05, 50.2083 ], [ 33.0333, 50.2167 ], [ 33.0333, 50.225 ], [ 32.975, 50.225 ], [ 32.975, 50.2167 ], [ 32.9, 50.2167 ], [ 32.9, 50.225 ], [ 32.8667, 50.225 ], [ 32.8667, 50.2333 ], [ 32.8417, 50.2333 ], [ 32.8417, 50.2417 ], [ 32.8083, 50.2417 ], [ 32.8, 50.225 ], [ 32.7917, 50.225 ], [ 32.7917, 50.1917 ], [ 32.775, 50.1917 ], [ 32.775, 50.1833 ], [ 32.7583, 50.1833 ], [ 32.7583, 50.175 ], [ 32.7333, 50.175 ], [ 32.7333, 50.1667 ], [ 32.6833, 50.1667 ], [ 32.6833, 50.175 ], [ 32.6583, 50.175 ], [ 32.6583, 50.1833 ], [ 32.6417, 50.1917 ], [ 32.6417, 50.2083 ], [ 32.6583, 50.2083 ], [ 32.6583, 50.2167 ], [ 32.725, 50.2167 ], [ 32.725, 50.225 ], [ 32.7417, 50.225 ], [ 32.75, 50.2417 ], [ 32.7583, 50.2417 ], [ 32.7583, 50.2917 ], [ 32.7667, 50.2917 ], [ 32.7667, 50.3083 ], [ 32.825, 50.3083 ], [ 32.825, 50.3167 ], [ 32.8333, 50.3167 ], [ 32.8333, 50.3083 ], [ 32.9083, 50.3083 ], [ 32.9083, 50.3167 ], [ 32.9333, 50.3167 ], [ 32.9333, 50.325 ], [ 32.95, 50.325 ], [ 32.95, 50.3333 ], [ 32.9667, 50.3333 ], [ 32.975, 50.35 ], [ 32.9917, 50.35 ], [ 33.0, 50.3667 ], [ 33.0167, 50.3667 ], [ 33.0167, 50.375 ], [ 33.0333, 50.375 ] ] ], [ [ [ 31.975, 50.3833 ], [ 31.975, 50.3667 ], [ 31.9833, 50.3667 ], [ 31.9833, 50.3333 ], [ 31.9917, 50.3333 ], [ 31.9917, 50.3 ], [ 32.0, 50.3 ], [ 32.0, 50.275 ], [ 32.0167, 50.2667 ], [ 32.0167, 50.2583 ], [ 32.0333, 50.2583 ], [ 32.0333, 50.25 ], [ 32.0417, 50.25 ], [ 32.0417, 50.2417 ], [ 32.0583, 50.2417 ], [ 32.0583, 50.2333 ], [ 32.075, 50.2333 ], [ 32.075, 50.225 ], [ 32.0917, 50.2167 ], [ 32.0917, 50.2083 ], [ 32.1083, 50.2083 ], [ 32.1083, 50.2 ], [ 32.125, 50.2 ], [ 32.125, 50.1917 ], [ 32.1583, 50.1917 ], [ 32.1583, 50.1833 ], [ 32.1917, 50.1833 ], [ 32.1917, 50.175 ], [ 32.2167, 50.175 ], [ 32.225, 50.1583 ], [ 32.2333, 50.1583 ], [ 32.2333, 50.15 ], [ 32.2417, 50.15 ], [ 32.2417, 50.1417 ], [ 32.2583, 50.1333 ], [ 32.2583, 50.1167 ], [ 32.25, 50.1167 ], [ 32.25, 50.1083 ], [ 32.2083, 50.1083 ], [ 32.2083, 50.1167 ], [ 32.1833, 50.1167 ], [ 32.1833, 50.125 ], [ 32.1667, 50.125 ], [ 32.1667, 50.1333 ], [ 32.1417, 50.1333 ], [ 32.1417, 50.1417 ], [ 32.125, 50.1417 ], [ 32.125, 50.15 ], [ 32.1083, 50.1583 ], [ 32.1083, 50.1667 ], [ 32.0917, 50.1667 ], [ 32.0917, 50.175 ], [ 32.075, 50.175 ], [ 32.075, 50.1833 ], [ 32.0583, 50.1833 ], [ 32.0583, 50.1917 ], [ 31.9667, 50.1917 ], [ 31.9667, 50.2 ], [ 31.9333, 50.2 ], [ 31.9333, 50.2083 ], [ 31.9167, 50.2083 ], [ 31.9167, 50.2167 ], [ 31.9083, 50.2167 ], [ 31.9083, 50.2583 ], [ 31.9167, 50.2583 ], [ 31.9167, 50.275 ], [ 31.9083, 50.275 ], [ 31.9083, 50.3 ], [ 31.9, 50.3 ], [ 31.9, 50.3167 ], [ 31.8917, 50.3167 ], [ 31.8917, 50.325 ], [ 31.875, 50.3333 ], [ 31.875, 50.3417 ], [ 31.8667, 50.3417 ], [ 31.8667, 50.35 ], [ 31.8583, 50.35 ], [ 31.8583, 50.3667 ], [ 31.875, 50.3667 ], [ 31.875, 50.375 ], [ 31.925, 50.375 ], [ 31.925, 50.3833 ], [ 31.975, 50.3833 ] ] ], [ [ [ 31.0083, 50.4917 ], [ 31.0083, 50.4833 ], [ 31.0333, 50.4833 ], [ 31.0333, 50.475 ], [ 31.0417, 50.475 ], [ 31.0417, 50.4667 ], [ 31.05, 50.4667 ], [ 31.0583, 50.45 ], [ 31.0667, 50.45 ], [ 31.0667, 50.4417 ], [ 31.0833, 50.4333 ], [ 31.0833, 50.425 ], [ 31.0917, 50.425 ], [ 31.0917, 50.4167 ], [ 31.1, 50.4167 ], [ 31.1083, 50.4 ], [ 31.125, 50.4 ], [ 31.125, 50.4583 ], [ 31.1417, 50.4583 ], [ 31.1417, 50.45 ], [ 31.1583, 50.4417 ], [ 31.1583, 50.425 ], [ 31.175, 50.425 ], [ 31.175, 50.4 ], [ 31.1833, 50.4 ], [ 31.1833, 50.3833 ], [ 31.2, 50.375 ], [ 31.2, 50.3667 ], [ 31.2167, 50.3583 ], [ 31.2167, 50.35 ], [ 31.2417, 50.35 ], [ 31.2417, 50.3417 ], [ 31.2583, 50.3417 ], [ 31.2583, 50.3333 ], [ 31.275, 50.3333 ], [ 31.275, 50.325 ], [ 31.2833, 50.325 ], [ 31.2917, 50.3083 ], [ 31.3, 50.3083 ], [ 31.3, 50.2417 ], [ 31.325, 50.2417 ], [ 31.325, 50.2333 ], [ 31.35, 50.2333 ], [ 31.35, 50.225 ], [ 31.3667, 50.225 ], [ 31.3667, 50.2167 ], [ 31.3833, 50.2167 ], [ 31.3833, 50.2083 ], [ 31.4333, 50.2083 ], [ 31.4333, 50.2 ], [ 31.45, 50.1917 ], [ 31.45, 50.1833 ], [ 31.4667, 50.1833 ], [ 31.475, 50.1667 ], [ 31.4917, 50.1667 ], [ 31.4917, 50.1583 ], [ 31.5083, 50.1583 ], [ 31.5083, 50.15 ], [ 31.5, 50.15 ], [ 31.5, 50.1417 ], [ 31.4667, 50.1417 ], [ 31.4667, 50.1333 ], [ 31.3667, 50.1333 ], [ 31.3667, 50.1417 ], [ 31.2833, 50.1417 ], [ 31.2833, 50.1333 ], [ 31.2667, 50.1333 ], [ 31.2667, 50.125 ], [ 31.25, 50.1167 ], [ 31.25, 50.1083 ], [ 31.1833, 50.1083 ], [ 31.1833, 50.1 ], [ 31.1583, 50.1 ], [ 31.1583, 50.1083 ], [ 31.125, 50.1083 ], [ 31.125, 50.1167 ], [ 31.1083, 50.1167 ], [ 31.1083, 50.1417 ], [ 31.1167, 50.1417 ], [ 31.125, 50.1583 ], [ 31.1333, 50.1583 ], [ 31.1333, 50.1833 ], [ 31.125, 50.1833 ], [ 31.125, 50.1917 ], [ 31.1083, 50.1917 ], [ 31.1083, 50.2 ], [ 31.1, 50.2 ], [ 31.0917, 50.2167 ], [ 31.0833, 50.2167 ], [ 31.0833, 50.25 ], [ 31.0917, 50.25 ], [ 31.0917, 50.2583 ], [ 31.1083, 50.2667 ], [ 31.1083, 50.275 ], [ 31.1333, 50.275 ], [ 31.1333, 50.3083 ], [ 31.1167, 50.3167 ], [ 31.1167, 50.325 ], [ 31.0917, 50.325 ], [ 31.0917, 50.3333 ], [ 31.0667, 50.3333 ], [ 31.0667, 50.3417 ], [ 31.05, 50.3417 ], [ 31.05, 50.35 ], [ 31.0417, 50.35 ], [ 31.0333, 50.3667 ], [ 31.025, 50.3667 ], [ 31.025, 50.3917 ], [ 31.0167, 50.3917 ], [ 31.0167, 50.4083 ], [ 31.0083, 50.4083 ], [ 31.0083, 50.4167 ], [ 30.9917, 50.425 ], [ 30.9917, 50.4333 ], [ 30.9833, 50.4333 ], [ 30.9833, 50.4417 ], [ 30.9667, 50.45 ], [ 30.9667, 50.4583 ], [ 30.9583, 50.4583 ], [ 30.9583, 50.4833 ], [ 30.9667, 50.4833 ], [ 30.9667, 50.4917 ], [ 31.0083, 50.4917 ] ] ], [ [ [ 23.3083, 50.1 ], [ 23.2871, 50.1 ], [ 23.2969, 50.1029 ], [ 23.2985, 50.1071 ], [ 23.3083, 50.1102 ], [ 23.3083, 50.1 ] ] ], [ [ [ 34.4083, 50.25 ], [ 34.4083, 50.2417 ], [ 34.425, 50.2417 ], [ 34.425, 50.225 ], [ 34.4333, 50.225 ], [ 34.4333, 50.2167 ], [ 34.4167, 50.2083 ], [ 34.4167, 50.2 ], [ 34.4, 50.2 ], [ 34.4, 50.1917 ], [ 34.3833, 50.1917 ], [ 34.3833, 50.1833 ], [ 34.3667, 50.1833 ], [ 34.3583, 50.1667 ], [ 34.35, 50.1667 ], [ 34.35, 50.1583 ], [ 34.3333, 50.15 ], [ 34.3333, 50.1333 ], [ 34.325, 50.1333 ], [ 34.325, 50.075 ], [ 34.3083, 50.0667 ], [ 34.3083, 50.0583 ], [ 34.2583, 50.0583 ], [ 34.2583, 50.0667 ], [ 34.2083, 50.0667 ], [ 34.2083, 50.0583 ], [ 34.1667, 50.0583 ], [ 34.1667, 50.0917 ], [ 34.175, 50.0917 ], [ 34.1833, 50.1083 ], [ 34.1917, 50.1083 ], [ 34.1917, 50.125 ], [ 34.2083, 50.1333 ], [ 34.2083, 50.1917 ], [ 34.2167, 50.1917 ], [ 34.2167, 50.2 ], [ 34.2333, 50.2083 ], [ 34.2333, 50.2167 ], [ 34.25, 50.2167 ], [ 34.25, 50.225 ], [ 34.3, 50.225 ], [ 34.3, 50.2333 ], [ 34.3333, 50.2333 ], [ 34.3333, 50.2417 ], [ 34.3667, 50.2417 ], [ 34.3667, 50.25 ], [ 34.4083, 50.25 ] ] ], [ [ [ 27.8667, 50.1333 ], [ 27.8667, 50.125 ], [ 27.9, 50.125 ], [ 27.9, 50.1167 ], [ 27.9167, 50.1167 ], [ 27.9167, 50.1083 ], [ 27.95, 50.1083 ], [ 27.95, 50.1 ], [ 28.0083, 50.1 ], [ 28.0083, 50.1083 ], [ 28.05, 50.1083 ], [ 28.05, 50.1167 ], [ 28.075, 50.1167 ], [ 28.075, 50.125 ], [ 28.15, 50.125 ], [ 28.15, 50.1167 ], [ 28.1833, 50.1167 ], [ 28.1833, 50.1083 ], [ 28.225, 50.1083 ], [ 28.2333, 50.0917 ], [ 28.2167, 50.0833 ], [ 28.2167, 50.075 ], [ 28.2083, 50.075 ], [ 28.2083, 50.0667 ], [ 28.1, 50.0667 ], [ 28.1, 50.075 ], [ 28.075, 50.075 ], [ 28.075, 50.0667 ], [ 27.9667, 50.0667 ], [ 27.9667, 50.0583 ], [ 27.925, 50.0583 ], [ 27.925, 50.05 ], [ 27.8917, 50.05 ], [ 27.8917, 50.0417 ], [ 27.8583, 50.0417 ], [ 27.8583, 50.0333 ], [ 27.7667, 50.0333 ], [ 27.7667, 50.0417 ], [ 27.7417, 50.0417 ], [ 27.7417, 50.05 ], [ 27.7333, 50.05 ], [ 27.7333, 50.0833 ], [ 27.75, 50.0917 ], [ 27.75, 50.1 ], [ 27.775, 50.1 ], [ 27.775, 50.1083 ], [ 27.7917, 50.1083 ], [ 27.7917, 50.1167 ], [ 27.8083, 50.1167 ], [ 27.8083, 50.125 ], [ 27.8333, 50.125 ], [ 27.8333, 50.1333 ], [ 27.8667, 50.1333 ] ] ], [ [ [ 27.425, 50.1667 ], [ 27.4333, 50.15 ], [ 27.45, 50.15 ], [ 27.45, 50.1417 ], [ 27.4667, 50.1417 ], [ 27.4667, 50.1333 ], [ 27.4917, 50.1333 ], [ 27.4917, 50.125 ], [ 27.5083, 50.125 ], [ 27.5083, 50.1167 ], [ 27.525, 50.1167 ], [ 27.525, 50.1083 ], [ 27.5417, 50.1083 ], [ 27.5417, 50.1 ], [ 27.5583, 50.1 ], [ 27.5583, 50.0917 ], [ 27.575, 50.0917 ], [ 27.575, 50.0833 ], [ 27.5833, 50.0833 ], [ 27.5833, 50.0667 ], [ 27.575, 50.0667 ], [ 27.575, 50.0583 ], [ 27.5333, 50.0583 ], [ 27.5333, 50.0667 ], [ 27.5167, 50.0667 ], [ 27.5167, 50.075 ], [ 27.5, 50.075 ], [ 27.5, 50.0833 ], [ 27.4833, 50.0833 ], [ 27.4833, 50.0917 ], [ 27.4667, 50.0917 ], [ 27.4667, 50.1 ], [ 27.4333, 50.1 ], [ 27.4333, 50.0833 ], [ 27.45, 50.0833 ], [ 27.45, 50.075 ], [ 27.4667, 50.0667 ], [ 27.4667, 50.05 ], [ 27.475, 50.05 ], [ 27.475, 50.0333 ], [ 27.4583, 50.025 ], [ 27.4583, 50.0333 ], [ 27.4417, 50.0333 ], [ 27.4417, 50.0417 ], [ 27.425, 50.0417 ], [ 27.425, 50.05 ], [ 27.4083, 50.0583 ], [ 27.4083, 50.0667 ], [ 27.3917, 50.0667 ], [ 27.3917, 50.075 ], [ 27.3667, 50.075 ], [ 27.3667, 50.0833 ], [ 27.35, 50.0917 ], [ 27.35, 50.1 ], [ 27.325, 50.1 ], [ 27.325, 50.1083 ], [ 27.3, 50.1083 ], [ 27.3, 50.1167 ], [ 27.275, 50.1167 ], [ 27.275, 50.125 ], [ 27.2667, 50.125 ], [ 27.2667, 50.15 ], [ 27.325, 50.15 ], [ 27.325, 50.1583 ], [ 27.3583, 50.1583 ], [ 27.3583, 50.1667 ], [ 27.425, 50.1667 ] ] ], [ [ [ 37.7833, 50.075 ], [ 37.775, 50.075 ], [ 37.775, 50.0583 ], [ 37.7667, 50.0583 ], [ 37.7667, 50.0417 ], [ 37.7583, 50.0417 ], [ 37.7583, 50.0333 ], [ 37.7417, 50.025 ], [ 37.7417, 50.0167 ], [ 37.725, 50.0083 ], [ 37.725, 50.0 ], [ 37.7083, 50.0 ], [ 37.7083, 49.9917 ], [ 37.675, 49.9917 ], [ 37.675, 50.0 ], [ 37.6417, 50.0 ], [ 37.6417, 50.0083 ], [ 37.625, 50.0083 ], [ 37.625, 50.0167 ], [ 37.6083, 50.0167 ], [ 37.6, 50.0333 ], [ 37.5917, 50.0333 ], [ 37.5917, 50.0417 ], [ 37.5833, 50.0417 ], [ 37.575, 50.0583 ], [ 37.5667, 50.0583 ], [ 37.5667, 50.0667 ], [ 37.55, 50.075 ], [ 37.55, 50.0917 ], [ 37.5333, 50.1 ], [ 37.5333, 50.1167 ], [ 37.5167, 50.125 ], [ 37.5167, 50.1333 ], [ 37.5, 50.1333 ], [ 37.5, 50.1417 ], [ 37.475, 50.1417 ], [ 37.475, 50.15 ], [ 37.4417, 50.15 ], [ 37.4417, 50.1417 ], [ 37.4083, 50.1417 ], [ 37.4083, 50.15 ], [ 37.3917, 50.15 ], [ 37.3917, 50.1667 ], [ 37.4, 50.1667 ], [ 37.4, 50.175 ], [ 37.425, 50.175 ], [ 37.425, 50.1833 ], [ 37.4833, 50.1833 ], [ 37.4833, 50.1917 ], [ 37.5167, 50.1917 ], [ 37.525, 50.2083 ], [ 37.5417, 50.2083 ], [ 37.5417, 50.2167 ], [ 37.5583, 50.2167 ], [ 37.5583, 50.225 ], [ 37.6174, 50.225 ], [ 37.6143, 50.2198 ], [ 37.6435, 50.1908 ], [ 37.639, 50.18 ], [ 37.6403, 50.176 ], [ 37.6528, 50.17 ], [ 37.6683, 50.1527 ], [ 37.7102, 50.1337 ], [ 37.7067, 50.1281 ], [ 37.7261, 50.107 ], [ 37.7434, 50.0944 ], [ 37.7555, 50.0787 ], [ 37.7873, 50.0829 ], [ 37.7833, 50.075 ] ] ], [ [ [ 31.7417, 50.15 ], [ 31.7417, 50.1417 ], [ 31.7583, 50.1333 ], [ 31.7583, 50.0833 ], [ 31.75, 50.0833 ], [ 31.75, 50.0417 ], [ 31.7417, 50.0417 ], [ 31.7417, 50.025 ], [ 31.75, 50.025 ], [ 31.75, 50.0 ], [ 31.7583, 50.0 ], [ 31.7667, 49.9833 ], [ 31.775, 49.9833 ], [ 31.775, 49.9667 ], [ 31.7833, 49.9667 ], [ 31.7917, 49.95 ], [ 31.8, 49.95 ], [ 31.8083, 49.9333 ], [ 31.8167, 49.9333 ], [ 31.8167, 49.9 ], [ 31.8083, 49.9 ], [ 31.8083, 49.8917 ], [ 31.7917, 49.8917 ], [ 31.7917, 49.8833 ], [ 31.7833, 49.8833 ], [ 31.7833, 49.8917 ], [ 31.7667, 49.8917 ], [ 31.7667, 49.9167 ], [ 31.7583, 49.9167 ], [ 31.7583, 49.9417 ], [ 31.7417, 49.95 ], [ 31.7333, 49.9667 ], [ 31.7167, 49.9667 ], [ 31.7167, 49.975 ], [ 31.7, 49.975 ], [ 31.7, 49.9833 ], [ 31.6833, 49.9833 ], [ 31.6833, 49.9917 ], [ 31.6667, 49.9917 ], [ 31.6583, 50.0083 ], [ 31.6417, 50.0167 ], [ 31.6417, 50.0333 ], [ 31.6333, 50.0333 ], [ 31.6333, 50.0417 ], [ 31.6417, 50.0417 ], [ 31.6417, 50.0583 ], [ 31.6333, 50.0583 ], [ 31.6333, 50.0917 ], [ 31.625, 50.0917 ], [ 31.625, 50.1083 ], [ 31.6333, 50.1083 ], [ 31.6333, 50.1167 ], [ 31.65, 50.125 ], [ 31.65, 50.1333 ], [ 31.675, 50.1333 ], [ 31.675, 50.125 ], [ 31.7, 50.125 ], [ 31.7, 50.1167 ], [ 31.725, 50.1167 ], [ 31.725, 50.1333 ], [ 31.7167, 50.1333 ], [ 31.7167, 50.1417 ], [ 31.725, 50.1417 ], [ 31.725, 50.15 ], [ 31.7417, 50.15 ] ] ], [ [ [ 33.95, 50.05 ], [ 33.95, 50.0333 ], [ 33.9583, 50.0333 ], [ 33.9583, 50.0167 ], [ 33.9667, 50.0167 ], [ 33.9667, 50.0083 ], [ 33.9833, 50.0083 ], [ 33.9917, 49.9917 ], [ 33.9833, 49.9917 ], [ 33.9833, 49.9833 ], [ 33.9667, 49.9833 ], [ 33.9583, 49.9667 ], [ 33.95, 49.9667 ], [ 33.9417, 49.95 ], [ 33.9333, 49.95 ], [ 33.9333, 49.9333 ], [ 33.925, 49.9333 ], [ 33.925, 49.9167 ], [ 33.9167, 49.9167 ], [ 33.9167, 49.9 ], [ 33.9083, 49.9 ], [ 33.9083, 49.875 ], [ 33.9, 49.875 ], [ 33.9, 49.8583 ], [ 33.875, 49.8583 ], [ 33.875, 49.85 ], [ 33.8583, 49.85 ], [ 33.8583, 49.8417 ], [ 33.8417, 49.8417 ], [ 33.8417, 49.8333 ], [ 33.825, 49.8333 ], [ 33.825, 49.8417 ], [ 33.8167, 49.8417 ], [ 33.8083, 49.8583 ], [ 33.8, 49.8583 ], [ 33.8, 49.8917 ], [ 33.8083, 49.8917 ], [ 33.8083, 49.925 ], [ 33.8167, 49.925 ], [ 33.8167, 49.95 ], [ 33.825, 49.95 ], [ 33.825, 49.9667 ], [ 33.8333, 49.9667 ], [ 33.8333, 49.9833 ], [ 33.85, 49.9917 ], [ 33.85, 50.0 ], [ 33.8667, 50.0 ], [ 33.8667, 50.0083 ], [ 33.8833, 50.0167 ], [ 33.8833, 50.025 ], [ 33.9, 50.025 ], [ 33.9, 50.0333 ], [ 33.925, 50.0333 ], [ 33.925, 50.0417 ], [ 33.9417, 50.0417 ], [ 33.9417, 50.05 ], [ 33.95, 50.05 ] ] ], [ [ [ 35.55, 50.45 ], [ 35.5417, 50.45 ], [ 35.5417, 50.4417 ], [ 35.525, 50.4417 ], [ 35.525, 50.4333 ], [ 35.5083, 50.425 ], [ 35.5083, 50.4167 ], [ 35.4917, 50.4167 ], [ 35.4917, 50.4083 ], [ 35.475, 50.4083 ], [ 35.475, 50.4 ], [ 35.45, 50.4 ], [ 35.45, 50.3917 ], [ 35.4167, 50.3917 ], [ 35.4167, 50.3833 ], [ 35.3833, 50.3833 ], [ 35.3833, 50.375 ], [ 35.35, 50.375 ], [ 35.35, 50.3667 ], [ 35.3083, 50.3667 ], [ 35.3083, 50.3583 ], [ 35.2667, 50.3583 ], [ 35.2667, 50.35 ], [ 35.2583, 50.35 ], [ 35.2583, 50.3583 ], [ 35.2333, 50.3583 ], [ 35.2333, 50.3667 ], [ 35.225, 50.3667 ], [ 35.225, 50.3833 ], [ 35.2417, 50.3833 ], [ 35.25, 50.4 ], [ 35.2667, 50.4 ], [ 35.2667, 50.4083 ], [ 35.275, 50.4083 ], [ 35.2833, 50.425 ], [ 35.3083, 50.425 ], [ 35.3083, 50.4333 ], [ 35.325, 50.4333 ], [ 35.325, 50.4417 ], [ 35.4167, 50.4417 ], [ 35.4167, 50.45 ], [ 35.4417, 50.45 ], [ 35.4417, 50.4583 ], [ 35.4583, 50.4583 ], [ 35.4583, 50.4667 ], [ 35.475, 50.4667 ], [ 35.475, 50.475 ], [ 35.4917, 50.4833 ], [ 35.4917, 50.4843 ], [ 35.5033, 50.481 ], [ 35.5327, 50.4656 ], [ 35.5373, 50.4596 ], [ 35.55, 50.4586 ], [ 35.55, 50.45 ] ] ], [ [ [ 35.775, 50.3583 ], [ 35.775, 50.3667 ], [ 35.7917, 50.3667 ], [ 35.7917, 50.375 ], [ 35.8083, 50.375 ], [ 35.8167, 50.3917 ], [ 35.8333, 50.3917 ], [ 35.8333, 50.4 ], [ 35.8417, 50.4 ], [ 35.8417, 50.425 ], [ 35.8364, 50.425 ], [ 35.8549, 50.4295 ], [ 35.8725, 50.4227 ], [ 35.8893, 50.4391 ], [ 35.9063, 50.438 ], [ 35.9123, 50.4344 ], [ 35.9213, 50.4371 ], [ 35.936, 50.4308 ], [ 35.9386, 50.4338 ], [ 35.9686, 50.4355 ], [ 35.9768, 50.4409 ], [ 36.0035, 50.4458 ], [ 36.0683, 50.4511 ], [ 36.0696, 50.4462 ], [ 36.0861, 50.4485 ], [ 36.1177, 50.4381 ], [ 36.1356, 50.4376 ], [ 36.1606, 50.4315 ], [ 36.1703, 50.4095 ], [ 36.177, 50.4016 ], [ 36.1845, 50.4064 ], [ 36.1932, 50.4036 ], [ 36.2312, 50.3714 ], [ 36.2337, 50.3636 ], [ 36.2555, 50.3553 ], [ 36.2631, 50.35 ], [ 36.2583, 50.35 ], [ 36.25, 50.3333 ], [ 36.2417, 50.3333 ], [ 36.2417, 50.325 ], [ 36.225, 50.3167 ], [ 36.225, 50.3083 ], [ 36.2167, 50.3083 ], [ 36.2167, 50.2917 ], [ 36.2083, 50.2917 ], [ 36.2, 50.275 ], [ 36.1917, 50.275 ], [ 36.1917, 50.2583 ], [ 36.1833, 50.2583 ], [ 36.1833, 50.2333 ], [ 36.1917, 50.2333 ], [ 36.1917, 50.225 ], [ 36.2083, 50.225 ], [ 36.2083, 50.2167 ], [ 36.3167, 50.2167 ], [ 36.3167, 50.2083 ], [ 36.325, 50.2083 ], [ 36.325, 50.2 ], [ 36.3167, 50.2 ], [ 36.3167, 50.1833 ], [ 36.3083, 50.1833 ], [ 36.3, 50.1667 ], [ 36.2833, 50.1583 ], [ 36.2833, 50.1333 ], [ 36.275, 50.1333 ], [ 36.275, 50.1167 ], [ 36.2833, 50.1167 ], [ 36.2833, 50.1 ], [ 36.2917, 50.1 ], [ 36.2917, 50.075 ], [ 36.275, 50.0667 ], [ 36.275, 50.0583 ], [ 36.2583, 50.0583 ], [ 36.2583, 50.05 ], [ 36.2083, 50.05 ], [ 36.2083, 50.0667 ], [ 36.1917, 50.0667 ], [ 36.1833, 50.05 ], [ 36.1417, 50.05 ], [ 36.1417, 50.0583 ], [ 36.125, 50.0583 ], [ 36.125, 50.1167 ], [ 36.1333, 50.1167 ], [ 36.1333, 50.125 ], [ 36.125, 50.125 ], [ 36.125, 50.1417 ], [ 36.1083, 50.1417 ], [ 36.1083, 50.15 ], [ 36.0917, 50.15 ], [ 36.0917, 50.1583 ], [ 36.0333, 50.1583 ], [ 36.0333, 50.15 ], [ 36.0, 50.15 ], [ 36.0, 50.1583 ], [ 35.9667, 50.1583 ], [ 35.9667, 50.2 ], [ 35.9833, 50.2083 ], [ 35.9833, 50.2167 ], [ 36.0, 50.2167 ], [ 36.0083, 50.2333 ], [ 36.0167, 50.2333 ], [ 36.0167, 50.2833 ], [ 36.0083, 50.2833 ], [ 36.0083, 50.2917 ], [ 35.9833, 50.2917 ], [ 35.9833, 50.2833 ], [ 35.9667, 50.2833 ], [ 35.9667, 50.275 ], [ 35.95, 50.275 ], [ 35.95, 50.2667 ], [ 35.9417, 50.2667 ], [ 35.9417, 50.2583 ], [ 35.925, 50.25 ], [ 35.925, 50.225 ], [ 35.9167, 50.225 ], [ 35.9167, 50.2083 ], [ 35.9083, 50.2083 ], [ 35.9083, 50.1833 ], [ 35.9, 50.1833 ], [ 35.9, 50.15 ], [ 35.8833, 50.15 ], [ 35.8833, 50.1417 ], [ 35.8667, 50.1417 ], [ 35.8667, 50.1333 ], [ 35.85, 50.1333 ], [ 35.8417, 50.1167 ], [ 35.8333, 50.1167 ], [ 35.8333, 50.1083 ], [ 35.8167, 50.1 ], [ 35.8167, 50.0917 ], [ 35.8083, 50.0917 ], [ 35.8083, 50.075 ], [ 35.8, 50.075 ], [ 35.8, 50.0083 ], [ 35.7917, 50.0083 ], [ 35.7917, 49.9917 ], [ 35.775, 49.9833 ], [ 35.775, 49.975 ], [ 35.7667, 49.975 ], [ 35.7667, 49.95 ], [ 35.7583, 49.95 ], [ 35.7583, 49.9167 ], [ 35.75, 49.9167 ], [ 35.7417, 49.9 ], [ 35.725, 49.9 ], [ 35.725, 49.8917 ], [ 35.7, 49.8917 ], [ 35.7, 49.8833 ], [ 35.6583, 49.8833 ], [ 35.6583, 49.875 ], [ 35.6167, 49.875 ], [ 35.6167, 49.8667 ], [ 35.6, 49.8667 ], [ 35.6, 49.8583 ], [ 35.5833, 49.8583 ], [ 35.5833, 49.85 ], [ 35.5667, 49.85 ], [ 35.5583, 49.8333 ], [ 35.55, 49.8333 ], [ 35.55, 49.8167 ], [ 35.5417, 49.8167 ], [ 35.5417, 49.8 ], [ 35.5083, 49.8 ], [ 35.5, 49.8167 ], [ 35.4833, 49.8167 ], [ 35.4833, 49.825 ], [ 35.4667, 49.825 ], [ 35.4667, 49.8333 ], [ 35.4417, 49.8333 ], [ 35.4417, 49.8417 ], [ 35.4167, 49.8417 ], [ 35.4167, 49.85 ], [ 35.4333, 49.8583 ], [ 35.4333, 49.8667 ], [ 35.4667, 49.8667 ], [ 35.4667, 49.875 ], [ 35.4917, 49.875 ], [ 35.4917, 49.8833 ], [ 35.5083, 49.8833 ], [ 35.5083, 49.8917 ], [ 35.5167, 49.8917 ], [ 35.5167, 49.9083 ], [ 35.525, 49.9083 ], [ 35.525, 49.95 ], [ 35.5083, 49.9583 ], [ 35.5083, 49.9833 ], [ 35.5417, 50.0 ], [ 35.5417, 50.0167 ], [ 35.525, 50.0167 ], [ 35.525, 50.025 ], [ 35.4833, 50.025 ], [ 35.4833, 50.0333 ], [ 35.4583, 50.0333 ], [ 35.4583, 50.0417 ], [ 35.45, 50.0417 ], [ 35.45, 50.0583 ], [ 35.4417, 50.0583 ], [ 35.4417, 50.1 ], [ 35.45, 50.1 ], [ 35.4583, 50.1167 ], [ 35.4667, 50.1167 ], [ 35.4667, 50.1333 ], [ 35.4417, 50.1333 ], [ 35.4417, 50.1417 ], [ 35.425, 50.1417 ], [ 35.425, 50.15 ], [ 35.4333, 50.15 ], [ 35.4333, 50.1583 ], [ 35.45, 50.1583 ], [ 35.4583, 50.175 ], [ 35.4833, 50.175 ], [ 35.4833, 50.1833 ], [ 35.5083, 50.1833 ], [ 35.5083, 50.1917 ], [ 35.5417, 50.1917 ], [ 35.5417, 50.2 ], [ 35.575, 50.2 ], [ 35.575, 50.2083 ], [ 35.6083, 50.2083 ], [ 35.6083, 50.2167 ], [ 35.625, 50.2167 ], [ 35.625, 50.225 ], [ 35.6417, 50.225 ], [ 35.6417, 50.2417 ], [ 35.65, 50.2417 ], [ 35.65, 50.2583 ], [ 35.6583, 50.2583 ], [ 35.6583, 50.275 ], [ 35.65, 50.275 ], [ 35.65, 50.3 ], [ 35.6417, 50.3 ], [ 35.6417, 50.3167 ], [ 35.6583, 50.325 ], [ 35.6583, 50.3333 ], [ 35.7083, 50.3333 ], [ 35.7083, 50.3417 ], [ 35.7333, 50.3417 ], [ 35.7333, 50.3546 ], [ 35.7386, 50.3545 ], [ 35.7442, 50.3583 ], [ 35.775, 50.3583 ] ] ], [ [ [ 37.4, 50.0917 ], [ 37.4, 50.0417 ], [ 37.4083, 50.0417 ], [ 37.4083, 50.0 ], [ 37.4, 50.0 ], [ 37.4, 49.9917 ], [ 37.3833, 49.9833 ], [ 37.3833, 49.975 ], [ 37.375, 49.975 ], [ 37.375, 49.925 ], [ 37.3667, 49.925 ], [ 37.3667, 49.9083 ], [ 37.3583, 49.9083 ], [ 37.3583, 49.8917 ], [ 37.35, 49.8917 ], [ 37.35, 49.8667 ], [ 37.3417, 49.8667 ], [ 37.3417, 49.8417 ], [ 37.3333, 49.8417 ], [ 37.3333, 49.825 ], [ 37.3167, 49.8167 ], [ 37.3167, 49.8 ], [ 37.3083, 49.8 ], [ 37.3083, 49.7917 ], [ 37.2917, 49.7917 ], [ 37.2833, 49.8083 ], [ 37.275, 49.8083 ], [ 37.275, 49.825 ], [ 37.2583, 49.8333 ], [ 37.2583, 49.85 ], [ 37.25, 49.85 ], [ 37.25, 49.8917 ], [ 37.2583, 49.8917 ], [ 37.2583, 49.9167 ], [ 37.2667, 49.9167 ], [ 37.2667, 49.925 ], [ 37.2833, 49.9333 ], [ 37.2833, 49.9417 ], [ 37.2917, 49.9417 ], [ 37.2917, 50.0167 ], [ 37.3, 50.0167 ], [ 37.3, 50.05 ], [ 37.3167, 50.0583 ], [ 37.3167, 50.075 ], [ 37.325, 50.075 ], [ 37.325, 50.0833 ], [ 37.3417, 50.0833 ], [ 37.3417, 50.0917 ], [ 37.3583, 50.0917 ], [ 37.3667, 50.1083 ], [ 37.4, 50.0917 ] ] ], [ [ [ 30.3583, 50.15 ], [ 30.3583, 50.1417 ], [ 30.375, 50.1417 ], [ 30.375, 50.1333 ], [ 30.4, 50.1333 ], [ 30.4, 50.125 ], [ 30.4583, 50.125 ], [ 30.4583, 50.1167 ], [ 30.5583, 50.1167 ], [ 30.5583, 50.125 ], [ 30.575, 50.125 ], [ 30.575, 50.1167 ], [ 30.6333, 50.1167 ], [ 30.6333, 50.125 ], [ 30.7417, 50.125 ], [ 30.7417, 50.1167 ], [ 30.775, 50.1167 ], [ 30.775, 50.1083 ], [ 30.8, 50.1083 ], [ 30.8, 50.1 ], [ 30.825, 50.1 ], [ 30.825, 50.0917 ], [ 30.8917, 50.0917 ], [ 30.8917, 50.0833 ], [ 30.9167, 50.0833 ], [ 30.925, 50.0667 ], [ 30.9417, 50.0667 ], [ 30.9417, 50.0583 ], [ 30.9583, 50.0583 ], [ 30.9667, 50.0417 ], [ 30.975, 50.0417 ], [ 30.975, 50.0333 ], [ 30.9917, 50.025 ], [ 30.9917, 50.0167 ], [ 31.0, 50.0167 ], [ 31.0, 50.0083 ], [ 31.0167, 50.0083 ], [ 31.025, 49.9917 ], [ 31.0417, 49.9917 ], [ 31.05, 49.975 ], [ 31.075, 49.975 ], [ 31.075, 49.9667 ], [ 31.1, 49.9667 ], [ 31.1, 49.9583 ], [ 31.1167, 49.9583 ], [ 31.1167, 49.95 ], [ 31.15, 49.95 ], [ 31.15, 49.9417 ], [ 31.175, 49.9417 ], [ 31.175, 49.9333 ], [ 31.2083, 49.9333 ], [ 31.2083, 49.925 ], [ 31.2167, 49.925 ], [ 31.2167, 49.9083 ], [ 31.2333, 49.9083 ], [ 31.2333, 49.9 ], [ 31.325, 49.9 ], [ 31.325, 49.8917 ], [ 31.3583, 49.8917 ], [ 31.3583, 49.875 ], [ 31.3667, 49.875 ], [ 31.3667, 49.8583 ], [ 31.375, 49.8583 ], [ 31.3833, 49.8417 ], [ 31.3917, 49.8417 ], [ 31.3917, 49.825 ], [ 31.4, 49.825 ], [ 31.4083, 49.8083 ], [ 31.4167, 49.8083 ], [ 31.425, 49.7917 ], [ 31.4333, 49.7917 ], [ 31.4333, 49.775 ], [ 31.425, 49.775 ], [ 31.425, 49.7667 ], [ 31.3917, 49.7667 ], [ 31.3917, 49.775 ], [ 31.3667, 49.775 ], [ 31.3667, 49.7833 ], [ 31.3333, 49.7833 ], [ 31.3333, 49.775 ], [ 31.3167, 49.775 ], [ 31.3167, 49.7583 ], [ 31.2583, 49.7583 ], [ 31.2583, 49.7667 ], [ 31.2333, 49.7667 ], [ 31.2333, 49.775 ], [ 31.2083, 49.775 ], [ 31.2083, 49.7833 ], [ 31.1917, 49.7833 ], [ 31.1917, 49.7917 ], [ 31.175, 49.7917 ], [ 31.175, 49.8083 ], [ 31.1667, 49.8083 ], [ 31.1667, 49.825 ], [ 31.175, 49.825 ], [ 31.175, 49.8333 ], [ 31.1667, 49.8333 ], [ 31.1667, 49.8583 ], [ 31.1583, 49.8583 ], [ 31.1583, 49.8667 ], [ 31.1417, 49.8667 ], [ 31.1417, 49.875 ], [ 31.1167, 49.875 ], [ 31.1167, 49.8833 ], [ 31.0833, 49.8833 ], [ 31.0833, 49.8917 ], [ 31.0667, 49.8917 ], [ 31.0583, 49.9083 ], [ 31.0, 49.9083 ], [ 31.0, 49.9167 ], [ 30.9833, 49.9167 ], [ 30.9833, 49.925 ], [ 30.9667, 49.925 ], [ 30.9667, 49.9333 ], [ 30.9583, 49.9333 ], [ 30.9583, 49.9417 ], [ 30.9417, 49.95 ], [ 30.9417, 49.9583 ], [ 30.9333, 49.9583 ], [ 30.9333, 49.9667 ], [ 30.9167, 49.975 ], [ 30.9167, 49.9833 ], [ 30.9, 49.9917 ], [ 30.9, 50.0 ], [ 30.8917, 50.0 ], [ 30.8917, 50.0167 ], [ 30.875, 50.025 ], [ 30.875, 50.0333 ], [ 30.8417, 50.0333 ], [ 30.8417, 50.025 ], [ 30.8333, 50.025 ], [ 30.8333, 49.9833 ], [ 30.8167, 49.975 ], [ 30.8167, 49.9667 ], [ 30.8083, 49.9667 ], [ 30.8083, 49.975 ], [ 30.7917, 49.975 ], [ 30.7917, 49.9833 ], [ 30.775, 49.9917 ], [ 30.775, 50.0 ], [ 30.7667, 50.0 ], [ 30.7667, 50.0083 ], [ 30.7333, 50.0083 ], [ 30.7333, 50.0167 ], [ 30.725, 50.0167 ], [ 30.725, 50.0083 ], [ 30.6917, 50.0083 ], [ 30.6917, 50.0 ], [ 30.675, 50.0 ], [ 30.675, 49.9917 ], [ 30.6583, 49.9917 ], [ 30.6583, 49.9833 ], [ 30.625, 49.9833 ], [ 30.625, 49.9917 ], [ 30.6333, 49.9917 ], [ 30.6333, 50.0083 ], [ 30.65, 50.0167 ], [ 30.6583, 50.0333 ], [ 30.6667, 50.0333 ], [ 30.6667, 50.0417 ], [ 30.675, 50.0417 ], [ 30.675, 50.0667 ], [ 30.6583, 50.0667 ], [ 30.6583, 50.075 ], [ 30.5833, 50.075 ], [ 30.5833, 50.0667 ], [ 30.4917, 50.0667 ], [ 30.4917, 50.075 ], [ 30.4583, 50.075 ], [ 30.4583, 50.0833 ], [ 30.3917, 50.0833 ], [ 30.3917, 50.075 ], [ 30.375, 50.075 ], [ 30.375, 50.0667 ], [ 30.35, 50.0667 ], [ 30.35, 50.0917 ], [ 30.3583, 50.0917 ], [ 30.3583, 50.1167 ], [ 30.3417, 50.125 ], [ 30.3417, 50.1333 ], [ 30.325, 50.1417 ], [ 30.325, 50.15 ], [ 30.3583, 50.15 ] ] ], [ [ [ 26.1833, 50.1833 ], [ 26.1833, 50.175 ], [ 26.2, 50.175 ], [ 26.2, 50.1667 ], [ 26.2083, 50.1667 ], [ 26.2083, 50.15 ], [ 26.1917, 50.15 ], [ 26.1833, 50.1333 ], [ 26.1667, 50.1333 ], [ 26.1583, 50.1167 ], [ 26.1417, 50.1167 ], [ 26.1417, 50.1083 ], [ 26.125, 50.1083 ], [ 26.125, 50.1 ], [ 26.1, 50.1 ], [ 26.1, 50.0917 ], [ 26.0833, 50.0917 ], [ 26.0833, 50.0833 ], [ 26.0583, 50.0833 ], [ 26.0583, 50.075 ], [ 26.0417, 50.0667 ], [ 26.0417, 50.0583 ], [ 25.8667, 50.0583 ], [ 25.8583, 50.0417 ], [ 25.85, 50.0417 ], [ 25.85, 50.0083 ], [ 25.8583, 50.0083 ], [ 25.8583, 49.9917 ], [ 25.875, 49.9917 ], [ 25.875, 49.9833 ], [ 25.8917, 49.9833 ], [ 25.8917, 49.975 ], [ 25.9083, 49.975 ], [ 25.9083, 49.9667 ], [ 25.9333, 49.9667 ], [ 25.9333, 49.9583 ], [ 25.95, 49.9583 ], [ 25.95, 49.95 ], [ 25.9667, 49.9417 ], [ 25.9667, 49.9333 ], [ 25.9833, 49.9333 ], [ 25.9833, 49.925 ], [ 26.0083, 49.925 ], [ 26.0083, 49.9167 ], [ 26.0167, 49.9167 ], [ 26.0167, 49.925 ], [ 26.0667, 49.925 ], [ 26.0667, 49.9333 ], [ 26.0833, 49.9333 ], [ 26.0833, 49.925 ], [ 26.1417, 49.925 ], [ 26.1417, 49.9167 ], [ 26.15, 49.9167 ], [ 26.15, 49.925 ], [ 26.175, 49.925 ], [ 26.175, 49.9333 ], [ 26.1917, 49.9417 ], [ 26.1917, 49.95 ], [ 26.2083, 49.95 ], [ 26.2167, 49.9667 ], [ 26.2333, 49.9667 ], [ 26.2333, 49.975 ], [ 26.2583, 49.975 ], [ 26.2583, 49.9833 ], [ 26.3, 49.9833 ], [ 26.3, 49.975 ], [ 26.3167, 49.975 ], [ 26.3167, 49.9583 ], [ 26.3, 49.95 ], [ 26.3, 49.9417 ], [ 26.2833, 49.9417 ], [ 26.2833, 49.9333 ], [ 26.2667, 49.9333 ], [ 26.2583, 49.9167 ], [ 26.2417, 49.9167 ], [ 26.2333, 49.9 ], [ 26.2083, 49.9 ], [ 26.2083, 49.8917 ], [ 26.175, 49.8917 ], [ 26.175, 49.8833 ], [ 26.15, 49.8833 ], [ 26.15, 49.875 ], [ 25.9667, 49.875 ], [ 25.9667, 49.8833 ], [ 25.8917, 49.8833 ], [ 25.8917, 49.875 ], [ 25.7667, 49.875 ], [ 25.7667, 49.8667 ], [ 25.75, 49.8583 ], [ 25.75, 49.85 ], [ 25.7583, 49.85 ], [ 25.7667, 49.8333 ], [ 25.775, 49.8333 ], [ 25.775, 49.8 ], [ 25.7667, 49.8 ], [ 25.7667, 49.7833 ], [ 25.75, 49.775 ], [ 25.75, 49.7667 ], [ 25.7417, 49.7667 ], [ 25.7417, 49.75 ], [ 25.7333, 49.75 ], [ 25.7333, 49.7417 ], [ 25.7083, 49.7417 ], [ 25.7, 49.7583 ], [ 25.6833, 49.7583 ], [ 25.675, 49.775 ], [ 25.6583, 49.775 ], [ 25.6583, 49.7833 ], [ 25.6333, 49.7833 ], [ 25.6333, 49.7917 ], [ 25.6083, 49.7917 ], [ 25.6083, 49.8 ], [ 25.5833, 49.8 ], [ 25.5833, 49.8083 ], [ 25.5583, 49.8083 ], [ 25.5583, 49.8 ], [ 25.5417, 49.8 ], [ 25.5417, 49.8083 ], [ 25.525, 49.8083 ], [ 25.525, 49.8167 ], [ 25.4917, 49.8167 ], [ 25.4917, 49.825 ], [ 25.45, 49.825 ], [ 25.45, 49.8333 ], [ 25.4083, 49.8333 ], [ 25.4083, 49.8417 ], [ 25.3167, 49.8417 ], [ 25.3167, 49.85 ], [ 25.2583, 49.85 ], [ 25.2583, 49.8583 ], [ 25.2333, 49.8583 ], [ 25.2333, 49.85 ], [ 25.1333, 49.85 ], [ 25.1333, 49.8417 ], [ 25.075, 49.8417 ], [ 25.075, 49.85 ], [ 25.0417, 49.85 ], [ 25.0417, 49.8583 ], [ 25.025, 49.8667 ], [ 25.025, 49.875 ], [ 25.0, 49.875 ], [ 25.0, 49.8833 ], [ 24.9667, 49.8833 ], [ 24.9667, 49.8917 ], [ 24.8833, 49.8917 ], [ 24.8833, 49.9 ], [ 24.875, 49.9 ], [ 24.875, 49.9167 ], [ 24.8833, 49.9167 ], [ 24.8833, 49.925 ], [ 24.9083, 49.925 ], [ 24.9083, 49.9333 ], [ 24.9583, 49.9333 ], [ 24.9667, 49.9167 ], [ 25.0417, 49.9167 ], [ 25.0417, 49.925 ], [ 25.0583, 49.925 ], [ 25.0583, 49.9333 ], [ 25.075, 49.9333 ], [ 25.075, 49.9417 ], [ 25.1083, 49.9417 ], [ 25.1083, 49.95 ], [ 25.1667, 49.95 ], [ 25.175, 49.9667 ], [ 25.1833, 49.9667 ], [ 25.1833, 49.9833 ], [ 25.1667, 49.9917 ], [ 25.1667, 50.0083 ], [ 25.2167, 50.0083 ], [ 25.2167, 50.0 ], [ 25.25, 50.0 ], [ 25.25, 49.9917 ], [ 25.2917, 49.9917 ], [ 25.2917, 50.0 ], [ 25.325, 50.0 ], [ 25.325, 50.0083 ], [ 25.3417, 50.0083 ], [ 25.3417, 50.0167 ], [ 25.3583, 50.0167 ], [ 25.3583, 50.025 ], [ 25.375, 50.025 ], [ 25.375, 50.0333 ], [ 25.3917, 50.0333 ], [ 25.3917, 50.0417 ], [ 25.4167, 50.0417 ], [ 25.4167, 50.05 ], [ 25.4417, 50.05 ], [ 25.4417, 50.0583 ], [ 25.5083, 50.0583 ], [ 25.5083, 50.05 ], [ 25.5417, 50.05 ], [ 25.5417, 50.0417 ], [ 25.5667, 50.0417 ], [ 25.5667, 50.0333 ], [ 25.6083, 50.0333 ], [ 25.6083, 50.025 ], [ 25.65, 50.025 ], [ 25.65, 50.0333 ], [ 25.675, 50.0333 ], [ 25.675, 50.025 ], [ 25.6833, 50.025 ], [ 25.6833, 50.0083 ], [ 25.6917, 50.0083 ], [ 25.6917, 49.9917 ], [ 25.6833, 49.9917 ], [ 25.6833, 49.9833 ], [ 25.6083, 49.9833 ], [ 25.6083, 49.975 ], [ 25.5917, 49.975 ], [ 25.5917, 49.9667 ], [ 25.575, 49.9667 ], [ 25.575, 49.9583 ], [ 25.55, 49.9583 ], [ 25.55, 49.95 ], [ 25.5167, 49.95 ], [ 25.5167, 49.9583 ], [ 25.4917, 49.9583 ], [ 25.4917, 49.95 ], [ 25.4583, 49.95 ], [ 25.4583, 49.9417 ], [ 25.4417, 49.9417 ], [ 25.4417, 49.9167 ], [ 25.4583, 49.9167 ], [ 25.4583, 49.9083 ], [ 25.4833, 49.9083 ], [ 25.4833, 49.9 ], [ 25.5583, 49.9 ], [ 25.5583, 49.9083 ], [ 25.5667, 49.9083 ], [ 25.5667, 49.9 ], [ 25.5917, 49.9 ], [ 25.5917, 49.8917 ], [ 25.6167, 49.8917 ], [ 25.6167, 49.8833 ], [ 25.6333, 49.8833 ], [ 25.6333, 49.875 ], [ 25.65, 49.875 ], [ 25.65, 49.8667 ], [ 25.7167, 49.8667 ], [ 25.7167, 49.8833 ], [ 25.725, 49.8833 ], [ 25.725, 49.8917 ], [ 25.7167, 49.8917 ], [ 25.7167, 49.9083 ], [ 25.7083, 49.9083 ], [ 25.7083, 49.9167 ], [ 25.6917, 49.925 ], [ 25.6917, 49.9333 ], [ 25.6833, 49.9333 ], [ 25.6833, 49.9417 ], [ 25.6917, 49.9417 ], [ 25.6917, 49.95 ], [ 25.7, 49.95 ], [ 25.7083, 49.9667 ], [ 25.7167, 49.9667 ], [ 25.7167, 49.975 ], [ 25.7333, 49.9833 ], [ 25.7333, 49.9917 ], [ 25.7417, 49.9917 ], [ 25.7417, 50.0083 ], [ 25.725, 50.0167 ], [ 25.725, 50.0333 ], [ 25.7417, 50.0333 ], [ 25.7417, 50.0417 ], [ 25.7583, 50.0417 ], [ 25.7667, 50.0583 ], [ 25.7833, 50.0583 ], [ 25.7833, 50.0667 ], [ 25.8, 50.0667 ], [ 25.8, 50.075 ], [ 25.8167, 50.075 ], [ 25.8167, 50.0833 ], [ 25.8417, 50.0833 ], [ 25.8417, 50.0917 ], [ 25.9, 50.0917 ], [ 25.9, 50.1 ], [ 25.95, 50.1 ], [ 25.95, 50.1083 ], [ 25.9833, 50.1083 ], [ 25.9833, 50.1167 ], [ 26.075, 50.1167 ], [ 26.075, 50.125 ], [ 26.0833, 50.125 ], [ 26.0833, 50.1417 ], [ 26.0917, 50.1417 ], [ 26.1, 50.1583 ], [ 26.1083, 50.1583 ], [ 26.1083, 50.1667 ], [ 26.125, 50.1667 ], [ 26.125, 50.175 ], [ 26.1417, 50.175 ], [ 26.1417, 50.1833 ], [ 26.1833, 50.1833 ] ] ], [ [ [ 22.95, 49.7917 ], [ 22.9333, 49.7917 ], [ 22.9333, 49.7833 ], [ 22.9167, 49.775 ], [ 22.9167, 49.7583 ], [ 22.9, 49.7583 ], [ 22.9, 49.75 ], [ 22.8931, 49.75 ], [ 22.8968, 49.7518 ], [ 22.8979, 49.7645 ], [ 22.9016, 49.7683 ], [ 22.9328, 49.7933 ], [ 22.9552, 49.8021 ], [ 22.95, 49.7917 ] ] ], [ [ [ 22.975, 49.8167 ], [ 22.975, 49.8083 ], [ 22.959, 49.8083 ], [ 22.9567, 49.8111 ], [ 22.9595, 49.8167 ], [ 22.975, 49.8167 ] ] ], [ [ [ 36.5667, 49.7833 ], [ 36.5667, 49.7917 ], [ 36.6167, 49.7917 ], [ 36.6167, 49.7833 ], [ 36.6333, 49.7833 ], [ 36.6333, 49.7667 ], [ 36.625, 49.7667 ], [ 36.625, 49.75 ], [ 36.6083, 49.75 ], [ 36.6083, 49.7417 ], [ 36.6, 49.7417 ], [ 36.5917, 49.725 ], [ 36.5833, 49.725 ], [ 36.5833, 49.7083 ], [ 36.5667, 49.7083 ], [ 36.5667, 49.7 ], [ 36.55, 49.7 ], [ 36.55, 49.6917 ], [ 36.525, 49.6917 ], [ 36.525, 49.6833 ], [ 36.4333, 49.6833 ], [ 36.4333, 49.675 ], [ 36.4083, 49.675 ], [ 36.4083, 49.6833 ], [ 36.3583, 49.6833 ], [ 36.3583, 49.6917 ], [ 36.325, 49.6917 ], [ 36.325, 49.7 ], [ 36.3, 49.7 ], [ 36.3, 49.7083 ], [ 36.2667, 49.7083 ], [ 36.2667, 49.7167 ], [ 36.2417, 49.7167 ], [ 36.2417, 49.725 ], [ 36.2083, 49.725 ], [ 36.2083, 49.7333 ], [ 36.1833, 49.7333 ], [ 36.1833, 49.7417 ], [ 36.1667, 49.7417 ], [ 36.1667, 49.7583 ], [ 36.1917, 49.7583 ], [ 36.1917, 49.7667 ], [ 36.2083, 49.7667 ], [ 36.2083, 49.775 ], [ 36.25, 49.775 ], [ 36.25, 49.7667 ], [ 36.2917, 49.7667 ], [ 36.2917, 49.7583 ], [ 36.3667, 49.7583 ], [ 36.3667, 49.7667 ], [ 36.3833, 49.7667 ], [ 36.3833, 49.7583 ], [ 36.4, 49.7583 ], [ 36.4, 49.7667 ], [ 36.4583, 49.7667 ], [ 36.4583, 49.775 ], [ 36.4917, 49.775 ], [ 36.4917, 49.7833 ], [ 36.55, 49.7833 ], [ 36.55, 49.7917 ], [ 36.5667, 49.7833 ] ], [ [ 36.3667, 49.7 ], [ 36.375, 49.7 ], [ 36.375, 49.7083 ], [ 36.3667, 49.7083 ], [ 36.3667, 49.7 ] ] ], [ [ [ 26.85, 49.8083 ], [ 26.875, 49.7583 ], [ 26.9583, 49.7583 ], [ 26.9583, 49.75 ], [ 26.9833, 49.75 ], [ 26.9833, 49.7333 ], [ 26.9667, 49.725 ], [ 26.9667, 49.7167 ], [ 26.925, 49.7167 ], [ 26.9167, 49.7 ], [ 26.9083, 49.7 ], [ 26.9083, 49.6917 ], [ 26.9167, 49.6917 ], [ 26.9167, 49.6833 ], [ 26.9333, 49.6833 ], [ 26.9333, 49.675 ], [ 27.0583, 49.675 ], [ 27.0583, 49.6833 ], [ 27.1167, 49.6833 ], [ 27.1167, 49.6667 ], [ 27.1083, 49.6667 ], [ 27.1083, 49.6583 ], [ 27.075, 49.6583 ], [ 27.075, 49.65 ], [ 27.0083, 49.65 ], [ 27.0083, 49.6583 ], [ 26.85, 49.6583 ], [ 26.85, 49.6667 ], [ 26.725, 49.6667 ], [ 26.725, 49.675 ], [ 26.675, 49.675 ], [ 26.675, 49.6833 ], [ 26.6417, 49.6833 ], [ 26.6417, 49.6917 ], [ 26.4917, 49.6917 ], [ 26.4917, 49.7 ], [ 26.4583, 49.7 ], [ 26.4583, 49.7083 ], [ 26.4417, 49.7083 ], [ 26.4417, 49.7417 ], [ 26.45, 49.7417 ], [ 26.4583, 49.7583 ], [ 26.4833, 49.7583 ], [ 26.4833, 49.7667 ], [ 26.5083, 49.7667 ], [ 26.5083, 49.775 ], [ 26.5833, 49.775 ], [ 26.5833, 49.7667 ], [ 26.6083, 49.7667 ], [ 26.6083, 49.7583 ], [ 26.6417, 49.7583 ], [ 26.6417, 49.75 ], [ 26.6667, 49.75 ], [ 26.6667, 49.7417 ], [ 26.6833, 49.7417 ], [ 26.6833, 49.7333 ], [ 26.7, 49.7333 ], [ 26.7, 49.725 ], [ 26.7167, 49.725 ], [ 26.7167, 49.7167 ], [ 26.7333, 49.7167 ], [ 26.7333, 49.7083 ], [ 26.75, 49.7083 ], [ 26.75, 49.725 ], [ 26.7417, 49.725 ], [ 26.7333, 49.7417 ], [ 26.7167, 49.7417 ], [ 26.7167, 49.75 ], [ 26.7, 49.75 ], [ 26.7, 49.7583 ], [ 26.6833, 49.7583 ], [ 26.6833, 49.7667 ], [ 26.675, 49.7667 ], [ 26.675, 49.7917 ], [ 26.6917, 49.7917 ], [ 26.6917, 49.8 ], [ 26.7, 49.8 ], [ 26.7, 49.7917 ], [ 26.725, 49.7917 ], [ 26.725, 49.7833 ], [ 26.7583, 49.7833 ], [ 26.7583, 49.7917 ], [ 26.7917, 49.7917 ], [ 26.7917, 49.8 ], [ 26.8167, 49.8 ], [ 26.8167, 49.8083 ], [ 26.85, 49.8083 ] ] ], [ [ [ 28.0, 49.8083 ], [ 28.0, 49.8 ], [ 28.0167, 49.8 ], [ 28.0167, 49.7917 ], [ 28.0333, 49.7917 ], [ 28.0333, 49.7833 ], [ 28.05, 49.7833 ], [ 28.05, 49.775 ], [ 28.075, 49.775 ], [ 28.075, 49.7667 ], [ 28.0917, 49.7667 ], [ 28.0917, 49.7583 ], [ 28.1, 49.7583 ], [ 28.1, 49.7417 ], [ 28.0917, 49.7417 ], [ 28.0917, 49.7333 ], [ 28.0417, 49.7333 ], [ 28.0417, 49.7417 ], [ 28.0083, 49.7417 ], [ 28.0083, 49.7333 ], [ 28.0, 49.7333 ], [ 28.0, 49.7167 ], [ 28.0083, 49.7167 ], [ 28.0167, 49.7 ], [ 28.025, 49.7 ], [ 28.0333, 49.6833 ], [ 28.0417, 49.6833 ], [ 28.0417, 49.6667 ], [ 28.0333, 49.6667 ], [ 28.0333, 49.6583 ], [ 28.0167, 49.6583 ], [ 28.0167, 49.65 ], [ 27.9917, 49.65 ], [ 27.9917, 49.6583 ], [ 27.975, 49.6583 ], [ 27.975, 49.6667 ], [ 27.9583, 49.6667 ], [ 27.95, 49.6833 ], [ 27.9333, 49.6833 ], [ 27.925, 49.7 ], [ 27.9083, 49.7 ], [ 27.9083, 49.7083 ], [ 27.8917, 49.7083 ], [ 27.8833, 49.725 ], [ 27.875, 49.725 ], [ 27.875, 49.7333 ], [ 27.8833, 49.7333 ], [ 27.8833, 49.7583 ], [ 27.9, 49.7583 ], [ 27.9, 49.7667 ], [ 27.9167, 49.775 ], [ 27.9167, 49.7833 ], [ 27.9333, 49.7833 ], [ 27.9333, 49.7917 ], [ 27.95, 49.7917 ], [ 27.95, 49.8 ], [ 27.9667, 49.8 ], [ 27.9667, 49.8083 ], [ 28.0, 49.8083 ] ] ], [ [ [ 30.0833, 49.9167 ], [ 30.0833, 49.9083 ], [ 30.1083, 49.9083 ], [ 30.1083, 49.9 ], [ 30.1167, 49.9 ], [ 30.125, 49.8833 ], [ 30.1333, 49.8833 ], [ 30.1333, 49.8667 ], [ 30.1417, 49.8667 ], [ 30.1417, 49.8583 ], [ 30.1583, 49.85 ], [ 30.1583, 49.8417 ], [ 30.175, 49.8417 ], [ 30.175, 49.8333 ], [ 30.1917, 49.8333 ], [ 30.2, 49.8167 ], [ 30.2417, 49.8167 ], [ 30.2417, 49.8083 ], [ 30.2667, 49.8083 ], [ 30.2667, 49.8 ], [ 30.2833, 49.8 ], [ 30.2833, 49.7917 ], [ 30.3, 49.7917 ], [ 30.3, 49.7833 ], [ 30.3167, 49.7833 ], [ 30.325, 49.7667 ], [ 30.3333, 49.7667 ], [ 30.3333, 49.7333 ], [ 30.325, 49.7333 ], [ 30.325, 49.7167 ], [ 30.3083, 49.7083 ], [ 30.3083, 49.7 ], [ 30.2917, 49.6917 ], [ 30.2917, 49.6833 ], [ 30.275, 49.6833 ], [ 30.275, 49.675 ], [ 30.2583, 49.675 ], [ 30.2583, 49.6667 ], [ 30.2167, 49.6667 ], [ 30.2167, 49.675 ], [ 30.1833, 49.675 ], [ 30.1833, 49.6833 ], [ 30.1583, 49.6833 ], [ 30.1583, 49.6917 ], [ 30.0917, 49.6917 ], [ 30.0917, 49.6833 ], [ 30.0667, 49.6833 ], [ 30.0667, 49.675 ], [ 30.05, 49.675 ], [ 30.0417, 49.6583 ], [ 30.025, 49.6583 ], [ 30.025, 49.65 ], [ 30.0083, 49.65 ], [ 30.0083, 49.6417 ], [ 30.0, 49.6417 ], [ 30.0, 49.6333 ], [ 29.9833, 49.6333 ], [ 29.9833, 49.625 ], [ 29.9167, 49.625 ], [ 29.9167, 49.6333 ], [ 29.8917, 49.6333 ], [ 29.8917, 49.6417 ], [ 29.875, 49.6417 ], [ 29.8667, 49.6583 ], [ 29.8583, 49.6583 ], [ 29.8583, 49.6667 ], [ 29.8417, 49.6667 ], [ 29.8417, 49.6833 ], [ 29.8333, 49.6833 ], [ 29.8333, 49.6917 ], [ 29.8167, 49.7 ], [ 29.8167, 49.7083 ], [ 29.8083, 49.7083 ], [ 29.8083, 49.7417 ], [ 29.8583, 49.7417 ], [ 29.8583, 49.7333 ], [ 29.875, 49.7333 ], [ 29.875, 49.725 ], [ 29.9167, 49.725 ], [ 29.9167, 49.7583 ], [ 29.925, 49.7583 ], [ 29.925, 49.775 ], [ 29.9333, 49.775 ], [ 29.9333, 49.7833 ], [ 29.95, 49.7833 ], [ 29.95, 49.7917 ], [ 29.9667, 49.7917 ], [ 29.9667, 49.8 ], [ 29.9917, 49.8 ], [ 29.9917, 49.8083 ], [ 30.0083, 49.8167 ], [ 30.0083, 49.825 ], [ 30.0167, 49.825 ], [ 30.0167, 49.8417 ], [ 30.0083, 49.8417 ], [ 30.0083, 49.8583 ], [ 30.0, 49.8583 ], [ 30.0, 49.8667 ], [ 30.0083, 49.8667 ], [ 30.0083, 49.8833 ], [ 30.0167, 49.8833 ], [ 30.025, 49.9 ], [ 30.0417, 49.9 ], [ 30.0417, 49.9083 ], [ 30.0583, 49.9083 ], [ 30.0583, 49.9167 ], [ 30.0833, 49.9167 ] ], [ [ 30.125, 49.8083 ], [ 30.125, 49.8167 ], [ 30.1083, 49.8083 ], [ 30.1083, 49.825 ], [ 30.075, 49.825 ], [ 30.0833, 49.8083 ], [ 30.1, 49.8083 ], [ 30.1083, 49.7917 ], [ 30.125, 49.7917 ], [ 30.125, 49.7833 ], [ 30.1333, 49.7833 ], [ 30.1333, 49.8083 ], [ 30.125, 49.8083 ] ], [ [ 30.1417, 49.8083 ], [ 30.1417, 49.8167 ], [ 30.1333, 49.8167 ], [ 30.1333, 49.8083 ], [ 30.1417, 49.8083 ] ], [ [ 30.1917, 49.7917 ], [ 30.1667, 49.7917 ], [ 30.1667, 49.7833 ], [ 30.2, 49.7833 ], [ 30.2, 49.8 ], [ 30.1917, 49.8 ], [ 30.1917, 49.7917 ] ], [ [ 30.125, 49.7667 ], [ 30.1333, 49.7667 ], [ 30.1333, 49.775 ], [ 30.125, 49.775 ], [ 30.125, 49.7667 ] ] ], [ [ [ 28.4917, 49.7833 ], [ 28.4917, 49.775 ], [ 28.5083, 49.775 ], [ 28.5083, 49.7667 ], [ 28.525, 49.7667 ], [ 28.525, 49.7583 ], [ 28.5417, 49.75 ], [ 28.5417, 49.7417 ], [ 28.5583, 49.7417 ], [ 28.5583, 49.7333 ], [ 28.575, 49.725 ], [ 28.575, 49.7167 ], [ 28.5917, 49.7167 ], [ 28.5917, 49.7083 ], [ 28.625, 49.7083 ], [ 28.625, 49.7167 ], [ 28.6417, 49.7167 ], [ 28.6417, 49.725 ], [ 28.6583, 49.7333 ], [ 28.6583, 49.7417 ], [ 28.7167, 49.7417 ], [ 28.7167, 49.7333 ], [ 28.725, 49.7333 ], [ 28.725, 49.7167 ], [ 28.7333, 49.7167 ], [ 28.7333, 49.7 ], [ 28.75, 49.6917 ], [ 28.75, 49.675 ], [ 28.7583, 49.675 ], [ 28.7583, 49.6667 ], [ 28.7, 49.6667 ], [ 28.7, 49.6583 ], [ 28.6667, 49.6583 ], [ 28.6667, 49.65 ], [ 28.65, 49.65 ], [ 28.6417, 49.6333 ], [ 28.625, 49.6333 ], [ 28.625, 49.625 ], [ 28.6083, 49.625 ], [ 28.6083, 49.6167 ], [ 28.5667, 49.6167 ], [ 28.5583, 49.6333 ], [ 28.5667, 49.6333 ], [ 28.5667, 49.6583 ], [ 28.5083, 49.6583 ], [ 28.5083, 49.65 ], [ 28.45, 49.65 ], [ 28.45, 49.6583 ], [ 28.4417, 49.6583 ], [ 28.4417, 49.6917 ], [ 28.45, 49.6917 ], [ 28.45, 49.7 ], [ 28.4417, 49.7 ], [ 28.4333, 49.7167 ], [ 28.425, 49.7167 ], [ 28.4167, 49.7333 ], [ 28.4083, 49.7333 ], [ 28.4083, 49.75 ], [ 28.4167, 49.75 ], [ 28.4167, 49.7667 ], [ 28.4417, 49.7667 ], [ 28.4417, 49.775 ], [ 28.4667, 49.775 ], [ 28.4667, 49.7833 ], [ 28.4917, 49.7833 ] ] ], [ [ [ 29.4167, 49.6833 ], [ 29.4167, 49.675 ], [ 29.45, 49.675 ], [ 29.45, 49.6667 ], [ 29.4917, 49.6667 ], [ 29.4917, 49.6583 ], [ 29.5583, 49.6583 ], [ 29.5583, 49.65 ], [ 29.6917, 49.65 ], [ 29.6917, 49.6417 ], [ 29.7083, 49.6417 ], [ 29.7083, 49.65 ], [ 29.7167, 49.65 ], [ 29.7167, 49.6417 ], [ 29.7583, 49.6417 ], [ 29.7583, 49.6333 ], [ 29.775, 49.6333 ], [ 29.775, 49.625 ], [ 29.7917, 49.625 ], [ 29.7917, 49.5833 ], [ 29.775, 49.575 ], [ 29.775, 49.5667 ], [ 29.7667, 49.5667 ], [ 29.7583, 49.55 ], [ 29.6917, 49.55 ], [ 29.6917, 49.5583 ], [ 29.55, 49.5583 ], [ 29.55, 49.5667 ], [ 29.5333, 49.5667 ], [ 29.5333, 49.575 ], [ 29.5167, 49.575 ], [ 29.5167, 49.5833 ], [ 29.5083, 49.5833 ], [ 29.5, 49.6 ], [ 29.4917, 49.6 ], [ 29.4917, 49.6083 ], [ 29.4667, 49.6083 ], [ 29.4667, 49.6167 ], [ 29.4583, 49.6167 ], [ 29.4583, 49.6083 ], [ 29.3833, 49.6083 ], [ 29.3833, 49.6167 ], [ 29.3583, 49.6167 ], [ 29.35, 49.6333 ], [ 29.3667, 49.6333 ], [ 29.3667, 49.6417 ], [ 29.375, 49.6417 ], [ 29.3833, 49.6583 ], [ 29.3917, 49.6583 ], [ 29.3917, 49.6667 ], [ 29.4, 49.6667 ], [ 29.4, 49.6833 ], [ 29.4167, 49.6833 ] ] ], [ [ [ 36.05, 49.775 ], [ 36.0583, 49.7583 ], [ 36.0833, 49.7583 ], [ 36.0833, 49.75 ], [ 36.1083, 49.75 ], [ 36.1083, 49.7417 ], [ 36.125, 49.7417 ], [ 36.125, 49.7333 ], [ 36.15, 49.7333 ], [ 36.15, 49.725 ], [ 36.175, 49.725 ], [ 36.175, 49.7167 ], [ 36.1917, 49.7167 ], [ 36.1917, 49.7083 ], [ 36.2083, 49.7083 ], [ 36.2083, 49.7 ], [ 36.225, 49.7 ], [ 36.225, 49.6917 ], [ 36.25, 49.6917 ], [ 36.25, 49.6833 ], [ 36.2667, 49.6833 ], [ 36.2667, 49.675 ], [ 36.2917, 49.675 ], [ 36.2917, 49.6667 ], [ 36.3083, 49.6667 ], [ 36.3083, 49.6583 ], [ 36.325, 49.6583 ], [ 36.3333, 49.6417 ], [ 36.3167, 49.6417 ], [ 36.3167, 49.6333 ], [ 36.2833, 49.6333 ], [ 36.2833, 49.625 ], [ 36.2417, 49.625 ], [ 36.2417, 49.6333 ], [ 36.225, 49.6333 ], [ 36.225, 49.6417 ], [ 36.2083, 49.6417 ], [ 36.2083, 49.65 ], [ 36.1917, 49.65 ], [ 36.1917, 49.6583 ], [ 36.175, 49.6583 ], [ 36.175, 49.6667 ], [ 36.15, 49.6667 ], [ 36.15, 49.675 ], [ 36.125, 49.675 ], [ 36.125, 49.6667 ], [ 36.1083, 49.6667 ], [ 36.1083, 49.675 ], [ 36.0917, 49.6833 ], [ 36.0917, 49.6917 ], [ 36.0333, 49.6917 ], [ 36.0333, 49.6833 ], [ 36.025, 49.6833 ], [ 36.025, 49.6583 ], [ 36.0167, 49.6583 ], [ 36.0167, 49.625 ], [ 36.0083, 49.625 ], [ 36.0083, 49.6083 ], [ 36.0, 49.6083 ], [ 36.0, 49.5833 ], [ 35.9917, 49.5833 ], [ 35.9917, 49.5667 ], [ 36.0, 49.5667 ], [ 36.0, 49.55 ], [ 35.9917, 49.55 ], [ 35.9917, 49.5417 ], [ 35.925, 49.5417 ], [ 35.925, 49.5333 ], [ 35.9083, 49.5333 ], [ 35.9083, 49.525 ], [ 35.8917, 49.525 ], [ 35.8917, 49.5167 ], [ 35.8667, 49.5167 ], [ 35.8667, 49.5083 ], [ 35.8417, 49.5083 ], [ 35.8417, 49.5167 ], [ 35.85, 49.5167 ], [ 35.85, 49.5333 ], [ 35.8667, 49.5417 ], [ 35.8667, 49.5583 ], [ 35.875, 49.5583 ], [ 35.875, 49.5667 ], [ 35.8917, 49.575 ], [ 35.8917, 49.5833 ], [ 35.9083, 49.5833 ], [ 35.9167, 49.6 ], [ 35.925, 49.6 ], [ 35.9333, 49.6167 ], [ 35.95, 49.625 ], [ 35.95, 49.6417 ], [ 35.9583, 49.6417 ], [ 35.9583, 49.675 ], [ 35.95, 49.675 ], [ 35.95, 49.725 ], [ 35.9417, 49.725 ], [ 35.9417, 49.75 ], [ 35.925, 49.7583 ], [ 35.9333, 49.775 ], [ 36.05, 49.775 ] ] ], [ [ [ 27.3667, 50.05 ], [ 27.3667, 50.0417 ], [ 27.3833, 50.0417 ], [ 27.3833, 50.025 ], [ 27.3917, 50.025 ], [ 27.3833, 50.0083 ], [ 27.3667, 50.0 ], [ 27.3667, 49.9833 ], [ 27.3583, 49.9833 ], [ 27.3667, 49.9667 ], [ 27.3917, 49.9667 ], [ 27.3917, 49.9583 ], [ 27.45, 49.9583 ], [ 27.45, 49.9667 ], [ 27.4667, 49.9667 ], [ 27.4667, 49.9583 ], [ 27.5167, 49.9583 ], [ 27.5167, 49.95 ], [ 27.5333, 49.95 ], [ 27.5333, 49.9417 ], [ 27.5417, 49.9417 ], [ 27.5417, 49.9333 ], [ 27.5333, 49.9333 ], [ 27.5333, 49.9167 ], [ 27.525, 49.9167 ], [ 27.525, 49.9 ], [ 27.5083, 49.9 ], [ 27.5083, 49.8917 ], [ 27.3667, 49.8917 ], [ 27.3667, 49.9 ], [ 27.3583, 49.9 ], [ 27.3583, 49.8917 ], [ 27.3417, 49.8917 ], [ 27.3333, 49.875 ], [ 27.3167, 49.8667 ], [ 27.3167, 49.85 ], [ 27.325, 49.85 ], [ 27.325, 49.8333 ], [ 27.3333, 49.8333 ], [ 27.3417, 49.8167 ], [ 27.3583, 49.8167 ], [ 27.3667, 49.8 ], [ 27.3833, 49.8 ], [ 27.3833, 49.7917 ], [ 27.4, 49.7917 ], [ 27.4, 49.7833 ], [ 27.475, 49.7833 ], [ 27.475, 49.7917 ], [ 27.4917, 49.7917 ], [ 27.4917, 49.8 ], [ 27.5, 49.8 ], [ 27.5, 49.8083 ], [ 27.4917, 49.8083 ], [ 27.4917, 49.825 ], [ 27.475, 49.8333 ], [ 27.475, 49.85 ], [ 27.4917, 49.8583 ], [ 27.4917, 49.8667 ], [ 27.525, 49.8667 ], [ 27.525, 49.875 ], [ 27.5417, 49.875 ], [ 27.5417, 49.8833 ], [ 27.5583, 49.8833 ], [ 27.5583, 49.8917 ], [ 27.575, 49.8917 ], [ 27.575, 49.9 ], [ 27.6, 49.9 ], [ 27.6, 49.8917 ], [ 27.6167, 49.8917 ], [ 27.6167, 49.85 ], [ 27.6, 49.8417 ], [ 27.6, 49.8333 ], [ 27.5833, 49.8333 ], [ 27.5833, 49.8167 ], [ 27.5667, 49.8083 ], [ 27.5667, 49.7833 ], [ 27.5583, 49.7833 ], [ 27.5583, 49.7667 ], [ 27.5667, 49.7667 ], [ 27.5667, 49.75 ], [ 27.55, 49.7417 ], [ 27.55, 49.7333 ], [ 27.5333, 49.7333 ], [ 27.5333, 49.7417 ], [ 27.5083, 49.7417 ], [ 27.5083, 49.75 ], [ 27.4667, 49.75 ], [ 27.4667, 49.7583 ], [ 27.4417, 49.7583 ], [ 27.4417, 49.75 ], [ 27.425, 49.75 ], [ 27.425, 49.7333 ], [ 27.4333, 49.7333 ], [ 27.4333, 49.725 ], [ 27.45, 49.725 ], [ 27.45, 49.7167 ], [ 27.475, 49.7167 ], [ 27.475, 49.7083 ], [ 27.5417, 49.7083 ], [ 27.5417, 49.7 ], [ 27.5583, 49.7 ], [ 27.5583, 49.675 ], [ 27.5417, 49.6667 ], [ 27.5417, 49.6583 ], [ 27.5083, 49.6583 ], [ 27.5083, 49.65 ], [ 27.5, 49.65 ], [ 27.5, 49.6417 ], [ 27.5167, 49.6333 ], [ 27.5167, 49.625 ], [ 27.5417, 49.625 ], [ 27.5417, 49.6167 ], [ 27.5667, 49.6167 ], [ 27.5667, 49.6083 ], [ 27.575, 49.6083 ], [ 27.575, 49.5833 ], [ 27.5583, 49.575 ], [ 27.5583, 49.5667 ], [ 27.5333, 49.5667 ], [ 27.525, 49.55 ], [ 27.5333, 49.55 ], [ 27.5333, 49.5417 ], [ 27.55, 49.5417 ], [ 27.55, 49.5333 ], [ 27.5833, 49.5333 ], [ 27.5833, 49.525 ], [ 27.6167, 49.525 ], [ 27.6167, 49.5167 ], [ 27.6333, 49.5167 ], [ 27.6417, 49.5 ], [ 27.65, 49.5 ], [ 27.6583, 49.4833 ], [ 27.6667, 49.4833 ], [ 27.6667, 49.4667 ], [ 27.675, 49.4667 ], [ 27.675, 49.4583 ], [ 27.6583, 49.45 ], [ 27.6583, 49.4417 ], [ 27.6417, 49.4333 ], [ 27.6417, 49.425 ], [ 27.6167, 49.425 ], [ 27.6083, 49.4083 ], [ 27.575, 49.4083 ], [ 27.575, 49.4167 ], [ 27.5333, 49.4167 ], [ 27.5333, 49.425 ], [ 27.4917, 49.425 ], [ 27.4917, 49.4333 ], [ 27.4583, 49.4333 ], [ 27.4583, 49.425 ], [ 27.4417, 49.425 ], [ 27.4333, 49.4417 ], [ 27.4167, 49.4417 ], [ 27.4167, 49.45 ], [ 27.4, 49.45 ], [ 27.4, 49.4583 ], [ 27.375, 49.4583 ], [ 27.375, 49.4667 ], [ 27.3333, 49.4667 ], [ 27.3333, 49.4583 ], [ 27.3167, 49.4583 ], [ 27.3167, 49.45 ], [ 27.225, 49.45 ], [ 27.225, 49.4583 ], [ 27.1917, 49.4583 ], [ 27.1917, 49.4667 ], [ 27.1583, 49.4667 ], [ 27.1583, 49.475 ], [ 27.125, 49.475 ], [ 27.125, 49.4833 ], [ 27.1, 49.4833 ], [ 27.1, 49.4917 ], [ 27.0583, 49.4917 ], [ 27.0583, 49.5 ], [ 26.95, 49.5 ], [ 26.95, 49.5083 ], [ 26.9333, 49.5083 ], [ 26.9333, 49.5167 ], [ 26.9167, 49.5167 ], [ 26.9167, 49.525 ], [ 26.9083, 49.525 ], [ 26.9083, 49.5583 ], [ 26.9667, 49.5583 ], [ 26.9667, 49.55 ], [ 27.0167, 49.55 ], [ 27.0167, 49.5417 ], [ 27.0667, 49.5417 ], [ 27.0667, 49.5333 ], [ 27.1, 49.5333 ], [ 27.1, 49.525 ], [ 27.125, 49.525 ], [ 27.125, 49.5167 ], [ 27.1667, 49.5167 ], [ 27.1667, 49.525 ], [ 27.1833, 49.525 ], [ 27.1917, 49.5417 ], [ 27.2, 49.5417 ], [ 27.2, 49.5583 ], [ 27.2083, 49.5583 ], [ 27.2083, 49.625 ], [ 27.2, 49.625 ], [ 27.2, 49.6333 ], [ 27.1833, 49.6333 ], [ 27.1833, 49.6417 ], [ 27.1667, 49.6417 ], [ 27.1583, 49.6583 ], [ 27.15, 49.6583 ], [ 27.15, 49.6667 ], [ 27.1333, 49.675 ], [ 27.1333, 49.6833 ], [ 27.15, 49.6833 ], [ 27.15, 49.6917 ], [ 27.1583, 49.6917 ], [ 27.1583, 49.7 ], [ 27.175, 49.7 ], [ 27.175, 49.7083 ], [ 27.2, 49.7083 ], [ 27.2, 49.7167 ], [ 27.2583, 49.7167 ], [ 27.2583, 49.725 ], [ 27.275, 49.725 ], [ 27.2833, 49.7417 ], [ 27.275, 49.7417 ], [ 27.275, 49.75 ], [ 27.2417, 49.75 ], [ 27.2417, 49.7583 ], [ 27.225, 49.7583 ], [ 27.225, 49.7667 ], [ 27.1917, 49.7667 ], [ 27.1917, 49.775 ], [ 27.1417, 49.775 ], [ 27.1417, 49.7667 ], [ 27.1167, 49.7667 ], [ 27.1167, 49.7583 ], [ 27.0917, 49.7583 ], [ 27.0917, 49.75 ], [ 27.0667, 49.75 ], [ 27.0583, 49.7667 ], [ 27.05, 49.7667 ], [ 27.05, 49.8083 ], [ 27.0583, 49.8083 ], [ 27.0583, 49.85 ], [ 27.075, 49.8583 ], [ 27.075, 49.8667 ], [ 27.0833, 49.8667 ], [ 27.0833, 49.875 ], [ 27.1, 49.875 ], [ 27.1083, 49.8583 ], [ 27.1167, 49.8583 ], [ 27.1167, 49.825 ], [ 27.125, 49.825 ], [ 27.125, 49.8083 ], [ 27.1583, 49.8083 ], [ 27.1583, 49.8167 ], [ 27.175, 49.825 ], [ 27.175, 49.8333 ], [ 27.1833, 49.8333 ], [ 27.1917, 49.85 ], [ 27.2, 49.85 ], [ 27.2, 49.8583 ], [ 27.225, 49.8583 ], [ 27.225, 49.8667 ], [ 27.2417, 49.8667 ], [ 27.2417, 49.875 ], [ 27.25, 49.875 ], [ 27.25, 49.8917 ], [ 27.225, 49.8917 ], [ 27.225, 49.9 ], [ 27.2, 49.9 ], [ 27.2, 49.8917 ], [ 27.1833, 49.8917 ], [ 27.1833, 49.9 ], [ 27.175, 49.9 ], [ 27.175, 49.8917 ], [ 27.1417, 49.8917 ], [ 27.1417, 49.9 ], [ 27.1333, 49.9 ], [ 27.1333, 49.9167 ], [ 27.1417, 49.9167 ], [ 27.15, 49.9333 ], [ 27.1583, 49.9333 ], [ 27.1583, 49.95 ], [ 27.1417, 49.95 ], [ 27.1417, 49.9583 ], [ 27.1167, 49.9583 ], [ 27.1167, 49.95 ], [ 27.0917, 49.95 ], [ 27.0917, 49.9417 ], [ 27.075, 49.9417 ], [ 27.075, 49.9333 ], [ 27.0583, 49.925 ], [ 27.0583, 49.9167 ], [ 27.0417, 49.9167 ], [ 27.0417, 49.9083 ], [ 27.0, 49.9083 ], [ 27.0, 49.9167 ], [ 26.9833, 49.9167 ], [ 26.9833, 49.925 ], [ 26.9667, 49.925 ], [ 26.9667, 49.9333 ], [ 26.9333, 49.9333 ], [ 26.925, 49.9167 ], [ 26.9167, 49.9167 ], [ 26.9167, 49.9083 ], [ 26.9083, 49.9083 ], [ 26.9083, 49.9 ], [ 26.8917, 49.8917 ], [ 26.8917, 49.8833 ], [ 26.8833, 49.8833 ], [ 26.8833, 49.875 ], [ 26.8667, 49.875 ], [ 26.8667, 49.8667 ], [ 26.8333, 49.8667 ], [ 26.8333, 49.875 ], [ 26.825, 49.875 ], [ 26.825, 49.9083 ], [ 26.8333, 49.9083 ], [ 26.8333, 49.9167 ], [ 26.85, 49.925 ], [ 26.85, 49.95 ], [ 26.8333, 49.9583 ], [ 26.8333, 49.95 ], [ 26.7917, 49.95 ], [ 26.7917, 49.9583 ], [ 26.7833, 49.9583 ], [ 26.7833, 49.9833 ], [ 26.8, 49.9917 ], [ 26.8, 50.0 ], [ 26.8167, 50.0083 ], [ 26.8167, 50.0167 ], [ 26.8417, 50.0167 ], [ 26.8417, 50.025 ], [ 26.8667, 50.025 ], [ 26.8667, 50.0333 ], [ 26.9, 50.0333 ], [ 26.9, 50.025 ], [ 26.9833, 50.025 ], [ 26.9833, 50.0167 ], [ 27.0333, 50.0167 ], [ 27.0333, 50.0083 ], [ 27.1833, 50.0083 ], [ 27.1833, 50.0167 ], [ 27.2583, 50.0167 ], [ 27.2583, 50.025 ], [ 27.2917, 50.025 ], [ 27.2917, 50.0333 ], [ 27.3083, 50.0333 ], [ 27.3083, 50.0417 ], [ 27.3333, 50.0417 ], [ 27.3333, 50.05 ], [ 27.3667, 50.05 ] ] ], [ [ [ 24.0583, 49.8917 ], [ 24.0583, 49.8833 ], [ 24.0917, 49.8833 ], [ 24.0917, 49.875 ], [ 24.1083, 49.875 ], [ 24.1083, 49.8667 ], [ 24.125, 49.8667 ], [ 24.1333, 49.85 ], [ 24.15, 49.85 ], [ 24.15, 49.8417 ], [ 24.1667, 49.8417 ], [ 24.1667, 49.8333 ], [ 24.1917, 49.8333 ], [ 24.1917, 49.825 ], [ 24.2333, 49.825 ], [ 24.2333, 49.8167 ], [ 24.2833, 49.8167 ], [ 24.2833, 49.8083 ], [ 24.3333, 49.8083 ], [ 24.3333, 49.8167 ], [ 24.3583, 49.8167 ], [ 24.3583, 49.825 ], [ 24.3833, 49.825 ], [ 24.3833, 49.8333 ], [ 24.4083, 49.8333 ], [ 24.4083, 49.825 ], [ 24.4583, 49.825 ], [ 24.4583, 49.8167 ], [ 24.5083, 49.8167 ], [ 24.5083, 49.825 ], [ 24.525, 49.825 ], [ 24.525, 49.8333 ], [ 24.5417, 49.8333 ], [ 24.5417, 49.8417 ], [ 24.5583, 49.8417 ], [ 24.5583, 49.85 ], [ 24.575, 49.85 ], [ 24.5833, 49.8667 ], [ 24.6083, 49.8667 ], [ 24.6083, 49.875 ], [ 24.6167, 49.875 ], [ 24.6167, 49.8667 ], [ 24.6333, 49.8583 ], [ 24.6333, 49.85 ], [ 24.625, 49.85 ], [ 24.625, 49.8333 ], [ 24.6167, 49.8333 ], [ 24.6167, 49.825 ], [ 24.6083, 49.825 ], [ 24.6, 49.8083 ], [ 24.5917, 49.8083 ], [ 24.5917, 49.7667 ], [ 24.6, 49.7667 ], [ 24.6, 49.7417 ], [ 24.6333, 49.7417 ], [ 24.6333, 49.75 ], [ 24.675, 49.75 ], [ 24.675, 49.7583 ], [ 24.725, 49.7583 ], [ 24.725, 49.75 ], [ 24.7417, 49.75 ], [ 24.7417, 49.7417 ], [ 24.7583, 49.7417 ], [ 24.7583, 49.725 ], [ 24.75, 49.725 ], [ 24.75, 49.7167 ], [ 24.7333, 49.7167 ], [ 24.7333, 49.7083 ], [ 24.7167, 49.7083 ], [ 24.7167, 49.7 ], [ 24.7, 49.7 ], [ 24.7, 49.6917 ], [ 24.6583, 49.6917 ], [ 24.6583, 49.7 ], [ 24.5917, 49.7 ], [ 24.5917, 49.6917 ], [ 24.575, 49.6917 ], [ 24.575, 49.6833 ], [ 24.5583, 49.675 ], [ 24.5583, 49.6667 ], [ 24.55, 49.6667 ], [ 24.55, 49.6583 ], [ 24.5417, 49.6583 ], [ 24.5333, 49.6417 ], [ 24.525, 49.6417 ], [ 24.525, 49.625 ], [ 24.5167, 49.625 ], [ 24.5167, 49.6167 ], [ 24.5333, 49.6167 ], [ 24.5333, 49.6083 ], [ 24.55, 49.6083 ], [ 24.55, 49.6167 ], [ 24.575, 49.6167 ], [ 24.575, 49.625 ], [ 24.5917, 49.6167 ], [ 24.5917, 49.5333 ], [ 24.6, 49.5333 ], [ 24.6, 49.475 ], [ 24.6083, 49.475 ], [ 24.6083, 49.4083 ], [ 24.575, 49.4083 ], [ 24.575, 49.4 ], [ 24.4583, 49.4 ], [ 24.4583, 49.4083 ], [ 24.4333, 49.4083 ], [ 24.4333, 49.4167 ], [ 24.4167, 49.4167 ], [ 24.4167, 49.425 ], [ 24.4083, 49.425 ], [ 24.4083, 49.4417 ], [ 24.4167, 49.4417 ], [ 24.4167, 49.4667 ], [ 24.425, 49.4667 ], [ 24.425, 49.4917 ], [ 24.4333, 49.4917 ], [ 24.4333, 49.5083 ], [ 24.4417, 49.5083 ], [ 24.4417, 49.525 ], [ 24.4333, 49.525 ], [ 24.4333, 49.5333 ], [ 24.4167, 49.5333 ], [ 24.4167, 49.5417 ], [ 24.4, 49.5417 ], [ 24.4, 49.55 ], [ 24.3917, 49.55 ], [ 24.3833, 49.5667 ], [ 24.375, 49.5667 ], [ 24.375, 49.575 ], [ 24.35, 49.575 ], [ 24.3417, 49.5583 ], [ 24.3167, 49.5583 ], [ 24.3167, 49.5667 ], [ 24.3, 49.5667 ], [ 24.3, 49.575 ], [ 24.2333, 49.575 ], [ 24.2333, 49.5667 ], [ 24.1417, 49.5667 ], [ 24.1417, 49.5583 ], [ 24.1333, 49.5583 ], [ 24.1333, 49.525 ], [ 24.1167, 49.5167 ], [ 24.1167, 49.5 ], [ 24.1, 49.4917 ], [ 24.0917, 49.475 ], [ 24.075, 49.475 ], [ 24.075, 49.4833 ], [ 24.0583, 49.4833 ], [ 24.05, 49.5 ], [ 24.0333, 49.5 ], [ 24.0333, 49.5083 ], [ 24.0167, 49.5083 ], [ 24.0167, 49.5167 ], [ 24.0, 49.5167 ], [ 24.0, 49.5417 ], [ 24.0083, 49.5417 ], [ 24.0167, 49.5583 ], [ 24.025, 49.5583 ], [ 24.025, 49.575 ], [ 23.9917, 49.575 ], [ 23.9833, 49.5583 ], [ 23.9667, 49.5583 ], [ 23.9583, 49.5417 ], [ 23.95, 49.5417 ], [ 23.95, 49.5333 ], [ 23.925, 49.5333 ], [ 23.925, 49.525 ], [ 23.8667, 49.525 ], [ 23.8667, 49.5333 ], [ 23.825, 49.5333 ], [ 23.825, 49.5417 ], [ 23.8167, 49.5417 ], [ 23.8167, 49.55 ], [ 23.8, 49.5583 ], [ 23.8, 49.5667 ], [ 23.7833, 49.5667 ], [ 23.775, 49.5833 ], [ 23.7, 49.5833 ], [ 23.7, 49.5917 ], [ 23.675, 49.5917 ], [ 23.675, 49.6 ], [ 23.6583, 49.6 ], [ 23.6583, 49.6083 ], [ 23.6417, 49.6083 ], [ 23.6417, 49.6167 ], [ 23.625, 49.6167 ], [ 23.625, 49.625 ], [ 23.6, 49.625 ], [ 23.6, 49.6333 ], [ 23.5833, 49.6333 ], [ 23.5833, 49.6417 ], [ 23.5667, 49.6417 ], [ 23.5667, 49.65 ], [ 23.5417, 49.65 ], [ 23.5417, 49.6583 ], [ 23.5167, 49.6583 ], [ 23.5167, 49.6667 ], [ 23.5, 49.6667 ], [ 23.5, 49.675 ], [ 23.475, 49.675 ], [ 23.475, 49.6833 ], [ 23.4583, 49.6833 ], [ 23.4583, 49.6917 ], [ 23.45, 49.6917 ], [ 23.45, 49.7083 ], [ 23.4417, 49.7083 ], [ 23.4333, 49.725 ], [ 23.425, 49.725 ], [ 23.425, 49.7417 ], [ 23.4333, 49.7417 ], [ 23.4333, 49.75 ], [ 23.475, 49.75 ], [ 23.475, 49.7417 ], [ 23.5, 49.7417 ], [ 23.5083, 49.725 ], [ 23.525, 49.725 ], [ 23.525, 49.7083 ], [ 23.5417, 49.7 ], [ 23.5417, 49.6917 ], [ 23.5583, 49.6917 ], [ 23.5583, 49.6833 ], [ 23.575, 49.6833 ], [ 23.5833, 49.7 ], [ 23.5917, 49.7 ], [ 23.5917, 49.7167 ], [ 23.6, 49.7167 ], [ 23.6, 49.7333 ], [ 23.6083, 49.7333 ], [ 23.6083, 49.7417 ], [ 23.625, 49.75 ], [ 23.625, 49.7583 ], [ 23.6583, 49.7583 ], [ 23.6583, 49.75 ], [ 23.675, 49.75 ], [ 23.675, 49.7417 ], [ 23.6917, 49.7417 ], [ 23.7, 49.725 ], [ 23.7083, 49.725 ], [ 23.7167, 49.7083 ], [ 23.725, 49.7083 ], [ 23.725, 49.6917 ], [ 23.7333, 49.6917 ], [ 23.7333, 49.6833 ], [ 23.7417, 49.6833 ], [ 23.75, 49.6667 ], [ 23.7583, 49.6667 ], [ 23.7583, 49.6583 ], [ 23.8, 49.6583 ], [ 23.8, 49.6667 ], [ 23.8083, 49.6667 ], [ 23.8083, 49.7083 ], [ 23.7917, 49.7167 ], [ 23.7917, 49.7333 ], [ 23.7833, 49.7333 ], [ 23.7833, 49.75 ], [ 23.775, 49.75 ], [ 23.775, 49.775 ], [ 23.7667, 49.775 ], [ 23.7667, 49.7833 ], [ 23.775, 49.7833 ], [ 23.775, 49.8 ], [ 23.825, 49.8 ], [ 23.825, 49.7917 ], [ 23.8667, 49.7917 ], [ 23.8667, 49.7833 ], [ 23.8917, 49.7833 ], [ 23.8917, 49.7917 ], [ 23.9167, 49.7917 ], [ 23.9167, 49.8 ], [ 23.925, 49.8 ], [ 23.925, 49.8083 ], [ 23.9417, 49.8083 ], [ 23.9417, 49.8167 ], [ 23.9667, 49.8167 ], [ 23.975, 49.8 ], [ 24.05, 49.8 ], [ 24.0583, 49.7833 ], [ 24.075, 49.7833 ], [ 24.0833, 49.8 ], [ 24.075, 49.8 ], [ 24.075, 49.8083 ], [ 24.1083, 49.8083 ], [ 24.1083, 49.8417 ], [ 24.1, 49.8417 ], [ 24.1, 49.85 ], [ 24.0833, 49.85 ], [ 24.0833, 49.8583 ], [ 24.0667, 49.8583 ], [ 24.0667, 49.875 ], [ 24.05, 49.8667 ], [ 24.05, 49.875 ], [ 24.0417, 49.875 ], [ 24.0417, 49.8917 ], [ 24.0583, 49.8917 ] ], [ [ 24.1333, 49.8167 ], [ 24.1417, 49.8167 ], [ 24.1417, 49.825 ], [ 24.1333, 49.825 ], [ 24.1333, 49.8167 ] ] ], [ [ [ 34.5667, 50.075 ], [ 34.575, 50.0583 ], [ 34.5917, 50.0583 ], [ 34.5917, 50.05 ], [ 34.6083, 50.05 ], [ 34.6083, 50.0417 ], [ 34.6333, 50.0417 ], [ 34.6333, 50.0333 ], [ 34.675, 50.0333 ], [ 34.675, 50.025 ], [ 34.7, 50.025 ], [ 34.7, 49.9833 ], [ 34.6917, 49.9833 ], [ 34.6917, 49.9667 ], [ 34.6833, 49.9667 ], [ 34.6833, 49.95 ], [ 34.675, 49.95 ], [ 34.675, 49.8833 ], [ 34.6583, 49.8833 ], [ 34.6583, 49.875 ], [ 34.65, 49.875 ], [ 34.6417, 49.8583 ], [ 34.6333, 49.8583 ], [ 34.6333, 49.8417 ], [ 34.625, 49.8417 ], [ 34.625, 49.8333 ], [ 34.6083, 49.825 ], [ 34.6083, 49.8167 ], [ 34.5917, 49.8167 ], [ 34.5833, 49.8 ], [ 34.5667, 49.8 ], [ 34.5583, 49.7833 ], [ 34.55, 49.7833 ], [ 34.55, 49.7667 ], [ 34.5417, 49.7667 ], [ 34.5417, 49.7417 ], [ 34.55, 49.7417 ], [ 34.55, 49.6833 ], [ 34.5417, 49.6833 ], [ 34.5417, 49.6167 ], [ 34.525, 49.625 ], [ 34.525, 49.6167 ], [ 34.5083, 49.6083 ], [ 34.5083, 49.6 ], [ 34.475, 49.6 ], [ 34.4833, 49.5833 ], [ 34.4917, 49.5833 ], [ 34.4917, 49.5917 ], [ 34.5333, 49.5917 ], [ 34.5333, 49.5833 ], [ 34.525, 49.5833 ], [ 34.525, 49.5667 ], [ 34.5167, 49.5667 ], [ 34.5167, 49.5583 ], [ 34.5083, 49.5583 ], [ 34.5083, 49.5417 ], [ 34.5167, 49.5417 ], [ 34.5167, 49.525 ], [ 34.5083, 49.525 ], [ 34.5083, 49.5 ], [ 34.5, 49.5 ], [ 34.5, 49.4833 ], [ 34.4917, 49.4833 ], [ 34.4917, 49.4583 ], [ 34.4833, 49.4583 ], [ 34.4833, 49.4417 ], [ 34.475, 49.4417 ], [ 34.475, 49.4167 ], [ 34.4667, 49.4167 ], [ 34.4667, 49.4083 ], [ 34.45, 49.4083 ], [ 34.45, 49.4 ], [ 34.425, 49.4 ], [ 34.425, 49.3917 ], [ 34.4083, 49.3917 ], [ 34.4083, 49.3833 ], [ 34.3917, 49.3833 ], [ 34.3917, 49.375 ], [ 34.3667, 49.375 ], [ 34.3667, 49.3917 ], [ 34.3583, 49.3917 ], [ 34.3583, 49.4083 ], [ 34.3667, 49.4083 ], [ 34.3667, 49.425 ], [ 34.375, 49.425 ], [ 34.375, 49.475 ], [ 34.35, 49.475 ], [ 34.35, 49.4833 ], [ 34.3333, 49.4833 ], [ 34.325, 49.5 ], [ 34.3167, 49.5 ], [ 34.3167, 49.5167 ], [ 34.325, 49.5167 ], [ 34.3333, 49.5333 ], [ 34.3417, 49.5333 ], [ 34.3417, 49.5417 ], [ 34.3583, 49.55 ], [ 34.3583, 49.5583 ], [ 34.375, 49.5583 ], [ 34.375, 49.5667 ], [ 34.3917, 49.5667 ], [ 34.3917, 49.575 ], [ 34.4083, 49.575 ], [ 34.4167, 49.5917 ], [ 34.425, 49.5917 ], [ 34.425, 49.6 ], [ 34.4333, 49.6 ], [ 34.4417, 49.6167 ], [ 34.45, 49.6167 ], [ 34.45, 49.6333 ], [ 34.4417, 49.6333 ], [ 34.4417, 49.6417 ], [ 34.375, 49.6417 ], [ 34.375, 49.65 ], [ 34.3667, 49.65 ], [ 34.3667, 49.7 ], [ 34.375, 49.7 ], [ 34.375, 49.7167 ], [ 34.3833, 49.7167 ], [ 34.3833, 49.7333 ], [ 34.3917, 49.7333 ], [ 34.3917, 49.7417 ], [ 34.4083, 49.7417 ], [ 34.4083, 49.75 ], [ 34.425, 49.75 ], [ 34.425, 49.7583 ], [ 34.4417, 49.7583 ], [ 34.45, 49.775 ], [ 34.4667, 49.775 ], [ 34.475, 49.7917 ], [ 34.4833, 49.7917 ], [ 34.4833, 49.8 ], [ 34.5, 49.8 ], [ 34.5083, 49.8167 ], [ 34.5167, 49.8167 ], [ 34.5167, 49.825 ], [ 34.5333, 49.825 ], [ 34.5333, 49.8417 ], [ 34.5417, 49.8417 ], [ 34.5333, 49.8583 ], [ 34.5083, 49.8583 ], [ 34.5083, 49.875 ], [ 34.5167, 49.875 ], [ 34.5167, 49.9 ], [ 34.525, 49.9 ], [ 34.525, 49.9167 ], [ 34.5333, 49.9167 ], [ 34.5333, 49.9333 ], [ 34.55, 49.9417 ], [ 34.55, 49.9583 ], [ 34.5583, 49.9583 ], [ 34.5583, 50.0 ], [ 34.55, 50.0 ], [ 34.55, 50.0167 ], [ 34.5333, 50.025 ], [ 34.5333, 50.0417 ], [ 34.525, 50.0417 ], [ 34.525, 50.0583 ], [ 34.5333, 50.0583 ], [ 34.5417, 50.075 ], [ 34.5667, 50.075 ] ], [ [ 34.4583, 49.575 ], [ 34.4667, 49.575 ], [ 34.4667, 49.5833 ], [ 34.4583, 49.5833 ], [ 34.4583, 49.575 ] ] ], [ [ [ 25.9417, 49.675 ], [ 25.9417, 49.6583 ], [ 25.9333, 49.6583 ], [ 25.9333, 49.65 ], [ 25.9167, 49.65 ], [ 25.9083, 49.6333 ], [ 25.875, 49.6333 ], [ 25.875, 49.625 ], [ 25.8417, 49.625 ], [ 25.8417, 49.6167 ], [ 25.7833, 49.6167 ], [ 25.775, 49.6 ], [ 25.7667, 49.6 ], [ 25.7667, 49.5833 ], [ 25.7583, 49.5833 ], [ 25.7583, 49.55 ], [ 25.75, 49.55 ], [ 25.75, 49.525 ], [ 25.7417, 49.525 ], [ 25.7417, 49.5083 ], [ 25.7333, 49.5083 ], [ 25.7333, 49.4917 ], [ 25.725, 49.4917 ], [ 25.725, 49.4667 ], [ 25.7167, 49.4667 ], [ 25.7167, 49.4167 ], [ 25.725, 49.4167 ], [ 25.7333, 49.4 ], [ 25.7167, 49.3917 ], [ 25.7167, 49.375 ], [ 25.7, 49.375 ], [ 25.7, 49.3667 ], [ 25.6833, 49.3667 ], [ 25.6833, 49.375 ], [ 25.675, 49.375 ], [ 25.675, 49.4 ], [ 25.6667, 49.4 ], [ 25.6667, 49.5333 ], [ 25.6583, 49.5333 ], [ 25.6583, 49.55 ], [ 25.65, 49.55 ], [ 25.65, 49.5667 ], [ 25.6417, 49.5667 ], [ 25.6417, 49.575 ], [ 25.625, 49.575 ], [ 25.625, 49.5833 ], [ 25.6083, 49.5917 ], [ 25.6083, 49.6083 ], [ 25.6, 49.6083 ], [ 25.6, 49.625 ], [ 25.5917, 49.625 ], [ 25.5917, 49.6417 ], [ 25.6083, 49.65 ], [ 25.6083, 49.6583 ], [ 25.625, 49.6583 ], [ 25.625, 49.6667 ], [ 25.6333, 49.6667 ], [ 25.6333, 49.6583 ], [ 25.6583, 49.6583 ], [ 25.6583, 49.65 ], [ 25.7167, 49.65 ], [ 25.725, 49.6667 ], [ 25.7333, 49.6667 ], [ 25.7333, 49.6583 ], [ 25.825, 49.6583 ], [ 25.825, 49.6667 ], [ 25.8583, 49.6667 ], [ 25.8583, 49.675 ], [ 25.9417, 49.675 ] ] ], [ [ [ 28.7583, 50.2917 ], [ 28.7583, 50.2833 ], [ 28.775, 50.2833 ], [ 28.775, 50.275 ], [ 28.7917, 50.275 ], [ 28.7917, 50.2667 ], [ 28.8083, 50.2667 ], [ 28.8083, 50.2583 ], [ 28.825, 50.2583 ], [ 28.8333, 50.2417 ], [ 28.8417, 50.2417 ], [ 28.85, 50.225 ], [ 28.8583, 50.225 ], [ 28.8583, 50.2167 ], [ 28.8833, 50.2167 ], [ 28.8833, 50.2083 ], [ 28.9083, 50.2083 ], [ 28.9083, 50.2 ], [ 28.925, 50.2 ], [ 28.925, 50.1917 ], [ 28.9417, 50.1917 ], [ 28.9417, 50.1833 ], [ 28.9583, 50.1833 ], [ 28.9583, 50.175 ], [ 28.975, 50.175 ], [ 28.975, 50.1667 ], [ 28.9917, 50.1667 ], [ 28.9917, 50.1583 ], [ 29.0167, 50.1583 ], [ 29.0167, 50.15 ], [ 29.075, 50.15 ], [ 29.075, 50.1417 ], [ 29.125, 50.1417 ], [ 29.125, 50.1333 ], [ 29.1833, 50.1333 ], [ 29.1833, 50.125 ], [ 29.2583, 50.125 ], [ 29.2583, 50.1167 ], [ 29.325, 50.1167 ], [ 29.325, 50.1083 ], [ 29.3167, 50.1083 ], [ 29.3083, 50.0917 ], [ 29.3, 50.0917 ], [ 29.3, 50.0833 ], [ 29.2583, 50.0833 ], [ 29.2583, 50.075 ], [ 29.1833, 50.075 ], [ 29.1833, 50.0833 ], [ 29.175, 50.0833 ], [ 29.175, 50.075 ], [ 29.1083, 50.075 ], [ 29.1083, 50.0667 ], [ 29.1, 50.0667 ], [ 29.1, 50.05 ], [ 29.15, 50.05 ], [ 29.15, 50.0417 ], [ 29.2, 50.0417 ], [ 29.2, 50.0333 ], [ 29.2167, 50.0333 ], [ 29.2167, 50.025 ], [ 29.2417, 50.025 ], [ 29.2417, 50.0167 ], [ 29.2917, 50.0167 ], [ 29.2917, 50.0083 ], [ 29.3417, 50.0083 ], [ 29.3417, 50.0 ], [ 29.4167, 50.0 ], [ 29.4167, 49.9917 ], [ 29.4417, 49.9917 ], [ 29.4417, 49.9833 ], [ 29.475, 49.9833 ], [ 29.475, 49.975 ], [ 29.4917, 49.975 ], [ 29.4917, 49.9667 ], [ 29.525, 49.9667 ], [ 29.525, 49.9583 ], [ 29.5917, 49.9583 ], [ 29.5917, 49.9667 ], [ 29.6333, 49.9667 ], [ 29.6333, 49.9583 ], [ 29.6417, 49.9583 ], [ 29.6417, 49.9417 ], [ 29.625, 49.9333 ], [ 29.625, 49.925 ], [ 29.6083, 49.925 ], [ 29.6083, 49.9167 ], [ 29.5583, 49.9167 ], [ 29.5583, 49.9083 ], [ 29.4917, 49.9083 ], [ 29.4917, 49.9167 ], [ 29.425, 49.9167 ], [ 29.425, 49.925 ], [ 29.3917, 49.925 ], [ 29.3917, 49.9333 ], [ 29.325, 49.9333 ], [ 29.325, 49.925 ], [ 29.3, 49.925 ], [ 29.3, 49.9167 ], [ 29.2833, 49.9167 ], [ 29.275, 49.9 ], [ 29.2583, 49.9 ], [ 29.2583, 49.8833 ], [ 29.25, 49.8833 ], [ 29.25, 49.8583 ], [ 29.2417, 49.8583 ], [ 29.2417, 49.85 ], [ 29.225, 49.8417 ], [ 29.225, 49.8333 ], [ 29.2083, 49.8333 ], [ 29.2083, 49.825 ], [ 29.2, 49.825 ], [ 29.2, 49.7917 ], [ 29.2083, 49.7917 ], [ 29.2083, 49.7833 ], [ 29.225, 49.7833 ], [ 29.225, 49.775 ], [ 29.2417, 49.775 ], [ 29.2417, 49.7667 ], [ 29.2583, 49.7583 ], [ 29.2583, 49.75 ], [ 29.25, 49.75 ], [ 29.25, 49.7417 ], [ 29.2333, 49.7417 ], [ 29.225, 49.725 ], [ 29.2167, 49.725 ], [ 29.2167, 49.7167 ], [ 29.2, 49.7167 ], [ 29.2, 49.7083 ], [ 29.1833, 49.7083 ], [ 29.1833, 49.7 ], [ 29.1667, 49.7 ], [ 29.1583, 49.6833 ], [ 29.15, 49.6833 ], [ 29.15, 49.6667 ], [ 29.2, 49.6667 ], [ 29.2, 49.675 ], [ 29.2833, 49.675 ], [ 29.2833, 49.6333 ], [ 29.2667, 49.6333 ], [ 29.2667, 49.625 ], [ 29.225, 49.625 ], [ 29.225, 49.6167 ], [ 29.2167, 49.6167 ], [ 29.2083, 49.6 ], [ 29.2, 49.6 ], [ 29.2, 49.5667 ], [ 29.2167, 49.5583 ], [ 29.2167, 49.55 ], [ 29.2417, 49.55 ], [ 29.2417, 49.5417 ], [ 29.3083, 49.5417 ], [ 29.3083, 49.5333 ], [ 29.4667, 49.5333 ], [ 29.4667, 49.525 ], [ 29.5, 49.525 ], [ 29.5, 49.5167 ], [ 29.5167, 49.5167 ], [ 29.5167, 49.5083 ], [ 29.5333, 49.5083 ], [ 29.5333, 49.5 ], [ 29.55, 49.5 ], [ 29.55, 49.4917 ], [ 29.5583, 49.4917 ], [ 29.5583, 49.475 ], [ 29.55, 49.475 ], [ 29.55, 49.45 ], [ 29.5917, 49.45 ], [ 29.5917, 49.4583 ], [ 29.6917, 49.4583 ], [ 29.6917, 49.45 ], [ 29.75, 49.45 ], [ 29.75, 49.4417 ], [ 29.8667, 49.4417 ], [ 29.8667, 49.425 ], [ 29.8833, 49.4167 ], [ 29.8833, 49.4 ], [ 29.9, 49.4 ], [ 29.9083, 49.3833 ], [ 29.925, 49.3833 ], [ 29.925, 49.3667 ], [ 29.875, 49.3667 ], [ 29.875, 49.3583 ], [ 29.8583, 49.3583 ], [ 29.8583, 49.3667 ], [ 29.825, 49.3667 ], [ 29.825, 49.3583 ], [ 29.8083, 49.3583 ], [ 29.8083, 49.3667 ], [ 29.75, 49.3667 ], [ 29.75, 49.375 ], [ 29.7333, 49.375 ], [ 29.7333, 49.3833 ], [ 29.7167, 49.3833 ], [ 29.7083, 49.4 ], [ 29.5917, 49.4 ], [ 29.5917, 49.4083 ], [ 29.575, 49.4083 ], [ 29.575, 49.4167 ], [ 29.5583, 49.4167 ], [ 29.5583, 49.425 ], [ 29.5417, 49.425 ], [ 29.5417, 49.4333 ], [ 29.5083, 49.4333 ], [ 29.5083, 49.4417 ], [ 29.4917, 49.45 ], [ 29.4917, 49.4583 ], [ 29.4667, 49.4583 ], [ 29.4667, 49.4667 ], [ 29.4417, 49.4667 ], [ 29.4417, 49.475 ], [ 29.4083, 49.475 ], [ 29.4083, 49.4833 ], [ 29.3333, 49.4833 ], [ 29.3333, 49.475 ], [ 29.3083, 49.475 ], [ 29.3083, 49.4667 ], [ 29.3, 49.4667 ], [ 29.3, 49.425 ], [ 29.2833, 49.4167 ], [ 29.275, 49.4 ], [ 29.2583, 49.4 ], [ 29.2583, 49.3917 ], [ 29.1917, 49.3917 ], [ 29.1917, 49.4 ], [ 29.175, 49.4 ], [ 29.1667, 49.4167 ], [ 29.1583, 49.4167 ], [ 29.1583, 49.4333 ], [ 29.15, 49.4333 ], [ 29.15, 49.45 ], [ 29.1333, 49.45 ], [ 29.1333, 49.4583 ], [ 29.075, 49.4583 ], [ 29.0583, 49.4917 ], [ 29.0333, 49.4917 ], [ 29.0333, 49.4833 ], [ 29.0167, 49.4833 ], [ 29.0083, 49.4667 ], [ 28.975, 49.4667 ], [ 28.975, 49.475 ], [ 28.9583, 49.4833 ], [ 28.9583, 49.5083 ], [ 28.975, 49.5167 ], [ 28.975, 49.5333 ], [ 28.9833, 49.5333 ], [ 28.9833, 49.5667 ], [ 28.9667, 49.575 ], [ 28.9667, 49.5833 ], [ 28.95, 49.5917 ], [ 28.95, 49.6 ], [ 28.9333, 49.6083 ], [ 28.9333, 49.6167 ], [ 28.9167, 49.6167 ], [ 28.9167, 49.625 ], [ 28.9083, 49.625 ], [ 28.9, 49.6417 ], [ 28.8917, 49.6417 ], [ 28.8917, 49.65 ], [ 28.8833, 49.65 ], [ 28.8833, 49.6667 ], [ 28.8917, 49.6667 ], [ 28.9, 49.6833 ], [ 28.9083, 49.6833 ], [ 28.9083, 49.7 ], [ 28.9167, 49.7 ], [ 28.9167, 49.7417 ], [ 28.9333, 49.7417 ], [ 28.9333, 49.75 ], [ 28.9417, 49.75 ], [ 28.9417, 49.7667 ], [ 28.95, 49.7667 ], [ 28.95, 49.7917 ], [ 28.9333, 49.7917 ], [ 28.9333, 49.8 ], [ 28.8667, 49.8 ], [ 28.8667, 49.8083 ], [ 28.8333, 49.8083 ], [ 28.825, 49.825 ], [ 28.8167, 49.825 ], [ 28.8167, 49.85 ], [ 28.8, 49.8583 ], [ 28.8, 49.8667 ], [ 28.7833, 49.8667 ], [ 28.7833, 49.875 ], [ 28.7167, 49.875 ], [ 28.7167, 49.8667 ], [ 28.6917, 49.8667 ], [ 28.6833, 49.85 ], [ 28.6667, 49.85 ], [ 28.6583, 49.8333 ], [ 28.6167, 49.8333 ], [ 28.6167, 49.8417 ], [ 28.6083, 49.8417 ], [ 28.6083, 49.8917 ], [ 28.6, 49.8917 ], [ 28.6, 49.9 ], [ 28.6167, 49.9083 ], [ 28.6167, 49.9167 ], [ 28.6333, 49.9167 ], [ 28.6333, 49.925 ], [ 28.6417, 49.925 ], [ 28.6417, 49.9333 ], [ 28.6583, 49.9333 ], [ 28.6583, 49.9417 ], [ 28.6917, 49.9417 ], [ 28.6917, 49.9333 ], [ 28.7333, 49.9333 ], [ 28.7333, 49.95 ], [ 28.7167, 49.9583 ], [ 28.7167, 49.9667 ], [ 28.7, 49.9667 ], [ 28.7, 49.975 ], [ 28.6833, 49.975 ], [ 28.675, 49.9917 ], [ 28.6667, 49.9917 ], [ 28.6667, 50.0 ], [ 28.65, 50.0 ], [ 28.6417, 50.0167 ], [ 28.6083, 50.0167 ], [ 28.6083, 50.0083 ], [ 28.5833, 50.0083 ], [ 28.5833, 50.0 ], [ 28.55, 50.0 ], [ 28.55, 50.0167 ], [ 28.5583, 50.0167 ], [ 28.5667, 50.0333 ], [ 28.575, 50.0333 ], [ 28.575, 50.0417 ], [ 28.5917, 50.05 ], [ 28.5917, 50.0583 ], [ 28.6, 50.0583 ], [ 28.6083, 50.075 ], [ 28.6167, 50.075 ], [ 28.6167, 50.0833 ], [ 28.6583, 50.0833 ], [ 28.6583, 50.075 ], [ 28.6917, 50.075 ], [ 28.6917, 50.0667 ], [ 28.7083, 50.0667 ], [ 28.7083, 50.0583 ], [ 28.725, 50.0583 ], [ 28.7333, 50.0417 ], [ 28.7417, 50.0417 ], [ 28.7417, 50.0333 ], [ 28.7583, 50.0333 ], [ 28.7583, 50.025 ], [ 28.8083, 50.025 ], [ 28.8083, 50.0333 ], [ 28.8333, 50.0333 ], [ 28.8333, 50.0417 ], [ 28.9167, 50.0417 ], [ 28.9167, 50.0333 ], [ 28.95, 50.0333 ], [ 28.95, 50.025 ], [ 28.9667, 50.025 ], [ 28.9667, 50.0167 ], [ 28.9833, 50.0083 ], [ 28.9833, 50.0 ], [ 29.0, 50.0 ], [ 29.0, 49.9917 ], [ 29.025, 49.9917 ], [ 29.025, 49.9833 ], [ 29.0583, 49.9833 ], [ 29.0583, 49.9917 ], [ 29.075, 49.9917 ], [ 29.075, 50.0167 ], [ 29.0667, 50.0167 ], [ 29.0667, 50.025 ], [ 29.05, 50.025 ], [ 29.05, 50.0333 ], [ 29.0333, 50.0333 ], [ 29.0333, 50.0417 ], [ 29.0167, 50.0417 ], [ 29.0167, 50.075 ], [ 29.0083, 50.075 ], [ 29.0, 50.0917 ], [ 28.9833, 50.0917 ], [ 28.9833, 50.1 ], [ 28.9583, 50.1 ], [ 28.9583, 50.1083 ], [ 28.925, 50.1083 ], [ 28.925, 50.1167 ], [ 28.9, 50.1167 ], [ 28.8917, 50.1333 ], [ 28.875, 50.1333 ], [ 28.875, 50.1417 ], [ 28.8583, 50.1417 ], [ 28.8583, 50.15 ], [ 28.8417, 50.15 ], [ 28.8417, 50.1583 ], [ 28.7833, 50.1583 ], [ 28.7833, 50.15 ], [ 28.7583, 50.15 ], [ 28.7583, 50.1583 ], [ 28.6667, 50.1583 ], [ 28.6667, 50.15 ], [ 28.6417, 50.15 ], [ 28.6417, 50.1583 ], [ 28.5917, 50.1583 ], [ 28.5917, 50.1667 ], [ 28.5667, 50.1667 ], [ 28.5667, 50.175 ], [ 28.55, 50.175 ], [ 28.55, 50.1833 ], [ 28.5583, 50.1833 ], [ 28.5667, 50.2 ], [ 28.575, 50.2 ], [ 28.575, 50.2083 ], [ 28.5917, 50.2083 ], [ 28.5917, 50.2167 ], [ 28.6083, 50.2167 ], [ 28.6083, 50.225 ], [ 28.625, 50.225 ], [ 28.625, 50.2333 ], [ 28.6417, 50.2333 ], [ 28.6417, 50.2417 ], [ 28.6583, 50.2417 ], [ 28.6583, 50.25 ], [ 28.6833, 50.25 ], [ 28.6833, 50.2583 ], [ 28.725, 50.2583 ], [ 28.7167, 50.275 ], [ 28.7083, 50.275 ], [ 28.7083, 50.2917 ], [ 28.7583, 50.2917 ] ], [ [ 28.7167, 50.2417 ], [ 28.725, 50.2417 ], [ 28.725, 50.25 ], [ 28.7167, 50.25 ], [ 28.7167, 50.2417 ] ], [ [ 28.7333, 50.2333 ], [ 28.7417, 50.2333 ], [ 28.7417, 50.25 ], [ 28.7333, 50.25 ], [ 28.7333, 50.2333 ] ], [ [ 28.7083, 50.225 ], [ 28.7167, 50.225 ], [ 28.7167, 50.2333 ], [ 28.7083, 50.2333 ], [ 28.7083, 50.225 ] ] ], [ [ [ 36.45, 49.5333 ], [ 36.45, 49.525 ], [ 36.4917, 49.525 ], [ 36.4917, 49.5167 ], [ 36.5167, 49.5167 ], [ 36.5167, 49.5083 ], [ 36.5417, 49.5083 ], [ 36.5417, 49.5 ], [ 36.5583, 49.5 ], [ 36.5583, 49.4917 ], [ 36.575, 49.4917 ], [ 36.575, 49.4833 ], [ 36.6, 49.4833 ], [ 36.6, 49.475 ], [ 36.65, 49.475 ], [ 36.65, 49.4667 ], [ 36.7083, 49.4667 ], [ 36.7083, 49.4583 ], [ 36.75, 49.4583 ], [ 36.75, 49.45 ], [ 36.775, 49.45 ], [ 36.775, 49.4417 ], [ 36.7917, 49.4417 ], [ 36.7917, 49.4333 ], [ 36.8, 49.4333 ], [ 36.8, 49.4083 ], [ 36.8167, 49.4083 ], [ 36.8167, 49.4 ], [ 36.85, 49.4 ], [ 36.85, 49.4083 ], [ 36.9, 49.4083 ], [ 36.9, 49.4 ], [ 36.9333, 49.4 ], [ 36.9417, 49.3833 ], [ 36.8667, 49.3833 ], [ 36.8667, 49.375 ], [ 36.7417, 49.375 ], [ 36.7417, 49.3667 ], [ 36.7083, 49.3667 ], [ 36.7083, 49.3583 ], [ 36.6583, 49.3583 ], [ 36.6583, 49.3833 ], [ 36.675, 49.3833 ], [ 36.675, 49.3917 ], [ 36.6917, 49.3917 ], [ 36.7, 49.4083 ], [ 36.7083, 49.4083 ], [ 36.7, 49.425 ], [ 36.6333, 49.425 ], [ 36.6333, 49.4167 ], [ 36.6, 49.4167 ], [ 36.6, 49.425 ], [ 36.5583, 49.425 ], [ 36.5583, 49.4333 ], [ 36.5417, 49.4333 ], [ 36.5417, 49.4417 ], [ 36.525, 49.4417 ], [ 36.525, 49.45 ], [ 36.4667, 49.45 ], [ 36.4583, 49.4333 ], [ 36.4417, 49.4333 ], [ 36.4417, 49.425 ], [ 36.4167, 49.425 ], [ 36.4167, 49.4167 ], [ 36.4083, 49.4167 ], [ 36.4083, 49.425 ], [ 36.3, 49.425 ], [ 36.3, 49.4167 ], [ 36.2833, 49.4083 ], [ 36.2833, 49.4 ], [ 36.275, 49.4 ], [ 36.275, 49.3833 ], [ 36.2667, 49.3833 ], [ 36.2667, 49.375 ], [ 36.25, 49.3667 ], [ 36.25, 49.3583 ], [ 36.225, 49.3583 ], [ 36.2167, 49.375 ], [ 36.2083, 49.375 ], [ 36.2083, 49.4 ], [ 36.2, 49.4 ], [ 36.2, 49.4167 ], [ 36.1833, 49.4167 ], [ 36.1833, 49.425 ], [ 36.1667, 49.425 ], [ 36.1583, 49.4417 ], [ 36.15, 49.4417 ], [ 36.15, 49.45 ], [ 36.1583, 49.45 ], [ 36.1583, 49.4667 ], [ 36.1667, 49.4667 ], [ 36.1667, 49.4833 ], [ 36.1583, 49.4833 ], [ 36.1583, 49.4917 ], [ 36.175, 49.5 ], [ 36.175, 49.5083 ], [ 36.2, 49.5083 ], [ 36.2, 49.5 ], [ 36.2417, 49.5 ], [ 36.2417, 49.4917 ], [ 36.2833, 49.4917 ], [ 36.2833, 49.4833 ], [ 36.3667, 49.4833 ], [ 36.3667, 49.4917 ], [ 36.3833, 49.4917 ], [ 36.3833, 49.5 ], [ 36.4, 49.5083 ], [ 36.4, 49.5167 ], [ 36.4167, 49.5167 ], [ 36.425, 49.5333 ], [ 36.45, 49.5333 ] ] ], [ [ [ 28.4917, 49.5333 ], [ 28.4917, 49.525 ], [ 28.5167, 49.525 ], [ 28.5167, 49.5167 ], [ 28.5333, 49.5167 ], [ 28.5333, 49.5083 ], [ 28.55, 49.5083 ], [ 28.55, 49.5 ], [ 28.6, 49.5 ], [ 28.6, 49.5083 ], [ 28.6167, 49.5167 ], [ 28.6167, 49.525 ], [ 28.6667, 49.525 ], [ 28.675, 49.5083 ], [ 28.6917, 49.5 ], [ 28.6917, 49.4917 ], [ 28.7083, 49.4917 ], [ 28.7083, 49.4833 ], [ 28.75, 49.4833 ], [ 28.75, 49.475 ], [ 28.8, 49.475 ], [ 28.8, 49.4667 ], [ 28.825, 49.4667 ], [ 28.825, 49.4583 ], [ 28.8417, 49.4583 ], [ 28.85, 49.4417 ], [ 28.8417, 49.4417 ], [ 28.8417, 49.4333 ], [ 28.825, 49.4333 ], [ 28.825, 49.425 ], [ 28.8, 49.425 ], [ 28.8, 49.4167 ], [ 28.75, 49.4167 ], [ 28.75, 49.425 ], [ 28.725, 49.425 ], [ 28.725, 49.4333 ], [ 28.7083, 49.4333 ], [ 28.7083, 49.4417 ], [ 28.6833, 49.4417 ], [ 28.6833, 49.45 ], [ 28.6583, 49.45 ], [ 28.6583, 49.4583 ], [ 28.6333, 49.4583 ], [ 28.6333, 49.45 ], [ 28.6167, 49.45 ], [ 28.6167, 49.425 ], [ 28.6333, 49.4167 ], [ 28.6333, 49.4083 ], [ 28.65, 49.4083 ], [ 28.65, 49.4 ], [ 28.6667, 49.4 ], [ 28.6667, 49.3917 ], [ 28.7, 49.3917 ], [ 28.7, 49.3833 ], [ 28.7333, 49.3833 ], [ 28.7333, 49.375 ], [ 28.7917, 49.375 ], [ 28.7917, 49.3667 ], [ 28.825, 49.3667 ], [ 28.8333, 49.35 ], [ 28.8417, 49.35 ], [ 28.8417, 49.3333 ], [ 28.8333, 49.3333 ], [ 28.8333, 49.325 ], [ 28.6667, 49.325 ], [ 28.6667, 49.3167 ], [ 28.65, 49.3167 ], [ 28.65, 49.325 ], [ 28.625, 49.325 ], [ 28.6167, 49.3417 ], [ 28.6083, 49.3417 ], [ 28.6083, 49.3583 ], [ 28.6, 49.3583 ], [ 28.6, 49.3833 ], [ 28.5833, 49.3917 ], [ 28.5833, 49.4 ], [ 28.5667, 49.4 ], [ 28.5583, 49.4167 ], [ 28.5417, 49.4167 ], [ 28.5417, 49.425 ], [ 28.5167, 49.425 ], [ 28.5167, 49.4333 ], [ 28.5, 49.4333 ], [ 28.5, 49.4417 ], [ 28.475, 49.4417 ], [ 28.475, 49.45 ], [ 28.4583, 49.45 ], [ 28.4583, 49.4583 ], [ 28.4333, 49.4583 ], [ 28.4333, 49.4667 ], [ 28.4167, 49.4667 ], [ 28.4167, 49.475 ], [ 28.4, 49.475 ], [ 28.4, 49.5 ], [ 28.4083, 49.5 ], [ 28.4083, 49.5083 ], [ 28.4333, 49.5083 ], [ 28.4333, 49.5167 ], [ 28.4583, 49.5167 ], [ 28.4583, 49.525 ], [ 28.475, 49.525 ], [ 28.475, 49.5333 ], [ 28.4917, 49.5333 ] ], [ [ 28.5167, 49.45 ], [ 28.525, 49.45 ], [ 28.525, 49.4583 ], [ 28.5167, 49.4583 ], [ 28.5167, 49.45 ] ] ], [ [ [ 37.5083, 49.85 ], [ 37.5083, 49.8417 ], [ 37.525, 49.8417 ], [ 37.525, 49.8333 ], [ 37.5333, 49.8333 ], [ 37.5333, 49.8167 ], [ 37.55, 49.8083 ], [ 37.5583, 49.7917 ], [ 37.5667, 49.7917 ], [ 37.5667, 49.775 ], [ 37.5833, 49.7667 ], [ 37.5833, 49.75 ], [ 37.5917, 49.75 ], [ 37.5917, 49.7417 ], [ 37.6083, 49.7333 ], [ 37.6083, 49.725 ], [ 37.6167, 49.725 ], [ 37.6167, 49.7083 ], [ 37.625, 49.7083 ], [ 37.625, 49.7 ], [ 37.65, 49.7 ], [ 37.65, 49.6917 ], [ 37.675, 49.6917 ], [ 37.675, 49.675 ], [ 37.6667, 49.675 ], [ 37.6667, 49.6583 ], [ 37.675, 49.6583 ], [ 37.675, 49.65 ], [ 37.6667, 49.65 ], [ 37.6667, 49.6167 ], [ 37.6833, 49.6083 ], [ 37.6833, 49.5917 ], [ 37.675, 49.5917 ], [ 37.675, 49.575 ], [ 37.6917, 49.5667 ], [ 37.6917, 49.55 ], [ 37.7, 49.55 ], [ 37.7, 49.5333 ], [ 37.7083, 49.5333 ], [ 37.7083, 49.475 ], [ 37.7, 49.475 ], [ 37.7, 49.4583 ], [ 37.6917, 49.4583 ], [ 37.6917, 49.4417 ], [ 37.6833, 49.4417 ], [ 37.675, 49.425 ], [ 37.6583, 49.4167 ], [ 37.6583, 49.4083 ], [ 37.6417, 49.4083 ], [ 37.6333, 49.3917 ], [ 37.6167, 49.3917 ], [ 37.6083, 49.375 ], [ 37.6, 49.375 ], [ 37.6, 49.3583 ], [ 37.5917, 49.3583 ], [ 37.5917, 49.3333 ], [ 37.6, 49.3333 ], [ 37.6, 49.3 ], [ 37.5417, 49.3 ], [ 37.5417, 49.3083 ], [ 37.525, 49.3083 ], [ 37.525, 49.3167 ], [ 37.5083, 49.3167 ], [ 37.5083, 49.325 ], [ 37.5, 49.325 ], [ 37.4917, 49.3417 ], [ 37.4833, 49.3417 ], [ 37.4833, 49.3833 ], [ 37.4917, 49.3833 ], [ 37.4917, 49.4083 ], [ 37.5, 49.4083 ], [ 37.5, 49.4417 ], [ 37.4833, 49.4417 ], [ 37.475, 49.4583 ], [ 37.4167, 49.4583 ], [ 37.4167, 49.45 ], [ 37.3917, 49.45 ], [ 37.3917, 49.4417 ], [ 37.3667, 49.4417 ], [ 37.3667, 49.4667 ], [ 37.3833, 49.475 ], [ 37.3833, 49.4833 ], [ 37.4, 49.4833 ], [ 37.4083, 49.5 ], [ 37.4167, 49.5 ], [ 37.4167, 49.5583 ], [ 37.425, 49.5583 ], [ 37.425, 49.575 ], [ 37.4333, 49.575 ], [ 37.4333, 49.5833 ], [ 37.4417, 49.5833 ], [ 37.4417, 49.6 ], [ 37.45, 49.6 ], [ 37.45, 49.6167 ], [ 37.4583, 49.6167 ], [ 37.4583, 49.6333 ], [ 37.475, 49.6417 ], [ 37.475, 49.6583 ], [ 37.4583, 49.6667 ], [ 37.4583, 49.7 ], [ 37.45, 49.7 ], [ 37.45, 49.7083 ], [ 37.4417, 49.7083 ], [ 37.4417, 49.7167 ], [ 37.425, 49.725 ], [ 37.425, 49.7333 ], [ 37.4167, 49.7333 ], [ 37.4167, 49.7417 ], [ 37.4083, 49.7417 ], [ 37.4, 49.7583 ], [ 37.3917, 49.7583 ], [ 37.3917, 49.775 ], [ 37.4083, 49.7833 ], [ 37.4167, 49.8 ], [ 37.425, 49.8 ], [ 37.425, 49.825 ], [ 37.4417, 49.8333 ], [ 37.4417, 49.8417 ], [ 37.4583, 49.8417 ], [ 37.4583, 49.85 ], [ 37.5083, 49.85 ] ], [ [ 37.6417, 49.65 ], [ 37.65, 49.65 ], [ 37.65, 49.675 ], [ 37.6417, 49.675 ], [ 37.6417, 49.65 ] ] ], [ [ [ 32.0333, 49.45 ], [ 32.0333, 49.4417 ], [ 32.0583, 49.4417 ], [ 32.0583, 49.425 ], [ 32.0417, 49.4333 ], [ 32.0417, 49.4167 ], [ 32.025, 49.4167 ], [ 32.0167, 49.4 ], [ 32.0417, 49.4 ], [ 32.0417, 49.3583 ], [ 32.0583, 49.35 ], [ 32.0583, 49.3333 ], [ 32.0667, 49.3333 ], [ 32.0667, 49.325 ], [ 32.0, 49.325 ], [ 32.0, 49.3167 ], [ 31.95, 49.3167 ], [ 31.95, 49.3083 ], [ 31.9167, 49.3083 ], [ 31.9167, 49.3 ], [ 31.8667, 49.3 ], [ 31.8667, 49.2917 ], [ 31.8333, 49.2917 ], [ 31.8333, 49.3 ], [ 31.8, 49.3 ], [ 31.8, 49.3083 ], [ 31.7833, 49.3167 ], [ 31.7833, 49.325 ], [ 31.775, 49.325 ], [ 31.775, 49.3417 ], [ 31.7667, 49.3417 ], [ 31.7667, 49.4 ], [ 31.7833, 49.4083 ], [ 31.7917, 49.425 ], [ 31.8083, 49.425 ], [ 31.8083, 49.4333 ], [ 31.825, 49.4333 ], [ 31.825, 49.4417 ], [ 32.0, 49.4417 ], [ 32.0, 49.45 ], [ 32.0167, 49.45 ], [ 32.0167, 49.4583 ], [ 32.0333, 49.45 ] ], [ [ 32.0083, 49.4333 ], [ 32.025, 49.4333 ], [ 32.025, 49.4417 ], [ 32.0083, 49.4417 ], [ 32.0083, 49.4333 ] ] ], [ [ [ 24.6333, 49.3667 ], [ 24.6333, 49.275 ], [ 24.6417, 49.275 ], [ 24.6417, 49.2583 ], [ 24.65, 49.2583 ], [ 24.65, 49.2417 ], [ 24.6667, 49.2333 ], [ 24.6667, 49.2083 ], [ 24.6417, 49.2083 ], [ 24.6417, 49.2167 ], [ 24.6167, 49.2167 ], [ 24.6167, 49.225 ], [ 24.5917, 49.225 ], [ 24.5917, 49.2333 ], [ 24.5583, 49.2333 ], [ 24.5583, 49.2417 ], [ 24.4333, 49.2417 ], [ 24.4333, 49.25 ], [ 24.4167, 49.25 ], [ 24.4083, 49.2667 ], [ 24.4, 49.2667 ], [ 24.4, 49.2833 ], [ 24.4083, 49.2833 ], [ 24.4083, 49.2917 ], [ 24.4417, 49.2917 ], [ 24.4417, 49.2833 ], [ 24.4833, 49.2833 ], [ 24.4833, 49.275 ], [ 24.5333, 49.275 ], [ 24.5333, 49.2917 ], [ 24.525, 49.2917 ], [ 24.525, 49.3083 ], [ 24.5333, 49.3083 ], [ 24.5333, 49.3167 ], [ 24.55, 49.3167 ], [ 24.55, 49.325 ], [ 24.5583, 49.325 ], [ 24.5583, 49.3333 ], [ 24.5667, 49.3333 ], [ 24.575, 49.35 ], [ 24.5833, 49.35 ], [ 24.5833, 49.3583 ], [ 24.6, 49.3583 ], [ 24.6, 49.3667 ], [ 24.6333, 49.3667 ] ] ], [ [ [ 27.4667, 49.2333 ], [ 27.4667, 49.225 ], [ 27.4917, 49.225 ], [ 27.4917, 49.2167 ], [ 27.5167, 49.2167 ], [ 27.5167, 49.2083 ], [ 27.5333, 49.2083 ], [ 27.5333, 49.2 ], [ 27.55, 49.2 ], [ 27.55, 49.1917 ], [ 27.5667, 49.1917 ], [ 27.575, 49.175 ], [ 27.5917, 49.1667 ], [ 27.5917, 49.1417 ], [ 27.5833, 49.1417 ], [ 27.5833, 49.1333 ], [ 27.55, 49.1333 ], [ 27.55, 49.1417 ], [ 27.525, 49.1417 ], [ 27.525, 49.15 ], [ 27.4917, 49.15 ], [ 27.4917, 49.1583 ], [ 27.4333, 49.1583 ], [ 27.4333, 49.15 ], [ 27.4, 49.15 ], [ 27.4, 49.1417 ], [ 27.3917, 49.1417 ], [ 27.3917, 49.125 ], [ 27.375, 49.125 ], [ 27.375, 49.1167 ], [ 27.3333, 49.1167 ], [ 27.3333, 49.125 ], [ 27.3167, 49.125 ], [ 27.3167, 49.1333 ], [ 27.3083, 49.1333 ], [ 27.3083, 49.1833 ], [ 27.3167, 49.1833 ], [ 27.3167, 49.2 ], [ 27.3333, 49.2 ], [ 27.3333, 49.2083 ], [ 27.3833, 49.2083 ], [ 27.3833, 49.2167 ], [ 27.4167, 49.2167 ], [ 27.4167, 49.225 ], [ 27.4583, 49.225 ], [ 27.4583, 49.2333 ], [ 27.4667, 49.2333 ] ] ], [ [ [ 26.8833, 49.4 ], [ 26.8833, 49.3917 ], [ 26.925, 49.3917 ], [ 26.925, 49.3833 ], [ 26.9417, 49.3833 ], [ 26.9417, 49.375 ], [ 26.9583, 49.375 ], [ 26.9583, 49.3667 ], [ 26.975, 49.3667 ], [ 26.975, 49.3583 ], [ 26.9917, 49.3583 ], [ 26.9917, 49.35 ], [ 27.0083, 49.35 ], [ 27.0083, 49.3417 ], [ 27.0333, 49.3417 ], [ 27.0333, 49.3333 ], [ 27.0667, 49.3333 ], [ 27.0667, 49.325 ], [ 27.1417, 49.325 ], [ 27.1417, 49.3167 ], [ 27.1667, 49.3167 ], [ 27.1667, 49.325 ], [ 27.1917, 49.325 ], [ 27.1917, 49.3333 ], [ 27.2083, 49.3333 ], [ 27.2167, 49.35 ], [ 27.2667, 49.35 ], [ 27.2667, 49.3417 ], [ 27.3, 49.3417 ], [ 27.3, 49.35 ], [ 27.3417, 49.35 ], [ 27.3417, 49.3583 ], [ 27.3667, 49.3583 ], [ 27.3667, 49.3667 ], [ 27.3833, 49.3667 ], [ 27.3833, 49.375 ], [ 27.4083, 49.375 ], [ 27.4083, 49.3833 ], [ 27.425, 49.3833 ], [ 27.425, 49.3917 ], [ 27.4417, 49.3917 ], [ 27.4417, 49.4 ], [ 27.5, 49.4 ], [ 27.5, 49.3917 ], [ 27.5333, 49.3917 ], [ 27.5333, 49.3833 ], [ 27.5667, 49.3833 ], [ 27.5667, 49.375 ], [ 27.5917, 49.375 ], [ 27.5917, 49.35 ], [ 27.575, 49.3417 ], [ 27.5667, 49.325 ], [ 27.55, 49.325 ], [ 27.55, 49.3083 ], [ 27.5333, 49.3083 ], [ 27.525, 49.2917 ], [ 27.5083, 49.2917 ], [ 27.5083, 49.2833 ], [ 27.4917, 49.2833 ], [ 27.4917, 49.275 ], [ 27.4667, 49.275 ], [ 27.4667, 49.2667 ], [ 27.4333, 49.2667 ], [ 27.4333, 49.2583 ], [ 27.4, 49.2583 ], [ 27.4, 49.25 ], [ 27.375, 49.25 ], [ 27.375, 49.2417 ], [ 27.325, 49.2417 ], [ 27.325, 49.2333 ], [ 27.275, 49.2333 ], [ 27.275, 49.225 ], [ 27.2167, 49.225 ], [ 27.2167, 49.2333 ], [ 27.1833, 49.2333 ], [ 27.1833, 49.2417 ], [ 27.0917, 49.2417 ], [ 27.0917, 49.2333 ], [ 27.075, 49.2333 ], [ 27.0833, 49.2167 ], [ 27.125, 49.2167 ], [ 27.125, 49.2083 ], [ 27.15, 49.2083 ], [ 27.15, 49.2 ], [ 27.1417, 49.2 ], [ 27.1417, 49.175 ], [ 27.15, 49.175 ], [ 27.15, 49.1583 ], [ 27.1667, 49.15 ], [ 27.1667, 49.1417 ], [ 27.175, 49.1417 ], [ 27.175, 49.125 ], [ 27.1833, 49.125 ], [ 27.1833, 49.0917 ], [ 27.175, 49.0917 ], [ 27.175, 49.075 ], [ 27.1583, 49.0667 ], [ 27.1583, 49.0583 ], [ 27.1333, 49.0583 ], [ 27.1333, 49.0917 ], [ 27.125, 49.0917 ], [ 27.125, 49.1083 ], [ 27.1167, 49.1083 ], [ 27.1167, 49.1167 ], [ 27.1, 49.125 ], [ 27.1, 49.1333 ], [ 27.0833, 49.1417 ], [ 27.0833, 49.15 ], [ 27.0667, 49.15 ], [ 27.0667, 49.1583 ], [ 27.025, 49.1583 ], [ 27.025, 49.2 ], [ 27.0167, 49.2 ], [ 27.0167, 49.2167 ], [ 27.0083, 49.2167 ], [ 27.0083, 49.2333 ], [ 26.9917, 49.2417 ], [ 26.9917, 49.25 ], [ 26.975, 49.2583 ], [ 26.975, 49.2667 ], [ 26.95, 49.2667 ], [ 26.95, 49.275 ], [ 26.9167, 49.275 ], [ 26.9167, 49.2833 ], [ 26.875, 49.2833 ], [ 26.875, 49.275 ], [ 26.8417, 49.275 ], [ 26.8417, 49.2667 ], [ 26.825, 49.2667 ], [ 26.825, 49.2583 ], [ 26.7917, 49.2583 ], [ 26.7917, 49.2667 ], [ 26.7833, 49.2667 ], [ 26.7833, 49.2917 ], [ 26.7917, 49.2917 ], [ 26.7917, 49.3083 ], [ 26.8, 49.3083 ], [ 26.8, 49.35 ], [ 26.8083, 49.35 ], [ 26.8083, 49.3833 ], [ 26.825, 49.3917 ], [ 26.825, 49.4 ], [ 26.8833, 49.4 ] ] ], [ [ [ 28.85, 49.2667 ], [ 28.85, 49.2583 ], [ 28.875, 49.2583 ], [ 28.875, 49.2417 ], [ 28.8583, 49.2333 ], [ 28.8583, 49.225 ], [ 28.7833, 49.225 ], [ 28.7833, 49.2333 ], [ 28.725, 49.2333 ], [ 28.725, 49.225 ], [ 28.7, 49.225 ], [ 28.7, 49.2083 ], [ 28.7167, 49.2 ], [ 28.7167, 49.1917 ], [ 28.7333, 49.1917 ], [ 28.7333, 49.1833 ], [ 28.75, 49.1833 ], [ 28.75, 49.175 ], [ 28.775, 49.175 ], [ 28.775, 49.1667 ], [ 28.8, 49.1667 ], [ 28.8, 49.1583 ], [ 28.825, 49.1583 ], [ 28.825, 49.15 ], [ 28.8417, 49.15 ], [ 28.8417, 49.1417 ], [ 28.8583, 49.1417 ], [ 28.8583, 49.1333 ], [ 28.875, 49.1333 ], [ 28.875, 49.125 ], [ 28.8833, 49.125 ], [ 28.8833, 49.0917 ], [ 28.875, 49.0917 ], [ 28.875, 49.0833 ], [ 28.8583, 49.075 ], [ 28.8583, 49.0667 ], [ 28.8417, 49.0667 ], [ 28.8417, 49.0583 ], [ 28.825, 49.0583 ], [ 28.825, 49.05 ], [ 28.7583, 49.05 ], [ 28.7583, 49.0583 ], [ 28.75, 49.0583 ], [ 28.75, 49.1167 ], [ 28.7417, 49.1167 ], [ 28.7417, 49.1333 ], [ 28.7333, 49.1333 ], [ 28.7333, 49.15 ], [ 28.7167, 49.1583 ], [ 28.7167, 49.1667 ], [ 28.6917, 49.1667 ], [ 28.6917, 49.175 ], [ 28.6333, 49.175 ], [ 28.6333, 49.1833 ], [ 28.6167, 49.1833 ], [ 28.6167, 49.175 ], [ 28.6, 49.175 ], [ 28.6, 49.1833 ], [ 28.575, 49.1833 ], [ 28.575, 49.1917 ], [ 28.5667, 49.1917 ], [ 28.5667, 49.2 ], [ 28.575, 49.2 ], [ 28.575, 49.225 ], [ 28.5917, 49.2333 ], [ 28.5917, 49.2417 ], [ 28.6083, 49.25 ], [ 28.6083, 49.2583 ], [ 28.6333, 49.2583 ], [ 28.6333, 49.25 ], [ 28.675, 49.25 ], [ 28.675, 49.2583 ], [ 28.7, 49.2583 ], [ 28.7, 49.2667 ], [ 28.85, 49.2667 ] ] ], [ [ [ 24.6833, 49.4417 ], [ 24.6833, 49.4333 ], [ 24.7, 49.4333 ], [ 24.7083, 49.4167 ], [ 24.7167, 49.4167 ], [ 24.7167, 49.4 ], [ 24.7333, 49.3917 ], [ 24.7333, 49.3833 ], [ 24.7583, 49.3833 ], [ 24.7583, 49.3917 ], [ 24.7667, 49.3917 ], [ 24.775, 49.4083 ], [ 24.7833, 49.4083 ], [ 24.7833, 49.4167 ], [ 24.8, 49.425 ], [ 24.8, 49.4333 ], [ 24.8167, 49.4333 ], [ 24.8167, 49.425 ], [ 24.825, 49.425 ], [ 24.825, 49.4083 ], [ 24.8167, 49.4083 ], [ 24.8167, 49.3833 ], [ 24.8083, 49.3833 ], [ 24.8083, 49.3583 ], [ 24.825, 49.35 ], [ 24.825, 49.3333 ], [ 24.8417, 49.3333 ], [ 24.8417, 49.325 ], [ 24.8583, 49.325 ], [ 24.8583, 49.3167 ], [ 24.875, 49.3167 ], [ 24.875, 49.3083 ], [ 24.8917, 49.3083 ], [ 24.9, 49.2917 ], [ 24.9083, 49.2917 ], [ 24.9083, 49.275 ], [ 24.9167, 49.275 ], [ 24.9167, 49.2333 ], [ 24.95, 49.2333 ], [ 24.95, 49.2417 ], [ 24.9667, 49.2417 ], [ 24.9667, 49.25 ], [ 24.9917, 49.25 ], [ 24.9917, 49.2417 ], [ 25.0, 49.2417 ], [ 25.0, 49.2167 ], [ 25.0083, 49.2167 ], [ 25.0083, 49.1917 ], [ 25.0167, 49.1917 ], [ 25.0167, 49.15 ], [ 25.0083, 49.15 ], [ 25.0083, 49.1417 ], [ 24.9667, 49.1417 ], [ 24.9667, 49.125 ], [ 24.9583, 49.125 ], [ 24.9583, 49.1167 ], [ 24.9667, 49.1167 ], [ 24.9667, 49.1 ], [ 24.975, 49.1 ], [ 24.975, 49.0833 ], [ 24.9833, 49.0833 ], [ 24.9833, 49.0667 ], [ 24.975, 49.0667 ], [ 24.975, 49.05 ], [ 24.9583, 49.05 ], [ 24.9583, 49.0417 ], [ 24.8833, 49.0417 ], [ 24.8833, 49.05 ], [ 24.8667, 49.05 ], [ 24.8667, 49.0583 ], [ 24.85, 49.0583 ], [ 24.85, 49.0667 ], [ 24.8417, 49.0667 ], [ 24.8417, 49.0833 ], [ 24.8333, 49.0833 ], [ 24.8333, 49.0917 ], [ 24.825, 49.0917 ], [ 24.825, 49.1083 ], [ 24.8167, 49.1083 ], [ 24.8167, 49.1333 ], [ 24.8083, 49.1333 ], [ 24.8083, 49.15 ], [ 24.8, 49.15 ], [ 24.8, 49.1583 ], [ 24.7833, 49.1583 ], [ 24.7833, 49.1667 ], [ 24.7917, 49.1667 ], [ 24.7917, 49.1833 ], [ 24.775, 49.1917 ], [ 24.775, 49.2 ], [ 24.7583, 49.2083 ], [ 24.7583, 49.2167 ], [ 24.7417, 49.2167 ], [ 24.7417, 49.225 ], [ 24.7333, 49.225 ], [ 24.725, 49.2417 ], [ 24.7167, 49.2417 ], [ 24.7167, 49.2583 ], [ 24.7083, 49.2583 ], [ 24.7083, 49.275 ], [ 24.7, 49.275 ], [ 24.7, 49.3167 ], [ 24.6917, 49.3167 ], [ 24.6917, 49.35 ], [ 24.6833, 49.35 ], [ 24.6833, 49.3917 ], [ 24.675, 49.3917 ], [ 24.675, 49.4167 ], [ 24.6583, 49.425 ], [ 24.6583, 49.4417 ], [ 24.6833, 49.4417 ] ] ], [ [ [ 29.4083, 49.425 ], [ 29.4083, 49.4167 ], [ 29.425, 49.4167 ], [ 29.425, 49.4083 ], [ 29.4417, 49.4 ], [ 29.4417, 49.3917 ], [ 29.4583, 49.3917 ], [ 29.4583, 49.3833 ], [ 29.475, 49.3833 ], [ 29.475, 49.375 ], [ 29.4917, 49.3667 ], [ 29.4917, 49.3583 ], [ 29.5167, 49.3583 ], [ 29.5167, 49.35 ], [ 29.525, 49.35 ], [ 29.525, 49.2667 ], [ 29.5417, 49.2583 ], [ 29.5417, 49.25 ], [ 29.5667, 49.25 ], [ 29.5667, 49.2417 ], [ 29.5917, 49.2417 ], [ 29.5917, 49.25 ], [ 29.6083, 49.25 ], [ 29.6083, 49.2583 ], [ 29.625, 49.2583 ], [ 29.625, 49.2667 ], [ 29.6417, 49.2667 ], [ 29.6417, 49.275 ], [ 29.6583, 49.2833 ], [ 29.6583, 49.2917 ], [ 29.7167, 49.2917 ], [ 29.7167, 49.2833 ], [ 29.7333, 49.2833 ], [ 29.7333, 49.275 ], [ 29.7417, 49.275 ], [ 29.7417, 49.2583 ], [ 29.75, 49.2583 ], [ 29.7583, 49.2417 ], [ 29.7667, 49.2417 ], [ 29.7667, 49.225 ], [ 29.7833, 49.2167 ], [ 29.7833, 49.1917 ], [ 29.775, 49.1917 ], [ 29.775, 49.1833 ], [ 29.7333, 49.1833 ], [ 29.7333, 49.1917 ], [ 29.7167, 49.1917 ], [ 29.7167, 49.2 ], [ 29.6917, 49.2 ], [ 29.6917, 49.2083 ], [ 29.675, 49.2083 ], [ 29.675, 49.2167 ], [ 29.6583, 49.2167 ], [ 29.65, 49.2 ], [ 29.6417, 49.2 ], [ 29.6417, 49.1583 ], [ 29.65, 49.1583 ], [ 29.65, 49.15 ], [ 29.725, 49.15 ], [ 29.725, 49.1417 ], [ 29.7333, 49.1417 ], [ 29.7333, 49.125 ], [ 29.725, 49.125 ], [ 29.725, 49.1167 ], [ 29.7167, 49.1167 ], [ 29.7083, 49.1 ], [ 29.6917, 49.1 ], [ 29.6833, 49.0833 ], [ 29.6667, 49.075 ], [ 29.6667, 49.0667 ], [ 29.65, 49.0667 ], [ 29.65, 49.0583 ], [ 29.5917, 49.0583 ], [ 29.5917, 49.0667 ], [ 29.5417, 49.0667 ], [ 29.5417, 49.075 ], [ 29.4667, 49.075 ], [ 29.4583, 49.0583 ], [ 29.4417, 49.0583 ], [ 29.4333, 49.0417 ], [ 29.4083, 49.0417 ], [ 29.4083, 49.05 ], [ 29.3833, 49.05 ], [ 29.3833, 49.0583 ], [ 29.3583, 49.0583 ], [ 29.3583, 49.0667 ], [ 29.3417, 49.0667 ], [ 29.3417, 49.075 ], [ 29.3167, 49.075 ], [ 29.3167, 49.0833 ], [ 29.3, 49.0833 ], [ 29.3, 49.0917 ], [ 29.275, 49.0917 ], [ 29.275, 49.1 ], [ 29.25, 49.1 ], [ 29.25, 49.1083 ], [ 29.2333, 49.1083 ], [ 29.2333, 49.1167 ], [ 29.1917, 49.1167 ], [ 29.1917, 49.1333 ], [ 29.2, 49.1333 ], [ 29.2, 49.1417 ], [ 29.2167, 49.1417 ], [ 29.2167, 49.15 ], [ 29.2583, 49.15 ], [ 29.2583, 49.1583 ], [ 29.275, 49.1583 ], [ 29.275, 49.1667 ], [ 29.2917, 49.175 ], [ 29.2917, 49.1833 ], [ 29.3083, 49.1833 ], [ 29.3083, 49.1917 ], [ 29.3167, 49.1917 ], [ 29.3167, 49.2083 ], [ 29.3333, 49.2167 ], [ 29.3333, 49.2583 ], [ 29.325, 49.2583 ], [ 29.325, 49.2667 ], [ 29.3083, 49.275 ], [ 29.3083, 49.2833 ], [ 29.3, 49.2833 ], [ 29.3, 49.3083 ], [ 29.3083, 49.3083 ], [ 29.3083, 49.325 ], [ 29.3167, 49.325 ], [ 29.3167, 49.3333 ], [ 29.325, 49.3333 ], [ 29.325, 49.35 ], [ 29.3333, 49.35 ], [ 29.3333, 49.3833 ], [ 29.3417, 49.3833 ], [ 29.3417, 49.4083 ], [ 29.35, 49.4083 ], [ 29.3583, 49.425 ], [ 29.4083, 49.425 ] ] ], [ [ [ 26.2167, 49.3667 ], [ 26.2167, 49.3583 ], [ 26.2417, 49.3583 ], [ 26.2417, 49.35 ], [ 26.2583, 49.35 ], [ 26.2583, 49.3417 ], [ 26.2667, 49.3417 ], [ 26.2667, 49.3167 ], [ 26.275, 49.3167 ], [ 26.275, 49.3083 ], [ 26.325, 49.3083 ], [ 26.325, 49.3167 ], [ 26.3333, 49.3167 ], [ 26.3333, 49.3083 ], [ 26.35, 49.3083 ], [ 26.35, 49.2667 ], [ 26.3583, 49.2667 ], [ 26.3583, 49.2583 ], [ 26.375, 49.2583 ], [ 26.375, 49.25 ], [ 26.3917, 49.25 ], [ 26.3917, 49.2583 ], [ 26.425, 49.2583 ], [ 26.425, 49.2667 ], [ 26.45, 49.2667 ], [ 26.45, 49.275 ], [ 26.525, 49.275 ], [ 26.5333, 49.2583 ], [ 26.55, 49.2583 ], [ 26.5583, 49.2417 ], [ 26.5667, 49.2417 ], [ 26.5667, 49.2083 ], [ 26.55, 49.2083 ], [ 26.55, 49.2 ], [ 26.5083, 49.2 ], [ 26.5, 49.1833 ], [ 26.5083, 49.1833 ], [ 26.5167, 49.1667 ], [ 26.525, 49.1667 ], [ 26.525, 49.1583 ], [ 26.5333, 49.1583 ], [ 26.5333, 49.15 ], [ 26.55, 49.1417 ], [ 26.55, 49.1333 ], [ 26.5583, 49.1333 ], [ 26.5583, 49.0917 ], [ 26.55, 49.0917 ], [ 26.55, 49.075 ], [ 26.5583, 49.075 ], [ 26.5583, 49.0583 ], [ 26.5667, 49.0583 ], [ 26.5667, 49.0167 ], [ 26.5583, 49.0167 ], [ 26.5583, 49.0083 ], [ 26.5417, 49.0 ], [ 26.5417, 48.9917 ], [ 26.5083, 48.9917 ], [ 26.5083, 49.0 ], [ 26.475, 49.0 ], [ 26.475, 49.0083 ], [ 26.4583, 49.0083 ], [ 26.45, 49.025 ], [ 26.4333, 49.025 ], [ 26.4333, 49.0333 ], [ 26.4167, 49.0333 ], [ 26.4167, 49.0417 ], [ 26.4, 49.0417 ], [ 26.4, 49.05 ], [ 26.375, 49.05 ], [ 26.375, 49.0583 ], [ 26.325, 49.0583 ], [ 26.325, 49.0667 ], [ 26.2917, 49.0667 ], [ 26.2917, 49.1 ], [ 26.3, 49.1 ], [ 26.3, 49.1333 ], [ 26.3083, 49.1333 ], [ 26.3083, 49.175 ], [ 26.2917, 49.1833 ], [ 26.2917, 49.1917 ], [ 26.2833, 49.1917 ], [ 26.275, 49.2083 ], [ 26.2667, 49.2083 ], [ 26.2667, 49.2167 ], [ 26.25, 49.2167 ], [ 26.25, 49.225 ], [ 26.2417, 49.225 ], [ 26.2333, 49.2417 ], [ 26.225, 49.2417 ], [ 26.225, 49.2583 ], [ 26.2167, 49.2583 ], [ 26.2083, 49.275 ], [ 26.2, 49.275 ], [ 26.2, 49.2917 ], [ 26.1917, 49.2917 ], [ 26.1917, 49.3333 ], [ 26.1833, 49.3333 ], [ 26.1833, 49.3667 ], [ 26.2167, 49.3667 ] ] ], [ [ [ 26.8417, 49.0917 ], [ 26.8417, 49.0833 ], [ 26.8583, 49.0833 ], [ 26.8667, 49.0667 ], [ 26.875, 49.0667 ], [ 26.875, 49.0583 ], [ 26.8833, 49.0583 ], [ 26.8917, 49.0417 ], [ 26.9, 49.0417 ], [ 26.9, 49.0 ], [ 26.8917, 49.0 ], [ 26.8917, 48.9917 ], [ 26.85, 48.9917 ], [ 26.85, 48.9833 ], [ 26.8167, 48.9833 ], [ 26.8167, 48.975 ], [ 26.8083, 48.975 ], [ 26.8, 48.9583 ], [ 26.7917, 48.9583 ], [ 26.7917, 48.95 ], [ 26.7417, 48.95 ], [ 26.7417, 48.9583 ], [ 26.725, 48.9583 ], [ 26.725, 48.9917 ], [ 26.7167, 48.9917 ], [ 26.7167, 49.0167 ], [ 26.725, 49.0167 ], [ 26.725, 49.025 ], [ 26.7417, 49.025 ], [ 26.7417, 49.0417 ], [ 26.75, 49.0417 ], [ 26.75, 49.075 ], [ 26.7417, 49.075 ], [ 26.7417, 49.0917 ], [ 26.8417, 49.0917 ] ] ], [ [ [ 34.7167, 49.4 ], [ 34.7167, 49.3833 ], [ 34.7, 49.375 ], [ 34.7, 49.3667 ], [ 34.6833, 49.3583 ], [ 34.6833, 49.35 ], [ 34.6667, 49.35 ], [ 34.6667, 49.3417 ], [ 34.65, 49.3417 ], [ 34.65, 49.3333 ], [ 34.6167, 49.3333 ], [ 34.6167, 49.325 ], [ 34.5917, 49.325 ], [ 34.5917, 49.3167 ], [ 34.575, 49.3167 ], [ 34.575, 49.3083 ], [ 34.5583, 49.3083 ], [ 34.5583, 49.3 ], [ 34.5417, 49.3 ], [ 34.5417, 49.2833 ], [ 34.5333, 49.2833 ], [ 34.5333, 49.2417 ], [ 34.5417, 49.2417 ], [ 34.5417, 49.2 ], [ 34.5333, 49.2 ], [ 34.5333, 49.175 ], [ 34.525, 49.175 ], [ 34.525, 49.1583 ], [ 34.5167, 49.1583 ], [ 34.5167, 49.15 ], [ 34.475, 49.15 ], [ 34.4667, 49.1667 ], [ 34.45, 49.175 ], [ 34.45, 49.1833 ], [ 34.425, 49.1833 ], [ 34.425, 49.15 ], [ 34.4333, 49.15 ], [ 34.4333, 49.1 ], [ 34.425, 49.1 ], [ 34.425, 49.0833 ], [ 34.4167, 49.0833 ], [ 34.4083, 49.0667 ], [ 34.4, 49.0667 ], [ 34.3917, 49.05 ], [ 34.3833, 49.05 ], [ 34.375, 49.0333 ], [ 34.3667, 49.0333 ], [ 34.3667, 49.025 ], [ 34.35, 49.0167 ], [ 34.35, 49.0083 ], [ 34.3417, 49.0083 ], [ 34.3417, 48.9917 ], [ 34.325, 48.9833 ], [ 34.325, 48.975 ], [ 34.3167, 48.975 ], [ 34.3083, 48.9583 ], [ 34.3, 48.9583 ], [ 34.3, 48.95 ], [ 34.2917, 48.95 ], [ 34.2917, 48.9417 ], [ 34.2667, 48.9417 ], [ 34.2667, 48.9333 ], [ 34.2417, 48.9333 ], [ 34.2417, 48.9583 ], [ 34.2333, 48.9583 ], [ 34.2333, 49.0583 ], [ 34.2417, 49.0583 ], [ 34.2417, 49.0833 ], [ 34.25, 49.0833 ], [ 34.25, 49.1 ], [ 34.2667, 49.1 ], [ 34.2667, 49.1083 ], [ 34.2833, 49.1083 ], [ 34.2917, 49.125 ], [ 34.3083, 49.1333 ], [ 34.3083, 49.1417 ], [ 34.3333, 49.1417 ], [ 34.3333, 49.15 ], [ 34.35, 49.15 ], [ 34.3583, 49.1667 ], [ 34.375, 49.175 ], [ 34.375, 49.1833 ], [ 34.3917, 49.1917 ], [ 34.3917, 49.2083 ], [ 34.4, 49.2083 ], [ 34.4, 49.225 ], [ 34.4083, 49.225 ], [ 34.4083, 49.2333 ], [ 34.4167, 49.2333 ], [ 34.4167, 49.25 ], [ 34.425, 49.25 ], [ 34.4333, 49.2667 ], [ 34.4417, 49.2667 ], [ 34.4417, 49.2833 ], [ 34.45, 49.2833 ], [ 34.45, 49.2917 ], [ 34.4667, 49.3 ], [ 34.4667, 49.3083 ], [ 34.475, 49.3083 ], [ 34.4833, 49.325 ], [ 34.4917, 49.325 ], [ 34.4917, 49.3333 ], [ 34.5083, 49.3333 ], [ 34.5083, 49.3417 ], [ 34.5167, 49.3417 ], [ 34.5167, 49.35 ], [ 34.5333, 49.35 ], [ 34.5333, 49.3583 ], [ 34.5583, 49.3583 ], [ 34.5583, 49.3667 ], [ 34.6, 49.3667 ], [ 34.6, 49.375 ], [ 34.625, 49.375 ], [ 34.625, 49.3833 ], [ 34.65, 49.3833 ], [ 34.65, 49.3917 ], [ 34.6833, 49.3917 ], [ 34.6833, 49.4 ], [ 34.7167, 49.4 ] ] ], [ [ [ 35.8167, 49.1417 ], [ 35.8167, 49.1333 ], [ 35.825, 49.1333 ], [ 35.825, 49.1167 ], [ 35.8083, 49.1167 ], [ 35.8083, 49.1083 ], [ 35.7917, 49.1083 ], [ 35.7917, 49.1 ], [ 35.7667, 49.1 ], [ 35.7667, 49.0917 ], [ 35.75, 49.0917 ], [ 35.75, 49.0833 ], [ 35.7333, 49.0833 ], [ 35.725, 49.0667 ], [ 35.7, 49.0667 ], [ 35.7, 49.0583 ], [ 35.6833, 49.0583 ], [ 35.6833, 49.05 ], [ 35.6667, 49.05 ], [ 35.6583, 49.0333 ], [ 35.6417, 49.0333 ], [ 35.6417, 49.025 ], [ 35.6333, 49.025 ], [ 35.6333, 49.0083 ], [ 35.625, 49.0083 ], [ 35.625, 49.0 ], [ 35.6333, 49.0 ], [ 35.6333, 48.9917 ], [ 35.65, 48.9917 ], [ 35.65, 48.9833 ], [ 35.675, 48.9833 ], [ 35.675, 48.9917 ], [ 35.7167, 48.9917 ], [ 35.725, 49.0083 ], [ 35.7417, 49.0083 ], [ 35.7417, 49.0167 ], [ 35.7583, 49.025 ], [ 35.7583, 49.0333 ], [ 35.775, 49.0333 ], [ 35.775, 49.0417 ], [ 35.7833, 49.0417 ], [ 35.7833, 49.0583 ], [ 35.8, 49.0667 ], [ 35.8, 49.075 ], [ 35.8167, 49.075 ], [ 35.8167, 49.0833 ], [ 35.8333, 49.0833 ], [ 35.8417, 49.0667 ], [ 35.825, 49.0583 ], [ 35.825, 49.05 ], [ 35.8083, 49.05 ], [ 35.8, 49.0333 ], [ 35.7833, 49.025 ], [ 35.7833, 49.0167 ], [ 35.775, 49.0167 ], [ 35.775, 49.0 ], [ 35.7833, 49.0 ], [ 35.7833, 48.9833 ], [ 35.8, 48.975 ], [ 35.8, 48.9667 ], [ 35.8083, 48.9667 ], [ 35.8083, 48.9583 ], [ 35.8417, 48.9583 ], [ 35.8417, 48.95 ], [ 35.8917, 48.95 ], [ 35.8917, 48.9583 ], [ 35.9083, 48.9583 ], [ 35.9083, 48.9667 ], [ 35.9333, 48.9667 ], [ 35.9333, 48.975 ], [ 35.95, 48.975 ], [ 35.95, 48.9833 ], [ 35.975, 48.9833 ], [ 35.975, 48.9917 ], [ 36.0167, 48.9917 ], [ 36.0167, 48.9833 ], [ 36.025, 48.9833 ], [ 36.025, 48.9667 ], [ 36.0167, 48.9667 ], [ 36.0167, 48.9583 ], [ 36.0, 48.9583 ], [ 36.0, 48.95 ], [ 35.9917, 48.95 ], [ 35.9917, 48.9417 ], [ 35.975, 48.9417 ], [ 35.975, 48.9333 ], [ 35.9583, 48.9333 ], [ 35.9583, 48.925 ], [ 35.9333, 48.925 ], [ 35.9333, 48.9167 ], [ 35.9167, 48.9167 ], [ 35.9167, 48.9083 ], [ 35.8917, 48.9083 ], [ 35.8917, 48.9 ], [ 35.875, 48.9 ], [ 35.875, 48.8917 ], [ 35.8083, 48.8917 ], [ 35.8083, 48.9 ], [ 35.7917, 48.9 ], [ 35.7833, 48.9167 ], [ 35.7583, 48.9167 ], [ 35.7583, 48.925 ], [ 35.6833, 48.925 ], [ 35.6833, 48.9333 ], [ 35.6167, 48.9333 ], [ 35.6167, 48.9417 ], [ 35.6083, 48.9417 ], [ 35.6083, 48.9333 ], [ 35.5833, 48.9333 ], [ 35.575, 48.9167 ], [ 35.55, 48.9167 ], [ 35.55, 48.9083 ], [ 35.525, 48.9083 ], [ 35.525, 48.9167 ], [ 35.5083, 48.925 ], [ 35.5083, 48.9333 ], [ 35.5, 48.9333 ], [ 35.4917, 48.95 ], [ 35.4833, 48.95 ], [ 35.4833, 48.9583 ], [ 35.4667, 48.9583 ], [ 35.4667, 48.9667 ], [ 35.4417, 48.9667 ], [ 35.4417, 48.975 ], [ 35.4167, 48.975 ], [ 35.4167, 48.9833 ], [ 35.4, 48.9833 ], [ 35.4, 48.9917 ], [ 35.3917, 48.9917 ], [ 35.3833, 49.0083 ], [ 35.375, 49.0083 ], [ 35.375, 49.0167 ], [ 35.3583, 49.0167 ], [ 35.35, 49.0333 ], [ 35.3333, 49.0333 ], [ 35.325, 49.05 ], [ 35.3083, 49.05 ], [ 35.3083, 49.0583 ], [ 35.2833, 49.0583 ], [ 35.2833, 49.0667 ], [ 35.2583, 49.0667 ], [ 35.2583, 49.075 ], [ 35.2417, 49.075 ], [ 35.2417, 49.0833 ], [ 35.225, 49.0833 ], [ 35.2167, 49.1 ], [ 35.2083, 49.1 ], [ 35.2083, 49.1167 ], [ 35.2, 49.1167 ], [ 35.2, 49.1333 ], [ 35.275, 49.1333 ], [ 35.275, 49.125 ], [ 35.3083, 49.125 ], [ 35.3083, 49.1333 ], [ 35.3333, 49.1333 ], [ 35.3417, 49.1167 ], [ 35.3583, 49.1167 ], [ 35.3583, 49.1 ], [ 35.3667, 49.1 ], [ 35.3667, 49.0917 ], [ 35.3833, 49.0833 ], [ 35.3833, 49.075 ], [ 35.4, 49.075 ], [ 35.4, 49.0667 ], [ 35.425, 49.0667 ], [ 35.425, 49.0583 ], [ 35.4417, 49.0583 ], [ 35.4417, 49.05 ], [ 35.4667, 49.05 ], [ 35.4667, 49.0417 ], [ 35.4833, 49.0417 ], [ 35.4917, 49.025 ], [ 35.5083, 49.025 ], [ 35.5083, 49.0083 ], [ 35.5333, 49.0083 ], [ 35.5333, 49.0 ], [ 35.5583, 49.0 ], [ 35.5583, 49.0083 ], [ 35.5833, 49.0083 ], [ 35.5833, 49.0167 ], [ 35.6, 49.0167 ], [ 35.6083, 49.0333 ], [ 35.625, 49.0333 ], [ 35.625, 49.0417 ], [ 35.6417, 49.05 ], [ 35.6417, 49.0583 ], [ 35.6667, 49.0583 ], [ 35.6667, 49.0667 ], [ 35.6833, 49.0667 ], [ 35.6833, 49.075 ], [ 35.7, 49.075 ], [ 35.7083, 49.0917 ], [ 35.725, 49.0917 ], [ 35.725, 49.1 ], [ 35.7417, 49.1 ], [ 35.7417, 49.1083 ], [ 35.7583, 49.1167 ], [ 35.7583, 49.125 ], [ 35.775, 49.125 ], [ 35.775, 49.1333 ], [ 35.7917, 49.1333 ], [ 35.7917, 49.1417 ], [ 35.8167, 49.1417 ] ] ], [ [ [ 35.0083, 49.025 ], [ 35.0083, 49.0167 ], [ 35.075, 49.0167 ], [ 35.075, 49.025 ], [ 35.15, 49.025 ], [ 35.15, 49.0083 ], [ 35.1417, 49.0083 ], [ 35.1417, 49.0 ], [ 35.125, 48.9917 ], [ 35.125, 48.9833 ], [ 35.1083, 48.9833 ], [ 35.1, 48.9667 ], [ 35.0833, 48.9667 ], [ 35.0833, 48.9583 ], [ 35.075, 48.9583 ], [ 35.075, 48.9417 ], [ 35.0583, 48.9333 ], [ 35.0583, 48.9083 ], [ 35.05, 48.9083 ], [ 35.05, 48.9 ], [ 35.025, 48.9 ], [ 35.025, 48.8917 ], [ 35.0, 48.8917 ], [ 35.0, 48.9 ], [ 34.9833, 48.9083 ], [ 34.975, 48.925 ], [ 34.95, 48.925 ], [ 34.95, 48.9333 ], [ 34.9417, 48.9333 ], [ 34.9417, 48.925 ], [ 34.925, 48.925 ], [ 34.925, 48.9167 ], [ 34.9083, 48.9167 ], [ 34.9083, 48.9083 ], [ 34.8833, 48.9083 ], [ 34.8833, 48.9 ], [ 34.8667, 48.9 ], [ 34.8667, 48.9083 ], [ 34.85, 48.9083 ], [ 34.85, 48.9333 ], [ 34.8667, 48.9417 ], [ 34.8667, 48.95 ], [ 34.8833, 48.95 ], [ 34.8917, 48.9667 ], [ 34.9083, 48.9667 ], [ 34.9167, 48.9833 ], [ 34.9333, 48.9833 ], [ 34.9333, 48.9917 ], [ 34.9417, 48.9917 ], [ 34.9417, 49.0083 ], [ 34.9583, 49.0167 ], [ 34.9583, 49.025 ], [ 35.0083, 49.025 ] ] ], [ [ [ 24.85, 49.0083 ], [ 24.85, 49.0 ], [ 24.8833, 49.0 ], [ 24.8833, 48.9917 ], [ 24.95, 48.9917 ], [ 24.95, 48.9833 ], [ 24.9667, 48.9833 ], [ 24.9667, 48.975 ], [ 24.975, 48.975 ], [ 24.975, 48.9417 ], [ 24.9833, 48.9417 ], [ 24.9833, 48.9333 ], [ 25.0, 48.9333 ], [ 25.0, 48.9417 ], [ 25.0167, 48.9417 ], [ 25.0167, 48.95 ], [ 25.0583, 48.95 ], [ 25.0583, 48.9583 ], [ 25.0917, 48.9583 ], [ 25.0917, 48.95 ], [ 25.1583, 48.95 ], [ 25.1583, 48.9583 ], [ 25.1917, 48.9583 ], [ 25.1917, 48.95 ], [ 25.225, 48.95 ], [ 25.225, 48.9417 ], [ 25.25, 48.9417 ], [ 25.25, 48.925 ], [ 25.2417, 48.925 ], [ 25.2417, 48.9167 ], [ 25.2167, 48.9167 ], [ 25.2167, 48.9083 ], [ 25.2083, 48.9083 ], [ 25.2083, 48.875 ], [ 25.2, 48.875 ], [ 25.2, 48.8583 ], [ 25.1833, 48.8583 ], [ 25.1833, 48.85 ], [ 25.1667, 48.85 ], [ 25.1667, 48.8417 ], [ 25.15, 48.8417 ], [ 25.15, 48.8333 ], [ 25.1333, 48.8333 ], [ 25.1333, 48.8417 ], [ 25.1167, 48.8417 ], [ 25.1167, 48.85 ], [ 25.1083, 48.85 ], [ 25.1083, 48.8833 ], [ 25.1167, 48.8833 ], [ 25.1167, 48.8917 ], [ 25.1083, 48.8917 ], [ 25.1, 48.9083 ], [ 25.0667, 48.9083 ], [ 25.0667, 48.9167 ], [ 25.0333, 48.9167 ], [ 25.0333, 48.9083 ], [ 25.0167, 48.9083 ], [ 25.0167, 48.8833 ], [ 25.025, 48.8833 ], [ 25.025, 48.85 ], [ 25.0, 48.85 ], [ 25.0, 48.8583 ], [ 24.9833, 48.8583 ], [ 24.9833, 48.875 ], [ 24.975, 48.875 ], [ 24.9667, 48.8917 ], [ 24.9583, 48.8917 ], [ 24.9583, 48.9 ], [ 24.9417, 48.9 ], [ 24.9333, 48.9167 ], [ 24.925, 48.9167 ], [ 24.925, 48.925 ], [ 24.9167, 48.925 ], [ 24.9083, 48.9417 ], [ 24.9, 48.9417 ], [ 24.9, 48.95 ], [ 24.8833, 48.95 ], [ 24.8833, 48.9583 ], [ 24.8667, 48.9583 ], [ 24.8583, 48.975 ], [ 24.8417, 48.975 ], [ 24.8417, 48.9833 ], [ 24.825, 48.9833 ], [ 24.825, 48.9917 ], [ 24.8, 48.9917 ], [ 24.8, 49.0083 ], [ 24.85, 49.0083 ] ] ], [ [ [ 25.8167, 49.3333 ], [ 25.8167, 49.325 ], [ 25.9, 49.325 ], [ 25.9, 49.3333 ], [ 25.9333, 49.3333 ], [ 25.9333, 49.325 ], [ 25.9667, 49.325 ], [ 25.9667, 49.3167 ], [ 25.9917, 49.3167 ], [ 25.9917, 49.3083 ], [ 26.0333, 49.3083 ], [ 26.0333, 49.3 ], [ 26.075, 49.3 ], [ 26.075, 49.2917 ], [ 26.1, 49.2917 ], [ 26.1, 49.2833 ], [ 26.1167, 49.275 ], [ 26.1167, 49.2667 ], [ 26.125, 49.2667 ], [ 26.125, 49.2583 ], [ 26.1333, 49.2583 ], [ 26.1333, 49.2417 ], [ 26.15, 49.2333 ], [ 26.15, 49.1917 ], [ 26.1583, 49.1917 ], [ 26.1583, 49.1583 ], [ 26.175, 49.15 ], [ 26.175, 49.1417 ], [ 26.1917, 49.1333 ], [ 26.1917, 49.125 ], [ 26.2, 49.125 ], [ 26.2, 49.1 ], [ 26.2083, 49.1 ], [ 26.2083, 49.0833 ], [ 26.2167, 49.0833 ], [ 26.225, 49.0667 ], [ 26.2333, 49.0667 ], [ 26.2333, 49.05 ], [ 26.2417, 49.05 ], [ 26.2417, 49.025 ], [ 26.25, 49.025 ], [ 26.25, 49.0083 ], [ 26.2417, 49.0083 ], [ 26.2417, 49.0 ], [ 26.2333, 49.0 ], [ 26.225, 48.9833 ], [ 26.2167, 48.9833 ], [ 26.2167, 48.9667 ], [ 26.2083, 48.9667 ], [ 26.2083, 48.9417 ], [ 26.2167, 48.9417 ], [ 26.2167, 48.9083 ], [ 26.1833, 48.8917 ], [ 26.1833, 48.875 ], [ 26.2, 48.8667 ], [ 26.2, 48.85 ], [ 26.2083, 48.85 ], [ 26.2167, 48.8333 ], [ 26.225, 48.8333 ], [ 26.225, 48.7833 ], [ 26.2167, 48.7833 ], [ 26.2167, 48.775 ], [ 26.2, 48.775 ], [ 26.1917, 48.7917 ], [ 26.1833, 48.7917 ], [ 26.1833, 48.8083 ], [ 26.1667, 48.8167 ], [ 26.1667, 48.825 ], [ 26.15, 48.825 ], [ 26.15, 48.8333 ], [ 26.1333, 48.8417 ], [ 26.1333, 48.85 ], [ 26.1167, 48.85 ], [ 26.1083, 48.8667 ], [ 26.1, 48.8667 ], [ 26.1, 48.875 ], [ 26.0833, 48.8833 ], [ 26.0833, 48.8917 ], [ 26.075, 48.8917 ], [ 26.075, 48.9 ], [ 26.0583, 48.9 ], [ 26.05, 48.9167 ], [ 26.0333, 48.9167 ], [ 26.0333, 48.9333 ], [ 26.0167, 48.9417 ], [ 26.0167, 48.9583 ], [ 26.0, 48.9583 ], [ 26.0, 48.9667 ], [ 25.9833, 48.975 ], [ 25.9833, 48.9917 ], [ 25.975, 48.9917 ], [ 25.975, 49.0083 ], [ 25.9667, 49.0083 ], [ 25.9667, 49.0167 ], [ 25.95, 49.0167 ], [ 25.95, 49.025 ], [ 25.9333, 49.025 ], [ 25.9333, 49.0333 ], [ 25.9167, 49.0333 ], [ 25.9167, 49.0417 ], [ 25.9083, 49.0417 ], [ 25.9, 49.0583 ], [ 25.8917, 49.0583 ], [ 25.8917, 49.075 ], [ 25.875, 49.0833 ], [ 25.875, 49.1 ], [ 25.8667, 49.1 ], [ 25.8667, 49.1167 ], [ 25.8583, 49.1167 ], [ 25.8583, 49.1333 ], [ 25.85, 49.1333 ], [ 25.85, 49.15 ], [ 25.8333, 49.1583 ], [ 25.8333, 49.175 ], [ 25.825, 49.175 ], [ 25.825, 49.1917 ], [ 25.8167, 49.1917 ], [ 25.8167, 49.2083 ], [ 25.8083, 49.2083 ], [ 25.8083, 49.2333 ], [ 25.8, 49.2333 ], [ 25.8, 49.25 ], [ 25.7917, 49.25 ], [ 25.7917, 49.2667 ], [ 25.7833, 49.2667 ], [ 25.7833, 49.3333 ], [ 25.8167, 49.3333 ] ], [ [ 25.8833, 49.2833 ], [ 25.8667, 49.2833 ], [ 25.8667, 49.275 ], [ 25.85, 49.275 ], [ 25.85, 49.2667 ], [ 25.8417, 49.2667 ], [ 25.8417, 49.2333 ], [ 25.85, 49.2333 ], [ 25.85, 49.2167 ], [ 25.8667, 49.2083 ], [ 25.8667, 49.2 ], [ 25.875, 49.2 ], [ 25.875, 49.1917 ], [ 25.8917, 49.1917 ], [ 25.8917, 49.1833 ], [ 25.9083, 49.1833 ], [ 25.9083, 49.175 ], [ 25.925, 49.175 ], [ 25.925, 49.1667 ], [ 25.9417, 49.1667 ], [ 25.9417, 49.1583 ], [ 25.9583, 49.1583 ], [ 25.9583, 49.15 ], [ 25.9667, 49.15 ], [ 25.975, 49.1333 ], [ 25.9833, 49.1333 ], [ 25.9833, 49.1167 ], [ 25.9917, 49.1167 ], [ 25.9917, 49.1 ], [ 26.0, 49.1 ], [ 26.0, 49.0833 ], [ 26.0167, 49.0833 ], [ 26.0167, 49.075 ], [ 26.0583, 49.075 ], [ 26.0583, 49.0833 ], [ 26.0667, 49.0833 ], [ 26.0667, 49.1 ], [ 26.075, 49.1 ], [ 26.075, 49.1333 ], [ 26.0667, 49.1333 ], [ 26.0667, 49.15 ], [ 26.05, 49.1583 ], [ 26.0417, 49.175 ], [ 26.0333, 49.175 ], [ 26.0333, 49.2083 ], [ 26.05, 49.2167 ], [ 26.05, 49.225 ], [ 26.0583, 49.225 ], [ 26.0583, 49.2417 ], [ 26.0667, 49.2417 ], [ 26.0667, 49.2583 ], [ 26.0583, 49.2583 ], [ 26.0583, 49.275 ], [ 26.0417, 49.275 ], [ 26.0417, 49.2833 ], [ 25.9333, 49.2833 ], [ 25.9333, 49.2917 ], [ 25.8833, 49.2917 ], [ 25.8833, 49.2833 ] ] ], [ [ [ 33.275, 49.0333 ], [ 33.275, 48.9917 ], [ 33.2667, 48.9917 ], [ 33.2667, 48.975 ], [ 33.275, 48.975 ], [ 33.275, 48.9583 ], [ 33.2917, 48.95 ], [ 33.2917, 48.9083 ], [ 33.275, 48.9 ], [ 33.275, 48.8917 ], [ 33.2583, 48.8917 ], [ 33.25, 48.875 ], [ 33.2333, 48.875 ], [ 33.225, 48.8583 ], [ 33.2083, 48.8583 ], [ 33.2083, 48.85 ], [ 33.2, 48.85 ], [ 33.1917, 48.8333 ], [ 33.1833, 48.8333 ], [ 33.1833, 48.8167 ], [ 33.175, 48.8167 ], [ 33.175, 48.7917 ], [ 33.1667, 48.7917 ], [ 33.1667, 48.775 ], [ 33.15, 48.775 ], [ 33.15, 48.7667 ], [ 33.075, 48.7667 ], [ 33.075, 48.775 ], [ 33.0583, 48.775 ], [ 33.0583, 48.7833 ], [ 33.0417, 48.7833 ], [ 33.0333, 48.8 ], [ 33.0167, 48.8 ], [ 33.0167, 48.8083 ], [ 33.0, 48.8083 ], [ 33.0, 48.8167 ], [ 32.8833, 48.8167 ], [ 32.875, 48.8333 ], [ 32.8583, 48.8333 ], [ 32.85, 48.85 ], [ 32.8417, 48.85 ], [ 32.8417, 48.8667 ], [ 32.85, 48.8667 ], [ 32.85, 48.875 ], [ 32.8667, 48.8833 ], [ 32.8667, 48.8917 ], [ 32.875, 48.8917 ], [ 32.875, 48.9 ], [ 32.8917, 48.9083 ], [ 32.8917, 48.9167 ], [ 32.9083, 48.9167 ], [ 32.9167, 48.9333 ], [ 32.9333, 48.9333 ], [ 32.9333, 48.9417 ], [ 32.9917, 48.9417 ], [ 32.9917, 48.9333 ], [ 33.0083, 48.9333 ], [ 33.0083, 48.9167 ], [ 33.0167, 48.9167 ], [ 33.0167, 48.9083 ], [ 33.05, 48.9083 ], [ 33.05, 48.9167 ], [ 33.075, 48.9167 ], [ 33.075, 48.925 ], [ 33.0917, 48.925 ], [ 33.0917, 48.9333 ], [ 33.1083, 48.9333 ], [ 33.1083, 48.9417 ], [ 33.125, 48.95 ], [ 33.125, 48.9583 ], [ 33.1667, 48.9583 ], [ 33.1667, 48.9667 ], [ 33.2083, 48.9667 ], [ 33.2083, 48.975 ], [ 33.2167, 48.975 ], [ 33.2167, 49.0 ], [ 33.225, 49.0 ], [ 33.225, 49.025 ], [ 33.2333, 49.025 ], [ 33.2333, 49.0333 ], [ 33.275, 49.0333 ] ] ], [ [ [ 26.8667, 48.8917 ], [ 26.8667, 48.9 ], [ 26.95, 48.9 ], [ 26.95, 48.875 ], [ 26.9333, 48.875 ], [ 26.9333, 48.8667 ], [ 26.8667, 48.8667 ], [ 26.8667, 48.8583 ], [ 26.85, 48.8583 ], [ 26.85, 48.85 ], [ 26.8333, 48.8417 ], [ 26.8333, 48.8333 ], [ 26.825, 48.8333 ], [ 26.825, 48.825 ], [ 26.8083, 48.825 ], [ 26.8083, 48.8167 ], [ 26.7583, 48.8167 ], [ 26.7583, 48.825 ], [ 26.7083, 48.825 ], [ 26.7083, 48.8167 ], [ 26.7, 48.8167 ], [ 26.7, 48.7917 ], [ 26.6917, 48.7917 ], [ 26.6917, 48.775 ], [ 26.6833, 48.775 ], [ 26.6833, 48.7667 ], [ 26.6667, 48.7667 ], [ 26.6667, 48.775 ], [ 26.6583, 48.775 ], [ 26.6583, 48.8 ], [ 26.6667, 48.8 ], [ 26.6667, 48.8333 ], [ 26.6583, 48.8333 ], [ 26.6583, 48.85 ], [ 26.65, 48.85 ], [ 26.65, 48.8667 ], [ 26.6417, 48.8667 ], [ 26.6417, 48.8833 ], [ 26.65, 48.8833 ], [ 26.65, 48.8917 ], [ 26.6833, 48.8917 ], [ 26.6833, 48.8833 ], [ 26.7333, 48.8833 ], [ 26.7333, 48.8917 ], [ 26.75, 48.8917 ], [ 26.7583, 48.9083 ], [ 26.775, 48.9083 ], [ 26.775, 48.9167 ], [ 26.8, 48.9167 ], [ 26.8, 48.925 ], [ 26.8167, 48.925 ], [ 26.8167, 48.9167 ], [ 26.8333, 48.9167 ], [ 26.8417, 48.9 ], [ 26.8583, 48.9 ], [ 26.8583, 48.8917 ], [ 26.8667, 48.8917 ] ], [ [ 26.85, 48.8917 ], [ 26.85, 48.8833 ], [ 26.8583, 48.8833 ], [ 26.8583, 48.8917 ], [ 26.85, 48.8917 ] ] ], [ [ [ 26.3167, 48.8917 ], [ 26.3167, 48.8833 ], [ 26.3333, 48.875 ], [ 26.3333, 48.8583 ], [ 26.3417, 48.8583 ], [ 26.3417, 48.85 ], [ 26.3583, 48.85 ], [ 26.3583, 48.8417 ], [ 26.375, 48.8417 ], [ 26.375, 48.825 ], [ 26.3833, 48.825 ], [ 26.3833, 48.8 ], [ 26.375, 48.8 ], [ 26.3667, 48.7833 ], [ 26.3583, 48.7833 ], [ 26.3583, 48.7333 ], [ 26.3667, 48.7333 ], [ 26.3667, 48.7167 ], [ 26.35, 48.7083 ], [ 26.35, 48.7 ], [ 26.2917, 48.7 ], [ 26.2833, 48.7167 ], [ 26.275, 48.7167 ], [ 26.275, 48.725 ], [ 26.2833, 48.725 ], [ 26.2833, 48.75 ], [ 26.2917, 48.75 ], [ 26.2917, 48.7583 ], [ 26.2833, 48.7583 ], [ 26.2833, 48.7833 ], [ 26.275, 48.7833 ], [ 26.275, 48.8 ], [ 26.2667, 48.8 ], [ 26.2667, 48.8167 ], [ 26.2583, 48.8167 ], [ 26.2583, 48.85 ], [ 26.2667, 48.85 ], [ 26.2667, 48.8667 ], [ 26.2833, 48.8667 ], [ 26.2833, 48.875 ], [ 26.3, 48.8833 ], [ 26.3, 48.8917 ], [ 26.3167, 48.8917 ] ] ], [ [ [ 25.1417, 49.7667 ], [ 25.1417, 49.7583 ], [ 25.1583, 49.7583 ], [ 25.1583, 49.7417 ], [ 25.1667, 49.7417 ], [ 25.1667, 49.7333 ], [ 25.1833, 49.725 ], [ 25.1833, 49.7167 ], [ 25.2083, 49.7167 ], [ 25.2083, 49.725 ], [ 25.2417, 49.725 ], [ 25.2417, 49.7333 ], [ 25.2667, 49.7333 ], [ 25.2667, 49.7417 ], [ 25.325, 49.7417 ], [ 25.325, 49.7333 ], [ 25.3667, 49.7333 ], [ 25.3667, 49.725 ], [ 25.4583, 49.725 ], [ 25.4583, 49.6917 ], [ 25.4667, 49.6917 ], [ 25.4667, 49.675 ], [ 25.475, 49.675 ], [ 25.475, 49.6583 ], [ 25.4917, 49.65 ], [ 25.4917, 49.6417 ], [ 25.5083, 49.6333 ], [ 25.5083, 49.625 ], [ 25.525, 49.6167 ], [ 25.525, 49.6083 ], [ 25.5417, 49.6083 ], [ 25.5417, 49.6 ], [ 25.5583, 49.6 ], [ 25.5583, 49.5917 ], [ 25.5667, 49.5917 ], [ 25.5667, 49.5833 ], [ 25.575, 49.5833 ], [ 25.5833, 49.5667 ], [ 25.5917, 49.5667 ], [ 25.5917, 49.5417 ], [ 25.6083, 49.5417 ], [ 25.6083, 49.5333 ], [ 25.6, 49.5333 ], [ 25.6, 49.5167 ], [ 25.6083, 49.5167 ], [ 25.6083, 49.3833 ], [ 25.6167, 49.3833 ], [ 25.6167, 49.3417 ], [ 25.625, 49.3417 ], [ 25.6167, 49.325 ], [ 25.625, 49.325 ], [ 25.625, 49.3083 ], [ 25.6333, 49.3083 ], [ 25.6333, 49.2917 ], [ 25.6417, 49.2917 ], [ 25.6417, 49.275 ], [ 25.65, 49.275 ], [ 25.65, 49.2667 ], [ 25.6667, 49.2583 ], [ 25.6667, 49.25 ], [ 25.675, 49.25 ], [ 25.675, 49.2333 ], [ 25.6917, 49.225 ], [ 25.6917, 49.2167 ], [ 25.7, 49.2167 ], [ 25.7, 49.2 ], [ 25.7167, 49.1917 ], [ 25.7167, 49.175 ], [ 25.7333, 49.1667 ], [ 25.7333, 49.125 ], [ 25.725, 49.125 ], [ 25.725, 49.0833 ], [ 25.7333, 49.0833 ], [ 25.7333, 49.0667 ], [ 25.7417, 49.0667 ], [ 25.7417, 49.0583 ], [ 25.75, 49.0583 ], [ 25.75, 49.0417 ], [ 25.7417, 49.0417 ], [ 25.7417, 49.0333 ], [ 25.6917, 49.0333 ], [ 25.6917, 49.025 ], [ 25.7, 49.025 ], [ 25.7, 49.0083 ], [ 25.7167, 49.0083 ], [ 25.7167, 49.0 ], [ 25.725, 49.0 ], [ 25.7333, 48.9833 ], [ 25.7417, 48.9833 ], [ 25.7417, 48.975 ], [ 25.75, 48.975 ], [ 25.7583, 48.9583 ], [ 25.7667, 48.9583 ], [ 25.7667, 48.9667 ], [ 25.7833, 48.9667 ], [ 25.7833, 48.9583 ], [ 25.7917, 48.9583 ], [ 25.8, 48.9417 ], [ 25.8083, 48.9417 ], [ 25.8083, 48.9333 ], [ 25.8167, 48.9333 ], [ 25.8167, 48.9167 ], [ 25.8083, 48.9167 ], [ 25.8083, 48.8833 ], [ 25.8, 48.8833 ], [ 25.8, 48.8333 ], [ 25.8083, 48.8333 ], [ 25.8083, 48.7917 ], [ 25.8167, 48.7917 ], [ 25.8167, 48.7667 ], [ 25.825, 48.7667 ], [ 25.825, 48.75 ], [ 25.8417, 48.7417 ], [ 25.8417, 48.725 ], [ 25.8583, 48.7167 ], [ 25.8583, 48.6833 ], [ 25.85, 48.6833 ], [ 25.85, 48.675 ], [ 25.8333, 48.675 ], [ 25.825, 48.6917 ], [ 25.8167, 48.6917 ], [ 25.8167, 48.7167 ], [ 25.8083, 48.7167 ], [ 25.8083, 48.7333 ], [ 25.7917, 48.7333 ], [ 25.7833, 48.7167 ], [ 25.775, 48.7167 ], [ 25.775, 48.7 ], [ 25.7583, 48.6917 ], [ 25.7583, 48.6833 ], [ 25.7333, 48.6833 ], [ 25.7333, 48.7167 ], [ 25.725, 48.7167 ], [ 25.725, 48.7333 ], [ 25.7167, 48.7333 ], [ 25.7167, 48.75 ], [ 25.7, 48.75 ], [ 25.7, 48.7583 ], [ 25.6833, 48.7583 ], [ 25.6833, 48.7667 ], [ 25.6667, 48.7667 ], [ 25.6667, 48.775 ], [ 25.65, 48.775 ], [ 25.6417, 48.7917 ], [ 25.6333, 48.7917 ], [ 25.6333, 48.8083 ], [ 25.625, 48.8083 ], [ 25.625, 48.8167 ], [ 25.5833, 48.8167 ], [ 25.5833, 48.8083 ], [ 25.5417, 48.8083 ], [ 25.5417, 48.8167 ], [ 25.525, 48.8167 ], [ 25.525, 48.825 ], [ 25.5167, 48.825 ], [ 25.5167, 48.8333 ], [ 25.5, 48.8333 ], [ 25.5, 48.8417 ], [ 25.475, 48.8417 ], [ 25.475, 48.85 ], [ 25.4583, 48.85 ], [ 25.4583, 48.8917 ], [ 25.475, 48.9 ], [ 25.475, 48.95 ], [ 25.4833, 48.95 ], [ 25.4833, 48.9667 ], [ 25.5, 48.9667 ], [ 25.5083, 48.9833 ], [ 25.5167, 48.9833 ], [ 25.525, 49.0 ], [ 25.5333, 49.0 ], [ 25.5333, 49.0167 ], [ 25.525, 49.0167 ], [ 25.525, 49.025 ], [ 25.5083, 49.025 ], [ 25.5083, 49.0333 ], [ 25.4917, 49.0333 ], [ 25.4917, 49.0417 ], [ 25.475, 49.0417 ], [ 25.475, 49.05 ], [ 25.4667, 49.05 ], [ 25.4583, 49.0667 ], [ 25.45, 49.0667 ], [ 25.45, 49.0917 ], [ 25.4417, 49.0917 ], [ 25.4417, 49.1083 ], [ 25.4333, 49.1083 ], [ 25.4333, 49.125 ], [ 25.4167, 49.1333 ], [ 25.4167, 49.1417 ], [ 25.3667, 49.1417 ], [ 25.3667, 49.1333 ], [ 25.3583, 49.1333 ], [ 25.3583, 49.125 ], [ 25.35, 49.125 ], [ 25.35, 49.1083 ], [ 25.3417, 49.1083 ], [ 25.3417, 49.0917 ], [ 25.3333, 49.0917 ], [ 25.3333, 49.075 ], [ 25.325, 49.075 ], [ 25.325, 49.05 ], [ 25.3, 49.05 ], [ 25.3, 49.0583 ], [ 25.2833, 49.0583 ], [ 25.275, 49.075 ], [ 25.2667, 49.075 ], [ 25.2667, 49.0917 ], [ 25.25, 49.1 ], [ 25.25, 49.1083 ], [ 25.2, 49.1083 ], [ 25.1917, 49.125 ], [ 25.1833, 49.125 ], [ 25.1833, 49.175 ], [ 25.175, 49.175 ], [ 25.175, 49.1917 ], [ 25.1583, 49.1917 ], [ 25.1583, 49.2 ], [ 25.1417, 49.2 ], [ 25.1417, 49.2167 ], [ 25.1333, 49.2167 ], [ 25.1333, 49.2333 ], [ 25.125, 49.2333 ], [ 25.125, 49.25 ], [ 25.1167, 49.25 ], [ 25.1167, 49.3167 ], [ 25.1333, 49.325 ], [ 25.1333, 49.3417 ], [ 25.1417, 49.3417 ], [ 25.1417, 49.3583 ], [ 25.15, 49.3583 ], [ 25.15, 49.375 ], [ 25.1333, 49.3833 ], [ 25.1333, 49.3917 ], [ 25.1167, 49.3917 ], [ 25.1167, 49.4 ], [ 25.0917, 49.4 ], [ 25.0917, 49.4083 ], [ 25.075, 49.4083 ], [ 25.075, 49.4583 ], [ 25.0833, 49.4583 ], [ 25.0833, 49.4667 ], [ 25.1417, 49.4667 ], [ 25.1417, 49.4583 ], [ 25.1583, 49.4583 ], [ 25.1583, 49.45 ], [ 25.175, 49.45 ], [ 25.175, 49.4417 ], [ 25.1917, 49.4417 ], [ 25.2, 49.425 ], [ 25.2417, 49.425 ], [ 25.2417, 49.45 ], [ 25.2333, 49.45 ], [ 25.225, 49.4667 ], [ 25.2083, 49.4667 ], [ 25.2083, 49.475 ], [ 25.1917, 49.4833 ], [ 25.1917, 49.4917 ], [ 25.175, 49.5 ], [ 25.175, 49.5083 ], [ 25.1583, 49.5083 ], [ 25.1583, 49.5167 ], [ 25.1417, 49.525 ], [ 25.1417, 49.5333 ], [ 25.125, 49.5333 ], [ 25.1167, 49.55 ], [ 25.1, 49.55 ], [ 25.0917, 49.5667 ], [ 25.075, 49.5667 ], [ 25.0667, 49.5833 ], [ 25.0583, 49.5833 ], [ 25.0583, 49.65 ], [ 25.0417, 49.6583 ], [ 25.0333, 49.675 ], [ 25.0167, 49.675 ], [ 25.0167, 49.6833 ], [ 25.0, 49.6833 ], [ 25.0, 49.6917 ], [ 24.9833, 49.6917 ], [ 24.9833, 49.65 ], [ 24.975, 49.65 ], [ 24.975, 49.6417 ], [ 24.9583, 49.6417 ], [ 24.9583, 49.65 ], [ 24.925, 49.65 ], [ 24.925, 49.6583 ], [ 24.8667, 49.6583 ], [ 24.8667, 49.6333 ], [ 24.8833, 49.625 ], [ 24.8833, 49.6167 ], [ 24.9, 49.6167 ], [ 24.9, 49.6083 ], [ 24.9083, 49.6083 ], [ 24.9167, 49.5917 ], [ 24.925, 49.5917 ], [ 24.925, 49.5667 ], [ 24.9167, 49.5667 ], [ 24.9167, 49.5417 ], [ 24.925, 49.5417 ], [ 24.925, 49.525 ], [ 24.9167, 49.525 ], [ 24.9167, 49.5167 ], [ 24.9, 49.5083 ], [ 24.9, 49.5 ], [ 24.8917, 49.5 ], [ 24.8917, 49.5083 ], [ 24.8417, 49.5083 ], [ 24.8417, 49.5 ], [ 24.8, 49.5 ], [ 24.8, 49.5083 ], [ 24.8083, 49.5083 ], [ 24.8083, 49.5333 ], [ 24.8167, 49.5333 ], [ 24.8167, 49.55 ], [ 24.825, 49.55 ], [ 24.8333, 49.5667 ], [ 24.8417, 49.5667 ], [ 24.8417, 49.6083 ], [ 24.8333, 49.6083 ], [ 24.8333, 49.6167 ], [ 24.825, 49.6167 ], [ 24.825, 49.6333 ], [ 24.8167, 49.6333 ], [ 24.8167, 49.6583 ], [ 24.825, 49.6583 ], [ 24.825, 49.675 ], [ 24.8417, 49.6833 ], [ 24.8417, 49.6917 ], [ 24.8583, 49.6917 ], [ 24.8583, 49.7 ], [ 24.8833, 49.7 ], [ 24.8833, 49.7083 ], [ 24.9833, 49.7083 ], [ 24.9833, 49.7167 ], [ 24.9917, 49.7167 ], [ 25.0, 49.7333 ], [ 25.0083, 49.7333 ], [ 25.0083, 49.7417 ], [ 25.0333, 49.7417 ], [ 25.0333, 49.7333 ], [ 25.0583, 49.7333 ], [ 25.0583, 49.7417 ], [ 25.075, 49.7417 ], [ 25.075, 49.75 ], [ 25.0917, 49.75 ], [ 25.0917, 49.7583 ], [ 25.1083, 49.7583 ], [ 25.1083, 49.7667 ], [ 25.1417, 49.7667 ] ], [ [ 25.45, 49.575 ], [ 25.4417, 49.575 ], [ 25.4417, 49.55 ], [ 25.4333, 49.55 ], [ 25.4333, 49.5167 ], [ 25.425, 49.5167 ], [ 25.425, 49.4917 ], [ 25.375, 49.4917 ], [ 25.375, 49.5 ], [ 25.325, 49.5 ], [ 25.325, 49.4833 ], [ 25.3417, 49.4833 ], [ 25.35, 49.4667 ], [ 25.3667, 49.4667 ], [ 25.375, 49.45 ], [ 25.3833, 49.45 ], [ 25.3833, 49.4333 ], [ 25.3917, 49.4333 ], [ 25.3917, 49.4167 ], [ 25.3833, 49.4167 ], [ 25.3833, 49.4 ], [ 25.3917, 49.4 ], [ 25.3917, 49.3917 ], [ 25.4417, 49.3917 ], [ 25.4417, 49.4 ], [ 25.475, 49.4 ], [ 25.475, 49.4083 ], [ 25.4833, 49.4083 ], [ 25.4917, 49.425 ], [ 25.5417, 49.425 ], [ 25.5417, 49.4417 ], [ 25.5333, 49.4417 ], [ 25.525, 49.4583 ], [ 25.5167, 49.4583 ], [ 25.5167, 49.475 ], [ 25.525, 49.475 ], [ 25.525, 49.4917 ], [ 25.5333, 49.4917 ], [ 25.5333, 49.5083 ], [ 25.5417, 49.5083 ], [ 25.5417, 49.5333 ], [ 25.5333, 49.5333 ], [ 25.5333, 49.55 ], [ 25.525, 49.55 ], [ 25.525, 49.5583 ], [ 25.5083, 49.5667 ], [ 25.5083, 49.575 ], [ 25.4833, 49.575 ], [ 25.4833, 49.5833 ], [ 25.45, 49.5833 ], [ 25.45, 49.575 ] ], [ [ 25.5583, 49.5333 ], [ 25.5667, 49.5333 ], [ 25.5667, 49.55 ], [ 25.55, 49.55 ], [ 25.5583, 49.5333 ] ] ], [ [ [ 35.1167, 48.7333 ], [ 35.1167, 48.725 ], [ 35.125, 48.725 ], [ 35.1333, 48.7083 ], [ 35.1417, 48.7083 ], [ 35.1417, 48.6917 ], [ 35.15, 48.6917 ], [ 35.15, 48.675 ], [ 35.1583, 48.675 ], [ 35.1583, 48.6667 ], [ 35.175, 48.6583 ], [ 35.175, 48.65 ], [ 35.1917, 48.65 ], [ 35.1917, 48.6417 ], [ 35.2167, 48.6417 ], [ 35.2167, 48.65 ], [ 35.2417, 48.65 ], [ 35.2417, 48.6583 ], [ 35.2583, 48.6583 ], [ 35.2583, 48.6667 ], [ 35.275, 48.675 ], [ 35.275, 48.6833 ], [ 35.2917, 48.6833 ], [ 35.3, 48.7 ], [ 35.325, 48.7 ], [ 35.325, 48.7083 ], [ 35.3417, 48.7083 ], [ 35.3417, 48.7 ], [ 35.35, 48.7 ], [ 35.35, 48.6917 ], [ 35.3583, 48.6917 ], [ 35.3583, 48.675 ], [ 35.325, 48.675 ], [ 35.325, 48.6667 ], [ 35.3083, 48.6667 ], [ 35.3083, 48.6583 ], [ 35.3, 48.6583 ], [ 35.3, 48.6417 ], [ 35.2917, 48.6417 ], [ 35.2833, 48.625 ], [ 35.275, 48.625 ], [ 35.275, 48.6167 ], [ 35.2833, 48.6167 ], [ 35.2833, 48.5917 ], [ 35.275, 48.5917 ], [ 35.275, 48.575 ], [ 35.2667, 48.575 ], [ 35.2667, 48.5667 ], [ 35.2333, 48.5667 ], [ 35.2333, 48.5583 ], [ 35.2167, 48.5583 ], [ 35.2167, 48.5667 ], [ 35.1833, 48.5667 ], [ 35.1833, 48.575 ], [ 35.1583, 48.575 ], [ 35.1583, 48.5833 ], [ 35.1417, 48.5833 ], [ 35.1417, 48.6 ], [ 35.1333, 48.6 ], [ 35.125, 48.6167 ], [ 35.1167, 48.6167 ], [ 35.1167, 48.6417 ], [ 35.1083, 48.6417 ], [ 35.1083, 48.6583 ], [ 35.0917, 48.6667 ], [ 35.0917, 48.6833 ], [ 35.0833, 48.6833 ], [ 35.0833, 48.7 ], [ 35.0667, 48.7083 ], [ 35.0667, 48.725 ], [ 35.075, 48.725 ], [ 35.075, 48.7333 ], [ 35.1167, 48.7333 ] ], [ [ 35.2, 48.625 ], [ 35.2167, 48.625 ], [ 35.2167, 48.6333 ], [ 35.2, 48.6333 ], [ 35.2, 48.625 ] ], [ [ 35.2583, 48.625 ], [ 35.2667, 48.625 ], [ 35.2667, 48.6333 ], [ 35.2583, 48.6333 ], [ 35.2583, 48.625 ] ] ], [ [ [ 34.5667, 48.9667 ], [ 34.5667, 48.9583 ], [ 34.575, 48.9583 ], [ 34.575, 48.9333 ], [ 34.5833, 48.9333 ], [ 34.5833, 48.9167 ], [ 34.575, 48.9167 ], [ 34.575, 48.875 ], [ 34.5667, 48.875 ], [ 34.5667, 48.8583 ], [ 34.5583, 48.8583 ], [ 34.5583, 48.8417 ], [ 34.55, 48.8417 ], [ 34.55, 48.8333 ], [ 34.5583, 48.8333 ], [ 34.5583, 48.8083 ], [ 34.5917, 48.8083 ], [ 34.5917, 48.8167 ], [ 34.6, 48.8167 ], [ 34.6, 48.8333 ], [ 34.6083, 48.8333 ], [ 34.6083, 48.85 ], [ 34.6167, 48.85 ], [ 34.6167, 48.8583 ], [ 34.6333, 48.8583 ], [ 34.6333, 48.85 ], [ 34.65, 48.85 ], [ 34.65, 48.8333 ], [ 34.6583, 48.8333 ], [ 34.6583, 48.8083 ], [ 34.6667, 48.8083 ], [ 34.6667, 48.8 ], [ 34.725, 48.8 ], [ 34.725, 48.7917 ], [ 34.75, 48.7917 ], [ 34.775, 48.7417 ], [ 34.825, 48.7417 ], [ 34.825, 48.7583 ], [ 34.8417, 48.7667 ], [ 34.8417, 48.775 ], [ 34.8833, 48.775 ], [ 34.8917, 48.7583 ], [ 34.875, 48.75 ], [ 34.875, 48.7417 ], [ 34.8583, 48.7333 ], [ 34.8583, 48.725 ], [ 34.875, 48.7167 ], [ 34.875, 48.7083 ], [ 34.8917, 48.7083 ], [ 34.8917, 48.7 ], [ 34.9, 48.7 ], [ 34.9, 48.6833 ], [ 34.9083, 48.6833 ], [ 34.9167, 48.6667 ], [ 34.9333, 48.6667 ], [ 34.9333, 48.6583 ], [ 34.9667, 48.6583 ], [ 34.9667, 48.65 ], [ 34.9833, 48.65 ], [ 34.9833, 48.6333 ], [ 35.0, 48.625 ], [ 35.0, 48.6167 ], [ 35.025, 48.6167 ], [ 35.025, 48.6083 ], [ 35.0417, 48.6083 ], [ 35.05, 48.625 ], [ 35.075, 48.625 ], [ 35.075, 48.6167 ], [ 35.0917, 48.6167 ], [ 35.0917, 48.5917 ], [ 35.0833, 48.5917 ], [ 35.0833, 48.5667 ], [ 35.1333, 48.5417 ], [ 35.1333, 48.5167 ], [ 35.1167, 48.5083 ], [ 35.1167, 48.5167 ], [ 35.0917, 48.5167 ], [ 35.0833, 48.5333 ], [ 35.05, 48.5333 ], [ 35.05, 48.525 ], [ 35.0333, 48.525 ], [ 35.0333, 48.5333 ], [ 35.0, 48.5333 ], [ 35.0, 48.5417 ], [ 34.9667, 48.5417 ], [ 34.9667, 48.55 ], [ 34.95, 48.55 ], [ 34.95, 48.5583 ], [ 34.9333, 48.5583 ], [ 34.9333, 48.5667 ], [ 34.9167, 48.5667 ], [ 34.9083, 48.5833 ], [ 34.8917, 48.5833 ], [ 34.8833, 48.6 ], [ 34.875, 48.6 ], [ 34.875, 48.6167 ], [ 34.8667, 48.6167 ], [ 34.8667, 48.6333 ], [ 34.8583, 48.6333 ], [ 34.8583, 48.6417 ], [ 34.85, 48.6417 ], [ 34.8417, 48.6583 ], [ 34.8333, 48.6583 ], [ 34.8333, 48.6667 ], [ 34.825, 48.6667 ], [ 34.825, 48.675 ], [ 34.8083, 48.6833 ], [ 34.8083, 48.6917 ], [ 34.7917, 48.6917 ], [ 34.7917, 48.7 ], [ 34.775, 48.7 ], [ 34.775, 48.7083 ], [ 34.7583, 48.7083 ], [ 34.7583, 48.7167 ], [ 34.7417, 48.7167 ], [ 34.7417, 48.725 ], [ 34.6667, 48.725 ], [ 34.6583, 48.7417 ], [ 34.6417, 48.75 ], [ 34.6417, 48.775 ], [ 34.625, 48.775 ], [ 34.625, 48.7833 ], [ 34.5333, 48.7833 ], [ 34.5333, 48.7917 ], [ 34.5167, 48.7917 ], [ 34.5083, 48.8083 ], [ 34.4917, 48.8083 ], [ 34.4917, 48.825 ], [ 34.5, 48.825 ], [ 34.5, 48.875 ], [ 34.5083, 48.875 ], [ 34.5083, 48.8833 ], [ 34.525, 48.8917 ], [ 34.525, 48.9167 ], [ 34.5167, 48.9167 ], [ 34.5167, 48.925 ], [ 34.525, 48.925 ], [ 34.525, 48.95 ], [ 34.5333, 48.95 ], [ 34.5417, 48.9667 ], [ 34.5667, 48.9667 ] ] ], [ [ [ 25.3917, 48.8083 ], [ 25.3917, 48.8 ], [ 25.4083, 48.8 ], [ 25.4083, 48.7917 ], [ 25.425, 48.7917 ], [ 25.425, 48.7833 ], [ 25.4417, 48.7833 ], [ 25.4417, 48.775 ], [ 25.4583, 48.775 ], [ 25.4583, 48.7667 ], [ 25.475, 48.7583 ], [ 25.475, 48.75 ], [ 25.4917, 48.75 ], [ 25.4917, 48.7417 ], [ 25.5083, 48.7333 ], [ 25.5083, 48.725 ], [ 25.525, 48.7167 ], [ 25.525, 48.7083 ], [ 25.5417, 48.7083 ], [ 25.55, 48.6917 ], [ 25.5667, 48.6917 ], [ 25.5667, 48.6833 ], [ 25.6, 48.6833 ], [ 25.6, 48.675 ], [ 25.6417, 48.675 ], [ 25.6417, 48.6667 ], [ 25.675, 48.6667 ], [ 25.675, 48.6417 ], [ 25.6417, 48.625 ], [ 25.6417, 48.6333 ], [ 25.6083, 48.6333 ], [ 25.6083, 48.6417 ], [ 25.5833, 48.6417 ], [ 25.5833, 48.65 ], [ 25.5667, 48.65 ], [ 25.5667, 48.6583 ], [ 25.5417, 48.6583 ], [ 25.5417, 48.6667 ], [ 25.5167, 48.6667 ], [ 25.5167, 48.6583 ], [ 25.5083, 48.6583 ], [ 25.5083, 48.6417 ], [ 25.5417, 48.625 ], [ 25.5333, 48.6083 ], [ 25.525, 48.6083 ], [ 25.525, 48.5833 ], [ 25.5417, 48.575 ], [ 25.5417, 48.5667 ], [ 25.5583, 48.5667 ], [ 25.5583, 48.5417 ], [ 25.525, 48.5417 ], [ 25.525, 48.55 ], [ 25.5, 48.55 ], [ 25.5, 48.5583 ], [ 25.4833, 48.5583 ], [ 25.4833, 48.5667 ], [ 25.4583, 48.5667 ], [ 25.4583, 48.5583 ], [ 25.4417, 48.5583 ], [ 25.4417, 48.5667 ], [ 25.425, 48.575 ], [ 25.425, 48.5833 ], [ 25.4083, 48.5833 ], [ 25.4, 48.6 ], [ 25.3417, 48.6 ], [ 25.3333, 48.5833 ], [ 25.325, 48.5833 ], [ 25.325, 48.55 ], [ 25.3417, 48.5417 ], [ 25.3417, 48.525 ], [ 25.3667, 48.525 ], [ 25.3667, 48.5167 ], [ 25.3833, 48.5167 ], [ 25.3833, 48.5083 ], [ 25.4, 48.5083 ], [ 25.4, 48.5 ], [ 25.4333, 48.5 ], [ 25.4333, 48.4917 ], [ 25.575, 48.4917 ], [ 25.575, 48.4833 ], [ 25.6083, 48.4833 ], [ 25.6083, 48.475 ], [ 25.65, 48.475 ], [ 25.65, 48.4667 ], [ 25.6917, 48.4667 ], [ 25.6917, 48.475 ], [ 25.7083, 48.475 ], [ 25.7083, 48.4917 ], [ 25.7167, 48.4917 ], [ 25.7167, 48.5 ], [ 25.7333, 48.5083 ], [ 25.7333, 48.5167 ], [ 25.7417, 48.5167 ], [ 25.7417, 48.525 ], [ 25.75, 48.525 ], [ 25.75, 48.5667 ], [ 25.7417, 48.5667 ], [ 25.7333, 48.5833 ], [ 25.725, 48.5833 ], [ 25.7167, 48.6 ], [ 25.7083, 48.6 ], [ 25.7083, 48.6417 ], [ 25.7167, 48.6417 ], [ 25.7167, 48.65 ], [ 25.7333, 48.65 ], [ 25.7333, 48.6417 ], [ 25.75, 48.6417 ], [ 25.7583, 48.625 ], [ 25.7917, 48.625 ], [ 25.7917, 48.6333 ], [ 25.8, 48.6333 ], [ 25.8, 48.6417 ], [ 25.8083, 48.6417 ], [ 25.8167, 48.6583 ], [ 25.85, 48.6583 ], [ 25.85, 48.65 ], [ 25.875, 48.65 ], [ 25.875, 48.6417 ], [ 25.8917, 48.6417 ], [ 25.8917, 48.6333 ], [ 25.9, 48.6333 ], [ 25.9, 48.625 ], [ 25.8917, 48.625 ], [ 25.8917, 48.6 ], [ 25.8833, 48.6 ], [ 25.8833, 48.5917 ], [ 25.8917, 48.5917 ], [ 25.8917, 48.575 ], [ 25.9, 48.575 ], [ 25.9, 48.5667 ], [ 25.9167, 48.5667 ], [ 25.925, 48.55 ], [ 25.9417, 48.55 ], [ 25.95, 48.5333 ], [ 25.9667, 48.5333 ], [ 25.9667, 48.525 ], [ 25.9833, 48.525 ], [ 25.9833, 48.5167 ], [ 26.0, 48.5167 ], [ 26.0, 48.5083 ], [ 26.0167, 48.5 ], [ 26.0167, 48.4917 ], [ 26.0083, 48.4917 ], [ 26.0083, 48.4833 ], [ 25.9583, 48.4833 ], [ 25.9583, 48.475 ], [ 25.9417, 48.475 ], [ 25.9417, 48.4667 ], [ 25.925, 48.4667 ], [ 25.925, 48.45 ], [ 25.9167, 48.45 ], [ 25.9167, 48.3833 ], [ 25.9083, 48.3833 ], [ 25.9083, 48.375 ], [ 25.8667, 48.375 ], [ 25.8667, 48.3833 ], [ 25.8417, 48.3833 ], [ 25.8417, 48.375 ], [ 25.825, 48.375 ], [ 25.825, 48.3667 ], [ 25.8083, 48.3667 ], [ 25.8083, 48.3583 ], [ 25.7417, 48.3583 ], [ 25.7417, 48.3667 ], [ 25.7167, 48.3667 ], [ 25.7167, 48.375 ], [ 25.7083, 48.375 ], [ 25.7083, 48.3833 ], [ 25.7, 48.3833 ], [ 25.7, 48.3917 ], [ 25.6917, 48.3917 ], [ 25.6833, 48.4083 ], [ 25.675, 48.4083 ], [ 25.6667, 48.425 ], [ 25.65, 48.425 ], [ 25.65, 48.4333 ], [ 25.6333, 48.4333 ], [ 25.6333, 48.4417 ], [ 25.6083, 48.4417 ], [ 25.6083, 48.45 ], [ 25.55, 48.45 ], [ 25.55, 48.4583 ], [ 25.5167, 48.4583 ], [ 25.5167, 48.4667 ], [ 25.4167, 48.4667 ], [ 25.4167, 48.4583 ], [ 25.3333, 48.4583 ], [ 25.3333, 48.4667 ], [ 25.2917, 48.4667 ], [ 25.2917, 48.475 ], [ 25.275, 48.475 ], [ 25.275, 48.4833 ], [ 25.2583, 48.4833 ], [ 25.2583, 48.4917 ], [ 25.2417, 48.4917 ], [ 25.2417, 48.5 ], [ 25.225, 48.5 ], [ 25.225, 48.525 ], [ 25.2333, 48.525 ], [ 25.2333, 48.5917 ], [ 25.225, 48.5917 ], [ 25.225, 48.6083 ], [ 25.2167, 48.6083 ], [ 25.2167, 48.625 ], [ 25.2, 48.6333 ], [ 25.2, 48.6417 ], [ 25.1833, 48.6417 ], [ 25.1833, 48.65 ], [ 25.1667, 48.6583 ], [ 25.1667, 48.675 ], [ 25.1583, 48.675 ], [ 25.1583, 48.6833 ], [ 25.175, 48.6833 ], [ 25.175, 48.6917 ], [ 25.2083, 48.6917 ], [ 25.2083, 48.6833 ], [ 25.2333, 48.6833 ], [ 25.2333, 48.675 ], [ 25.2833, 48.675 ], [ 25.2833, 48.6833 ], [ 25.2917, 48.6833 ], [ 25.3, 48.7 ], [ 25.3083, 48.7 ], [ 25.3083, 48.7583 ], [ 25.3167, 48.7583 ], [ 25.3167, 48.7667 ], [ 25.325, 48.7667 ], [ 25.3333, 48.7833 ], [ 25.35, 48.7833 ], [ 25.35, 48.7917 ], [ 25.3667, 48.7917 ], [ 25.3667, 48.8 ], [ 25.3833, 48.8 ], [ 25.3833, 48.8083 ], [ 25.3917, 48.8083 ] ], [ [ 25.8333, 48.5167 ], [ 25.8417, 48.5167 ], [ 25.8417, 48.525 ], [ 25.8333, 48.525 ], [ 25.8333, 48.5167 ] ] ], [ [ [ 28.1417, 48.5833 ], [ 28.1417, 48.575 ], [ 28.1583, 48.575 ], [ 28.1583, 48.5667 ], [ 28.175, 48.5667 ], [ 28.175, 48.5583 ], [ 28.2083, 48.5583 ], [ 28.2083, 48.5667 ], [ 28.2333, 48.5667 ], [ 28.2333, 48.575 ], [ 28.25, 48.575 ], [ 28.25, 48.5833 ], [ 28.2833, 48.5833 ], [ 28.2833, 48.575 ], [ 28.3, 48.575 ], [ 28.3083, 48.5583 ], [ 28.325, 48.5583 ], [ 28.325, 48.5167 ], [ 28.3167, 48.5167 ], [ 28.3167, 48.5 ], [ 28.3083, 48.5 ], [ 28.3, 48.4833 ], [ 28.2917, 48.4833 ], [ 28.2917, 48.4667 ], [ 28.275, 48.4583 ], [ 28.275, 48.45 ], [ 28.2583, 48.45 ], [ 28.2583, 48.4333 ], [ 28.25, 48.4333 ], [ 28.2417, 48.4167 ], [ 28.2333, 48.4167 ], [ 28.2333, 48.4083 ], [ 28.2167, 48.4 ], [ 28.2167, 48.3917 ], [ 28.2083, 48.3917 ], [ 28.2083, 48.375 ], [ 28.2, 48.375 ], [ 28.2, 48.3583 ], [ 28.1833, 48.35 ], [ 28.1833, 48.3417 ], [ 28.1667, 48.3417 ], [ 28.1667, 48.3333 ], [ 28.1167, 48.3333 ], [ 28.1167, 48.3583 ], [ 28.1333, 48.3667 ], [ 28.1333, 48.3833 ], [ 28.1417, 48.3833 ], [ 28.1417, 48.4333 ], [ 28.125, 48.4417 ], [ 28.125, 48.4583 ], [ 28.1167, 48.4583 ], [ 28.1083, 48.475 ], [ 28.1, 48.475 ], [ 28.1, 48.5083 ], [ 28.1083, 48.5083 ], [ 28.1083, 48.5667 ], [ 28.1167, 48.5667 ], [ 28.1167, 48.5833 ], [ 28.1417, 48.5833 ] ] ], [ [ [ 37.5833, 48.7833 ], [ 37.55, 48.7833 ], [ 37.55, 48.7917 ], [ 37.375, 48.7917 ], [ 37.375, 48.8 ], [ 37.3083, 48.8 ], [ 37.3083, 48.8083 ], [ 37.2833, 48.8083 ], [ 37.2833, 48.8167 ], [ 37.2667, 48.8167 ], [ 37.2667, 48.825 ], [ 37.25, 48.825 ], [ 37.2417, 48.8417 ], [ 37.225, 48.8417 ], [ 37.225, 48.85 ], [ 37.2083, 48.85 ], [ 37.2083, 48.8583 ], [ 37.1917, 48.8583 ], [ 37.1917, 48.8667 ], [ 37.175, 48.8667 ], [ 37.175, 48.875 ], [ 37.15, 48.875 ], [ 37.15, 48.8833 ], [ 37.1167, 48.8833 ], [ 37.1167, 48.8917 ], [ 37.075, 48.8917 ], [ 37.075, 48.9 ], [ 37.0167, 48.9 ], [ 37.0167, 48.8917 ], [ 36.9167, 48.8917 ], [ 36.9167, 48.9 ], [ 36.8167, 48.9 ], [ 36.8167, 48.8917 ], [ 36.7833, 48.8917 ], [ 36.7833, 48.8833 ], [ 36.7583, 48.8833 ], [ 36.7583, 48.8917 ], [ 36.75, 48.8917 ], [ 36.75, 48.9 ], [ 36.775, 48.9 ], [ 36.775, 48.9083 ], [ 36.7917, 48.9083 ], [ 36.7917, 48.9167 ], [ 36.8083, 48.9167 ], [ 36.8083, 48.925 ], [ 36.8333, 48.925 ], [ 36.8333, 48.9333 ], [ 36.8583, 48.9333 ], [ 36.8583, 48.9417 ], [ 36.975, 48.9417 ], [ 36.975, 48.9333 ], [ 37.0167, 48.9333 ], [ 37.0167, 48.925 ], [ 37.075, 48.925 ], [ 37.075, 48.9333 ], [ 37.1083, 48.9333 ], [ 37.1083, 48.925 ], [ 37.1333, 48.925 ], [ 37.1333, 48.9167 ], [ 37.15, 48.9167 ], [ 37.1583, 48.9 ], [ 37.175, 48.9 ], [ 37.175, 48.8917 ], [ 37.225, 48.8917 ], [ 37.225, 48.9 ], [ 37.2417, 48.9 ], [ 37.25, 48.9167 ], [ 37.2583, 48.9167 ], [ 37.2583, 48.925 ], [ 37.275, 48.925 ], [ 37.275, 48.9333 ], [ 37.2917, 48.9333 ], [ 37.2917, 48.925 ], [ 37.3, 48.925 ], [ 37.3, 48.8667 ], [ 37.3083, 48.8667 ], [ 37.3083, 48.85 ], [ 37.3167, 48.85 ], [ 37.3167, 48.8417 ], [ 37.3333, 48.8417 ], [ 37.3333, 48.8333 ], [ 37.3833, 48.8333 ], [ 37.3833, 48.85 ], [ 37.4333, 48.85 ], [ 37.4333, 48.8417 ], [ 37.4583, 48.8417 ], [ 37.4583, 48.8333 ], [ 37.6667, 48.8333 ], [ 37.6667, 48.825 ], [ 37.6833, 48.825 ], [ 37.6833, 48.8167 ], [ 37.675, 48.8167 ], [ 37.675, 48.7833 ], [ 37.6583, 48.775 ], [ 37.6583, 48.7583 ], [ 37.65, 48.7583 ], [ 37.6417, 48.7417 ], [ 37.6333, 48.7417 ], [ 37.6333, 48.7083 ], [ 37.625, 48.7083 ], [ 37.625, 48.6667 ], [ 37.6333, 48.6667 ], [ 37.6333, 48.6167 ], [ 37.6417, 48.6167 ], [ 37.6417, 48.6 ], [ 37.65, 48.6 ], [ 37.65, 48.5833 ], [ 37.6583, 48.5833 ], [ 37.6583, 48.575 ], [ 37.675, 48.575 ], [ 37.675, 48.5667 ], [ 37.6917, 48.5667 ], [ 37.7, 48.55 ], [ 37.7167, 48.55 ], [ 37.7167, 48.5333 ], [ 37.7, 48.5333 ], [ 37.7, 48.5417 ], [ 37.6917, 48.5417 ], [ 37.6917, 48.525 ], [ 37.6583, 48.525 ], [ 37.65, 48.5417 ], [ 37.6333, 48.5417 ], [ 37.6333, 48.55 ], [ 37.625, 48.55 ], [ 37.625, 48.5583 ], [ 37.6083, 48.5583 ], [ 37.6083, 48.5667 ], [ 37.55, 48.5667 ], [ 37.55, 48.5583 ], [ 37.5333, 48.5583 ], [ 37.5333, 48.55 ], [ 37.5167, 48.55 ], [ 37.5167, 48.5417 ], [ 37.5, 48.5417 ], [ 37.5, 48.5333 ], [ 37.4833, 48.525 ], [ 37.4833, 48.5167 ], [ 37.4667, 48.5083 ], [ 37.4667, 48.5 ], [ 37.45, 48.4917 ], [ 37.45, 48.4833 ], [ 37.4417, 48.4833 ], [ 37.4417, 48.4667 ], [ 37.425, 48.4583 ], [ 37.425, 48.4417 ], [ 37.4167, 48.4417 ], [ 37.4167, 48.425 ], [ 37.4083, 48.425 ], [ 37.4083, 48.4 ], [ 37.3917, 48.3917 ], [ 37.3917, 48.35 ], [ 37.3833, 48.35 ], [ 37.3833, 48.325 ], [ 37.375, 48.325 ], [ 37.375, 48.3167 ], [ 37.35, 48.3167 ], [ 37.35, 48.325 ], [ 37.3417, 48.325 ], [ 37.3417, 48.4 ], [ 37.35, 48.4 ], [ 37.35, 48.425 ], [ 37.3583, 48.425 ], [ 37.3583, 48.4417 ], [ 37.375, 48.45 ], [ 37.375, 48.4667 ], [ 37.3833, 48.4667 ], [ 37.3833, 48.475 ], [ 37.4, 48.4833 ], [ 37.4, 48.4917 ], [ 37.325, 48.4917 ], [ 37.325, 48.5083 ], [ 37.3333, 48.5083 ], [ 37.3333, 48.5167 ], [ 37.35, 48.5167 ], [ 37.35, 48.525 ], [ 37.3667, 48.525 ], [ 37.3667, 48.5333 ], [ 37.4, 48.5333 ], [ 37.4, 48.5417 ], [ 37.4167, 48.5417 ], [ 37.4167, 48.55 ], [ 37.425, 48.55 ], [ 37.4333, 48.5667 ], [ 37.4417, 48.5667 ], [ 37.45, 48.5833 ], [ 37.4583, 48.5833 ], [ 37.4583, 48.5917 ], [ 37.475, 48.5917 ], [ 37.475, 48.6 ], [ 37.4917, 48.6 ], [ 37.4917, 48.6083 ], [ 37.5083, 48.6083 ], [ 37.5083, 48.6167 ], [ 37.525, 48.6083 ], [ 37.525, 48.6167 ], [ 37.5417, 48.6167 ], [ 37.5417, 48.625 ], [ 37.525, 48.625 ], [ 37.525, 48.6417 ], [ 37.5333, 48.6417 ], [ 37.5417, 48.6583 ], [ 37.55, 48.6583 ], [ 37.55, 48.675 ], [ 37.5583, 48.675 ], [ 37.55, 48.6917 ], [ 37.525, 48.6917 ], [ 37.5167, 48.675 ], [ 37.5, 48.675 ], [ 37.4917, 48.6583 ], [ 37.475, 48.65 ], [ 37.475, 48.6417 ], [ 37.4333, 48.6417 ], [ 37.4333, 48.6667 ], [ 37.4417, 48.6667 ], [ 37.45, 48.6833 ], [ 37.4667, 48.6833 ], [ 37.4667, 48.6917 ], [ 37.4833, 48.7 ], [ 37.4833, 48.7083 ], [ 37.475, 48.7083 ], [ 37.475, 48.7167 ], [ 37.45, 48.7167 ], [ 37.45, 48.725 ], [ 37.4333, 48.725 ], [ 37.4333, 48.75 ], [ 37.4833, 48.75 ], [ 37.4833, 48.7417 ], [ 37.55, 48.7417 ], [ 37.55, 48.75 ], [ 37.5667, 48.75 ], [ 37.5667, 48.7333 ], [ 37.575, 48.7333 ], [ 37.575, 48.7583 ], [ 37.5833, 48.7583 ], [ 37.5833, 48.7833 ] ], [ [ 37.525, 48.6 ], [ 37.5333, 48.6 ], [ 37.5333, 48.6083 ], [ 37.525, 48.6083 ], [ 37.525, 48.6 ] ], [ [ 37.5833, 48.75 ], [ 37.6, 48.75 ], [ 37.6, 48.7583 ], [ 37.5833, 48.7583 ], [ 37.5833, 48.75 ] ], [ [ 37.6083, 48.75 ], [ 37.6167, 48.75 ], [ 37.6167, 48.7583 ], [ 37.6083, 48.7583 ], [ 37.6083, 48.75 ] ], [ [ 37.5917, 48.7417 ], [ 37.5833, 48.7417 ], [ 37.5833, 48.7333 ], [ 37.5917, 48.7333 ], [ 37.5917, 48.7417 ] ], [ [ 37.5917, 48.725 ], [ 37.6, 48.725 ], [ 37.6, 48.7333 ], [ 37.5917, 48.7333 ], [ 37.5917, 48.725 ] ], [ [ 37.5333, 48.725 ], [ 37.55, 48.725 ], [ 37.55, 48.7333 ], [ 37.5333, 48.7333 ], [ 37.5333, 48.725 ] ] ], [ [ [ 26.7083, 48.4 ], [ 26.7083, 48.3917 ], [ 26.6833, 48.3917 ], [ 26.6833, 48.3833 ], [ 26.6583, 48.3833 ], [ 26.6583, 48.375 ], [ 26.5833, 48.375 ], [ 26.575, 48.3917 ], [ 26.5667, 48.3917 ], [ 26.5667, 48.4 ], [ 26.55, 48.4 ], [ 26.55, 48.4333 ], [ 26.5667, 48.4417 ], [ 26.5667, 48.45 ], [ 26.575, 48.45 ], [ 26.5833, 48.4667 ], [ 26.575, 48.4667 ], [ 26.575, 48.4833 ], [ 26.5667, 48.4833 ], [ 26.5667, 48.4917 ], [ 26.55, 48.4917 ], [ 26.55, 48.5 ], [ 26.5417, 48.5 ], [ 26.5417, 48.5167 ], [ 26.525, 48.5167 ], [ 26.525, 48.525 ], [ 26.5083, 48.525 ], [ 26.5083, 48.5333 ], [ 26.475, 48.5333 ], [ 26.475, 48.525 ], [ 26.4417, 48.525 ], [ 26.4417, 48.5167 ], [ 26.425, 48.5167 ], [ 26.425, 48.5083 ], [ 26.4, 48.5083 ], [ 26.4, 48.5 ], [ 26.3667, 48.5 ], [ 26.3667, 48.5083 ], [ 26.35, 48.5083 ], [ 26.35, 48.5167 ], [ 26.3333, 48.5167 ], [ 26.3333, 48.525 ], [ 26.2167, 48.525 ], [ 26.2167, 48.5333 ], [ 26.2, 48.5333 ], [ 26.2, 48.5417 ], [ 26.1917, 48.5417 ], [ 26.1917, 48.5833 ], [ 26.2, 48.5833 ], [ 26.2, 48.5917 ], [ 26.2167, 48.5917 ], [ 26.225, 48.6083 ], [ 26.2333, 48.6083 ], [ 26.2333, 48.625 ], [ 26.25, 48.6333 ], [ 26.25, 48.65 ], [ 26.2667, 48.6583 ], [ 26.2667, 48.6667 ], [ 26.3, 48.6667 ], [ 26.3, 48.6583 ], [ 26.3167, 48.6583 ], [ 26.325, 48.6417 ], [ 26.3333, 48.6417 ], [ 26.3333, 48.6333 ], [ 26.3417, 48.6333 ], [ 26.3417, 48.6417 ], [ 26.3583, 48.6417 ], [ 26.3583, 48.65 ], [ 26.375, 48.6583 ], [ 26.3833, 48.675 ], [ 26.3917, 48.675 ], [ 26.3917, 48.7 ], [ 26.4, 48.7 ], [ 26.4, 48.7167 ], [ 26.4083, 48.7167 ], [ 26.4083, 48.7333 ], [ 26.425, 48.7333 ], [ 26.425, 48.7417 ], [ 26.4583, 48.7417 ], [ 26.4583, 48.7333 ], [ 26.525, 48.7333 ], [ 26.5333, 48.7167 ], [ 26.525, 48.7167 ], [ 26.5167, 48.7 ], [ 26.5083, 48.7 ], [ 26.5083, 48.6833 ], [ 26.5, 48.6833 ], [ 26.5, 48.6583 ], [ 26.5167, 48.6583 ], [ 26.5167, 48.65 ], [ 26.575, 48.65 ], [ 26.575, 48.6417 ], [ 26.6083, 48.6417 ], [ 26.6167, 48.625 ], [ 26.625, 48.625 ], [ 26.625, 48.6083 ], [ 26.6167, 48.6083 ], [ 26.6167, 48.5833 ], [ 26.6083, 48.5833 ], [ 26.6083, 48.5583 ], [ 26.6167, 48.5583 ], [ 26.6167, 48.55 ], [ 26.7083, 48.55 ], [ 26.7083, 48.5417 ], [ 26.725, 48.5417 ], [ 26.725, 48.5333 ], [ 26.7417, 48.525 ], [ 26.7417, 48.5167 ], [ 26.75, 48.5167 ], [ 26.75, 48.5 ], [ 26.7583, 48.5 ], [ 26.7583, 48.4917 ], [ 26.775, 48.4917 ], [ 26.775, 48.4833 ], [ 26.8, 48.4833 ], [ 26.8, 48.475 ], [ 26.8167, 48.475 ], [ 26.825, 48.4583 ], [ 26.8333, 48.4583 ], [ 26.8333, 48.45 ], [ 26.8417, 48.45 ], [ 26.85, 48.4333 ], [ 26.8583, 48.4333 ], [ 26.8583, 48.4167 ], [ 26.861, 48.4167 ], [ 26.8515, 48.4132 ], [ 26.7753, 48.4184 ], [ 26.7683, 48.4072 ], [ 26.7667, 48.4077 ], [ 26.7667, 48.4083 ], [ 26.7417, 48.4083 ], [ 26.7417, 48.4043 ], [ 26.7252, 48.4117 ], [ 26.7203, 48.4105 ], [ 26.7092, 48.4054 ], [ 26.7154, 48.4 ], [ 26.7083, 48.4 ] ] ], [ [ [ 26.75, 48.325 ], [ 26.8083, 48.325 ], [ 26.8083, 48.3333 ], [ 26.825, 48.3333 ], [ 26.825, 48.3384 ], [ 26.827, 48.3247 ], [ 26.8227, 48.3244 ], [ 26.8233, 48.3195 ], [ 26.831, 48.313 ], [ 26.8225, 48.3117 ], [ 26.8257, 48.304 ], [ 26.8174, 48.2952 ], [ 26.7946, 48.2912 ], [ 26.7669, 48.3024 ], [ 26.7577, 48.3237 ], [ 26.75, 48.3197 ], [ 26.75, 48.325 ] ] ], [ [ [ 27.1167, 48.3917 ], [ 27.1167, 48.4 ], [ 27.25, 48.4 ], [ 27.25, 48.4083 ], [ 27.2971, 48.4083 ], [ 27.2862, 48.3716 ], [ 27.2638, 48.3804 ], [ 27.2357, 48.373 ], [ 27.2131, 48.3911 ], [ 27.2003, 48.3891 ], [ 27.1923, 48.3949 ], [ 27.1611, 48.3788 ], [ 27.1391, 48.3745 ], [ 27.1241, 48.3791 ], [ 27.1127, 48.3897 ], [ 27.1167, 48.3917 ] ] ], [ [ [ 28.8667, 48.1167 ], [ 28.8667, 48.125 ], [ 28.8833, 48.125 ], [ 28.8833, 48.1333 ], [ 28.9, 48.1333 ], [ 28.9, 48.1417 ], [ 28.9167, 48.1417 ], [ 28.9167, 48.15 ], [ 28.925, 48.15 ], [ 28.925, 48.175 ], [ 28.85, 48.175 ], [ 28.85, 48.1667 ], [ 28.7333, 48.1667 ], [ 28.7333, 48.1917 ], [ 28.7417, 48.1917 ], [ 28.7417, 48.2083 ], [ 28.7583, 48.2167 ], [ 28.7583, 48.2333 ], [ 28.7667, 48.2333 ], [ 28.775, 48.25 ], [ 28.7833, 48.25 ], [ 28.7917, 48.2667 ], [ 28.8, 48.2667 ], [ 28.8, 48.275 ], [ 28.8083, 48.275 ], [ 28.8167, 48.2917 ], [ 28.825, 48.2917 ], [ 28.825, 48.3167 ], [ 28.7917, 48.3167 ], [ 28.7917, 48.3083 ], [ 28.775, 48.3083 ], [ 28.775, 48.3 ], [ 28.7583, 48.3 ], [ 28.7583, 48.2917 ], [ 28.7417, 48.2917 ], [ 28.7417, 48.2833 ], [ 28.725, 48.2833 ], [ 28.725, 48.2917 ], [ 28.7083, 48.2917 ], [ 28.7083, 48.3 ], [ 28.7, 48.3 ], [ 28.7, 48.3167 ], [ 28.7167, 48.325 ], [ 28.7167, 48.3333 ], [ 28.7333, 48.3417 ], [ 28.7333, 48.35 ], [ 28.7417, 48.35 ], [ 28.75, 48.3667 ], [ 28.7583, 48.3667 ], [ 28.7583, 48.375 ], [ 28.7667, 48.375 ], [ 28.7667, 48.3833 ], [ 28.775, 48.3833 ], [ 28.7667, 48.4 ], [ 28.75, 48.4 ], [ 28.7417, 48.3833 ], [ 28.725, 48.3833 ], [ 28.725, 48.375 ], [ 28.7083, 48.375 ], [ 28.7, 48.3583 ], [ 28.6833, 48.3583 ], [ 28.675, 48.3417 ], [ 28.65, 48.3417 ], [ 28.65, 48.3333 ], [ 28.6333, 48.3333 ], [ 28.6333, 48.325 ], [ 28.5917, 48.325 ], [ 28.5917, 48.3167 ], [ 28.5417, 48.3167 ], [ 28.5417, 48.325 ], [ 28.5083, 48.325 ], [ 28.5083, 48.3333 ], [ 28.4833, 48.3333 ], [ 28.4833, 48.3417 ], [ 28.475, 48.3417 ], [ 28.475, 48.4083 ], [ 28.4667, 48.4083 ], [ 28.4667, 48.4167 ], [ 28.4417, 48.4167 ], [ 28.4417, 48.4083 ], [ 28.425, 48.4 ], [ 28.425, 48.3667 ], [ 28.4167, 48.3667 ], [ 28.4167, 48.3417 ], [ 28.4, 48.3333 ], [ 28.4, 48.325 ], [ 28.3833, 48.325 ], [ 28.3833, 48.3167 ], [ 28.3333, 48.3167 ], [ 28.3333, 48.325 ], [ 28.3167, 48.325 ], [ 28.3167, 48.3417 ], [ 28.3333, 48.35 ], [ 28.3333, 48.3667 ], [ 28.3417, 48.3667 ], [ 28.3417, 48.4 ], [ 28.35, 48.4 ], [ 28.3417, 48.4167 ], [ 28.3333, 48.4167 ], [ 28.3333, 48.425 ], [ 28.35, 48.425 ], [ 28.35, 48.4333 ], [ 28.375, 48.4333 ], [ 28.375, 48.4417 ], [ 28.4, 48.4417 ], [ 28.4, 48.45 ], [ 28.425, 48.45 ], [ 28.4333, 48.4667 ], [ 28.45, 48.4667 ], [ 28.4583, 48.4833 ], [ 28.5167, 48.4833 ], [ 28.525, 48.4667 ], [ 28.5417, 48.4667 ], [ 28.5417, 48.4583 ], [ 28.5583, 48.4583 ], [ 28.5583, 48.45 ], [ 28.6083, 48.45 ], [ 28.6083, 48.5083 ], [ 28.6167, 48.5083 ], [ 28.6167, 48.5167 ], [ 28.65, 48.5167 ], [ 28.65, 48.5083 ], [ 28.675, 48.5083 ], [ 28.675, 48.5 ], [ 28.6917, 48.5 ], [ 28.6917, 48.4917 ], [ 28.7167, 48.4917 ], [ 28.7167, 48.4833 ], [ 28.7333, 48.4833 ], [ 28.7333, 48.475 ], [ 28.825, 48.475 ], [ 28.825, 48.4667 ], [ 28.8417, 48.4667 ], [ 28.8417, 48.4583 ], [ 28.85, 48.4583 ], [ 28.8583, 48.4417 ], [ 28.8667, 48.4417 ], [ 28.8667, 48.4333 ], [ 28.8833, 48.4333 ], [ 28.8833, 48.425 ], [ 28.9, 48.425 ], [ 28.9, 48.4167 ], [ 28.9333, 48.4167 ], [ 28.9333, 48.4083 ], [ 29.0083, 48.4083 ], [ 29.0083, 48.4167 ], [ 29.0333, 48.4167 ], [ 29.0333, 48.425 ], [ 29.1667, 48.425 ], [ 29.1667, 48.4167 ], [ 29.1917, 48.4167 ], [ 29.1917, 48.425 ], [ 29.2417, 48.425 ], [ 29.2417, 48.4333 ], [ 29.275, 48.4333 ], [ 29.275, 48.425 ], [ 29.375, 48.425 ], [ 29.375, 48.4167 ], [ 29.3917, 48.4167 ], [ 29.3917, 48.425 ], [ 29.4083, 48.425 ], [ 29.4083, 48.4167 ], [ 29.5167, 48.4167 ], [ 29.5167, 48.425 ], [ 29.5333, 48.4333 ], [ 29.5333, 48.45 ], [ 29.5083, 48.45 ], [ 29.5083, 48.4583 ], [ 29.45, 48.4583 ], [ 29.45, 48.4667 ], [ 29.3583, 48.4667 ], [ 29.3583, 48.4583 ], [ 29.2917, 48.4583 ], [ 29.2917, 48.4667 ], [ 29.225, 48.4667 ], [ 29.225, 48.475 ], [ 29.1917, 48.475 ], [ 29.1917, 48.4667 ], [ 29.15, 48.4667 ], [ 29.175, 48.5167 ], [ 29.1917, 48.5167 ], [ 29.1917, 48.525 ], [ 29.2167, 48.525 ], [ 29.2167, 48.5333 ], [ 29.2417, 48.5333 ], [ 29.2417, 48.5417 ], [ 29.2583, 48.5417 ], [ 29.2583, 48.55 ], [ 29.2667, 48.55 ], [ 29.275, 48.5667 ], [ 29.2833, 48.5667 ], [ 29.2833, 48.5833 ], [ 29.3, 48.5917 ], [ 29.3, 48.6083 ], [ 29.3167, 48.6167 ], [ 29.3167, 48.6333 ], [ 29.3333, 48.6417 ], [ 29.3333, 48.65 ], [ 29.375, 48.65 ], [ 29.375, 48.6583 ], [ 29.3917, 48.6583 ], [ 29.3917, 48.65 ], [ 29.4, 48.65 ], [ 29.4167, 48.6167 ], [ 29.45, 48.6167 ], [ 29.45, 48.625 ], [ 29.4667, 48.6333 ], [ 29.4667, 48.6417 ], [ 29.475, 48.6417 ], [ 29.475, 48.65 ], [ 29.5167, 48.65 ], [ 29.5167, 48.6417 ], [ 29.525, 48.6417 ], [ 29.525, 48.625 ], [ 29.5167, 48.625 ], [ 29.5167, 48.5917 ], [ 29.525, 48.5917 ], [ 29.525, 48.5833 ], [ 29.55, 48.5833 ], [ 29.55, 48.5917 ], [ 29.5583, 48.5917 ], [ 29.5667, 48.6083 ], [ 29.575, 48.6083 ], [ 29.575, 48.6167 ], [ 29.6833, 48.6167 ], [ 29.6833, 48.6083 ], [ 29.7, 48.6083 ], [ 29.7, 48.6 ], [ 29.7167, 48.6 ], [ 29.7167, 48.5917 ], [ 29.7333, 48.5917 ], [ 29.7333, 48.575 ], [ 29.7417, 48.575 ], [ 29.7333, 48.5583 ], [ 29.725, 48.5583 ], [ 29.725, 48.5417 ], [ 29.7083, 48.5333 ], [ 29.7083, 48.5167 ], [ 29.7, 48.5167 ], [ 29.7, 48.475 ], [ 29.725, 48.475 ], [ 29.725, 48.4667 ], [ 29.775, 48.4667 ], [ 29.775, 48.4583 ], [ 29.7917, 48.4583 ], [ 29.7917, 48.45 ], [ 29.8083, 48.45 ], [ 29.8083, 48.4417 ], [ 29.825, 48.4417 ], [ 29.8333, 48.425 ], [ 29.85, 48.425 ], [ 29.85, 48.4167 ], [ 29.8667, 48.4167 ], [ 29.8667, 48.4083 ], [ 29.8833, 48.4083 ], [ 29.8833, 48.4167 ], [ 29.9, 48.425 ], [ 29.9, 48.4417 ], [ 29.8917, 48.4417 ], [ 29.8917, 48.4583 ], [ 29.8833, 48.4583 ], [ 29.8833, 48.4667 ], [ 29.8667, 48.475 ], [ 29.8667, 48.4833 ], [ 29.85, 48.4833 ], [ 29.85, 48.4917 ], [ 29.8417, 48.4917 ], [ 29.8417, 48.5333 ], [ 29.85, 48.5333 ], [ 29.85, 48.55 ], [ 29.8583, 48.55 ], [ 29.8583, 48.5583 ], [ 29.875, 48.5667 ], [ 29.875, 48.575 ], [ 29.8833, 48.575 ], [ 29.8833, 48.5917 ], [ 29.8917, 48.5917 ], [ 29.8917, 48.6167 ], [ 29.9, 48.6167 ], [ 29.9, 48.6333 ], [ 29.9083, 48.6333 ], [ 29.9083, 48.65 ], [ 29.9167, 48.65 ], [ 29.9167, 48.6667 ], [ 29.925, 48.6667 ], [ 29.9333, 48.6833 ], [ 29.9417, 48.6833 ], [ 29.9417, 48.7 ], [ 29.9167, 48.7 ], [ 29.9167, 48.6917 ], [ 29.9, 48.6833 ], [ 29.9, 48.675 ], [ 29.8833, 48.6667 ], [ 29.8833, 48.6583 ], [ 29.8667, 48.6583 ], [ 29.8667, 48.65 ], [ 29.85, 48.65 ], [ 29.85, 48.6417 ], [ 29.8167, 48.6417 ], [ 29.8167, 48.65 ], [ 29.7583, 48.65 ], [ 29.75, 48.6667 ], [ 29.7417, 48.6667 ], [ 29.7417, 48.6917 ], [ 29.75, 48.6917 ], [ 29.75, 48.725 ], [ 29.7667, 48.7333 ], [ 29.7667, 48.7583 ], [ 29.775, 48.7583 ], [ 29.775, 48.7833 ], [ 29.7667, 48.7833 ], [ 29.7667, 48.7917 ], [ 29.75, 48.8 ], [ 29.75, 48.8083 ], [ 29.7333, 48.8083 ], [ 29.7333, 48.8167 ], [ 29.7167, 48.8167 ], [ 29.7167, 48.825 ], [ 29.7, 48.825 ], [ 29.7, 48.8333 ], [ 29.6833, 48.8417 ], [ 29.6833, 48.85 ], [ 29.6667, 48.85 ], [ 29.6667, 48.8667 ], [ 29.6583, 48.8667 ], [ 29.6583, 48.875 ], [ 29.6667, 48.875 ], [ 29.675, 48.8917 ], [ 29.6833, 48.8917 ], [ 29.6833, 48.9 ], [ 29.725, 48.9 ], [ 29.725, 48.8917 ], [ 29.75, 48.8917 ], [ 29.75, 48.8833 ], [ 29.7667, 48.8833 ], [ 29.7667, 48.875 ], [ 29.7917, 48.875 ], [ 29.7917, 48.8667 ], [ 29.8417, 48.8667 ], [ 29.8417, 48.875 ], [ 29.8583, 48.875 ], [ 29.8583, 48.8667 ], [ 29.8833, 48.8667 ], [ 29.8833, 48.8583 ], [ 29.9083, 48.8583 ], [ 29.9083, 48.85 ], [ 29.925, 48.85 ], [ 29.925, 48.8417 ], [ 29.95, 48.8417 ], [ 29.95, 48.8333 ], [ 29.9667, 48.8333 ], [ 29.9667, 48.825 ], [ 29.9833, 48.825 ], [ 29.9917, 48.8083 ], [ 30.0083, 48.8083 ], [ 30.0167, 48.7917 ], [ 30.0333, 48.7917 ], [ 30.0333, 48.7833 ], [ 30.05, 48.775 ], [ 30.05, 48.75 ], [ 30.0333, 48.7417 ], [ 30.0333, 48.725 ], [ 30.0167, 48.7167 ], [ 30.0167, 48.7083 ], [ 30.0, 48.7 ], [ 30.0, 48.6833 ], [ 29.9917, 48.6833 ], [ 29.9917, 48.65 ], [ 30.0083, 48.65 ], [ 30.0083, 48.6417 ], [ 30.0167, 48.6417 ], [ 30.0167, 48.65 ], [ 30.0417, 48.65 ], [ 30.05, 48.6667 ], [ 30.0583, 48.6667 ], [ 30.0583, 48.675 ], [ 30.0667, 48.675 ], [ 30.0667, 48.6833 ], [ 30.1, 48.6833 ], [ 30.1, 48.6917 ], [ 30.1083, 48.6917 ], [ 30.1083, 48.6833 ], [ 30.125, 48.6833 ], [ 30.125, 48.6667 ], [ 30.1333, 48.6667 ], [ 30.1333, 48.65 ], [ 30.175, 48.65 ], [ 30.175, 48.6417 ], [ 30.2, 48.6417 ], [ 30.2, 48.6333 ], [ 30.2167, 48.6333 ], [ 30.2167, 48.6083 ], [ 30.2, 48.6 ], [ 30.2, 48.5833 ], [ 30.1917, 48.5833 ], [ 30.1917, 48.5667 ], [ 30.1833, 48.5667 ], [ 30.1833, 48.5583 ], [ 30.175, 48.5583 ], [ 30.175, 48.5417 ], [ 30.1667, 48.5417 ], [ 30.1667, 48.5083 ], [ 30.175, 48.5083 ], [ 30.175, 48.5 ], [ 30.1917, 48.4917 ], [ 30.1917, 48.4833 ], [ 30.2083, 48.4833 ], [ 30.2083, 48.475 ], [ 30.25, 48.475 ], [ 30.25, 48.4833 ], [ 30.2667, 48.4833 ], [ 30.2667, 48.4917 ], [ 30.275, 48.4917 ], [ 30.2833, 48.5083 ], [ 30.2917, 48.5083 ], [ 30.2917, 48.5167 ], [ 30.3083, 48.5167 ], [ 30.3083, 48.525 ], [ 30.325, 48.525 ], [ 30.325, 48.5333 ], [ 30.3417, 48.5333 ], [ 30.3417, 48.5417 ], [ 30.3583, 48.5417 ], [ 30.3583, 48.55 ], [ 30.3833, 48.55 ], [ 30.3833, 48.5583 ], [ 30.4333, 48.5583 ], [ 30.4333, 48.5667 ], [ 30.4583, 48.5667 ], [ 30.4583, 48.575 ], [ 30.4667, 48.575 ], [ 30.4667, 48.5833 ], [ 30.45, 48.5917 ], [ 30.45, 48.6 ], [ 30.4167, 48.6 ], [ 30.4167, 48.6083 ], [ 30.3833, 48.6083 ], [ 30.3833, 48.6167 ], [ 30.3583, 48.6167 ], [ 30.35, 48.6333 ], [ 30.3417, 48.6333 ], [ 30.3417, 48.65 ], [ 30.35, 48.65 ], [ 30.35, 48.6667 ], [ 30.3583, 48.6667 ], [ 30.3583, 48.675 ], [ 30.375, 48.675 ], [ 30.375, 48.6833 ], [ 30.3917, 48.6833 ], [ 30.3917, 48.6917 ], [ 30.4667, 48.6917 ], [ 30.475, 48.7083 ], [ 30.4667, 48.7083 ], [ 30.4667, 48.7167 ], [ 30.4417, 48.7167 ], [ 30.4417, 48.725 ], [ 30.4, 48.725 ], [ 30.4, 48.7333 ], [ 30.3833, 48.7333 ], [ 30.375, 48.75 ], [ 30.3583, 48.75 ], [ 30.3583, 48.7583 ], [ 30.35, 48.7583 ], [ 30.35, 48.7667 ], [ 30.3417, 48.7667 ], [ 30.3333, 48.7833 ], [ 30.3167, 48.7833 ], [ 30.3167, 48.7917 ], [ 30.3, 48.7917 ], [ 30.3, 48.7833 ], [ 30.2833, 48.775 ], [ 30.2833, 48.7417 ], [ 30.275, 48.7417 ], [ 30.275, 48.7333 ], [ 30.2417, 48.7333 ], [ 30.2417, 48.7417 ], [ 30.225, 48.75 ], [ 30.225, 48.7667 ], [ 30.2167, 48.7667 ], [ 30.2167, 48.775 ], [ 30.175, 48.775 ], [ 30.1667, 48.7583 ], [ 30.1333, 48.7583 ], [ 30.125, 48.775 ], [ 30.1167, 48.775 ], [ 30.1167, 48.7917 ], [ 30.1, 48.8 ], [ 30.1, 48.8083 ], [ 30.0917, 48.8083 ], [ 30.0833, 48.825 ], [ 30.075, 48.825 ], [ 30.075, 48.8333 ], [ 30.0583, 48.8333 ], [ 30.05, 48.85 ], [ 30.025, 48.85 ], [ 30.025, 48.8583 ], [ 30.0083, 48.8583 ], [ 30.0083, 48.8667 ], [ 29.9917, 48.8667 ], [ 29.9917, 48.875 ], [ 29.9667, 48.875 ], [ 29.9667, 48.8833 ], [ 29.95, 48.8833 ], [ 29.9417, 48.9 ], [ 29.925, 48.9083 ], [ 29.925, 48.925 ], [ 29.9167, 48.925 ], [ 29.9167, 48.9417 ], [ 29.9083, 48.9417 ], [ 29.9083, 48.9667 ], [ 29.9, 48.9667 ], [ 29.9, 49.0 ], [ 29.9167, 49.0 ], [ 29.9167, 49.0083 ], [ 29.9333, 49.0083 ], [ 29.9333, 49.0 ], [ 29.9917, 49.0 ], [ 29.9917, 49.0083 ], [ 30.0, 49.0083 ], [ 30.0, 49.0333 ], [ 29.9833, 49.0333 ], [ 29.9833, 49.0417 ], [ 29.9667, 49.0417 ], [ 29.9667, 49.05 ], [ 29.9417, 49.05 ], [ 29.9417, 49.0583 ], [ 29.9167, 49.0583 ], [ 29.9167, 49.0667 ], [ 29.9, 49.0667 ], [ 29.9, 49.075 ], [ 29.8833, 49.0833 ], [ 29.8833, 49.1 ], [ 29.8917, 49.1 ], [ 29.8917, 49.1083 ], [ 29.9167, 49.1083 ], [ 29.9167, 49.1167 ], [ 29.975, 49.1167 ], [ 29.975, 49.1083 ], [ 30.0, 49.1083 ], [ 30.0, 49.1 ], [ 30.0167, 49.1 ], [ 30.0167, 49.0917 ], [ 30.0417, 49.0917 ], [ 30.0417, 49.0833 ], [ 30.0333, 49.0833 ], [ 30.0333, 49.0667 ], [ 30.025, 49.0667 ], [ 30.025, 49.0417 ], [ 30.0417, 49.0417 ], [ 30.0417, 49.0333 ], [ 30.0833, 49.0333 ], [ 30.0833, 49.025 ], [ 30.1083, 49.025 ], [ 30.1083, 49.0167 ], [ 30.125, 49.0167 ], [ 30.125, 49.0083 ], [ 30.1417, 49.0083 ], [ 30.1417, 49.0 ], [ 30.1583, 49.0 ], [ 30.1583, 48.9917 ], [ 30.2167, 48.9917 ], [ 30.2167, 49.0083 ], [ 30.2083, 49.0083 ], [ 30.2083, 49.0167 ], [ 30.1917, 49.0167 ], [ 30.1917, 49.025 ], [ 30.1667, 49.025 ], [ 30.1583, 49.0417 ], [ 30.15, 49.0417 ], [ 30.15, 49.05 ], [ 30.1583, 49.05 ], [ 30.1583, 49.0583 ], [ 30.175, 49.0583 ], [ 30.175, 49.0667 ], [ 30.1917, 49.0667 ], [ 30.1917, 49.075 ], [ 30.2083, 49.075 ], [ 30.2083, 49.0833 ], [ 30.2167, 49.0833 ], [ 30.2167, 49.1 ], [ 30.2083, 49.1 ], [ 30.2083, 49.1083 ], [ 30.2167, 49.1083 ], [ 30.2167, 49.1167 ], [ 30.2333, 49.1167 ], [ 30.2333, 49.125 ], [ 30.3167, 49.125 ], [ 30.3167, 49.1167 ], [ 30.325, 49.1167 ], [ 30.325, 49.1 ], [ 30.3167, 49.1 ], [ 30.3167, 49.075 ], [ 30.325, 49.075 ], [ 30.325, 49.0667 ], [ 30.3917, 49.0667 ], [ 30.3917, 49.075 ], [ 30.425, 49.075 ], [ 30.4333, 49.0917 ], [ 30.4417, 49.0917 ], [ 30.4417, 49.1083 ], [ 30.45, 49.1083 ], [ 30.45, 49.15 ], [ 30.5083, 49.15 ], [ 30.5083, 49.1417 ], [ 30.5333, 49.1417 ], [ 30.5333, 49.1333 ], [ 30.5583, 49.1333 ], [ 30.5667, 49.15 ], [ 30.575, 49.15 ], [ 30.575, 49.175 ], [ 30.5667, 49.175 ], [ 30.5583, 49.1917 ], [ 30.55, 49.1917 ], [ 30.55, 49.225 ], [ 30.5667, 49.225 ], [ 30.5667, 49.2333 ], [ 30.6, 49.2333 ], [ 30.6, 49.2417 ], [ 30.6333, 49.2417 ], [ 30.6333, 49.25 ], [ 30.6583, 49.25 ], [ 30.6583, 49.2583 ], [ 30.6917, 49.2583 ], [ 30.6917, 49.2667 ], [ 30.7083, 49.2667 ], [ 30.7083, 49.275 ], [ 30.725, 49.275 ], [ 30.725, 49.2667 ], [ 30.7333, 49.2667 ], [ 30.7333, 49.25 ], [ 30.7417, 49.25 ], [ 30.75, 49.2333 ], [ 30.7667, 49.2333 ], [ 30.7667, 49.225 ], [ 30.8, 49.225 ], [ 30.8, 49.2167 ], [ 30.8167, 49.2167 ], [ 30.8167, 49.175 ], [ 30.8083, 49.175 ], [ 30.8083, 49.1583 ], [ 30.8, 49.1583 ], [ 30.7917, 49.1417 ], [ 30.7833, 49.1417 ], [ 30.7833, 49.125 ], [ 30.7667, 49.1167 ], [ 30.7667, 49.1083 ], [ 30.7333, 49.1083 ], [ 30.725, 49.125 ], [ 30.7333, 49.125 ], [ 30.7333, 49.1417 ], [ 30.7417, 49.1417 ], [ 30.7417, 49.1583 ], [ 30.7583, 49.1667 ], [ 30.7583, 49.1833 ], [ 30.7667, 49.1833 ], [ 30.7667, 49.1917 ], [ 30.7417, 49.1917 ], [ 30.7417, 49.2 ], [ 30.725, 49.2 ], [ 30.725, 49.1917 ], [ 30.7083, 49.1917 ], [ 30.7083, 49.1833 ], [ 30.6917, 49.1833 ], [ 30.6833, 49.1667 ], [ 30.675, 49.1667 ], [ 30.675, 49.1583 ], [ 30.6667, 49.1583 ], [ 30.6583, 49.1417 ], [ 30.65, 49.1417 ], [ 30.65, 49.1083 ], [ 30.6417, 49.1083 ], [ 30.6417, 49.0833 ], [ 30.65, 49.0833 ], [ 30.65, 49.0667 ], [ 30.675, 49.0667 ], [ 30.675, 49.0583 ], [ 30.6917, 49.0583 ], [ 30.6917, 49.0667 ], [ 30.725, 49.0667 ], [ 30.725, 49.075 ], [ 30.75, 49.075 ], [ 30.75, 49.0833 ], [ 30.8083, 49.0833 ], [ 30.8083, 49.0583 ], [ 30.7917, 49.05 ], [ 30.7917, 49.0417 ], [ 30.775, 49.0417 ], [ 30.775, 49.0333 ], [ 30.7583, 49.0333 ], [ 30.7583, 49.025 ], [ 30.7417, 49.025 ], [ 30.7417, 49.0167 ], [ 30.7333, 49.0167 ], [ 30.7417, 49.0 ], [ 30.7833, 49.0 ], [ 30.7833, 48.9917 ], [ 30.8, 48.9917 ], [ 30.8083, 48.975 ], [ 30.8167, 48.975 ], [ 30.8167, 48.9583 ], [ 30.8083, 48.9583 ], [ 30.8083, 48.9417 ], [ 30.8, 48.9417 ], [ 30.8, 48.9 ], [ 30.8083, 48.9 ], [ 30.8083, 48.8917 ], [ 30.8333, 48.8917 ], [ 30.8333, 48.8833 ], [ 30.8417, 48.8833 ], [ 30.8417, 48.8917 ], [ 30.875, 48.8917 ], [ 30.875, 48.9 ], [ 30.8917, 48.9083 ], [ 30.8917, 48.9167 ], [ 30.9083, 48.9167 ], [ 30.9083, 48.925 ], [ 30.925, 48.9333 ], [ 30.925, 48.9417 ], [ 30.9417, 48.9417 ], [ 30.9417, 48.95 ], [ 30.9667, 48.95 ], [ 30.9667, 48.9583 ], [ 31.0, 48.9583 ], [ 31.0, 48.95 ], [ 31.0083, 48.95 ], [ 31.0083, 48.925 ], [ 31.0, 48.925 ], [ 31.0, 48.8917 ], [ 31.0083, 48.8917 ], [ 31.0083, 48.8583 ], [ 31.0, 48.8583 ], [ 31.0, 48.8333 ], [ 31.0333, 48.8333 ], [ 31.0333, 48.8417 ], [ 31.0417, 48.8417 ], [ 31.05, 48.8583 ], [ 31.0583, 48.8583 ], [ 31.0583, 48.925 ], [ 31.0667, 48.925 ], [ 31.0667, 48.9417 ], [ 31.0833, 48.95 ], [ 31.0833, 48.9583 ], [ 31.1, 48.9667 ], [ 31.1, 48.975 ], [ 31.1167, 48.975 ], [ 31.125, 48.9917 ], [ 31.1333, 48.9917 ], [ 31.1333, 49.0 ], [ 31.125, 49.0 ], [ 31.125, 49.0167 ], [ 31.1083, 49.0167 ], [ 31.1, 49.0333 ], [ 31.1083, 49.0333 ], [ 31.1083, 49.0417 ], [ 31.1167, 49.0417 ], [ 31.1167, 49.05 ], [ 31.1333, 49.0583 ], [ 31.1333, 49.0667 ], [ 31.1417, 49.0667 ], [ 31.1417, 49.0833 ], [ 31.1583, 49.0833 ], [ 31.1667, 49.1 ], [ 31.175, 49.1 ], [ 31.175, 49.0917 ], [ 31.2, 49.0917 ], [ 31.2, 49.0833 ], [ 31.2167, 49.0833 ], [ 31.2167, 49.0917 ], [ 31.225, 49.0917 ], [ 31.225, 49.1167 ], [ 31.2167, 49.1167 ], [ 31.2167, 49.1333 ], [ 31.2083, 49.1333 ], [ 31.2083, 49.15 ], [ 31.225, 49.1583 ], [ 31.225, 49.1667 ], [ 31.2417, 49.1667 ], [ 31.2417, 49.175 ], [ 31.2583, 49.175 ], [ 31.2667, 49.1917 ], [ 31.275, 49.1917 ], [ 31.275, 49.2083 ], [ 31.2667, 49.2083 ], [ 31.2667, 49.225 ], [ 31.2583, 49.225 ], [ 31.2583, 49.2333 ], [ 31.2667, 49.2333 ], [ 31.2667, 49.25 ], [ 31.2833, 49.25 ], [ 31.2833, 49.2667 ], [ 31.3, 49.275 ], [ 31.3, 49.2833 ], [ 31.3167, 49.2833 ], [ 31.3167, 49.2917 ], [ 31.3417, 49.2917 ], [ 31.35, 49.3083 ], [ 31.3583, 49.3083 ], [ 31.3583, 49.3333 ], [ 31.35, 49.3333 ], [ 31.35, 49.35 ], [ 31.3917, 49.35 ], [ 31.3917, 49.3417 ], [ 31.4083, 49.3417 ], [ 31.4083, 49.3333 ], [ 31.475, 49.3333 ], [ 31.475, 49.3417 ], [ 31.5083, 49.3417 ], [ 31.5083, 49.35 ], [ 31.55, 49.35 ], [ 31.55, 49.3417 ], [ 31.5667, 49.3417 ], [ 31.5667, 49.325 ], [ 31.55, 49.325 ], [ 31.55, 49.3167 ], [ 31.5333, 49.3167 ], [ 31.5333, 49.3083 ], [ 31.5167, 49.3083 ], [ 31.5083, 49.2917 ], [ 31.4917, 49.2917 ], [ 31.4917, 49.275 ], [ 31.4833, 49.275 ], [ 31.4833, 49.2083 ], [ 31.475, 49.2083 ], [ 31.475, 49.2 ], [ 31.45, 49.2 ], [ 31.4417, 49.2167 ], [ 31.425, 49.2167 ], [ 31.425, 49.225 ], [ 31.4167, 49.225 ], [ 31.4167, 49.2333 ], [ 31.4, 49.2333 ], [ 31.4, 49.2417 ], [ 31.35, 49.2417 ], [ 31.35, 49.2083 ], [ 31.3583, 49.2083 ], [ 31.3583, 49.1917 ], [ 31.375, 49.1833 ], [ 31.3833, 49.1667 ], [ 31.3917, 49.1667 ], [ 31.4, 49.15 ], [ 31.4167, 49.15 ], [ 31.4167, 49.1417 ], [ 31.4417, 49.1417 ], [ 31.4417, 49.1333 ], [ 31.4833, 49.1333 ], [ 31.4833, 49.125 ], [ 31.5083, 49.125 ], [ 31.5083, 49.1167 ], [ 31.525, 49.1167 ], [ 31.525, 49.1083 ], [ 31.55, 49.1083 ], [ 31.5583, 49.0917 ], [ 31.5917, 49.0917 ], [ 31.5917, 49.0833 ], [ 31.625, 49.0833 ], [ 31.625, 49.0917 ], [ 31.6583, 49.0917 ], [ 31.6583, 49.1 ], [ 31.6833, 49.1 ], [ 31.6833, 49.1167 ], [ 31.7, 49.1167 ], [ 31.7, 49.1333 ], [ 31.7167, 49.1333 ], [ 31.7167, 49.1417 ], [ 31.7333, 49.1417 ], [ 31.7333, 49.15 ], [ 31.7583, 49.15 ], [ 31.7583, 49.1583 ], [ 31.8333, 49.1583 ], [ 31.8333, 49.15 ], [ 31.85, 49.15 ], [ 31.8583, 49.1333 ], [ 31.875, 49.1333 ], [ 31.875, 49.1167 ], [ 31.8667, 49.1167 ], [ 31.8667, 49.0667 ], [ 31.875, 49.0667 ], [ 31.875, 49.0583 ], [ 31.8833, 49.0583 ], [ 31.8917, 49.0417 ], [ 31.9, 49.0417 ], [ 31.9, 49.0333 ], [ 31.9167, 49.0333 ], [ 31.9167, 49.025 ], [ 31.9333, 49.025 ], [ 31.9333, 49.0167 ], [ 31.95, 49.0167 ], [ 31.9583, 49.0 ], [ 31.975, 49.0 ], [ 31.975, 48.9917 ], [ 31.9833, 48.9917 ], [ 31.9833, 48.9583 ], [ 31.9917, 48.9583 ], [ 31.9917, 48.9333 ], [ 31.9833, 48.9333 ], [ 31.9833, 48.9083 ], [ 31.9917, 48.9083 ], [ 31.9917, 48.8833 ], [ 32.0, 48.8833 ], [ 32.0, 48.875 ], [ 32.0167, 48.8667 ], [ 32.0167, 48.8583 ], [ 32.0417, 48.8583 ], [ 32.0417, 48.8667 ], [ 32.05, 48.8667 ], [ 32.0583, 48.8833 ], [ 32.0667, 48.8833 ], [ 32.0667, 48.9333 ], [ 32.0583, 48.9333 ], [ 32.0583, 48.9667 ], [ 32.075, 48.975 ], [ 32.075, 48.9833 ], [ 32.1, 48.9833 ], [ 32.1, 48.975 ], [ 32.1167, 48.9667 ], [ 32.1167, 48.9583 ], [ 32.125, 48.9583 ], [ 32.1333, 48.9417 ], [ 32.1833, 48.9417 ], [ 32.1833, 48.9333 ], [ 32.225, 48.9333 ], [ 32.225, 48.925 ], [ 32.2417, 48.925 ], [ 32.2417, 48.9167 ], [ 32.2583, 48.9167 ], [ 32.2583, 48.9083 ], [ 32.2833, 48.9083 ], [ 32.2833, 48.9 ], [ 32.3583, 48.9 ], [ 32.3667, 48.8833 ], [ 32.3833, 48.8833 ], [ 32.3833, 48.875 ], [ 32.4, 48.875 ], [ 32.4, 48.8667 ], [ 32.4167, 48.8667 ], [ 32.4167, 48.8583 ], [ 32.4417, 48.8583 ], [ 32.4417, 48.85 ], [ 32.4583, 48.85 ], [ 32.4667, 48.8667 ], [ 32.475, 48.8667 ], [ 32.475, 48.875 ], [ 32.4917, 48.8833 ], [ 32.4917, 48.8917 ], [ 32.5, 48.8917 ], [ 32.5, 48.9083 ], [ 32.5083, 48.9083 ], [ 32.5083, 48.95 ], [ 32.4917, 48.9583 ], [ 32.4917, 48.9667 ], [ 32.475, 48.975 ], [ 32.475, 48.9833 ], [ 32.4583, 48.9833 ], [ 32.4583, 49.0 ], [ 32.4833, 49.0 ], [ 32.4833, 49.0083 ], [ 32.5, 49.0083 ], [ 32.5, 49.0 ], [ 32.525, 49.0 ], [ 32.525, 48.9917 ], [ 32.5333, 48.9917 ], [ 32.5333, 48.975 ], [ 32.5417, 48.975 ], [ 32.5417, 48.9667 ], [ 32.5583, 48.9583 ], [ 32.5583, 48.95 ], [ 32.5667, 48.95 ], [ 32.5667, 48.925 ], [ 32.575, 48.925 ], [ 32.575, 48.9167 ], [ 32.5667, 48.9167 ], [ 32.5667, 48.8917 ], [ 32.5583, 48.8917 ], [ 32.5583, 48.875 ], [ 32.55, 48.875 ], [ 32.55, 48.8583 ], [ 32.5417, 48.8583 ], [ 32.5417, 48.8417 ], [ 32.5333, 48.8417 ], [ 32.5333, 48.825 ], [ 32.525, 48.825 ], [ 32.525, 48.8 ], [ 32.5167, 48.8 ], [ 32.5167, 48.775 ], [ 32.525, 48.775 ], [ 32.525, 48.7583 ], [ 32.5333, 48.7583 ], [ 32.5417, 48.7417 ], [ 32.5583, 48.7417 ], [ 32.5583, 48.7333 ], [ 32.575, 48.725 ], [ 32.575, 48.7167 ], [ 32.6, 48.7167 ], [ 32.6, 48.7083 ], [ 32.6167, 48.7083 ], [ 32.6167, 48.7 ], [ 32.6417, 48.7 ], [ 32.6417, 48.6917 ], [ 32.6583, 48.6917 ], [ 32.6583, 48.675 ], [ 32.4917, 48.675 ], [ 32.4917, 48.6833 ], [ 32.475, 48.6833 ], [ 32.4667, 48.7 ], [ 32.4583, 48.7 ], [ 32.4583, 48.7167 ], [ 32.45, 48.7167 ], [ 32.45, 48.7333 ], [ 32.4083, 48.7333 ], [ 32.4083, 48.725 ], [ 32.3917, 48.725 ], [ 32.3833, 48.7083 ], [ 32.3667, 48.7083 ], [ 32.3667, 48.7 ], [ 32.35, 48.7 ], [ 32.35, 48.6917 ], [ 32.3083, 48.6917 ], [ 32.3083, 48.7 ], [ 32.2833, 48.7 ], [ 32.2833, 48.7083 ], [ 32.275, 48.7083 ], [ 32.275, 48.7333 ], [ 32.2667, 48.7333 ], [ 32.2667, 48.75 ], [ 32.2583, 48.75 ], [ 32.2583, 48.7583 ], [ 32.2417, 48.7583 ], [ 32.2333, 48.775 ], [ 32.2167, 48.775 ], [ 32.2167, 48.7833 ], [ 32.2, 48.7833 ], [ 32.2, 48.7917 ], [ 32.1667, 48.7917 ], [ 32.1667, 48.8 ], [ 31.95, 48.8 ], [ 31.95, 48.8083 ], [ 31.875, 48.8083 ], [ 31.875, 48.875 ], [ 31.8667, 48.875 ], [ 31.8667, 48.8917 ], [ 31.8583, 48.8917 ], [ 31.8583, 48.9083 ], [ 31.85, 48.9083 ], [ 31.85, 48.9833 ], [ 31.8333, 48.9917 ], [ 31.8333, 49.0 ], [ 31.775, 49.0 ], [ 31.775, 48.9917 ], [ 31.75, 48.9917 ], [ 31.75, 48.9833 ], [ 31.7083, 48.9833 ], [ 31.7083, 48.975 ], [ 31.5667, 48.975 ], [ 31.5667, 48.9667 ], [ 31.5167, 48.9667 ], [ 31.5167, 48.9583 ], [ 31.5, 48.9583 ], [ 31.4917, 48.9417 ], [ 31.4667, 48.9417 ], [ 31.4667, 48.9333 ], [ 31.45, 48.9333 ], [ 31.45, 48.925 ], [ 31.4167, 48.925 ], [ 31.4167, 48.9167 ], [ 31.3333, 48.9167 ], [ 31.3333, 48.925 ], [ 31.3167, 48.925 ], [ 31.3167, 48.9167 ], [ 31.3, 48.9167 ], [ 31.3, 48.9083 ], [ 31.2833, 48.9083 ], [ 31.2833, 48.9 ], [ 31.2667, 48.9 ], [ 31.2667, 48.8917 ], [ 31.225, 48.8917 ], [ 31.225, 48.8833 ], [ 31.1833, 48.8833 ], [ 31.175, 48.8667 ], [ 31.1667, 48.8667 ], [ 31.1667, 48.85 ], [ 31.1583, 48.85 ], [ 31.1583, 48.8083 ], [ 31.1417, 48.8083 ], [ 31.1333, 48.7917 ], [ 31.125, 48.7917 ], [ 31.125, 48.7833 ], [ 31.1167, 48.7833 ], [ 31.1167, 48.7667 ], [ 31.1083, 48.7667 ], [ 31.1, 48.75 ], [ 31.0917, 48.75 ], [ 31.0917, 48.7333 ], [ 31.1, 48.7333 ], [ 31.1, 48.725 ], [ 31.1167, 48.725 ], [ 31.125, 48.7083 ], [ 31.1417, 48.7083 ], [ 31.1417, 48.7 ], [ 31.15, 48.7 ], [ 31.15, 48.675 ], [ 31.1333, 48.6667 ], [ 31.1333, 48.6583 ], [ 31.0833, 48.6583 ], [ 31.0833, 48.6667 ], [ 31.025, 48.6667 ], [ 31.025, 48.675 ], [ 30.95, 48.675 ], [ 30.95, 48.6833 ], [ 30.9167, 48.6833 ], [ 30.9167, 48.6917 ], [ 30.8667, 48.6917 ], [ 30.8667, 48.6833 ], [ 30.8583, 48.6833 ], [ 30.85, 48.6667 ], [ 30.8417, 48.6667 ], [ 30.8417, 48.65 ], [ 30.8333, 48.65 ], [ 30.8333, 48.5917 ], [ 30.8167, 48.5833 ], [ 30.8167, 48.5667 ], [ 30.8083, 48.5667 ], [ 30.8083, 48.55 ], [ 30.8, 48.55 ], [ 30.8, 48.5417 ], [ 30.7917, 48.5417 ], [ 30.7833, 48.525 ], [ 30.775, 48.525 ], [ 30.775, 48.4833 ], [ 30.7833, 48.4833 ], [ 30.7833, 48.475 ], [ 30.8, 48.475 ], [ 30.8, 48.4667 ], [ 30.8167, 48.4667 ], [ 30.8167, 48.4583 ], [ 30.8333, 48.4583 ], [ 30.8333, 48.45 ], [ 30.8583, 48.45 ], [ 30.8583, 48.4417 ], [ 30.8667, 48.4417 ], [ 30.8667, 48.3833 ], [ 30.875, 48.3833 ], [ 30.875, 48.375 ], [ 30.8917, 48.375 ], [ 30.9, 48.3583 ], [ 30.9167, 48.3583 ], [ 30.925, 48.3417 ], [ 30.9333, 48.3417 ], [ 30.9333, 48.3167 ], [ 30.9167, 48.3167 ], [ 30.9167, 48.3083 ], [ 30.9, 48.3083 ], [ 30.9, 48.3 ], [ 30.8833, 48.2917 ], [ 30.8833, 48.2833 ], [ 30.875, 48.2833 ], [ 30.875, 48.2667 ], [ 30.8667, 48.2667 ], [ 30.8667, 48.2167 ], [ 30.8833, 48.2083 ], [ 30.8833, 48.1833 ], [ 30.875, 48.1833 ], [ 30.875, 48.175 ], [ 30.8583, 48.175 ], [ 30.85, 48.1583 ], [ 30.8333, 48.15 ], [ 30.8333, 48.1 ], [ 30.8417, 48.1 ], [ 30.8417, 48.0833 ], [ 30.85, 48.0833 ], [ 30.85, 48.05 ], [ 30.8583, 48.05 ], [ 30.8583, 48.0417 ], [ 30.8417, 48.0417 ], [ 30.8417, 48.0167 ], [ 30.85, 48.0167 ], [ 30.85, 48.0083 ], [ 30.8417, 48.0083 ], [ 30.8417, 48.0 ], [ 30.8167, 48.0 ], [ 30.8167, 48.0083 ], [ 30.8, 48.0083 ], [ 30.8, 48.0167 ], [ 30.7833, 48.0167 ], [ 30.7833, 48.025 ], [ 30.7667, 48.025 ], [ 30.7667, 48.0167 ], [ 30.7417, 48.0167 ], [ 30.7333, 48.0333 ], [ 30.7417, 48.0333 ], [ 30.7417, 48.05 ], [ 30.75, 48.05 ], [ 30.75, 48.0667 ], [ 30.7417, 48.0667 ], [ 30.7417, 48.075 ], [ 30.725, 48.075 ], [ 30.725, 48.0833 ], [ 30.6917, 48.0833 ], [ 30.6917, 48.0917 ], [ 30.675, 48.0917 ], [ 30.675, 48.1 ], [ 30.6583, 48.1083 ], [ 30.6583, 48.1167 ], [ 30.6333, 48.1167 ], [ 30.6333, 48.125 ], [ 30.625, 48.125 ], [ 30.625, 48.1 ], [ 30.6167, 48.1 ], [ 30.6167, 48.0917 ], [ 30.5917, 48.0917 ], [ 30.5917, 48.075 ], [ 30.575, 48.0667 ], [ 30.575, 48.025 ], [ 30.5833, 48.025 ], [ 30.5833, 48.0167 ], [ 30.5917, 48.0167 ], [ 30.5917, 48.0 ], [ 30.6, 48.0 ], [ 30.6, 47.95 ], [ 30.5917, 47.95 ], [ 30.5917, 47.925 ], [ 30.6, 47.925 ], [ 30.6, 47.8917 ], [ 30.5917, 47.8917 ], [ 30.5917, 47.8833 ], [ 30.5583, 47.8833 ], [ 30.5583, 47.8917 ], [ 30.525, 47.8917 ], [ 30.525, 47.9 ], [ 30.4917, 47.9 ], [ 30.4917, 47.9083 ], [ 30.4417, 47.9083 ], [ 30.4417, 47.9167 ], [ 30.35, 47.9167 ], [ 30.35, 47.9083 ], [ 30.3083, 47.9083 ], [ 30.3083, 47.9 ], [ 30.2667, 47.9 ], [ 30.2667, 47.8917 ], [ 30.2, 47.8917 ], [ 30.2, 47.8833 ], [ 30.15, 47.8833 ], [ 30.1417, 47.8667 ], [ 30.1333, 47.8667 ], [ 30.1333, 47.85 ], [ 30.125, 47.85 ], [ 30.125, 47.8333 ], [ 30.1083, 47.825 ], [ 30.1083, 47.8167 ], [ 30.1, 47.8167 ], [ 30.1, 47.8083 ], [ 29.9833, 47.8083 ], [ 29.975, 47.7917 ], [ 29.9667, 47.7917 ], [ 29.9667, 47.7583 ], [ 29.9583, 47.7583 ], [ 29.9583, 47.7417 ], [ 29.9417, 47.7333 ], [ 29.9417, 47.725 ], [ 29.9167, 47.725 ], [ 29.9167, 47.7333 ], [ 29.8917, 47.7333 ], [ 29.8917, 47.7417 ], [ 29.8583, 47.7417 ], [ 29.85, 47.725 ], [ 29.8083, 47.725 ], [ 29.8083, 47.7333 ], [ 29.7917, 47.7333 ], [ 29.7917, 47.7417 ], [ 29.775, 47.7417 ], [ 29.775, 47.75 ], [ 29.75, 47.75 ], [ 29.75, 47.7583 ], [ 29.7, 47.7583 ], [ 29.7, 47.75 ], [ 29.6833, 47.7417 ], [ 29.6833, 47.7333 ], [ 29.625, 47.7333 ], [ 29.625, 47.7417 ], [ 29.6083, 47.7417 ], [ 29.6083, 47.75 ], [ 29.6, 47.75 ], [ 29.6, 47.7667 ], [ 29.5917, 47.7667 ], [ 29.5917, 47.775 ], [ 29.575, 47.7833 ], [ 29.575, 47.8 ], [ 29.5667, 47.8 ], [ 29.5667, 47.8167 ], [ 29.5583, 47.8167 ], [ 29.5583, 47.8333 ], [ 29.5417, 47.8333 ], [ 29.5417, 47.8417 ], [ 29.5333, 47.8417 ], [ 29.5333, 47.8167 ], [ 29.5417, 47.8167 ], [ 29.5417, 47.8 ], [ 29.5333, 47.8 ], [ 29.5333, 47.7917 ], [ 29.5, 47.7917 ], [ 29.5, 47.8 ], [ 29.4917, 47.8 ], [ 29.4917, 47.8167 ], [ 29.475, 47.825 ], [ 29.475, 47.8333 ], [ 29.4667, 47.8333 ], [ 29.4667, 47.85 ], [ 29.4583, 47.85 ], [ 29.4583, 47.8667 ], [ 29.45, 47.8667 ], [ 29.45, 47.875 ], [ 29.4333, 47.8833 ], [ 29.4333, 47.8917 ], [ 29.425, 47.8917 ], [ 29.4167, 47.9083 ], [ 29.4083, 47.9083 ], [ 29.4083, 47.925 ], [ 29.3917, 47.9333 ], [ 29.3917, 47.9417 ], [ 29.3833, 47.9417 ], [ 29.3833, 47.9583 ], [ 29.3667, 47.9667 ], [ 29.3667, 47.9833 ], [ 29.375, 47.9833 ], [ 29.375, 47.9917 ], [ 29.3667, 47.9917 ], [ 29.3667, 48.0167 ], [ 29.375, 48.0167 ], [ 29.375, 48.025 ], [ 29.3917, 48.025 ], [ 29.3917, 48.0333 ], [ 29.425, 48.0333 ], [ 29.425, 48.0417 ], [ 29.4417, 48.0417 ], [ 29.4417, 48.05 ], [ 29.4583, 48.05 ], [ 29.4583, 48.075 ], [ 29.4667, 48.075 ], [ 29.4667, 48.1 ], [ 29.475, 48.1 ], [ 29.475, 48.1167 ], [ 29.4917, 48.1167 ], [ 29.4917, 48.125 ], [ 29.55, 48.125 ], [ 29.55, 48.1333 ], [ 29.575, 48.1333 ], [ 29.5833, 48.15 ], [ 29.6, 48.15 ], [ 29.6, 48.1417 ], [ 29.6417, 48.1417 ], [ 29.6417, 48.1333 ], [ 29.6833, 48.1333 ], [ 29.6833, 48.125 ], [ 29.7417, 48.125 ], [ 29.7417, 48.1167 ], [ 29.75, 48.1167 ], [ 29.7417, 48.1 ], [ 29.7083, 48.1 ], [ 29.7083, 48.0917 ], [ 29.6833, 48.0917 ], [ 29.6833, 48.0833 ], [ 29.6667, 48.0833 ], [ 29.6667, 48.075 ], [ 29.6583, 48.075 ], [ 29.6583, 48.0583 ], [ 29.7083, 48.0583 ], [ 29.7083, 48.0667 ], [ 29.75, 48.0667 ], [ 29.75, 48.075 ], [ 29.8083, 48.075 ], [ 29.8083, 48.0833 ], [ 29.825, 48.0833 ], [ 29.825, 48.0917 ], [ 30.025, 48.0917 ], [ 30.025, 48.075 ], [ 30.0417, 48.075 ], [ 30.0417, 48.0667 ], [ 30.0583, 48.0667 ], [ 30.0583, 48.0583 ], [ 30.1, 48.0583 ], [ 30.1, 48.05 ], [ 30.1667, 48.05 ], [ 30.1667, 48.0417 ], [ 30.2083, 48.0417 ], [ 30.2083, 48.0333 ], [ 30.2333, 48.0333 ], [ 30.2333, 48.025 ], [ 30.25, 48.025 ], [ 30.25, 48.0167 ], [ 30.3, 48.0167 ], [ 30.3, 48.025 ], [ 30.3167, 48.025 ], [ 30.325, 48.0417 ], [ 30.3417, 48.0417 ], [ 30.3417, 48.05 ], [ 30.3583, 48.0583 ], [ 30.3583, 48.0667 ], [ 30.375, 48.0667 ], [ 30.375, 48.075 ], [ 30.3917, 48.075 ], [ 30.3917, 48.0833 ], [ 30.4083, 48.0833 ], [ 30.4083, 48.0917 ], [ 30.4167, 48.0917 ], [ 30.425, 48.1083 ], [ 30.4333, 48.1083 ], [ 30.4333, 48.1333 ], [ 30.45, 48.1417 ], [ 30.45, 48.15 ], [ 30.4667, 48.15 ], [ 30.4667, 48.175 ], [ 30.45, 48.175 ], [ 30.45, 48.1833 ], [ 30.375, 48.1833 ], [ 30.375, 48.175 ], [ 30.35, 48.175 ], [ 30.35, 48.1833 ], [ 30.3333, 48.1833 ], [ 30.3333, 48.175 ], [ 30.25, 48.175 ], [ 30.25, 48.1667 ], [ 30.2, 48.1667 ], [ 30.2, 48.1583 ], [ 30.1583, 48.1583 ], [ 30.1583, 48.15 ], [ 30.125, 48.15 ], [ 30.125, 48.1417 ], [ 30.0833, 48.1417 ], [ 30.0833, 48.1583 ], [ 30.075, 48.1583 ], [ 30.0667, 48.175 ], [ 30.05, 48.175 ], [ 30.05, 48.1833 ], [ 30.0333, 48.1833 ], [ 30.0333, 48.1917 ], [ 30.0167, 48.1833 ], [ 30.0167, 48.1917 ], [ 29.9917, 48.1917 ], [ 29.9917, 48.1833 ], [ 29.95, 48.1833 ], [ 29.95, 48.175 ], [ 29.9167, 48.175 ], [ 29.9167, 48.1667 ], [ 29.8833, 48.1667 ], [ 29.8833, 48.1583 ], [ 29.875, 48.1583 ], [ 29.875, 48.1667 ], [ 29.8417, 48.1667 ], [ 29.8417, 48.1833 ], [ 29.8333, 48.1833 ], [ 29.8333, 48.1917 ], [ 29.8167, 48.2 ], [ 29.8167, 48.2083 ], [ 29.8, 48.2083 ], [ 29.8, 48.225 ], [ 29.8083, 48.225 ], [ 29.8083, 48.2333 ], [ 29.825, 48.2333 ], [ 29.825, 48.2417 ], [ 29.8583, 48.2417 ], [ 29.85, 48.2583 ], [ 29.825, 48.2583 ], [ 29.825, 48.2667 ], [ 29.75, 48.2667 ], [ 29.75, 48.2583 ], [ 29.7167, 48.2583 ], [ 29.7167, 48.25 ], [ 29.7, 48.25 ], [ 29.7, 48.2417 ], [ 29.625, 48.2417 ], [ 29.625, 48.25 ], [ 29.5917, 48.25 ], [ 29.5917, 48.2583 ], [ 29.575, 48.2583 ], [ 29.5667, 48.2417 ], [ 29.5833, 48.2333 ], [ 29.5833, 48.2083 ], [ 29.525, 48.2083 ], [ 29.525, 48.2 ], [ 29.5083, 48.2 ], [ 29.5083, 48.2083 ], [ 29.4833, 48.2083 ], [ 29.4833, 48.2167 ], [ 29.4583, 48.2167 ], [ 29.4583, 48.225 ], [ 29.4333, 48.225 ], [ 29.4333, 48.2167 ], [ 29.4083, 48.2167 ], [ 29.4083, 48.1917 ], [ 29.4167, 48.1917 ], [ 29.4167, 48.1833 ], [ 29.4333, 48.175 ], [ 29.4333, 48.1667 ], [ 29.45, 48.1667 ], [ 29.45, 48.15 ], [ 29.4583, 48.15 ], [ 29.4583, 48.1333 ], [ 29.4417, 48.1333 ], [ 29.4417, 48.125 ], [ 29.4167, 48.125 ], [ 29.4167, 48.1333 ], [ 29.3917, 48.1333 ], [ 29.3917, 48.1417 ], [ 29.3667, 48.1417 ], [ 29.3667, 48.15 ], [ 29.35, 48.15 ], [ 29.35, 48.1583 ], [ 29.3333, 48.1583 ], [ 29.3333, 48.1667 ], [ 29.3167, 48.1667 ], [ 29.3167, 48.175 ], [ 29.3083, 48.175 ], [ 29.3, 48.1917 ], [ 29.2917, 48.1917 ], [ 29.2917, 48.2 ], [ 29.2333, 48.2 ], [ 29.2333, 48.225 ], [ 29.2417, 48.225 ], [ 29.2417, 48.2417 ], [ 29.25, 48.2417 ], [ 29.25, 48.25 ], [ 29.35, 48.25 ], [ 29.3583, 48.2667 ], [ 29.3667, 48.2667 ], [ 29.3667, 48.275 ], [ 29.35, 48.2833 ], [ 29.35, 48.2917 ], [ 29.3333, 48.2917 ], [ 29.3333, 48.3 ], [ 29.3167, 48.3 ], [ 29.3167, 48.3083 ], [ 29.3083, 48.3083 ], [ 29.3083, 48.325 ], [ 29.3417, 48.325 ], [ 29.3417, 48.3333 ], [ 29.35, 48.3333 ], [ 29.35, 48.325 ], [ 29.4667, 48.325 ], [ 29.4667, 48.3333 ], [ 29.4833, 48.3333 ], [ 29.4833, 48.3417 ], [ 29.5, 48.3417 ], [ 29.5083, 48.3583 ], [ 29.4917, 48.3583 ], [ 29.4917, 48.3667 ], [ 29.3, 48.3667 ], [ 29.3, 48.375 ], [ 29.2667, 48.375 ], [ 29.2667, 48.3833 ], [ 29.2, 48.3833 ], [ 29.2, 48.375 ], [ 29.1417, 48.375 ], [ 29.1417, 48.3667 ], [ 29.1167, 48.3667 ], [ 29.1083, 48.35 ], [ 29.0917, 48.35 ], [ 29.0917, 48.3417 ], [ 29.0667, 48.3417 ], [ 29.0667, 48.3333 ], [ 29.0417, 48.3333 ], [ 29.0417, 48.325 ], [ 29.0167, 48.325 ], [ 29.0167, 48.3167 ], [ 29.0, 48.3167 ], [ 29.0, 48.3083 ], [ 28.9917, 48.3083 ], [ 28.9833, 48.2917 ], [ 28.975, 48.2917 ], [ 28.975, 48.2667 ], [ 29.0, 48.2667 ], [ 29.0, 48.2583 ], [ 29.0083, 48.2583 ], [ 29.0083, 48.2667 ], [ 29.075, 48.2667 ], [ 29.075, 48.275 ], [ 29.1667, 48.275 ], [ 29.1667, 48.2667 ], [ 29.1833, 48.2667 ], [ 29.1833, 48.25 ], [ 29.1667, 48.2417 ], [ 29.1667, 48.2333 ], [ 29.1417, 48.2333 ], [ 29.1417, 48.225 ], [ 29.1, 48.225 ], [ 29.1, 48.2167 ], [ 29.0417, 48.2167 ], [ 29.0417, 48.2083 ], [ 29.025, 48.2083 ], [ 29.025, 48.1833 ], [ 29.0417, 48.175 ], [ 29.0417, 48.1667 ], [ 29.0583, 48.1667 ], [ 29.0667, 48.15 ], [ 29.0833, 48.15 ], [ 29.0917, 48.1333 ], [ 29.1083, 48.1333 ], [ 29.1083, 48.1417 ], [ 29.125, 48.1417 ], [ 29.125, 48.15 ], [ 29.1417, 48.15 ], [ 29.1417, 48.1583 ], [ 29.1833, 48.1583 ], [ 29.1833, 48.15 ], [ 29.2, 48.15 ], [ 29.2, 48.1417 ], [ 29.2167, 48.1333 ], [ 29.2167, 48.1167 ], [ 29.225, 48.1167 ], [ 29.2333, 48.1 ], [ 29.25, 48.1 ], [ 29.2583, 48.0833 ], [ 29.2667, 48.0833 ], [ 29.275, 48.0667 ], [ 29.2833, 48.0667 ], [ 29.2833, 48.0583 ], [ 29.3, 48.05 ], [ 29.3, 48.0417 ], [ 29.3083, 48.0417 ], [ 29.3083, 48.025 ], [ 29.3167, 48.025 ], [ 29.3167, 48.0083 ], [ 29.3083, 48.0083 ], [ 29.3083, 48.0 ], [ 29.2917, 47.9917 ], [ 29.2917, 47.9833 ], [ 29.2583, 47.9833 ], [ 29.2583, 47.9917 ], [ 29.2417, 47.9917 ], [ 29.2417, 48.0 ], [ 29.2333, 48.0 ], [ 29.2333, 48.0167 ], [ 29.225, 48.0167 ], [ 29.2167, 48.0333 ], [ 29.1917, 48.0333 ], [ 29.1917, 47.9917 ], [ 29.1833, 47.9917 ], [ 29.1833, 47.9644 ], [ 29.1805, 47.9642 ], [ 29.1753, 47.9938 ], [ 29.1249, 47.9937 ], [ 29.124, 47.9884 ], [ 29.1298, 47.9865 ], [ 29.131, 47.9824 ], [ 29.0929, 47.9831 ], [ 29.0841, 47.9773 ], [ 29.0965, 47.9733 ], [ 29.0981, 47.9601 ], [ 29.0953, 47.9598 ], [ 29.091, 47.9683 ], [ 29.0833, 47.9704 ], [ 29.0833, 47.975 ], [ 29.0667, 47.975 ], [ 29.0667, 47.9583 ], [ 29.0583, 47.9583 ], [ 29.0583, 47.9431 ], [ 29.0522, 47.9427 ], [ 29.0368, 47.9479 ], [ 29.0326, 47.9426 ], [ 29.0125, 47.9563 ], [ 29.0017, 47.9581 ], [ 29.0003, 47.9622 ], [ 29.0, 47.9621 ], [ 29.0, 47.9917 ], [ 29.0083, 47.9917 ], [ 29.0083, 48.0083 ], [ 29.0167, 48.0083 ], [ 29.0167, 48.025 ], [ 29.0083, 48.025 ], [ 29.0083, 48.125 ], [ 29.0, 48.125 ], [ 29.0, 48.15 ], [ 28.975, 48.15 ], [ 28.975, 48.1417 ], [ 28.9667, 48.1417 ], [ 28.9667, 48.1167 ], [ 28.9583, 48.1167 ], [ 28.9583, 48.0917 ], [ 28.9417, 48.0833 ], [ 28.9417, 48.075 ], [ 28.925, 48.0667 ], [ 28.925, 48.0583 ], [ 28.9083, 48.0583 ], [ 28.9, 48.0417 ], [ 28.8833, 48.0417 ], [ 28.8833, 48.0333 ], [ 28.8667, 48.0333 ], [ 28.8667, 48.025 ], [ 28.8561, 48.025 ], [ 28.8559, 48.027 ], [ 28.8394, 48.0349 ], [ 28.852, 48.0609 ], [ 28.8438, 48.0657 ], [ 28.8497, 48.0705 ], [ 28.8426, 48.075 ], [ 28.8365, 48.0713 ], [ 28.8334, 48.0728 ], [ 28.8399, 48.0785 ], [ 28.8477, 48.0787 ], [ 28.8575, 48.1029 ], [ 28.8526, 48.1096 ], [ 28.8667, 48.1167 ] ], [ [ 31.4333, 49.0417 ], [ 31.3917, 49.0417 ], [ 31.3917, 49.0333 ], [ 31.3167, 49.0333 ], [ 31.3167, 49.0417 ], [ 31.2667, 49.0417 ], [ 31.2667, 49.0333 ], [ 31.2417, 49.0333 ], [ 31.2417, 49.025 ], [ 31.225, 49.025 ], [ 31.225, 49.0083 ], [ 31.2167, 49.0083 ], [ 31.2167, 49.0 ], [ 31.2333, 48.9917 ], [ 31.2333, 48.9833 ], [ 31.25, 48.9833 ], [ 31.25, 48.975 ], [ 31.275, 48.975 ], [ 31.275, 48.9667 ], [ 31.3167, 48.9667 ], [ 31.3167, 48.9583 ], [ 31.3417, 48.9583 ], [ 31.3417, 48.95 ], [ 31.35, 48.95 ], [ 31.35, 48.9583 ], [ 31.3667, 48.9667 ], [ 31.3667, 48.975 ], [ 31.3833, 48.975 ], [ 31.3833, 48.9833 ], [ 31.4083, 48.9833 ], [ 31.4083, 48.9917 ], [ 31.4333, 48.9917 ], [ 31.4333, 49.0 ], [ 31.4583, 49.0 ], [ 31.4667, 49.0167 ], [ 31.4833, 49.0167 ], [ 31.4833, 49.0417 ], [ 31.475, 49.0417 ], [ 31.475, 49.05 ], [ 31.4333, 49.05 ], [ 31.4333, 49.0417 ] ], [ [ 30.3083, 49.025 ], [ 30.2917, 49.025 ], [ 30.2917, 49.0167 ], [ 30.275, 49.0167 ], [ 30.275, 48.9917 ], [ 30.2917, 48.9833 ], [ 30.2917, 48.9667 ], [ 30.2833, 48.9667 ], [ 30.2833, 48.95 ], [ 30.3333, 48.95 ], [ 30.3333, 48.9583 ], [ 30.35, 48.9583 ], [ 30.35, 48.9667 ], [ 30.4, 48.9667 ], [ 30.4083, 48.95 ], [ 30.425, 48.95 ], [ 30.425, 48.9333 ], [ 30.4333, 48.9333 ], [ 30.4333, 48.9083 ], [ 30.45, 48.9 ], [ 30.45, 48.8917 ], [ 30.475, 48.8917 ], [ 30.475, 48.8833 ], [ 30.5, 48.8833 ], [ 30.5, 48.875 ], [ 30.5167, 48.8833 ], [ 30.5167, 48.875 ], [ 30.55, 48.875 ], [ 30.55, 48.8667 ], [ 30.5833, 48.8667 ], [ 30.5833, 48.8583 ], [ 30.6417, 48.8583 ], [ 30.65, 48.875 ], [ 30.6667, 48.875 ], [ 30.675, 48.8917 ], [ 30.6833, 48.8917 ], [ 30.6833, 48.9167 ], [ 30.675, 48.9167 ], [ 30.675, 48.95 ], [ 30.6583, 48.9583 ], [ 30.6583, 48.9667 ], [ 30.6417, 48.9667 ], [ 30.6417, 48.975 ], [ 30.5667, 48.975 ], [ 30.5667, 48.9667 ], [ 30.525, 48.9667 ], [ 30.525, 48.975 ], [ 30.5, 48.975 ], [ 30.5, 48.9833 ], [ 30.4833, 48.9833 ], [ 30.4833, 48.9917 ], [ 30.4667, 49.0 ], [ 30.4667, 49.0083 ], [ 30.45, 49.0167 ], [ 30.45, 49.025 ], [ 30.4333, 49.025 ], [ 30.4333, 49.0333 ], [ 30.3083, 49.0333 ], [ 30.3083, 49.025 ] ], [ [ 30.5667, 48.7583 ], [ 30.55, 48.7583 ], [ 30.5417, 48.7417 ], [ 30.5333, 48.7417 ], [ 30.5417, 48.725 ], [ 30.5667, 48.725 ], [ 30.5667, 48.7167 ], [ 30.6417, 48.7167 ], [ 30.6417, 48.7083 ], [ 30.6667, 48.7083 ], [ 30.6667, 48.7 ], [ 30.6833, 48.7 ], [ 30.6833, 48.6917 ], [ 30.6917, 48.6917 ], [ 30.6917, 48.6667 ], [ 30.6833, 48.6667 ], [ 30.6833, 48.6583 ], [ 30.6667, 48.65 ], [ 30.6667, 48.6417 ], [ 30.65, 48.6333 ], [ 30.65, 48.625 ], [ 30.6333, 48.625 ], [ 30.6333, 48.6167 ], [ 30.625, 48.6167 ], [ 30.625, 48.6 ], [ 30.6167, 48.6 ], [ 30.6167, 48.5583 ], [ 30.625, 48.5583 ], [ 30.625, 48.55 ], [ 30.6167, 48.55 ], [ 30.6167, 48.5167 ], [ 30.6417, 48.5167 ], [ 30.6417, 48.525 ], [ 30.65, 48.525 ], [ 30.6583, 48.5417 ], [ 30.6667, 48.5417 ], [ 30.6667, 48.55 ], [ 30.675, 48.55 ], [ 30.675, 48.5667 ], [ 30.6917, 48.575 ], [ 30.6917, 48.5833 ], [ 30.7, 48.5833 ], [ 30.7083, 48.6 ], [ 30.7167, 48.6 ], [ 30.7167, 48.6083 ], [ 30.7333, 48.6083 ], [ 30.7333, 48.6167 ], [ 30.75, 48.6167 ], [ 30.7583, 48.6333 ], [ 30.775, 48.6333 ], [ 30.7833, 48.65 ], [ 30.7917, 48.65 ], [ 30.7917, 48.675 ], [ 30.775, 48.6833 ], [ 30.775, 48.7083 ], [ 30.7917, 48.7083 ], [ 30.7917, 48.7167 ], [ 30.8083, 48.7167 ], [ 30.8083, 48.725 ], [ 30.825, 48.7333 ], [ 30.825, 48.7417 ], [ 30.8167, 48.7417 ], [ 30.8167, 48.75 ], [ 30.7, 48.75 ], [ 30.7, 48.7583 ], [ 30.6583, 48.7583 ], [ 30.6583, 48.7667 ], [ 30.5667, 48.7667 ], [ 30.5667, 48.7583 ] ], [ [ 30.6083, 48.1583 ], [ 30.6167, 48.1583 ], [ 30.6167, 48.1667 ], [ 30.6083, 48.1667 ], [ 30.6083, 48.1583 ] ], [ [ 30.3417, 47.95 ], [ 30.35, 47.95 ], [ 30.35, 47.9583 ], [ 30.3417, 47.9583 ], [ 30.3417, 47.95 ] ] ], [ [ [ 36.9417, 48.1917 ], [ 36.9417, 48.175 ], [ 36.925, 48.175 ], [ 36.9167, 48.1583 ], [ 36.9, 48.1583 ], [ 36.8917, 48.1417 ], [ 36.875, 48.1417 ], [ 36.875, 48.1333 ], [ 36.8583, 48.1333 ], [ 36.8583, 48.125 ], [ 36.8417, 48.1167 ], [ 36.8417, 48.1083 ], [ 36.825, 48.1083 ], [ 36.825, 48.0917 ], [ 36.8167, 48.0917 ], [ 36.8167, 48.0667 ], [ 36.8333, 48.0583 ], [ 36.8333, 48.05 ], [ 36.8583, 48.05 ], [ 36.8583, 48.0417 ], [ 36.9083, 48.0417 ], [ 36.9083, 48.0333 ], [ 36.975, 48.0333 ], [ 36.975, 48.025 ], [ 37.0583, 48.025 ], [ 37.0583, 48.0167 ], [ 37.1333, 48.0167 ], [ 37.1333, 48.0083 ], [ 37.375, 48.0083 ], [ 37.3833, 47.9917 ], [ 37.3667, 47.9833 ], [ 37.3667, 47.975 ], [ 37.2167, 47.975 ], [ 37.2167, 47.9833 ], [ 37.1583, 47.9833 ], [ 37.1583, 47.9583 ], [ 37.175, 47.95 ], [ 37.175, 47.9417 ], [ 37.1917, 47.9417 ], [ 37.2, 47.925 ], [ 37.2083, 47.925 ], [ 37.2083, 47.9083 ], [ 37.1583, 47.9083 ], [ 37.1583, 47.9167 ], [ 37.1333, 47.9167 ], [ 37.125, 47.9333 ], [ 37.1083, 47.9333 ], [ 37.1083, 47.9417 ], [ 37.0917, 47.9417 ], [ 37.0917, 47.95 ], [ 37.075, 47.95 ], [ 37.075, 47.9583 ], [ 37.0583, 47.9583 ], [ 37.0583, 47.9667 ], [ 37.0417, 47.9667 ], [ 37.0417, 47.975 ], [ 37.025, 47.975 ], [ 37.025, 47.9833 ], [ 36.9833, 47.9833 ], [ 36.9833, 47.975 ], [ 36.9667, 47.975 ], [ 36.9583, 47.9583 ], [ 36.925, 47.9583 ], [ 36.925, 47.9667 ], [ 36.9083, 47.9667 ], [ 36.9083, 47.975 ], [ 36.8917, 47.975 ], [ 36.8833, 47.9917 ], [ 36.8667, 47.9917 ], [ 36.8667, 48.0 ], [ 36.85, 48.0 ], [ 36.85, 48.0083 ], [ 36.8333, 48.0083 ], [ 36.8333, 48.0167 ], [ 36.8167, 48.0167 ], [ 36.8167, 48.025 ], [ 36.7917, 48.025 ], [ 36.7917, 48.0333 ], [ 36.775, 48.0333 ], [ 36.775, 48.025 ], [ 36.7667, 48.025 ], [ 36.7667, 48.0083 ], [ 36.775, 48.0083 ], [ 36.775, 48.0 ], [ 36.7917, 47.9917 ], [ 36.7917, 47.9833 ], [ 36.8, 47.9833 ], [ 36.8, 47.975 ], [ 36.8167, 47.9667 ], [ 36.8167, 47.9583 ], [ 36.8333, 47.9583 ], [ 36.8333, 47.95 ], [ 36.85, 47.9417 ], [ 36.85, 47.9333 ], [ 36.8667, 47.9333 ], [ 36.8667, 47.925 ], [ 36.8833, 47.925 ], [ 36.8833, 47.9167 ], [ 36.8917, 47.9167 ], [ 36.8917, 47.8833 ], [ 36.8833, 47.8833 ], [ 36.8833, 47.8667 ], [ 36.875, 47.8667 ], [ 36.875, 47.8417 ], [ 36.8667, 47.8417 ], [ 36.8667, 47.725 ], [ 36.875, 47.725 ], [ 36.875, 47.7083 ], [ 36.8833, 47.7083 ], [ 36.8833, 47.6917 ], [ 36.8917, 47.6917 ], [ 36.8917, 47.6667 ], [ 36.8833, 47.6667 ], [ 36.8833, 47.6583 ], [ 36.8667, 47.6583 ], [ 36.8667, 47.6667 ], [ 36.85, 47.6667 ], [ 36.8417, 47.6833 ], [ 36.825, 47.6833 ], [ 36.825, 47.7 ], [ 36.8083, 47.7083 ], [ 36.8083, 47.7167 ], [ 36.7917, 47.725 ], [ 36.7917, 47.7333 ], [ 36.7833, 47.7333 ], [ 36.7833, 47.7583 ], [ 36.775, 47.7583 ], [ 36.775, 47.775 ], [ 36.7833, 47.775 ], [ 36.7833, 47.7917 ], [ 36.7917, 47.7917 ], [ 36.7917, 47.8083 ], [ 36.8, 47.8083 ], [ 36.8, 47.8333 ], [ 36.8083, 47.8333 ], [ 36.8083, 47.85 ], [ 36.8, 47.85 ], [ 36.8, 47.8667 ], [ 36.7917, 47.8667 ], [ 36.7917, 47.9 ], [ 36.7833, 47.9 ], [ 36.7833, 47.9167 ], [ 36.7667, 47.925 ], [ 36.7667, 47.9333 ], [ 36.7583, 47.9333 ], [ 36.75, 47.95 ], [ 36.7417, 47.95 ], [ 36.7417, 47.9583 ], [ 36.725, 47.9583 ], [ 36.725, 47.9667 ], [ 36.7167, 47.9667 ], [ 36.7083, 47.9833 ], [ 36.7, 47.9833 ], [ 36.7, 48.0167 ], [ 36.7083, 48.0167 ], [ 36.7083, 48.0417 ], [ 36.6917, 48.05 ], [ 36.6917, 48.0583 ], [ 36.65, 48.0583 ], [ 36.65, 48.05 ], [ 36.6417, 48.05 ], [ 36.6417, 48.0167 ], [ 36.6333, 48.0167 ], [ 36.6333, 48.0 ], [ 36.625, 48.0 ], [ 36.625, 47.9833 ], [ 36.6083, 47.975 ], [ 36.6083, 47.9583 ], [ 36.5917, 47.95 ], [ 36.5917, 47.9333 ], [ 36.575, 47.9333 ], [ 36.575, 47.925 ], [ 36.5583, 47.925 ], [ 36.5583, 47.9333 ], [ 36.5417, 47.9333 ], [ 36.5417, 47.9417 ], [ 36.5333, 47.9417 ], [ 36.5333, 47.9667 ], [ 36.5417, 47.9667 ], [ 36.5417, 47.9833 ], [ 36.5583, 47.9917 ], [ 36.5583, 48.0083 ], [ 36.5667, 48.0083 ], [ 36.5667, 48.0333 ], [ 36.575, 48.0333 ], [ 36.575, 48.05 ], [ 36.5833, 48.05 ], [ 36.5833, 48.0667 ], [ 36.5917, 48.0667 ], [ 36.5917, 48.075 ], [ 36.6083, 48.0833 ], [ 36.6083, 48.0917 ], [ 36.6333, 48.0917 ], [ 36.6333, 48.1 ], [ 36.7583, 48.1 ], [ 36.7583, 48.1083 ], [ 36.775, 48.1083 ], [ 36.775, 48.1167 ], [ 36.7917, 48.125 ], [ 36.7917, 48.1333 ], [ 36.8, 48.1333 ], [ 36.8083, 48.15 ], [ 36.825, 48.15 ], [ 36.8333, 48.1667 ], [ 36.8417, 48.1667 ], [ 36.8417, 48.175 ], [ 36.8583, 48.175 ], [ 36.8583, 48.1833 ], [ 36.8833, 48.1833 ], [ 36.8833, 48.1917 ], [ 36.9417, 48.1917 ] ], [ [ 37.2667, 47.9833 ], [ 37.2833, 47.9833 ], [ 37.2833, 47.9917 ], [ 37.2667, 47.9917 ], [ 37.2667, 47.9833 ] ] ], [ [ [ 33.5083, 47.8417 ], [ 33.5083, 47.8333 ], [ 33.5333, 47.8333 ], [ 33.5333, 47.825 ], [ 33.55, 47.8167 ], [ 33.55, 47.8083 ], [ 33.5667, 47.8083 ], [ 33.5667, 47.8 ], [ 33.575, 47.8 ], [ 33.5833, 47.7833 ], [ 33.5917, 47.7833 ], [ 33.5917, 47.775 ], [ 33.6083, 47.775 ], [ 33.6083, 47.7583 ], [ 33.625, 47.75 ], [ 33.625, 47.7167 ], [ 33.6333, 47.7167 ], [ 33.6333, 47.7 ], [ 33.6417, 47.7 ], [ 33.65, 47.6833 ], [ 33.6583, 47.6833 ], [ 33.6583, 47.6667 ], [ 33.675, 47.6583 ], [ 33.675, 47.6417 ], [ 33.6833, 47.6417 ], [ 33.6833, 47.625 ], [ 33.675, 47.625 ], [ 33.675, 47.6083 ], [ 33.6583, 47.6 ], [ 33.6583, 47.5917 ], [ 33.6167, 47.5917 ], [ 33.6167, 47.6 ], [ 33.5917, 47.6 ], [ 33.5917, 47.6083 ], [ 33.575, 47.6167 ], [ 33.575, 47.625 ], [ 33.5583, 47.6333 ], [ 33.5583, 47.6417 ], [ 33.5333, 47.6417 ], [ 33.5333, 47.65 ], [ 33.5, 47.65 ], [ 33.5, 47.6583 ], [ 33.4833, 47.6583 ], [ 33.4833, 47.675 ], [ 33.475, 47.675 ], [ 33.475, 47.6833 ], [ 33.4833, 47.6833 ], [ 33.4833, 47.7 ], [ 33.4917, 47.7 ], [ 33.5, 47.7167 ], [ 33.5083, 47.7167 ], [ 33.5083, 47.7333 ], [ 33.5167, 47.7333 ], [ 33.5167, 47.7583 ], [ 33.5083, 47.7583 ], [ 33.5083, 47.775 ], [ 33.5, 47.775 ], [ 33.5, 47.7833 ], [ 33.4833, 47.7917 ], [ 33.4833, 47.8 ], [ 33.475, 47.8 ], [ 33.475, 47.8167 ], [ 33.4667, 47.8167 ], [ 33.4667, 47.8333 ], [ 33.475, 47.8333 ], [ 33.475, 47.8417 ], [ 33.5083, 47.8417 ] ] ], [ [ [ 32.0167, 46.975 ], [ 31.9833, 46.975 ], [ 31.9833, 46.9917 ], [ 31.9667, 47.0 ], [ 31.9667, 47.0083 ], [ 31.9333, 47.0083 ], [ 31.9333, 47.025 ], [ 31.925, 47.025 ], [ 31.9167, 47.0083 ], [ 31.9, 47.0083 ], [ 31.9, 47.025 ], [ 31.8833, 47.0333 ], [ 31.8833, 47.05 ], [ 31.8917, 47.05 ], [ 31.8917, 47.075 ], [ 31.9, 47.075 ], [ 31.9, 47.0917 ], [ 31.8917, 47.0917 ], [ 31.8917, 47.1 ], [ 31.875, 47.1 ], [ 31.875, 47.1083 ], [ 31.85, 47.1083 ], [ 31.85, 47.1167 ], [ 31.8417, 47.1167 ], [ 31.8333, 47.1333 ], [ 31.825, 47.1333 ], [ 31.825, 47.15 ], [ 31.8167, 47.15 ], [ 31.8167, 47.1667 ], [ 31.8, 47.175 ], [ 31.8, 47.1833 ], [ 31.7917, 47.1833 ], [ 31.7917, 47.1917 ], [ 31.775, 47.1917 ], [ 31.775, 47.2 ], [ 31.7583, 47.2 ], [ 31.75, 47.2167 ], [ 31.7333, 47.225 ], [ 31.7333, 47.2333 ], [ 31.7417, 47.2333 ], [ 31.7417, 47.25 ], [ 31.75, 47.25 ], [ 31.75, 47.2833 ], [ 31.7417, 47.2833 ], [ 31.7417, 47.2917 ], [ 31.725, 47.2917 ], [ 31.725, 47.3 ], [ 31.7167, 47.3 ], [ 31.7167, 47.3083 ], [ 31.7, 47.3083 ], [ 31.7, 47.3167 ], [ 31.6833, 47.3167 ], [ 31.6833, 47.325 ], [ 31.6583, 47.325 ], [ 31.6583, 47.3333 ], [ 31.6333, 47.3333 ], [ 31.6333, 47.3417 ], [ 31.6167, 47.3417 ], [ 31.6083, 47.3583 ], [ 31.575, 47.3583 ], [ 31.575, 47.3333 ], [ 31.5667, 47.3333 ], [ 31.5667, 47.325 ], [ 31.5167, 47.325 ], [ 31.5167, 47.3333 ], [ 31.4833, 47.3333 ], [ 31.4833, 47.3417 ], [ 31.4417, 47.3417 ], [ 31.4417, 47.35 ], [ 31.3833, 47.35 ], [ 31.3833, 47.3417 ], [ 31.25, 47.3417 ], [ 31.25, 47.35 ], [ 31.2083, 47.35 ], [ 31.2083, 47.3583 ], [ 31.175, 47.3583 ], [ 31.175, 47.3667 ], [ 31.125, 47.3667 ], [ 31.125, 47.375 ], [ 31.1, 47.375 ], [ 31.1, 47.3833 ], [ 31.05, 47.3833 ], [ 31.05, 47.3917 ], [ 31.025, 47.3917 ], [ 31.025, 47.4 ], [ 31.0083, 47.4 ], [ 31.0083, 47.4083 ], [ 30.9917, 47.4167 ], [ 30.9917, 47.425 ], [ 30.9667, 47.425 ], [ 30.9667, 47.4333 ], [ 30.9167, 47.4333 ], [ 30.9167, 47.4417 ], [ 30.8917, 47.4417 ], [ 30.8917, 47.4583 ], [ 30.875, 47.4583 ], [ 30.8667, 47.475 ], [ 30.8583, 47.475 ], [ 30.85, 47.4917 ], [ 30.8417, 47.4917 ], [ 30.8417, 47.5 ], [ 30.825, 47.5 ], [ 30.8167, 47.5167 ], [ 30.8, 47.5167 ], [ 30.8, 47.525 ], [ 30.7833, 47.525 ], [ 30.7833, 47.5333 ], [ 30.7083, 47.5333 ], [ 30.7083, 47.5417 ], [ 30.6583, 47.5417 ], [ 30.6583, 47.55 ], [ 30.6417, 47.55 ], [ 30.6417, 47.5583 ], [ 30.625, 47.5583 ], [ 30.625, 47.5667 ], [ 30.6083, 47.5667 ], [ 30.6, 47.5833 ], [ 30.5917, 47.5833 ], [ 30.5917, 47.5917 ], [ 30.575, 47.6 ], [ 30.575, 47.6083 ], [ 30.5667, 47.6083 ], [ 30.5667, 47.625 ], [ 30.5583, 47.625 ], [ 30.5583, 47.6417 ], [ 30.55, 47.6417 ], [ 30.55, 47.6583 ], [ 30.5333, 47.6583 ], [ 30.5333, 47.6667 ], [ 30.5167, 47.675 ], [ 30.5167, 47.6833 ], [ 30.5083, 47.6833 ], [ 30.5, 47.7 ], [ 30.4917, 47.7 ], [ 30.4917, 47.7083 ], [ 30.475, 47.7083 ], [ 30.475, 47.7167 ], [ 30.4583, 47.725 ], [ 30.4583, 47.7333 ], [ 30.4417, 47.7333 ], [ 30.4417, 47.7417 ], [ 30.425, 47.7417 ], [ 30.425, 47.75 ], [ 30.4083, 47.75 ], [ 30.4083, 47.7583 ], [ 30.3917, 47.7583 ], [ 30.3917, 47.7667 ], [ 30.3833, 47.7667 ], [ 30.3833, 47.7833 ], [ 30.4167, 47.7833 ], [ 30.4167, 47.775 ], [ 30.4417, 47.775 ], [ 30.4417, 47.7667 ], [ 30.4667, 47.7667 ], [ 30.4667, 47.7583 ], [ 30.4833, 47.7583 ], [ 30.4833, 47.75 ], [ 30.5, 47.75 ], [ 30.5, 47.7417 ], [ 30.5167, 47.7417 ], [ 30.5167, 47.7333 ], [ 30.5333, 47.725 ], [ 30.5333, 47.7167 ], [ 30.55, 47.7167 ], [ 30.5583, 47.7 ], [ 30.5667, 47.7 ], [ 30.575, 47.6833 ], [ 30.5833, 47.6833 ], [ 30.5833, 47.6667 ], [ 30.5917, 47.6667 ], [ 30.5917, 47.6583 ], [ 30.6083, 47.6583 ], [ 30.6083, 47.6417 ], [ 30.6167, 47.6417 ], [ 30.6167, 47.625 ], [ 30.625, 47.625 ], [ 30.625, 47.6083 ], [ 30.6333, 47.6083 ], [ 30.6333, 47.6 ], [ 30.65, 47.6 ], [ 30.65, 47.5917 ], [ 30.675, 47.5917 ], [ 30.675, 47.5833 ], [ 30.7333, 47.5833 ], [ 30.7333, 47.575 ], [ 30.7917, 47.575 ], [ 30.7917, 47.5667 ], [ 30.8167, 47.5667 ], [ 30.825, 47.55 ], [ 30.8333, 47.55 ], [ 30.8333, 47.5417 ], [ 30.85, 47.5333 ], [ 30.85, 47.525 ], [ 30.8583, 47.525 ], [ 30.8583, 47.5167 ], [ 30.875, 47.5167 ], [ 30.8833, 47.5 ], [ 30.9, 47.5 ], [ 30.9083, 47.4833 ], [ 30.9333, 47.4833 ], [ 30.9333, 47.475 ], [ 30.95, 47.475 ], [ 30.9583, 47.4583 ], [ 31.0083, 47.4583 ], [ 31.0167, 47.4417 ], [ 31.025, 47.4417 ], [ 31.0333, 47.425 ], [ 31.0417, 47.425 ], [ 31.0417, 47.4167 ], [ 31.0833, 47.4167 ], [ 31.0833, 47.425 ], [ 31.0917, 47.425 ], [ 31.0917, 47.4167 ], [ 31.1167, 47.4167 ], [ 31.1167, 47.4083 ], [ 31.1417, 47.4083 ], [ 31.1417, 47.4 ], [ 31.1667, 47.4 ], [ 31.1667, 47.3917 ], [ 31.2, 47.3917 ], [ 31.2, 47.4083 ], [ 31.1917, 47.4083 ], [ 31.1917, 47.4167 ], [ 31.1667, 47.4167 ], [ 31.1667, 47.425 ], [ 31.15, 47.425 ], [ 31.1417, 47.4417 ], [ 31.125, 47.4417 ], [ 31.125, 47.45 ], [ 31.1083, 47.45 ], [ 31.1083, 47.4583 ], [ 31.0917, 47.4583 ], [ 31.0917, 47.4667 ], [ 31.075, 47.4667 ], [ 31.0667, 47.4833 ], [ 31.0583, 47.4833 ], [ 31.0583, 47.5 ], [ 31.0667, 47.5 ], [ 31.0667, 47.5083 ], [ 31.0917, 47.5083 ], [ 31.1, 47.4917 ], [ 31.1167, 47.4917 ], [ 31.1167, 47.4833 ], [ 31.1333, 47.4833 ], [ 31.1333, 47.475 ], [ 31.1583, 47.475 ], [ 31.1667, 47.4583 ], [ 31.1833, 47.4583 ], [ 31.1833, 47.45 ], [ 31.2, 47.4417 ], [ 31.2, 47.4333 ], [ 31.225, 47.4333 ], [ 31.2333, 47.45 ], [ 31.225, 47.45 ], [ 31.225, 47.5 ], [ 31.2583, 47.5 ], [ 31.2667, 47.4833 ], [ 31.275, 47.4833 ], [ 31.275, 47.4583 ], [ 31.2833, 47.4583 ], [ 31.2833, 47.4083 ], [ 31.2917, 47.4083 ], [ 31.2917, 47.3833 ], [ 31.3, 47.3833 ], [ 31.3, 47.375 ], [ 31.3333, 47.375 ], [ 31.3417, 47.3917 ], [ 31.35, 47.3917 ], [ 31.35, 47.4 ], [ 31.3667, 47.4 ], [ 31.3667, 47.4083 ], [ 31.3833, 47.4083 ], [ 31.3833, 47.4 ], [ 31.4167, 47.4 ], [ 31.4167, 47.3917 ], [ 31.45, 47.3917 ], [ 31.45, 47.4 ], [ 31.4667, 47.4083 ], [ 31.4667, 47.425 ], [ 31.4583, 47.425 ], [ 31.4583, 47.4417 ], [ 31.4417, 47.4417 ], [ 31.4333, 47.4583 ], [ 31.4167, 47.4583 ], [ 31.4167, 47.4667 ], [ 31.4, 47.475 ], [ 31.4, 47.4833 ], [ 31.3917, 47.4833 ], [ 31.3917, 47.4917 ], [ 31.375, 47.5 ], [ 31.375, 47.5083 ], [ 31.3583, 47.5083 ], [ 31.3583, 47.5167 ], [ 31.35, 47.5167 ], [ 31.3417, 47.5333 ], [ 31.325, 47.5333 ], [ 31.325, 47.5417 ], [ 31.3083, 47.5417 ], [ 31.3083, 47.55 ], [ 31.2833, 47.55 ], [ 31.2833, 47.5583 ], [ 31.25, 47.5583 ], [ 31.25, 47.5667 ], [ 31.2167, 47.5667 ], [ 31.2167, 47.575 ], [ 31.2, 47.575 ], [ 31.2, 47.5833 ], [ 31.1833, 47.5833 ], [ 31.1833, 47.5917 ], [ 31.1667, 47.5917 ], [ 31.1667, 47.625 ], [ 31.1833, 47.6333 ], [ 31.1833, 47.6417 ], [ 31.2, 47.6417 ], [ 31.2083, 47.6583 ], [ 31.225, 47.6583 ], [ 31.225, 47.6667 ], [ 31.2417, 47.6667 ], [ 31.2417, 47.675 ], [ 31.2583, 47.675 ], [ 31.2667, 47.6917 ], [ 31.275, 47.6917 ], [ 31.275, 47.675 ], [ 31.2833, 47.675 ], [ 31.2833, 47.6917 ], [ 31.3, 47.6917 ], [ 31.3, 47.6833 ], [ 31.3083, 47.6833 ], [ 31.3083, 47.6667 ], [ 31.3, 47.6667 ], [ 31.2917, 47.65 ], [ 31.2833, 47.65 ], [ 31.2833, 47.6417 ], [ 31.2667, 47.6333 ], [ 31.2667, 47.625 ], [ 31.2583, 47.625 ], [ 31.2667, 47.6083 ], [ 31.2833, 47.6083 ], [ 31.2833, 47.6 ], [ 31.3, 47.6 ], [ 31.3, 47.5917 ], [ 31.3083, 47.5917 ], [ 31.3083, 47.575 ], [ 31.2833, 47.575 ], [ 31.2833, 47.5667 ], [ 31.3, 47.5667 ], [ 31.3, 47.5583 ], [ 31.3083, 47.5583 ], [ 31.3083, 47.5667 ], [ 31.325, 47.5667 ], [ 31.325, 47.5583 ], [ 31.3417, 47.5583 ], [ 31.3417, 47.575 ], [ 31.3583, 47.575 ], [ 31.3667, 47.5917 ], [ 31.375, 47.5917 ], [ 31.375, 47.6083 ], [ 31.3833, 47.6083 ], [ 31.3833, 47.6167 ], [ 31.4, 47.6167 ], [ 31.4, 47.625 ], [ 31.4167, 47.625 ], [ 31.4167, 47.6167 ], [ 31.425, 47.6167 ], [ 31.425, 47.5583 ], [ 31.4417, 47.55 ], [ 31.4417, 47.5333 ], [ 31.45, 47.5333 ], [ 31.45, 47.5167 ], [ 31.4583, 47.5167 ], [ 31.4583, 47.5 ], [ 31.475, 47.4917 ], [ 31.475, 47.4833 ], [ 31.4917, 47.475 ], [ 31.4917, 47.4667 ], [ 31.5, 47.4667 ], [ 31.5083, 47.45 ], [ 31.525, 47.45 ], [ 31.525, 47.4417 ], [ 31.5417, 47.4417 ], [ 31.5417, 47.4333 ], [ 31.5583, 47.4333 ], [ 31.5583, 47.425 ], [ 31.575, 47.425 ], [ 31.575, 47.4167 ], [ 31.5917, 47.4167 ], [ 31.5917, 47.4083 ], [ 31.6083, 47.4083 ], [ 31.6083, 47.4 ], [ 31.625, 47.4 ], [ 31.625, 47.3917 ], [ 31.6417, 47.3917 ], [ 31.6417, 47.3833 ], [ 31.6583, 47.3833 ], [ 31.6583, 47.375 ], [ 31.675, 47.375 ], [ 31.675, 47.3667 ], [ 31.7083, 47.3667 ], [ 31.7083, 47.3583 ], [ 31.7333, 47.3583 ], [ 31.7333, 47.3667 ], [ 31.75, 47.3667 ], [ 31.75, 47.3833 ], [ 31.7583, 47.3833 ], [ 31.7583, 47.4 ], [ 31.7833, 47.4 ], [ 31.7833, 47.3833 ], [ 31.7917, 47.3833 ], [ 31.7917, 47.3667 ], [ 31.8, 47.3667 ], [ 31.8, 47.3417 ], [ 31.8083, 47.3417 ], [ 31.8083, 47.3167 ], [ 31.8167, 47.3167 ], [ 31.8167, 47.2833 ], [ 31.8083, 47.2833 ], [ 31.8083, 47.2333 ], [ 31.85, 47.2333 ], [ 31.85, 47.2417 ], [ 31.8667, 47.2417 ], [ 31.8667, 47.25 ], [ 31.9, 47.25 ], [ 31.9, 47.2417 ], [ 31.9083, 47.2417 ], [ 31.9083, 47.1917 ], [ 31.9167, 47.1917 ], [ 31.9083, 47.175 ], [ 31.9167, 47.175 ], [ 31.9167, 47.1583 ], [ 31.9333, 47.15 ], [ 31.9333, 47.1333 ], [ 31.9417, 47.1333 ], [ 31.95, 47.1167 ], [ 31.9583, 47.1167 ], [ 31.95, 47.1 ], [ 31.9583, 47.1 ], [ 31.9583, 47.05 ], [ 31.9667, 47.05 ], [ 31.9667, 47.0417 ], [ 31.9833, 47.0417 ], [ 31.9833, 47.0333 ], [ 32.0, 47.0333 ], [ 32.0, 47.025 ], [ 31.9917, 47.025 ], [ 31.9917, 47.0 ], [ 32.0, 47.0 ], [ 32.0, 47.0167 ], [ 32.0083, 47.0167 ], [ 32.0083, 47.025 ], [ 32.0417, 47.025 ], [ 32.0417, 47.0167 ], [ 32.05, 47.0167 ], [ 32.0583, 47.0 ], [ 32.0667, 47.0 ], [ 32.0667, 46.9833 ], [ 32.05, 46.9833 ], [ 32.0417, 46.9667 ], [ 32.0333, 46.9667 ], [ 32.0333, 46.9917 ], [ 32.025, 46.9917 ], [ 32.0167, 46.975 ] ], [ [ 31.3417, 47.55 ], [ 31.35, 47.55 ], [ 31.35, 47.5583 ], [ 31.3417, 47.5583 ], [ 31.3417, 47.55 ] ], [ [ 32.025, 47.0 ], [ 32.0167, 47.0 ], [ 32.0167, 46.9917 ], [ 32.025, 46.9917 ], [ 32.025, 47.0 ] ], [ [ 31.225, 47.3583 ], [ 31.2333, 47.3583 ], [ 31.2333, 47.3667 ], [ 31.225, 47.3667 ], [ 31.225, 47.3583 ] ], [ [ 31.7667, 47.3083 ], [ 31.775, 47.3083 ], [ 31.775, 47.3167 ], [ 31.7667, 47.3167 ], [ 31.7667, 47.3083 ] ] ], [ [ [ 35.6167, 47.2667 ], [ 35.6167, 47.2583 ], [ 35.6417, 47.2583 ], [ 35.6417, 47.25 ], [ 35.7333, 47.25 ], [ 35.7333, 47.2417 ], [ 35.7417, 47.2417 ], [ 35.7417, 47.225 ], [ 35.7333, 47.225 ], [ 35.7333, 47.2167 ], [ 35.6833, 47.2167 ], [ 35.6833, 47.2083 ], [ 35.6583, 47.2083 ], [ 35.65, 47.1917 ], [ 35.6333, 47.1917 ], [ 35.6333, 47.1833 ], [ 35.6167, 47.1833 ], [ 35.6083, 47.1667 ], [ 35.6, 47.1667 ], [ 35.6, 47.15 ], [ 35.5917, 47.15 ], [ 35.5917, 47.1333 ], [ 35.575, 47.125 ], [ 35.575, 47.1 ], [ 35.5667, 47.1 ], [ 35.5667, 47.075 ], [ 35.55, 47.0667 ], [ 35.55, 47.0583 ], [ 35.5417, 47.0583 ], [ 35.5417, 47.0417 ], [ 35.525, 47.0333 ], [ 35.525, 47.025 ], [ 35.5167, 47.025 ], [ 35.5167, 47.0083 ], [ 35.525, 47.0083 ], [ 35.525, 47.0 ], [ 35.575, 47.0 ], [ 35.575, 47.0083 ], [ 35.6, 47.0083 ], [ 35.6, 47.0167 ], [ 35.625, 47.0167 ], [ 35.625, 47.025 ], [ 35.65, 47.025 ], [ 35.65, 47.0333 ], [ 35.6917, 47.0333 ], [ 35.7, 47.0167 ], [ 35.6917, 47.0167 ], [ 35.6917, 47.0083 ], [ 35.675, 47.0083 ], [ 35.6667, 46.9917 ], [ 35.65, 46.9917 ], [ 35.6417, 46.975 ], [ 35.6, 46.975 ], [ 35.6, 46.9667 ], [ 35.55, 46.9667 ], [ 35.55, 46.9583 ], [ 35.5167, 46.9583 ], [ 35.5167, 46.95 ], [ 35.475, 46.95 ], [ 35.475, 46.9583 ], [ 35.4583, 46.9583 ], [ 35.4583, 46.9833 ], [ 35.4417, 46.9917 ], [ 35.4417, 47.0083 ], [ 35.45, 47.0083 ], [ 35.45, 47.025 ], [ 35.4583, 47.025 ], [ 35.4583, 47.0417 ], [ 35.4667, 47.0417 ], [ 35.4667, 47.0583 ], [ 35.4833, 47.0667 ], [ 35.4833, 47.0833 ], [ 35.5, 47.0917 ], [ 35.5, 47.1 ], [ 35.5083, 47.1 ], [ 35.5083, 47.1167 ], [ 35.525, 47.125 ], [ 35.525, 47.1417 ], [ 35.5333, 47.1417 ], [ 35.5333, 47.1583 ], [ 35.55, 47.1583 ], [ 35.5583, 47.175 ], [ 35.5667, 47.175 ], [ 35.5667, 47.1917 ], [ 35.575, 47.1917 ], [ 35.575, 47.2083 ], [ 35.5833, 47.2083 ], [ 35.5833, 47.2333 ], [ 35.5917, 47.2333 ], [ 35.5917, 47.2583 ], [ 35.6, 47.2583 ], [ 35.6, 47.2667 ], [ 35.6167, 47.2667 ] ], [ [ 35.7167, 47.2333 ], [ 35.725, 47.2333 ], [ 35.725, 47.2417 ], [ 35.7167, 47.2417 ], [ 35.7167, 47.2333 ] ] ], [ [ [ 30.2167, 47.2917 ], [ 30.225, 47.275 ], [ 30.2333, 47.275 ], [ 30.2417, 47.2583 ], [ 30.25, 47.2583 ], [ 30.25, 47.2417 ], [ 30.2583, 47.2417 ], [ 30.2583, 47.225 ], [ 30.2667, 47.225 ], [ 30.2667, 47.2083 ], [ 30.275, 47.2083 ], [ 30.275, 47.1833 ], [ 30.2833, 47.1833 ], [ 30.2833, 47.1583 ], [ 30.2917, 47.1583 ], [ 30.2917, 47.125 ], [ 30.3, 47.125 ], [ 30.3, 47.1083 ], [ 30.3083, 47.1083 ], [ 30.3083, 47.0833 ], [ 30.3167, 47.0833 ], [ 30.3167, 47.075 ], [ 30.325, 47.075 ], [ 30.325, 47.0583 ], [ 30.3333, 47.0583 ], [ 30.3333, 47.05 ], [ 30.35, 47.0417 ], [ 30.35, 47.0333 ], [ 30.3583, 47.0333 ], [ 30.3583, 47.0167 ], [ 30.375, 47.0083 ], [ 30.375, 46.9917 ], [ 30.3917, 46.9833 ], [ 30.4, 46.9667 ], [ 30.4083, 46.9667 ], [ 30.4083, 46.95 ], [ 30.425, 46.9417 ], [ 30.425, 46.9333 ], [ 30.4417, 46.925 ], [ 30.4417, 46.9167 ], [ 30.4583, 46.9167 ], [ 30.4583, 46.9083 ], [ 30.4667, 46.9083 ], [ 30.4667, 46.8917 ], [ 30.4833, 46.8833 ], [ 30.4833, 46.875 ], [ 30.4917, 46.875 ], [ 30.4917, 46.8667 ], [ 30.5083, 46.8583 ], [ 30.5083, 46.85 ], [ 30.5167, 46.85 ], [ 30.5167, 46.8333 ], [ 30.525, 46.8333 ], [ 30.525, 46.8167 ], [ 30.5333, 46.8167 ], [ 30.5333, 46.8 ], [ 30.525, 46.8 ], [ 30.525, 46.7917 ], [ 30.5083, 46.7917 ], [ 30.5083, 46.8 ], [ 30.4917, 46.8083 ], [ 30.4917, 46.8167 ], [ 30.4833, 46.8167 ], [ 30.4833, 46.8333 ], [ 30.475, 46.8333 ], [ 30.475, 46.85 ], [ 30.4667, 46.85 ], [ 30.4667, 46.8667 ], [ 30.45, 46.875 ], [ 30.45, 46.8917 ], [ 30.4417, 46.8917 ], [ 30.4417, 46.9 ], [ 30.4167, 46.9 ], [ 30.4083, 46.9167 ], [ 30.4, 46.9167 ], [ 30.4, 46.9333 ], [ 30.3833, 46.9417 ], [ 30.3833, 46.95 ], [ 30.3667, 46.95 ], [ 30.3667, 46.9583 ], [ 30.3583, 46.9583 ], [ 30.3583, 46.9667 ], [ 30.35, 46.9667 ], [ 30.3417, 46.9833 ], [ 30.3333, 46.9833 ], [ 30.3333, 46.9917 ], [ 30.3167, 46.9917 ], [ 30.3167, 47.0 ], [ 30.3083, 47.0 ], [ 30.3, 47.0167 ], [ 30.2917, 47.0167 ], [ 30.2917, 47.0333 ], [ 30.2833, 47.0333 ], [ 30.2833, 47.05 ], [ 30.2667, 47.0583 ], [ 30.2667, 47.0833 ], [ 30.2583, 47.0833 ], [ 30.2583, 47.1083 ], [ 30.25, 47.1083 ], [ 30.25, 47.1333 ], [ 30.2417, 47.1333 ], [ 30.2417, 47.1583 ], [ 30.2333, 47.1583 ], [ 30.2333, 47.1833 ], [ 30.225, 47.1833 ], [ 30.225, 47.2083 ], [ 30.2167, 47.2083 ], [ 30.2167, 47.2417 ], [ 30.2083, 47.2417 ], [ 30.2083, 47.275 ], [ 30.2, 47.275 ], [ 30.2083, 47.2917 ], [ 30.2167, 47.2917 ] ] ], [ [ [ 30.125, 47.6917 ], [ 30.125, 47.6833 ], [ 30.1583, 47.6833 ], [ 30.1583, 47.675 ], [ 30.1833, 47.675 ], [ 30.1833, 47.6667 ], [ 30.2167, 47.6667 ], [ 30.2167, 47.6583 ], [ 30.25, 47.6583 ], [ 30.25, 47.65 ], [ 30.2833, 47.65 ], [ 30.2833, 47.6417 ], [ 30.3167, 47.6417 ], [ 30.325, 47.625 ], [ 30.3417, 47.625 ], [ 30.3417, 47.6167 ], [ 30.3583, 47.6167 ], [ 30.3583, 47.6083 ], [ 30.375, 47.6083 ], [ 30.375, 47.6 ], [ 30.3917, 47.6 ], [ 30.3917, 47.5917 ], [ 30.4083, 47.5833 ], [ 30.4083, 47.575 ], [ 30.425, 47.575 ], [ 30.425, 47.5667 ], [ 30.4333, 47.5667 ], [ 30.4333, 47.5583 ], [ 30.45, 47.5583 ], [ 30.45, 47.55 ], [ 30.4667, 47.55 ], [ 30.4667, 47.5417 ], [ 30.4833, 47.5333 ], [ 30.4833, 47.525 ], [ 30.4917, 47.525 ], [ 30.4917, 47.5167 ], [ 30.5083, 47.5167 ], [ 30.5167, 47.5 ], [ 30.525, 47.5 ], [ 30.525, 47.4917 ], [ 30.5333, 47.4917 ], [ 30.5417, 47.475 ], [ 30.55, 47.475 ], [ 30.55, 47.4583 ], [ 30.5583, 47.4583 ], [ 30.5583, 47.4333 ], [ 30.575, 47.425 ], [ 30.575, 47.4083 ], [ 30.5917, 47.4 ], [ 30.5917, 47.3917 ], [ 30.6083, 47.3917 ], [ 30.6083, 47.375 ], [ 30.6167, 47.375 ], [ 30.6167, 47.3667 ], [ 30.625, 47.3667 ], [ 30.6333, 47.35 ], [ 30.6417, 47.35 ], [ 30.6417, 47.3417 ], [ 30.65, 47.3417 ], [ 30.6583, 47.325 ], [ 30.6667, 47.325 ], [ 30.6667, 47.3167 ], [ 30.6833, 47.3167 ], [ 30.6833, 47.3083 ], [ 30.7, 47.3083 ], [ 30.7083, 47.2917 ], [ 30.725, 47.2917 ], [ 30.725, 47.2833 ], [ 30.7417, 47.2833 ], [ 30.7417, 47.275 ], [ 30.7583, 47.275 ], [ 30.7583, 47.2667 ], [ 30.7833, 47.2667 ], [ 30.7833, 47.2583 ], [ 30.8083, 47.2583 ], [ 30.8083, 47.25 ], [ 30.8333, 47.25 ], [ 30.8333, 47.2417 ], [ 30.85, 47.2417 ], [ 30.85, 47.2333 ], [ 30.875, 47.2333 ], [ 30.875, 47.225 ], [ 30.8917, 47.225 ], [ 30.8917, 47.2167 ], [ 30.9083, 47.2167 ], [ 30.9083, 47.2083 ], [ 30.8917, 47.2083 ], [ 30.8917, 47.2 ], [ 30.925, 47.2 ], [ 30.925, 47.2083 ], [ 30.9333, 47.2083 ], [ 30.9333, 47.2 ], [ 30.95, 47.2 ], [ 30.95, 47.1917 ], [ 30.9667, 47.1917 ], [ 30.9667, 47.1833 ], [ 30.9917, 47.1833 ], [ 30.9917, 47.175 ], [ 31.0083, 47.175 ], [ 31.0083, 47.1667 ], [ 31.0167, 47.1667 ], [ 31.0167, 47.1 ], [ 31.025, 47.1 ], [ 31.025, 47.0833 ], [ 31.0333, 47.0833 ], [ 31.0417, 47.0667 ], [ 31.05, 47.0667 ], [ 31.0583, 47.05 ], [ 31.0667, 47.05 ], [ 31.0667, 47.0333 ], [ 31.075, 47.0333 ], [ 31.075, 47.0167 ], [ 31.0833, 47.0167 ], [ 31.0833, 46.9833 ], [ 31.0917, 46.9833 ], [ 31.0917, 46.975 ], [ 31.1083, 46.975 ], [ 31.1083, 46.9833 ], [ 31.125, 46.9917 ], [ 31.125, 47.0083 ], [ 31.1333, 47.0083 ], [ 31.1333, 47.025 ], [ 31.1417, 47.025 ], [ 31.1417, 47.0417 ], [ 31.15, 47.0417 ], [ 31.1583, 47.0583 ], [ 31.1667, 47.0583 ], [ 31.1667, 47.075 ], [ 31.175, 47.075 ], [ 31.175, 47.0833 ], [ 31.1833, 47.0833 ], [ 31.1833, 47.1 ], [ 31.1917, 47.1 ], [ 31.1917, 47.1167 ], [ 31.2, 47.1167 ], [ 31.2, 47.125 ], [ 31.2167, 47.1333 ], [ 31.2167, 47.1417 ], [ 31.225, 47.1417 ], [ 31.225, 47.15 ], [ 31.2333, 47.15 ], [ 31.2333, 47.1083 ], [ 31.225, 47.1083 ], [ 31.225, 47.0917 ], [ 31.2167, 47.0917 ], [ 31.2083, 47.075 ], [ 31.2, 47.075 ], [ 31.2, 47.0583 ], [ 31.1833, 47.05 ], [ 31.1833, 47.0333 ], [ 31.1667, 47.025 ], [ 31.1667, 47.0083 ], [ 31.1583, 47.0083 ], [ 31.1583, 46.9917 ], [ 31.1417, 46.9833 ], [ 31.1417, 46.9583 ], [ 31.1333, 46.9583 ], [ 31.1333, 46.9333 ], [ 31.1417, 46.9333 ], [ 31.1417, 46.9167 ], [ 31.15, 46.9167 ], [ 31.1583, 46.9 ], [ 31.175, 46.9 ], [ 31.175, 46.8917 ], [ 31.1833, 46.8917 ], [ 31.1833, 46.8833 ], [ 31.2, 46.875 ], [ 31.2, 46.8667 ], [ 31.2083, 46.8667 ], [ 31.2083, 46.8417 ], [ 31.2167, 46.8417 ], [ 31.2167, 46.825 ], [ 31.2333, 46.8167 ], [ 31.2333, 46.8083 ], [ 31.2167, 46.8 ], [ 31.2167, 46.7917 ], [ 31.2, 46.7917 ], [ 31.2, 46.8 ], [ 31.1917, 46.8 ], [ 31.1917, 46.825 ], [ 31.1833, 46.825 ], [ 31.1833, 46.85 ], [ 31.1667, 46.8583 ], [ 31.1667, 46.8667 ], [ 31.15, 46.8667 ], [ 31.15, 46.875 ], [ 31.1417, 46.875 ], [ 31.1417, 46.9 ], [ 31.125, 46.9 ], [ 31.125, 46.9083 ], [ 31.0833, 46.9083 ], [ 31.075, 46.925 ], [ 31.0667, 46.925 ], [ 31.0667, 46.95 ], [ 31.0583, 46.95 ], [ 31.0583, 47.0 ], [ 31.05, 47.0 ], [ 31.05, 47.0167 ], [ 31.0417, 47.0167 ], [ 31.0417, 47.0333 ], [ 31.025, 47.0417 ], [ 31.025, 47.05 ], [ 31.0083, 47.05 ], [ 31.0083, 47.0583 ], [ 31.0, 47.0583 ], [ 31.0, 47.0417 ], [ 31.0083, 47.0417 ], [ 31.0083, 47.025 ], [ 31.0167, 47.025 ], [ 31.0167, 47.0167 ], [ 31.025, 47.0167 ], [ 31.025, 46.9917 ], [ 31.0333, 46.9917 ], [ 31.0333, 46.925 ], [ 31.0417, 46.925 ], [ 31.0417, 46.9083 ], [ 31.05, 46.9083 ], [ 31.05, 46.9 ], [ 31.0667, 46.9 ], [ 31.0667, 46.8917 ], [ 31.0917, 46.8917 ], [ 31.0917, 46.8833 ], [ 31.1, 46.8833 ], [ 31.1, 46.8667 ], [ 31.1083, 46.8667 ], [ 31.1083, 46.8583 ], [ 31.125, 46.8583 ], [ 31.1333, 46.8417 ], [ 31.0667, 46.8417 ], [ 31.0667, 46.85 ], [ 31.05, 46.85 ], [ 31.0417, 46.8667 ], [ 31.0333, 46.8667 ], [ 31.0333, 46.8833 ], [ 31.0167, 46.8917 ], [ 31.0167, 46.9 ], [ 31.0, 46.9083 ], [ 31.0, 46.9167 ], [ 30.9833, 46.9167 ], [ 30.9833, 46.925 ], [ 30.9583, 46.925 ], [ 30.9583, 46.9333 ], [ 30.925, 46.9333 ], [ 30.925, 46.9417 ], [ 30.8833, 46.9417 ], [ 30.8833, 46.95 ], [ 30.8667, 46.95 ], [ 30.8667, 46.9583 ], [ 30.85, 46.9667 ], [ 30.85, 46.9917 ], [ 30.9083, 46.9917 ], [ 30.9167, 46.975 ], [ 30.9333, 46.975 ], [ 30.9333, 46.9667 ], [ 30.95, 46.9667 ], [ 30.95, 46.9583 ], [ 30.975, 46.9583 ], [ 30.975, 46.95 ], [ 30.9917, 46.95 ], [ 30.9917, 46.9583 ], [ 31.0, 46.9583 ], [ 31.0, 47.0 ], [ 30.9917, 47.0 ], [ 30.9917, 47.0167 ], [ 30.9833, 47.0167 ], [ 30.9833, 47.025 ], [ 30.9667, 47.0333 ], [ 30.9667, 47.05 ], [ 30.9583, 47.05 ], [ 30.95, 47.0667 ], [ 30.9417, 47.0667 ], [ 30.9333, 47.0833 ], [ 30.925, 47.0833 ], [ 30.925, 47.1 ], [ 30.9167, 47.1 ], [ 30.9167, 47.1167 ], [ 30.925, 47.1167 ], [ 30.925, 47.125 ], [ 30.95, 47.125 ], [ 30.95, 47.1333 ], [ 30.9583, 47.1333 ], [ 30.9583, 47.1583 ], [ 30.9417, 47.1583 ], [ 30.9417, 47.1667 ], [ 30.925, 47.1667 ], [ 30.925, 47.175 ], [ 30.9083, 47.175 ], [ 30.9083, 47.1833 ], [ 30.8833, 47.1833 ], [ 30.8833, 47.1917 ], [ 30.85, 47.1917 ], [ 30.85, 47.2 ], [ 30.825, 47.2 ], [ 30.825, 47.2083 ], [ 30.7917, 47.2083 ], [ 30.7917, 47.2167 ], [ 30.7583, 47.2167 ], [ 30.75, 47.2333 ], [ 30.7333, 47.2333 ], [ 30.7333, 47.25 ], [ 30.7167, 47.25 ], [ 30.7167, 47.2583 ], [ 30.7, 47.2583 ], [ 30.7, 47.2667 ], [ 30.6833, 47.2667 ], [ 30.6833, 47.275 ], [ 30.6667, 47.275 ], [ 30.6583, 47.2917 ], [ 30.6417, 47.2917 ], [ 30.6417, 47.3 ], [ 30.6333, 47.3 ], [ 30.625, 47.3167 ], [ 30.6167, 47.3167 ], [ 30.6167, 47.325 ], [ 30.6083, 47.325 ], [ 30.6083, 47.3417 ], [ 30.6, 47.3417 ], [ 30.6, 47.35 ], [ 30.5833, 47.3583 ], [ 30.5833, 47.3667 ], [ 30.5667, 47.3667 ], [ 30.5667, 47.375 ], [ 30.5583, 47.375 ], [ 30.55, 47.3917 ], [ 30.5417, 47.3917 ], [ 30.5417, 47.4 ], [ 30.525, 47.4083 ], [ 30.525, 47.4167 ], [ 30.5167, 47.4167 ], [ 30.5167, 47.4417 ], [ 30.5083, 47.4417 ], [ 30.5083, 47.475 ], [ 30.4917, 47.4833 ], [ 30.4917, 47.4917 ], [ 30.4833, 47.4917 ], [ 30.4833, 47.5 ], [ 30.4667, 47.5083 ], [ 30.4667, 47.5167 ], [ 30.45, 47.5167 ], [ 30.45, 47.525 ], [ 30.4333, 47.525 ], [ 30.425, 47.5417 ], [ 30.4083, 47.5417 ], [ 30.4083, 47.55 ], [ 30.3917, 47.55 ], [ 30.3917, 47.5583 ], [ 30.375, 47.5583 ], [ 30.375, 47.5667 ], [ 30.35, 47.5667 ], [ 30.35, 47.575 ], [ 30.3333, 47.5833 ], [ 30.3333, 47.5917 ], [ 30.3167, 47.6 ], [ 30.3167, 47.6083 ], [ 30.2917, 47.6083 ], [ 30.2917, 47.6167 ], [ 30.275, 47.6167 ], [ 30.275, 47.625 ], [ 30.2417, 47.625 ], [ 30.2417, 47.6333 ], [ 30.2083, 47.6333 ], [ 30.2083, 47.6417 ], [ 30.1833, 47.6417 ], [ 30.1833, 47.65 ], [ 30.15, 47.65 ], [ 30.15, 47.6583 ], [ 30.1083, 47.6583 ], [ 30.1083, 47.6667 ], [ 30.0917, 47.6667 ], [ 30.0917, 47.675 ], [ 30.0833, 47.675 ], [ 30.0833, 47.6917 ], [ 30.125, 47.6917 ] ] ], [ [ [ 30.1833, 47.4333 ], [ 30.1833, 47.425 ], [ 30.1917, 47.425 ], [ 30.2, 47.4083 ], [ 30.2083, 47.4083 ], [ 30.2083, 47.4 ], [ 30.225, 47.4 ], [ 30.225, 47.3917 ], [ 30.2417, 47.3833 ], [ 30.2417, 47.375 ], [ 30.2583, 47.3667 ], [ 30.2583, 47.3583 ], [ 30.275, 47.3583 ], [ 30.275, 47.35 ], [ 30.2917, 47.3417 ], [ 30.2917, 47.3333 ], [ 30.3083, 47.3333 ], [ 30.3083, 47.325 ], [ 30.3167, 47.325 ], [ 30.325, 47.3083 ], [ 30.3333, 47.3083 ], [ 30.3333, 47.2917 ], [ 30.3417, 47.2917 ], [ 30.35, 47.275 ], [ 30.3583, 47.275 ], [ 30.3583, 47.2667 ], [ 30.3667, 47.2667 ], [ 30.3667, 47.25 ], [ 30.3833, 47.2417 ], [ 30.3833, 47.2333 ], [ 30.4, 47.2333 ], [ 30.4, 47.2167 ], [ 30.4083, 47.2167 ], [ 30.4083, 47.2083 ], [ 30.4167, 47.2083 ], [ 30.4167, 47.1917 ], [ 30.425, 47.1917 ], [ 30.425, 47.175 ], [ 30.4417, 47.1667 ], [ 30.4417, 47.15 ], [ 30.45, 47.15 ], [ 30.4583, 47.1333 ], [ 30.475, 47.1333 ], [ 30.475, 47.1167 ], [ 30.4917, 47.1083 ], [ 30.5, 47.0917 ], [ 30.5083, 47.0917 ], [ 30.5083, 47.075 ], [ 30.5167, 47.075 ], [ 30.5167, 47.0583 ], [ 30.525, 47.0583 ], [ 30.525, 47.0 ], [ 30.5333, 47.0 ], [ 30.5333, 46.9833 ], [ 30.5417, 46.9833 ], [ 30.5417, 46.9667 ], [ 30.5583, 46.9583 ], [ 30.5583, 46.9333 ], [ 30.5667, 46.9333 ], [ 30.5667, 46.9167 ], [ 30.5833, 46.9083 ], [ 30.5833, 46.9 ], [ 30.6, 46.9 ], [ 30.6, 46.8917 ], [ 30.6083, 46.8917 ], [ 30.6083, 46.9 ], [ 30.625, 46.9 ], [ 30.625, 46.9083 ], [ 30.6417, 46.9167 ], [ 30.6417, 46.925 ], [ 30.65, 46.925 ], [ 30.65, 46.95 ], [ 30.6583, 46.95 ], [ 30.6583, 47.0417 ], [ 30.65, 47.0417 ], [ 30.65, 47.0667 ], [ 30.6417, 47.0667 ], [ 30.6417, 47.1 ], [ 30.6583, 47.1 ], [ 30.6667, 47.0833 ], [ 30.675, 47.0833 ], [ 30.675, 47.0667 ], [ 30.6833, 47.0667 ], [ 30.6833, 47.05 ], [ 30.7, 47.0417 ], [ 30.7, 46.9833 ], [ 30.7083, 46.9833 ], [ 30.7083, 46.975 ], [ 30.7, 46.975 ], [ 30.7, 46.9417 ], [ 30.6917, 46.9417 ], [ 30.6917, 46.925 ], [ 30.6833, 46.925 ], [ 30.6833, 46.9083 ], [ 30.6667, 46.9 ], [ 30.6667, 46.8833 ], [ 30.65, 46.875 ], [ 30.65, 46.8667 ], [ 30.6417, 46.8667 ], [ 30.6417, 46.8583 ], [ 30.6333, 46.8583 ], [ 30.6333, 46.825 ], [ 30.625, 46.825 ], [ 30.625, 46.8083 ], [ 30.6333, 46.8083 ], [ 30.6333, 46.7917 ], [ 30.6167, 46.7833 ], [ 30.6167, 46.775 ], [ 30.6083, 46.775 ], [ 30.6, 46.7917 ], [ 30.5917, 46.7917 ], [ 30.5917, 46.8333 ], [ 30.575, 46.8417 ], [ 30.575, 46.85 ], [ 30.5583, 46.8583 ], [ 30.5583, 46.8667 ], [ 30.5417, 46.8667 ], [ 30.5417, 46.875 ], [ 30.5333, 46.875 ], [ 30.5333, 46.8917 ], [ 30.525, 46.8917 ], [ 30.525, 46.9 ], [ 30.5167, 46.9 ], [ 30.5083, 46.9167 ], [ 30.5, 46.9167 ], [ 30.5, 46.9333 ], [ 30.4917, 46.9333 ], [ 30.4917, 46.975 ], [ 30.4833, 46.975 ], [ 30.4833, 47.0083 ], [ 30.475, 47.0083 ], [ 30.475, 47.0333 ], [ 30.4667, 47.0333 ], [ 30.4667, 47.05 ], [ 30.45, 47.0583 ], [ 30.45, 47.0667 ], [ 30.4333, 47.075 ], [ 30.4333, 47.0833 ], [ 30.4167, 47.0833 ], [ 30.4167, 47.1 ], [ 30.4083, 47.1 ], [ 30.4083, 47.1167 ], [ 30.4, 47.1167 ], [ 30.4, 47.1417 ], [ 30.3917, 47.1417 ], [ 30.3917, 47.1667 ], [ 30.3833, 47.1667 ], [ 30.3833, 47.1917 ], [ 30.375, 47.1917 ], [ 30.375, 47.2083 ], [ 30.3667, 47.2083 ], [ 30.3667, 47.2167 ], [ 30.3583, 47.2167 ], [ 30.3583, 47.225 ], [ 30.35, 47.225 ], [ 30.3417, 47.2417 ], [ 30.3333, 47.2417 ], [ 30.3333, 47.25 ], [ 30.3167, 47.2583 ], [ 30.3167, 47.2667 ], [ 30.3083, 47.2667 ], [ 30.3083, 47.275 ], [ 30.2917, 47.275 ], [ 30.2833, 47.2917 ], [ 30.2667, 47.2917 ], [ 30.2667, 47.3 ], [ 30.2583, 47.3 ], [ 30.25, 47.3167 ], [ 30.2417, 47.3167 ], [ 30.2417, 47.3333 ], [ 30.2333, 47.3333 ], [ 30.225, 47.35 ], [ 30.2167, 47.35 ], [ 30.2167, 47.3583 ], [ 30.2, 47.3667 ], [ 30.2, 47.375 ], [ 30.1917, 47.375 ], [ 30.1917, 47.3917 ], [ 30.175, 47.3917 ], [ 30.175, 47.4 ], [ 30.1583, 47.4083 ], [ 30.1583, 47.425 ], [ 30.15, 47.425 ], [ 30.15, 47.4333 ], [ 30.1833, 47.4333 ] ] ], [ [ [ 30.3583, 46.925 ], [ 30.3583, 46.9083 ], [ 30.3667, 46.9083 ], [ 30.3667, 46.8917 ], [ 30.375, 46.8917 ], [ 30.375, 46.875 ], [ 30.3833, 46.875 ], [ 30.3833, 46.8583 ], [ 30.3917, 46.8583 ], [ 30.3917, 46.8417 ], [ 30.4, 46.8417 ], [ 30.4, 46.825 ], [ 30.4083, 46.825 ], [ 30.4083, 46.8083 ], [ 30.4167, 46.8083 ], [ 30.4167, 46.775 ], [ 30.425, 46.775 ], [ 30.425, 46.7583 ], [ 30.4333, 46.7583 ], [ 30.4333, 46.75 ], [ 30.45, 46.7417 ], [ 30.45, 46.7333 ], [ 30.4667, 46.7333 ], [ 30.4667, 46.725 ], [ 30.4833, 46.7167 ], [ 30.4833, 46.7083 ], [ 30.5, 46.7 ], [ 30.5, 46.675 ], [ 30.5167, 46.6667 ], [ 30.5167, 46.6583 ], [ 30.5583, 46.6583 ], [ 30.5583, 46.65 ], [ 30.575, 46.65 ], [ 30.575, 46.6417 ], [ 30.5917, 46.6417 ], [ 30.5917, 46.6333 ], [ 30.6083, 46.6333 ], [ 30.6083, 46.6167 ], [ 30.5917, 46.6167 ], [ 30.5917, 46.6083 ], [ 30.525, 46.6083 ], [ 30.525, 46.6 ], [ 30.5, 46.6 ], [ 30.5, 46.5917 ], [ 30.4917, 46.5917 ], [ 30.4917, 46.6 ], [ 30.4833, 46.6 ], [ 30.4833, 46.625 ], [ 30.475, 46.625 ], [ 30.475, 46.6417 ], [ 30.4583, 46.65 ], [ 30.4583, 46.6667 ], [ 30.4417, 46.6583 ], [ 30.4333, 46.675 ], [ 30.4, 46.675 ], [ 30.4, 46.6833 ], [ 30.3833, 46.6833 ], [ 30.3833, 46.6917 ], [ 30.375, 46.6917 ], [ 30.375, 46.7333 ], [ 30.3667, 46.7333 ], [ 30.3667, 46.75 ], [ 30.35, 46.75 ], [ 30.35, 46.7583 ], [ 30.275, 46.7583 ], [ 30.275, 46.7667 ], [ 30.2583, 46.7667 ], [ 30.2583, 46.7917 ], [ 30.2667, 46.7917 ], [ 30.2667, 46.8 ], [ 30.2917, 46.8 ], [ 30.2917, 46.8167 ], [ 30.3, 46.8167 ], [ 30.2917, 46.8333 ], [ 30.2833, 46.8333 ], [ 30.2833, 46.85 ], [ 30.2667, 46.8583 ], [ 30.275, 46.875 ], [ 30.3, 46.875 ], [ 30.3, 46.8667 ], [ 30.3167, 46.8667 ], [ 30.325, 46.85 ], [ 30.3333, 46.85 ], [ 30.3417, 46.8333 ], [ 30.35, 46.8333 ], [ 30.35, 46.8167 ], [ 30.3583, 46.8167 ], [ 30.3583, 46.8 ], [ 30.3667, 46.8 ], [ 30.3667, 46.7917 ], [ 30.3833, 46.7917 ], [ 30.3833, 46.8167 ], [ 30.375, 46.8167 ], [ 30.375, 46.8333 ], [ 30.3583, 46.8417 ], [ 30.3583, 46.8583 ], [ 30.3417, 46.8667 ], [ 30.3417, 46.8833 ], [ 30.3333, 46.8833 ], [ 30.3333, 46.9 ], [ 30.325, 46.9 ], [ 30.325, 46.9417 ], [ 30.3583, 46.925 ] ], [ [ 30.4583, 46.6833 ], [ 30.4667, 46.6833 ], [ 30.4667, 46.6917 ], [ 30.4583, 46.6917 ], [ 30.4583, 46.6833 ] ] ], [ [ [ 30.2167, 46.7083 ], [ 30.2167, 46.7 ], [ 30.2333, 46.7 ], [ 30.2333, 46.6917 ], [ 30.25, 46.6833 ], [ 30.25, 46.6667 ], [ 30.2583, 46.6667 ], [ 30.2583, 46.6583 ], [ 30.2833, 46.6583 ], [ 30.2833, 46.6833 ], [ 30.275, 46.6833 ], [ 30.275, 46.7083 ], [ 30.3, 46.7083 ], [ 30.3083, 46.6917 ], [ 30.3167, 46.6917 ], [ 30.3167, 46.6667 ], [ 30.325, 46.6667 ], [ 30.325, 46.65 ], [ 30.3333, 46.65 ], [ 30.3333, 46.6417 ], [ 30.35, 46.6333 ], [ 30.35, 46.625 ], [ 30.3667, 46.6167 ], [ 30.3667, 46.6083 ], [ 30.3833, 46.6 ], [ 30.3833, 46.5917 ], [ 30.3917, 46.5917 ], [ 30.3917, 46.575 ], [ 30.4, 46.575 ], [ 30.4, 46.55 ], [ 30.3917, 46.55 ], [ 30.3917, 46.5333 ], [ 30.3667, 46.5333 ], [ 30.3667, 46.5417 ], [ 30.3583, 46.5417 ], [ 30.3583, 46.5583 ], [ 30.35, 46.5583 ], [ 30.35, 46.5667 ], [ 30.3333, 46.5667 ], [ 30.3333, 46.575 ], [ 30.3167, 46.5833 ], [ 30.3167, 46.5917 ], [ 30.3, 46.6 ], [ 30.3, 46.6083 ], [ 30.2833, 46.6083 ], [ 30.275, 46.625 ], [ 30.2583, 46.625 ], [ 30.25, 46.6417 ], [ 30.2333, 46.6417 ], [ 30.225, 46.6583 ], [ 30.2083, 46.6583 ], [ 30.2, 46.675 ], [ 30.1917, 46.675 ], [ 30.1917, 46.7083 ], [ 30.2167, 46.7083 ] ] ], [ [ [ 32.7083, 46.6583 ], [ 32.7083, 46.65 ], [ 32.7, 46.65 ], [ 32.7, 46.6417 ], [ 32.6833, 46.6333 ], [ 32.675, 46.6167 ], [ 32.6583, 46.6167 ], [ 32.6583, 46.6083 ], [ 32.6417, 46.6083 ], [ 32.6417, 46.6 ], [ 32.625, 46.6 ], [ 32.625, 46.5917 ], [ 32.6167, 46.5917 ], [ 32.6167, 46.575 ], [ 32.6, 46.5667 ], [ 32.6, 46.5583 ], [ 32.5917, 46.5583 ], [ 32.5833, 46.5417 ], [ 32.575, 46.5417 ], [ 32.575, 46.5333 ], [ 32.5417, 46.5333 ], [ 32.5417, 46.525 ], [ 32.525, 46.525 ], [ 32.525, 46.5333 ], [ 32.5167, 46.5333 ], [ 32.5083, 46.5167 ], [ 32.4833, 46.5167 ], [ 32.4833, 46.5083 ], [ 32.4667, 46.5083 ], [ 32.4667, 46.5 ], [ 32.45, 46.5 ], [ 32.45, 46.4917 ], [ 32.3917, 46.4917 ], [ 32.3917, 46.5 ], [ 32.3583, 46.5 ], [ 32.3583, 46.5083 ], [ 32.3167, 46.5083 ], [ 32.3167, 46.5167 ], [ 32.2833, 46.5167 ], [ 32.2833, 46.55 ], [ 32.3, 46.55 ], [ 32.3, 46.5583 ], [ 32.3083, 46.5583 ], [ 32.3083, 46.5833 ], [ 32.3167, 46.5833 ], [ 32.3167, 46.5917 ], [ 32.3333, 46.5917 ], [ 32.3333, 46.6 ], [ 32.3417, 46.6 ], [ 32.3417, 46.6083 ], [ 32.3583, 46.6083 ], [ 32.3583, 46.6167 ], [ 32.4417, 46.6167 ], [ 32.4417, 46.6083 ], [ 32.55, 46.6083 ], [ 32.55, 46.6167 ], [ 32.575, 46.6167 ], [ 32.575, 46.6 ], [ 32.5833, 46.6 ], [ 32.5833, 46.6083 ], [ 32.6, 46.6083 ], [ 32.6083, 46.625 ], [ 32.625, 46.625 ], [ 32.6167, 46.6417 ], [ 32.6417, 46.6417 ], [ 32.6417, 46.65 ], [ 32.675, 46.65 ], [ 32.675, 46.6583 ], [ 32.7083, 46.6583 ] ] ], [ [ [ 34.2667, 46.125 ], [ 34.2833, 46.0917 ], [ 34.275, 46.0917 ], [ 34.2667, 46.075 ], [ 34.25, 46.075 ], [ 34.25, 46.0583 ], [ 34.225, 46.0583 ], [ 34.225, 46.0667 ], [ 34.2167, 46.0667 ], [ 34.225, 46.0833 ], [ 34.2417, 46.0833 ], [ 34.2333, 46.1 ], [ 34.2083, 46.1 ], [ 34.2083, 46.0667 ], [ 34.1917, 46.0667 ], [ 34.1917, 46.075 ], [ 34.175, 46.075 ], [ 34.175, 46.0833 ], [ 34.1667, 46.0833 ], [ 34.1667, 46.1083 ], [ 34.225, 46.1083 ], [ 34.225, 46.1167 ], [ 34.2417, 46.1167 ], [ 34.2417, 46.1083 ], [ 34.2583, 46.1083 ], [ 34.25, 46.125 ], [ 34.2667, 46.125 ] ] ], [ [ [ 34.4167, 46.0667 ], [ 34.4167, 46.05 ], [ 34.4, 46.0583 ], [ 34.4, 46.075 ], [ 34.4167, 46.0667 ] ] ], [ [ [ 34.7, 46.0083 ], [ 34.7, 45.9917 ], [ 34.6833, 46.0 ], [ 34.6833, 46.0083 ], [ 34.7, 46.0083 ] ] ], [ [ [ 34.475, 45.975 ], [ 34.4667, 45.975 ], [ 34.4667, 45.9917 ], [ 34.4917, 45.9917 ], [ 34.4917, 45.9833 ], [ 34.5, 45.9833 ], [ 34.5, 45.9667 ], [ 34.4833, 45.9583 ], [ 34.4833, 45.95 ], [ 34.475, 45.95 ], [ 34.475, 45.975 ] ] ], [ [ [ 34.5417, 45.9667 ], [ 34.5417, 45.95 ], [ 34.5333, 45.95 ], [ 34.5333, 45.9667 ], [ 34.5417, 45.9667 ] ] ], [ [ [ 34.6583, 45.875 ], [ 34.675, 45.875 ], [ 34.675, 45.8667 ], [ 34.6583, 45.8667 ], [ 34.6583, 45.875 ] ] ], [ [ [ 34.6583, 45.8583 ], [ 34.6417, 45.8583 ], [ 34.6417, 45.8667 ], [ 34.6583, 45.8667 ], [ 34.6583, 45.8583 ] ] ], [ [ [ 29.2417, 45.4417 ], [ 29.2333, 45.4417 ], [ 29.2417, 45.4583 ], [ 29.2583, 45.4583 ], [ 29.2583, 45.45 ], [ 29.2667, 45.45 ], [ 29.2667, 45.4583 ], [ 29.2917, 45.4583 ], [ 29.2917, 45.4667 ], [ 29.3417, 45.4667 ], [ 29.3417, 45.475 ], [ 29.3667, 45.475 ], [ 29.3667, 45.4833 ], [ 29.3833, 45.4833 ], [ 29.3917, 45.5 ], [ 29.4, 45.5 ], [ 29.4, 45.5083 ], [ 29.4167, 45.5083 ], [ 29.425, 45.525 ], [ 29.4417, 45.525 ], [ 29.45, 45.5417 ], [ 29.4917, 45.5417 ], [ 29.4917, 45.55 ], [ 29.5, 45.55 ], [ 29.5083, 45.5667 ], [ 29.5167, 45.5667 ], [ 29.5167, 45.575 ], [ 29.5667, 45.575 ], [ 29.5667, 45.5667 ], [ 29.575, 45.5667 ], [ 29.575, 45.5583 ], [ 29.5917, 45.5583 ], [ 29.5917, 45.55 ], [ 29.6167, 45.55 ], [ 29.6167, 45.5667 ], [ 29.625, 45.5667 ], [ 29.625, 45.575 ], [ 29.6417, 45.5833 ], [ 29.6417, 45.5917 ], [ 29.65, 45.5917 ], [ 29.6583, 45.6083 ], [ 29.6667, 45.6083 ], [ 29.6667, 45.625 ], [ 29.6833, 45.625 ], [ 29.6833, 45.6083 ], [ 29.6917, 45.6083 ], [ 29.6917, 45.5917 ], [ 29.7, 45.5917 ], [ 29.7, 45.5583 ], [ 29.6833, 45.5583 ], [ 29.6833, 45.55 ], [ 29.6667, 45.5417 ], [ 29.6667, 45.5333 ], [ 29.65, 45.525 ], [ 29.65, 45.5167 ], [ 29.6333, 45.5083 ], [ 29.6333, 45.5 ], [ 29.625, 45.5 ], [ 29.6333, 45.4833 ], [ 29.6167, 45.4833 ], [ 29.6167, 45.475 ], [ 29.6083, 45.475 ], [ 29.6083, 45.4833 ], [ 29.5833, 45.4833 ], [ 29.5833, 45.4917 ], [ 29.5667, 45.4917 ], [ 29.5667, 45.5 ], [ 29.55, 45.5 ], [ 29.55, 45.5083 ], [ 29.5167, 45.5083 ], [ 29.5167, 45.5 ], [ 29.5083, 45.5 ], [ 29.5083, 45.475 ], [ 29.5167, 45.475 ], [ 29.5167, 45.4667 ], [ 29.5333, 45.4667 ], [ 29.5417, 45.45 ], [ 29.5583, 45.45 ], [ 29.5583, 45.4417 ], [ 29.575, 45.4333 ], [ 29.575, 45.425 ], [ 29.5583, 45.425 ], [ 29.5583, 45.4167 ], [ 29.525, 45.4167 ], [ 29.525, 45.4137 ], [ 29.5167, 45.4152 ], [ 29.5167, 45.4167 ], [ 29.5089, 45.4167 ], [ 29.4991, 45.4185 ], [ 29.4917, 45.4333 ], [ 29.4419, 45.4333 ], [ 29.4404, 45.4338 ], [ 29.4297, 45.4426 ], [ 29.3943, 45.4359 ], [ 29.3819, 45.4395 ], [ 29.3635, 45.4362 ], [ 29.3479, 45.439 ], [ 29.3359, 45.4469 ], [ 29.3267, 45.4484 ], [ 29.3176, 45.4455 ], [ 29.3035, 45.4331 ], [ 29.2907, 45.4275 ], [ 29.273, 45.4273 ], [ 29.2511, 45.4335 ], [ 29.2459, 45.4332 ], [ 29.2417, 45.4417 ] ], [ [ 29.6, 45.5167 ], [ 29.6083, 45.5167 ], [ 29.6083, 45.525 ], [ 29.6, 45.525 ], [ 29.6, 45.5167 ] ] ], [ [ [ 28.5583, 45.2583 ], [ 28.5417, 45.2583 ], [ 28.5417, 45.2667 ], [ 28.525, 45.2667 ], [ 28.525, 45.275 ], [ 28.5083, 45.275 ], [ 28.5083, 45.2833 ], [ 28.4833, 45.2833 ], [ 28.4833, 45.2917 ], [ 28.45, 45.2917 ], [ 28.45, 45.3 ], [ 28.425, 45.3 ], [ 28.425, 45.3083 ], [ 28.4, 45.3083 ], [ 28.4, 45.325 ], [ 28.4083, 45.325 ], [ 28.4083, 45.3333 ], [ 28.425, 45.3417 ], [ 28.425, 45.35 ], [ 28.4833, 45.35 ], [ 28.4917, 45.3333 ], [ 28.5833, 45.3333 ], [ 28.5833, 45.325 ], [ 28.5917, 45.325 ], [ 28.5917, 45.3333 ], [ 28.6333, 45.3333 ], [ 28.6333, 45.325 ], [ 28.6417, 45.325 ], [ 28.65, 45.3083 ], [ 28.6583, 45.3083 ], [ 28.6583, 45.3 ], [ 28.65, 45.3 ], [ 28.65, 45.2833 ], [ 28.6333, 45.275 ], [ 28.6333, 45.2583 ], [ 28.6417, 45.2583 ], [ 28.6417, 45.25 ], [ 28.6583, 45.2417 ], [ 28.6583, 45.2382 ], [ 28.6425, 45.243 ], [ 28.5689, 45.2482 ], [ 28.5672, 45.2488 ], [ 28.5667, 45.25 ], [ 28.5641, 45.25 ], [ 28.5583, 45.2521 ], [ 28.5583, 45.2583 ] ] ], [ [ [ 28.7083, 45.2333 ], [ 28.7083, 45.2417 ], [ 28.7333, 45.2417 ], [ 28.7333, 45.25 ], [ 28.75, 45.25 ], [ 28.75, 45.2583 ], [ 28.7631, 45.2649 ], [ 28.7636, 45.2642 ], [ 28.7853, 45.2589 ], [ 28.7916, 45.254 ], [ 28.7926, 45.2435 ], [ 28.7812, 45.2376 ], [ 28.7498, 45.2345 ], [ 28.7185, 45.2244 ], [ 28.7059, 45.2239 ], [ 28.6745, 45.2333 ], [ 28.7083, 45.2333 ] ] ], [ [ [ 33.2833, 45.1417 ], [ 33.2583, 45.1417 ], [ 33.2583, 45.15 ], [ 33.2417, 45.15 ], [ 33.2417, 45.1583 ], [ 33.2583, 45.1583 ], [ 33.2583, 45.175 ], [ 33.2667, 45.175 ], [ 33.275, 45.1917 ], [ 33.3083, 45.1917 ], [ 33.3167, 45.2083 ], [ 33.3333, 45.2083 ], [ 33.3333, 45.2 ], [ 33.3417, 45.2 ], [ 33.3417, 45.1833 ], [ 33.3667, 45.1833 ], [ 33.3667, 45.175 ], [ 33.35, 45.175 ], [ 33.35, 45.1667 ], [ 33.325, 45.1667 ], [ 33.325, 45.175 ], [ 33.3167, 45.175 ], [ 33.3167, 45.1667 ], [ 33.3, 45.1667 ], [ 33.3, 45.1583 ], [ 33.2833, 45.15 ], [ 33.2833, 45.1417 ] ], [ [ 33.2833, 45.1667 ], [ 33.275, 45.1667 ], [ 33.275, 45.15 ], [ 33.2833, 45.15 ], [ 33.2833, 45.1667 ] ] ], [ [ [ 33.8, 45.9667 ], [ 33.8, 45.9917 ], [ 33.7917, 45.9917 ], [ 33.7833, 46.0083 ], [ 33.7667, 46.0083 ], [ 33.7583, 46.025 ], [ 33.7417, 46.025 ], [ 33.7417, 46.0333 ], [ 33.725, 46.0333 ], [ 33.725, 46.0417 ], [ 33.7, 46.0417 ], [ 33.7, 46.05 ], [ 33.6833, 46.05 ], [ 33.6833, 46.0583 ], [ 33.6667, 46.0583 ], [ 33.6583, 46.075 ], [ 33.6417, 46.075 ], [ 33.6417, 46.0833 ], [ 33.6333, 46.0833 ], [ 33.6333, 46.1 ], [ 33.625, 46.1 ], [ 33.625, 46.1083 ], [ 33.6167, 46.1083 ], [ 33.6167, 46.125 ], [ 33.6083, 46.125 ], [ 33.6083, 46.1417 ], [ 33.6167, 46.1417 ], [ 33.6167, 46.175 ], [ 33.6083, 46.175 ], [ 33.6083, 46.1917 ], [ 33.6, 46.1917 ], [ 33.6, 46.2083 ], [ 33.5917, 46.2083 ], [ 33.5917, 46.2167 ], [ 33.575, 46.225 ], [ 33.575, 46.2333 ], [ 33.5583, 46.2333 ], [ 33.55, 46.25 ], [ 33.5417, 46.25 ], [ 33.5417, 46.2583 ], [ 33.525, 46.2667 ], [ 33.525, 46.2833 ], [ 33.5167, 46.2833 ], [ 33.5167, 46.3083 ], [ 33.5333, 46.3083 ], [ 33.5333, 46.3167 ], [ 33.5833, 46.3167 ], [ 33.5833, 46.3083 ], [ 33.6, 46.3083 ], [ 33.6, 46.3 ], [ 33.6083, 46.3 ], [ 33.6083, 46.2917 ], [ 33.6167, 46.2917 ], [ 33.6167, 46.2833 ], [ 33.625, 46.2833 ], [ 33.625, 46.275 ], [ 33.6333, 46.275 ], [ 33.6417, 46.2583 ], [ 33.6583, 46.2583 ], [ 33.6583, 46.25 ], [ 33.675, 46.25 ], [ 33.6833, 46.2333 ], [ 33.7, 46.2333 ], [ 33.7, 46.225 ], [ 33.7167, 46.2167 ], [ 33.7167, 46.2083 ], [ 33.7333, 46.2083 ], [ 33.7333, 46.2 ], [ 33.75, 46.2 ], [ 33.75, 46.1917 ], [ 33.8, 46.1917 ], [ 33.8, 46.2 ], [ 33.8167, 46.2 ], [ 33.8167, 46.2083 ], [ 33.85, 46.2083 ], [ 33.85, 46.2 ], [ 33.925, 46.2 ], [ 33.925, 46.1833 ], [ 33.9333, 46.1833 ], [ 33.9333, 46.175 ], [ 33.95, 46.1667 ], [ 33.95, 46.1583 ], [ 33.9917, 46.1583 ], [ 33.9917, 46.15 ], [ 34.0167, 46.15 ], [ 34.025, 46.1333 ], [ 34.0417, 46.1333 ], [ 34.05, 46.1167 ], [ 34.0417, 46.1167 ], [ 34.0417, 46.1083 ], [ 34.0583, 46.1083 ], [ 34.0583, 46.1167 ], [ 34.0833, 46.1167 ], [ 34.1, 46.0833 ], [ 34.1167, 46.0833 ], [ 34.1167, 46.075 ], [ 34.1417, 46.075 ], [ 34.1417, 46.0667 ], [ 34.1583, 46.0667 ], [ 34.1583, 46.075 ], [ 34.1667, 46.075 ], [ 34.1667, 46.0583 ], [ 34.2083, 46.0583 ], [ 34.2083, 46.05 ], [ 34.225, 46.05 ], [ 34.2333, 46.0333 ], [ 34.2417, 46.0333 ], [ 34.2417, 46.0417 ], [ 34.2583, 46.0417 ], [ 34.2667, 46.0583 ], [ 34.2833, 46.0583 ], [ 34.2917, 46.0417 ], [ 34.3583, 46.0417 ], [ 34.3583, 46.0333 ], [ 34.375, 46.0333 ], [ 34.375, 46.0167 ], [ 34.4167, 46.0167 ], [ 34.4167, 46.0417 ], [ 34.425, 46.0417 ], [ 34.425, 46.05 ], [ 34.4417, 46.05 ], [ 34.4417, 46.0417 ], [ 34.45, 46.0417 ], [ 34.45, 46.0167 ], [ 34.4583, 46.0167 ], [ 34.4583, 46.0083 ], [ 34.45, 46.0083 ], [ 34.45, 45.9833 ], [ 34.4583, 45.9833 ], [ 34.4583, 45.9667 ], [ 34.4417, 45.9667 ], [ 34.4417, 45.9833 ], [ 34.425, 45.9917 ], [ 34.425, 46.0083 ], [ 34.4, 46.0083 ], [ 34.4, 45.975 ], [ 34.4167, 45.975 ], [ 34.4167, 45.9667 ], [ 34.4333, 45.9667 ], [ 34.4333, 45.9583 ], [ 34.45, 45.9583 ], [ 34.45, 45.9417 ], [ 34.4667, 45.9417 ], [ 34.4667, 45.95 ], [ 34.475, 45.95 ], [ 34.475, 45.9333 ], [ 34.4917, 45.925 ], [ 34.4917, 45.9083 ], [ 34.4833, 45.9083 ], [ 34.4833, 45.8833 ], [ 34.4917, 45.8833 ], [ 34.4917, 45.875 ], [ 34.5, 45.875 ], [ 34.5, 45.8833 ], [ 34.5083, 45.8833 ], [ 34.5083, 45.8917 ], [ 34.525, 45.9 ], [ 34.525, 45.9333 ], [ 34.5333, 45.9333 ], [ 34.5333, 45.925 ], [ 34.5583, 45.925 ], [ 34.5583, 45.9167 ], [ 34.575, 45.9167 ], [ 34.575, 45.9333 ], [ 34.5583, 45.9417 ], [ 34.5583, 45.9583 ], [ 34.5667, 45.9583 ], [ 34.5667, 45.9667 ], [ 34.5833, 45.9667 ], [ 34.5833, 45.975 ], [ 34.5917, 45.975 ], [ 34.5917, 45.9667 ], [ 34.6167, 45.9667 ], [ 34.6167, 45.9583 ], [ 34.6417, 45.9583 ], [ 34.6417, 45.95 ], [ 34.65, 45.95 ], [ 34.65, 45.925 ], [ 34.6333, 45.9167 ], [ 34.6333, 45.8833 ], [ 34.625, 45.8833 ], [ 34.625, 45.875 ], [ 34.5917, 45.875 ], [ 34.5917, 45.8667 ], [ 34.5667, 45.8667 ], [ 34.5583, 45.85 ], [ 34.55, 45.85 ], [ 34.55, 45.8333 ], [ 34.5417, 45.8333 ], [ 34.5333, 45.8167 ], [ 34.525, 45.8167 ], [ 34.525, 45.7917 ], [ 34.5417, 45.7917 ], [ 34.5333, 45.8083 ], [ 34.575, 45.8083 ], [ 34.575, 45.8167 ], [ 34.6, 45.8167 ], [ 34.6, 45.825 ], [ 34.6083, 45.825 ], [ 34.6083, 45.8167 ], [ 34.625, 45.8167 ], [ 34.625, 45.8083 ], [ 34.6167, 45.8083 ], [ 34.6167, 45.7917 ], [ 34.6333, 45.7917 ], [ 34.6333, 45.8 ], [ 34.6667, 45.8 ], [ 34.6667, 45.7833 ], [ 34.6583, 45.7833 ], [ 34.6583, 45.7667 ], [ 34.65, 45.7667 ], [ 34.65, 45.7333 ], [ 34.6667, 45.7333 ], [ 34.6667, 45.7417 ], [ 34.6833, 45.75 ], [ 34.6833, 45.7583 ], [ 34.7, 45.7583 ], [ 34.7083, 45.775 ], [ 34.7333, 45.775 ], [ 34.7333, 45.7667 ], [ 34.75, 45.7667 ], [ 34.75, 45.7417 ], [ 34.7417, 45.7417 ], [ 34.7417, 45.7333 ], [ 34.75, 45.7333 ], [ 34.75, 45.7083 ], [ 34.7417, 45.7083 ], [ 34.7417, 45.7 ], [ 34.75, 45.7 ], [ 34.75, 45.6917 ], [ 34.7667, 45.6917 ], [ 34.7667, 45.7 ], [ 34.8083, 45.7 ], [ 34.8083, 45.7083 ], [ 34.875, 45.7083 ], [ 34.875, 45.7167 ], [ 34.8833, 45.7167 ], [ 34.8833, 45.7083 ], [ 34.9, 45.7 ], [ 34.9, 45.6917 ], [ 34.9083, 45.6917 ], [ 34.9083, 45.6833 ], [ 34.95, 45.6833 ], [ 34.95, 45.6583 ], [ 34.9583, 45.6583 ], [ 34.9583, 45.625 ], [ 34.9667, 45.625 ], [ 34.9667, 45.6167 ], [ 35.0333, 45.6167 ], [ 35.0333, 45.5917 ], [ 35.05, 45.5917 ], [ 35.0583, 45.575 ], [ 35.0667, 45.575 ], [ 35.0667, 45.5583 ], [ 35.075, 45.5583 ], [ 35.075, 45.5417 ], [ 35.0917, 45.5333 ], [ 35.0917, 45.525 ], [ 35.1083, 45.525 ], [ 35.1083, 45.5 ], [ 35.1167, 45.5 ], [ 35.1167, 45.4833 ], [ 35.1, 45.475 ], [ 35.1, 45.4667 ], [ 35.0833, 45.4667 ], [ 35.0833, 45.4583 ], [ 35.0583, 45.4583 ], [ 35.0583, 45.45 ], [ 35.0417, 45.45 ], [ 35.0333, 45.4333 ], [ 35.0417, 45.4333 ], [ 35.0417, 45.425 ], [ 35.025, 45.4167 ], [ 35.025, 45.4083 ], [ 35.0083, 45.4083 ], [ 35.0083, 45.3917 ], [ 35.0, 45.3917 ], [ 35.0, 45.3833 ], [ 35.0083, 45.3833 ], [ 35.0083, 45.3667 ], [ 35.025, 45.3583 ], [ 35.025, 45.35 ], [ 35.0333, 45.35 ], [ 35.0333, 45.3417 ], [ 35.075, 45.3417 ], [ 35.075, 45.3333 ], [ 35.15, 45.3333 ], [ 35.1583, 45.35 ], [ 35.1833, 45.35 ], [ 35.1833, 45.3417 ], [ 35.2167, 45.3417 ], [ 35.2167, 45.3333 ], [ 35.2417, 45.3333 ], [ 35.25, 45.3167 ], [ 35.275, 45.3167 ], [ 35.275, 45.3083 ], [ 35.2917, 45.3083 ], [ 35.2917, 45.3 ], [ 35.3167, 45.3 ], [ 35.3167, 45.2917 ], [ 35.35, 45.2917 ], [ 35.35, 45.2833 ], [ 35.3667, 45.2833 ], [ 35.3667, 45.275 ], [ 35.375, 45.275 ], [ 35.375, 45.2667 ], [ 35.3917, 45.2667 ], [ 35.3917, 45.2583 ], [ 35.4167, 45.2583 ], [ 35.4167, 45.2667 ], [ 35.4417, 45.2667 ], [ 35.4417, 45.275 ], [ 35.475, 45.275 ], [ 35.475, 45.2667 ], [ 35.4917, 45.2667 ], [ 35.4917, 45.275 ], [ 35.5083, 45.275 ], [ 35.5083, 45.2667 ], [ 35.5333, 45.2667 ], [ 35.5333, 45.2917 ], [ 35.55, 45.2917 ], [ 35.55, 45.3 ], [ 35.5667, 45.3 ], [ 35.575, 45.2833 ], [ 35.5833, 45.2833 ], [ 35.5833, 45.25 ], [ 35.5917, 45.25 ], [ 35.5917, 45.2333 ], [ 35.5833, 45.2333 ], [ 35.5833, 45.225 ], [ 35.5667, 45.225 ], [ 35.5583, 45.2083 ], [ 35.5417, 45.2083 ], [ 35.5417, 45.2 ], [ 35.525, 45.2 ], [ 35.525, 45.1917 ], [ 35.5, 45.1917 ], [ 35.5, 45.2 ], [ 35.4583, 45.2 ], [ 35.45, 45.1833 ], [ 35.4417, 45.1833 ], [ 35.4417, 45.1667 ], [ 35.425, 45.1667 ], [ 35.425, 45.1583 ], [ 35.4, 45.1583 ], [ 35.4, 45.1667 ], [ 35.3833, 45.175 ], [ 35.3833, 45.1833 ], [ 35.3667, 45.1917 ], [ 35.3667, 45.2 ], [ 35.3333, 45.2 ], [ 35.3333, 45.1917 ], [ 35.3167, 45.1917 ], [ 35.3167, 45.1833 ], [ 35.3083, 45.1833 ], [ 35.3083, 45.1667 ], [ 35.3, 45.1667 ], [ 35.3, 45.1583 ], [ 35.2833, 45.1583 ], [ 35.2833, 45.15 ], [ 35.25, 45.15 ], [ 35.25, 45.1583 ], [ 35.2, 45.1583 ], [ 35.2, 45.1667 ], [ 35.1583, 45.1667 ], [ 35.1583, 45.1583 ], [ 35.1417, 45.1583 ], [ 35.1417, 45.1667 ], [ 35.125, 45.1667 ], [ 35.125, 45.2 ], [ 35.1333, 45.2 ], [ 35.1333, 45.2167 ], [ 35.15, 45.225 ], [ 35.15, 45.2333 ], [ 35.1583, 45.2333 ], [ 35.1583, 45.25 ], [ 35.1417, 45.25 ], [ 35.1417, 45.2583 ], [ 35.125, 45.2583 ], [ 35.1167, 45.275 ], [ 35.0917, 45.275 ], [ 35.0917, 45.2833 ], [ 35.075, 45.2833 ], [ 35.075, 45.2917 ], [ 35.0583, 45.2917 ], [ 35.0583, 45.3 ], [ 35.0417, 45.3 ], [ 35.0417, 45.3083 ], [ 35.025, 45.3083 ], [ 35.025, 45.3167 ], [ 34.9833, 45.3167 ], [ 34.9833, 45.325 ], [ 34.975, 45.325 ], [ 34.975, 45.3417 ], [ 34.9667, 45.3417 ], [ 34.9667, 45.425 ], [ 34.9583, 45.425 ], [ 34.9583, 45.4417 ], [ 34.925, 45.4417 ], [ 34.925, 45.4333 ], [ 34.9083, 45.4333 ], [ 34.9083, 45.4083 ], [ 34.925, 45.4 ], [ 34.925, 45.3667 ], [ 34.9167, 45.3667 ], [ 34.9167, 45.3583 ], [ 34.9, 45.3583 ], [ 34.9, 45.35 ], [ 34.875, 45.35 ], [ 34.875, 45.3417 ], [ 34.85, 45.3417 ], [ 34.85, 45.3333 ], [ 34.8333, 45.3333 ], [ 34.825, 45.3167 ], [ 34.8167, 45.3167 ], [ 34.8167, 45.3 ], [ 34.8083, 45.3 ], [ 34.8083, 45.2833 ], [ 34.8, 45.2833 ], [ 34.8, 45.2667 ], [ 34.8083, 45.2667 ], [ 34.8083, 45.225 ], [ 34.8, 45.225 ], [ 34.8, 45.2083 ], [ 34.7917, 45.2083 ], [ 34.7917, 45.175 ], [ 34.8, 45.175 ], [ 34.8, 45.1333 ], [ 34.7917, 45.1333 ], [ 34.7917, 45.125 ], [ 34.775, 45.125 ], [ 34.775, 45.1333 ], [ 34.7667, 45.1333 ], [ 34.7667, 45.1583 ], [ 34.7583, 45.1583 ], [ 34.7583, 45.175 ], [ 34.75, 45.175 ], [ 34.75, 45.2083 ], [ 34.7583, 45.2083 ], [ 34.7583, 45.2583 ], [ 34.7417, 45.2583 ], [ 34.7417, 45.25 ], [ 34.7333, 45.25 ], [ 34.7333, 45.2333 ], [ 34.725, 45.2333 ], [ 34.725, 45.2167 ], [ 34.7167, 45.2167 ], [ 34.7167, 45.2 ], [ 34.7083, 45.2 ], [ 34.7, 45.1833 ], [ 34.6917, 45.1833 ], [ 34.6917, 45.1667 ], [ 34.6833, 45.1667 ], [ 34.6833, 45.15 ], [ 34.6667, 45.1417 ], [ 34.6583, 45.125 ], [ 34.65, 45.125 ], [ 34.65, 45.1333 ], [ 34.6417, 45.1333 ], [ 34.6333, 45.15 ], [ 34.625, 45.15 ], [ 34.625, 45.1667 ], [ 34.6333, 45.1667 ], [ 34.6333, 45.2 ], [ 34.6417, 45.2 ], [ 34.6417, 45.2083 ], [ 34.65, 45.2083 ], [ 34.65, 45.2167 ], [ 34.6667, 45.225 ], [ 34.6667, 45.2417 ], [ 34.675, 45.2417 ], [ 34.675, 45.3083 ], [ 34.6833, 45.3083 ], [ 34.6833, 45.325 ], [ 34.6917, 45.325 ], [ 34.7, 45.3417 ], [ 34.7083, 45.3417 ], [ 34.7083, 45.3583 ], [ 34.7167, 45.3583 ], [ 34.7167, 45.3667 ], [ 34.7333, 45.3667 ], [ 34.7417, 45.3833 ], [ 34.7583, 45.3833 ], [ 34.7583, 45.3917 ], [ 34.775, 45.3917 ], [ 34.775, 45.4 ], [ 34.7833, 45.4 ], [ 34.7917, 45.4167 ], [ 34.7167, 45.4167 ], [ 34.7167, 45.4083 ], [ 34.6917, 45.4083 ], [ 34.6917, 45.4167 ], [ 34.6083, 45.4167 ], [ 34.6083, 45.4083 ], [ 34.5917, 45.4083 ], [ 34.5917, 45.4 ], [ 34.5667, 45.4 ], [ 34.5583, 45.3833 ], [ 34.5333, 45.3833 ], [ 34.5333, 45.375 ], [ 34.5167, 45.375 ], [ 34.5083, 45.3583 ], [ 34.4917, 45.3583 ], [ 34.4833, 45.3417 ], [ 34.475, 45.3417 ], [ 34.4667, 45.325 ], [ 34.4583, 45.325 ], [ 34.4583, 45.3 ], [ 34.4667, 45.3 ], [ 34.475, 45.2833 ], [ 34.4833, 45.2833 ], [ 34.4833, 45.275 ], [ 34.5, 45.2667 ], [ 34.5, 45.2583 ], [ 34.5083, 45.2583 ], [ 34.5083, 45.2167 ], [ 34.5, 45.2167 ], [ 34.5, 45.2 ], [ 34.4917, 45.2 ], [ 34.4833, 45.1833 ], [ 34.475, 45.1833 ], [ 34.475, 45.1667 ], [ 34.4667, 45.1667 ], [ 34.4667, 45.15 ], [ 34.45, 45.15 ], [ 34.45, 45.1417 ], [ 34.4333, 45.1417 ], [ 34.425, 45.1583 ], [ 34.4167, 45.1583 ], [ 34.4167, 45.1667 ], [ 34.425, 45.1667 ], [ 34.425, 45.175 ], [ 34.4333, 45.175 ], [ 34.4417, 45.1917 ], [ 34.45, 45.1917 ], [ 34.45, 45.2167 ], [ 34.4583, 45.2167 ], [ 34.4583, 45.25 ], [ 34.45, 45.25 ], [ 34.45, 45.2583 ], [ 34.4417, 45.2583 ], [ 34.4417, 45.2667 ], [ 34.425, 45.275 ], [ 34.425, 45.2833 ], [ 34.4167, 45.2833 ], [ 34.4167, 45.3083 ], [ 34.425, 45.3083 ], [ 34.425, 45.325 ], [ 34.4333, 45.325 ], [ 34.4333, 45.3417 ], [ 34.3917, 45.3417 ], [ 34.3917, 45.3333 ], [ 34.375, 45.3333 ], [ 34.3667, 45.3167 ], [ 34.35, 45.3167 ], [ 34.3417, 45.3 ], [ 34.325, 45.3 ], [ 34.325, 45.2917 ], [ 34.3083, 45.2917 ], [ 34.3083, 45.2833 ], [ 34.2917, 45.2833 ], [ 34.2917, 45.275 ], [ 34.275, 45.275 ], [ 34.275, 45.2667 ], [ 34.2583, 45.2667 ], [ 34.2583, 45.2583 ], [ 34.2417, 45.2583 ], [ 34.2417, 45.25 ], [ 34.225, 45.25 ], [ 34.225, 45.2417 ], [ 34.2167, 45.2417 ], [ 34.2083, 45.225 ], [ 34.2, 45.225 ], [ 34.2, 45.2167 ], [ 34.1833, 45.2083 ], [ 34.1833, 45.2 ], [ 34.175, 45.2 ], [ 34.175, 45.1833 ], [ 34.1667, 45.1833 ], [ 34.1583, 45.1667 ], [ 34.15, 45.1667 ], [ 34.1417, 45.15 ], [ 34.125, 45.1417 ], [ 34.125, 45.125 ], [ 34.1083, 45.125 ], [ 34.1083, 45.1167 ], [ 34.075, 45.1167 ], [ 34.075, 45.1333 ], [ 34.0833, 45.1333 ], [ 34.0917, 45.15 ], [ 34.1, 45.15 ], [ 34.1, 45.1667 ], [ 34.1083, 45.1667 ], [ 34.1083, 45.175 ], [ 34.125, 45.1833 ], [ 34.125, 45.1917 ], [ 34.1333, 45.1917 ], [ 34.1333, 45.2083 ], [ 34.15, 45.2167 ], [ 34.15, 45.2333 ], [ 34.1583, 45.2333 ], [ 34.1667, 45.25 ], [ 34.175, 45.25 ], [ 34.175, 45.2583 ], [ 34.1917, 45.2583 ], [ 34.2, 45.275 ], [ 34.2083, 45.275 ], [ 34.2083, 45.2833 ], [ 34.225, 45.2833 ], [ 34.2333, 45.3 ], [ 34.25, 45.3 ], [ 34.25, 45.3083 ], [ 34.2667, 45.3083 ], [ 34.2667, 45.3167 ], [ 34.2833, 45.3167 ], [ 34.2917, 45.3333 ], [ 34.3083, 45.3333 ], [ 34.3083, 45.3417 ], [ 34.325, 45.3417 ], [ 34.3333, 45.3583 ], [ 34.35, 45.3583 ], [ 34.3583, 45.375 ], [ 34.375, 45.375 ], [ 34.3833, 45.3917 ], [ 34.3917, 45.3917 ], [ 34.3917, 45.4 ], [ 34.4083, 45.4 ], [ 34.4083, 45.4083 ], [ 34.4333, 45.4083 ], [ 34.4333, 45.4167 ], [ 34.475, 45.4167 ], [ 34.475, 45.425 ], [ 34.5083, 45.425 ], [ 34.5083, 45.4333 ], [ 34.525, 45.4333 ], [ 34.525, 45.4417 ], [ 34.5417, 45.4417 ], [ 34.5417, 45.45 ], [ 34.5667, 45.45 ], [ 34.5667, 45.4583 ], [ 34.6083, 45.4583 ], [ 34.6083, 45.4667 ], [ 34.6333, 45.4667 ], [ 34.6333, 45.475 ], [ 34.7917, 45.475 ], [ 34.7917, 45.4833 ], [ 34.8167, 45.4833 ], [ 34.8167, 45.4917 ], [ 34.8333, 45.4917 ], [ 34.8417, 45.5083 ], [ 34.8583, 45.5167 ], [ 34.8583, 45.5417 ], [ 34.8667, 45.5417 ], [ 34.8667, 45.5583 ], [ 34.8833, 45.5667 ], [ 34.8833, 45.575 ], [ 34.875, 45.575 ], [ 34.875, 45.6 ], [ 34.8833, 45.6 ], [ 34.8833, 45.6333 ], [ 34.875, 45.6333 ], [ 34.875, 45.65 ], [ 34.8583, 45.65 ], [ 34.8583, 45.6583 ], [ 34.8167, 45.6583 ], [ 34.8167, 45.65 ], [ 34.8, 45.65 ], [ 34.7917, 45.6333 ], [ 34.775, 45.6333 ], [ 34.775, 45.625 ], [ 34.7333, 45.625 ], [ 34.7333, 45.6333 ], [ 34.725, 45.6333 ], [ 34.725, 45.675 ], [ 34.7167, 45.675 ], [ 34.7167, 45.6917 ], [ 34.7, 45.6917 ], [ 34.7, 45.7 ], [ 34.6583, 45.7 ], [ 34.65, 45.6833 ], [ 34.6333, 45.6833 ], [ 34.6333, 45.675 ], [ 34.6167, 45.675 ], [ 34.6167, 45.7 ], [ 34.625, 45.7 ], [ 34.625, 45.725 ], [ 34.6167, 45.725 ], [ 34.6167, 45.7333 ], [ 34.5583, 45.7333 ], [ 34.5583, 45.725 ], [ 34.55, 45.725 ], [ 34.55, 45.7167 ], [ 34.5333, 45.7083 ], [ 34.5333, 45.7 ], [ 34.5, 45.7 ], [ 34.5, 45.7083 ], [ 34.4917, 45.7083 ], [ 34.4917, 45.7667 ], [ 34.4833, 45.7667 ], [ 34.4833, 45.7833 ], [ 34.475, 45.7833 ], [ 34.475, 45.7917 ], [ 34.45, 45.7917 ], [ 34.45, 45.8 ], [ 34.425, 45.8 ], [ 34.425, 45.8083 ], [ 34.3833, 45.8083 ], [ 34.3833, 45.8167 ], [ 34.35, 45.8167 ], [ 34.35, 45.825 ], [ 34.3333, 45.825 ], [ 34.325, 45.8417 ], [ 34.3083, 45.8417 ], [ 34.3083, 45.85 ], [ 34.2833, 45.85 ], [ 34.2833, 45.8583 ], [ 34.2083, 45.8583 ], [ 34.2083, 45.85 ], [ 34.1667, 45.85 ], [ 34.1667, 45.8417 ], [ 34.075, 45.8417 ], [ 34.075, 45.85 ], [ 34.05, 45.85 ], [ 34.05, 45.8583 ], [ 34.0333, 45.8583 ], [ 34.0333, 45.8667 ], [ 34.0167, 45.8667 ], [ 34.0167, 45.875 ], [ 33.9167, 45.875 ], [ 33.9167, 45.8667 ], [ 33.9, 45.8583 ], [ 33.9, 45.85 ], [ 33.8833, 45.85 ], [ 33.8833, 45.8333 ], [ 33.875, 45.8333 ], [ 33.875, 45.825 ], [ 33.85, 45.825 ], [ 33.85, 45.8167 ], [ 33.825, 45.8167 ], [ 33.825, 45.825 ], [ 33.7917, 45.825 ], [ 33.7917, 45.8333 ], [ 33.775, 45.8333 ], [ 33.775, 45.825 ], [ 33.75, 45.825 ], [ 33.75, 45.8167 ], [ 33.6667, 45.8167 ], [ 33.6667, 45.825 ], [ 33.6417, 45.825 ], [ 33.6417, 45.8417 ], [ 33.6583, 45.8417 ], [ 33.6583, 45.85 ], [ 33.6833, 45.85 ], [ 33.6833, 45.8583 ], [ 33.7, 45.8583 ], [ 33.7, 45.875 ], [ 33.6917, 45.875 ], [ 33.6917, 45.8833 ], [ 33.7, 45.8833 ], [ 33.7083, 45.9 ], [ 33.7167, 45.9 ], [ 33.7167, 45.9167 ], [ 33.725, 45.9167 ], [ 33.725, 45.9083 ], [ 33.75, 45.9083 ], [ 33.75, 45.8917 ], [ 33.7667, 45.8917 ], [ 33.7667, 45.9 ], [ 33.7833, 45.9 ], [ 33.7833, 45.9083 ], [ 33.8, 45.9167 ], [ 33.8, 45.925 ], [ 33.775, 45.925 ], [ 33.775, 45.9417 ], [ 33.7917, 45.95 ], [ 33.7917, 45.9417 ], [ 33.8083, 45.9417 ], [ 33.8083, 45.9667 ], [ 33.8, 45.9667 ] ], [ [ 34.0333, 46.1083 ], [ 34.0333, 46.1 ], [ 34.0417, 46.1 ], [ 34.0417, 46.1083 ], [ 34.0333, 46.1083 ] ], [ [ 33.8167, 45.9667 ], [ 33.8167, 45.975 ], [ 33.8083, 45.975 ], [ 33.8083, 45.9667 ], [ 33.8167, 45.9667 ] ], [ [ 33.6583, 46.2 ], [ 33.675, 46.2 ], [ 33.675, 46.2083 ], [ 33.6583, 46.2083 ], [ 33.6583, 46.2 ] ], [ [ 34.2833, 46.0167 ], [ 34.2917, 46.0167 ], [ 34.2917, 46.025 ], [ 34.2833, 46.025 ], [ 34.2833, 46.0167 ] ], [ [ 34.4333, 46.0 ], [ 34.4417, 46.0 ], [ 34.4417, 46.0083 ], [ 34.4333, 46.0083 ], [ 34.4333, 46.0 ] ], [ [ 34.725, 45.45 ], [ 34.7333, 45.45 ], [ 34.7333, 45.4333 ], [ 34.75, 45.4333 ], [ 34.75, 45.4583 ], [ 34.725, 45.4583 ], [ 34.725, 45.45 ] ], [ [ 35.0167, 45.425 ], [ 35.025, 45.425 ], [ 35.025, 45.4333 ], [ 35.0167, 45.4333 ], [ 35.0167, 45.425 ] ], [ [ 34.85, 45.3583 ], [ 34.8583, 45.3583 ], [ 34.8583, 45.3667 ], [ 34.85, 45.3667 ], [ 34.85, 45.3583 ] ], [ [ 34.7, 45.2333 ], [ 34.7083, 45.2333 ], [ 34.7083, 45.2417 ], [ 34.7, 45.2417 ], [ 34.7, 45.2333 ] ], [ [ 35.1917, 45.225 ], [ 35.2, 45.225 ], [ 35.2, 45.2083 ], [ 35.2083, 45.2083 ], [ 35.2083, 45.2167 ], [ 35.2167, 45.2167 ], [ 35.2167, 45.2333 ], [ 35.2, 45.2417 ], [ 35.1917, 45.225 ] ] ], [ [ [ 33.5917, 45.2417 ], [ 33.5917, 45.2333 ], [ 33.6917, 45.2333 ], [ 33.6917, 45.225 ], [ 33.7, 45.225 ], [ 33.7, 45.1917 ], [ 33.6917, 45.1917 ], [ 33.6917, 45.1667 ], [ 33.6833, 45.1667 ], [ 33.6833, 45.1417 ], [ 33.675, 45.1417 ], [ 33.675, 45.1167 ], [ 33.5833, 45.1167 ], [ 33.5917, 45.1 ], [ 33.5583, 45.1 ], [ 33.5583, 45.0917 ], [ 33.55, 45.0917 ], [ 33.55, 45.1 ], [ 33.5333, 45.1083 ], [ 33.5333, 45.1167 ], [ 33.525, 45.1167 ], [ 33.525, 45.125 ], [ 33.5083, 45.125 ], [ 33.5083, 45.1333 ], [ 33.4917, 45.1417 ], [ 33.4917, 45.15 ], [ 33.475, 45.15 ], [ 33.4667, 45.1667 ], [ 33.45, 45.1667 ], [ 33.45, 45.175 ], [ 33.4333, 45.175 ], [ 33.4333, 45.1833 ], [ 33.4167, 45.1833 ], [ 33.4167, 45.1917 ], [ 33.3833, 45.1917 ], [ 33.3833, 45.1833 ], [ 33.375, 45.1833 ], [ 33.375, 45.2 ], [ 33.3917, 45.2 ], [ 33.3917, 45.2167 ], [ 33.3667, 45.2167 ], [ 33.3667, 45.225 ], [ 33.3917, 45.225 ], [ 33.3917, 45.2333 ], [ 33.4333, 45.2333 ], [ 33.4333, 45.225 ], [ 33.4833, 45.225 ], [ 33.4833, 45.2333 ], [ 33.5083, 45.2333 ], [ 33.5083, 45.2417 ], [ 33.5917, 45.2417 ] ], [ [ 33.6167, 45.15 ], [ 33.625, 45.15 ], [ 33.625, 45.1583 ], [ 33.6167, 45.1583 ], [ 33.6167, 45.15 ] ], [ [ 33.5917, 45.1333 ], [ 33.6, 45.1333 ], [ 33.6, 45.125 ], [ 33.6167, 45.125 ], [ 33.6167, 45.1417 ], [ 33.6, 45.15 ], [ 33.5917, 45.1333 ] ], [ [ 33.5667, 45.1333 ], [ 33.575, 45.1333 ], [ 33.575, 45.1417 ], [ 33.5667, 45.1417 ], [ 33.5667, 45.1333 ] ], [ [ 33.6333, 45.125 ], [ 33.6417, 45.125 ], [ 33.6417, 45.1333 ], [ 33.6333, 45.1333 ], [ 33.6333, 45.125 ] ] ] ] } }
]
}
