{
"type": "FeatureCollection",
"name": "zones_9km",
"crs": { "type": "name", "properties": { "name": "urn:ogc:def:crs:OGC:1.3:CRS84" } },
"features": [
{ "type": "Feature", "properties": { "distance_km": 9 }, "geometry": { "type": "MultiPolygon", "coordinates": [ [ [ [ 28.580366734992367, 45.249186036527675 ], [ 28.616438321640597, 45.252171306024316 ], [ 28.637601452268928, 45.257948663562523 ], [ 28.633153093052787, 45.243849739247395 ], [ 28.580366734992367, 45.249186036527675 ] ] ], [ [ [ 24.877654014016347, 47.798175478300323 ], [ 24.885242537798813, 47.792520970171211 ], [ 24.884974613590462, 47.788931703875946 ], [ 24.915445303417208, 47.768103755819084 ], [ 24.954554462098404, 47.755965674414767 ], [ 25.002452512172535, 47.75430265207077 ], [ 25.014927313641898, 47.743070975700931 ], [ 25.027951210075575, 47.739015444502336 ], [ 25.04055589757494, 47.729575548951864 ], [ 25.040277893684994, 47.725986918026166 ], [ 25.027119682681139, 47.728249391801583 ], [ 25.027396804615933, 47.731838079509721 ], [ 25.016619866002497, 47.73041717885166 ], [ 25.006256974442525, 47.734378416821976 ], [ 25.000249011520367, 47.725592287799088 ], [ 24.992270669476284, 47.725870564860259 ], [ 24.987226049263025, 47.729644641003986 ], [ 24.971267754456431, 47.730198865998794 ], [ 24.882820617535124, 47.724234233598544 ], [ 24.886282556946199, 47.734911979119097 ], [ 24.881095562309181, 47.736886961513662 ], [ 24.88176358425353, 47.745860243805254 ], [ 24.87657534129416, 47.747835053776519 ], [ 24.879637025755649, 47.753128980099866 ], [ 24.856482453833348, 47.764705567918405 ], [ 24.851954939944779, 47.775652857594778 ], [ 24.836244425340546, 47.779778137605987 ], [ 24.837302669397094, 47.794136030786206 ], [ 24.832240083422374, 47.797903735698817 ], [ 24.851150977279364, 47.800868221799085 ], [ 24.867666859229374, 47.807508770233397 ], [ 24.875525185518224, 47.805444162421367 ], [ 24.877654014016347, 47.798175478300323 ] ] ], [ [ [ 24.707184588226323, 47.841597385158202 ], [ 24.704390345449827, 47.839888576074436 ], [ 24.704518311408236, 47.841683569393311 ], [ 24.707184588226323, 47.841597385158202 ] ] ], [ [ [ 24.695002035226285, 47.858182784878544 ], [ 24.69741359274213, 47.854506794517846 ], [ 24.684205960821387, 47.856731079112734 ], [ 24.681793357600636, 47.86040681767301 ], [ 24.695002035226285, 47.858182784878544 ] ] ], [ [ [ 24.393836010371714, 47.953846324168921 ], [ 24.387667663566504, 47.941435325238771 ], [ 24.38220573065637, 47.939797445553005 ], [ 24.381268066964761, 47.925432713748272 ], [ 24.365005554113885, 47.922312833177962 ], [ 24.362101179416481, 47.91879990504399 ], [ 24.345725890006367, 47.913881562796007 ], [ 24.340615249067231, 47.917628597910387 ], [ 24.332601513559698, 47.917861696281889 ], [ 24.327720108757127, 47.925199563856587 ], [ 24.314132030895397, 47.921994860365025 ], [ 24.317148351307928, 47.92730478637754 ], [ 24.3131827486792, 47.949007780480315 ], [ 24.363966182862796, 47.947529919286737 ], [ 24.393836010371714, 47.953846324168921 ] ] ], [ [ [ 24.393953730453315, 47.955641886116872 ], [ 24.396508952717394, 47.953767218090114 ], [ 24.393836010371714, 47.953846324168921 ], [ 24.393953730453315, 47.955641886116872 ] ] ], [ [ [ 24.402090808270753, 47.957199912988642 ], [ 24.399299788211557, 47.955483601944088 ], [ 24.399417704354505, 47.957279153201981 ], [ 24.402090808270753, 47.957199912988642 ] ] ], [ [ [ 24.418366348620783, 47.960314197889296 ], [ 24.415811633849767, 47.962189339832626 ], [ 24.418484945441705, 47.962109711991673 ], [ 24.418366348620783, 47.960314197889296 ] ] ], [ [ [ 24.55349169145385, 47.977796935119123 ], [ 24.560771294924258, 47.966776766620491 ], [ 24.552135585686077, 47.958049128468218 ], [ 24.541690343830854, 47.961970247275907 ], [ 24.522857191260098, 47.960751093594972 ], [ 24.514472561211193, 47.955611076689017 ], [ 24.514228783016307, 47.952020408496502 ], [ 24.500866062106894, 47.952429004242717 ], [ 24.474742348854459, 47.962218585927594 ], [ 24.448010231052166, 47.963025164067275 ], [ 24.445576052818272, 47.966696404395634 ], [ 24.440229096353018, 47.966856870470735 ], [ 24.440467871570732, 47.970447811558785 ], [ 24.454435549467991, 47.979023343329921 ], [ 24.467685417437284, 47.976824566567238 ], [ 24.51083233479493, 47.98090945313816 ], [ 24.540983386753588, 47.990777180801544 ], [ 24.549499734520627, 47.997710276608721 ], [ 24.55349169145385, 47.977796935119123 ] ] ], [ [ [ 24.490879908756465, 48.161422348156542 ], [ 24.4695332236927, 48.163868465994675 ], [ 24.469654455385815, 48.165663819650682 ], [ 24.486000193935176, 48.16876670510657 ], [ 24.490879908756465, 48.161422348156542 ] ] ], [ [ [ 24.143647926251724, 48.243411874431438 ], [ 24.158562486304113, 48.223214398083314 ], [ 24.176707896194834, 48.211920292148598 ], [ 24.158706923425363, 48.181834654669792 ], [ 24.125435331962329, 48.209729090913264 ], [ 24.096528536463104, 48.22130564389613 ], [ 24.088465584897552, 48.221522725052587 ], [ 24.08965580224956, 48.24127891226258 ], [ 24.108803227369037, 48.246159101105782 ], [ 24.13690115719449, 48.265183486241291 ], [ 24.143647926251724, 48.243411874431438 ] ] ], [ [ [ 24.188108417336224, 48.351921334339842 ], [ 24.190578223734516, 48.348254947915798 ], [ 24.184966055373486, 48.344812788085001 ], [ 24.181489070625577, 48.332316653193715 ], [ 24.170270278520572, 48.325431033614386 ], [ 24.168579647751674, 48.341667944240854 ], [ 24.15880425243763, 48.358127295840447 ], [ 24.169582818937236, 48.357830527902649 ], [ 24.188108417336224, 48.351921334339842 ] ] ], [ [ [ 24.15880425243763, 48.358127295840447 ], [ 24.156220629577252, 48.359997192336671 ], [ 24.158915392924509, 48.359923153296016 ], [ 24.15880425243763, 48.358127295840447 ] ] ], [ [ [ 23.885698457941597, 48.730468144947892 ], [ 23.892812873390774, 48.712301852091052 ], [ 23.910671516560541, 48.692065090192756 ], [ 23.89858109530967, 48.67078473333941 ], [ 23.894942397068483, 48.65468719963642 ], [ 23.89881893212285, 48.627607690741002 ], [ 23.916336189119644, 48.601981818337848 ], [ 23.939770958252605, 48.585196126183902 ], [ 23.953097693705935, 48.581257195593103 ], [ 23.946638841141468, 48.563434585494704 ], [ 23.948300210000124, 48.54540376111413 ], [ 23.962957027204006, 48.518044656784951 ], [ 23.991426435762495, 48.495721579062646 ], [ 24.020511235157638, 48.484168221397802 ], [ 24.063412108193116, 48.477636758133066 ], [ 24.096044891649786, 48.480360500290566 ], [ 24.087395536203633, 48.471598697227442 ], [ 24.08706840864372, 48.466210860148863 ], [ 24.06589669528768, 48.473972804843434 ], [ 24.030996565326916, 48.478495754365028 ], [ 24.003876315634368, 48.477408537221379 ], [ 23.973740369571804, 48.470996396787932 ], [ 23.958892611833107, 48.494764380857951 ], [ 23.92760180455393, 48.515352336872596 ], [ 23.887660157003452, 48.527154966445551 ], [ 23.847094593533853, 48.528166165607487 ], [ 23.848304637801785, 48.549721927767493 ], [ 23.867954734710398, 48.56182539739001 ], [ 23.885725960960329, 48.588363137450578 ], [ 23.887672621130587, 48.622491533643831 ], [ 23.882970597898524, 48.635200995973285 ], [ 23.877754921737669, 48.638929121313566 ], [ 23.876066760666699, 48.656959217809643 ], [ 23.863630562042434, 48.677055916028088 ], [ 23.83500466160455, 48.69934976776247 ], [ 23.829577377095074, 48.699483294122658 ], [ 23.821737840955564, 48.705072013592194 ], [ 23.835509561804255, 48.708331174113994 ], [ 23.860853440021575, 48.723893099879348 ], [ 23.881295355746349, 48.748566110683235 ], [ 23.886624710959715, 48.746633859988236 ], [ 23.885698457941597, 48.730468144947892 ] ] ], [ [ [ 23.887036643329296, 48.753818603379074 ], [ 23.884011522351042, 48.748498110777604 ], [ 23.88432019716123, 48.753886680062138 ], [ 23.887036643329296, 48.753818603379074 ] ] ], [ [ [ 23.656551738055253, 48.87088616368947 ], [ 23.680676954445449, 48.863132630591963 ], [ 23.663767387838227, 48.852732618856287 ], [ 23.650250647783935, 48.854843025571782 ], [ 23.656551738055253, 48.87088616368947 ] ] ], [ [ [ 26.643833698313099, 50.809284583332797 ], [ 26.640793833146638, 50.807632469551045 ], [ 26.641009992790696, 50.809421583605314 ], [ 26.643833698313099, 50.809284583332797 ] ] ], [ [ [ 27.089921442671727, 51.114354612293518 ], [ 27.108144926231795, 51.100801100511397 ], [ 27.108855933002744, 51.084564524211729 ], [ 27.120441660667961, 51.064157051203949 ], [ 27.141235749099692, 51.048662721913715 ], [ 27.140761232385994, 51.045087864566796 ], [ 27.106974594373039, 51.027065799035867 ], [ 27.093754183898199, 51.013359283012534 ], [ 27.093048815210373, 51.007996485770619 ], [ 27.087381855886377, 51.008292977251024 ], [ 27.086192274843452, 51.020954492636115 ], [ 27.076731729049502, 51.035847861199613 ], [ 27.071295689741376, 51.037931341059867 ], [ 27.064663577256734, 51.052676074684676 ], [ 27.065601243560486, 51.059826791261088 ], [ 27.078357915405864, 51.069961031824953 ], [ 27.085679884846158, 51.082177976066703 ], [ 27.089921442671727, 51.114354612293518 ] ] ], [ [ [ 27.071199243701574, 51.145930007514124 ], [ 27.064083999946476, 51.157099837403912 ], [ 27.06526040375919, 51.166038079413539 ], [ 27.070946906139298, 51.165742011128614 ], [ 27.075926093667807, 51.160082839206673 ], [ 27.071199243701574, 51.145930007514124 ] ] ], [ [ [ 29.284435994873164, 51.178678384639937 ], [ 29.28816919792963, 51.167601122101445 ], [ 29.249784828397626, 51.161324259255352 ], [ 29.218306143052661, 51.145537781313244 ], [ 29.21296673396095, 51.147717156338047 ], [ 29.206386624489184, 51.158992643312729 ], [ 29.213000003390206, 51.163930564453743 ], [ 29.224318995970744, 51.163129846387413 ], [ 29.25704273356078, 51.169817609741855 ], [ 29.279096399952497, 51.180860835506287 ], [ 29.284435994873164, 51.178678384639937 ] ] ], [ [ [ 27.001632949973626, 51.468106949949458 ], [ 26.997359247766504, 51.457527289571807 ], [ 27.000024820019043, 51.433992332743955 ], [ 26.978597396980074, 51.424292001117884 ], [ 26.968382028711474, 51.41221564010597 ], [ 26.962430514618948, 51.410719806550055 ], [ 26.957178931305144, 51.414587436195447 ], [ 26.931909349305009, 51.419473179216304 ], [ 26.960913577279928, 51.443194060976232 ], [ 26.968272923950103, 51.455417111640948 ], [ 26.970145673591038, 51.469720076342071 ], [ 27.001632949973626, 51.468106949949458 ] ] ], [ [ [ 28.016932469915734, 51.47271453346287 ], [ 28.033245916673916, 51.466330240414514 ], [ 28.032694641900616, 51.46276206549318 ], [ 28.020994745489194, 51.461666018687204 ], [ 28.016932469915734, 51.47271453346287 ] ] ], [ [ [ 28.01407560895781, 51.472886298416718 ], [ 28.017207576364619, 51.474498679236497 ], [ 28.016932469915734, 51.47271453346287 ], [ 28.01407560895781, 51.472886298416718 ] ] ], [ [ [ 29.259077507284434, 51.483195604005324 ], [ 29.272350802854426, 51.476847821452715 ], [ 29.270407146168001, 51.466174382703315 ], [ 29.275131159950458, 51.460433027127927 ], [ 29.26658801921333, 51.461039837975186 ], [ 29.242514044259675, 51.455538831619094 ], [ 29.217159134319502, 51.442915965030615 ], [ 29.21146508436513, 51.443317661534266 ], [ 29.216288115848847, 51.470005209575625 ], [ 29.205901538002124, 51.492359683824326 ], [ 29.231551566646758, 51.490549884303697 ], [ 29.25499637289742, 51.492494454663571 ], [ 29.259077507284434, 51.483195604005324 ] ] ], [ [ [ 28.252731785068594, 51.595162307392208 ], [ 28.242146798172275, 51.583212911708877 ], [ 28.237290912994474, 51.570907664819266 ], [ 28.230714354560472, 51.56591248689746 ], [ 28.226697062357143, 51.576966631838651 ], [ 28.235852515809526, 51.580001360888019 ], [ 28.252731785068594, 51.595162307392208 ] ] ], [ [ [ 27.201668938630153, 51.772661454301598 ], [ 27.20489947767166, 51.732889766051144 ], [ 27.193387478681135, 51.73349937237348 ], [ 27.160507784257288, 51.726234241116067 ], [ 27.116826992713925, 51.703325346269004 ], [ 27.121428315436727, 51.737283973340148 ], [ 27.117366836477299, 51.750095930294862 ], [ 27.102749383352734, 51.770658039330506 ], [ 27.201668938630153, 51.772661454301598 ] ] ], [ [ [ 29.161588798891163, 45.392456772060051 ], [ 29.164375152022259, 45.394056123570564 ], [ 29.164116919514306, 45.392274862017779 ], [ 29.161588798891163, 45.392456772060051 ] ] ], [ [ [ 29.167161660736177, 45.3956553954987 ], [ 29.164375152022259, 45.394056123570564 ], [ 29.164633408674518, 45.39583738341581 ], [ 29.167161660736177, 45.3956553954987 ] ] ], [ [ [ 29.732911135282919, 45.583885560429906 ], [ 29.730100335714113, 45.582302098306172 ], [ 29.730378170790903, 45.584080685356632 ], [ 29.732911135282919, 45.583885560429906 ] ] ], [ [ [ 29.662478457747927, 45.609089661986779 ], [ 29.659668028838595, 45.607504393309924 ], [ 29.659943881698716, 45.609283307485143 ], [ 29.662478457747927, 45.609089661986779 ] ] ], [ [ [ 29.660219760384368, 45.611062219801887 ], [ 29.657409279823963, 45.609476897379515 ], [ 29.657685080238714, 45.611255821639688 ], [ 29.660219760384368, 45.611062219801887 ] ] ], [ [ [ 29.823879896072341, 45.980058753883689 ], [ 29.819063739012734, 45.982233652969242 ], [ 29.824164612886676, 45.98183676748004 ], [ 29.823879896072341, 45.980058753883689 ] ] ], [ [ [ 33.100729744596421, 46.651061130374174 ], [ 33.083126275733314, 46.607904022571155 ], [ 33.065033978643811, 46.597229772885306 ], [ 33.064340816987247, 46.640547329138784 ], [ 33.069449501612176, 46.640000392621552 ], [ 33.081654093032419, 46.647702008629054 ], [ 33.100729744596421, 46.651061130374174 ] ] ], [ [ [ 29.564134139160142, 46.959537934464336 ], [ 29.57338201373247, 46.951638627514313 ], [ 29.574262502977184, 46.940769213771937 ], [ 29.564730536175912, 46.946889514360201 ], [ 29.558651669568778, 46.958150464715459 ], [ 29.564134139160142, 46.959537934464336 ] ] ], [ [ [ 32.800328475090133, 49.31359982494137 ], [ 32.823404746912836, 49.294967240506438 ], [ 32.843221609287738, 49.285690728589962 ], [ 32.858935342668374, 49.282251211934337 ], [ 32.862174246151305, 49.272891624060875 ], [ 32.882519645550545, 49.25453038376375 ], [ 32.914886949944702, 49.240321062225057 ], [ 32.926173421034754, 49.230116879617768 ], [ 32.953570225330381, 49.218220800479209 ], [ 32.988048914437613, 49.212790021731365 ], [ 33.004865921523226, 49.180340336566118 ], [ 33.021052908233081, 49.167804233050134 ], [ 33.023823948498865, 49.156684322173888 ], [ 32.996238237438746, 49.145160485507226 ], [ 32.992264469893549, 49.140166035613333 ], [ 32.963629593752373, 49.146789563829948 ], [ 32.936381333006544, 49.147846850829161 ], [ 32.916749517186283, 49.146295703242686 ], [ 32.904737301879678, 49.142139900206175 ], [ 32.872123032356818, 49.143742723907728 ], [ 32.854496043782525, 49.161819069088722 ], [ 32.827100239617977, 49.173690510458243 ], [ 32.819338077045174, 49.187126885087274 ], [ 32.798990667227521, 49.205476223422814 ], [ 32.771980399160384, 49.219097630864212 ], [ 32.74863766561274, 49.225116751456184 ], [ 32.721448142137753, 49.249569429659495 ], [ 32.666475057209318, 49.27325479159714 ], [ 32.632322166099414, 49.280354891828217 ], [ 32.61574863661788, 49.280241280934497 ], [ 32.597978702052856, 49.298288760311742 ], [ 32.580378609793144, 49.305490863257617 ], [ 32.622045401896905, 49.306662394266297 ], [ 32.631558872196422, 49.300279182976034 ], [ 32.649569145968719, 49.294831059618474 ], [ 32.700725613895443, 49.289589573045617 ], [ 32.720415631950765, 49.291174426185506 ], [ 32.752571563547995, 49.298687990741996 ], [ 32.783747422005121, 49.313511602009655 ], [ 32.791263658066264, 49.321756048955059 ], [ 32.796649417137047, 49.321198535833474 ], [ 32.800328475090133, 49.31359982494137 ] ] ], [ [ [ 32.47092888819634, 49.356246252007786 ], [ 32.481507694790167, 49.342552931844416 ], [ 32.470719126980804, 49.343638663394131 ], [ 32.46428743713016, 49.351501785716913 ], [ 32.458891926581259, 49.35204404330576 ], [ 32.452042518141099, 49.358144288984498 ], [ 32.47092888819634, 49.356246252007786 ] ] ], [ [ [ 32.382063454962115, 49.377777006885225 ], [ 32.377075902068114, 49.380078532547678 ], [ 32.382476040989062, 49.379539871122283 ], [ 32.382063454962115, 49.377777006885225 ] ] ], [ [ [ 32.353184885384017, 49.384262484232529 ], [ 32.335101973713812, 49.389668367586083 ], [ 32.316193754525443, 49.391545131723291 ], [ 32.302444973431882, 49.403731521270537 ], [ 32.282055009741001, 49.411160918779935 ], [ 32.262226348367349, 49.432962603880036 ], [ 32.295493094265993, 49.433283371852617 ], [ 32.31007218760034, 49.42462365148284 ], [ 32.318181571918736, 49.423819732279753 ], [ 32.327348566710015, 49.415694223636329 ], [ 32.332753555537359, 49.415157602725749 ], [ 32.355243523867188, 49.393077659114866 ], [ 32.372912489829169, 49.385905720036916 ], [ 32.377075902068114, 49.380078532547678 ], [ 32.357762392200435, 49.380198880569829 ], [ 32.353184885384017, 49.384262484232529 ] ] ], [ [ [ 30.568876234764886, 50.957219014703888 ], [ 30.603517885519857, 50.945333088048869 ], [ 30.628768709812707, 50.943234212237428 ], [ 30.634009798441273, 50.940994656288943 ], [ 30.632900638742928, 50.935677423175093 ], [ 30.593627120128172, 50.93894105427097 ], [ 30.57007984414787, 50.935481901372192 ], [ 30.568876234764886, 50.957219014703888 ] ] ], [ [ [ 30.520410899960233, 51.040553084264275 ], [ 30.520168672470845, 51.011723132352209 ], [ 30.495969053053376, 51.019119827867272 ], [ 30.497065846806027, 51.024439129310679 ], [ 30.514419796905688, 51.039242386887899 ], [ 30.515886129381901, 51.046334376710256 ], [ 30.520410899960233, 51.040553084264275 ] ] ], [ [ [ 30.524814633075955, 51.061828558259748 ], [ 30.519065529205054, 51.047876191516778 ], [ 30.522001111244006, 51.062059918125016 ], [ 30.524814633075955, 51.061828558259748 ] ] ], [ [ [ 30.528362803099697, 51.065142980420376 ], [ 30.525181852721889, 51.063601498539278 ], [ 30.525549109604057, 51.065374436373467 ], [ 30.528362803099697, 51.065142980420376 ] ] ], [ [ [ 30.526283735096815, 51.068920304704896 ], [ 30.523102568522944, 51.067378775284659 ], [ 30.523469795414613, 51.069151722782081 ], [ 30.526283735096815, 51.068920304704896 ] ] ], [ [ [ 30.517476453876768, 51.109313635160483 ], [ 30.514292570152723, 51.107771990146205 ], [ 30.514659989173737, 51.109544971180654 ], [ 30.517476453876768, 51.109313635160483 ] ] ], [ [ [ 30.233330837012094, 51.191793455538303 ], [ 30.230149441186558, 51.190243792268454 ], [ 30.230507033934625, 51.192018201716238 ], [ 30.233330837012094, 51.191793455538303 ] ] ], [ [ [ 30.271473609213153, 51.195962437944267 ], [ 30.269009005297558, 51.197962330938459 ], [ 30.271832862305775, 51.197736637006045 ], [ 30.271473609213153, 51.195962437944267 ] ] ], [ [ [ 30.799345536855885, 51.208445981161205 ], [ 30.782759098575134, 51.184597989111701 ], [ 30.775986091233602, 51.179759127248531 ], [ 30.770348870531222, 51.180234645774526 ], [ 30.769799283541527, 51.191102027911136 ], [ 30.762853391372555, 51.198901480631314 ], [ 30.763058984310717, 51.213312238806864 ], [ 30.77189967153139, 51.214370656080277 ], [ 30.77867790750923, 51.219209520490253 ], [ 30.790340884933912, 51.220028393328136 ], [ 30.793921010463325, 51.223333008661442 ], [ 30.811607447382926, 51.225444148289299 ], [ 30.805745531584098, 51.211511713737259 ], [ 30.799345536855885, 51.208445981161205 ] ] ], [ [ [ 30.19021737702295, 51.505315327172077 ], [ 30.195904241553414, 51.504865773808703 ], [ 30.21364153826724, 51.492643816600605 ], [ 30.247024646371198, 51.486387594508621 ], [ 30.266856190771684, 51.470384150436821 ], [ 30.291330288792334, 51.463021228246468 ], [ 30.290603467440228, 51.459473185677531 ], [ 30.298759051239731, 51.45701790113273 ], [ 30.306185885461929, 51.451014198187181 ], [ 30.305458224647484, 51.447466299127385 ], [ 30.311136037452819, 51.447011520915154 ], [ 30.310408097153129, 51.443463669727237 ], [ 30.31855965982162, 51.441007192275251 ], [ 30.325252578441063, 51.431454781167723 ], [ 30.330928084182947, 51.430999144692024 ], [ 30.330199027617819, 51.427451485168788 ], [ 30.352532522638725, 51.423852732429317 ], [ 30.343291162407283, 51.420990056877486 ], [ 30.342561409536309, 51.417442517288393 ], [ 30.347504866542465, 51.413438639224708 ], [ 30.347421852800021, 51.399020425848143 ], [ 30.351268445511014, 51.389695269035343 ], [ 30.356573350345876, 51.387464926999506 ], [ 30.357218233791894, 51.376594307579403 ], [ 30.345516962611832, 51.37573340284878 ], [ 30.344423899884855, 51.370412082909894 ], [ 30.324875372683174, 51.359361898106286 ], [ 30.353853067968231, 51.346212754597055 ], [ 30.373589794156945, 51.330196145143525 ], [ 30.389479524728305, 51.323502646871724 ], [ 30.393678391439114, 51.315950436121064 ], [ 30.403900918621289, 51.309713265272741 ], [ 30.431828536615157, 51.305643844597718 ], [ 30.438220919333702, 51.308730481978067 ], [ 30.463683020779879, 51.30665688673367 ], [ 30.458646958160003, 51.296248320597172 ], [ 30.46393566513559, 51.294013902139632 ], [ 30.462832102657277, 51.288694331133478 ], [ 30.450418420530472, 51.284296527194286 ], [ 30.453869553526562, 51.273196341986129 ], [ 30.465177171066472, 51.272274361224532 ], [ 30.483611003438671, 51.277981743385453 ], [ 30.506964707546242, 51.27967677613578 ], [ 30.509052734092048, 51.275899167233327 ], [ 30.533010277387429, 51.266719795357041 ], [ 30.535095630860276, 51.262941862054419 ], [ 30.552419921302953, 51.263319656508074 ], [ 30.557328792715492, 51.259308686305403 ], [ 30.538154676330215, 51.250067504623772 ], [ 30.517141984871888, 51.23195813472838 ], [ 30.50277362990062, 51.204285205951628 ], [ 30.502895941454803, 51.177227400347824 ], [ 30.509517398385018, 51.167668474547249 ], [ 30.511477191106522, 51.149475889199941 ], [ 30.516378971696941, 51.145467131398114 ], [ 30.51343637078137, 51.131283372954073 ], [ 30.519314632213696, 51.118178430878586 ], [ 30.51502744548327, 51.111317949771006 ], [ 30.488441270065039, 51.135135848353926 ], [ 30.459632557921957, 51.14830962806122 ], [ 30.440626860098025, 51.153465390506476 ], [ 30.415247472276253, 51.155529599229979 ], [ 30.3828557945358, 51.165367991486555 ], [ 30.373385582056724, 51.17514913938227 ], [ 30.336409786755354, 51.190753195776445 ], [ 30.300429765957784, 51.197250042976954 ], [ 30.274656682770299, 51.197510875631266 ], [ 30.312508971620339, 51.214310475250493 ], [ 30.333436169997356, 51.232461457884988 ], [ 30.347715571126511, 51.260160184243745 ], [ 30.347143970291253, 51.285448836227296 ], [ 30.332422256033162, 51.311876143190361 ], [ 30.310208183856879, 51.329887106225094 ], [ 30.28122628362798, 51.343025439207999 ], [ 30.236978215660582, 51.351962291146165 ], [ 30.187727754979001, 51.350459999668303 ], [ 30.20232577310707, 51.379953904918622 ], [ 30.197477981555721, 51.427214004027761 ], [ 30.182272036051987, 51.451854475252105 ], [ 30.159933128320752, 51.469843077593872 ], [ 30.125490650355395, 51.485171542546055 ], [ 30.116962283311135, 51.485840468357338 ], [ 30.126562711447427, 51.49049606915122 ], [ 30.120176549608708, 51.501814366053104 ], [ 30.124092746277285, 51.506915880859779 ], [ 30.132624876574646, 51.506246242913164 ], [ 30.13190925889425, 51.502696630754336 ], [ 30.147179608328845, 51.492482033561181 ], [ 30.16387818076447, 51.489364399460861 ], [ 30.167827674736063, 51.508885439275261 ], [ 30.174234341375637, 51.511986142449473 ], [ 30.182766214097317, 51.511312810789924 ], [ 30.19021737702295, 51.505315327172077 ] ] ], [ [ [ 29.741630334345281, 51.53086873797173 ], [ 29.747087885129051, 51.514236665228886 ], [ 29.741050088760311, 51.512887789065473 ], [ 29.740022130972189, 51.507557642938522 ], [ 29.745716339428327, 51.507129916299576 ], [ 29.742974933453613, 51.492916314068893 ], [ 29.734436161933221, 51.493557476827341 ], [ 29.733409685822437, 51.488227218501883 ], [ 29.734545021228591, 51.479129866832068 ], [ 29.741027549854984, 51.467828507033268 ], [ 29.746374445465278, 51.46562426484055 ], [ 29.744663217138477, 51.456740732670426 ], [ 29.753194883004014, 51.456099149855291 ], [ 29.766384721877984, 51.449698657607804 ], [ 29.783444114481647, 51.448411840682979 ], [ 29.793784521990279, 51.442223163120417 ], [ 29.798003425738035, 51.449114074469854 ], [ 29.794037276390856, 51.458426399087607 ], [ 29.81178820183456, 51.460688186252945 ], [ 29.816785488681948, 51.456704525679655 ], [ 29.815405941119813, 51.449599043671256 ], [ 29.830311053224833, 51.45207353420507 ], [ 29.843066451058093, 51.458314674313293 ], [ 29.851249836939846, 51.455889719327779 ], [ 29.850211141003019, 51.450561108992567 ], [ 29.881131855074059, 51.446401623847429 ], [ 29.881068481778254, 51.46082713222242 ], [ 29.889945599666706, 51.461951601470531 ], [ 29.892381507959588, 51.474383623199898 ], [ 29.88669363815637, 51.474818273041244 ], [ 29.894470818708854, 51.485039554964537 ], [ 29.920768948410167, 51.486631217571713 ], [ 29.930701154708192, 51.49307978605998 ], [ 29.941379466172801, 51.488654224901452 ], [ 29.918673390696053, 51.475976055826798 ], [ 29.900621381996579, 51.457529950515358 ], [ 29.890414659304756, 51.434876868907786 ], [ 29.888739636385473, 51.411571379080371 ], [ 29.891988662464126, 51.398704921423217 ], [ 29.905199619708505, 51.377865298546887 ], [ 29.927604600220921, 51.359923165846197 ], [ 29.933277592134782, 51.359487221505198 ], [ 29.951038493594258, 51.347304825825859 ], [ 29.936213968812719, 51.330419872071097 ], [ 29.929608024251955, 51.296678782980607 ], [ 29.941387316943327, 51.268733952376124 ], [ 29.970823971776142, 51.243029824583012 ], [ 29.999844842977048, 51.229967931678893 ], [ 30.044035229532238, 51.221125148860025 ], [ 30.075482972421092, 51.22047293628448 ], [ 30.113995676794719, 51.226468413016562 ], [ 30.128477623228523, 51.212710824062377 ], [ 30.157430298383321, 51.1996126949904 ], [ 30.176492290119477, 51.194500883415124 ], [ 30.226968256518361, 51.188694030898574 ], [ 30.214602512422111, 51.18426849654324 ], [ 30.178605402527086, 51.190728099026359 ], [ 30.1443585975193, 51.191629870065995 ], [ 30.099871652715922, 51.184311410143927 ], [ 30.059607871908099, 51.198278444096509 ], [ 30.011568166028823, 51.202018983973524 ], [ 30.00096108216928, 51.206447369270144 ], [ 29.975868983062014, 51.210193231483117 ], [ 29.964213299530389, 51.209291445411907 ], [ 29.964515120739506, 51.225491309427568 ], [ 29.954196986351928, 51.246115954022287 ], [ 29.927232841824249, 51.269822921576399 ], [ 29.908453774917461, 51.276672572010128 ], [ 29.876127262990572, 51.302580147389797 ], [ 29.838520080474776, 51.316262164867723 ], [ 29.802353691963614, 51.32261240216873 ], [ 29.750292169269549, 51.321136909600803 ], [ 29.717062877788909, 51.312819967203218 ], [ 29.697680770491626, 51.301655920254717 ], [ 29.660152654582213, 51.300854004513205 ], [ 29.6297866286092, 51.292299346065946 ], [ 29.624452803602562, 51.294497530992864 ], [ 29.586929090534976, 51.293671603470571 ], [ 29.565749884080748, 51.288025744834719 ], [ 29.557245163713947, 51.288652233988131 ], [ 29.538728401628934, 51.297222605454976 ], [ 29.502524239296125, 51.303480606703936 ], [ 29.439460874492863, 51.304471542237344 ], [ 29.444063329774167, 51.329366001569603 ], [ 29.436325945196852, 51.349750090040665 ], [ 29.439287606755435, 51.365753723615349 ], [ 29.435910251267195, 51.378613105805577 ], [ 29.42651783034762, 51.390106118682269 ], [ 29.427834165848058, 51.397218996984137 ], [ 29.418765267445139, 51.410489880397378 ], [ 29.419752285659516, 51.415824630656246 ], [ 29.450372029630387, 51.410000935929261 ], [ 29.471793062653571, 51.401234839266976 ], [ 29.497042765953658, 51.397591360361169 ], [ 29.503723284094495, 51.402509658866904 ], [ 29.505384490274082, 51.411398947754385 ], [ 29.511735432363292, 51.414538812737881 ], [ 29.513398907328639, 51.423427897212441 ], [ 29.521929601870173, 51.422803433053041 ], [ 29.52492891634483, 51.438803298105611 ], [ 29.519573090356602, 51.440997691689681 ], [ 29.521906528861404, 51.45344208396218 ], [ 29.534957850896578, 51.461496683706933 ], [ 29.538969167259236, 51.482828930131795 ], [ 29.544663335179909, 51.482411107647351 ], [ 29.546840823397918, 51.478646819509912 ], [ 29.55253435285028, 51.478228638847618 ], [ 29.554711010068321, 51.474464242614509 ], [ 29.560403901056105, 51.474045703902362 ], [ 29.581158261358432, 51.461703944915428 ], [ 29.60594207738605, 51.470687533211233 ], [ 29.610325206281729, 51.49379309589105 ], [ 29.621713993469225, 51.492950121705796 ], [ 29.628084323436543, 51.496082733628633 ], [ 29.632961493584052, 51.506535053961038 ], [ 29.641166275262982, 51.504123979110922 ], [ 29.64299762808859, 51.498581023897295 ], [ 29.652217577261222, 51.501500754108356 ], [ 29.653235066263147, 51.506832156650702 ], [ 29.672488620177258, 51.501794597534186 ], [ 29.674188570034069, 51.510679777785121 ], [ 29.683753281885295, 51.515373813349157 ], [ 29.701523368383945, 51.517651671659827 ], [ 29.711433879658973, 51.524120110539592 ], [ 29.712459108235858, 51.529450650283913 ], [ 29.71849849827462, 51.530800948978921 ], [ 29.741630334345281, 51.53086873797173 ] ] ], [ [ [ 30.109146967968027, 51.490058635791705 ], [ 30.105947180430974, 51.488506357285928 ], [ 30.106303781298216, 51.490281298039143 ], [ 30.109146967968027, 51.490058635791705 ] ] ], [ [ [ 30.081069129656957, 51.494057251830348 ], [ 30.092799536147972, 51.494943600684088 ], [ 30.103460558142533, 51.490503892040991 ], [ 30.08640045359671, 51.49183802277981 ], [ 30.081069129656957, 51.494057251830348 ] ] ], [ [ [ 30.078581068730355, 51.496054322144232 ], [ 30.073248845798037, 51.498273235154478 ], [ 30.078936702867779, 51.497829396434796 ], [ 30.078581068730355, 51.496054322144232 ] ] ], [ [ [ 34.177689047743051, 44.754215166243071 ], [ 34.167447023254155, 44.753617962241449 ], [ 34.167852149757458, 44.755370294630872 ], [ 34.177689047743051, 44.754215166243071 ] ] ], [ [ [ 34.160474087905413, 44.756236100015045 ], [ 34.168257313245718, 44.757122623586611 ], [ 34.167852149757458, 44.755370294630872 ], [ 34.160474087905413, 44.756236100015045 ] ] ], [ [ [ 34.161284030228941, 44.759740859710966 ], [ 34.153500435176298, 44.75885387584573 ], [ 34.153905213957401, 44.760606306562345 ], [ 34.161284030228941, 44.759740859710966 ] ] ], [ [ [ 34.448411635799445, 44.894873732138905 ], [ 34.460273750076112, 44.880849071018815 ], [ 34.438918648118992, 44.87621106334182 ], [ 34.422956156024355, 44.894324610443149 ], [ 34.448411635799445, 44.894873732138905 ] ] ], [ [ [ 31.98316057193907, 46.597818422371788 ], [ 31.994917114650725, 46.578662433999035 ], [ 32.017268747932782, 46.560273800349563 ], [ 32.033062391127082, 46.522707743188768 ], [ 32.053184831555527, 46.506330785078617 ], [ 32.048091919431279, 46.494220560978569 ], [ 32.050692629303754, 46.468749429587511 ], [ 32.017858420627022, 46.461149979787827 ], [ 31.991618918617878, 46.447495978864652 ], [ 31.971620808247, 46.426025492109183 ], [ 31.952665632327889, 46.422461639063854 ], [ 31.926460643082294, 46.408789497079901 ], [ 31.90032958514762, 46.382496870357301 ], [ 31.890601585881949, 46.360021617473521 ], [ 31.888535820783975, 46.336807531861332 ], [ 31.897027330907257, 46.314376691736072 ], [ 31.894964047023684, 46.291162962441391 ], [ 31.905287165217178, 46.264953243399106 ], [ 31.935969620910125, 46.236773100434895 ], [ 31.969469556603663, 46.222718267574272 ], [ 32.002192422778293, 46.217733624377551 ], [ 32.011654566682701, 46.213209308540236 ], [ 32.013126277825755, 46.207662923074203 ], [ 32.032797335280797, 46.189533906236683 ], [ 32.058614330107837, 46.176202301145828 ], [ 32.147934604330338, 46.156610419757136 ], [ 32.167179424392543, 46.13669835904409 ], [ 32.179151202299394, 46.131911183226791 ], [ 32.177350542292899, 46.110478402219307 ], [ 32.190050536579783, 46.084006986377275 ], [ 32.218675034193886, 46.059553833592368 ], [ 32.261395620055275, 46.04089057542712 ], [ 32.296138803606681, 46.033815102367278 ], [ 32.335230848188424, 46.035296144421878 ], [ 32.356196124078025, 46.024182675225951 ], [ 32.388379526467595, 46.017335632015168 ], [ 32.416594313364051, 46.016283713813799 ], [ 32.443381640508967, 46.020772203524963 ], [ 32.445175425711426, 46.016988293643458 ], [ 32.480920759736783, 46.00254873309553 ], [ 32.53657741069771, 45.996867211409622 ], [ 32.555026794874507, 45.998579517482966 ], [ 32.590517746028205, 46.007542546905327 ], [ 32.619552691487897, 46.022562989818915 ], [ 32.623206080674606, 46.027589295371413 ], [ 32.638385952093152, 46.026022874200528 ], [ 32.656845400430015, 46.027717213637615 ], [ 32.668092221370117, 46.031956448387064 ], [ 32.70426132212382, 46.031807937524292 ], [ 32.734352940179136, 46.039484749841492 ], [ 32.740547453353706, 46.044242683121446 ], [ 32.773811010712656, 46.042572972167264 ], [ 32.792276092976515, 46.044244080687051 ], [ 32.798095291910165, 46.047237038606177 ], [ 32.830211514973549, 46.04026710047183 ], [ 32.926662992470952, 46.031897361265379 ], [ 32.96688429857344, 46.038437638097982 ], [ 33.00729452413627, 46.057551312625023 ], [ 33.049678678766426, 46.062029809070502 ], [ 33.060955996953986, 46.066226015415339 ], [ 33.095171482066711, 46.057152035849825 ], [ 33.128411043889436, 46.055377283783251 ], [ 33.146879844820923, 46.056988453958184 ], [ 33.168660200887977, 46.061841065669014 ], [ 33.17197166969494, 46.06508552814406 ], [ 33.177024965001984, 46.064538992003754 ], [ 33.185336427223845, 46.043825940821293 ], [ 33.208789722472474, 46.021470990807394 ], [ 33.234192530171136, 46.007905187362901 ], [ 33.273379055732086, 45.99823454093395 ], [ 33.314529177979942, 45.997340954835245 ], [ 33.323032554010091, 45.989205055526952 ], [ 33.348785002216793, 45.977375322660279 ], [ 33.380759162670309, 45.970258548261391 ], [ 33.406359556224515, 45.969239209317735 ], [ 33.4247974927355, 45.970806522211838 ], [ 33.44655557291204, 45.975605871107817 ], [ 33.449875676913265, 45.978840919638429 ], [ 33.470836679623361, 45.980121212247603 ], [ 33.506406106659703, 45.98878028743507 ], [ 33.532710475356929, 46.002063574753194 ], [ 33.55227270920318, 46.019696298502865 ], [ 33.560143983039865, 46.031426866331969 ], [ 33.563784577013649, 46.047232534074624 ], [ 33.57175557209014, 46.048143049157673 ], [ 33.578511259479789, 46.043784771663361 ], [ 33.573652796607767, 46.022711685371483 ], [ 33.582705033458332, 45.994678896186969 ], [ 33.609781806433539, 45.966426890339463 ], [ 33.630413993643266, 45.955104250102224 ], [ 33.645357281250519, 45.919199927473194 ], [ 33.593828724879458, 45.919580735288044 ], [ 33.563733197361401, 45.912140579203772 ], [ 33.540582378450992, 45.923731250959165 ], [ 33.508664609159815, 45.93088888095447 ], [ 33.470100072841603, 45.931569485162591 ], [ 33.440406779023583, 45.92585197709743 ], [ 33.396671016021727, 45.903663460612698 ], [ 33.379719701295144, 45.885717965278111 ], [ 33.367952142308624, 45.856393782501982 ], [ 33.347577665212484, 45.846024701904511 ], [ 33.328787908219326, 45.842682492900913 ], [ 33.308031473880867, 45.830547095504038 ], [ 33.262760048025847, 45.835490863324786 ], [ 33.190930745588112, 45.825286272601247 ], [ 33.153560953886561, 45.807716862177514 ], [ 33.134203779428539, 45.789995366193807 ], [ 33.125689303892678, 45.774704847032645 ], [ 33.109445071059035, 45.771051193572802 ], [ 33.100358102997816, 45.764824989274281 ], [ 33.050075569695167, 45.770219553146589 ], [ 33.031705137346506, 45.768582903050898 ], [ 33.001743900117326, 45.760976101189001 ], [ 32.969498472586551, 45.742799126881827 ], [ 32.95639171758549, 45.729785359666593 ], [ 32.947556188943345, 45.712715422308051 ], [ 32.939256650326769, 45.709994317953473 ], [ 32.920002226324513, 45.692226096486039 ], [ 32.911564823167474, 45.676912373898901 ], [ 32.884691722690533, 45.683353635915211 ], [ 32.859191160871418, 45.684241542522017 ], [ 32.840849584860095, 45.682570254202375 ], [ 32.783952923106362, 45.668730453425148 ], [ 32.740286396166688, 45.644479968319672 ], [ 32.720744263849902, 45.62490754305918 ], [ 32.711629565322838, 45.606048852195727 ], [ 32.693685576886068, 45.606112542836719 ], [ 32.664216857353537, 45.600164859252878 ], [ 32.64981507860886, 45.592652237278472 ], [ 32.631135138913038, 45.589180698329109 ], [ 32.599103329077046, 45.570876470378373 ], [ 32.578536716148008, 45.545984055205821 ], [ 32.572670236855565, 45.517778827364367 ], [ 32.56619033413758, 45.511242311964388 ], [ 32.560390134042592, 45.49563339511257 ], [ 32.559240602236002, 45.477746841984064 ], [ 32.563468510043798, 45.461109090204289 ], [ 32.534133226059012, 45.467716877157429 ], [ 32.508710651873287, 45.46851597318539 ], [ 32.482560351720963, 45.465782508051376 ], [ 32.45281946879691, 45.458006597171739 ], [ 32.427014527791997, 45.444422571699953 ], [ 32.408017093464004, 45.42654309464281 ], [ 32.394748288036098, 45.39907988634841 ], [ 32.393659744798597, 45.381186723254608 ], [ 32.403288793512424, 45.35320835170095 ], [ 32.414000860065748, 45.3431225265861 ], [ 32.420771254406056, 45.32623414008745 ], [ 32.446815147242809, 45.303788814380376 ], [ 32.482135565480853, 45.28939371615963 ], [ 32.514249133827569, 45.284316240694352 ], [ 32.547442914361497, 45.284519376009875 ], [ 32.584951350401575, 45.293270133261572 ], [ 32.607847861239073, 45.305315206451297 ], [ 32.624542962411383, 45.287391010115286 ], [ 32.649812723891152, 45.273978565491774 ], [ 32.688646126362109, 45.264554150601029 ], [ 32.713965650895034, 45.263723557896384 ], [ 32.753600833487397, 45.270395078238984 ], [ 32.78797799778939, 45.288404738727849 ], [ 32.822272715947825, 45.293810357172802 ], [ 32.83947561192911, 45.302804448390425 ], [ 32.86718508424039, 45.28908488999577 ], [ 32.898867827563045, 45.282139645292965 ], [ 32.904229862387965, 45.283373005903307 ], [ 32.903482598018513, 45.2798514016647 ], [ 32.922561010264502, 45.261629368813352 ], [ 32.941006912956375, 45.252472679039599 ], [ 32.949103753620179, 45.242611880463699 ], [ 32.954087753546453, 45.242082604553921 ], [ 32.964672395107371, 45.231956413335112 ], [ 32.983476489605913, 45.224554813363376 ], [ 33.002135086705465, 45.204563684240817 ], [ 33.034354083028134, 45.188520741592434 ], [ 33.037825693837711, 45.180948429286914 ], [ 33.04664942569017, 45.174603355027038 ], [ 33.049742179465525, 45.165271056309336 ], [ 33.068736293701875, 45.14703329799962 ], [ 33.100902500070433, 45.130976674236315 ], [ 33.147367517782101, 45.122368338018155 ], [ 33.168419250927485, 45.102091083400602 ], [ 33.177974776382136, 45.099256725252495 ], [ 33.179698972655217, 45.095469693771918 ], [ 33.204732879196499, 45.081954961761149 ], [ 33.221349165315402, 45.07655020907773 ], [ 33.253234124683622, 45.07128041244286 ], [ 33.286259063250796, 45.071277189170281 ], [ 33.329029021981974, 45.080996780080795 ], [ 33.352342870793422, 45.094639367716994 ], [ 33.374677813615236, 45.092183078986253 ], [ 33.414217281626286, 45.09862470277848 ], [ 33.438953163334801, 45.072487496422504 ], [ 33.450577568001663, 45.067600060360789 ], [ 33.474896126141523, 45.039701143475241 ], [ 33.481942594264034, 45.03711861413845 ], [ 33.481465723181955, 45.011969716835992 ], [ 33.488269761165128, 44.996812972218692 ], [ 33.492834331822372, 44.994505548959793 ], [ 33.489644802471915, 44.9570584661151 ], [ 33.501152454319787, 44.928778381142756 ], [ 33.507409653973028, 44.922682084755365 ], [ 33.502613334616939, 44.9124157543365 ], [ 33.502913688988251, 44.890782467699097 ], [ 33.480436738491804, 44.880681104667076 ], [ 33.461368440518562, 44.862997550113079 ], [ 33.447800569112438, 44.835702322914706 ], [ 33.447579722803184, 44.823127506311799 ], [ 33.43825212339901, 44.815160711745612 ], [ 33.428328749317856, 44.792860169678626 ], [ 33.429771511612074, 44.753104418510524 ], [ 33.438273660745651, 44.734165943930748 ], [ 33.44660355993291, 44.726044706045514 ], [ 33.448470330855478, 44.711439842342017 ], [ 33.442180472938304, 44.694138830189402 ], [ 33.436870601406454, 44.6929267534384 ], [ 33.430033155421441, 44.68468444534787 ], [ 33.382260329025918, 44.673759494514343 ], [ 33.35060819774916, 44.655644907234695 ], [ 33.330909744143888, 44.634411374627746 ], [ 33.329775278370626, 44.629136824405307 ], [ 33.318415557156456, 44.623183381548436 ], [ 33.294773766473028, 44.595177299005861 ], [ 33.288549167555857, 44.577861712438541 ], [ 33.289912048134795, 44.548919576297081 ], [ 33.302235371091264, 44.524177949941901 ], [ 33.320968103286141, 44.505931197923218 ], [ 33.345731689704849, 44.49241786256038 ], [ 33.376904051023594, 44.485391594471459 ], [ 33.385403595773376, 44.466460794868631 ], [ 33.40409183494706, 44.44820529548609 ], [ 33.428809773887593, 44.434678586432973 ], [ 33.469366761384592, 44.42478868478112 ], [ 33.502003520650419, 44.424762084880705 ], [ 33.515405477871155, 44.428668763170222 ], [ 33.537089743837299, 44.424452473108595 ], [ 33.579909519407153, 44.42506546994143 ], [ 33.589865896103696, 44.41315391789049 ], [ 33.596834185532835, 44.410573555521879 ], [ 33.605785076235378, 44.382578963635105 ], [ 33.62230871099942, 44.366329133156434 ], [ 33.625287969192946, 44.356997696592906 ], [ 33.643862995703543, 44.338715038256616 ], [ 33.68199372046228, 44.318223715954844 ], [ 33.713014398899119, 44.311119065955346 ], [ 33.740681074229926, 44.31158316936834 ], [ 33.782239039990792, 44.306861681804371 ], [ 33.83422892373774, 44.315326850432157 ], [ 33.861787477591037, 44.326568222005974 ], [ 33.883785022521657, 44.324046452229865 ], [ 33.89932803670721, 44.315064773412253 ], [ 33.930306682095704, 44.307902894900558 ], [ 33.967731711781589, 44.307184849314289 ], [ 34.001844515045903, 44.31403470523999 ], [ 34.010354501994442, 44.318446542430017 ], [ 34.02784621053258, 44.318217021283736 ], [ 34.054246099453231, 44.324146097677648 ], [ 34.071276923226449, 44.332959695497344 ], [ 34.09484644547598, 44.337409248220389 ], [ 34.106205940422313, 44.343280421820815 ], [ 34.133869198337287, 44.343644667770384 ], [ 34.16312829823849, 44.351011964578802 ], [ 34.225679158490458, 44.383241305555444 ], [ 34.245566921924834, 44.40428686635439 ], [ 34.252038569571049, 44.421516704023723 ], [ 34.273207100782948, 44.426211415290879 ], [ 34.313093568376964, 44.446676215399989 ], [ 34.313903946088445, 44.450178962931602 ], [ 34.353820414365387, 44.470625614354589 ], [ 34.366858913448539, 44.483468216812504 ], [ 34.371749497339088, 44.493682304733483 ], [ 34.38316575104389, 44.49951841705721 ], [ 34.401514850799792, 44.502725311296672 ], [ 34.436193264478518, 44.521968944299282 ], [ 34.443547598980544, 44.531884805568701 ], [ 34.454978096737335, 44.537711835372789 ], [ 34.471737350164091, 44.555494787684403 ], [ 34.485284437321511, 44.59165872506955 ], [ 34.494695133359706, 44.599524570677261 ], [ 34.504964838346517, 44.621683967019138 ], [ 34.517248149546191, 44.631001632206626 ], [ 34.529571464547658, 44.651111805292111 ], [ 34.555369003976196, 44.66419242268703 ], [ 34.589734452985269, 44.6708287758861 ], [ 34.63073747865986, 44.69464535746107 ], [ 34.649156851306259, 44.69780237054092 ], [ 34.675419273421298, 44.712598236997678 ], [ 34.700781392010093, 44.713098823713374 ], [ 34.730280525866611, 44.720285995170755 ], [ 34.767649697169567, 44.739097488057276 ], [ 34.774247418473749, 44.745485980060955 ], [ 34.790991199568921, 44.741625267478454 ], [ 34.823717268786083, 44.741189861977553 ], [ 34.852814233936122, 44.746593492364816 ], [ 34.864325548315421, 44.752368496822562 ], [ 34.890868155480952, 44.747278337083223 ], [ 34.923589780065456, 44.74681315706674 ], [ 34.952693173033566, 44.752189093220402 ], [ 34.969545177331646, 44.759087051677739 ], [ 34.991603947634424, 44.756331555408266 ], [ 35.009619658746104, 44.757677759740496 ], [ 35.026047223037544, 44.762820058626779 ], [ 35.045651604852708, 44.760361071551365 ], [ 35.063667834436735, 44.76169817868491 ], [ 35.093217127613741, 44.768780279412042 ], [ 35.108070186856082, 44.777708590334377 ], [ 35.140357515779641, 44.775432263615578 ], [ 35.183040995871764, 44.784428990869294 ], [ 35.215234281336613, 44.801943190899451 ], [ 35.235631023875385, 44.822750548952946 ], [ 35.242029614733532, 44.838137379028637 ], [ 35.25271379343863, 44.84037656256848 ], [ 35.278735735582089, 44.853258665651929 ], [ 35.298294428354744, 44.870561873404554 ], [ 35.303835207768969, 44.882454990163851 ], [ 35.312959896851794, 44.88848838530528 ], [ 35.339054786949021, 44.881544147852132 ], [ 35.379617887881338, 44.881734787882294 ], [ 35.409253520482309, 44.888720229112039 ], [ 35.435327740579062, 44.901558586643112 ], [ 35.458741145584419, 44.923736936525074 ], [ 35.469458681323161, 44.945754908531995 ], [ 35.469241875545002, 44.954785074615685 ], [ 35.483751124551176, 44.961907714488646 ], [ 35.505206612439459, 44.986131751297727 ], [ 35.513053960457675, 45.006718912902954 ], [ 35.512882192840934, 45.035550052581996 ], [ 35.53524127573057, 45.043447259194423 ], [ 35.540155363432945, 45.042807882696216 ], [ 35.566333026775055, 45.055603583112415 ], [ 35.576871062864527, 45.066833593901784 ], [ 35.584243744395671, 45.065871377404449 ], [ 35.597175846152801, 45.056979794521197 ], [ 35.613466847647175, 45.051248592398288 ], [ 35.662589493593586, 45.044811113058984 ], [ 35.680689060290419, 45.04603476078497 ], [ 35.710435017138423, 45.05292446817576 ], [ 35.73664733427951, 45.065674479012692 ], [ 35.760708620681079, 45.089507105767758 ], [ 35.775150504189433, 45.076792570521327 ], [ 35.799865332962476, 45.064515565142472 ], [ 35.830856800515249, 45.056801298297017 ], [ 35.855858772587609, 45.055277443603657 ], [ 35.873958220329428, 45.056468489951165 ], [ 35.89543541243772, 45.060807189266491 ], [ 35.898813510879528, 45.063957758123081 ], [ 35.925340506272562, 45.058612589621639 ], [ 35.96598073498545, 45.058571809168996 ], [ 36.00112089612832, 45.066458254069005 ], [ 36.027389918025037, 45.07913018247379 ], [ 36.034162252381726, 45.085420984378466 ], [ 36.057757794978464, 45.078636976379023 ], [ 36.082750333343384, 45.0770612851449 ], [ 36.10085253754449, 45.078213641960737 ], [ 36.117440975055466, 45.08316979638991 ], [ 36.124797298455036, 45.082172438741402 ], [ 36.130380091861547, 45.06520778887387 ], [ 36.154623737878687, 45.042107305931268 ], [ 36.188545632894261, 45.026687531077997 ], [ 36.227723107016445, 45.021343803228255 ], [ 36.239581236529702, 45.00891907481067 ], [ 36.264140632955971, 44.99655548992655 ], [ 36.294998970120943, 44.988724290068212 ], [ 36.322376959511274, 44.986764773330563 ], [ 36.340444199756995, 44.98788089829425 ], [ 36.370193485345084, 44.994586315481541 ], [ 36.402807027722311, 45.011692300031726 ], [ 36.421239512292139, 45.032553303228106 ], [ 36.437351466789003, 45.035724636407963 ], [ 36.466602917926899, 45.049676286408854 ], [ 36.518204923012171, 45.098328948136633 ], [ 36.529366697734602, 45.120186639514664 ], [ 36.532188267338562, 45.148610438261123 ], [ 36.523761854998007, 45.173199813878163 ], [ 36.509980520153256, 45.187727718954115 ], [ 36.529942665320583, 45.222771952405672 ], [ 36.531814327433736, 45.247728918952077 ], [ 36.544540755196159, 45.256761516609899 ], [ 36.553332530131293, 45.269944954968416 ], [ 36.58621757239851, 45.268950516440263 ], [ 36.593581267021719, 45.267919708224767 ], [ 36.595062295424121, 45.264109587034049 ], [ 36.590197706657598, 45.24677722443969 ], [ 36.562289018482787, 45.229064833891059 ], [ 36.561318927538984, 45.225597823861236 ], [ 36.555927873972365, 45.224549643029739 ], [ 36.53539887686096, 45.205799941550595 ], [ 36.530044261350213, 45.195739369619275 ], [ 36.540056309959894, 45.140308576021752 ], [ 36.554404673009074, 45.100483559810982 ], [ 36.552956822741557, 45.095282723816482 ], [ 36.558368674946649, 45.087322857150916 ], [ 36.556921128674261, 45.082122109765194 ], [ 36.562331558653362, 45.074162338817203 ], [ 36.560884316499646, 45.068961680037951 ], [ 36.566293325673726, 45.061002005048607 ], [ 36.56484638776201, 45.055801434873487 ], [ 36.60970220333229, 44.943274493646634 ], [ 36.60825726907737, 44.938074919544313 ], [ 36.584443401640364, 44.916200783116793 ], [ 36.579083806913424, 44.915150050926066 ], [ 36.565486058819523, 44.902646385505378 ], [ 36.554290675088758, 44.898808701731689 ], [ 36.553332163704546, 44.895341360684732 ], [ 36.487200814655523, 44.866744335784965 ], [ 36.427840141229773, 44.85337450040295 ], [ 36.388885478649208, 44.849758971890402 ], [ 36.366459080500334, 44.851053247308045 ], [ 36.307684584844488, 44.83033447598558 ], [ 36.241533731213629, 44.819594533554358 ], [ 36.170877202230571, 44.820228933020218 ], [ 36.101017537068543, 44.833311003624907 ], [ 36.053017828392555, 44.814594261938602 ], [ 36.004911060144416, 44.804872283283295 ], [ 35.953311277030359, 44.800997743081886 ], [ 35.923544661470387, 44.803182183359816 ], [ 35.883241764438438, 44.794162088982553 ], [ 35.821874011286205, 44.791526280227252 ], [ 35.757884148977283, 44.798202921920343 ], [ 35.712795058431027, 44.809553595716203 ], [ 35.671484312178777, 44.825789731909779 ], [ 35.631949545098905, 44.848978489977796 ], [ 35.62390085832611, 44.837430632894126 ], [ 35.611411769190838, 44.82826346425955 ], [ 35.610062589227454, 44.823039227350257 ], [ 35.604719259614107, 44.82193771365661 ], [ 35.597130046463597, 44.812128345555912 ], [ 35.591787911849252, 44.811026050478517 ], [ 35.578413406027721, 44.798370621735437 ], [ 35.570178523871867, 44.795844541028778 ], [ 35.569282526043125, 44.792361047541114 ], [ 35.50609362809805, 44.762779789354127 ], [ 35.438733643061717, 44.746301794281464 ], [ 35.410502906243266, 44.744544912321857 ], [ 35.396063596030579, 44.737405246631013 ], [ 35.390084603833451, 44.723774865126835 ], [ 35.373008144875662, 44.706171766257427 ], [ 35.371686149329776, 44.700941788980337 ], [ 35.342211330921323, 44.674127813655268 ], [ 35.318714438493664, 44.660940267339249 ], [ 35.317837711029895, 44.657452746190174 ], [ 35.274631572229673, 44.635978684939722 ], [ 35.269746131305268, 44.636602205518997 ], [ 35.223259635850219, 44.611926950935633 ], [ 35.218375098523794, 44.612548011791006 ], [ 35.209310489325617, 44.606500770479357 ], [ 35.204426105165616, 44.607121175655635 ], [ 35.18185266159194, 44.597387018796567 ], [ 35.134001718626827, 44.587245215575635 ], [ 35.102969590817288, 44.583962277449757 ], [ 35.04751159913441, 44.583739427730826 ], [ 34.977077176273795, 44.59435794522188 ], [ 34.928296818813259, 44.611237043153551 ], [ 34.880877618637577, 44.602728659543658 ], [ 34.832714001226861, 44.601490420982813 ], [ 34.808252469649055, 44.60450953677104 ], [ 34.780415832207723, 44.593540580147696 ], [ 34.738331972591716, 44.586112776247205 ], [ 34.72973402001454, 44.581767937876933 ], [ 34.728894969262747, 44.578271387947353 ], [ 34.717852897317727, 44.574225187850566 ], [ 34.717014779110563, 44.570728456010464 ], [ 34.676919617856512, 44.550435740842971 ], [ 34.666303087741944, 44.54813207311485 ], [ 34.647410884483364, 44.521641065217807 ], [ 34.627755893733458, 44.502438426922126 ], [ 34.622452710772997, 44.501283746001661 ], [ 34.613786290080469, 44.475343777019859 ], [ 34.590025947365071, 44.438638869956414 ], [ 34.541867364559906, 44.394084104474615 ], [ 34.484454548497048, 44.363218636130036 ], [ 34.479575212641308, 44.363805469923918 ], [ 34.473469477300235, 44.359141413078966 ], [ 34.457606681726766, 44.355648732363889 ], [ 34.441739290663151, 44.341358263890186 ], [ 34.401493498557308, 44.319186289155681 ], [ 34.396616123874111, 44.319769123934279 ], [ 34.384833517675666, 44.31217974699809 ], [ 34.379956385287969, 44.312761798091529 ], [ 34.373863919263307, 44.308090729344876 ], [ 34.368986903137603, 44.308672269890081 ], [ 34.352333133400442, 44.301660039762666 ], [ 34.345032037873025, 44.291733503258087 ], [ 34.339752028096221, 44.290562415219327 ], [ 34.335699501686634, 44.28384737027082 ], [ 34.330420344095657, 44.282675732683053 ], [ 34.317445111963103, 44.26982329695489 ], [ 34.306487594797701, 44.265726148414977 ], [ 34.305682850428539, 44.262223182103369 ], [ 34.265941857100195, 44.241741460607059 ], [ 34.261068150436699, 44.242317713615492 ], [ 34.25215549790061, 44.23617421612083 ], [ 34.247281974148883, 44.236749823960274 ], [ 34.219716837222215, 44.225607994331988 ], [ 34.151982359758478, 44.213777248811645 ], [ 34.091907186157869, 44.21360504414492 ], [ 34.048176264208344, 44.197107694988006 ], [ 34.003599771649071, 44.18788728245881 ], [ 33.960206715532941, 44.183909323447679 ], [ 33.927736505758617, 44.18405432457569 ], [ 33.852535946866148, 44.194485447839106 ], [ 33.836351716707242, 44.189139856122083 ], [ 33.797832995106944, 44.184539740959025 ], [ 33.755208737053756, 44.183990439248269 ], [ 33.691770851544319, 44.191174887302708 ], [ 33.620449813641066, 44.208203709565709 ], [ 33.580835682866137, 44.221641242052129 ], [ 33.565255297865434, 44.230580962382113 ], [ 33.536313367605025, 44.235612031461244 ], [ 33.489699524295119, 44.251596368955838 ], [ 33.453593986908103, 44.269995817617925 ], [ 33.451902180276562, 44.273781693600405 ], [ 33.433838896435503, 44.282977923832497 ], [ 33.430075329890244, 44.288791863356053 ], [ 33.425181452506251, 44.289332839077126 ], [ 33.421416670451684, 44.295146638615847 ], [ 33.39449484765472, 44.298117767022489 ], [ 33.34948154617301, 44.310267766665604 ], [ 33.324414546353921, 44.322014350107025 ], [ 33.317066559501832, 44.322819417455563 ], [ 33.278776269871415, 44.343200425533844 ], [ 33.274993252129541, 44.349011366093301 ], [ 33.270091456733901, 44.349546264192462 ], [ 33.25761926575975, 44.361702297409003 ], [ 33.252716088385924, 44.362236569566917 ], [ 33.22567303890667, 44.388571034715461 ], [ 33.226416765013212, 44.392088944179989 ], [ 33.21771904290167, 44.398432212034017 ], [ 33.218462547960634, 44.401950221474507 ], [ 33.206340732852851, 44.41586213299891 ], [ 33.196894626007648, 44.418686227020508 ], [ 33.195182750188543, 44.422470659326798 ], [ 33.18573487409639, 44.425293990190909 ], [ 33.181938100601251, 44.431103492729399 ], [ 33.170403389801706, 44.435950916447425 ], [ 33.136660284938152, 44.466588131914236 ], [ 33.137400687751573, 44.470107175982236 ], [ 33.126594042670717, 44.478470469093871 ], [ 33.127334146972181, 44.481989639069425 ], [ 33.11136760088376, 44.501704560287443 ], [ 33.106949399427137, 44.516576170245962 ], [ 33.102400248951909, 44.518865150748368 ], [ 33.103509835073503, 44.524144343682082 ], [ 33.097609390164322, 44.531977090675106 ], [ 33.092205501606145, 44.554152569394638 ], [ 33.090001649126833, 44.579583401044729 ], [ 33.102980144927322, 44.641174531159926 ], [ 33.12311794153306, 44.676799270571436 ], [ 33.128795300609056, 44.679786663198918 ], [ 33.129913524233494, 44.685065186116518 ], [ 33.152780316581747, 44.709592751519075 ], [ 33.158088561587881, 44.710818837792083 ], [ 33.177011579376568, 44.728568958436746 ], [ 33.188007697562846, 44.732777178623884 ], [ 33.188758114890362, 44.736295379807437 ], [ 33.231422445264649, 44.758660038944257 ], [ 33.23635943404495, 44.758122957816717 ], [ 33.244896374701405, 44.762593106443923 ], [ 33.241231712005309, 44.804387986238524 ], [ 33.251821718051012, 44.853631158257286 ], [ 33.259419189868026, 44.865402493616493 ], [ 33.270241912853152, 44.903820695025196 ], [ 33.28622697643975, 44.930874852865585 ], [ 33.295939510942787, 44.940613151769931 ], [ 33.272895701276823, 44.93953071973857 ], [ 33.191550865140066, 44.950178851754053 ], [ 33.160477389017132, 44.958942814408729 ], [ 33.139682966146118, 44.968389079785318 ], [ 33.129769218888953, 44.969458566751733 ], [ 33.086048904687665, 44.990364561676671 ], [ 33.061623774371107, 44.994785928926987 ], [ 33.01921531811751, 45.010124514038928 ], [ 32.966975301091864, 45.039093082496237 ], [ 32.947974055332097, 45.057312762166404 ], [ 32.915421914286156, 45.071564450077204 ], [ 32.913679446805723, 45.075349107562381 ], [ 32.904109844018336, 45.078161767516448 ], [ 32.90025191757298, 45.083970050783805 ], [ 32.888564868189576, 45.08880532324828 ], [ 32.85009709008942, 45.123463785586267 ], [ 32.850837007580324, 45.126986176592823 ], [ 32.84199440972931, 45.133317187629792 ], [ 32.832879034859708, 45.150477132748868 ], [ 32.729838421268163, 45.11985628013101 ], [ 32.722372219325777, 45.120633794701696 ], [ 32.71131997106842, 45.116383474548876 ], [ 32.679994689779839, 45.112436487854374 ], [ 32.641568567707679, 45.111014890189345 ], [ 32.564390608096026, 45.118965285127331 ], [ 32.511397411147698, 45.133393300935673 ], [ 32.488278308154086, 45.144753623829438 ], [ 32.450537743549063, 45.146795298400477 ], [ 32.382518653255289, 45.162686971035903 ], [ 32.324065123957872, 45.188376543517663 ], [ 32.322278795481303, 45.192156243546997 ], [ 32.303730049184161, 45.201218440117323 ], [ 32.299799816729504, 45.207012899579439 ], [ 32.294807147583363, 45.207513284852993 ], [ 32.256217886915927, 45.243775822387761 ], [ 32.25692416641764, 45.247305623970334 ], [ 32.250134664435876, 45.251583708176383 ], [ 32.250840759230762, 45.255113579673043 ], [ 32.238316398127061, 45.268964007809849 ], [ 32.237228242880619, 45.276273209143469 ], [ 32.232581199606791, 45.278536488250573 ], [ 32.223959385394927, 45.299197316111716 ], [ 32.22357523755565, 45.31003681885322 ], [ 32.219277790458385, 45.314064970575501 ], [ 32.218508802607417, 45.335744218625074 ], [ 32.210615109604319, 45.347330811614668 ], [ 32.211674155325461, 45.352626253263146 ], [ 32.203038000226222, 45.373287523310566 ], [ 32.200788361969344, 45.413117299967489 ], [ 32.20751021204034, 45.446655444901388 ], [ 32.221771019620505, 45.479443760831792 ], [ 32.239649042908958, 45.50466877801567 ], [ 32.248603172673427, 45.51097743503697 ], [ 32.249671838647153, 45.516272028086526 ], [ 32.264720671696374, 45.527372430182858 ], [ 32.270088100618928, 45.541239462482444 ], [ 32.288011946709965, 45.566453118204684 ], [ 32.310621086563437, 45.589393869935797 ], [ 32.316006485022093, 45.590653953073435 ], [ 32.328936356721492, 45.603759397187325 ], [ 32.337197167301419, 45.606529994061404 ], [ 32.337917511376354, 45.610058575442331 ], [ 32.354803339258218, 45.6173616893823 ], [ 32.355525059813928, 45.620890046209823 ], [ 32.420236930751216, 45.648563174166327 ], [ 32.479204979487037, 45.660578839679971 ], [ 32.491823768909882, 45.671897109240639 ], [ 32.537939224242038, 45.695995355889735 ], [ 32.542970862885404, 45.695480082918777 ], [ 32.551990151505549, 45.701758484068023 ], [ 32.557022054586227, 45.70124254209852 ], [ 32.576845885653867, 45.71001167361031 ], [ 32.587279438439097, 45.710739938842707 ], [ 32.612589169019117, 45.733344059071051 ], [ 32.632803702355311, 45.743863875317551 ], [ 32.633546119860782, 45.747388669635576 ], [ 32.676518441293545, 45.768153766933878 ], [ 32.681554057376651, 45.76763175771363 ], [ 32.687709197858361, 45.772395671117806 ], [ 32.703937505178686, 45.776113225947263 ], [ 32.723913269428259, 45.797446405099009 ], [ 32.732219307574773, 45.800183294413962 ], [ 32.739133176771333, 45.808467099086933 ], [ 32.771357939528407, 45.826714325313084 ], [ 32.705836140667451, 45.833541704204499 ], [ 32.669518658716434, 45.844512401393715 ], [ 32.590597686021013, 45.849055987968008 ], [ 32.541254559666172, 45.859522085198286 ], [ 32.531900545507703, 45.86408111253467 ], [ 32.493307757688228, 45.864421149444659 ], [ 32.435616920581666, 45.872088805182756 ], [ 32.391627860904386, 45.883744979610505 ], [ 32.380094386039708, 45.890311943763962 ], [ 32.359520646676621, 45.890585610020096 ], [ 32.294914898772468, 45.902477028486274 ], [ 32.288057424605071, 45.906765108282521 ], [ 32.256280205871839, 45.915343192002645 ], [ 32.251946328398361, 45.919377140547553 ], [ 32.191612729954592, 45.927179810360769 ], [ 32.164505237235439, 45.933467141297875 ], [ 32.147870124117333, 45.940514301972499 ], [ 32.059643116978599, 45.950996824248769 ], [ 32.027793771582708, 45.959515687113168 ], [ 32.001706964923237, 45.971065229731309 ], [ 31.929291538457029, 45.983502057926593 ], [ 31.893380119891315, 45.997777235611117 ], [ 31.865141343443064, 45.998697519908539 ], [ 31.822731775007522, 46.006371802588447 ], [ 31.81074756196703, 46.01112117967957 ], [ 31.729218009575369, 46.017095449246028 ], [ 31.687455925919945, 46.028257419445723 ], [ 31.613832030599255, 46.035198671944634 ], [ 31.566945420342044, 46.046796162815724 ], [ 31.540703797337024, 46.058250468345783 ], [ 31.490557591587766, 46.06651805623693 ], [ 31.4417425653889, 46.081842446999964 ], [ 31.403745528996684, 46.099751346830665 ], [ 31.401874631810248, 46.10352483255474 ], [ 31.382864719962619, 46.112475078831423 ], [ 31.376574052549817, 46.120255303475119 ], [ 31.371483829197043, 46.120722404053588 ], [ 31.343083927496899, 46.148533466969518 ], [ 31.337990552942436, 46.14899929448827 ], [ 31.333901824624846, 46.154775082580642 ], [ 31.321835555699138, 46.159478583296668 ], [ 31.313317979206076, 46.169259166281819 ], [ 31.308222208724903, 46.169723826960571 ], [ 31.28607835439793, 46.189747058020792 ], [ 31.286746106036052, 46.19328768538297 ], [ 31.277550050531516, 46.199525876425611 ], [ 31.278217482051883, 46.203066593525669 ], [ 31.26303535245297, 46.218850925319686 ], [ 31.261818487796834, 46.226164135917934 ], [ 31.257049966331405, 46.228397404537752 ], [ 31.249510892694495, 46.243486503328732 ], [ 31.238641899743371, 46.282286016769682 ], [ 31.240539326965568, 46.319929898379222 ], [ 31.233320814642909, 46.336790001119773 ], [ 31.230659670808659, 46.36404233894941 ], [ 31.238017260937966, 46.402994358200367 ], [ 31.158663075943704, 46.410146835512144 ], [ 31.149654062263405, 46.403752106035988 ], [ 31.144533856703237, 46.404211242045186 ], [ 31.118843987490834, 46.392105152069419 ], [ 31.045449150671033, 46.375234092644597 ], [ 31.02723174890227, 46.304821570330908 ], [ 31.00151410940402, 46.263881589051799 ], [ 30.967247091443948, 46.232692996496716 ], [ 30.958184573418325, 46.183074244821995 ], [ 30.931945144215398, 46.13856581009378 ], [ 30.885371589586555, 46.095830418329747 ], [ 30.839189155266151, 46.069246938002287 ], [ 30.828365331998157, 46.066586527186537 ], [ 30.801335396896455, 46.031121258878109 ], [ 30.795927925860358, 46.029789011920585 ], [ 30.792117646969228, 46.022917032140136 ], [ 30.786711172714696, 46.021584262529274 ], [ 30.774006046819025, 46.008278861626025 ], [ 30.765741578950902, 46.005391468735532 ], [ 30.765111454514624, 46.001845020225581 ], [ 30.719379592783618, 45.976975223063221 ], [ 30.714292173666184, 45.977411982318898 ], [ 30.705409437449514, 45.970972505988001 ], [ 30.667304862561178, 45.959830472822887 ], [ 30.661960391374535, 45.944083622238878 ], [ 30.640807352450533, 45.911680887819166 ], [ 30.600667355122145, 45.873685472870015 ], [ 30.571885328878817, 45.856319807314343 ], [ 30.560584706023505, 45.835671574398305 ], [ 30.531928678810441, 45.803883419273845 ], [ 30.526548928079759, 45.802536047449131 ], [ 30.513961167954673, 45.789192821638508 ], [ 30.505742089508392, 45.786282829286023 ], [ 30.505133254169813, 45.782733507955285 ], [ 30.485554942526207, 45.773574379058346 ], [ 30.474610224214995, 45.754688640931043 ], [ 30.44635153132732, 45.724646741141349 ], [ 30.426201110253306, 45.711924919710626 ], [ 30.425598886367048, 45.708374729521516 ], [ 30.411727678739236, 45.702328076276181 ], [ 30.411126572346294, 45.698777731152255 ], [ 30.368935174833457, 45.677074916797785 ], [ 30.34464911226684, 45.670081239184697 ], [ 30.332137191904732, 45.656712165803455 ], [ 30.309505361868879, 45.644174255527403 ], [ 30.308911930678725, 45.640622828526602 ], [ 30.280638262952305, 45.624942668175549 ], [ 30.261740762447534, 45.619289513726407 ], [ 30.248966302524256, 45.604132853869281 ], [ 30.228903768662139, 45.591369084314472 ], [ 30.228316512712258, 45.587816807916937 ], [ 30.217317892636828, 45.583312360555176 ], [ 30.216731532251263, 45.579759962351211 ], [ 30.171882290100019, 45.556400358140635 ], [ 30.166824920556813, 45.5568098185351 ], [ 30.160893992684201, 45.55188959615483 ], [ 30.125990723736056, 45.542107146029707 ], [ 30.117536660837477, 45.53738793263188 ], [ 30.116957522036518, 45.533834505916566 ], [ 30.105977584400936, 45.529317725107418 ], [ 30.105399336318058, 45.525764178238084 ], [ 30.074423321731185, 45.508449961927298 ], [ 30.066553896309781, 45.507280129359323 ], [ 30.074583805425281, 45.477837173329355 ], [ 30.072735928337266, 45.434785727539229 ], [ 30.118524762286697, 45.449108274945978 ], [ 30.165697917436738, 45.456100156145922 ], [ 30.212004542458679, 45.457742623105148 ], [ 30.282370743526467, 45.450195909958531 ], [ 30.343369989250267, 45.432578098689291 ], [ 30.381342719345277, 45.415037524638109 ], [ 30.392461787233888, 45.405115463267265 ], [ 30.404468517334813, 45.400518534680778 ], [ 30.410838911876322, 45.392789089051384 ], [ 30.415878112011637, 45.39236999845896 ], [ 30.440311832266268, 45.370534822600867 ], [ 30.43971584831997, 45.366984566873924 ], [ 30.457473400616511, 45.351102255280473 ], [ 30.458797321243583, 45.343791720752243 ], [ 30.467671228140745, 45.335849829052492 ], [ 30.481103377955353, 45.309525845556578 ], [ 30.491239482536002, 45.263677594108749 ], [ 30.480808993296783, 45.201554974766182 ], [ 30.462317865076145, 45.167104937078506 ], [ 30.456706407141564, 45.163974251542278 ], [ 30.452419808816924, 45.153533159648489 ], [ 30.433820383408346, 45.13348682870933 ], [ 30.428509095873753, 45.132129595712371 ], [ 30.416118692264643, 45.118762384686782 ], [ 30.408007247806765, 45.115837280175136 ], [ 30.407418533273844, 45.112286534190019 ], [ 30.390905328925342, 45.10465874083409 ], [ 30.390317903860666, 45.101107812205441 ], [ 30.327109608460081, 45.072137552978624 ], [ 30.274084288755223, 45.058496181314766 ], [ 30.264060524697413, 45.059316920592515 ], [ 30.240351020756183, 45.054055446642415 ], [ 30.184353416933046, 45.053212562216885 ], [ 30.126986689238322, 45.059651039522798 ], [ 30.105276181297711, 45.066798221865596 ], [ 30.092738616764773, 45.067805627709426 ], [ 30.021165730832497, 45.096926912956405 ], [ 30.010028043856281, 45.106812512720225 ], [ 29.998041582186271, 45.111365020678335 ], [ 29.989126257747472, 45.11927216684856 ], [ 29.989689151774723, 45.122827116006256 ], [ 29.976029845323474, 45.132909466968734 ], [ 29.976592193133403, 45.136464536345322 ], [ 29.969619879627427, 45.140616514811242 ], [ 29.970181980069505, 45.144171642320302 ], [ 29.957075806220796, 45.157807549896205 ], [ 29.953735184528721, 45.16887063047534 ], [ 29.788097742147041, 45.183640103176899 ], [ 29.811810501039908, 45.205196249861018 ], [ 29.823791878498458, 45.233061282811377 ], [ 29.823197419291464, 45.261905249336955 ], [ 29.809452960854149, 45.288172809714524 ], [ 29.782263852583945, 45.310081961486723 ], [ 29.746109607030672, 45.323677390504749 ], [ 29.698201422580514, 45.327364529007156 ], [ 29.661255478227286, 45.319394705684864 ], [ 29.661801796789184, 45.32295269593525 ], [ 29.669640439436041, 45.324153248289484 ], [ 29.700671755217495, 45.343373825644747 ], [ 29.716309898604813, 45.361970970391049 ], [ 29.724938752700133, 45.384705675744371 ], [ 29.72572461412938, 45.406244061934331 ], [ 29.72118419615628, 45.426392612941129 ], [ 29.702306628488611, 45.453042558899128 ], [ 29.718851079712781, 45.460770726794152 ], [ 29.749116522497776, 45.490837380383141 ], [ 29.761428241785104, 45.520485566315848 ], [ 29.758289365756539, 45.549527696276968 ], [ 29.746160250859567, 45.570264086264636 ], [ 29.732633222109165, 45.582106985414342 ], [ 29.768369904394756, 45.581147982335118 ], [ 29.777662165533943, 45.575028739829364 ], [ 29.79482771608772, 45.570098012289932 ], [ 29.842929258080041, 45.56635488841566 ], [ 29.882592311217937, 45.57405282491483 ], [ 29.927068475176682, 45.595757771085239 ], [ 29.948496476956159, 45.617467876655539 ], [ 29.96094924806707, 45.647084444272551 ], [ 29.957918186156231, 45.676125023183047 ], [ 29.945846232587627, 45.696879464112726 ], [ 29.934304733602605, 45.704990313043766 ], [ 29.93487576089106, 45.70854543652834 ], [ 29.946167913048253, 45.714854814985024 ], [ 29.961719407132129, 45.731626816528816 ], [ 29.969951629026941, 45.750776499304614 ], [ 29.982406792461752, 45.764190704546579 ], [ 29.996543643355761, 45.772069748318252 ], [ 30.030650000666082, 45.760356044385816 ], [ 30.083960062798294, 45.75609432917846 ], [ 30.088454832983167, 45.752133595030045 ], [ 30.10563796469479, 45.747153552957144 ], [ 30.130721781336028, 45.743334441898803 ], [ 30.164291676768148, 45.744223828042394 ], [ 30.210071418929449, 45.756711946565467 ], [ 30.241234789446722, 45.773975295571411 ], [ 30.257185448776998, 45.792474567864033 ], [ 30.284058414892389, 45.79927578992217 ], [ 30.31242983074511, 45.814948354350051 ], [ 30.340374970277104, 45.843250530666545 ], [ 30.345015140344753, 45.855469284125519 ], [ 30.35009693380518, 45.855049830110254 ], [ 30.375673145250985, 45.869137347539322 ], [ 30.406827567270071, 45.900758478676067 ], [ 30.419302651517292, 45.928525864801941 ], [ 30.419184823135531, 45.942937947832498 ], [ 30.424273512076876, 45.942514575917031 ], [ 30.449910334642929, 45.956580777009798 ], [ 30.456523347760278, 45.965030258166948 ], [ 30.473625506129189, 45.974402652678094 ], [ 30.47739314160123, 45.98128866902568 ], [ 30.507233522805556, 45.989589163961185 ], [ 30.547492434852181, 46.013206895557758 ], [ 30.548108892046255, 46.016755633425646 ], [ 30.5620773633594, 46.022778295988616 ], [ 30.580762100335594, 46.041002909711317 ], [ 30.58547796419521, 46.053206476843762 ], [ 30.600701435127682, 46.066319815472021 ], [ 30.608284747544722, 46.080079801797389 ], [ 30.627997899359304, 46.089207688448376 ], [ 30.628621155564982, 46.092755535840048 ], [ 30.636893936624045, 46.095652543785214 ], [ 30.655630472190612, 46.113861000454726 ], [ 30.675906483345564, 46.155341044486114 ], [ 30.69660221759332, 46.169774808914838 ], [ 30.712517760853807, 46.18641556853941 ], [ 30.713464020851259, 46.191735906592072 ], [ 30.722387787111678, 46.198171990452245 ], [ 30.729708020724111, 46.210146772801465 ], [ 30.732238492086221, 46.224333507387094 ], [ 30.74085344461394, 46.228994253245716 ], [ 30.773078540850992, 46.26402877677863 ], [ 30.779456354137434, 46.285084980728108 ], [ 30.798631875204769, 46.305034176937227 ], [ 30.83029614211998, 46.322096052794535 ], [ 30.857197786262631, 46.355769799825204 ], [ 30.863624139294288, 46.376818030434478 ], [ 30.877742642666291, 46.397195269941996 ], [ 30.885802237440739, 46.427103671777424 ], [ 30.88488364454615, 46.450593143177045 ], [ 30.878809038279023, 46.460126892376095 ], [ 30.87659324128494, 46.476526741180834 ], [ 30.881724467991667, 46.47607907595058 ], [ 30.909978800811622, 46.488015805029768 ], [ 30.926025070815538, 46.490211806918772 ], [ 30.937592657302957, 46.496400214399166 ], [ 30.945290820627825, 46.49572430645236 ], [ 30.967453326154903, 46.502779326123786 ], [ 30.975151684361993, 46.502101337537212 ], [ 31.034891169611914, 46.514830035680099 ], [ 31.06062845060357, 46.526952310840635 ], [ 31.065761519636766, 46.526496014125748 ], [ 31.07768243695298, 46.53443961235633 ], [ 31.121978248603689, 46.5340891286694 ], [ 31.15734108791743, 46.541726502841037 ], [ 31.166042630535639, 46.546347936721048 ], [ 31.210894924619424, 46.535106709936315 ], [ 31.275366121276118, 46.531071935479183 ], [ 31.294334890080574, 46.534750579871456 ], [ 31.332128405626122, 46.527703853170507 ], [ 31.360675194298494, 46.526894196520153 ], [ 31.379305010881733, 46.528788439657205 ], [ 31.409900800605904, 46.53858393748316 ], [ 31.436227627515471, 46.539760135412493 ], [ 31.463929608050574, 46.548006900123632 ], [ 31.460652181851831, 46.517693162770151 ], [ 31.463374074779157, 46.504834552805931 ], [ 31.474967522033758, 46.483950755703496 ], [ 31.501913177342608, 46.461641167883521 ], [ 31.528346136291066, 46.450178435370141 ], [ 31.558707962868869, 46.445546344815448 ], [ 31.560229542288077, 46.440001349750503 ], [ 31.580137951976397, 46.42193146868982 ], [ 31.623039615579589, 46.401699623113778 ], [ 31.658125159773821, 46.394794978907839 ], [ 31.720497884171102, 46.394298989260186 ], [ 31.767092897069684, 46.406078322339745 ], [ 31.799432786855483, 46.424604719042264 ], [ 31.81248439633486, 46.43776506463697 ], [ 31.813545885025793, 46.443066679654784 ], [ 31.847203112566586, 46.429034367505622 ], [ 31.895751100409278, 46.424363053236966 ], [ 31.914347946914599, 46.426170161414269 ], [ 31.936215509954419, 46.431259781314637 ], [ 31.939485929004029, 46.434545347758963 ], [ 31.95006359451618, 46.435321653650902 ], [ 31.987587415538574, 46.453291622437398 ], [ 32.006882472101438, 46.47122586843772 ], [ 32.014519875060145, 46.48308963662906 ], [ 32.021382720327523, 46.516642997821123 ], [ 32.018796896723558, 46.529503767824167 ], [ 32.005581618517837, 46.554207921094132 ], [ 31.985788738899473, 46.572345361248459 ], [ 31.966741642206614, 46.581400621062329 ], [ 31.98316057193907, 46.597818422371788 ] ], [ [ 30.191937710051658, 45.335175700504585 ], [ 30.144290443012533, 45.324633988637238 ], [ 30.119035324739237, 45.310471222587609 ], [ 30.100772102765998, 45.292141368575003 ], [ 30.088641169488106, 45.264317236465175 ], [ 30.09132854608638, 45.233503557408682 ], [ 30.10327081443593, 45.212745650253432 ], [ 30.123316389948908, 45.194933706084882 ], [ 30.149234536567146, 45.182043414225795 ], [ 30.188561579593475, 45.173459288700442 ], [ 30.232122252955865, 45.175315240450921 ], [ 30.261487660742731, 45.183715945118955 ], [ 30.286711745505283, 45.197848377066897 ], [ 30.304995353191885, 45.216145671429061 ], [ 30.317215456893482, 45.243938831046968 ], [ 30.314653077091798, 45.274748165864928 ], [ 30.302782809353225, 45.295523397918984 ], [ 30.282768267909663, 45.313365676088388 ], [ 30.256829736148088, 45.326289094431367 ], [ 30.214895053312098, 45.335109638267468 ], [ 30.191937710051658, 45.335175700504585 ] ] ], [ [ [ 34.732441883344094, 45.98242680243245 ], [ 34.755164464774765, 45.959820432568684 ], [ 34.766810678440912, 45.954786772038496 ], [ 34.757390134362666, 45.93792588982371 ], [ 34.743240864930854, 45.943265483755987 ], [ 34.742634565595473, 45.961357605127972 ], [ 34.732441883344094, 45.98242680243245 ] ] ], [ [ [ 34.729934721524138, 45.982733961217988 ], [ 34.732882540301119, 45.984174629730724 ], [ 34.732441883344094, 45.98242680243245 ], [ 34.729934721524138, 45.982733961217988 ] ] ], [ [ [ 34.730815927767168, 45.98622964925039 ], [ 34.72786802755391, 45.984788931112234 ], [ 34.728308576829065, 45.986536791844458 ], [ 34.730815927767168, 45.98622964925039 ] ] ], [ [ [ 34.728308576829065, 45.986536791844458 ], [ 34.726241700949821, 45.98859175653125 ], [ 34.728749166820656, 45.988284648761692 ], [ 34.728308576829065, 45.986536791844458 ] ] ], [ [ [ 34.717532331131054, 45.995063480197906 ], [ 34.722988523454241, 45.996197424684539 ], [ 34.726241700949821, 45.98859175653125 ], [ 34.723734194364184, 45.98889881084898 ], [ 34.717532331131054, 45.995063480197906 ] ] ], [ [ [ 34.718413135140366, 45.998559345897071 ], [ 34.715464746380277, 45.997118329878745 ], [ 34.715905094468404, 45.99886627943507 ], [ 34.718413135140366, 45.998559345897071 ] ] ], [ [ [ 34.695969827879793, 46.012114896223657 ], [ 34.693021085336312, 46.010673293675502 ], [ 34.693460934397265, 46.012421406386657 ], [ 34.695969827879793, 46.012114896223657 ] ] ], [ [ [ 34.676152388875423, 46.036156651790598 ], [ 34.681483677505263, 46.026496806339125 ], [ 34.693460934397265, 46.012421406386657 ], [ 34.669687323178145, 46.020728436578857 ], [ 34.671131961816876, 46.036768993502207 ], [ 34.676152388875423, 46.036156651790598 ] ] ], [ [ [ 34.219387463953389, 46.179198879445551 ], [ 34.223147896494005, 46.173350500615335 ], [ 34.248309625567657, 46.159572980452509 ], [ 34.287341646035557, 46.149554088811101 ], [ 34.320951068158521, 46.149174042537766 ], [ 34.330166121999447, 46.144476227274311 ], [ 34.354920479394409, 46.139731395576007 ], [ 34.378015116833424, 46.138782495089167 ], [ 34.407441478612974, 46.142477962898496 ], [ 34.413616182792353, 46.125523027166992 ], [ 34.430718515286259, 46.11086405072772 ], [ 34.409645320017063, 46.098969868177768 ], [ 34.392317698637783, 46.081219433711588 ], [ 34.38168421050527, 46.059064959897221 ], [ 34.379461980825468, 46.039510731796639 ], [ 34.360642538557251, 46.047158432613685 ], [ 34.335929688308063, 46.051899911094381 ], [ 34.302381810302187, 46.052278140365118 ], [ 34.272580124529668, 46.046797956271988 ], [ 34.234772326743354, 46.029642346817752 ], [ 34.20071084171407, 45.995819204180307 ], [ 34.175602030616609, 46.009578674202416 ], [ 34.146273873550392, 46.016620053748653 ], [ 34.140017115146755, 46.033566961495872 ], [ 34.121174484960406, 46.051985166999089 ], [ 34.109434617825464, 46.056959693682629 ], [ 34.103163881189559, 46.073906404742985 ], [ 34.084296194167109, 46.092321334846474 ], [ 34.067926913956775, 46.099632309140361 ], [ 34.068769815501049, 46.103137576922528 ], [ 34.076328328394986, 46.102257757087706 ], [ 34.112037659040084, 46.110705903616143 ], [ 34.144837864696044, 46.128491837643054 ], [ 34.162110633605351, 46.146287875104171 ], [ 34.168884784066329, 46.163511540178213 ], [ 34.179429932871606, 46.174887028286577 ], [ 34.181987010902652, 46.185397874201207 ], [ 34.208874135928085, 46.178634386219642 ], [ 34.219387463953389, 46.179198879445551 ] ] ], [ [ [ 33.863606813012986, 46.166453306556384 ], [ 33.87287231348629, 46.161789004592592 ], [ 33.897695804305293, 46.1571409358396 ], [ 33.92082568617645, 46.156285288018864 ], [ 33.942267107577635, 46.159222608306258 ], [ 33.949012878428888, 46.144031866641207 ], [ 33.967945961787699, 46.125633031263582 ], [ 33.983920021838635, 46.116581276188953 ], [ 33.951574780662426, 46.111306763202208 ], [ 33.919254699560881, 46.095210221076997 ], [ 33.911692360464222, 46.0960795473204 ], [ 33.901168316278209, 46.106296452552208 ], [ 33.896516823594268, 46.119441723996196 ], [ 33.877558559965024, 46.137830640104966 ], [ 33.845136568449078, 46.154152726280572 ], [ 33.815258118995409, 46.159365258908359 ], [ 33.814351676179982, 46.177485057787941 ], [ 33.826149202111232, 46.17253606952243 ], [ 33.863606813012986, 46.166453306556384 ] ] ], [ [ [ 35.03742791175744, 46.182502594132551 ], [ 35.032855264043604, 46.184877827864184 ], [ 35.037881314035658, 46.184248059293758 ], [ 35.03742791175744, 46.182502594132551 ] ] ], [ [ [ 35.038334758267126, 46.18599352047142 ], [ 35.042907196214664, 46.183618076291602 ], [ 35.037881314035658, 46.184248059293758 ], [ 35.038334758267126, 46.18599352047142 ] ] ], [ [ [ 38.289359152428581, 47.041052555798963 ], [ 38.314568642954974, 47.013635558210993 ], [ 38.3134233717821, 47.010200786672257 ], [ 38.325622721964088, 46.999263613675474 ], [ 38.324477317034074, 46.995829040671779 ], [ 38.336671387177532, 46.984891454050818 ], [ 38.337462200786895, 46.979347927987703 ], [ 38.331871500598531, 46.97841456139021 ], [ 38.323991990990947, 46.970611715048875 ], [ 38.315321662237317, 46.968351612719296 ], [ 38.307446295679114, 46.960547124891129 ], [ 38.288969231462971, 46.952587694304263 ], [ 38.281100407869317, 46.944780598140049 ], [ 38.272435720690098, 46.942516370683677 ], [ 38.264571034657095, 46.934707636614981 ], [ 38.255908541693529, 46.9324418180328 ], [ 38.248047991080448, 46.924631447444263 ], [ 38.239387692081486, 46.922364038711173 ], [ 38.231531274746892, 46.914552032986677 ], [ 38.22287316945976, 46.912283035077373 ], [ 38.215020883261509, 46.904469395600067 ], [ 38.196576402519099, 46.896490431629246 ], [ 38.188730640626723, 46.888674196063874 ], [ 38.180078173524073, 46.886401087065742 ], [ 38.178946569477837, 46.882963733691632 ], [ 38.139831301235475, 46.860110685581574 ], [ 38.10555803064706, 46.859977903091121 ], [ 38.056500673699716, 46.854881489572577 ], [ 38.046472189103994, 46.856421248422876 ], [ 37.997417227717641, 46.851297314610683 ], [ 37.987386239991459, 46.852831805958402 ], [ 37.94641593843096, 46.848253728089674 ], [ 37.936382789436919, 46.849783672905119 ], [ 37.895414540363852, 46.845185733725572 ], [ 37.885379242817194, 46.846711130626453 ], [ 37.852495142927481, 46.84267384510396 ], [ 37.842458030607958, 46.844195415911308 ], [ 37.801493622429703, 46.83956091765662 ], [ 37.791454384978593, 46.841077938028171 ], [ 37.758574049198835, 46.837011238057357 ], [ 37.713693738819984, 46.836544677983539 ], [ 37.680816497865372, 46.83245364716042 ], [ 37.670772216460627, 46.833959903848438 ], [ 37.637896762663608, 46.829855441513061 ], [ 37.619768755299319, 46.830760325670624 ], [ 37.608954498141671, 46.821542692097658 ], [ 37.587008412011585, 46.810373881822301 ], [ 37.585917658510411, 46.806925652690005 ], [ 37.570637730234566, 46.800175924993205 ], [ 37.569548411099255, 46.796727396123288 ], [ 37.560927213407176, 46.794400506747778 ], [ 37.553185485808953, 46.786525986478871 ], [ 37.544566504271003, 46.784197535409149 ], [ 37.536828880109745, 46.776321426105746 ], [ 37.528212114402443, 46.773991414320676 ], [ 37.520478591469676, 46.766113717351985 ], [ 37.511864041267991, 46.763782145830248 ], [ 37.504134617354723, 46.755902862564668 ], [ 37.49552228233204, 46.753569732284724 ], [ 37.48779695522871, 46.745688864089985 ], [ 37.479186835056865, 46.74335417603011 ], [ 37.471465602553408, 46.735471724273118 ], [ 37.46285769690266, 46.733135479411395 ], [ 37.455140556788436, 46.725251445458284 ], [ 37.446534865327472, 46.722913644772653 ], [ 37.438821815391321, 46.715028029988822 ], [ 37.38613650839465, 46.697528600493712 ], [ 37.375565390528912, 46.697279708627235 ], [ 37.371983862240036, 46.694196725817719 ], [ 37.34977099719822, 46.690242511315361 ], [ 37.28581309822421, 46.686984799302572 ], [ 37.217511533328349, 46.695150500120477 ], [ 37.166898395141935, 46.709729515042319 ], [ 37.137014341053444, 46.697820431636956 ], [ 37.098150974328, 46.690811020666537 ], [ 37.072139666253548, 46.665692323229024 ], [ 37.066591309127034, 46.664688088703258 ], [ 37.052341725504206, 46.652305519039366 ], [ 37.040723399784184, 46.648565360266112 ], [ 37.039673560493839, 46.645107385920397 ], [ 37.025022671501539, 46.63999766361421 ], [ 37.015900787470372, 46.592588367460841 ], [ 37.00304419258935, 46.56737012334149 ], [ 36.978092511762831, 46.536669761944147 ], [ 36.95024072236285, 46.513597445767125 ], [ 36.925524997606352, 46.500895683787682 ], [ 36.924487860998035, 46.497435627259001 ], [ 36.888214100470371, 46.480964968317139 ], [ 36.883204275245198, 46.48167924604072 ], [ 36.873622730869911, 46.475828395048147 ], [ 36.868613013761909, 46.476541973393033 ], [ 36.847983200484514, 46.468653721751679 ], [ 36.814834835711743, 46.462538950402262 ], [ 36.766660651974817, 46.458540660334023 ], [ 36.73306354394208, 46.459680004193174 ], [ 36.680431102552717, 46.467095378504624 ], [ 36.641843666262361, 46.477926917197799 ], [ 36.613780675387567, 46.489075194782032 ], [ 36.60527063788971, 46.495677966880372 ], [ 36.597743315501113, 46.496730950524864 ], [ 36.591739524444655, 46.502982098536819 ], [ 36.56466555852144, 46.517586780328642 ], [ 36.548636125263471, 46.534253527564729 ], [ 36.541101394914527, 46.535303445464471 ], [ 36.52400474835234, 46.530468138173767 ], [ 36.499881202773068, 46.5284104941368 ], [ 36.479737065883882, 46.495130430599694 ], [ 36.453603552838402, 46.468089237353105 ], [ 36.448081346040873, 46.467050216617046 ], [ 36.443560925104634, 46.460461158116999 ], [ 36.438039628813421, 46.459421523295326 ], [ 36.423986233988138, 46.446935633466587 ], [ 36.412445722038655, 46.443119305736538 ], [ 36.411443202377967, 46.439650500106275 ], [ 36.358284622898807, 46.418121794392079 ], [ 36.332770179368673, 46.383756459957915 ], [ 36.292256377076001, 46.351443208936381 ], [ 36.220247877092866, 46.318005774540175 ], [ 36.215236692586906, 46.31868890758583 ], [ 36.194742620229675, 46.31066081903775 ], [ 36.134707605966923, 46.300783224954223 ], [ 36.072115114320212, 46.300233281164722 ], [ 36.016961407910728, 46.307662430392135 ], [ 35.966234339835843, 46.321682384665991 ], [ 35.948101441929673, 46.331322293451613 ], [ 35.940573129720988, 46.332329228127577 ], [ 35.889122040029207, 46.362636917612043 ], [ 35.848046125160472, 46.402360911408934 ], [ 35.846980326917503, 46.407911972595848 ], [ 35.841952111882705, 46.408579716257982 ], [ 35.831033967002305, 46.39740676811936 ], [ 35.809585646568323, 46.385825358449374 ], [ 35.808623374616694, 46.382346634673034 ], [ 35.797127495631244, 46.378459614845816 ], [ 35.796166262181195, 46.37498068647794 ], [ 35.757739580014878, 46.35842326420866 ], [ 35.752713836727231, 46.359086542414232 ], [ 35.746251781141567, 46.354530001832636 ], [ 35.741226129191254, 46.355192732550265 ], [ 35.718255130704563, 46.347400990783903 ], [ 35.712877743193985, 46.337290925209089 ], [ 35.688143290015525, 46.313498970396012 ], [ 35.682644108051953, 46.312418306821691 ], [ 35.678229442205229, 46.30578637523314 ], [ 35.669744422370464, 46.303294117151239 ], [ 35.66234615918507, 46.295250169374206 ], [ 35.647892277219157, 46.289933082530894 ], [ 35.646943460366138, 46.286451715939506 ], [ 35.629035084286599, 46.277979035478118 ], [ 35.624013741702299, 46.278635782742079 ], [ 35.608621576009419, 46.269830812380064 ], [ 35.603600510556817, 46.270486574672773 ], [ 35.5806824773084, 46.262660242923822 ], [ 35.564042397218664, 46.239590334076667 ], [ 35.531425973538767, 46.214990143377186 ], [ 35.505594407436973, 46.176883656814546 ], [ 35.481499527300734, 46.154770463734692 ], [ 35.469606039396176, 46.149099642130246 ], [ 35.456670966220102, 46.120130508271416 ], [ 35.436704794379118, 46.093870852665518 ], [ 35.409249686177013, 46.068573343976666 ], [ 35.39098835221214, 46.058307929681682 ], [ 35.367852030995742, 46.019830239852169 ], [ 35.327250257808835, 45.983587454452071 ], [ 35.278993480154305, 45.957318766119982 ], [ 35.273993308559213, 45.957956719685129 ], [ 35.261708098469853, 45.950512979184367 ], [ 35.256708154891498, 45.951150103863363 ], [ 35.23647114323753, 45.942914382606332 ], [ 35.192831777107273, 45.934041290890917 ], [ 35.151014834244755, 45.932128179076159 ], [ 35.162389834169616, 45.916274061062701 ], [ 35.161483697978191, 45.912784873701654 ], [ 35.166029149521101, 45.910407761259286 ], [ 35.173085595407855, 45.887891650840736 ], [ 35.202156141379682, 45.860782081808537 ], [ 35.201249268833386, 45.857293473994716 ], [ 35.209873731717437, 45.850793147816233 ], [ 35.208966692344234, 45.847304653142885 ], [ 35.220764863218704, 45.833193168896926 ], [ 35.230289127891339, 45.810360759457708 ], [ 35.233235237625216, 45.791968371338157 ], [ 35.273560478916579, 45.768813603042915 ], [ 35.312700023980732, 45.731381878521731 ], [ 35.311790351084511, 45.727894905604266 ], [ 35.318348491695176, 45.723452236592593 ], [ 35.317438718741954, 45.719965346775929 ], [ 35.329186086722999, 45.705849367162905 ], [ 35.336165656321057, 45.683335331683658 ], [ 35.377280209671362, 45.66364436810818 ], [ 35.39397195046876, 45.648885875362105 ], [ 35.398941879144445, 45.648246002756359 ], [ 35.404570978450657, 45.640314661830125 ], [ 35.409539912697724, 45.639674420742907 ], [ 35.437460924762895, 45.609049165856256 ], [ 35.436547392595898, 45.605564068070699 ], [ 35.448243285589903, 45.591442517857892 ], [ 35.448897730782029, 45.584151921506262 ], [ 35.453403829270513, 45.581767935960528 ], [ 35.460326515606873, 45.559254953704347 ], [ 35.484212739104166, 45.552559559822299 ], [ 35.527193691920061, 45.530768429165569 ], [ 35.528755252599439, 45.526962571931733 ], [ 35.546743672019616, 45.517416890956618 ], [ 35.552340575959612, 45.509482544629769 ], [ 35.557294676687988, 45.508837308029499 ], [ 35.57297575735538, 45.490580838542492 ], [ 35.596219522496561, 45.539788633588614 ], [ 35.615527887300622, 45.564287331963264 ], [ 35.635947239449735, 45.58323309647372 ], [ 35.641368636329105, 45.58432436649715 ], [ 35.64569950311617, 45.590963087641853 ], [ 35.654064612502239, 45.593469420768209 ], [ 35.661341352961784, 45.601522789769859 ], [ 35.678540797654591, 45.60827247871471 ], [ 35.679469398527118, 45.611753748067009 ], [ 35.694193668650755, 45.618826270487311 ], [ 35.699154179962662, 45.61817367520257 ], [ 35.714347959810098, 45.626983437672294 ], [ 35.719308731893598, 45.626329877026684 ], [ 35.72566739036138, 45.63089689499764 ], [ 35.744429592859255, 45.6338269836777 ], [ 35.747843610570207, 45.636979700127497 ], [ 35.809570762138335, 45.646829183271237 ], [ 35.863527928688661, 45.646867298644651 ], [ 35.927510466742433, 45.636529085272123 ], [ 35.983661883886462, 45.616393178017752 ], [ 36.019181804793583, 45.624231443928991 ], [ 36.073568296249434, 45.625907400580758 ], [ 36.100151067798734, 45.638529830717353 ], [ 36.105103956036608, 45.637859397892711 ], [ 36.133696321575947, 45.648399821659652 ], [ 36.149034156982495, 45.648120022585331 ], [ 36.15494604389314, 45.650920907698676 ], [ 36.170283750032652, 45.650638083028774 ], [ 36.176196758339486, 45.653437666944065 ], [ 36.191534331918092, 45.653151816496994 ], [ 36.197448460541843, 45.655950098744263 ], [ 36.212785898264748, 45.655661222340058 ], [ 36.2187011461249, 45.6584582024499 ], [ 36.234038444696438, 45.658166299910278 ], [ 36.239954810711275, 45.660961977413898 ], [ 36.255291966834882, 45.660667048562232 ], [ 36.261209449921452, 45.663461422991439 ], [ 36.27654646029967, 45.663163467652737 ], [ 36.282465059373791, 45.665956538539959 ], [ 36.297801920708253, 45.665655556540877 ], [ 36.332890301639338, 45.671648168959898 ], [ 36.604400132432829, 45.632159188835203 ], [ 36.669600905770572, 45.62660954037085 ], [ 36.678411078425754, 45.486615279391295 ], [ 36.65673402892071, 45.500476454243973 ], [ 36.640470467334964, 45.506365567627654 ], [ 36.602018546014875, 45.515362626370901 ], [ 36.576874518880778, 45.517079904874848 ], [ 36.536951334908082, 45.511844145723508 ], [ 36.501990640099301, 45.496894169396015 ], [ 36.491181903740511, 45.485785028140576 ], [ 36.481320862395677, 45.487155608688241 ], [ 36.459651291234607, 45.482957193756903 ], [ 36.459617304599767, 45.491970706068123 ], [ 36.450170095223335, 45.513100621751668 ], [ 36.425909277252629, 45.536281560033416 ], [ 36.391793140093753, 45.551809340161938 ], [ 36.365113383005387, 45.557292103393841 ], [ 36.332034974457613, 45.558242794478971 ], [ 36.294070167599997, 45.550844507033581 ], [ 36.243414863389575, 45.525349108976329 ], [ 36.225788120145616, 45.507938347887617 ], [ 36.21462165626405, 45.486040666392014 ], [ 36.212303790688964, 45.468340583215145 ], [ 36.215400895667294, 45.451703691617062 ], [ 36.187784378363922, 45.453666580311463 ], [ 36.184759019340966, 45.461284852850405 ], [ 36.164849217283916, 45.482009763645742 ], [ 36.136085240607606, 45.498528098411427 ], [ 36.097987445594221, 45.509095732486955 ], [ 36.072802133976936, 45.510699514945358 ], [ 36.032887537328854, 45.505274644706375 ], [ 35.998030731246473, 45.490147535548736 ], [ 35.978016197297613, 45.473018603355023 ], [ 35.967894791550961, 45.454560014289925 ], [ 35.950484878066625, 45.46590098489883 ], [ 35.944834069596041, 45.482871359103456 ], [ 35.926819107485677, 45.501495823018892 ], [ 35.902436422438562, 45.515562992158117 ], [ 35.849884503593579, 45.529771793658931 ], [ 35.801458728373717, 45.530796876239513 ], [ 35.771433581648715, 45.523963225400394 ], [ 35.744970270945544, 45.511246630457563 ], [ 35.721149076312877, 45.489168359741392 ], [ 35.713114894520601, 45.468609894486256 ], [ 35.702295130257539, 45.466431809189793 ], [ 35.672940091387048, 45.45227792451071 ], [ 35.653029947454655, 45.435076607092618 ], [ 35.63824956929755, 45.408193615984629 ], [ 35.637503216971226, 45.395682617045118 ], [ 35.627793290508869, 45.387948251804325 ], [ 35.616887795800039, 45.365959943319609 ], [ 35.615411551191507, 45.340936800729622 ], [ 35.605535128711793, 45.342228413554295 ], [ 35.592548823041525, 45.351129914784622 ], [ 35.576173795616896, 45.356869689579455 ], [ 35.551926529785447, 45.361831281411021 ], [ 35.518893750005653, 45.362525692133303 ], [ 35.503219255935058, 45.380771368838751 ], [ 35.478751902269302, 45.394750796073538 ], [ 35.433573005243346, 45.407798564431772 ], [ 35.408378463108015, 45.40924751150262 ], [ 35.368549779136941, 45.403566359947561 ], [ 35.333898876920706, 45.388201306363754 ], [ 35.310287614362984, 45.366010077766532 ], [ 35.296818688571967, 45.333512998961346 ], [ 35.288721075229176, 45.341752050852214 ], [ 35.254308439957271, 45.356949708844645 ], [ 35.230015543389307, 45.361844137013463 ], [ 35.184582672841721, 45.364012579124754 ], [ 35.17982844404245, 45.375421540641128 ], [ 35.159519595935585, 45.396004456723439 ], [ 35.134941177559547, 45.409918864337449 ], [ 35.127508933296163, 45.410857553842462 ], [ 35.128397261913356, 45.414347565145171 ], [ 35.145930777627115, 45.422938747725063 ], [ 35.167481061489532, 45.447228930472633 ], [ 35.174868047162221, 45.466106180911794 ], [ 35.175468428238311, 45.498452070541276 ], [ 35.164356354458178, 45.52507715251356 ], [ 35.146035098116705, 45.543606684293572 ], [ 35.121395059977353, 45.557526864948677 ], [ 35.113942932411547, 45.558467025797249 ], [ 35.128092822457631, 45.583701607417353 ], [ 35.12938016693775, 45.60875849149803 ], [ 35.118234597473126, 45.63538515868396 ], [ 35.099867572095683, 45.653913816718266 ], [ 35.068148103251787, 45.670515575547839 ], [ 35.036671223226946, 45.678070142597967 ], [ 35.031245382515706, 45.676948889071568 ], [ 35.021463815750998, 45.688983393882644 ], [ 34.99672844869108, 45.702887627745213 ], [ 34.97020416583846, 45.709803379275272 ], [ 34.962009045318155, 45.718031611148923 ], [ 34.937243966369131, 45.731925905706198 ], [ 34.905706895810319, 45.73944947962265 ], [ 34.902487091049153, 45.747055339926632 ], [ 34.879901688200682, 45.769673631302538 ], [ 34.855090947356594, 45.78355478798089 ], [ 34.813958569991399, 45.79403935315694 ], [ 34.780605051621428, 45.794543840077679 ], [ 34.753429012388551, 45.788875323285772 ], [ 34.75268411605898, 45.7961729140684 ], [ 34.781621679757272, 45.808831319032748 ], [ 34.802336704428143, 45.829702042963135 ], [ 34.807335674996516, 45.829086074670478 ], [ 34.811012330259267, 45.823228044712558 ], [ 34.835852389214644, 45.809353303771232 ], [ 34.874492266891671, 45.799169136804622 ], [ 34.910338321799721, 45.798326135768249 ], [ 34.940023832996864, 45.80364315775919 ], [ 34.97488380868873, 45.819116480048038 ], [ 34.994776424175036, 45.836450724199892 ], [ 35.002900142043558, 45.848047179794129 ], [ 35.011401432750297, 45.881217255110613 ], [ 34.998303220607411, 45.920693652656169 ], [ 34.993748070030378, 45.92306481212723 ], [ 34.987771540539192, 45.940028232391377 ], [ 34.954433735236314, 45.971215308509237 ], [ 34.942806255662376, 45.97626712590872 ], [ 34.954081696756155, 46.000090052795599 ], [ 34.957401167117425, 46.023102106170022 ], [ 34.944434112047183, 46.073371766520729 ], [ 34.941313365204145, 46.111604105511688 ], [ 34.933249792677309, 46.130628566150939 ], [ 34.928675477356514, 46.132999487573159 ], [ 34.936131419756734, 46.151896137669546 ], [ 34.937403798526141, 46.176968689698562 ], [ 34.943782235859643, 46.18158175734473 ], [ 34.949450466194634, 46.193491902740497 ], [ 34.988319382808761, 46.183238868370978 ], [ 35.032402010901151, 46.183132324558017 ], [ 35.012999532049982, 46.178352105621912 ], [ 34.979936484346659, 46.16085617104396 ], [ 34.962416397361856, 46.143216903826541 ], [ 34.95154282760334, 46.121143455601228 ], [ 34.95098394323341, 46.088774966370273 ], [ 34.961097447643546, 46.067692146705205 ], [ 34.979625714563291, 46.049162821705941 ], [ 35.009067598613719, 46.032869907103326 ], [ 35.047811358996803, 46.022610551360081 ], [ 35.083789353133952, 46.021695306227372 ], [ 35.122031102695686, 46.029492916127253 ], [ 35.155040299345785, 46.046949550398963 ], [ 35.176907892918209, 46.071214776278467 ], [ 35.186036754292985, 46.106102595830613 ], [ 35.177840272131164, 46.13417486138809 ], [ 35.15366098635959, 46.16066394299903 ], [ 35.128777594967126, 46.174620348216877 ], [ 35.089952567173981, 46.184918875112814 ], [ 35.04336078957548, 46.185363499309865 ], [ 35.062767457602618, 46.190137854286803 ], [ 35.095872191944331, 46.207604381387824 ], [ 35.109574266913583, 46.220297973342625 ], [ 35.115283499431314, 46.232195339160349 ], [ 35.127168508504056, 46.23790643425361 ], [ 35.148206179066506, 46.258682464644991 ], [ 35.166304219145836, 46.297852268218726 ], [ 35.181403991128022, 46.295941152765678 ], [ 35.188007919013415, 46.271671709377593 ], [ 35.210152158109331, 46.247233611564717 ], [ 35.242117878464498, 46.230554508379726 ], [ 35.283444421534817, 46.21988169044802 ], [ 35.309023682090036, 46.218417152226102 ], [ 35.327529598910573, 46.21965475002559 ], [ 35.357936836386578, 46.226573083968901 ], [ 35.3941202616654, 46.245358256533272 ], [ 35.416187099648219, 46.269556922758518 ], [ 35.42319358294499, 46.295694155911846 ], [ 35.446579626303532, 46.305296407582553 ], [ 35.470274869730112, 46.32567044265793 ], [ 35.489265243220729, 46.35746635606592 ], [ 35.490352081039177, 46.380762847157534 ], [ 35.523540294471175, 46.378262839009636 ], [ 35.567584189576856, 46.386960024309587 ], [ 35.58899102388186, 46.398594103732073 ], [ 35.602523140734981, 46.400434459330306 ], [ 35.638430508850867, 46.417377421220991 ], [ 35.648840771587992, 46.426832874309518 ], [ 35.667892304213943, 46.429745330192247 ], [ 35.697845270640563, 46.443844173902946 ], [ 35.722178331818988, 46.465887883374116 ], [ 35.734417965276705, 46.49132420562124 ], [ 35.760940348293474, 46.502252743162359 ], [ 35.774874150867433, 46.514839045392726 ], [ 35.819438075611778, 46.534188866819719 ], [ 35.839890075825764, 46.551313810568551 ], [ 35.85075576036423, 46.571512560117469 ], [ 35.889547823955041, 46.569960263139173 ], [ 35.919715445023307, 46.574955863566672 ], [ 35.955342618615305, 46.590034252067866 ], [ 35.968855250657363, 46.60085072781547 ], [ 35.986995394863172, 46.600223584673458 ], [ 36.009620259163583, 46.606205759154705 ], [ 36.041468878891017, 46.589298306948017 ], [ 36.075760475933578, 46.581069890131637 ], [ 36.117547160781626, 46.580834789770485 ], [ 36.148223402722941, 46.587501714940672 ], [ 36.154747774252741, 46.592028002643332 ], [ 36.182985676196779, 46.58097853892852 ], [ 36.212702087552017, 46.575131348954905 ], [ 36.246421656520667, 46.574140641090175 ], [ 36.276602141884936, 46.579034923234438 ], [ 36.312306782426631, 46.593986503535319 ], [ 36.326886302249967, 46.608221039406111 ], [ 36.352562392933095, 46.606497243031683 ], [ 36.382765052786972, 46.611359367336256 ], [ 36.421537917400194, 46.627657416323991 ], [ 36.446237935137631, 46.649498795400113 ], [ 36.485563745604473, 46.667503072382864 ], [ 36.499701709072262, 46.679973864555926 ], [ 36.50578001950479, 46.691758939866268 ], [ 36.524941896552868, 46.694507724354324 ], [ 36.595149869551591, 46.728021360644775 ], [ 36.634388727235049, 46.709899455395202 ], [ 36.659058435258451, 46.704635094696684 ], [ 36.685265643490375, 46.704561899715941 ], [ 36.714899176030727, 46.689564398057271 ], [ 36.734905158409006, 46.668699894547672 ], [ 36.76953205951277, 46.652982298934134 ], [ 36.817294686812112, 46.646216499574386 ], [ 36.858104136139794, 46.651244969895977 ], [ 36.893981559855881, 46.665983848966277 ], [ 36.914795100398599, 46.682863478236158 ], [ 36.930691378352314, 46.709465685624565 ], [ 36.936542583651786, 46.73750349341303 ], [ 36.95016993254761, 46.73916355252225 ], [ 36.984141305768539, 46.755953303332653 ], [ 37.009644909592581, 46.779364413065785 ], [ 37.019009981669655, 46.801481840290137 ], [ 37.057831854724824, 46.799504306355495 ], [ 37.08816724898189, 46.80415313649145 ], [ 37.127786250123002, 46.821890085454001 ], [ 37.155619147307355, 46.826882572635562 ], [ 37.183070094123906, 46.839143904766189 ], [ 37.196875171377599, 46.849773427531645 ], [ 37.201911179059771, 46.849041040316287 ], [ 37.204277736221172, 46.839671017667165 ], [ 37.228606258274482, 46.816272383506643 ], [ 37.253606392202606, 46.803600825492254 ], [ 37.285228365074232, 46.795370273009617 ], [ 37.321498016532857, 46.793669405879449 ], [ 37.351834995323884, 46.798243298501212 ], [ 37.397082083774677, 46.816860487030496 ], [ 37.455167440289884, 46.867865019523087 ], [ 37.472287267485989, 46.888803793274484 ], [ 37.475004117900383, 46.897429288237412 ], [ 37.480581075875889, 46.898409135043053 ], [ 37.485273187546262, 46.904936447418692 ], [ 37.490851052974357, 46.905915658369814 ], [ 37.505275482170497, 46.918222111285857 ], [ 37.517944995415327, 46.941621514377495 ], [ 37.52965567146255, 46.945299850690667 ], [ 37.550779806848503, 46.962023306111021 ], [ 37.561292765473787, 46.978517176416275 ], [ 37.585510717806244, 46.996580570796475 ], [ 37.587157756956415, 47.001752749780366 ], [ 37.606996216330394, 47.006017502804241 ], [ 37.622897891462884, 47.014478786640993 ], [ 37.657073523985659, 47.00575569868446 ], [ 37.716112415911432, 47.000511780433172 ], [ 37.757763660310431, 47.006886478670715 ], [ 37.761391352183118, 47.009951993045355 ], [ 37.802788347503814, 47.007317047501722 ], [ 37.833263513416732, 47.011738435704899 ], [ 37.854788887218497, 47.021120844756801 ], [ 37.868492704391528, 47.022654964361386 ], [ 37.881356660604212, 47.029733684581302 ], [ 37.924983111881588, 47.017681084306417 ], [ 37.953221438484981, 47.015183767932967 ], [ 37.986219165759046, 47.019176869376928 ], [ 38.008857876082502, 47.015714024489434 ], [ 38.027589819858875, 47.016457837012346 ], [ 38.059202900891812, 47.024253464153887 ], [ 38.064232600383797, 47.023481043592227 ], [ 38.075929656160561, 47.010845023384768 ], [ 38.110239001726114, 46.994726845979827 ], [ 38.134798201237054, 46.989134206991551 ], [ 38.168587682491534, 46.987528480037639 ], [ 38.207727178271817, 46.994115517907844 ], [ 38.235456222150717, 47.006073638872302 ], [ 38.260457620542539, 47.025675914503481 ], [ 38.271198010698569, 47.042072700883324 ], [ 38.284110477287832, 47.049096929875596 ], [ 38.290504113467648, 47.044487759351213 ], [ 38.289359152428581, 47.041052555798963 ] ] ], [ [ [ 34.024549073849151, 47.099550244738779 ], [ 34.012978427691586, 47.095479672264489 ], [ 33.997578250622695, 47.097259047774841 ], [ 34.015586239691146, 47.10599596391652 ], [ 34.024549073849151, 47.099550244738779 ] ] ], [ [ [ 34.997976770571285, 47.164688699268062 ], [ 34.989142176146984, 47.171201345182418 ], [ 34.997289092762536, 47.171989721372512 ], [ 34.997976770571285, 47.164688699268062 ] ] ], [ [ [ 34.808062987483993, 47.276585228315454 ], [ 34.820927694424931, 47.255161452561723 ], [ 34.81793272357627, 47.23388435027487 ], [ 34.825659282265377, 47.213092332971968 ], [ 34.779508511700136, 47.218762422161575 ], [ 34.793462278828862, 47.231480066737952 ], [ 34.804607085605532, 47.253560320246976 ], [ 34.805959594457214, 47.2786475239689 ], [ 34.800575236418283, 47.288328142053302 ], [ 34.804069772733634, 47.291506596491622 ], [ 34.808741084279717, 47.289128785214373 ], [ 34.808062987483993, 47.276585228315454 ] ] ], [ [ [ 34.503085769572102, 47.398405415011808 ], [ 34.497624338153877, 47.377415927320378 ], [ 34.461422511419308, 47.370931345358734 ], [ 34.434170546657199, 47.357955774182322 ], [ 34.413751737563622, 47.340552189004576 ], [ 34.408469741627876, 47.330360253174497 ], [ 34.386655779483768, 47.338368523631495 ], [ 34.368634108700277, 47.340511138856499 ], [ 34.359684344982618, 47.346984758219534 ], [ 34.347257836916526, 47.350262913449242 ], [ 34.348156841521721, 47.35376341135138 ], [ 34.376935626040861, 47.352149593749061 ], [ 34.416145771437044, 47.360106530205904 ], [ 34.449905864990335, 47.37771976727084 ], [ 34.463838214393064, 47.390482973302021 ], [ 34.469593549911394, 47.402420181578449 ], [ 34.503085769572102, 47.398405415011808 ] ] ], [ [ [ 34.071242238045471, 47.487248311790353 ], [ 34.061718618517837, 47.481138737448624 ], [ 34.05654895357339, 47.481737941495247 ], [ 34.06651447398329, 47.489600232300241 ], [ 34.071242238045471, 47.487248311790353 ] ] ], [ [ [ 34.960019841318633, 47.486925723368564 ], [ 34.957916365849385, 47.488991279364193 ], [ 34.960491808910724, 47.488671385481737 ], [ 34.960019841318633, 47.486925723368564 ] ] ], [ [ [ 35.168086138497095, 47.585391610993184 ], [ 35.178744792807059, 47.566000645341177 ], [ 35.191319276984132, 47.553585139201587 ], [ 35.189877302780914, 47.548353493108749 ], [ 35.176693120892601, 47.539190678886115 ], [ 35.168184356273329, 47.527632309677237 ], [ 35.163870479844221, 47.511935584434553 ], [ 35.127826338941787, 47.516474592502711 ], [ 35.108846172478806, 47.515250935122928 ], [ 35.091487938452637, 47.510211671038952 ], [ 35.060584690963061, 47.514083309959403 ], [ 35.078225361372361, 47.52991882918176 ], [ 35.086047407331385, 47.548787818143381 ], [ 35.114205007874226, 47.554276915644877 ], [ 35.160529332588396, 47.577321181474844 ], [ 35.168086138497095, 47.585391610993184 ] ] ] ] } }
]
}
