{
"type": "FeatureCollection",
"name": "zones_7km",
"crs": { "type": "name", "properties": { "name": "urn:ogc:def:crs:OGC:1.3:CRS84" } },
"features": [
{ "type": "Feature", "properties": { "distance_km": 7 }, "geometry": { "type": "MultiPolygon", "coordinates": [ [ [ [ 24.893926954082119, 47.837205545346066 ], [ 24.897373803514583, 47.811900009688074 ], [ 24.907086719626278, 47.79897509357091 ], [ 24.93250025999501, 47.78191326989721 ], [ 24.958579021738785, 47.773818655251887 ], [ 24.979737624965836, 47.771286608428042 ], [ 25.011955001167578, 47.773761597576843 ], [ 25.03199909053226, 47.756865194014551 ], [ 25.050206764281562, 47.750825399835925 ], [ 25.054969413470047, 47.743460078431376 ], [ 25.040277893684994, 47.725986918026166 ], [ 25.027119682681139, 47.728249391801583 ], [ 25.027396804615933, 47.731838079509721 ], [ 25.016619866002497, 47.73041717885166 ], [ 25.006256974442525, 47.734378416821976 ], [ 25.000249011520367, 47.725592287799088 ], [ 24.992270669476284, 47.725870564860259 ], [ 24.987226049263025, 47.729644641003986 ], [ 24.971267754456431, 47.730198865998794 ], [ 24.882820617535124, 47.724234233598544 ], [ 24.886282556946199, 47.734911979119097 ], [ 24.881095562309181, 47.736886961513662 ], [ 24.88176358425353, 47.745860243805254 ], [ 24.87657534129416, 47.747835053776519 ], [ 24.879637025755649, 47.753128980099866 ], [ 24.856482453833348, 47.764705567918405 ], [ 24.851954939944779, 47.775652857594778 ], [ 24.836244425340546, 47.779778137605987 ], [ 24.837302669397094, 47.794136030786206 ], [ 24.832372264941604, 47.799698478023913 ], [ 24.824512901383642, 47.80176015029263 ], [ 24.822772185468096, 47.814412326451695 ], [ 24.866336957390416, 47.825545296730169 ], [ 24.885930492386347, 47.837476903473132 ], [ 24.886198938375895, 47.84106613525087 ], [ 24.893926954082119, 47.837205545346066 ] ] ], [ [ [ 24.741586565550207, 47.836881530272869 ], [ 24.739049778533083, 47.838763430807568 ], [ 24.741715801008908, 47.838676448604033 ], [ 24.741586565550207, 47.836881530272869 ] ] ], [ [ [ 24.690943659684351, 47.876304706918766 ], [ 24.720549362869015, 47.878946132504289 ], [ 24.719648818605656, 47.866381472158281 ], [ 24.72902963933825, 47.848085456760764 ], [ 24.734233664553706, 47.846116940125803 ], [ 24.733975655096529, 47.842527076635207 ], [ 24.72038726966068, 47.839370576002693 ], [ 24.704390345449827, 47.839888576074436 ], [ 24.705158328117683, 47.850658523643411 ], [ 24.694874323764381, 47.856387777430569 ], [ 24.684205960821387, 47.856731079112734 ], [ 24.679253226236355, 47.862287475355203 ], [ 24.671377847685555, 47.864339032564907 ], [ 24.666549817836206, 47.871689984044565 ], [ 24.667183949952083, 47.880665274930834 ], [ 24.690943659684351, 47.876304706918766 ] ] ], [ [ [ 24.59682152993291, 47.945862126476356 ], [ 24.599618290456331, 47.947573477531471 ], [ 24.599493481215589, 47.945778307372933 ], [ 24.59682152993291, 47.945862126476356 ] ] ], [ [ [ 24.505644379988471, 48.180761713442742 ], [ 24.531006815071965, 48.158396141133878 ], [ 24.549292786203235, 48.150636097331414 ], [ 24.570504704406851, 48.146380206351985 ], [ 24.566452633813164, 48.126716692586385 ], [ 24.572751866446321, 48.101334104135773 ], [ 24.582597885591415, 48.08843379402262 ], [ 24.595493490101333, 48.080834265696424 ], [ 24.595117777065788, 48.075448853716665 ], [ 24.6049535052423, 48.062546843946137 ], [ 24.620390931344289, 48.053065476933426 ], [ 24.592240965543482, 48.0341604532261 ], [ 24.580289666256313, 48.01654331968421 ], [ 24.57661956209957, 48.002265226760954 ], [ 24.582777646554259, 47.975086949855609 ], [ 24.592598823050583, 47.962186222373667 ], [ 24.600367401565403, 47.958344481486904 ], [ 24.599743111869071, 47.9493686468807 ], [ 24.594897498345926, 47.956716955270245 ], [ 24.589552428775182, 47.956884346050124 ], [ 24.581907480024597, 47.962520570074098 ], [ 24.579607192916477, 47.967989613614847 ], [ 24.560894854106426, 47.968572006208575 ], [ 24.552135585686077, 47.958049128468218 ], [ 24.541690343830854, 47.961970247275907 ], [ 24.522857191260098, 47.960751093594972 ], [ 24.514472561211193, 47.955611076689017 ], [ 24.514228783016307, 47.952020408496502 ], [ 24.500866062106894, 47.952429004242717 ], [ 24.474742348854459, 47.962218585927594 ], [ 24.448010231052166, 47.963025164067275 ], [ 24.435120499181529, 47.970608049178942 ], [ 24.418366348620783, 47.960314197889296 ], [ 24.410346656086332, 47.960552880103037 ], [ 24.39104544021707, 47.952129800461321 ], [ 24.393482919019746, 47.948459633631295 ], [ 24.38220573065637, 47.939797445553005 ], [ 24.381268066964761, 47.925432713748272 ], [ 24.365005554113885, 47.922312833177962 ], [ 24.362101179416481, 47.91879990504399 ], [ 24.345725890006367, 47.913881562796007 ], [ 24.340615249067231, 47.917628597910387 ], [ 24.332601513559698, 47.917861696281889 ], [ 24.327720108757127, 47.925199563856587 ], [ 24.322376780033007, 47.925354443159272 ], [ 24.30844508764077, 47.916761910554257 ], [ 24.303102523525997, 47.916915872801717 ], [ 24.300088283278132, 47.91160552137984 ], [ 24.283834448053721, 47.908473905948668 ], [ 24.290429890322436, 47.928074266061188 ], [ 24.283893850645477, 47.951648900665937 ], [ 24.292255774140244, 47.95680632652391 ], [ 24.301192085854858, 47.970941744614009 ], [ 24.338280604647469, 47.964471521111903 ], [ 24.378735766572639, 47.968684367095435 ], [ 24.392575347841877, 47.975472119270812 ], [ 24.425257815347699, 47.983496258088877 ], [ 24.447610269855346, 47.997219132265514 ], [ 24.49040936467501, 47.995925081590173 ], [ 24.517646010099408, 48.002289472657409 ], [ 24.54550511832932, 48.017623500161918 ], [ 24.557073864818683, 48.029858868478726 ], [ 24.566839898261456, 48.05474256018357 ], [ 24.565279185020295, 48.070982579531204 ], [ 24.555803518565476, 48.089267097249483 ], [ 24.545579689446718, 48.096779593896528 ], [ 24.543640956501324, 48.107633742032242 ], [ 24.533781577905536, 48.120531005942823 ], [ 24.515871671742207, 48.13367423342779 ], [ 24.497586258676609, 48.14142894559221 ], [ 24.460394250107008, 48.147953129915429 ], [ 24.411744062335828, 48.144012203981383 ], [ 24.404052331393824, 48.149637551781588 ], [ 24.380258397256544, 48.15573758153095 ], [ 24.377928937505921, 48.161203140363625 ], [ 24.378519170969852, 48.170180764853342 ], [ 24.402914480429352, 48.173058337766044 ], [ 24.41681353293588, 48.179841574863062 ], [ 24.427432064129594, 48.177726088496698 ], [ 24.4653769259345, 48.181984143937989 ], [ 24.484656079466191, 48.188596705065684 ], [ 24.496006804100887, 48.197246741437354 ], [ 24.501254898666051, 48.195287812005041 ], [ 24.505644379988471, 48.180761713442742 ] ] ], [ [ [ 24.118322328304963, 48.402406424746459 ], [ 24.146770335197246, 48.381843226842875 ], [ 24.191925571880152, 48.369804560654217 ], [ 24.221458646311145, 48.367181594430321 ], [ 24.259531360214186, 48.37150483353139 ], [ 24.22324623333137, 48.352740069220033 ], [ 24.211678568208047, 48.340471463035705 ], [ 24.205051944123408, 48.320868274077959 ], [ 24.185532093100182, 48.310617531633426 ], [ 24.16793307362645, 48.287718055039278 ], [ 24.164242793919183, 48.271629374046555 ], [ 24.170756317702125, 48.246264671034019 ], [ 24.180731047514833, 48.233396303103575 ], [ 24.19876288984667, 48.220302908297626 ], [ 24.217123325232528, 48.212594270299682 ], [ 24.200329847755899, 48.202269729050634 ], [ 24.188468762293184, 48.18461009494898 ], [ 24.188022861801649, 48.177426646512302 ], [ 24.179745174719415, 48.174058235975373 ], [ 24.168230111302037, 48.161783814180637 ], [ 24.158632206681894, 48.136862808973852 ], [ 24.160763585601991, 48.127809344077669 ], [ 24.152715772427893, 48.128030610597634 ], [ 24.138864368051905, 48.121214277408868 ], [ 24.133499743995486, 48.121360813708421 ], [ 24.142862799607133, 48.142692404487235 ], [ 24.141166660441794, 48.158929408660519 ], [ 24.126481213322844, 48.182716499158374 ], [ 24.100601206296254, 48.199608574412281 ], [ 24.074166061627253, 48.207514898444281 ], [ 24.058044054841798, 48.207945268235669 ], [ 24.064490779166913, 48.225762702091998 ], [ 24.058033654035505, 48.252918573235675 ], [ 24.074277558903422, 48.254283940681702 ], [ 24.093537029005034, 48.260962611752738 ], [ 24.124328500938976, 48.27991749799461 ], [ 24.141905461673343, 48.302824164367912 ], [ 24.14559147865306, 48.318913592507307 ], [ 24.1390578959019, 48.344277066806306 ], [ 24.12905220540857, 48.357142298100605 ], [ 24.110845862184973, 48.368429964610222 ], [ 24.120469676759395, 48.393353671293916 ], [ 24.118322328304963, 48.402406424746459 ] ] ], [ [ [ 23.829388047064327, 48.307346350374786 ], [ 23.862986135917009, 48.281330056357781 ], [ 23.860094054533612, 48.277804331048422 ], [ 23.84125558743251, 48.278271686851852 ], [ 23.841454992543184, 48.281864495926854 ], [ 23.828494039642834, 48.291178589990935 ], [ 23.821408703770295, 48.309341384185863 ], [ 23.829388047064327, 48.307346350374786 ] ] ], [ [ [ 23.763618580555256, 48.337728275208853 ], [ 23.766410399055886, 48.339459957988716 ], [ 23.76631312653625, 48.337663456480541 ], [ 23.763618580555256, 48.337728275208853 ] ] ], [ [ [ 23.76381294622556, 48.341321285645741 ], [ 23.717905419071613, 48.34061711983901 ], [ 23.718192191835879, 48.346006837855946 ], [ 23.76381294622556, 48.341321285645741 ] ] ], [ [ [ 24.259531360214186, 48.37150483353139 ], [ 24.265036467607811, 48.373147492069833 ], [ 24.264921544094733, 48.371351825647181 ], [ 24.259531360214186, 48.37150483353139 ] ] ], [ [ [ 23.417333866963833, 48.431872861898697 ], [ 23.422648905921552, 48.429962261153804 ], [ 23.419607324569604, 48.42283124153343 ], [ 23.403238968458783, 48.419576932497044 ], [ 23.409488078631224, 48.437433779863852 ], [ 23.40738222365982, 48.450069172479587 ], [ 23.417333866963833, 48.431872861898697 ] ] ], [ [ [ 24.428256591034451, 48.431357716312796 ], [ 24.433894403209223, 48.43478733104039 ], [ 24.442109670646442, 48.436340557958808 ], [ 24.441624070695745, 48.429159268966451 ], [ 24.428256591034451, 48.431357716312796 ] ] ], [ [ [ 23.407552219883971, 48.453663122767757 ], [ 23.399956342189533, 48.464614372866478 ], [ 23.400295492981943, 48.471802291662172 ], [ 23.407977356795065, 48.462647986665026 ], [ 23.407552219883971, 48.453663122767757 ] ] ], [ [ [ 23.804938510763129, 48.50042090751478 ], [ 23.80774086356373, 48.502151344079898 ], [ 23.807641573593976, 48.500354956724102 ], [ 23.804938510763129, 48.50042090751478 ] ] ], [ [ [ 23.190819897624934, 48.632468795906 ], [ 23.216988222921305, 48.610383667095455 ], [ 23.240981492538069, 48.600925619952164 ], [ 23.243293017060264, 48.591887139424031 ], [ 23.20807386230392, 48.592568169506094 ], [ 23.208544089863377, 48.603351258076572 ], [ 23.198485349303866, 48.621530610339889 ], [ 23.190586396587747, 48.627077217815526 ], [ 23.190819897624934, 48.632468795906 ] ] ], [ [ [ 23.891713819622254, 48.787877754006864 ], [ 23.910741443408178, 48.78739840681898 ], [ 23.909910003226919, 48.773029293821558 ], [ 23.915032626653954, 48.767503426827147 ], [ 23.912953651757263, 48.731580569518826 ], [ 23.925174027304354, 48.707886556178643 ], [ 23.946045316167929, 48.692963986850842 ], [ 23.925595986976809, 48.668302447433923 ], [ 23.923724483178347, 48.63597163450212 ], [ 23.938627362969079, 48.612207545802839 ], [ 23.956853398650182, 48.599148926376508 ], [ 23.98611069703858, 48.589399207256633 ], [ 23.977249335321737, 48.577037081332833 ], [ 23.973593819857296, 48.560942174856855 ], [ 23.97545629173478, 48.546503365419767 ], [ 23.990310219797532, 48.522733277956135 ], [ 24.008491474089887, 48.509667221022532 ], [ 24.026984467778025, 48.501986568650651 ], [ 24.067197169799524, 48.495524512390254 ], [ 24.088923408298509, 48.496741848013336 ], [ 24.116385414787903, 48.503196399765734 ], [ 24.147336177110034, 48.522141119596988 ], [ 24.146779457619662, 48.513161978717868 ], [ 24.153884150596461, 48.496777439348506 ], [ 24.125758465173718, 48.479556620071108 ], [ 24.114183504952514, 48.467278542244507 ], [ 24.104547023910882, 48.442354814849843 ], [ 24.106479014649935, 48.42971043561549 ], [ 24.077988425023399, 48.450264417508649 ], [ 24.051421334796927, 48.45816804568981 ], [ 24.029926150019474, 48.460535347171287 ], [ 24.005515922457661, 48.459377125268119 ], [ 23.978090716314533, 48.452895282369319 ], [ 23.975180526293666, 48.449372910102014 ], [ 23.950672239973084, 48.446406749222163 ], [ 23.9515056975611, 48.460776156215836 ], [ 23.936650178068245, 48.48454145354448 ], [ 23.910556465994699, 48.501394300449441 ], [ 23.883935227342796, 48.509260201446793 ], [ 23.837976794174445, 48.510403351852325 ], [ 23.80774086356373, 48.502151344079898 ], [ 23.819550648918618, 48.519850558420352 ], [ 23.823053982339889, 48.534155094441424 ], [ 23.818842116150147, 48.555844013007828 ], [ 23.84119441514768, 48.567885787174667 ], [ 23.852728528497007, 48.580191988886796 ], [ 23.862271361498475, 48.605138184533942 ], [ 23.860476678683504, 48.621371964068558 ], [ 23.850448952000587, 48.636011097137732 ], [ 23.851158149761336, 48.648585031233239 ], [ 23.84634351174925, 48.659496895508632 ], [ 23.836203638714068, 48.672338644849724 ], [ 23.802041241214631, 48.692961756660033 ], [ 23.767160764886373, 48.701000489960826 ], [ 23.765136272882057, 48.713640407234045 ], [ 23.784137974031452, 48.713182473552862 ], [ 23.820028430026074, 48.723101526395354 ], [ 23.839741314234363, 48.735208342276088 ], [ 23.839943836587725, 48.738800869789344 ], [ 23.857053242092981, 48.752767697386631 ], [ 23.86612295866977, 48.768731150787744 ], [ 23.867658769503311, 48.795674260232573 ], [ 23.891713819622254, 48.787877754006864 ] ] ], [ [ [ 24.109807342874959, 48.616702516449749 ], [ 24.104390272282913, 48.616848802695998 ], [ 24.107429806629092, 48.622163284978804 ], [ 24.110138623889966, 48.622090096265637 ], [ 24.109807342874959, 48.616702516449749 ] ] ], [ [ [ 22.846972261822035, 48.802170942117385 ], [ 22.844317094387574, 48.804012046722271 ], [ 22.847038289746536, 48.803968461069971 ], [ 22.846972261822035, 48.802170942117385 ] ] ], [ [ [ 22.841661732657137, 48.805853091964828 ], [ 22.844514925875213, 48.809404608024266 ], [ 22.844383031692491, 48.805809567785943 ], [ 22.841661732657137, 48.805853091964828 ] ] ], [ [ [ 22.841859292202145, 48.81124565958973 ], [ 22.839071932618054, 48.80949160310805 ], [ 22.83913769513271, 48.811289127753682 ], [ 22.841859292202145, 48.81124565958973 ] ] ], [ [ [ 22.83913769513271, 48.811289127753682 ], [ 22.836481763384661, 48.813130058436364 ], [ 22.839203464154661, 48.813086651770007 ], [ 22.83913769513271, 48.811289127753682 ] ] ], [ [ [ 23.631298579528483, 48.909237942641745 ], [ 23.660228254713399, 48.888788251531636 ], [ 23.687085163973482, 48.88097034203598 ], [ 23.730664472178898, 48.879945844012738 ], [ 23.737854266216459, 48.861788147659382 ], [ 23.69915652773933, 48.851908981003781 ], [ 23.679429564229011, 48.839778523686334 ], [ 23.673508045165772, 48.830922568726571 ], [ 23.665344703254654, 48.831111725704702 ], [ 23.643953780003656, 48.838799432144583 ], [ 23.60312885676689, 48.839729086950868 ], [ 23.603315200170709, 48.843322255267147 ], [ 23.620303160182505, 48.855527984281551 ], [ 23.632135929541409, 48.873245169788625 ], [ 23.635709463621659, 48.889351657006706 ], [ 23.631298579528483, 48.909237942641745 ] ] ], [ [ [ 23.631392984632338, 48.91103446497511 ], [ 23.628573131860058, 48.90930013613567 ], [ 23.628667439455672, 48.911096662379968 ], [ 23.631392984632338, 48.91103446497511 ] ] ], [ [ [ 23.347384382889505, 49.080841259041016 ], [ 23.32474568277971, 49.065112468061479 ], [ 23.315790055907289, 49.049105369422165 ], [ 23.288782458578314, 49.056838731968867 ], [ 23.272377071717159, 49.057163069199568 ], [ 23.283725881931645, 49.065931821870677 ], [ 23.289690971163569, 49.07660501581033 ], [ 23.317210716349134, 49.079652689815482 ], [ 23.328404402276849, 49.084823043110198 ], [ 23.347384382889505, 49.080841259041016 ] ] ], [ [ [ 23.577559306472306, 50.081289549351212 ], [ 23.604986175172964, 50.071685039031273 ], [ 23.60748460726775, 50.066233751961491 ], [ 23.634503086567459, 50.049437731668782 ], [ 23.612187099905487, 50.04994244921334 ], [ 23.603623957463956, 50.046538198992941 ], [ 23.561878145747539, 50.049266123433661 ], [ 23.525329455481927, 50.044672467473717 ], [ 23.523388217334659, 50.060900035728309 ], [ 23.529063431719358, 50.062574815268889 ], [ 23.538003811070258, 50.073169772406636 ], [ 23.541364888889834, 50.08388639551908 ], [ 23.574960436491292, 50.084944007790483 ], [ 23.577559306472306, 50.081289549351212 ] ] ], [ [ [ 26.032184751886899, 51.141415567206529 ], [ 26.035226809074178, 51.143083522114871 ], [ 26.035031491730475, 51.141292740459143 ], [ 26.032184751886899, 51.141415567206529 ] ] ], [ [ [ 25.006994740814559, 51.486874507387903 ], [ 24.996493838329759, 51.465650116749408 ], [ 24.998736876310669, 51.458379092950125 ], [ 24.9872546917995, 51.458770728035908 ], [ 24.990751850363282, 51.465845984282609 ], [ 24.984016031962653, 51.487658577748469 ], [ 25.006994740814559, 51.486874507387903 ] ] ], [ [ [ 25.494288277289808, 51.607692471376438 ], [ 25.527216603373475, 51.590234855502175 ], [ 25.546995476766366, 51.585871003405643 ], [ 25.534416977629654, 51.57556533920075 ], [ 25.523294228110743, 51.550811192031176 ], [ 25.529421112614003, 51.525390058119221 ], [ 25.494770113877291, 51.524926588896953 ], [ 25.480053204038917, 51.521892935961915 ], [ 25.477532704609686, 51.525587058995747 ], [ 25.463518871399536, 51.529719820854353 ], [ 25.463870119307067, 51.533304117179412 ], [ 25.485219579735855, 51.545080246399294 ], [ 25.498486999310369, 51.56255992491775 ], [ 25.502958628121185, 51.578577829048676 ], [ 25.494288277289808, 51.607692471376438 ] ] ], [ [ [ 25.765178117355532, 51.573599035194313 ], [ 25.752742483422516, 51.565109391659938 ], [ 25.736988955169014, 51.580139733091798 ], [ 25.751552683507967, 51.581348727405071 ], [ 25.759991090477822, 51.579207029516773 ], [ 25.765178117355532, 51.573599035194313 ] ] ], [ [ [ 25.494288277289808, 51.607692471376438 ], [ 25.491587403094496, 51.609594894530062 ], [ 25.494465594416088, 51.609484520664537 ], [ 25.494288277289808, 51.607692471376438 ] ] ], [ [ [ 25.486184978918729, 51.613399568956709 ], [ 25.489240579102972, 51.615081382227025 ], [ 25.48906343220489, 51.613289321802966 ], [ 25.486184978918729, 51.613399568956709 ] ] ], [ [ [ 25.480958499041087, 51.618996093687244 ], [ 25.484014303542562, 51.620678037799486 ], [ 25.483837326998781, 51.618885966251192 ], [ 25.480958499041087, 51.618996093687244 ] ] ], [ [ [ 25.481489145525597, 51.624372326479858 ], [ 25.481135362886377, 51.620788172267822 ], [ 25.478256403914802, 51.620898236311128 ], [ 25.475730758400282, 51.624592412245988 ], [ 25.481489145525597, 51.624372326479858 ] ] ], [ [ [ 24.327973289050288, 51.734717076191536 ], [ 24.333621395237621, 51.732758573211036 ], [ 24.327841341579148, 51.732922566666979 ], [ 24.327973289050288, 51.734717076191536 ] ] ], [ [ [ 24.33664369115375, 51.734470963793349 ], [ 24.333885760199703, 51.736347570476049 ], [ 24.336775994582588, 51.736265456774682 ], [ 24.33664369115375, 51.734470963793349 ] ] ], [ [ [ 25.079914276962409, 51.946599214926991 ], [ 25.085880008991442, 51.948190571312409 ], [ 25.085716813321291, 51.946397665871011 ], [ 25.079914276962409, 51.946599214926991 ] ] ], [ [ [ 25.094911164256786, 51.951473462522273 ], [ 25.115385961489817, 51.952556996549092 ], [ 25.117958484824396, 51.948869711885152 ], [ 25.085880008991442, 51.948190571312409 ], [ 25.094911164256786, 51.951473462522273 ] ] ], [ [ [ 25.135365936724753, 51.94825856532141 ], [ 25.118287493760565, 51.952455375489919 ], [ 25.138763074729372, 51.953534814789784 ], [ 25.135365936724753, 51.94825856532141 ] ] ], [ [ [ 28.35471753739418, 45.355811450887707 ], [ 28.338349945092638, 45.328073881443018 ], [ 28.327087032793152, 45.339599490678012 ], [ 28.327781549312292, 45.344953967012074 ], [ 28.340900329498798, 45.347706437904762 ], [ 28.35471753739418, 45.355811450887707 ] ] ], [ [ [ 28.35471753739418, 45.355811450887707 ], [ 28.35748144841887, 45.357432221255387 ], [ 28.3572488868645, 45.355647520594864 ], [ 28.35471753739418, 45.355811450887707 ] ] ], [ [ [ 28.360478199318358, 45.360837601711495 ], [ 28.363242523414346, 45.362458205550084 ], [ 28.363009739988609, 45.36067352967472 ], [ 28.360478199318358, 45.360837601711495 ] ] ], [ [ [ 28.497323966534356, 45.564262800950814 ], [ 28.492244160986957, 45.564598000173987 ], [ 28.490658184863783, 45.571901894873491 ], [ 28.506138383774857, 45.572679740929182 ], [ 28.505660365732769, 45.5691116820256 ], [ 28.497323966534356, 45.564262800950814 ] ] ], [ [ [ 28.506138383774857, 45.572679740929182 ], [ 28.508917702491797, 45.574295854158805 ], [ 28.508678580789709, 45.572511837402708 ], [ 28.506138383774857, 45.572679740929182 ] ] ], [ [ [ 26.584359581908593, 50.786961649385198 ], [ 26.587396162236786, 50.788615348280672 ], [ 26.587182208935829, 50.786826063081328 ], [ 26.584359581908593, 50.786961649385198 ] ] ], [ [ [ 26.67467927893151, 50.829378961446245 ], [ 26.670549885218144, 50.818782654423835 ], [ 26.671634893800253, 50.804332798736446 ], [ 26.68118664205571, 50.789469542640596 ], [ 26.67792946902496, 50.78602939840831 ], [ 26.644494640672416, 50.791256493217688 ], [ 26.62169779779844, 50.790561262492339 ], [ 26.604117513265248, 50.786011116475585 ], [ 26.587396162236786, 50.788615348280672 ], [ 26.602796883694868, 50.798671780970629 ], [ 26.629696267744922, 50.833364499230235 ], [ 26.647080339988168, 50.836121017750457 ], [ 26.663380078674908, 50.829929695425818 ], [ 26.67467927893151, 50.829378961446245 ] ] ], [ [ [ 27.205189978468567, 50.86527327896102 ], [ 27.20849079399224, 50.86869702627947 ], [ 27.208014165639469, 50.865122512988926 ], [ 27.205189978468567, 50.86527327896102 ] ] ], [ [ [ 27.119025607694585, 50.945436426642488 ], [ 27.122090788325508, 50.947075101964835 ], [ 27.121855109237153, 50.945287578590005 ], [ 27.119025607694585, 50.945436426642488 ] ] ], [ [ [ 27.825814512768439, 50.965507867773766 ], [ 27.82325047090864, 50.967458840916933 ], [ 27.826077360802969, 50.967292891816449 ], [ 27.825814512768439, 50.965507867773766 ] ] ], [ [ [ 27.820686215460583, 50.969409765499869 ], [ 27.82325047090864, 50.967458840916933 ], [ 27.820423554237177, 50.967624721987015 ], [ 27.820686215460583, 50.969409765499869 ] ] ], [ [ [ 27.295299458660185, 51.047633889365912 ], [ 27.305664067969055, 51.039872662416727 ], [ 27.324037969028431, 51.028075388939286 ], [ 27.315537550535726, 51.028536953881108 ], [ 27.302342996669111, 51.036452402976359 ], [ 27.280154760903088, 51.041251727415059 ], [ 27.295299458660185, 51.047633889365912 ] ] ], [ [ [ 27.0593170914056, 51.186145991128896 ], [ 27.098428036270118, 51.178706587917134 ], [ 27.110040534864432, 51.179898339337178 ], [ 27.101984200458883, 51.162321193476515 ], [ 27.102459874773746, 51.144297096685015 ], [ 27.116427741687648, 51.120165673855489 ], [ 27.137484478995475, 51.106458643116937 ], [ 27.135584238136328, 51.092159222306449 ], [ 27.144560083481181, 51.073686572643787 ], [ 27.170306531330162, 51.052525614330257 ], [ 27.189199697657628, 51.044322914315678 ], [ 27.197705063745776, 51.043870440439605 ], [ 27.197226282473174, 51.040295961357906 ], [ 27.179977916838219, 51.039412879442139 ], [ 27.159181393200516, 51.033315142118923 ], [ 27.134608361429276, 51.020213094146889 ], [ 27.12161834499349, 51.00829743051527 ], [ 27.109347516512397, 50.980143433094035 ], [ 27.110295251189438, 50.965694338345095 ], [ 27.119261179514915, 50.947223959447818 ], [ 27.090729272405252, 50.946921153594893 ], [ 27.073048900119385, 50.942445656256126 ], [ 27.073492951488358, 50.967620945585857 ], [ 27.06450523220904, 50.986088518878823 ], [ 27.059074244126588, 50.988171256524389 ], [ 27.06164546239517, 51.007836097713131 ], [ 27.052646494825577, 51.026303122705983 ], [ 27.039638307640843, 51.035977992258552 ], [ 27.040804937037635, 51.044916824712921 ], [ 27.031325207991703, 51.059807129887297 ], [ 27.0504515304482, 51.075013907851904 ], [ 27.062482414994353, 51.101386603618799 ], [ 27.057247830023798, 51.126857290880395 ], [ 27.047524465706317, 51.139961517389146 ], [ 27.034251102659841, 51.147849086160363 ], [ 27.038498436853043, 51.158428317258881 ], [ 27.0353882240112, 51.178388000340895 ], [ 27.04178018943686, 51.183456492126879 ], [ 27.043188096473042, 51.194182773422582 ], [ 27.0593170914056, 51.186145991128896 ] ] ], [ [ [ 29.171695633157057, 51.060542878375244 ], [ 29.168241287050627, 51.057182616075714 ], [ 29.160085217443722, 51.059557841196479 ], [ 29.17014817468203, 51.08407364906035 ], [ 29.171695633157057, 51.060542878375244 ] ] ], [ [ [ 29.308179869324654, 51.214821899016911 ], [ 29.314921823991028, 51.172896739156826 ], [ 29.329640071968569, 51.159229202124429 ], [ 29.317358713340333, 51.154703692058298 ], [ 29.313564465571258, 51.149569769706602 ], [ 29.293766172359305, 51.150985158391521 ], [ 29.255075853726229, 51.142930475833658 ], [ 29.232728164256578, 51.130102422318416 ], [ 29.217953801643077, 51.127545209390526 ], [ 29.189336342765891, 51.111549276160233 ], [ 29.193113537584779, 51.116688023514243 ], [ 29.189066901545743, 51.142197477334541 ], [ 29.179968772019141, 51.155450493124121 ], [ 29.172113045498776, 51.159606749157717 ], [ 29.188799425350531, 51.172845697227643 ], [ 29.193217516478605, 51.181542934901117 ], [ 29.21303394870294, 51.18014397266473 ], [ 29.242618277952772, 51.185256188817846 ], [ 29.273812504397412, 51.19925548023464 ], [ 29.274454372811253, 51.202813432497656 ], [ 29.295241141332465, 51.206736940674354 ], [ 29.308179869324654, 51.214821899016911 ] ] ], [ [ [ 27.2129531810717, 51.390458431873739 ], [ 27.230090952465599, 51.389545032816748 ], [ 27.232878726985238, 51.367795877962784 ], [ 27.242590499524919, 51.354676572346825 ], [ 27.258247462328864, 51.343037675529253 ], [ 27.219029084081509, 51.350534527132879 ], [ 27.178590049388088, 51.349082584500721 ], [ 27.182453914368317, 51.377677761682371 ], [ 27.173203015704793, 51.394367208139954 ], [ 27.191070055860724, 51.398821035460003 ], [ 27.2129531810717, 51.390458431873739 ] ] ], [ [ [ 29.343625077669238, 51.251924297110769 ], [ 29.347108008971329, 51.255278072885872 ], [ 29.346459330842958, 51.251720812105205 ], [ 29.343625077669238, 51.251924297110769 ] ] ], [ [ [ 29.344922138309432, 51.259038862033684 ], [ 29.348081274509145, 51.260613948912805 ], [ 29.353750751678941, 51.260206646094566 ], [ 29.349942443043435, 51.255074494106175 ], [ 29.344922138309432, 51.259038862033684 ] ] ], [ [ [ 29.354075453859366, 51.261985241659197 ], [ 29.356585440550667, 51.26000289258576 ], [ 29.353750751678941, 51.260206646094566 ], [ 29.354075453859366, 51.261985241659197 ] ] ], [ [ [ 29.359745012520275, 51.261577640822409 ], [ 29.35723509215023, 51.263560055941085 ], [ 29.360069961945548, 51.263356208607945 ], [ 29.359745012520275, 51.261577640822409 ] ] ], [ [ [ 29.378706940349048, 51.271024116810175 ], [ 29.381868011103329, 51.27259819377381 ], [ 29.381542112922084, 51.270819728458818 ], [ 29.378706940349048, 51.271024116810175 ] ] ], [ [ [ 29.381868011103329, 51.27259819377381 ], [ 29.385029296018686, 51.274172174786031 ], [ 29.384703257477611, 51.272393724424212 ], [ 29.381868011103329, 51.27259819377381 ] ] ], [ [ [ 26.96126771047124, 51.489971428959137 ], [ 26.998025863888227, 51.484490851153303 ], [ 27.044785907103613, 51.489280800265519 ], [ 27.031201449213945, 51.473783831666069 ], [ 27.026447669125531, 51.459630133857765 ], [ 27.026946400180744, 51.441605671199241 ], [ 27.033636707270894, 51.426861257395963 ], [ 27.000064757290261, 51.412392051807487 ], [ 26.97963441425345, 51.388242179857549 ], [ 26.932446320740624, 51.401447888298868 ], [ 26.880988656620666, 51.404050393301787 ], [ 26.876420677131808, 51.413279119500487 ], [ 26.877110969451731, 51.418643672801636 ], [ 26.89496245474065, 51.423143441347349 ], [ 26.919697193131078, 51.436290877541779 ], [ 26.932767408735629, 51.448226440546449 ], [ 26.9446143906994, 51.472821592683331 ], [ 26.939288219611129, 51.498289751639973 ], [ 26.96126771047124, 51.489971428959137 ] ] ], [ [ [ 27.757582334437348, 51.473615137233438 ], [ 27.75498873856144, 51.475565717087171 ], [ 27.757847329280164, 51.475400259499921 ], [ 27.757582334437348, 51.473615137233438 ] ] ], [ [ [ 27.692092868103639, 51.479188247054054 ], [ 27.695214656595624, 51.480809665545941 ], [ 27.694952055764492, 51.47902431453803 ], [ 27.692092868103639, 51.479188247054054 ] ] ], [ [ [ 27.775062670547676, 51.494207597280884 ], [ 27.788028878545678, 51.48445194150819 ], [ 27.782509642796061, 51.466767903669499 ], [ 27.760440787890463, 51.473449620858098 ], [ 27.76981237103028, 51.47830789190575 ], [ 27.769343313361141, 51.494539367946089 ], [ 27.775062670547676, 51.494207597280884 ] ] ], [ [ [ 27.728248586407275, 51.489713102062261 ], [ 27.740959738371725, 51.478177149164686 ], [ 27.695214656595624, 51.480809665545941 ], [ 27.711880320230339, 51.496056532546547 ], [ 27.728248586407275, 51.489713102062261 ] ] ], [ [ [ 28.772969809098203, 51.424763269902343 ], [ 28.7761229230663, 51.426354250682181 ], [ 28.775818761018986, 51.42457315852122 ], [ 28.772969809098203, 51.424763269902343 ] ] ], [ [ [ 29.135169253932855, 51.40362879191278 ], [ 29.138332371506262, 51.405209463319991 ], [ 29.138014375064103, 51.403429939445104 ], [ 29.135169253932855, 51.40362879191278 ] ] ], [ [ [ 28.00506795373547, 51.545454788350554 ], [ 28.00490112008513, 51.525657226498133 ], [ 28.020786535562308, 51.497692428722104 ], [ 28.046880825309895, 51.479913244920041 ], [ 28.071761852825922, 51.473005728585633 ], [ 28.056739584907675, 51.450505852473711 ], [ 28.038780605310468, 51.446188702930684 ], [ 28.016870794172842, 51.434903823546072 ], [ 28.016321414076486, 51.431335503689098 ], [ 27.997004154258736, 51.418090516781945 ], [ 27.996182941557812, 51.41273779091491 ], [ 27.993329693348283, 51.412908909347358 ], [ 27.999469311224694, 51.434148608438321 ], [ 27.994740160488348, 51.459641601450237 ], [ 27.984683918582721, 51.469247335990872 ], [ 27.973406894381203, 51.489728982304371 ], [ 27.95503622172355, 51.501629012291978 ], [ 27.964581504480027, 51.526268935848179 ], [ 27.963909580971801, 51.540714229473963 ], [ 27.955197530214669, 51.559239980953528 ], [ 28.01354791581397, 51.562952687173897 ], [ 28.00506795373547, 51.545454788350554 ] ] ], [ [ [ 28.203350884421656, 51.502772849206096 ], [ 28.206774045258641, 51.506163201630095 ], [ 28.206208434709275, 51.502596401840457 ], [ 28.203350884421656, 51.502772849206096 ] ] ], [ [ [ 29.180605507983675, 51.512157163677912 ], [ 29.208797595715716, 51.508372356784115 ], [ 29.231928396842374, 51.508542077909127 ], [ 29.252855342679442, 51.512467138183986 ], [ 29.249620041074266, 51.494677261931187 ], [ 29.25499637289742, 51.492494454663571 ], [ 29.256551800822837, 51.485176586322716 ], [ 29.272350802854426, 51.476847821452715 ], [ 29.270407146168001, 51.466174382703315 ], [ 29.274807216188673, 51.458654133264574 ], [ 29.306128315283562, 51.456424019852285 ], [ 29.306699714864529, 51.443769635508289 ], [ 29.286774110426769, 51.445189609513356 ], [ 29.25701378963322, 51.440096409334693 ], [ 29.225329104852264, 51.424320565770216 ], [ 29.208253846088976, 51.425525715168185 ], [ 29.17851320685136, 51.420411472893214 ], [ 29.147186217477365, 51.406391941143738 ], [ 29.146549543030325, 51.40283297092251 ], [ 29.140859463631244, 51.403231018456268 ], [ 29.138650400516902, 51.406988985240716 ], [ 29.160480252878454, 51.416271483957765 ], [ 29.174099780189469, 51.427928611039157 ], [ 29.18776270154703, 51.455797658874786 ], [ 29.187478946708104, 51.470232198134035 ], [ 29.179287012194823, 51.488825981932521 ], [ 29.156832032416283, 51.508418498281372 ], [ 29.14321289248684, 51.512974735134001 ], [ 29.143851819231102, 51.516533668188259 ], [ 29.15336760084579, 51.521273616499329 ], [ 29.159072200421381, 51.520874314766019 ], [ 29.180605507983675, 51.512157163677912 ] ] ], [ [ [ 26.314495012634321, 51.629119784996981 ], [ 26.290652019760483, 51.623002181956537 ], [ 26.291904956536769, 51.63374163402284 ], [ 26.312667535299816, 51.638199517732147 ], [ 26.314495012634321, 51.629119784996981 ] ] ], [ [ [ 27.967896412929402, 51.585492850066345 ], [ 27.971309459101967, 51.58889052119747 ], [ 27.970760613927926, 51.585321946694513 ], [ 27.967896412929402, 51.585492850066345 ] ] ], [ [ [ 27.974997664376879, 51.594072343825289 ], [ 27.971583924105815, 51.590674806065081 ], [ 27.969268185265051, 51.59441432872584 ], [ 27.974997664376879, 51.594072343825289 ] ] ], [ [ [ 28.245549990710664, 51.640631268613319 ], [ 28.252717830554712, 51.631181756865296 ], [ 28.253867570872178, 51.620304760475264 ], [ 28.262461299045537, 51.619770660245187 ], [ 28.28308113394429, 51.604078861161462 ], [ 28.283076743383287, 51.586069591020966 ], [ 28.270196802101747, 51.57786766315602 ], [ 28.257614032886387, 51.553437628155216 ], [ 28.261628744369663, 51.524373144630161 ], [ 28.237906712426572, 51.520444204698059 ], [ 28.206774045258641, 51.506163201630095 ], [ 28.21560485235446, 51.525427088111108 ], [ 28.215296492780766, 51.541654071463512 ], [ 28.206688889023685, 51.56019461315703 ], [ 28.18376276306849, 51.579616248184209 ], [ 28.192633171351062, 51.580871005701781 ], [ 28.214657537814599, 51.592118352878337 ], [ 28.235538854371473, 51.61423809163739 ], [ 28.240389080093781, 51.644553130907411 ], [ 28.228909054691112, 51.663273272038779 ], [ 28.229479710037626, 51.666839794914132 ], [ 28.245533886232913, 51.676650880972325 ], [ 28.245549990710664, 51.640631268613319 ] ] ], [ [ [ 27.201668938630153, 51.772661454301598 ], [ 27.205320892835552, 51.714867185416772 ], [ 27.187814780768932, 51.713993946149415 ], [ 27.166700292243092, 51.707908269867836 ], [ 27.138382048030618, 51.691397088452995 ], [ 27.127574795504927, 51.675763778250825 ], [ 27.113200752057757, 51.676515558385674 ], [ 27.077499717274751, 51.669375449080476 ], [ 27.074390532756205, 51.689335978452924 ], [ 27.08781943438759, 51.703037680073763 ], [ 27.092398971610837, 51.73699815011134 ], [ 27.083292902905576, 51.755470886379349 ], [ 27.065055018867106, 51.770816162441541 ], [ 27.201668938630153, 51.772661454301598 ] ] ], [ [ [ 28.248402098496815, 51.676472983658073 ], [ 28.251556605577573, 51.678078186551829 ], [ 28.251270281240735, 51.676295016742131 ], [ 28.248402098496815, 51.676472983658073 ] ] ], [ [ [ 28.688485118743877, 45.276111302023111 ], [ 28.66586193136196, 45.259643499384872 ], [ 28.658158579785106, 45.240366009571893 ], [ 28.564976254591542, 45.248412723475887 ], [ 28.54548538475392, 45.255108871307726 ], [ 28.533805358994286, 45.263083435947664 ], [ 28.516358199276922, 45.266039396378687 ], [ 28.522359067854332, 45.27284106122444 ], [ 28.559542536288518, 45.264972425867732 ], [ 28.60596775426162, 45.269071068528028 ], [ 28.640248758217602, 45.277567960657407 ], [ 28.657094997324347, 45.289031422278875 ], [ 28.689696835745234, 45.28502809200284 ], [ 28.688485118743877, 45.276111302023111 ] ] ], [ [ [ 29.161697054414567, 45.428446006776753 ], [ 29.184401946123611, 45.408811691720004 ], [ 29.180578873855975, 45.400088191724649 ], [ 29.156016559342927, 45.389257830335268 ], [ 29.129706649693262, 45.383946891405152 ], [ 29.143939372674627, 45.411723607006778 ], [ 29.140217576256052, 45.438988520090241 ], [ 29.15994258916561, 45.433971787220706 ], [ 29.161697054414567, 45.428446006776753 ] ] ], [ [ [ 28.708053328030687, 45.717542140254658 ], [ 28.715689915656601, 45.717023526985784 ], [ 28.715196153979004, 45.713457303995789 ], [ 28.704768098394219, 45.712365433771332 ], [ 28.708053328030687, 45.717542140254658 ] ] ], [ [ [ 29.345811470344568, 45.755236019968798 ], [ 29.343673975513902, 45.740993331422111 ], [ 29.343546202470772, 45.723002886309203 ], [ 29.329893884077414, 45.734806075843316 ], [ 29.322532782763147, 45.737146324284112 ], [ 29.331085039966517, 45.7599184332216 ], [ 29.345811470344568, 45.755236019968798 ] ] ], [ [ [ 29.799238583176869, 46.019777507333202 ], [ 29.814267287065871, 46.016810036681051 ], [ 29.834381531105901, 45.997242722192446 ], [ 29.839483571722049, 45.996845053409309 ], [ 29.855053305220856, 45.981228593497278 ], [ 29.860153587694096, 45.980830108367037 ], [ 29.869209282314312, 45.972921288682954 ], [ 29.868637169742151, 45.969365689794138 ], [ 29.842570121670597, 45.967801525876403 ], [ 29.8235837202255, 45.962080119610278 ], [ 29.803749458802784, 45.951020889155693 ], [ 29.800349352066409, 45.945884395580144 ], [ 29.791855602563494, 45.973545713884725 ], [ 29.796112811436512, 46.000218060561636 ], [ 29.782506852191471, 46.028275412962074 ], [ 29.799238583176869, 46.019777507333202 ] ] ], [ [ [ 29.74557297407485, 46.218352394044132 ], [ 29.759518947432277, 46.208275012121071 ], [ 29.762361888702202, 46.193653408469459 ], [ 29.768903482602507, 46.185946862948818 ], [ 29.769184042989171, 46.171523213324775 ], [ 29.744155388845499, 46.177056008887433 ], [ 29.748989620077619, 46.191085160454463 ], [ 29.74557297407485, 46.218352394044132 ] ] ], [ [ [ 29.543538311845808, 46.269750616039673 ], [ 29.55017788735395, 46.245847677151886 ], [ 29.541371434030967, 46.23931001638131 ], [ 29.536520893778942, 46.241475219260693 ], [ 29.497221892463923, 46.239023989215653 ], [ 29.4906343337781, 46.246717839530305 ], [ 29.473507335806168, 46.253398475046716 ], [ 29.51593709965611, 46.259223645963978 ], [ 29.538685327504709, 46.271916090769565 ], [ 29.543538311845808, 46.269750616039673 ] ] ], [ [ [ 30.190741357049802, 46.366782121499874 ], [ 30.218213153229186, 46.344746639199911 ], [ 30.245212340425926, 46.335345989286651 ], [ 30.236767287482415, 46.316229631739482 ], [ 30.236919091723568, 46.30181380451922 ], [ 30.216864290942393, 46.321450622616794 ], [ 30.195293880621069, 46.332204594623875 ], [ 30.188638787069578, 46.354349452315461 ], [ 30.175646873260252, 46.369805255852306 ], [ 30.182580175884208, 46.380046589607417 ], [ 30.190741357049802, 46.366782121499874 ] ] ], [ [ [ 29.918039738261086, 46.384955408149011 ], [ 29.916054771872403, 46.388712203660205 ], [ 29.921483982394644, 46.390085692535628 ], [ 29.923176609158613, 46.384551417780003 ], [ 29.918039738261086, 46.384955408149011 ] ] ], [ [ [ 29.236542100693313, 46.557070556743632 ], [ 29.234232104958767, 46.559038258564847 ], [ 29.236813406996845, 46.558851131388074 ], [ 29.236542100693313, 46.557070556743632 ] ] ], [ [ [ 32.505149366417591, 46.326075790554249 ], [ 32.508069016746404, 46.327579200724422 ], [ 32.507694234946946, 46.325816190667091 ], [ 32.505149366417591, 46.326075790554249 ] ] ], [ [ [ 32.505898808350473, 46.329601839552367 ], [ 32.500434070780734, 46.32835788142755 ], [ 32.500808652512404, 46.330120936246928 ], [ 32.505898808350473, 46.329601839552367 ] ] ], [ [ [ 32.473472000828359, 46.38514131406906 ], [ 32.479469854826561, 46.352108244601773 ], [ 32.500808652512404, 46.330120936246928 ], [ 32.466294297642001, 46.339038204266231 ], [ 32.453191470138719, 46.338567974454861 ], [ 32.452511456514671, 46.347643202425388 ], [ 32.461340183928684, 46.364759149037312 ], [ 32.461783838173467, 46.379124236534423 ], [ 32.457809921146136, 46.384931721040303 ], [ 32.461854273800469, 46.39172606082078 ], [ 32.477518250279765, 46.391934911925269 ], [ 32.473472000828359, 46.38514131406906 ] ] ], [ [ [ 29.598785126897301, 46.946118202089735 ], [ 29.571665166063305, 46.940965164078435 ], [ 29.558651669568778, 46.958150464715459 ], [ 29.59357468385755, 46.962716935103785 ], [ 29.59819684683815, 46.958766275617741 ], [ 29.598785126897301, 46.946118202089735 ] ] ], [ [ [ 31.474984354759549, 47.085544990144079 ], [ 31.501713303173904, 47.074062462638501 ], [ 31.522072896303825, 47.070371094072776 ], [ 31.54866454265208, 47.071499837568197 ], [ 31.553488508022554, 47.069248890483074 ], [ 31.542076374478789, 47.06490768316236 ], [ 31.541371100030741, 47.061370493993998 ], [ 31.510310936464791, 47.064257749773404 ], [ 31.493725854961248, 47.060391667119994 ], [ 31.448525854227764, 47.071776509076912 ], [ 31.422281095623674, 47.072393266791146 ], [ 31.426119884642166, 47.091855138788503 ], [ 31.466026347308176, 47.09357879590906 ], [ 31.474984354759549, 47.085544990144079 ] ] ], [ [ [ 31.315743871908545, 47.188425765518666 ], [ 31.288051431061088, 47.181936196493581 ], [ 31.283204665466403, 47.184177463689508 ], [ 31.285970049458758, 47.198337596341112 ], [ 31.31159107642511, 47.194207911998568 ], [ 31.315743871908545, 47.188425765518666 ] ] ], [ [ [ 31.907983998420988, 47.278867373728801 ], [ 31.938391543015296, 47.272329611770729 ], [ 31.939512742090812, 47.265014035384063 ], [ 31.932482805241552, 47.256684239050671 ], [ 31.91652730328639, 47.269034859484471 ], [ 31.894271540622402, 47.276584218849287 ], [ 31.893878171465055, 47.287432818870961 ], [ 31.907983998420988, 47.278867373728801 ] ] ], [ [ [ 32.729066035880415, 47.256158953122828 ], [ 32.736256573582168, 47.240994018365456 ], [ 32.732313326546517, 47.22338102158708 ], [ 32.707637530883389, 47.231347662585954 ], [ 32.707412247506156, 47.242184483334377 ], [ 32.699032417670772, 47.252063761615638 ], [ 32.70454408879155, 47.276724724895764 ], [ 32.730424855551703, 47.274040768372473 ], [ 32.729066035880415, 47.256158953122828 ] ] ], [ [ [ 31.862927810570881, 47.355271723141662 ], [ 31.871094068739957, 47.356289898601325 ], [ 31.869992419083552, 47.350990143797041 ], [ 31.867392952238163, 47.351239640022008 ], [ 31.862927810570881, 47.355271723141662 ] ] ], [ [ [ 32.309594414528462, 49.446319023718011 ], [ 32.319589040043091, 49.441720248781202 ], [ 32.340396132971279, 49.436046693391255 ], [ 32.346858063279136, 49.428188262285651 ], [ 32.359547814387199, 49.423317739387699 ], [ 32.35872305090011, 49.419791750259684 ], [ 32.374749348218501, 49.405567000468324 ], [ 32.392419172114408, 49.3983918973519 ], [ 32.396580943309395, 49.392564073362493 ], [ 32.413828739373038, 49.383623493435216 ], [ 32.450379060170491, 49.374548131382774 ], [ 32.475085208177845, 49.373869286462273 ], [ 32.486712716249926, 49.376307095765732 ], [ 32.494175869155043, 49.361122067985718 ], [ 32.512422947848343, 49.344848270875076 ], [ 32.534605942340519, 49.333585586787564 ], [ 32.576481340836764, 49.323928545881259 ], [ 32.59846055503823, 49.323498524302401 ], [ 32.624394591104718, 49.328073629772341 ], [ 32.641152667017494, 49.31734204344535 ], [ 32.680293471915654, 49.307924407607693 ], [ 32.702261109231571, 49.307474895110929 ], [ 32.730885035183313, 49.311748978877965 ], [ 32.764757817151519, 49.326300388615266 ], [ 32.782059519588316, 49.340752451978652 ], [ 32.796117722647345, 49.364560403423305 ], [ 32.797267856450681, 49.380681684262932 ], [ 32.788486349840355, 49.40143973519293 ], [ 32.804241436908491, 49.39800467654478 ], [ 32.832066796877783, 49.398728499636135 ], [ 32.817423872817336, 49.38400697837384 ], [ 32.810020901129704, 49.364924875991427 ], [ 32.809295225750517, 49.350564234944052 ], [ 32.819900190372472, 49.326006505079619 ], [ 32.842973338443151, 49.307370015288292 ], [ 32.868172293909907, 49.297529316164862 ], [ 32.878935332314533, 49.29640727981522 ], [ 32.886263383473377, 49.281206765800256 ], [ 32.902083482023158, 49.266922953308573 ], [ 32.932194279076157, 49.254748947309444 ], [ 32.945736163251667, 49.24250176112136 ], [ 32.97087898861345, 49.232642445968303 ], [ 33.008483048910335, 49.228681370958299 ], [ 33.009438035449257, 49.221362337404464 ], [ 33.020699321435181, 49.211150612520328 ], [ 33.024856782212041, 49.194470338840986 ], [ 33.04510811149396, 49.176087335239842 ], [ 33.049689258797251, 49.16116582201758 ], [ 33.062743893110628, 49.147150465755843 ], [ 33.036885570005168, 49.142671486642691 ], [ 33.015098028531469, 49.132343342990595 ], [ 33.000928695140914, 49.119403376025097 ], [ 32.959333339606765, 49.129197014824761 ], [ 32.934775688947056, 49.129971328415834 ], [ 32.905824812145617, 49.123982559072992 ], [ 32.884374933421, 49.126224902604775 ], [ 32.855855931340976, 49.121982579562101 ], [ 32.850790016646904, 49.135140303796213 ], [ 32.834989724030258, 49.149414521519745 ], [ 32.817905797197838, 49.158406746679304 ], [ 32.802226621616747, 49.161837753670902 ], [ 32.795307250037148, 49.178793404487472 ], [ 32.779477430215636, 49.193062267878076 ], [ 32.747093019662209, 49.20723340038451 ], [ 32.728282115435505, 49.209172252002375 ], [ 32.725018928129067, 49.218529475370424 ], [ 32.701932791125145, 49.237141875180207 ], [ 32.64923222776865, 49.25878105945705 ], [ 32.625432210538271, 49.263016087999972 ], [ 32.597679557822715, 49.262235813609266 ], [ 32.594388777703941, 49.271591456387398 ], [ 32.571226362671091, 49.290182907502569 ], [ 32.536433832178446, 49.306338530279284 ], [ 32.513013665824239, 49.312314399925462 ], [ 32.493114029089305, 49.321538569825776 ], [ 32.461590777042225, 49.328319811589722 ], [ 32.455783267392974, 49.327099336247009 ], [ 32.444785177614136, 49.33902801562683 ], [ 32.427558360814601, 49.347971691514324 ], [ 32.401403363421792, 49.354197300889233 ], [ 32.394133150609314, 49.358531822582506 ], [ 32.348248264180839, 49.363105750397857 ], [ 32.328293278717972, 49.372304815279172 ], [ 32.301289808786059, 49.374982698291639 ], [ 32.282956573961101, 49.391228425502675 ], [ 32.25986576579551, 49.398920790842951 ], [ 32.251914309561386, 49.412332392409425 ], [ 32.235847166981557, 49.426542510107417 ], [ 32.223141921759094, 49.431400155184484 ], [ 32.223957300965544, 49.434927805641287 ], [ 32.212063348319496, 49.443312155881515 ], [ 32.240337976849432, 49.44594359836519 ], [ 32.255498651587956, 49.451665674399415 ], [ 32.274433997934388, 49.449797177138457 ], [ 32.29189384909656, 49.453483394968792 ], [ 32.302713315342402, 49.452412621873577 ], [ 32.309594414528462, 49.446319023718011 ] ] ], [ [ [ 31.799911757397069, 49.443344284386633 ], [ 31.81027113995037, 49.415312713433124 ], [ 31.80481714374762, 49.403204465690202 ], [ 31.792422933667808, 49.397162205162026 ], [ 31.791639570084833, 49.393629353669404 ], [ 31.783129240506007, 49.392629492002662 ], [ 31.779672744511252, 49.401972743194477 ], [ 31.765385347228658, 49.412336842486233 ], [ 31.766949492710321, 49.419403128567595 ], [ 31.773539311592614, 49.424192290737501 ], [ 31.7766718687189, 49.438324405608768 ], [ 31.780164425757224, 49.441601892566794 ], [ 31.799911757397069, 49.443344284386633 ] ] ], [ [ [ 31.53004496520877, 49.894117226044862 ], [ 31.537098036787388, 49.875433860471709 ], [ 31.553517546867965, 49.861298576787057 ], [ 31.548447478516845, 49.850944144666236 ], [ 31.531654774842774, 49.850684916476204 ], [ 31.526963371754878, 49.854722893019741 ], [ 31.531627174069488, 49.875936615466593 ], [ 31.524571865005935, 49.894619784567709 ], [ 31.512830909888752, 49.904714564667202 ], [ 31.518274946106381, 49.929464791503449 ], [ 31.537054533931027, 49.925937125838217 ], [ 31.53004496520877, 49.894117226044862 ] ] ], [ [ [ 31.2349715964023, 49.989352574889821 ], [ 31.225510283608767, 49.997408894566703 ], [ 31.2431197687329, 50.001248814272842 ], [ 31.241599975960707, 49.994171233498783 ], [ 31.2349715964023, 49.989352574889821 ] ] ], [ [ [ 29.693776106802051, 50.75047500343954 ], [ 29.696909244664386, 50.752041677705904 ], [ 29.696577401835381, 50.75026452342891 ], [ 29.693776106802051, 50.75047500343954 ] ] ], [ [ [ 29.742464263212813, 50.782849769253055 ], [ 29.735324212681761, 50.759961045329817 ], [ 29.720983086661587, 50.759240540994327 ], [ 29.696909244664386, 50.752041677705904 ], [ 29.69643095981246, 50.764692284302733 ], [ 29.702699637763097, 50.767825291749865 ], [ 29.711297748341277, 50.783397496841829 ], [ 29.742464263212813, 50.782849769253055 ] ] ], [ [ [ 30.514041856806347, 50.815694490868523 ], [ 30.508444230245548, 50.816155037054983 ], [ 30.492635642380044, 50.808439344577756 ], [ 30.504299456586683, 50.823707817620324 ], [ 30.514041856806347, 50.815694490868523 ] ] ], [ [ [ 30.413980121924901, 51.009587654046761 ], [ 30.408719651606855, 51.011818194978787 ], [ 30.414342431929182, 51.011361182899734 ], [ 30.413980121924901, 51.009587654046761 ] ] ], [ [ [ 30.417153767021766, 51.011132576486617 ], [ 30.423138986563146, 51.012448646233814 ], [ 30.422776327019157, 51.010675162923668 ], [ 30.417153767021766, 51.011132576486617 ] ] ], [ [ [ 30.182766214097317, 51.511312810789924 ], [ 30.21364153826724, 51.492643816600605 ], [ 30.247024646371198, 51.486387594508621 ], [ 30.266856190771684, 51.470384150436821 ], [ 30.291330288792334, 51.463021228246468 ], [ 30.290603467440228, 51.459473185677531 ], [ 30.298759051239731, 51.45701790113273 ], [ 30.306185885461929, 51.451014198187181 ], [ 30.305458224647484, 51.447466299127385 ], [ 30.311136037452819, 51.447011520915154 ], [ 30.310408097153129, 51.443463669727237 ], [ 30.31855965982162, 51.441007192275251 ], [ 30.325252578441063, 51.431454781167723 ], [ 30.330928084182947, 51.430999144692024 ], [ 30.330199027617819, 51.427451485168788 ], [ 30.352532522638725, 51.423852732429317 ], [ 30.343291162407283, 51.420990056877486 ], [ 30.342561409536309, 51.417442517288393 ], [ 30.347504866542465, 51.413438639224708 ], [ 30.347421852800021, 51.399020425848143 ], [ 30.351268445511014, 51.389695269035343 ], [ 30.356573350345876, 51.387464926999506 ], [ 30.357218233791894, 51.376594307579403 ], [ 30.345516962611832, 51.37573340284878 ], [ 30.344423899884855, 51.370412082909894 ], [ 30.324875372683174, 51.359361898106286 ], [ 30.353853067968231, 51.346212754597055 ], [ 30.373589794156945, 51.330196145143525 ], [ 30.389479524728305, 51.323502646871724 ], [ 30.393678391439114, 51.315950436121064 ], [ 30.403900918621289, 51.309713265272741 ], [ 30.431828536615157, 51.305643844597718 ], [ 30.438220919333702, 51.308730481978067 ], [ 30.463683020779879, 51.30665688673367 ], [ 30.458646958160003, 51.296248320597172 ], [ 30.46393566513559, 51.294013902139632 ], [ 30.462832102657277, 51.288694331133478 ], [ 30.450418420530472, 51.284296527194286 ], [ 30.453869553526562, 51.273196341986129 ], [ 30.465177171066472, 51.272274361224532 ], [ 30.483611003438671, 51.277981743385453 ], [ 30.506964707546242, 51.27967677613578 ], [ 30.516793256858442, 51.27165792553614 ], [ 30.540746914177387, 51.262477150633977 ], [ 30.570487400234569, 51.267240132341506 ], [ 30.571230793563277, 51.270785410291573 ], [ 30.577254402859317, 51.272091509896242 ], [ 30.586696103278243, 51.262294868992882 ], [ 30.60535295335221, 51.255341119613817 ], [ 30.601782908979732, 51.252030085435415 ], [ 30.580895195691014, 51.248347703914071 ], [ 30.558526875433142, 51.237570548966467 ], [ 30.544639087990102, 51.226091637784577 ], [ 30.53099531549163, 51.201968638004473 ], [ 30.530125320627654, 51.184007964425604 ], [ 30.53845435647262, 51.16889714097632 ], [ 30.536978141874251, 51.161805768634906 ], [ 30.54493269319503, 51.144921991704599 ], [ 30.541981401777996, 51.130739419515308 ], [ 30.54822009078978, 51.119406261323995 ], [ 30.542691528307888, 51.092813950650985 ], [ 30.550266952092464, 51.074157789432391 ], [ 30.560048102806284, 51.066138062990909 ], [ 30.547190720528175, 51.045560744378825 ], [ 30.546563831233346, 51.014958883256533 ], [ 30.558644679459736, 50.990521064944382 ], [ 30.58341605598466, 50.972244089785747 ], [ 30.61001332003622, 50.962825536696741 ], [ 30.632096680213586, 50.959186019471495 ], [ 30.674931712841534, 50.959218292301387 ], [ 30.662060933549238, 50.938655056474872 ], [ 30.661739211661036, 50.909830323472718 ], [ 30.643225176712612, 50.916785138542807 ], [ 30.621162834734783, 50.92042564294605 ], [ 30.592751303800082, 50.920982196090023 ], [ 30.566408971144863, 50.917754339321043 ], [ 30.545312408786778, 50.912284697967195 ], [ 30.538606419004346, 50.907428632009761 ], [ 30.532998201163171, 50.907890951054355 ], [ 30.542631475711421, 50.926930566023294 ], [ 30.54348823981697, 50.944890838437914 ], [ 30.539098268358465, 50.965086941765271 ], [ 30.530431189138632, 50.978422728774653 ], [ 30.513331477983467, 50.992451122716602 ], [ 30.495125575284632, 51.00115821486861 ], [ 30.448803259256039, 51.012160195051401 ], [ 30.425950315712679, 51.012219824698654 ], [ 30.447082932359951, 51.01770964877835 ], [ 30.469313949019906, 51.028515076304174 ], [ 30.490936619698388, 51.050184944104537 ], [ 30.497892665101357, 51.083873800088405 ], [ 30.4857605872484, 51.108308385585374 ], [ 30.468603138442266, 51.122333518800886 ], [ 30.450339476796081, 51.131036755018641 ], [ 30.411970899705889, 51.139568187521732 ], [ 30.400330534397167, 51.13870978639936 ], [ 30.390142682619238, 51.144944656748109 ], [ 30.365488706962115, 51.150545144534874 ], [ 30.353558299522636, 51.162326297681567 ], [ 30.319046156316322, 51.175923084576496 ], [ 30.294005420975292, 51.179735633688551 ], [ 30.253410916796476, 51.177573035815584 ], [ 30.232220761448076, 51.172050320850211 ], [ 30.215966653816054, 51.162526035732128 ], [ 30.197278789441842, 51.169418030108304 ], [ 30.166581733608357, 51.173650930426248 ], [ 30.14364084097485, 51.173658825383782 ], [ 30.11964004630229, 51.168337274978583 ], [ 30.102347450325567, 51.167892785685225 ], [ 30.095996368837032, 51.164785566166152 ], [ 30.087526523492265, 51.165449408275109 ], [ 30.069517972440739, 51.175872126510008 ], [ 30.031026271508821, 51.184282610630625 ], [ 30.002426413216753, 51.184702421104276 ], [ 29.99464766309103, 51.188910838203597 ], [ 29.969564318328874, 51.192654886546599 ], [ 29.931785844212492, 51.190160903042695 ], [ 29.937328118065309, 51.218574852568175 ], [ 29.924862388870501, 51.242966902830354 ], [ 29.90747718349288, 51.256919615818759 ], [ 29.883383106163365, 51.265975267544349 ], [ 29.881587387193349, 51.271520123358442 ], [ 29.85636968058488, 51.289668108541292 ], [ 29.821256600953379, 51.301351965612014 ], [ 29.798927931084531, 51.304847531621498 ], [ 29.752555492504225, 51.302942682273255 ], [ 29.731355001683724, 51.297328220026778 ], [ 29.70279871446694, 51.283249587549911 ], [ 29.680129359715043, 51.284945294043396 ], [ 29.662452099379674, 51.282659913102385 ], [ 29.637765159735224, 51.2736841840549 ], [ 29.598093733702594, 51.27662639015621 ], [ 29.568420219433907, 51.271609420511339 ], [ 29.564920451706129, 51.26826310277287 ], [ 29.521565696706229, 51.282263010450826 ], [ 29.473698329668217, 51.287564588232812 ], [ 29.412508691592141, 51.282998731178097 ], [ 29.385029296018686, 51.274172174786031 ], [ 29.402146229776537, 51.289154121700143 ], [ 29.415566428496337, 51.315213577137861 ], [ 29.415350694720335, 51.329645327813807 ], [ 29.406616919600786, 51.344693110536738 ], [ 29.410551888021185, 51.366032910612276 ], [ 29.392188486537393, 51.407003466518091 ], [ 29.410234577118636, 51.411106731295781 ], [ 29.413735721054831, 51.414457736996404 ], [ 29.42543989163266, 51.415412976601125 ], [ 29.450372029630387, 51.410000935929261 ], [ 29.471793062653571, 51.401234839266976 ], [ 29.497042765953658, 51.397591360361169 ], [ 29.503723284094495, 51.402509658866904 ], [ 29.505384490274082, 51.411398947754385 ], [ 29.511735432363292, 51.414538812737881 ], [ 29.513398907328639, 51.423427897212441 ], [ 29.521929601870173, 51.422803433053041 ], [ 29.52492891634483, 51.438803298105611 ], [ 29.519573090356602, 51.440997691689681 ], [ 29.521906528861404, 51.45344208396218 ], [ 29.534957850896578, 51.461496683706933 ], [ 29.538969167259236, 51.482828930131795 ], [ 29.544663335179909, 51.482411107647351 ], [ 29.546840823397918, 51.478646819509912 ], [ 29.55253435285028, 51.478228638847618 ], [ 29.554711010068321, 51.474464242614509 ], [ 29.560403901056105, 51.474045703902362 ], [ 29.581158261358432, 51.461703944915428 ], [ 29.60594207738605, 51.470687533211233 ], [ 29.610325206281729, 51.49379309589105 ], [ 29.621713993469225, 51.492950121705796 ], [ 29.628084323436543, 51.496082733628633 ], [ 29.632961493584052, 51.506535053961038 ], [ 29.641166275262982, 51.504123979110922 ], [ 29.64299762808859, 51.498581023897295 ], [ 29.652217577261222, 51.501500754108356 ], [ 29.653235066263147, 51.506832156650702 ], [ 29.672488620177258, 51.501794597534186 ], [ 29.674188570034069, 51.510679777785121 ], [ 29.683753281885295, 51.515373813349157 ], [ 29.701523368383945, 51.517651671659827 ], [ 29.711433879658973, 51.524120110539592 ], [ 29.712459108235858, 51.529450650283913 ], [ 29.733084433349159, 51.531510136090873 ], [ 29.741630334345281, 51.53086873797173 ], [ 29.742421190736795, 51.519994620140729 ], [ 29.747430859388011, 51.516013347022771 ], [ 29.741050088760311, 51.512887789065473 ], [ 29.740022130972189, 51.507557642938522 ], [ 29.745716339428327, 51.507129916299576 ], [ 29.742974933453613, 51.492916314068893 ], [ 29.734436161933221, 51.493557476827341 ], [ 29.733409685822437, 51.488227218501883 ], [ 29.734545021228591, 51.479129866832068 ], [ 29.741027549854984, 51.467828507033268 ], [ 29.746374445465278, 51.46562426484055 ], [ 29.744663217138477, 51.456740732670426 ], [ 29.753194883004014, 51.456099149855291 ], [ 29.766384721877984, 51.449698657607804 ], [ 29.783444114481647, 51.448411840682979 ], [ 29.793784521990279, 51.442223163120417 ], [ 29.798003425738035, 51.449114074469854 ], [ 29.794037276390856, 51.458426399087607 ], [ 29.81178820183456, 51.460688186252945 ], [ 29.816785488681948, 51.456704525679655 ], [ 29.815405941119813, 51.449599043671256 ], [ 29.830311053224833, 51.45207353420507 ], [ 29.843066451058093, 51.458314674313293 ], [ 29.851249836939846, 51.455889719327779 ], [ 29.850211141003019, 51.450561108992567 ], [ 29.881131855074059, 51.446401623847429 ], [ 29.881068481778254, 51.46082713222242 ], [ 29.889945599666706, 51.461951601470531 ], [ 29.892381507959588, 51.474383623199898 ], [ 29.88669363815637, 51.474818273041244 ], [ 29.894470818708854, 51.485039554964537 ], [ 29.920768948410167, 51.486631217571713 ], [ 29.930701154708192, 51.49307978605998 ], [ 29.949211559329108, 51.484446618275392 ], [ 29.947459785723133, 51.475568012654257 ], [ 29.952796338411272, 51.473354711041956 ], [ 29.952095520978421, 51.469803303861447 ], [ 29.939323156305729, 51.463575005187529 ], [ 29.924459523756564, 51.446690090673791 ], [ 29.917486428010626, 51.411172689787563 ], [ 29.929991233273487, 51.3867788702685 ], [ 29.947413843159321, 51.372820652852759 ], [ 29.960900310138829, 51.368176307090224 ], [ 29.97547063881699, 51.354433342780915 ], [ 29.988948619781553, 51.349786142338324 ], [ 29.964209559631289, 51.326460547531873 ], [ 29.958280844461502, 51.296273493570588 ], [ 29.966123093037446, 51.277642289436585 ], [ 29.990589697962299, 51.255921750380281 ], [ 30.025269176927047, 51.242415091487651 ], [ 30.053201344502746, 51.238437317622804 ], [ 30.093849595677451, 51.240667892835717 ], [ 30.124605794462312, 51.250873384652628 ], [ 30.1309634652171, 51.239556753347912 ], [ 30.148270236866473, 51.22557428616885 ], [ 30.182875220583991, 51.212023965065718 ], [ 30.230902215943022, 51.208212587646528 ], [ 30.260584327717719, 51.213058508510976 ], [ 30.292073476789657, 51.226766968804021 ], [ 30.313722363831776, 51.248469722800237 ], [ 30.319873768525039, 51.278626870899309 ], [ 30.307605595750822, 51.30305050161769 ], [ 30.282553645473726, 51.321283382128833 ], [ 30.25567961721006, 51.33064069950494 ], [ 30.207528184491352, 51.334468693574259 ], [ 30.171389614486845, 51.326511063838744 ], [ 30.165389815744859, 51.339604753104425 ], [ 30.152648450497551, 51.347820913328377 ], [ 30.153718409006569, 51.353145158099572 ], [ 30.167913679799351, 51.366448623863342 ], [ 30.173967970639293, 51.382196656187276 ], [ 30.173995192266467, 51.396617673875063 ], [ 30.169395072767973, 51.402389463985912 ], [ 30.171901565372185, 51.414811967404695 ], [ 30.157400535883674, 51.442998951837538 ], [ 30.132213909452346, 51.461206229791522 ], [ 30.099897265717271, 51.47275424007141 ], [ 30.077158771525134, 51.474531411921191 ], [ 30.055835949183869, 51.483405003195067 ], [ 30.033443095042134, 51.486949190981804 ], [ 30.030245879941319, 51.485394691985817 ], [ 30.007496691127002, 51.487158661662932 ], [ 30.011046238264662, 51.4904892300979 ], [ 30.016734110725682, 51.490048455102382 ], [ 30.020637891040373, 51.495154061219601 ], [ 30.021698114800135, 51.50048013678429 ], [ 30.013870771686438, 51.50469244176788 ], [ 30.042317304069165, 51.502484719435529 ], [ 30.050141405971697, 51.49827064421801 ], [ 30.078936702867779, 51.497829396434796 ], [ 30.103817087918578, 51.492278844548366 ], [ 30.108790259539173, 51.488283709104749 ], [ 30.120162210950863, 51.487392434007454 ], [ 30.126562711447427, 51.49049606915122 ], [ 30.120176549608708, 51.501814366053104 ], [ 30.124092746277285, 51.506915880859779 ], [ 30.132624876574646, 51.506246242913164 ], [ 30.13190925889425, 51.502696630754336 ], [ 30.147179608328845, 51.492482033561181 ], [ 30.16387818076447, 51.489364399460861 ], [ 30.167827674736063, 51.508885439275261 ], [ 30.174234341375637, 51.511986142449473 ], [ 30.182766214097317, 51.511312810789924 ] ] ], [ [ [ 30.841042638970801, 51.255413554980777 ], [ 30.860561815968325, 51.239325429790249 ], [ 30.843399867193678, 51.226355312356581 ], [ 30.835470479055591, 51.216206909249742 ], [ 30.832803344775837, 51.203808066693355 ], [ 30.819622974482989, 51.195907934699633 ], [ 30.802273232129227, 51.168520307790708 ], [ 30.798697365931115, 51.165215768826776 ], [ 30.790244715158689, 51.165930443288225 ], [ 30.769008801609473, 51.160509183996162 ], [ 30.739882943368293, 51.144927086421568 ], [ 30.744225102301851, 51.178827655769823 ], [ 30.725072773948476, 51.223719791384625 ], [ 30.748778798750926, 51.227138841684791 ], [ 30.789252939936706, 51.24176298002287 ], [ 30.809768727088059, 51.24363565001655 ], [ 30.835397279596567, 51.255892709533157 ], [ 30.841042638970801, 51.255413554980777 ] ] ], [ [ [ 29.989377156830209, 51.483152223280776 ], [ 29.971260526090315, 51.479142806114574 ], [ 29.972314390220564, 51.484469623725907 ], [ 29.978705309695258, 51.487581908411087 ], [ 29.987237285198834, 51.48692302246684 ], [ 29.989377156830209, 51.483152223280776 ] ] ], [ [ [ 30.004300263430846, 51.485603406522706 ], [ 30.007496691127002, 51.487158661662932 ], [ 30.007143966912146, 51.485383231511577 ], [ 30.004300263430846, 51.485603406522706 ] ] ], [ [ [ 31.898167806977501, 51.622819914709709 ], [ 31.887522197905778, 51.61479299155237 ], [ 31.878316280468415, 51.624683297003408 ], [ 31.898167806977501, 51.622819914709709 ] ] ], [ [ [ 32.163553398103041, 52.070724266332924 ], [ 32.166860421460314, 52.072213110765759 ], [ 32.166414856199779, 52.070449731785018 ], [ 32.163553398103041, 52.070724266332924 ] ] ], [ [ [ 33.691041190478359, 52.353323574524801 ], [ 33.683471106659624, 52.35776816563088 ], [ 33.698300824372716, 52.357958186436448 ], [ 33.691041190478359, 52.353323574524801 ] ] ], [ [ [ 33.698300824372716, 52.357958186436448 ], [ 33.701675644916172, 52.359398625093711 ], [ 33.701164526341415, 52.357645296080058 ], [ 33.698300824372716, 52.357958186436448 ] ] ], [ [ [ 33.711289798693123, 52.361966014184752 ], [ 33.707403106452723, 52.358772600732244 ], [ 33.701675644916172, 52.359398625093711 ], [ 33.705562011880595, 52.36259225348892 ], [ 33.711289798693123, 52.361966014184752 ] ] ], [ [ [ 33.711289798693123, 52.361966014184752 ], [ 33.711801397685235, 52.36371927199685 ], [ 33.717529189401318, 52.363092720898827 ], [ 33.717017375229474, 52.361339502482792 ], [ 33.711289798693123, 52.361966014184752 ] ] ], [ [ [ 32.005077934642642, 46.615499942111789 ], [ 32.017578930569144, 46.587262443789037 ], [ 32.04212253854471, 46.566853605043413 ], [ 32.041034195661439, 46.561556191500422 ], [ 32.055703675138609, 46.531301480944371 ], [ 32.075457977911832, 46.513155147900612 ], [ 32.080572785600651, 46.512653495156627 ], [ 32.073311773075403, 46.477341247500306 ], [ 32.086119003739483, 46.450868129848438 ], [ 32.065682494018922, 46.452872356066599 ], [ 32.030302409765142, 46.44552616990012 ], [ 32.00370872121713, 46.430108654665787 ], [ 31.992451470250256, 46.413193556787 ], [ 31.965122897481468, 46.406844291707564 ], [ 31.94474453191626, 46.396213017213867 ], [ 31.928765694759594, 46.381550454412142 ], [ 31.916118746803093, 46.357558659838311 ], [ 31.914398152471655, 46.336112615294418 ], [ 31.921752207020198, 46.320993678225342 ], [ 31.91967761306465, 46.297781309779502 ], [ 31.927797028331831, 46.273583297097922 ], [ 31.947163535211846, 46.253698062643331 ], [ 31.963562642747842, 46.244903322297965 ], [ 31.985403754477961, 46.23737778445701 ], [ 32.010855840263048, 46.234898703324461 ], [ 32.015230305757349, 46.230870094432966 ], [ 32.030140408925384, 46.227613514781559 ], [ 32.035623987254937, 46.216271874213099 ], [ 32.050920413469726, 46.202168936924643 ], [ 32.067285831359236, 46.193361941481172 ], [ 32.081822272872735, 46.188333967068367 ], [ 32.119592113157111, 46.182818669613411 ], [ 32.126495666998551, 46.178536434676872 ], [ 32.164613377802588, 46.174772298318999 ], [ 32.170064269195919, 46.163427130095563 ], [ 32.185309959880634, 46.149310393111698 ], [ 32.206713557294478, 46.13998303474537 ], [ 32.202000929631872, 46.117038680422198 ], [ 32.21251501087913, 46.092582381819085 ], [ 32.236786969337857, 46.072158619014346 ], [ 32.277338699555713, 46.055505995430984 ], [ 32.299782868218337, 46.051459124470597 ], [ 32.341787263806815, 46.054447135418357 ], [ 32.357691266085929, 46.043842155501999 ], [ 32.397115784148504, 46.034462252541765 ], [ 32.417742254446374, 46.034176737756255 ], [ 32.444907752217141, 46.040427649540092 ], [ 32.452504435713969, 46.03965636659008 ], [ 32.46331695080837, 46.029552930762407 ], [ 32.487150589161899, 46.019923539055526 ], [ 32.537762957095751, 46.014755358890902 ], [ 32.578323812113219, 46.023203496916686 ], [ 32.601555670451759, 46.035222762518949 ], [ 32.611767663843843, 46.046778294498914 ], [ 32.639607247526065, 46.043906880061002 ], [ 32.666793043737066, 46.050101228307234 ], [ 32.687037630757182, 46.048003722262884 ], [ 32.702974301034473, 46.049952013941741 ], [ 32.722198059915073, 46.055158252443761 ], [ 32.734211848118321, 46.062913263545205 ], [ 32.741424967932964, 46.060360853789895 ], [ 32.775078030852342, 46.060451354726446 ], [ 32.802281576265294, 46.066610627681484 ], [ 32.834026335556551, 46.057877421649053 ], [ 32.927979077185142, 46.049769237483773 ], [ 32.963157628499154, 46.056845019926051 ], [ 32.998137050918551, 46.074737957456712 ], [ 33.048509171698733, 46.08016699022405 ], [ 33.062708372755679, 46.085851653918326 ], [ 33.079238798192279, 46.078675852550383 ], [ 33.099072784868035, 46.074745026847005 ], [ 33.129795226821621, 46.073240431121299 ], [ 33.156636405678825, 46.077550154385719 ], [ 33.179997936990553, 46.089435009155942 ], [ 33.190895377297956, 46.091857913175225 ], [ 33.201005988698086, 46.0907624612178 ], [ 33.197856995610941, 46.076693529011045 ], [ 33.207900059139639, 46.05218837305204 ], [ 33.227084508282232, 46.033894721359225 ], [ 33.243179649103084, 46.02494001282745 ], [ 33.277328843238216, 46.015815878096049 ], [ 33.326457402908225, 46.015848419873365 ], [ 33.341337361242175, 46.001608505346894 ], [ 33.364966492709456, 45.99180902301454 ], [ 33.407826590942229, 45.987089784678851 ], [ 33.434632335568537, 45.991334720222632 ], [ 33.446315971069453, 45.997247553575953 ], [ 33.486133552839959, 46.001840648388765 ], [ 33.514962022957313, 46.014848087651323 ], [ 33.535331746838729, 46.035996834472066 ], [ 33.541390262881713, 46.062341988946088 ], [ 33.552695541070861, 46.066484840527245 ], [ 33.563099283704886, 46.077932943347705 ], [ 33.568146177628947, 46.07736900507529 ], [ 33.585086637226667, 46.061063019268111 ], [ 33.60656907400962, 46.053252318140011 ], [ 33.599265009344776, 46.021646022962962 ], [ 33.605291403723484, 46.002956966192507 ], [ 33.628133661270098, 45.978777499586698 ], [ 33.644136278411317, 45.969773448922723 ], [ 33.651689418712458, 45.968923626256633 ], [ 33.650470525694985, 45.963656839061692 ], [ 33.66232208274085, 45.947911959086859 ], [ 33.665807412518831, 45.929506358056578 ], [ 33.680163675352603, 45.91347749318075 ], [ 33.675133866391086, 45.914044824712832 ], [ 33.654688742260184, 45.90373973619802 ], [ 33.650957860625404, 45.898755985868824 ], [ 33.633760336965921, 45.902491449144549 ], [ 33.602771875828708, 45.902367427956875 ], [ 33.576006555553811, 45.898159860820563 ], [ 33.561417599057961, 45.890784828873549 ], [ 33.556387502572349, 45.891346718401572 ], [ 33.538676196069787, 45.904130486713719 ], [ 33.504653458018822, 45.913322896814378 ], [ 33.479085603687793, 45.914361950689468 ], [ 33.452317718143476, 45.910124347630649 ], [ 33.420646871434379, 45.895614885932467 ], [ 33.407796968839342, 45.884425254451877 ], [ 33.394690323851457, 45.860654816765532 ], [ 33.393635826156107, 45.844561236620819 ], [ 33.377359915413557, 45.840950318305033 ], [ 33.359504623741344, 45.830306351990259 ], [ 33.340720148579905, 45.826965698094874 ], [ 33.313759642094901, 45.810108992225992 ], [ 33.286891285494036, 45.816648852987022 ], [ 33.261354230920894, 45.817633978209507 ], [ 33.239671086866871, 45.812790977828342 ], [ 33.213742422042138, 45.812006613186902 ], [ 33.194578765757164, 45.806881239562721 ], [ 33.165153164467867, 45.790255800920832 ], [ 33.151215105239075, 45.773752459851423 ], [ 33.148500845713151, 45.761439168765619 ], [ 33.121433513534427, 45.755353468069949 ], [ 33.100752445038097, 45.743172083060053 ], [ 33.091472213263003, 45.74777124104903 ], [ 33.069237972818556, 45.751958597072488 ], [ 33.048744574042459, 45.752353363325483 ], [ 33.013763858813398, 45.745287180154264 ], [ 32.98731590538754, 45.730098398062673 ], [ 32.973445926651266, 45.713566440258823 ], [ 32.971157655681985, 45.703005080315535 ], [ 32.957072883502221, 45.697298848630794 ], [ 32.94436196621654, 45.686042829275287 ], [ 32.931510443056375, 45.662195236426065 ], [ 32.932882643169371, 45.656647633137055 ], [ 32.914550577839705, 45.654987761218528 ], [ 32.900621834349643, 45.661863047035354 ], [ 32.857929439262179, 45.666367241374608 ], [ 32.796024625454606, 45.653061228994225 ], [ 32.76427993270346, 45.63657440172301 ], [ 32.745106504385248, 45.618768469293663 ], [ 32.732358240838678, 45.594888557158285 ], [ 32.733006012787563, 45.585818100492915 ], [ 32.70289356217372, 45.588950894076099 ], [ 32.676313871331359, 45.58450695111901 ], [ 32.661915246701824, 45.576995674971016 ], [ 32.643240425739037, 45.573525732563247 ], [ 32.623092966309329, 45.563002408310304 ], [ 32.610479289355048, 45.551699345090235 ], [ 32.603255234364859, 45.541640491410867 ], [ 32.597377290886733, 45.513437740815249 ], [ 32.590895353751712, 45.506902890969194 ], [ 32.585089127477097, 45.491295888706986 ], [ 32.587477997753126, 45.465843939540584 ], [ 32.597438261973167, 45.452216007393233 ], [ 32.588403468891315, 45.433341188744201 ], [ 32.564825214476208, 45.442965665262442 ], [ 32.530489483409134, 45.450085659106939 ], [ 32.50757993937782, 45.450627339085841 ], [ 32.473197405968499, 45.445131371403065 ], [ 32.444890066800482, 45.431806396662175 ], [ 32.432343898765275, 45.42047728490612 ], [ 32.419785744166802, 45.396545686686608 ], [ 32.419049238988329, 45.380417391579485 ], [ 32.425460571446997, 45.361764484158051 ], [ 32.43616956377241, 45.351676749381646 ], [ 32.439011937512014, 45.340586530104531 ], [ 32.457914242984238, 45.320663379520553 ], [ 32.473969631619468, 45.311828589035564 ], [ 32.507872414146803, 45.302970262521022 ], [ 32.538216667533931, 45.301666999592385 ], [ 32.572874154385879, 45.308913690290289 ], [ 32.595775622788459, 45.320960899102559 ], [ 32.615150026050415, 45.34056847944337 ], [ 32.619783121865879, 45.338290319279679 ], [ 32.623624511705628, 45.319890897385839 ], [ 32.642449168768707, 45.299943762965675 ], [ 32.658464813684141, 45.291085978746054 ], [ 32.6923153563082, 45.282175920679833 ], [ 32.715146750180637, 45.281603391611988 ], [ 32.741578236081423, 45.286051628875022 ], [ 32.769860917404401, 45.299301552418392 ], [ 32.776332886276961, 45.305826090452676 ], [ 32.810267131578755, 45.309472954068013 ], [ 32.83894786442513, 45.324463986723458 ], [ 32.848934123883211, 45.323413368662401 ], [ 32.859552380585107, 45.313293534454473 ], [ 32.883016832840596, 45.303617688163762 ], [ 32.920442670446548, 45.299660430390446 ], [ 32.925679915826514, 45.288303642773833 ], [ 32.940515296995393, 45.27412848612186 ], [ 32.958961379818732, 45.264968690792699 ], [ 32.967056154718051, 45.255106702231224 ], [ 32.972040916177725, 45.254576529396864 ], [ 32.982623870907119, 45.244448700595427 ], [ 33.003920141731804, 45.236778148713739 ], [ 33.005282915630787, 45.231231911673476 ], [ 33.020083685570619, 45.217049924460817 ], [ 33.052302954685345, 45.201001556162012 ], [ 33.068817614324416, 45.183029022435782 ], [ 33.071906722524226, 45.173696421950922 ], [ 33.086676517770485, 45.159509051647312 ], [ 33.116735208478303, 45.145474267862497 ], [ 33.158996323941494, 45.140914109219246 ], [ 33.179668974956911, 45.118875254399413 ], [ 33.19591825069017, 45.111713872761904 ], [ 33.204331619557962, 45.103600496322713 ], [ 33.227641084166663, 45.093867884719252 ], [ 33.257052145669313, 45.088865920408757 ], [ 33.292952440026113, 45.09034745467806 ], [ 33.317209983532017, 45.096693653809794 ], [ 33.343396311217766, 45.11182380326558 ], [ 33.376053656436085, 45.11003367054375 ], [ 33.413124045286587, 45.116747629534906 ], [ 33.416380726482402, 45.119988410217893 ], [ 33.423827490990725, 45.119165587459698 ], [ 33.436005364206075, 45.105217311534446 ], [ 33.44096825355301, 45.104668102163465 ], [ 33.440192657854993, 45.101153509608338 ], [ 33.456936040656942, 45.084897409997652 ], [ 33.473132440205212, 45.077700512267214 ], [ 33.478240689816893, 45.066332337167204 ], [ 33.492873694600895, 45.052105434524933 ], [ 33.508666692732646, 45.043148018372285 ], [ 33.504389021752736, 45.023822456643131 ], [ 33.510410034355743, 45.005151078537338 ], [ 33.518760198639598, 44.997020726344935 ], [ 33.513854838063494, 44.963365467797296 ], [ 33.523265171092774, 44.937116446518459 ], [ 33.533689914438483, 44.926954016351523 ], [ 33.527336871893596, 44.909662323921104 ], [ 33.526706883506705, 44.89533260652582 ], [ 33.531795022571771, 44.88396540885114 ], [ 33.531019838549639, 44.880451917813829 ], [ 33.517890621252491, 44.878315315689761 ], [ 33.497887760967181, 44.867942016330225 ], [ 33.485303002823194, 44.856741275060465 ], [ 33.472496523408317, 44.83296441132164 ], [ 33.471500475936033, 44.816875900892249 ], [ 33.458549507125838, 44.803913276995587 ], [ 33.453008280404404, 44.7901285069265 ], [ 33.455201015006502, 44.753888949069839 ], [ 33.464077887440752, 44.736706686857033 ], [ 33.472787727936932, 44.73034106829455 ], [ 33.470102189053293, 44.71804065502608 ], [ 33.475193876886387, 44.706677031113372 ], [ 33.467966087676778, 44.696680596200707 ], [ 33.465284717247854, 44.684379882169019 ], [ 33.454283989420055, 44.680200236745186 ], [ 33.444219101591173, 44.668717046474342 ], [ 33.426216217478718, 44.667109341182645 ], [ 33.412377371260447, 44.661439546007138 ], [ 33.402145580187479, 44.660769191107278 ], [ 33.398921593441386, 44.657525457729101 ], [ 33.393996206726264, 44.658068610941477 ], [ 33.3680341006935, 44.642931125737057 ], [ 33.350039598982214, 44.617914463015772 ], [ 33.335841306732675, 44.610475022954944 ], [ 33.319004794693171, 44.59072555947504 ], [ 33.313150765325283, 44.575170402478435 ], [ 33.315254497214021, 44.5497459657634 ], [ 33.324157178259391, 44.532574573966855 ], [ 33.345341440070193, 44.514054799143793 ], [ 33.368400071912433, 44.504322446002924 ], [ 33.397875425988815, 44.5010758143899 ], [ 33.407310196017889, 44.474842046068794 ], [ 33.421842110554323, 44.460640954188257 ], [ 33.437504017636151, 44.451711368499971 ], [ 33.473164533563498, 44.442361598562051 ], [ 33.493167139611749, 44.441939500059569 ], [ 33.514312249283499, 44.446784842313477 ], [ 33.540907769507292, 44.442020773002795 ], [ 33.593931168866618, 44.443288578007795 ], [ 33.593164073320281, 44.439775669966224 ], [ 33.607637591537198, 44.425556609014365 ], [ 33.621190076657065, 44.418636853539951 ], [ 33.627679782845682, 44.390916732477265 ], [ 33.644198390308993, 44.374664047454758 ], [ 33.647174095111978, 44.365332357337998 ], [ 33.674762143019024, 44.34243076048471 ], [ 33.697687327018095, 44.33264474780681 ], [ 33.721761446796123, 44.328121754149521 ], [ 33.742099262043943, 44.329415235041012 ], [ 33.783669583201352, 44.324691739097716 ], [ 33.822673637700483, 44.331041181664773 ], [ 33.85835418436691, 44.34495453554365 ], [ 33.892582507841901, 44.341029751624909 ], [ 33.901186686421653, 44.334643514457042 ], [ 33.934226499865566, 44.325444267077444 ], [ 33.959053342316601, 44.324380550606158 ], [ 33.990339233673879, 44.32976109253125 ], [ 34.00168871650758, 44.335644341109074 ], [ 34.011461772785395, 44.334511908996205 ], [ 34.042755011518778, 44.339876517627403 ], [ 34.059789685641427, 44.348691577126282 ], [ 34.091489675865752, 44.355794184087365 ], [ 34.100409544771637, 44.361950623523164 ], [ 34.117512817444343, 44.359952624265766 ], [ 34.151665953292259, 44.366750892861091 ], [ 34.20854056172346, 44.396056931027708 ], [ 34.225581638512537, 44.415642082123874 ], [ 34.230409484487012, 44.436666059356227 ], [ 34.237745108603818, 44.435800596856616 ], [ 34.261767301844728, 44.441960253974244 ], [ 34.295961878715318, 44.459505494510445 ], [ 34.296771594272883, 44.463008482415717 ], [ 34.336693362793945, 44.483461035633965 ], [ 34.351767273245912, 44.505061245530307 ], [ 34.371748867242104, 44.515277080498279 ], [ 34.390103043602025, 44.518485355474283 ], [ 34.419074916219202, 44.53481689977599 ], [ 34.451760391429175, 44.566892133906649 ], [ 34.465299689801498, 44.603059813505062 ], [ 34.478397697430836, 44.615883298469392 ], [ 34.480873468978338, 44.626383961305073 ], [ 34.493567888208567, 44.637454655832826 ], [ 34.506299283815778, 44.659318224838046 ], [ 34.543566070925088, 44.678218232301155 ], [ 34.544396896042308, 44.681717471679207 ], [ 34.559526164717568, 44.681687648031122 ], [ 34.578356411423215, 44.686606796135841 ], [ 34.619368606215843, 44.710426919122355 ], [ 34.63779313490037, 44.713585304126234 ], [ 34.657896672881698, 44.723735474342718 ], [ 34.664901051040324, 44.731880847538839 ], [ 34.684525523983851, 44.729485204096193 ], [ 34.718938376797453, 44.736075203799729 ], [ 34.750564364776359, 44.751996272433132 ], [ 34.764184976897226, 44.766522849603291 ], [ 34.790324589887753, 44.759707014309761 ], [ 34.81527812467273, 44.758431125217392 ], [ 34.841505796117353, 44.76239191003156 ], [ 34.861656825612712, 44.772498884416308 ], [ 34.890234123969492, 44.765356898678988 ], [ 34.915182576628339, 44.764058498508184 ], [ 34.941414421834402, 44.767994506569273 ], [ 34.961581356832369, 44.778080952992475 ], [ 34.993454557675236, 44.774100370503902 ], [ 35.019692341072677, 44.778016647421481 ], [ 35.023006330386188, 44.781201511716247 ], [ 35.04751951585488, 44.778126936214214 ], [ 35.081979059550314, 44.784595718180242 ], [ 35.102605731235855, 44.796398266728986 ], [ 35.132018531535344, 44.792686681301809 ], [ 35.171828322707754, 44.800250944915753 ], [ 35.192039521249896, 44.810289147600571 ], [ 35.208230227865634, 44.824434806695542 ], [ 35.215759851591372, 44.834278969075918 ], [ 35.220141378474104, 44.851723803244376 ], [ 35.241515070184391, 44.856204868901678 ], [ 35.261758276918961, 44.866226587062691 ], [ 35.274649856131582, 44.877183363216332 ], [ 35.284403727652474, 44.895740733164509 ], [ 35.310459991556385, 44.908611634332495 ], [ 35.341027749938547, 44.899293966709202 ], [ 35.363547213881191, 44.898203203807931 ], [ 35.398096541928986, 44.904560424345725 ], [ 35.424622656948387, 44.91914375410343 ], [ 35.438894838854544, 44.935304600855957 ], [ 35.446486985621938, 44.964930521418005 ], [ 35.46680198296422, 44.974905827273332 ], [ 35.481103263764183, 44.991058341494096 ], [ 35.489630208988231, 45.024162965624832 ], [ 35.483844540373596, 45.041118074236294 ], [ 35.507553736038965, 45.05424789639212 ], [ 35.529018585731272, 45.05866144396736 ], [ 35.549383018702436, 45.068615960456746 ], [ 35.570011147353362, 45.0893364348414 ], [ 35.573633585797531, 45.103269552811767 ], [ 35.597698573038421, 45.078519358684979 ], [ 35.620459717497049, 45.068340034736195 ], [ 35.639661611514583, 45.064024421910915 ], [ 35.680331684324351, 45.064088301036008 ], [ 35.699349723152174, 45.068789508364581 ], [ 35.719741153957685, 45.078708479382705 ], [ 35.740429767903123, 45.099388956634535 ], [ 35.747011048493817, 45.114726892731042 ], [ 35.746056665809995, 45.140064197845568 ], [ 35.739431546092561, 45.153544756053797 ], [ 35.727424806328351, 45.165934058252901 ], [ 35.733721640517665, 45.170506053806484 ], [ 35.74894211491155, 45.17029764975188 ], [ 35.771382153579317, 45.178136701787125 ], [ 35.780301844436764, 45.173354513246899 ], [ 35.76556464204932, 45.146490425325865 ], [ 35.764348356309938, 45.13224460471443 ], [ 35.76958830494609, 45.113543571703758 ], [ 35.787108662669937, 45.093216843589651 ], [ 35.816277718222103, 45.078545115596533 ], [ 35.858013934767826, 45.072997825290308 ], [ 35.884406599046592, 45.076684452653623 ], [ 35.898991122193664, 45.083742334878821 ], [ 35.929971974787762, 45.076000572697907 ], [ 35.965717326481943, 45.076614754937275 ], [ 35.990124266877274, 45.082342465160778 ], [ 36.010559877038609, 45.092200689242084 ], [ 36.023640130175203, 45.103045912653265 ], [ 36.025040233892717, 45.108259915206816 ], [ 36.062432672367628, 45.096014120234322 ], [ 36.084979511119016, 45.094768159631833 ], [ 36.111384375038348, 45.098397364659661 ], [ 36.140142129868536, 45.110705130746027 ], [ 36.147030716989114, 45.107968843576039 ], [ 36.144208714460902, 45.097546791114652 ], [ 36.152808370142878, 45.072967585139708 ], [ 36.166673831237922, 45.058476967343296 ], [ 36.18194403232603, 45.049195815287199 ], [ 36.214825079339441, 45.039311573836841 ], [ 36.240258842196887, 45.039439400798415 ], [ 36.251644370543275, 45.025276931764488 ], [ 36.280628351937345, 45.010503208338697 ], [ 36.304624347141434, 45.005410370461618 ], [ 36.340297262217163, 45.005908512912477 ], [ 36.359320925094877, 45.010491405280355 ], [ 36.379774982231176, 45.020275920593022 ], [ 36.392895738335021, 45.031069934324407 ], [ 36.402559015109283, 45.047743045952174 ], [ 36.426494837683094, 45.051635214323305 ], [ 36.44990085803061, 45.062799106547416 ], [ 36.477155290769097, 45.087831083237198 ], [ 36.478595882542244, 45.093033839711786 ], [ 36.490792207524215, 45.100343460826686 ], [ 36.504875310534516, 45.12359843212802 ], [ 36.507725099313198, 45.143013452442581 ], [ 36.497800406781131, 45.171411348335795 ], [ 36.484011719837049, 45.185936809420149 ], [ 36.479107076805086, 45.186618395691895 ], [ 36.505407322632067, 45.226189878164135 ], [ 36.505297374769256, 45.253224382695535 ], [ 36.520961258068738, 45.263652255967443 ], [ 36.536086217568091, 45.290365589334527 ], [ 36.547880786181608, 45.28691848022418 ], [ 36.595995261975936, 45.285595581781713 ], [ 36.59256608876683, 45.282472942799366 ], [ 36.594110431957468, 45.251633412724679 ], [ 36.586771806347436, 45.243654111561817 ], [ 36.555927873972365, 45.224549643029739 ], [ 36.53539887686096, 45.205799941550595 ], [ 36.530044261350213, 45.195739369619275 ], [ 36.540056309959894, 45.140308576021752 ], [ 36.554404673009074, 45.100483559810982 ], [ 36.552956822741557, 45.095282723816482 ], [ 36.558368674946649, 45.087322857150916 ], [ 36.556921128674261, 45.082122109765194 ], [ 36.562331558653362, 45.074162338817203 ], [ 36.560884316499646, 45.068961680037951 ], [ 36.566293325673726, 45.061002005048607 ], [ 36.56484638776201, 45.055801434873487 ], [ 36.60970220333229, 44.943274493646634 ], [ 36.60825726907737, 44.938074919544313 ], [ 36.584443401640364, 44.916200783116793 ], [ 36.579083806913424, 44.915150050926066 ], [ 36.565486058819523, 44.902646385505378 ], [ 36.554290675088758, 44.898808701731689 ], [ 36.553332163704546, 44.895341360684732 ], [ 36.487200814655523, 44.866744335784965 ], [ 36.427840141229773, 44.85337450040295 ], [ 36.388885478649208, 44.849758971890402 ], [ 36.366459080500334, 44.851053247308045 ], [ 36.307684584844488, 44.83033447598558 ], [ 36.241533731213629, 44.819594533554358 ], [ 36.170877202230571, 44.820228933020218 ], [ 36.101017537068543, 44.833311003624907 ], [ 36.053017828392555, 44.814594261938602 ], [ 36.004911060144416, 44.804872283283295 ], [ 35.953311277030359, 44.800997743081886 ], [ 35.923544661470387, 44.803182183359816 ], [ 35.883241764438438, 44.794162088982553 ], [ 35.821874011286205, 44.791526280227252 ], [ 35.757884148977283, 44.798202921920343 ], [ 35.712795058431027, 44.809553595716203 ], [ 35.671484312178777, 44.825789731909779 ], [ 35.631949545098905, 44.848978489977796 ], [ 35.62390085832611, 44.837430632894126 ], [ 35.611411769190838, 44.82826346425955 ], [ 35.610062589227454, 44.823039227350257 ], [ 35.604719259614107, 44.82193771365661 ], [ 35.597130046463597, 44.812128345555912 ], [ 35.591787911849252, 44.811026050478517 ], [ 35.578413406027721, 44.798370621735437 ], [ 35.570178523871867, 44.795844541028778 ], [ 35.569282526043125, 44.792361047541114 ], [ 35.50609362809805, 44.762779789354127 ], [ 35.438733643061717, 44.746301794281464 ], [ 35.410502906243266, 44.744544912321857 ], [ 35.396063596030579, 44.737405246631013 ], [ 35.390084603833451, 44.723774865126835 ], [ 35.373008144875662, 44.706171766257427 ], [ 35.371686149329776, 44.700941788980337 ], [ 35.342211330921323, 44.674127813655268 ], [ 35.318714438493664, 44.660940267339249 ], [ 35.317837711029895, 44.657452746190174 ], [ 35.274631572229673, 44.635978684939722 ], [ 35.269746131305268, 44.636602205518997 ], [ 35.223259635850219, 44.611926950935633 ], [ 35.218375098523794, 44.612548011791006 ], [ 35.209310489325617, 44.606500770479357 ], [ 35.204426105165616, 44.607121175655635 ], [ 35.18185266159194, 44.597387018796567 ], [ 35.134001718626827, 44.587245215575635 ], [ 35.102969590817288, 44.583962277449757 ], [ 35.04751159913441, 44.583739427730826 ], [ 34.977077176273795, 44.59435794522188 ], [ 34.928296818813259, 44.611237043153551 ], [ 34.880877618637577, 44.602728659543658 ], [ 34.832714001226861, 44.601490420982813 ], [ 34.808252469649055, 44.60450953677104 ], [ 34.780415832207723, 44.593540580147696 ], [ 34.738331972591716, 44.586112776247205 ], [ 34.72973402001454, 44.581767937876933 ], [ 34.728894969262747, 44.578271387947353 ], [ 34.717852897317727, 44.574225187850566 ], [ 34.717014779110563, 44.570728456010464 ], [ 34.676919617856512, 44.550435740842971 ], [ 34.666303087741944, 44.54813207311485 ], [ 34.647410884483364, 44.521641065217807 ], [ 34.627755893733458, 44.502438426922126 ], [ 34.622452710772997, 44.501283746001661 ], [ 34.613786290080469, 44.475343777019859 ], [ 34.590025947365071, 44.438638869956414 ], [ 34.541867364559906, 44.394084104474615 ], [ 34.484454548497048, 44.363218636130036 ], [ 34.479575212641308, 44.363805469923918 ], [ 34.473469477300235, 44.359141413078966 ], [ 34.457606681726766, 44.355648732363889 ], [ 34.441739290663151, 44.341358263890186 ], [ 34.401493498557308, 44.319186289155681 ], [ 34.396616123874111, 44.319769123934279 ], [ 34.384833517675666, 44.31217974699809 ], [ 34.379956385287969, 44.312761798091529 ], [ 34.373863919263307, 44.308090729344876 ], [ 34.368986903137603, 44.308672269890081 ], [ 34.352333133400442, 44.301660039762666 ], [ 34.345032037873025, 44.291733503258087 ], [ 34.339752028096221, 44.290562415219327 ], [ 34.335699501686634, 44.28384737027082 ], [ 34.330420344095657, 44.282675732683053 ], [ 34.317445111963103, 44.26982329695489 ], [ 34.306487594797701, 44.265726148414977 ], [ 34.305682850428539, 44.262223182103369 ], [ 34.265941857100195, 44.241741460607059 ], [ 34.261068150436699, 44.242317713615492 ], [ 34.25215549790061, 44.23617421612083 ], [ 34.247281974148883, 44.236749823960274 ], [ 34.219716837222215, 44.225607994331988 ], [ 34.151982359758478, 44.213777248811645 ], [ 34.091907186157869, 44.21360504414492 ], [ 34.048176264208344, 44.197107694988006 ], [ 34.003599771649071, 44.18788728245881 ], [ 33.960206715532941, 44.183909323447679 ], [ 33.927736505758617, 44.18405432457569 ], [ 33.852535946866148, 44.194485447839106 ], [ 33.836351716707242, 44.189139856122083 ], [ 33.797832995106944, 44.184539740959025 ], [ 33.755208737053756, 44.183990439248269 ], [ 33.691770851544319, 44.191174887302708 ], [ 33.620449813641066, 44.208203709565709 ], [ 33.580835682866137, 44.221641242052129 ], [ 33.565255297865434, 44.230580962382113 ], [ 33.536313367605025, 44.235612031461244 ], [ 33.489699524295119, 44.251596368955838 ], [ 33.453593986908103, 44.269995817617925 ], [ 33.451902180276562, 44.273781693600405 ], [ 33.433838896435503, 44.282977923832497 ], [ 33.430075329890244, 44.288791863356053 ], [ 33.425181452506251, 44.289332839077126 ], [ 33.421416670451684, 44.295146638615847 ], [ 33.39449484765472, 44.298117767022489 ], [ 33.34948154617301, 44.310267766665604 ], [ 33.324414546353921, 44.322014350107025 ], [ 33.317066559501832, 44.322819417455563 ], [ 33.278776269871415, 44.343200425533844 ], [ 33.274993252129541, 44.349011366093301 ], [ 33.270091456733901, 44.349546264192462 ], [ 33.25761926575975, 44.361702297409003 ], [ 33.252716088385924, 44.362236569566917 ], [ 33.22567303890667, 44.388571034715461 ], [ 33.226416765013212, 44.392088944179989 ], [ 33.21771904290167, 44.398432212034017 ], [ 33.218462547960634, 44.401950221474507 ], [ 33.206340732852851, 44.41586213299891 ], [ 33.196894626007648, 44.418686227020508 ], [ 33.195182750188543, 44.422470659326798 ], [ 33.18573487409639, 44.425293990190909 ], [ 33.181938100601251, 44.431103492729399 ], [ 33.170403389801706, 44.435950916447425 ], [ 33.136660284938152, 44.466588131914236 ], [ 33.137400687751573, 44.470107175982236 ], [ 33.126594042670717, 44.478470469093871 ], [ 33.127334146972181, 44.481989639069425 ], [ 33.11136760088376, 44.501704560287443 ], [ 33.106949399427137, 44.516576170245962 ], [ 33.102400248951909, 44.518865150748368 ], [ 33.103509835073503, 44.524144343682082 ], [ 33.097609390164322, 44.531977090675106 ], [ 33.092205501606145, 44.554152569394638 ], [ 33.090001649126833, 44.579583401044729 ], [ 33.102980144927322, 44.641174531159926 ], [ 33.12311794153306, 44.676799270571436 ], [ 33.128795300609056, 44.679786663198918 ], [ 33.129913524233494, 44.685065186116518 ], [ 33.152780316581747, 44.709592751519075 ], [ 33.158088561587881, 44.710818837792083 ], [ 33.177011579376568, 44.728568958436746 ], [ 33.188007697562846, 44.732777178623884 ], [ 33.188758114890362, 44.736295379807437 ], [ 33.231422445264649, 44.758660038944257 ], [ 33.23635943404495, 44.758122957816717 ], [ 33.244896374701405, 44.762593106443923 ], [ 33.241231712005309, 44.804387986238524 ], [ 33.251821718051012, 44.853631158257286 ], [ 33.259419189868026, 44.865402493616493 ], [ 33.270241912853152, 44.903820695025196 ], [ 33.28622697643975, 44.930874852865585 ], [ 33.295939510942787, 44.940613151769931 ], [ 33.272895701276823, 44.93953071973857 ], [ 33.191550865140066, 44.950178851754053 ], [ 33.160477389017132, 44.958942814408729 ], [ 33.139682966146118, 44.968389079785318 ], [ 33.129769218888953, 44.969458566751733 ], [ 33.086048904687665, 44.990364561676671 ], [ 33.061623774371107, 44.994785928926987 ], [ 33.01921531811751, 45.010124514038928 ], [ 32.966975301091864, 45.039093082496237 ], [ 32.947974055332097, 45.057312762166404 ], [ 32.915421914286156, 45.071564450077204 ], [ 32.913679446805723, 45.075349107562381 ], [ 32.904109844018336, 45.078161767516448 ], [ 32.90025191757298, 45.083970050783805 ], [ 32.888564868189576, 45.08880532324828 ], [ 32.85009709008942, 45.123463785586267 ], [ 32.850837007580324, 45.126986176592823 ], [ 32.84199440972931, 45.133317187629792 ], [ 32.832879034859708, 45.150477132748868 ], [ 32.729838421268163, 45.11985628013101 ], [ 32.722372219325777, 45.120633794701696 ], [ 32.71131997106842, 45.116383474548876 ], [ 32.679994689779839, 45.112436487854374 ], [ 32.641568567707679, 45.111014890189345 ], [ 32.564390608096026, 45.118965285127331 ], [ 32.511397411147698, 45.133393300935673 ], [ 32.488278308154086, 45.144753623829438 ], [ 32.450537743549063, 45.146795298400477 ], [ 32.382518653255289, 45.162686971035903 ], [ 32.324065123957872, 45.188376543517663 ], [ 32.322278795481303, 45.192156243546997 ], [ 32.303730049184161, 45.201218440117323 ], [ 32.299799816729504, 45.207012899579439 ], [ 32.294807147583363, 45.207513284852993 ], [ 32.256217886915927, 45.243775822387761 ], [ 32.25692416641764, 45.247305623970334 ], [ 32.250134664435876, 45.251583708176383 ], [ 32.250840759230762, 45.255113579673043 ], [ 32.238316398127061, 45.268964007809849 ], [ 32.237228242880619, 45.276273209143469 ], [ 32.232581199606791, 45.278536488250573 ], [ 32.223959385394927, 45.299197316111716 ], [ 32.22357523755565, 45.31003681885322 ], [ 32.219277790458385, 45.314064970575501 ], [ 32.218508802607417, 45.335744218625074 ], [ 32.210615109604319, 45.347330811614668 ], [ 32.211674155325461, 45.352626253263146 ], [ 32.203038000226222, 45.373287523310566 ], [ 32.200788361969344, 45.413117299967489 ], [ 32.20751021204034, 45.446655444901388 ], [ 32.221771019620505, 45.479443760831792 ], [ 32.239649042908958, 45.50466877801567 ], [ 32.248603172673427, 45.51097743503697 ], [ 32.249671838647153, 45.516272028086526 ], [ 32.264720671696374, 45.527372430182858 ], [ 32.270088100618928, 45.541239462482444 ], [ 32.288011946709965, 45.566453118204684 ], [ 32.310621086563437, 45.589393869935797 ], [ 32.316006485022093, 45.590653953073435 ], [ 32.328936356721492, 45.603759397187325 ], [ 32.337197167301419, 45.606529994061404 ], [ 32.337917511376354, 45.610058575442331 ], [ 32.354803339258218, 45.6173616893823 ], [ 32.355525059813928, 45.620890046209823 ], [ 32.420236930751216, 45.648563174166327 ], [ 32.479204979487037, 45.660578839679971 ], [ 32.491823768909882, 45.671897109240639 ], [ 32.537939224242038, 45.695995355889735 ], [ 32.542970862885404, 45.695480082918777 ], [ 32.551990151505549, 45.701758484068023 ], [ 32.557022054586227, 45.70124254209852 ], [ 32.576845885653867, 45.71001167361031 ], [ 32.587279438439097, 45.710739938842707 ], [ 32.612589169019117, 45.733344059071051 ], [ 32.632803702355311, 45.743863875317551 ], [ 32.633546119860782, 45.747388669635576 ], [ 32.676518441293545, 45.768153766933878 ], [ 32.681554057376651, 45.76763175771363 ], [ 32.687709197858361, 45.772395671117806 ], [ 32.703937505178686, 45.776113225947263 ], [ 32.723913269428259, 45.797446405099009 ], [ 32.732219307574773, 45.800183294413962 ], [ 32.739133176771333, 45.808467099086933 ], [ 32.771357939528407, 45.826714325313084 ], [ 32.705836140667451, 45.833541704204499 ], [ 32.669518658716434, 45.844512401393715 ], [ 32.590597686021013, 45.849055987968008 ], [ 32.541254559666172, 45.859522085198286 ], [ 32.531900545507703, 45.86408111253467 ], [ 32.493307757688228, 45.864421149444659 ], [ 32.435616920581666, 45.872088805182756 ], [ 32.391627860904386, 45.883744979610505 ], [ 32.380094386039708, 45.890311943763962 ], [ 32.359520646676621, 45.890585610020096 ], [ 32.294914898772468, 45.902477028486274 ], [ 32.288057424605071, 45.906765108282521 ], [ 32.256280205871839, 45.915343192002645 ], [ 32.251946328398361, 45.919377140547553 ], [ 32.191612729954592, 45.927179810360769 ], [ 32.164505237235439, 45.933467141297875 ], [ 32.147870124117333, 45.940514301972499 ], [ 32.059643116978599, 45.950996824248769 ], [ 32.027793771582708, 45.959515687113168 ], [ 32.001706964923237, 45.971065229731309 ], [ 31.929291538457029, 45.983502057926593 ], [ 31.893380119891315, 45.997777235611117 ], [ 31.865141343443064, 45.998697519908539 ], [ 31.822731775007522, 46.006371802588447 ], [ 31.81074756196703, 46.01112117967957 ], [ 31.729218009575369, 46.017095449246028 ], [ 31.687455925919945, 46.028257419445723 ], [ 31.613832030599255, 46.035198671944634 ], [ 31.566945420342044, 46.046796162815724 ], [ 31.540703797337024, 46.058250468345783 ], [ 31.490557591587766, 46.06651805623693 ], [ 31.4417425653889, 46.081842446999964 ], [ 31.403745528996684, 46.099751346830665 ], [ 31.401874631810248, 46.10352483255474 ], [ 31.382864719962619, 46.112475078831423 ], [ 31.376574052549817, 46.120255303475119 ], [ 31.371483829197043, 46.120722404053588 ], [ 31.343083927496899, 46.148533466969518 ], [ 31.337990552942436, 46.14899929448827 ], [ 31.333901824624846, 46.154775082580642 ], [ 31.321835555699138, 46.159478583296668 ], [ 31.313317979206076, 46.169259166281819 ], [ 31.308222208724903, 46.169723826960571 ], [ 31.28607835439793, 46.189747058020792 ], [ 31.286746106036052, 46.19328768538297 ], [ 31.277550050531516, 46.199525876425611 ], [ 31.278217482051883, 46.203066593525669 ], [ 31.26303535245297, 46.218850925319686 ], [ 31.261818487796834, 46.226164135917934 ], [ 31.257049966331405, 46.228397404537752 ], [ 31.249510892694495, 46.243486503328732 ], [ 31.238641899743371, 46.282286016769682 ], [ 31.240539326965568, 46.319929898379222 ], [ 31.233320814642909, 46.336790001119773 ], [ 31.230659670808659, 46.36404233894941 ], [ 31.238017260937966, 46.402994358200367 ], [ 31.158663075943704, 46.410146835512144 ], [ 31.149654062263405, 46.403752106035988 ], [ 31.144533856703237, 46.404211242045186 ], [ 31.118843987490834, 46.392105152069419 ], [ 31.045449150671033, 46.375234092644597 ], [ 31.02723174890227, 46.304821570330908 ], [ 31.00151410940402, 46.263881589051799 ], [ 30.967247091443948, 46.232692996496716 ], [ 30.958184573418325, 46.183074244821995 ], [ 30.931945144215398, 46.13856581009378 ], [ 30.885371589586555, 46.095830418329747 ], [ 30.839189155266151, 46.069246938002287 ], [ 30.828365331998157, 46.066586527186537 ], [ 30.801335396896455, 46.031121258878109 ], [ 30.795927925860358, 46.029789011920585 ], [ 30.792117646969228, 46.022917032140136 ], [ 30.786711172714696, 46.021584262529274 ], [ 30.774006046819025, 46.008278861626025 ], [ 30.765741578950902, 46.005391468735532 ], [ 30.765111454514624, 46.001845020225581 ], [ 30.719379592783618, 45.976975223063221 ], [ 30.714292173666184, 45.977411982318898 ], [ 30.705409437449514, 45.970972505988001 ], [ 30.667304862561178, 45.959830472822887 ], [ 30.661960391374535, 45.944083622238878 ], [ 30.640807352450533, 45.911680887819166 ], [ 30.600667355122145, 45.873685472870015 ], [ 30.571885328878817, 45.856319807314343 ], [ 30.560584706023505, 45.835671574398305 ], [ 30.531928678810441, 45.803883419273845 ], [ 30.526548928079759, 45.802536047449131 ], [ 30.513961167954673, 45.789192821638508 ], [ 30.505742089508392, 45.786282829286023 ], [ 30.505133254169813, 45.782733507955285 ], [ 30.485554942526207, 45.773574379058346 ], [ 30.474610224214995, 45.754688640931043 ], [ 30.44635153132732, 45.724646741141349 ], [ 30.426201110253306, 45.711924919710626 ], [ 30.425598886367048, 45.708374729521516 ], [ 30.411727678739236, 45.702328076276181 ], [ 30.411126572346294, 45.698777731152255 ], [ 30.368935174833457, 45.677074916797785 ], [ 30.34464911226684, 45.670081239184697 ], [ 30.332137191904732, 45.656712165803455 ], [ 30.309505361868879, 45.644174255527403 ], [ 30.308911930678725, 45.640622828526602 ], [ 30.280638262952305, 45.624942668175549 ], [ 30.261740762447534, 45.619289513726407 ], [ 30.248966302524256, 45.604132853869281 ], [ 30.228903768662139, 45.591369084314472 ], [ 30.228316512712258, 45.587816807916937 ], [ 30.217317892636828, 45.583312360555176 ], [ 30.216731532251263, 45.579759962351211 ], [ 30.171882290100019, 45.556400358140635 ], [ 30.166824920556813, 45.5568098185351 ], [ 30.160893992684201, 45.55188959615483 ], [ 30.125990723736056, 45.542107146029707 ], [ 30.117536660837477, 45.53738793263188 ], [ 30.116957522036518, 45.533834505916566 ], [ 30.105977584400936, 45.529317725107418 ], [ 30.105399336318058, 45.525764178238084 ], [ 30.074423321731185, 45.508449961927298 ], [ 30.066553896309781, 45.507280129359323 ], [ 30.074583805425281, 45.477837173329355 ], [ 30.072735928337266, 45.434785727539229 ], [ 30.118524762286697, 45.449108274945978 ], [ 30.165697917436738, 45.456100156145922 ], [ 30.212004542458679, 45.457742623105148 ], [ 30.282370743526467, 45.450195909958531 ], [ 30.343369989250267, 45.432578098689291 ], [ 30.381342719345277, 45.415037524638109 ], [ 30.392461787233888, 45.405115463267265 ], [ 30.404468517334813, 45.400518534680778 ], [ 30.410838911876322, 45.392789089051384 ], [ 30.415878112011637, 45.39236999845896 ], [ 30.440311832266268, 45.370534822600867 ], [ 30.43971584831997, 45.366984566873924 ], [ 30.457473400616511, 45.351102255280473 ], [ 30.458797321243583, 45.343791720752243 ], [ 30.467671228140745, 45.335849829052492 ], [ 30.481103377955353, 45.309525845556578 ], [ 30.491239482536002, 45.263677594108749 ], [ 30.480808993296783, 45.201554974766182 ], [ 30.462317865076145, 45.167104937078506 ], [ 30.456706407141564, 45.163974251542278 ], [ 30.452419808816924, 45.153533159648489 ], [ 30.433820383408346, 45.13348682870933 ], [ 30.428509095873753, 45.132129595712371 ], [ 30.416118692264643, 45.118762384686782 ], [ 30.408007247806765, 45.115837280175136 ], [ 30.407418533273844, 45.112286534190019 ], [ 30.390905328925342, 45.10465874083409 ], [ 30.390317903860666, 45.101107812205441 ], [ 30.327109608460081, 45.072137552978624 ], [ 30.274084288755223, 45.058496181314766 ], [ 30.264060524697413, 45.059316920592515 ], [ 30.240351020756183, 45.054055446642415 ], [ 30.184353416933046, 45.053212562216885 ], [ 30.126986689238322, 45.059651039522798 ], [ 30.105276181297711, 45.066798221865596 ], [ 30.092738616764773, 45.067805627709426 ], [ 30.021165730832497, 45.096926912956405 ], [ 30.010028043856281, 45.106812512720225 ], [ 29.998041582186271, 45.111365020678335 ], [ 29.989126257747472, 45.11927216684856 ], [ 29.989689151774723, 45.122827116006256 ], [ 29.976029845323474, 45.132909466968734 ], [ 29.976592193133403, 45.136464536345322 ], [ 29.969619879627427, 45.140616514811242 ], [ 29.970181980069505, 45.144171642320302 ], [ 29.957075806220796, 45.157807549896205 ], [ 29.953735184528721, 45.16887063047534 ], [ 29.750373374921114, 45.186559565066624 ], [ 29.775212198552929, 45.199037352890244 ], [ 29.793895102905172, 45.220986798506246 ], [ 29.799150114747444, 45.254775951155381 ], [ 29.791845060866457, 45.27334157766434 ], [ 29.77193785748095, 45.292883038927705 ], [ 29.740832108267622, 45.306085815225821 ], [ 29.697979983754802, 45.309382799910559 ], [ 29.676717637938317, 45.3038131228884 ], [ 29.669155041573283, 45.304391830642899 ], [ 29.669974870646207, 45.309728714882191 ], [ 29.665205723386872, 45.311893297865886 ], [ 29.662074994298809, 45.324731688291131 ], [ 29.656147651891494, 45.335983762136557 ], [ 29.651375806104376, 45.338147964610179 ], [ 29.682135904628197, 45.355594573633788 ], [ 29.694973753273569, 45.372609327826524 ], [ 29.700521578878416, 45.39198246564424 ], [ 29.69877304298965, 45.413715568083298 ], [ 29.69142087987872, 45.432278747147166 ], [ 29.671427756015195, 45.451809281097894 ], [ 29.664119793690482, 45.454168041397637 ], [ 29.664668864455589, 45.457725920862536 ], [ 29.677857282312502, 45.460316855282549 ], [ 29.700284534153472, 45.472997050943967 ], [ 29.724382128347862, 45.496343939925133 ], [ 29.735850413998506, 45.520659966266891 ], [ 29.735817321520074, 45.536862196450301 ], [ 29.724236365833349, 45.561153820308668 ], [ 29.701406099285599, 45.579108506593116 ], [ 29.677179921749271, 45.588165480561095 ], [ 29.639174189195298, 45.59106819233773 ], [ 29.629801895984361, 45.613381771339796 ], [ 29.609180863989561, 45.629349411576854 ], [ 29.614400108920229, 45.663152866802065 ], [ 29.629623599202763, 45.661995169004243 ], [ 29.642860793805109, 45.664586846067905 ], [ 29.647988489394173, 45.647995792395839 ], [ 29.670309830742536, 45.626490885088195 ], [ 29.675380367738803, 45.626102965650254 ], [ 29.691187618635922, 45.612292192669038 ], [ 29.715421002610881, 45.603231614068008 ], [ 29.750614983619453, 45.598720084809841 ], [ 29.773974129050021, 45.60051423495414 ], [ 29.785522008289131, 45.592419686566053 ], [ 29.820138937861355, 45.584330923580353 ], [ 29.85896729227791, 45.586702269184961 ], [ 29.877822278942737, 45.592426722104285 ], [ 29.883735253578394, 45.597363361895766 ], [ 29.888800246554002, 45.596966167523789 ], [ 29.908512199266269, 45.608018324014203 ], [ 29.923733988508761, 45.623020840750684 ], [ 29.935320696887999, 45.647308308694484 ], [ 29.935351156173983, 45.663506356399601 ], [ 29.92805964057375, 45.682081658637202 ], [ 29.9080791400763, 45.701654719357286 ], [ 29.903004969335857, 45.702053472560948 ], [ 29.893993128703606, 45.709961360845099 ], [ 29.901890113150422, 45.711141389073006 ], [ 29.927580413894727, 45.727121187311454 ], [ 29.943703024621136, 45.74745093091115 ], [ 29.945420755960402, 45.758115923382107 ], [ 29.957011719125209, 45.766200862087324 ], [ 29.961273211085288, 45.776664589778754 ], [ 29.969180658523854, 45.777839109228985 ], [ 29.988976356389067, 45.788871352145136 ], [ 29.989552531759788, 45.792425887848935 ], [ 30.016919639738145, 45.786651210120013 ], [ 30.036081963770631, 45.777924172739873 ], [ 30.063725823027976, 45.773916017719337 ], [ 30.087159926621514, 45.775639126307581 ], [ 30.111091270965254, 45.764716381565876 ], [ 30.154241598314638, 45.761237679620663 ], [ 30.197201586389667, 45.772158892867353 ], [ 30.228666627442131, 45.791201533222527 ], [ 30.239243789875495, 45.808340972672013 ], [ 30.262989493594262, 45.811802018525221 ], [ 30.293902765870271, 45.827271450317539 ], [ 30.315567609504459, 45.848894232931158 ], [ 30.32394233781292, 45.868007515979414 ], [ 30.337250135275223, 45.870511589924057 ], [ 30.35714550476667, 45.881471179589333 ], [ 30.38200428891448, 45.906418269939913 ], [ 30.393864101137968, 45.930638887719923 ], [ 30.392405157095045, 45.952363282463132 ], [ 30.411432295678647, 45.95798483191664 ], [ 30.431374839799137, 45.968927847469686 ], [ 30.437986953394212, 45.977378526059454 ], [ 30.455090565866861, 45.986753686872461 ], [ 30.462319284373958, 45.998752182622539 ], [ 30.494408263812673, 46.005067963825766 ], [ 30.528964313322092, 46.025569830832104 ], [ 30.529579850508174, 46.029118754206223 ], [ 30.543550015438768, 46.035143631728054 ], [ 30.555901583188511, 46.046704539430245 ], [ 30.564089083533609, 46.064017131941654 ], [ 30.575832592265975, 46.072026574518404 ], [ 30.586891381699452, 46.090895264062226 ], [ 30.609467039915959, 46.101584497560928 ], [ 30.610089376331054, 46.105132532093172 ], [ 30.624399341986898, 46.112919226186257 ], [ 30.637723762005546, 46.129790263681805 ], [ 30.640223520490242, 46.143981090853138 ], [ 30.64975676553815, 46.153971796455245 ], [ 30.651635310361982, 46.164614504713143 ], [ 30.668834241372018, 46.173950005873287 ], [ 30.697477954238028, 46.203909303309345 ], [ 30.709558161452829, 46.228081283373946 ], [ 30.707949926256539, 46.233620771500348 ], [ 30.722308665397144, 46.241391430328754 ], [ 30.729636230824838, 46.253365811632911 ], [ 30.744637797022332, 46.26467959403967 ], [ 30.757709996287101, 46.294163512930723 ], [ 30.780078593038183, 46.317441917512092 ], [ 30.805666646987, 46.32963368909256 ], [ 30.81814641512792, 46.341156565291008 ], [ 30.83576170712081, 46.366637300255078 ], [ 30.838333493641166, 46.38081911346422 ], [ 30.857586388388153, 46.415158094241896 ], [ 30.860187727534736, 46.443742772425303 ], [ 30.849643101364446, 46.471671166271726 ], [ 30.850308002682734, 46.489620601935179 ], [ 30.868920113640815, 46.491601614469673 ], [ 30.883373366993091, 46.49934483076666 ], [ 30.921583073832355, 46.508608762112985 ], [ 30.927694451169316, 46.513475435319471 ], [ 30.94342228189549, 46.513896172919054 ], [ 30.95756418346701, 46.519856537872045 ], [ 30.97329344968329, 46.520272947480997 ], [ 30.979082763132585, 46.523364448701678 ], [ 30.986783753301413, 46.522685448401099 ], [ 31.00349915835983, 46.528413042449678 ], [ 31.022126462428009, 46.530367300822306 ], [ 31.04786935540724, 46.542492153915042 ], [ 31.053004092064977, 46.542036313866156 ], [ 31.07362336702862, 46.554610238741795 ], [ 31.112136335228744, 46.551176552301541 ], [ 31.144608989884333, 46.557275397632303 ], [ 31.162017145759968, 46.566519235743996 ], [ 31.214250981306833, 46.552812894475537 ], [ 31.276176811494221, 46.549007565065246 ], [ 31.298056525704549, 46.554222231491366 ], [ 31.33552300250102, 46.545403260070806 ], [ 31.361514011080629, 46.544826930192237 ], [ 31.388527484803348, 46.549553540573967 ], [ 31.403061347645266, 46.557222912542585 ], [ 31.43452757067401, 46.557926909010909 ], [ 31.453856194953563, 46.563346371841412 ], [ 31.460017978799666, 46.568179812226354 ], [ 31.475064585196069, 46.564986417012776 ], [ 31.476940684408664, 46.56121062026353 ], [ 31.496078086619253, 46.552232292786485 ], [ 31.487159213961011, 46.533248466882966 ], [ 31.48662357338468, 46.517089154053991 ], [ 31.493430387529138, 46.498447952709327 ], [ 31.51303698151327, 46.478617231728151 ], [ 31.544249055405363, 46.46490531126291 ], [ 31.577522555822547, 46.461797544826801 ], [ 31.582774101086944, 46.448699252181882 ], [ 31.598255227809535, 46.434642266979544 ], [ 31.624303972140243, 46.421391417048632 ], [ 31.659053156813062, 46.412717197437743 ], [ 31.682757128782871, 46.41408138500271 ], [ 31.710873037080976, 46.411420491894852 ], [ 31.737833633710615, 46.416066240215208 ], [ 31.774931722324084, 46.432346621626486 ], [ 31.794860101279816, 46.453858493139556 ], [ 31.797334773061568, 46.466229584192149 ], [ 31.815945908253248, 46.468052048590906 ], [ 31.829162847275182, 46.455979751999649 ], [ 31.85330897428021, 46.44645879588245 ], [ 31.896760171621104, 46.442276634336253 ], [ 31.937596518549043, 46.450938327123687 ], [ 31.96929773799642, 46.465875975553104 ], [ 31.982039513695725, 46.477246099915234 ], [ 31.994752303510417, 46.501225981376081 ], [ 31.992486654547182, 46.528464440037787 ], [ 31.982936249789876, 46.545604194133396 ], [ 31.967538460701196, 46.559708466069992 ], [ 31.936404547522791, 46.573533444927662 ], [ 31.915911579744968, 46.575514880778698 ], [ 31.914067401672511, 46.579295438946737 ], [ 31.92759526125889, 46.581590563985564 ], [ 31.954253260632928, 46.597021936781069 ], [ 31.968111237461201, 46.613690324929209 ], [ 31.9706392077332, 46.626053871409553 ], [ 31.988584031050063, 46.62431029492145 ], [ 32.007614480866856, 46.627861933531115 ], [ 32.005077934642642, 46.615499942111789 ] ], [ [ 30.191558035626528, 45.317207224123408 ], [ 30.157091915819684, 45.30920016241911 ], [ 30.137451675474225, 45.298187265707519 ], [ 30.125369968702486, 45.286562141103694 ], [ 30.113802286462434, 45.262295142753779 ], [ 30.117048911335353, 45.235035558984571 ], [ 30.125100401956658, 45.221787930585982 ], [ 30.140688792511302, 45.207931616726405 ], [ 30.157131906489717, 45.199403618140927 ], [ 30.191444473538706, 45.191223874776043 ], [ 30.229994696760194, 45.19348733715389 ], [ 30.248739807262705, 45.199157041338175 ], [ 30.268361190374073, 45.210151505872005 ], [ 30.28045114312264, 45.221760233525345 ], [ 30.292076923961321, 45.246005080897966 ], [ 30.288916124072522, 45.273263082260378 ], [ 30.28089960287209, 45.286519981272519 ], [ 30.265330069758775, 45.300394727272405 ], [ 30.248878709989967, 45.308939576231026 ], [ 30.21199034140071, 45.317346676700815 ], [ 30.191558035626528, 45.317207224123408 ] ] ], [ [ [ 34.161053416436481, 46.216683056575647 ], [ 34.193393632259053, 46.20027489676928 ], [ 34.233752038258942, 46.195525300970679 ], [ 34.241698564304201, 46.1855789412501 ], [ 34.257633815938625, 46.176490753730484 ], [ 34.291634717769725, 46.167064398631318 ], [ 34.315175176822827, 46.167878123508238 ], [ 34.33029429153347, 46.166083494248191 ], [ 34.336991499914042, 46.161684085175168 ], [ 34.356714466668073, 46.157536670490302 ], [ 34.379816569309398, 46.156586597600629 ], [ 34.406734297342553, 46.160581528541712 ], [ 34.426966331991011, 46.168973973288075 ], [ 34.427666172381528, 46.150870933963176 ], [ 34.436351810399955, 46.133613984786621 ], [ 34.45761374721463, 46.114848626471627 ], [ 34.474356265532172, 46.109235198370449 ], [ 34.467588142418457, 46.102840427457693 ], [ 34.454143185922725, 46.100849939421849 ], [ 34.433503013102396, 46.09071036697388 ], [ 34.412793129412897, 46.069764589048937 ], [ 34.405025720627037, 46.03826107373277 ], [ 34.411627519510326, 46.023058179073345 ], [ 34.4101872948725, 45.996204743335454 ], [ 34.400142271366626, 45.99740502972859 ], [ 34.383920103771217, 46.015556674292476 ], [ 34.353832307550498, 46.029951897718497 ], [ 34.331639826273516, 46.034392461145401 ], [ 34.295160739238142, 46.033315115334084 ], [ 34.275853313986879, 46.028393992998126 ], [ 34.252330355290603, 46.016760733342458 ], [ 34.239295963519069, 46.005687557455317 ], [ 34.230443062787515, 45.990516964442392 ], [ 34.212819392387651, 45.981783434133469 ], [ 34.204826391118488, 45.970113065272685 ], [ 34.196866242152019, 45.969247675622924 ], [ 34.18224233861352, 45.983576930378156 ], [ 34.166342069258853, 45.992649245329531 ], [ 34.132414482726645, 46.002027805991382 ], [ 34.124449582636508, 46.001157599903877 ], [ 34.124465968411798, 46.011965122963019 ], [ 34.117358492779154, 46.025406826196473 ], [ 34.102699278304605, 46.03972962695871 ], [ 34.086347488218493, 46.047041298573241 ], [ 34.087611330694124, 46.052298849421717 ], [ 34.080491013178474, 46.065739849159932 ], [ 34.059098249464618, 46.084444313485527 ], [ 34.03558911997969, 46.094381990259791 ], [ 34.010811715068392, 46.099056508424432 ], [ 33.974272917270454, 46.097877833550299 ], [ 33.95495872230164, 46.092900357400559 ], [ 33.934396513117406, 46.082658434423408 ], [ 33.933562726143393, 46.079151252754791 ], [ 33.912570302062242, 46.077962800382366 ], [ 33.895787020155616, 46.072684162957593 ], [ 33.889445896240474, 46.089625902581581 ], [ 33.878502801686416, 46.09808701567129 ], [ 33.873845879520132, 46.111231798828577 ], [ 33.859096778806212, 46.125531798103651 ], [ 33.828784038192033, 46.139805909802007 ], [ 33.785876116759169, 46.14469531583579 ], [ 33.790466866708556, 46.153181049821846 ], [ 33.788680667855999, 46.178607112627958 ], [ 33.781471653179395, 46.19203862603203 ], [ 33.770491927096948, 46.200493155809525 ], [ 33.771318868345546, 46.204002545664466 ], [ 33.791535104044698, 46.201703917550624 ], [ 33.807524894693984, 46.203486543826699 ], [ 33.809222287839788, 46.199689757118648 ], [ 33.832825059212404, 46.189790713484108 ], [ 33.865658684973219, 46.186036884121343 ], [ 33.879560509931537, 46.179039431005634 ], [ 33.901866246435553, 46.174678991056709 ], [ 33.938460896678066, 46.175876298338544 ], [ 33.963692537319353, 46.183778239423859 ], [ 33.962015502904734, 46.176764810398112 ], [ 33.967918344588227, 46.158066493296779 ], [ 33.986428815133721, 46.137911330211509 ], [ 34.016689837273198, 46.123598765477212 ], [ 34.059541659766467, 46.11862450396508 ], [ 34.10030157540249, 46.126489330683981 ], [ 34.127219828620838, 46.14136332722147 ], [ 34.141546404311136, 46.157705351005042 ], [ 34.144519593264569, 46.169969927744624 ], [ 34.154636272466732, 46.179596148734582 ], [ 34.161414591556529, 46.196820249882677 ], [ 34.161053416436481, 46.216683056575647 ] ] ], [ [ [ 33.863637884278894, 46.330410858138094 ], [ 33.868701947039277, 46.329831237478352 ], [ 33.87039696080717, 46.326033425853531 ], [ 33.86533328284137, 46.326613085311848 ], [ 33.863637884278894, 46.330410858138094 ] ] ], [ [ [ 33.863637884278894, 46.330410858138094 ], [ 33.861524025596047, 46.332454611439672 ], [ 33.864056192160255, 46.332164865510663 ], [ 33.863637884278894, 46.330410858138094 ] ] ], [ [ [ 33.990614695643373, 46.317607876183473 ], [ 33.969952003157232, 46.307381281340049 ], [ 33.930308438563578, 46.31555337259654 ], [ 33.957297759311274, 46.319652480083469 ], [ 33.980916646061452, 46.331342094688523 ], [ 33.996101474145838, 46.329586970148277 ], [ 33.990614695643373, 46.317607876183473 ] ] ], [ [ [ 33.858991820068027, 46.332744302668864 ], [ 33.861942295709476, 46.334208632992613 ], [ 33.861524025596047, 46.332454611439672 ], [ 33.858991820068027, 46.332744302668864 ] ] ], [ [ [ 33.796887986989525, 46.356047414152876 ], [ 33.799838517899566, 46.357513436072793 ], [ 33.801955764614057, 46.355470506779973 ], [ 33.796887986989525, 46.356047414152876 ] ] ], [ [ [ 34.082838649802376, 46.451071212745894 ], [ 34.081958006590483, 46.436756621333082 ], [ 34.08782719596951, 46.418051948905656 ], [ 34.108463216722846, 46.395823139983825 ], [ 34.117738569751822, 46.391136348271949 ], [ 34.102942515696597, 46.383852578626815 ], [ 34.082258369725935, 46.384460884807027 ], [ 34.085241885267607, 46.396727942461574 ], [ 34.075583911726369, 46.421279472089822 ], [ 34.060826246336781, 46.435610539916489 ], [ 34.042248018074687, 46.444976721448768 ], [ 34.042692742604615, 46.457540003803508 ], [ 34.057908815882577, 46.455773010082652 ], [ 34.076939961092776, 46.458966433417949 ], [ 34.082838649802376, 46.451071212745894 ] ] ], [ [ [ 33.128668310175151, 46.658869140778172 ], [ 33.133378042296677, 46.656560289347411 ], [ 33.132179928217418, 46.651283635004546 ], [ 33.117177389195888, 46.631275380444549 ], [ 33.107059717318357, 46.598128113865002 ], [ 33.086415403254378, 46.587731585435662 ], [ 33.068900510872552, 46.567987477633423 ], [ 33.057904988042949, 46.56556099035074 ], [ 33.05161655319192, 46.560828418610356 ], [ 33.038862307581532, 46.562191588137466 ], [ 33.034945220570677, 46.568015145237716 ], [ 33.039867667616285, 46.578299857821065 ], [ 33.040479024701689, 46.592648608531171 ], [ 33.036560527487467, 46.598472449362184 ], [ 33.04073510474889, 46.628656954285084 ], [ 33.034873803890449, 46.649102865439218 ], [ 33.039983856039669, 46.648557168747367 ], [ 33.06950453133831, 46.663418482345364 ], [ 33.107668599521467, 46.670136524065732 ], [ 33.119486431826196, 46.676073917542958 ], [ 33.124597408004284, 46.675524200538753 ], [ 33.128668310175151, 46.658869140778172 ] ] ], [ [ [ 34.180009893980724, 46.623550123803348 ], [ 34.16767781091891, 46.615983633315999 ], [ 34.155398095314233, 46.619224187810978 ], [ 34.123592270181724, 46.617535423284352 ], [ 34.125316153688125, 46.62454373092207 ], [ 34.149065705336646, 46.6253725146329 ], [ 34.163508693252979, 46.630891489596955 ], [ 34.171137415299491, 46.629997671656291 ], [ 34.174924908166638, 46.624146389268773 ], [ 34.180009893980724, 46.623550123803348 ] ] ], [ [ [ 33.959965062557934, 46.676169323974165 ], [ 33.951887292073877, 46.664483377096062 ], [ 33.930661436852539, 46.663321226417267 ], [ 33.913680202319476, 46.658063020789776 ], [ 33.907313200943918, 46.664200882173191 ], [ 33.903492426980058, 46.680860338852526 ], [ 33.921327390239938, 46.678812802541557 ], [ 33.940438036460556, 46.682022660553827 ], [ 33.947228598414874, 46.677636365611612 ], [ 33.959965062557934, 46.676169323974165 ] ] ], [ [ [ 32.978045720619853, 46.838948999880067 ], [ 32.965011852980602, 46.827718541316351 ], [ 32.956715271533909, 46.814182638386818 ], [ 32.943896725037455, 46.815540809236438 ], [ 32.913720162312714, 46.809722512913893 ], [ 32.912733928139488, 46.817034407377228 ], [ 32.904053867853975, 46.825158511145489 ], [ 32.915299990860674, 46.84018872873871 ], [ 32.951209783406277, 46.836389756734853 ], [ 32.986930938949385, 46.843411031478695 ], [ 32.978045720619853, 46.838948999880067 ] ] ], [ [ [ 32.986930938949385, 46.843411031478695 ], [ 32.989892998298942, 46.844898189895666 ], [ 32.989495639475422, 46.843138422788918 ], [ 32.986930938949385, 46.843411031478695 ] ] ], [ [ [ 32.99029039451846, 46.846657953870924 ], [ 32.992457741408728, 46.844625508267114 ], [ 32.989892998298942, 46.844898189895666 ], [ 32.99029039451846, 46.846657953870924 ] ] ], [ [ [ 32.995420003295479, 46.846112500996604 ], [ 32.993252731219947, 46.848144999738821 ], [ 32.995817596889857, 46.847872228488711 ], [ 32.995420003295479, 46.846112500996604 ] ] ], [ [ [ 33.099025136143709, 46.851262760373025 ], [ 33.085002836924261, 46.847360283007738 ], [ 33.078111388946205, 46.851702792706732 ], [ 33.099025136143709, 46.851262760373025 ] ] ], [ [ [ 33.057596242327193, 46.853898275525495 ], [ 33.078511761129704, 46.853461976234605 ], [ 33.078111388946205, 46.851702792706732 ], [ 33.057596242327193, 46.853898275525495 ] ] ], [ [ [ 33.043406174537466, 46.860820770661789 ], [ 33.051101033291395, 46.859998748131289 ], [ 33.057995975140784, 46.855657593258982 ], [ 33.037078688607636, 46.856090158611735 ], [ 33.043406174537466, 46.860820770661789 ] ] ], [ [ [ 33.805489272909199, 46.915562550508852 ], [ 33.790141259700896, 46.906492000606235 ], [ 33.775662960593941, 46.89011058778982 ], [ 33.769293037545353, 46.874610627078177 ], [ 33.770178053194542, 46.856485206331953 ], [ 33.746313151248408, 46.85558512532392 ], [ 33.73858799462954, 46.878089400071602 ], [ 33.749668925085878, 46.88043998329902 ], [ 33.776934152213897, 46.895373932344981 ], [ 33.791414596295382, 46.911755028053534 ], [ 33.798222474341102, 46.929007119054113 ], [ 33.805489272909199, 46.915562550508852 ] ] ], [ [ [ 33.795661643350378, 46.929298226193602 ], [ 33.79907252112654, 46.932515681313802 ], [ 33.798222474341102, 46.929007119054113 ], [ 33.795661643350378, 46.929298226193602 ] ] ], [ [ [ 34.279122562183993, 46.999472089594938 ], [ 34.296056966692291, 46.983046745055411 ], [ 34.301173337741155, 46.982441585451724 ], [ 34.283524575136909, 46.96469515559086 ], [ 34.276027341745845, 46.934930499240309 ], [ 34.237680513916523, 46.939451877001986 ], [ 34.204365897546026, 46.932551568738042 ], [ 34.20524255878248, 46.936054382376447 ], [ 34.213351832437205, 46.936904677496656 ], [ 34.237321258079547, 46.948508746728031 ], [ 34.250630205815561, 46.959561702848617 ], [ 34.264473120133296, 46.983171106494531 ], [ 34.264207981891929, 47.003035400362997 ], [ 34.279122562183993, 46.999472089594938 ] ] ], [ [ [ 33.925172581852756, 47.060523548821365 ], [ 33.923037803923222, 47.062571490615916 ], [ 33.925603705968847, 47.062276903306817 ], [ 33.925172581852756, 47.060523548821365 ] ] ], [ [ [ 34.032339057823442, 47.120284444554265 ], [ 34.054087416091406, 47.101537059593838 ], [ 34.071178534926695, 47.09594729934669 ], [ 34.082643241196749, 47.078388082892211 ], [ 34.041597533215494, 47.083152272523648 ], [ 34.013766815109356, 47.077359018587686 ], [ 33.982975536097541, 47.08091492856267 ], [ 33.955581938231042, 47.076859496057288 ], [ 33.926034870631923, 47.064030254229543 ], [ 33.94234342313046, 47.087396804299779 ], [ 33.950099071625807, 47.10813992105961 ], [ 33.994217601943724, 47.115676685059604 ], [ 34.015235111237033, 47.125869459107498 ], [ 34.022547605619735, 47.13403877300675 ], [ 34.027684182046961, 47.13344440267629 ], [ 34.032339057823442, 47.120284444554265 ] ] ], [ [ [ 33.669456203439751, 47.170707047565067 ], [ 33.679802720011175, 47.147909554256714 ], [ 33.67123687377746, 47.145267615683252 ], [ 33.654139770060709, 47.129161351188408 ], [ 33.633563568467174, 47.131470259237041 ], [ 33.627921796786246, 47.151932917375341 ], [ 33.645900263820316, 47.160733444372354 ], [ 33.668977141552205, 47.190592007394606 ], [ 33.672852248483785, 47.184747767722804 ], [ 33.669456203439751, 47.170707047565067 ] ] ], [ [ [ 33.674126425994864, 47.190012980687449 ], [ 33.671976529157696, 47.192057604040734 ], [ 33.674551231944456, 47.191768044752159 ], [ 33.674126425994864, 47.190012980687449 ] ] ], [ [ [ 33.672401294572744, 47.193812682316207 ], [ 33.675400964040577, 47.195278162494184 ], [ 33.674976077958121, 47.193523105354537 ], [ 33.672401294572744, 47.193812682316207 ] ] ], [ [ [ 33.414599600160713, 47.300016009562668 ], [ 33.430166759404663, 47.287484828340482 ], [ 33.416497907102034, 47.274568190192561 ], [ 33.410239547243258, 47.248215818760379 ], [ 33.375032166953176, 47.244873386925839 ], [ 33.354064359739411, 47.234553088972866 ], [ 33.333423423509579, 47.236811854491144 ], [ 33.361211161439883, 47.253599656880198 ], [ 33.373111681440939, 47.270322045060311 ], [ 33.395349166298217, 47.285908064852741 ], [ 33.400434302243731, 47.296165771265358 ], [ 33.409434434048514, 47.30058436087689 ], [ 33.414599600160713, 47.300016009562668 ] ] ], [ [ [ 34.199794439583115, 47.187318024925538 ], [ 34.198910407814822, 47.183815284717419 ], [ 34.196341502659166, 47.184116578959127 ], [ 34.194656268257226, 47.18792063064641 ], [ 34.199794439583115, 47.187318024925538 ] ] ], [ [ [ 34.10051166788012, 47.213344096480476 ], [ 34.10182942382211, 47.218600286157951 ], [ 34.111675812917355, 47.215650604731721 ], [ 34.111236240499174, 47.213898614475369 ], [ 34.10051166788012, 47.213344096480476 ] ] ], [ [ [ 34.47929374020719, 47.419296028343695 ], [ 34.523102007291136, 47.414038916082134 ], [ 34.534321335676438, 47.416297318857623 ], [ 34.533408029413536, 47.412799579447956 ], [ 34.538104032967418, 47.410430735003835 ], [ 34.523532618244246, 47.385126722024339 ], [ 34.522303064339162, 47.360022215221683 ], [ 34.509432684209202, 47.361568701123772 ], [ 34.48187225874922, 47.357660406458329 ], [ 34.452049918332783, 47.344997510892064 ], [ 34.43858699642233, 47.333981151807031 ], [ 34.430728098236642, 47.324098050651237 ], [ 34.427115011856529, 47.310100704727894 ], [ 34.420616063455128, 47.305465523763544 ], [ 34.409875231775672, 47.304942813500567 ], [ 34.403509445989307, 47.311112074263995 ], [ 34.379578555256892, 47.321174704256038 ], [ 34.358988270135015, 47.323621241201899 ], [ 34.335490264146038, 47.335426102937525 ], [ 34.31746577060747, 47.33756057100144 ], [ 34.323745772736196, 47.362066816842898 ], [ 34.319607343708221, 47.376985204940723 ], [ 34.347051855606999, 47.370126676240908 ], [ 34.368111686511497, 47.369430571453442 ], [ 34.395675780126446, 47.37336716088361 ], [ 34.432016246974072, 47.390678959057688 ], [ 34.446856016406599, 47.406943563201004 ], [ 34.450486591433879, 47.420939521264785 ], [ 34.457458890562705, 47.427320899771182 ], [ 34.47929374020719, 47.419296028343695 ] ] ], [ [ [ 34.067981169651489, 47.516483276844774 ], [ 34.099306853485416, 47.493006453943721 ], [ 34.134158818696683, 47.483537781969964 ], [ 34.157859668941001, 47.482575332361669 ], [ 34.162136543239157, 47.478468463634556 ], [ 34.149662944435931, 47.481728940229623 ], [ 34.112153005659174, 47.480690691293624 ], [ 34.092290109807685, 47.475786692058314 ], [ 34.067635971393308, 47.462417555882858 ], [ 34.04179577658546, 47.465411749436264 ], [ 34.017215040359524, 47.46284392555247 ], [ 34.026790077557862, 47.479771977969648 ], [ 34.026409324473008, 47.488833420652455 ], [ 34.044571336430103, 47.4975533516821 ], [ 34.059336598975371, 47.513878389270275 ], [ 34.061106767756513, 47.520887443586346 ], [ 34.068866826691611, 47.519987686907712 ], [ 34.067981169651489, 47.516483276844774 ] ] ], [ [ [ 34.298792076130496, 47.482253724005787 ], [ 34.286664301771751, 47.476470712406979 ], [ 34.278804972126899, 47.46657579818789 ], [ 34.261628438797842, 47.472207452744847 ], [ 34.289361677735315, 47.486974565390241 ], [ 34.297676939819389, 47.498618881542171 ], [ 34.303174773994286, 47.488950840952448 ], [ 34.298792076130496, 47.482253724005787 ] ] ], [ [ [ 34.460248079048512, 47.68314773987332 ], [ 34.465428990488256, 47.682528383917152 ], [ 34.468936964152626, 47.685717157521864 ], [ 34.474117941619724, 47.685097384175393 ], [ 34.467560654691866, 47.680469346109426 ], [ 34.460248079048512, 47.68314773987332 ] ] ], [ [ [ 34.499269468056113, 47.689301779936116 ], [ 34.474117941619724, 47.685097384175393 ], [ 34.498978736356889, 47.698357535376537 ], [ 34.504160313541647, 47.6977362821208 ], [ 34.499269468056113, 47.689301779936116 ] ] ], [ [ [ 34.130987643623087, 48.821018265530505 ], [ 34.13410566900842, 48.822462058735141 ], [ 34.133639852930365, 48.820710712652954 ], [ 34.130987643623087, 48.821018265530505 ] ] ], [ [ [ 34.131453372316976, 48.822769630458424 ], [ 34.12926671692199, 48.824828522497974 ], [ 34.131919145919987, 48.824520991534669 ], [ 34.131453372316976, 48.822769630458424 ] ] ], [ [ [ 34.126614243017094, 48.825135993851816 ], [ 34.129732448034517, 48.826579898566976 ], [ 34.12926671692199, 48.824828522497974 ], [ 34.126614243017094, 48.825135993851816 ] ] ], [ [ [ 34.127545575325605, 48.828638779822661 ], [ 34.121774629381861, 48.827502190303832 ], [ 34.122240143135393, 48.829253619039349 ], [ 34.127545575325605, 48.828638779822661 ] ] ], [ [ [ 34.156710108970032, 44.78367620087954 ], [ 34.183799145590825, 44.76969630248842 ], [ 34.223150333360458, 44.765064193404562 ], [ 34.242414865914249, 44.760991403232204 ], [ 34.244058609570757, 44.757197506549176 ], [ 34.236275375660036, 44.75631642606379 ], [ 34.216217689877006, 44.74608244743456 ], [ 34.202729474468036, 44.731472082060201 ], [ 34.158480665708183, 44.736671318992869 ], [ 34.144941098365862, 44.743658201760795 ], [ 34.125671405552183, 44.747714204097917 ], [ 34.103132226236625, 44.748548912268596 ], [ 34.092487748578804, 44.7461917657659 ], [ 34.086718989237944, 44.754064233520353 ], [ 34.085869622285529, 44.761362818462182 ], [ 34.100187009795029, 44.768691553295568 ], [ 34.133788053541913, 44.771962754289611 ], [ 34.156710108970032, 44.78367620087954 ] ] ], [ [ [ 34.466098570796312, 44.905351156971108 ], [ 34.486971397025123, 44.886640245637921 ], [ 34.509916547565247, 44.876676224594462 ], [ 34.551747508972966, 44.871625456950085 ], [ 34.573105128378351, 44.87624088852921 ], [ 34.596446799392098, 44.868010547905229 ], [ 34.584036005493751, 44.847914753506572 ], [ 34.584399772449466, 44.838870290891514 ], [ 34.563056630988648, 44.83425554961002 ], [ 34.555680622229545, 44.835148094738145 ], [ 34.547934579715573, 44.84508518413606 ], [ 34.532389095092825, 44.854163820140407 ], [ 34.494277359044368, 44.864159588735546 ], [ 34.458578657014506, 44.863051688222669 ], [ 34.425314690067701, 44.850840050019592 ], [ 34.419199121970529, 44.867772927853267 ], [ 34.402817292217037, 44.88413345565364 ], [ 34.38230840974969, 44.893783911313925 ], [ 34.382346714089884, 44.915380859894881 ], [ 34.424228122233927, 44.910373469370008 ], [ 34.450522756645874, 44.914421944098706 ], [ 34.453818114049326, 44.917626766488397 ], [ 34.461207829786794, 44.916739533689523 ], [ 34.466098570796312, 44.905351156971108 ] ] ], [ [ [ 35.983580933741088, 45.200280188459459 ], [ 35.994350217223477, 45.202435562910956 ], [ 35.994939514665035, 45.195152308517244 ], [ 35.987564143124018, 45.196143218993953 ], [ 35.983580933741088, 45.200280188459459 ] ] ], [ [ [ 36.241022665699667, 45.219431619479607 ], [ 36.244905092773926, 45.224304260625907 ], [ 36.250294014542035, 45.225368416842336 ], [ 36.245935745077702, 45.218759887682943 ], [ 36.241022665699667, 45.219431619479607 ] ] ], [ [ [ 34.789965991471909, 45.872663217315981 ], [ 34.792908406427337, 45.874102719992948 ], [ 34.792467555407008, 45.87235530869512 ], [ 34.789965991471909, 45.872663217315981 ] ] ], [ [ [ 34.694735072424322, 46.048303186741222 ], [ 34.701692535575908, 46.034839773607239 ], [ 34.7161744608362, 46.020455530170054 ], [ 34.74407244426844, 46.008028773934726 ], [ 34.748947799863387, 45.996619676488542 ], [ 34.773731891289223, 45.971954375709579 ], [ 34.801590856804332, 45.95951753736643 ], [ 34.784203007947596, 45.941838028368849 ], [ 34.778167006782844, 45.928166207854524 ], [ 34.779062094804218, 45.901030094624815 ], [ 34.752984794336982, 45.9204491370458 ], [ 34.738839149808591, 45.925787689559975 ], [ 34.71880169201841, 45.928242265235163 ], [ 34.714670459760043, 45.932351337179135 ], [ 34.718054361676963, 45.935540680405097 ], [ 34.716692011400546, 45.960932047019085 ], [ 34.709743923426473, 45.974394639063625 ], [ 34.695269727529571, 45.988776678528524 ], [ 34.658208936773697, 46.005910986009191 ], [ 34.640644974091892, 46.008049407579655 ], [ 34.646222713920857, 46.019983389559556 ], [ 34.645271908540678, 46.047126905650074 ], [ 34.653243848929101, 46.047958259738259 ], [ 34.67389818620196, 46.058054268665131 ], [ 34.674778172348503, 46.061550746294081 ], [ 34.689977528189246, 46.070507241411413 ], [ 34.694119091714661, 46.066397555644109 ], [ 34.694735072424322, 46.048303186741222 ] ] ], [ [ [ 34.161053416436481, 46.216683056575647 ], [ 34.158955635289637, 46.218730765655124 ], [ 34.161479534213363, 46.2184349922397 ], [ 34.161053416436481, 46.216683056575647 ] ] ], [ [ [ 35.207061914990639, 46.314319794946755 ], [ 35.21003991026268, 46.315744530595794 ], [ 35.209578951531952, 46.314000426080163 ], [ 35.207061914990639, 46.314319794946755 ] ] ], [ [ [ 34.657318654944866, 46.41329870549977 ], [ 34.667874063608842, 46.41381555427769 ], [ 34.671448839386365, 46.397158155439008 ], [ 34.650344760268254, 46.39612343725635 ], [ 34.636377772637502, 46.392414933039184 ], [ 34.632791776755198, 46.409072290223101 ], [ 34.61864642867306, 46.425209544680492 ], [ 34.657318654944866, 46.41329870549977 ] ] ], [ [ [ 34.61864642867306, 46.425209544680492 ], [ 34.616561616174145, 46.427265005979784 ], [ 34.619090305028344, 46.426958084707216 ], [ 34.61864642867306, 46.425209544680492 ] ] ], [ [ [ 35.492074770197391, 46.39676584120501 ], [ 35.515203688155594, 46.395570866709733 ], [ 35.55627133169429, 46.402856159344466 ], [ 35.577683413028659, 46.414492059638931 ], [ 35.591219641171207, 46.416333400302243 ], [ 35.621148609214956, 46.430455989430278 ], [ 35.632035719997461, 46.441653933920556 ], [ 35.656605758706718, 46.445649633788058 ], [ 35.680573086675736, 46.456931470568044 ], [ 35.701908807015087, 46.47757018926908 ], [ 35.708623227322214, 46.501932458841914 ], [ 35.743670374035062, 46.51535056815316 ], [ 35.75760475247241, 46.527939182747815 ], [ 35.802176156243036, 46.547295525066765 ], [ 35.815648686150148, 46.558135197133552 ], [ 35.829999971028442, 46.581481102763654 ], [ 35.831359548740437, 46.595728676666035 ], [ 35.860658801911896, 46.588231722745384 ], [ 35.897427615344313, 46.588749230790924 ], [ 35.917031361961243, 46.593349465503678 ], [ 35.938104475398205, 46.603160643067135 ], [ 35.951618065963231, 46.613979301488754 ], [ 35.953086988831977, 46.619193708367703 ], [ 35.970743947932135, 46.616830429128683 ], [ 35.986858170235841, 46.6182783834142 ], [ 36.006477600544628, 46.622860738753758 ], [ 36.016010947278176, 46.628795128765773 ], [ 36.021055426272831, 46.628117293945913 ], [ 36.028682722838532, 46.618073464471713 ], [ 36.044362899966302, 46.608749041829626 ], [ 36.078172404668095, 46.598781165865759 ], [ 36.101346007891529, 46.597455314693356 ], [ 36.128521569879055, 46.600993774214196 ], [ 36.158675701115577, 46.614943941480362 ], [ 36.176350335792826, 46.603525290807852 ], [ 36.210122058869494, 46.593520368417529 ], [ 36.238319329246295, 46.591480545345917 ], [ 36.265492836233179, 46.594984671618455 ], [ 36.295170031311045, 46.607158402727414 ], [ 36.316290858082674, 46.625910155689859 ], [ 36.360608087911942, 46.625233889238757 ], [ 36.380246777682899, 46.629746012142299 ], [ 36.404423721465108, 46.640844554609984 ], [ 36.405432855584131, 46.644313357862352 ], [ 36.424584037399669, 46.656101230469737 ], [ 36.429630795663925, 46.664424187204943 ], [ 36.44071851980749, 46.666499250030888 ], [ 36.46845748289698, 46.680700009095993 ], [ 36.483612212818251, 46.696640587969775 ], [ 36.48666129538919, 46.707042861901527 ], [ 36.494221890110907, 46.705993594849694 ], [ 36.513898272483274, 46.710477342550547 ], [ 36.55329241821498, 46.728450097575163 ], [ 36.554314185805197, 46.731916349915466 ], [ 36.562386950058659, 46.732595242036695 ], [ 36.59271173969757, 46.746405845307329 ], [ 36.59980390876666, 46.752632228897404 ], [ 36.604845827134575, 46.75192726558025 ], [ 36.618898203315879, 46.737330308690375 ], [ 36.642041427714496, 46.726870538050918 ], [ 36.664198779481978, 46.72195728423592 ], [ 36.6954511797084, 46.721173261578926 ], [ 36.699457088023948, 46.717000664034082 ], [ 36.707011225509767, 46.715937169654453 ], [ 36.734125798663577, 46.701288843474117 ], [ 36.754126588424882, 46.680421108410002 ], [ 36.777213420827799, 46.669939400426095 ], [ 36.81996095353314, 46.663882149678244 ], [ 36.855756762018842, 46.669623296716424 ], [ 36.883584144776293, 46.68370646892005 ], [ 36.898852195980524, 46.699575138761517 ], [ 36.91232799003707, 46.735548934862805 ], [ 36.911997985152929, 46.751838040803179 ], [ 36.919549041678643, 46.750759910247282 ], [ 36.93926080833355, 46.755161766027314 ], [ 36.960548508429639, 46.76474867096497 ], [ 36.981427836010049, 46.781609403223435 ], [ 36.99634548464519, 46.80473715881277 ], [ 36.997627105389149, 46.826211984313609 ], [ 37.029320737892668, 46.818048414766118 ], [ 37.049997122235041, 46.81687743525265 ], [ 37.077295317204907, 46.820162123097496 ], [ 37.116925156509772, 46.837902124035459 ], [ 37.14476666201648, 46.842896505274645 ], [ 37.166122219131665, 46.852435452717394 ], [ 37.167187800441802, 46.855891098651895 ], [ 37.175809956360347, 46.858249782599358 ], [ 37.176876375740108, 46.861705255412247 ], [ 37.196259890689817, 46.873330300344932 ], [ 37.203817157258925, 46.872231261505938 ], [ 37.215496890856329, 46.875947318901261 ], [ 37.220534870457485, 46.875213801785854 ], [ 37.2212937545222, 46.860661503025732 ], [ 37.227622847143557, 46.847103203798632 ], [ 37.247979551742134, 46.827888692303112 ], [ 37.270998661275705, 46.817307061262724 ], [ 37.293100861534747, 46.812269989425886 ], [ 37.329918471987703, 46.81229153916464 ], [ 37.349670848073714, 46.816613273641849 ], [ 37.380203171144977, 46.830177343429767 ], [ 37.431092459758077, 46.875032630115754 ], [ 37.447664024516826, 46.89425078136918 ], [ 37.451463159309831, 46.906327961556585 ], [ 37.457040976235085, 46.907308943886015 ], [ 37.458127289683425, 46.910759418781346 ], [ 37.463705646351713, 46.911739994007554 ], [ 37.468397448051896, 46.918268183520283 ], [ 37.481188572377526, 46.925402845732719 ], [ 37.489491463238771, 46.935006813917305 ], [ 37.494940724488139, 46.952255998369345 ], [ 37.512782582380446, 46.958638893230855 ], [ 37.526682880322824, 46.969215851725529 ], [ 37.537737971138199, 46.987437333872954 ], [ 37.543325465651293, 46.988412748430726 ], [ 37.561405651479724, 47.003782203519606 ], [ 37.571384743249979, 47.018549840205125 ], [ 37.596271467306487, 47.022065040128716 ], [ 37.618320893937167, 47.033222269151707 ], [ 37.643530312678664, 47.029454449266261 ], [ 37.662590226925261, 47.022989639637217 ], [ 37.7084976098404, 47.017910271140764 ], [ 37.747089551776583, 47.022943071983789 ], [ 37.761904433083963, 47.027935882799916 ], [ 37.795203965523903, 47.024718190637209 ], [ 37.822614234645947, 47.027799674424315 ], [ 37.844145682178407, 47.037183678741187 ], [ 37.857853928913002, 47.038718660099491 ], [ 37.879395110635805, 47.048094498075614 ], [ 37.88051399432176, 47.051537271583086 ], [ 37.889468443396709, 47.0465646644763 ], [ 37.904576892558673, 47.044268323100738 ], [ 37.911009830424049, 47.039677235999356 ], [ 37.956318567597421, 47.032774727268254 ], [ 37.984294975978948, 47.03753483144466 ], [ 37.99128159420863, 47.034660443231331 ], [ 38.028196268823535, 47.034429166263457 ], [ 38.069064271971854, 47.046223238503288 ], [ 38.074095770386528, 47.045450111697576 ], [ 38.089126117860857, 47.026880470988125 ], [ 38.104462693817958, 47.017294072152943 ], [ 38.137952181655393, 47.006712331681598 ], [ 38.161134758790112, 47.004939013541644 ], [ 38.188532018217423, 47.007927899098114 ], [ 38.218778716029561, 47.019500996807771 ], [ 38.236473641350138, 47.03301534721043 ], [ 38.247209139474279, 47.049415309801589 ], [ 38.270522739952767, 47.063858977510222 ], [ 38.277491715324899, 47.060967893805433 ], [ 38.276346930961189, 47.05753245678811 ], [ 38.290504113467648, 47.044487759351213 ], [ 38.289359152428581, 47.041052555798963 ], [ 38.301569932463849, 47.030116303314671 ], [ 38.300424835927252, 47.026681298235268 ], [ 38.336671387177532, 46.984891454050818 ], [ 38.337462200786895, 46.979347927987703 ], [ 38.331871500598531, 46.97841456139021 ], [ 38.323991990990947, 46.970611715048875 ], [ 38.315321662237317, 46.968351612719296 ], [ 38.307446295679114, 46.960547124891129 ], [ 38.288969231462971, 46.952587694304263 ], [ 38.281100407869317, 46.944780598140049 ], [ 38.272435720690098, 46.942516370683677 ], [ 38.264571034657095, 46.934707636614981 ], [ 38.255908541693529, 46.9324418180328 ], [ 38.248047991080448, 46.924631447444263 ], [ 38.239387692081486, 46.922364038711173 ], [ 38.231531274746892, 46.914552032986677 ], [ 38.22287316945976, 46.912283035077373 ], [ 38.215020883261509, 46.904469395600067 ], [ 38.196576402519099, 46.896490431629246 ], [ 38.188730640626723, 46.888674196063874 ], [ 38.180078173524073, 46.886401087065742 ], [ 38.178946569477837, 46.882963733691632 ], [ 38.139831301235475, 46.860110685581574 ], [ 38.10555803064706, 46.859977903091121 ], [ 38.056500673699716, 46.854881489572577 ], [ 38.046472189103994, 46.856421248422876 ], [ 37.997417227717641, 46.851297314610683 ], [ 37.987386239991459, 46.852831805958402 ], [ 37.94641593843096, 46.848253728089674 ], [ 37.936382789436919, 46.849783672905119 ], [ 37.895414540363852, 46.845185733725572 ], [ 37.885379242817194, 46.846711130626453 ], [ 37.852495142927481, 46.84267384510396 ], [ 37.842458030607958, 46.844195415911308 ], [ 37.801493622429703, 46.83956091765662 ], [ 37.791454384978593, 46.841077938028171 ], [ 37.758574049198835, 46.837011238057357 ], [ 37.713693738819984, 46.836544677983539 ], [ 37.680816497865372, 46.83245364716042 ], [ 37.670772216460627, 46.833959903848438 ], [ 37.637896762663608, 46.829855441513061 ], [ 37.619768755299319, 46.830760325670624 ], [ 37.608954498141671, 46.821542692097658 ], [ 37.587008412011585, 46.810373881822301 ], [ 37.585917658510411, 46.806925652690005 ], [ 37.570637730234566, 46.800175924993205 ], [ 37.569548411099255, 46.796727396123288 ], [ 37.560927213407176, 46.794400506747778 ], [ 37.553185485808953, 46.786525986478871 ], [ 37.544566504271003, 46.784197535409149 ], [ 37.536828880109745, 46.776321426105746 ], [ 37.528212114402443, 46.773991414320676 ], [ 37.520478591469676, 46.766113717351985 ], [ 37.511864041267991, 46.763782145830248 ], [ 37.504134617354723, 46.755902862564668 ], [ 37.49552228233204, 46.753569732284724 ], [ 37.48779695522871, 46.745688864089985 ], [ 37.479186835056865, 46.74335417603011 ], [ 37.471465602553408, 46.735471724273118 ], [ 37.46285769690266, 46.733135479411395 ], [ 37.455140556788436, 46.725251445458284 ], [ 37.446534865327472, 46.722913644772653 ], [ 37.438821815391321, 46.715028029988822 ], [ 37.38613650839465, 46.697528600493712 ], [ 37.375565390528912, 46.697279708627235 ], [ 37.371983862240036, 46.694196725817719 ], [ 37.34977099719822, 46.690242511315361 ], [ 37.28581309822421, 46.686984799302572 ], [ 37.217511533328349, 46.695150500120477 ], [ 37.166898395141935, 46.709729515042319 ], [ 37.137014341053444, 46.697820431636956 ], [ 37.098150974328, 46.690811020666537 ], [ 37.072139666253548, 46.665692323229024 ], [ 37.066591309127034, 46.664688088703258 ], [ 37.052341725504206, 46.652305519039366 ], [ 37.040723399784184, 46.648565360266112 ], [ 37.039673560493839, 46.645107385920397 ], [ 37.025022671501539, 46.63999766361421 ], [ 37.015900787470372, 46.592588367460841 ], [ 37.00304419258935, 46.56737012334149 ], [ 36.978092511762831, 46.536669761944147 ], [ 36.95024072236285, 46.513597445767125 ], [ 36.925524997606352, 46.500895683787682 ], [ 36.924487860998035, 46.497435627259001 ], [ 36.888214100470371, 46.480964968317139 ], [ 36.883204275245198, 46.48167924604072 ], [ 36.873622730869911, 46.475828395048147 ], [ 36.868613013761909, 46.476541973393033 ], [ 36.847983200484514, 46.468653721751679 ], [ 36.814834835711743, 46.462538950402262 ], [ 36.766660651974817, 46.458540660334023 ], [ 36.73306354394208, 46.459680004193174 ], [ 36.680431102552717, 46.467095378504624 ], [ 36.641843666262361, 46.477926917197799 ], [ 36.613780675387567, 46.489075194782032 ], [ 36.60527063788971, 46.495677966880372 ], [ 36.597743315501113, 46.496730950524864 ], [ 36.591739524444655, 46.502982098536819 ], [ 36.56466555852144, 46.517586780328642 ], [ 36.548636125263471, 46.534253527564729 ], [ 36.541101394914527, 46.535303445464471 ], [ 36.52400474835234, 46.530468138173767 ], [ 36.499881202773068, 46.5284104941368 ], [ 36.479737065883882, 46.495130430599694 ], [ 36.453603552838402, 46.468089237353105 ], [ 36.448081346040873, 46.467050216617046 ], [ 36.443560925104634, 46.460461158116999 ], [ 36.438039628813421, 46.459421523295326 ], [ 36.423986233988138, 46.446935633466587 ], [ 36.412445722038655, 46.443119305736538 ], [ 36.411443202377967, 46.439650500106275 ], [ 36.358284622898807, 46.418121794392079 ], [ 36.340274532856299, 46.391742572513657 ], [ 36.305258861821102, 46.360481214933266 ], [ 36.280744536850406, 46.347609784202028 ], [ 36.279753686626812, 46.344138729631524 ], [ 36.23174992389913, 46.321846700585951 ], [ 36.226738662811037, 46.322530381103718 ], [ 36.220247877092866, 46.318005774540175 ], [ 36.215236692586906, 46.31868890758583 ], [ 36.194742620229675, 46.31066081903775 ], [ 36.142715021960576, 46.301500720462663 ], [ 36.092654276034459, 46.299262491507839 ], [ 35.997385995874808, 46.312095428346794 ], [ 35.95215057308161, 46.327174299217901 ], [ 35.908820587850514, 46.349192006605037 ], [ 35.907277286574597, 46.35300410883427 ], [ 35.889122040029207, 46.362636917612043 ], [ 35.885548666619421, 46.368522287417157 ], [ 35.880524966949025, 46.36919129356906 ], [ 35.848046125160472, 46.402360911408934 ], [ 35.849011575415524, 46.40583898860929 ], [ 35.841952111882705, 46.408579716257982 ], [ 35.831033967002305, 46.39740676811936 ], [ 35.809585646568323, 46.385825358449374 ], [ 35.808623374616694, 46.382346634673034 ], [ 35.797127495631244, 46.378459614845816 ], [ 35.796166262181195, 46.37498068647794 ], [ 35.757739580014878, 46.35842326420866 ], [ 35.752713836727231, 46.359086542414232 ], [ 35.746251781141567, 46.354530001832636 ], [ 35.741226129191254, 46.355192732550265 ], [ 35.718255130704563, 46.347400990783903 ], [ 35.712877743193985, 46.337290925209089 ], [ 35.688143290015525, 46.313498970396012 ], [ 35.682644108051953, 46.312418306821691 ], [ 35.678229442205229, 46.30578637523314 ], [ 35.669744422370464, 46.303294117151239 ], [ 35.66234615918507, 46.295250169374206 ], [ 35.647892277219157, 46.289933082530894 ], [ 35.646943460366138, 46.286451715939506 ], [ 35.629035084286599, 46.277979035478118 ], [ 35.624013741702299, 46.278635782742079 ], [ 35.608621576009419, 46.269830812380064 ], [ 35.603600510556817, 46.270486574672773 ], [ 35.5806824773084, 46.262660242923822 ], [ 35.564042397218664, 46.239590334076667 ], [ 35.531425973538767, 46.214990143377186 ], [ 35.505594407436973, 46.176883656814546 ], [ 35.481499527300734, 46.154770463734692 ], [ 35.469606039396176, 46.149099642130246 ], [ 35.456670966220102, 46.120130508271416 ], [ 35.436704794379118, 46.093870852665518 ], [ 35.409249686177013, 46.068573343976666 ], [ 35.39098835221214, 46.058307929681682 ], [ 35.367852030995742, 46.019830239852169 ], [ 35.327250257808835, 45.983587454452071 ], [ 35.278993480154305, 45.957318766119982 ], [ 35.273993308559213, 45.957956719685129 ], [ 35.261708098469853, 45.950512979184367 ], [ 35.256708154891498, 45.951150103863363 ], [ 35.23647114323753, 45.942914382606332 ], [ 35.192831777107273, 45.934041290890917 ], [ 35.151014834244755, 45.932128179076159 ], [ 35.162389834169616, 45.916274061062701 ], [ 35.161483697978191, 45.912784873701654 ], [ 35.166029149521101, 45.910407761259286 ], [ 35.173085595407855, 45.887891650840736 ], [ 35.202156141379682, 45.860782081808537 ], [ 35.201249268833386, 45.857293473994716 ], [ 35.209873731717437, 45.850793147816233 ], [ 35.208966692344234, 45.847304653142885 ], [ 35.220764863218704, 45.833193168896926 ], [ 35.230289127891339, 45.810360759457708 ], [ 35.233235237625216, 45.791968371338157 ], [ 35.273560478916579, 45.768813603042915 ], [ 35.312700023980732, 45.731381878521731 ], [ 35.311790351084511, 45.727894905604266 ], [ 35.318348491695176, 45.723452236592593 ], [ 35.317438718741954, 45.719965346775929 ], [ 35.329186086722999, 45.705849367162905 ], [ 35.336165656321057, 45.683335331683658 ], [ 35.377280209671362, 45.66364436810818 ], [ 35.39397195046876, 45.648885875362105 ], [ 35.398941879144445, 45.648246002756359 ], [ 35.404570978450657, 45.640314661830125 ], [ 35.409539912697724, 45.639674420742907 ], [ 35.437460924762895, 45.609049165856256 ], [ 35.436547392595898, 45.605564068070699 ], [ 35.448243285589903, 45.591442517857892 ], [ 35.448897730782029, 45.584151921506262 ], [ 35.453403829270513, 45.581767935960528 ], [ 35.460326515606873, 45.559254953704347 ], [ 35.484212739104166, 45.552559559822299 ], [ 35.527193691920061, 45.530768429165569 ], [ 35.528755252599439, 45.526962571931733 ], [ 35.546743672019616, 45.517416890956618 ], [ 35.552340575959612, 45.509482544629769 ], [ 35.557294676687988, 45.508837308029499 ], [ 35.57297575735538, 45.490580838542492 ], [ 35.596219522496561, 45.539788633588614 ], [ 35.615527887300622, 45.564287331963264 ], [ 35.635947239449735, 45.58323309647372 ], [ 35.641368636329105, 45.58432436649715 ], [ 35.64569950311617, 45.590963087641853 ], [ 35.654064612502239, 45.593469420768209 ], [ 35.661341352961784, 45.601522789769859 ], [ 35.678540797654591, 45.60827247871471 ], [ 35.679469398527118, 45.611753748067009 ], [ 35.694193668650755, 45.618826270487311 ], [ 35.699154179962662, 45.61817367520257 ], [ 35.714347959810098, 45.626983437672294 ], [ 35.719308731893598, 45.626329877026684 ], [ 35.72566739036138, 45.63089689499764 ], [ 35.744429592859255, 45.6338269836777 ], [ 35.747843610570207, 45.636979700127497 ], [ 35.809570762138335, 45.646829183271237 ], [ 35.863527928688661, 45.646867298644651 ], [ 35.927510466742433, 45.636529085272123 ], [ 35.983661883886462, 45.616393178017752 ], [ 36.019181804793583, 45.624231443928991 ], [ 36.073568296249434, 45.625907400580758 ], [ 36.100151067798734, 45.638529830717353 ], [ 36.105103956036608, 45.637859397892711 ], [ 36.133696321575947, 45.648399821659652 ], [ 36.149034156982495, 45.648120022585331 ], [ 36.15494604389314, 45.650920907698676 ], [ 36.170283750032652, 45.650638083028774 ], [ 36.176196758339486, 45.653437666944065 ], [ 36.191534331918092, 45.653151816496994 ], [ 36.197448460541843, 45.655950098744263 ], [ 36.212785898264748, 45.655661222340058 ], [ 36.2187011461249, 45.6584582024499 ], [ 36.234038444696438, 45.658166299910278 ], [ 36.239954810711275, 45.660961977413898 ], [ 36.255291966834882, 45.660667048562232 ], [ 36.261209449921452, 45.663461422991439 ], [ 36.27654646029967, 45.663163467652737 ], [ 36.282465059373791, 45.665956538539959 ], [ 36.297801920708253, 45.665655556540877 ], [ 36.332890301639338, 45.671648168959898 ], [ 36.604400132432829, 45.632159188835203 ], [ 36.669600905770572, 45.62660954037085 ], [ 36.668598797957323, 45.605125064458775 ], [ 36.672050721842261, 45.599233045655893 ], [ 36.681851887131877, 45.453697866216707 ], [ 36.662155751519386, 45.47448809564505 ], [ 36.646883951829373, 45.483842309586251 ], [ 36.597109051021214, 45.498031596202232 ], [ 36.574437238756403, 45.49940215642394 ], [ 36.53945740107001, 45.493476340248641 ], [ 36.518784160299866, 45.48374550026444 ], [ 36.517808091235828, 45.48027790818761 ], [ 36.499120463102194, 45.468465184699205 ], [ 36.473502082294019, 45.468422462166195 ], [ 36.457255699107982, 45.465272209747063 ], [ 36.453819467315782, 45.462145402396274 ], [ 36.430181323062605, 45.4600159560488 ], [ 36.434586543700625, 45.466612698918013 ], [ 36.433985589079931, 45.491920171469232 ], [ 36.427519180655118, 45.505427922864584 ], [ 36.413647747965854, 45.519959824625793 ], [ 36.384473478021299, 45.534801507374475 ], [ 36.34003180455511, 45.540926261396784 ], [ 36.305031094270895, 45.534926034107208 ], [ 36.266668174971237, 45.516762669509639 ], [ 36.253427869485499, 45.505962676630269 ], [ 36.239304043558484, 45.482670343412032 ], [ 36.237457858340889, 45.46670792043421 ], [ 36.242534699296499, 45.447998032773278 ], [ 36.248496475447382, 45.441778162294447 ], [ 36.247538403709939, 45.438306034551594 ], [ 36.232815252300654, 45.431310552919818 ], [ 36.223429643852285, 45.434393833202066 ], [ 36.167735144791031, 45.436577984050466 ], [ 36.162155276643098, 45.453550584953156 ], [ 36.139769165692634, 45.474607169339713 ], [ 36.112517791010113, 45.487310450880202 ], [ 36.070526500654722, 45.492990779441655 ], [ 36.043925202025719, 45.489374319386521 ], [ 36.014962909706007, 45.477061249090731 ], [ 35.994006517645765, 45.456459267223586 ], [ 35.986467878235452, 45.428648416812955 ], [ 35.972242762229023, 45.423352074504329 ], [ 35.962368248870682, 45.424676383066831 ], [ 35.961309543234009, 45.430222601876281 ], [ 35.945313885731437, 45.446777286504336 ], [ 35.929431985716747, 45.45430715610356 ], [ 35.92224261332214, 45.475084840278555 ], [ 35.908226768969385, 45.489568215767314 ], [ 35.892796533024161, 45.498833963599637 ], [ 35.845203905800744, 45.512378690640823 ], [ 35.801741789772635, 45.512744001589745 ], [ 35.782556164136871, 45.508079355091503 ], [ 35.755634689501584, 45.493624841503532 ], [ 35.741095105118845, 45.477530398332412 ], [ 35.735065732682223, 45.454907722111408 ], [ 35.713431798912374, 45.450554273516609 ], [ 35.689952500771426, 45.439233828049225 ], [ 35.676832150150823, 45.428349220362428 ], [ 35.662964402048459, 45.404952317955107 ], [ 35.661292208036805, 45.388960496183742 ], [ 35.647731549563382, 45.376329642718723 ], [ 35.641586639652878, 45.362725598664376 ], [ 35.639465998453865, 45.344991801549725 ], [ 35.645211152110434, 45.328028469291695 ], [ 35.637806587695572, 45.328998975393276 ], [ 35.616227777155807, 45.32461987817959 ], [ 35.604524560660778, 45.318945979199782 ], [ 35.59199974877918, 45.329588052337286 ], [ 35.569135729717502, 45.339776234830509 ], [ 35.547364582641258, 45.344413898804433 ], [ 35.514341826885669, 45.345105704396111 ], [ 35.503550826135445, 45.342904462964043 ], [ 35.498866738984205, 45.354318929208475 ], [ 35.484749483417133, 45.368757393279473 ], [ 35.469262737037766, 45.377967942746835 ], [ 35.429040120880217, 45.390372004734019 ], [ 35.406326678829153, 45.391500250561876 ], [ 35.37145875796913, 45.385181029068271 ], [ 35.350987920724165, 45.375202600840439 ], [ 35.337943626295946, 45.364268397654158 ], [ 35.323783798349552, 45.339067297781106 ], [ 35.322664382617106, 45.324802498928591 ], [ 35.328510439155096, 45.307844527862038 ], [ 35.319075422703861, 45.310854155777214 ], [ 35.288525153353902, 45.311160032178918 ], [ 35.276826914138915, 45.325261015182072 ], [ 35.247365568951132, 45.339824092653309 ], [ 35.225552417260197, 45.3444015938341 ], [ 35.205317562901818, 45.345172211757557 ], [ 35.197005613247356, 45.342625458250332 ], [ 35.17068094567621, 45.349565282529113 ], [ 35.162813506526192, 45.348760575821714 ], [ 35.164146435252206, 45.353994828560758 ], [ 35.15735733229829, 45.367461299446909 ], [ 35.134564963105021, 45.388353548529949 ], [ 35.111572216618491, 45.398460035497244 ], [ 35.069897771719013, 45.4055088777626 ], [ 35.072552100388265, 45.415981523351768 ], [ 35.102027913307452, 45.421276243758427 ], [ 35.128773617981395, 45.435913365040058 ], [ 35.143137931888432, 45.452109999633343 ], [ 35.150072225790773, 45.469244980507497 ], [ 35.150908579909775, 45.49255491655893 ], [ 35.141820363437738, 45.517120159837759 ], [ 35.127566483623781, 45.53152964961501 ], [ 35.11196840066286, 45.540702990020726 ], [ 35.073563381450299, 45.550943189088102 ], [ 35.089545141403285, 45.563342747961407 ], [ 35.103240150696863, 45.586836488408018 ], [ 35.104770599928827, 45.602855985159536 ], [ 35.095653915969805, 45.627422894126276 ], [ 35.081364429251167, 45.641831692161141 ], [ 35.065729851529817, 45.651003364722037 ], [ 35.032218727509736, 45.660613701176779 ], [ 35.016836345696873, 45.660739389263071 ], [ 35.002961361935029, 45.67688741989452 ], [ 34.987302359761969, 45.686050771066704 ], [ 34.951259920237355, 45.695952017936122 ], [ 34.943506191406932, 45.705925224439319 ], [ 34.927828042326773, 45.715082330606464 ], [ 34.884270536491073, 45.725895496119051 ], [ 34.879877920971516, 45.739050474108055 ], [ 34.861393829375096, 45.757553259624309 ], [ 34.845686324056764, 45.766702113895427 ], [ 34.812054644726416, 45.77625856566096 ], [ 34.789140423561484, 45.77727975986928 ], [ 34.762411347771064, 45.77336018345445 ], [ 34.739367061160536, 45.76357781251469 ], [ 34.731691284018467, 45.784335283007628 ], [ 34.706078351938729, 45.805486265734508 ], [ 34.721512020202333, 45.805399073761109 ], [ 34.740758870334901, 45.810246816220754 ], [ 34.770581386207162, 45.826403058357457 ], [ 34.784979307054968, 45.842648730702898 ], [ 34.792467555407008, 45.87235530869512 ], [ 34.820861833876492, 45.841831298057564 ], [ 34.825861492632903, 45.841214393693576 ], [ 34.836151609109528, 45.830935763627366 ], [ 34.859372891222769, 45.820858665626815 ], [ 34.881415117275957, 45.816327562475195 ], [ 34.901841781269468, 45.815595743651677 ], [ 34.936976758904429, 45.822038925670526 ], [ 34.963909107818886, 45.8367007564189 ], [ 34.97836262856319, 45.852914681483625 ], [ 34.985956571541415, 45.882596385494807 ], [ 34.968729565312479, 45.926188210991036 ], [ 34.935832858328155, 45.959115995841948 ], [ 34.920089523447558, 45.968281089521611 ], [ 34.905507796699816, 45.971894030355514 ], [ 34.922942943214643, 45.989549312126087 ], [ 34.931886016359385, 46.024476431154497 ], [ 34.919611968543961, 46.067448434300211 ], [ 34.915307063137519, 46.111232979267889 ], [ 34.906785461256504, 46.128510068667858 ], [ 34.900146074786456, 46.132938183281979 ], [ 34.911003111788702, 46.155018782899042 ], [ 34.9097500192618, 46.180405038717424 ], [ 34.923404693125306, 46.19312697701465 ], [ 34.925654903914477, 46.201858579450899 ], [ 34.937516742577998, 46.207592813659794 ], [ 34.945252275051466, 46.217444019029109 ], [ 34.973176382045864, 46.204953577500937 ], [ 35.015919155019347, 46.199614236561224 ], [ 35.042871509052894, 46.20344791305935 ], [ 35.072100828906144, 46.216000645891349 ], [ 35.085344903289347, 46.226952503754546 ], [ 35.094933275399967, 46.243770279612001 ], [ 35.109791375363407, 46.250911606316997 ], [ 35.127855665034261, 46.27026387129191 ], [ 35.133350416320113, 46.291200566089401 ], [ 35.139759056864584, 46.295799230661821 ], [ 35.145945370279712, 46.309438355196477 ], [ 35.14572220341794, 46.318479334975223 ], [ 35.170439673671197, 46.313552108577746 ], [ 35.207061914990639, 46.314319794946755 ], [ 35.205432243308252, 46.298303301813519 ], [ 35.214540105556345, 46.273714304985624 ], [ 35.235540101533502, 46.254823548667176 ], [ 35.258832255555703, 46.244649367181381 ], [ 35.288064213874584, 46.237317116190418 ], [ 35.311139040742788, 46.236171840166449 ], [ 35.346579584674807, 46.242449950055217 ], [ 35.370395051152727, 46.253815137418954 ], [ 35.383703160863853, 46.264723736950586 ], [ 35.397768077465564, 46.288152138650211 ], [ 35.397406152428601, 46.306225534122319 ], [ 35.40541663845206, 46.306997417993152 ], [ 35.429273736933531, 46.318345663282464 ], [ 35.457831833565635, 46.347109549259621 ], [ 35.466287404902253, 46.378467815557606 ], [ 35.453667637655485, 46.408944602681437 ], [ 35.492074770197391, 46.39676584120501 ] ], [ [ 35.038373569944319, 46.166163626956184 ], [ 35.003704211660434, 46.152480888042433 ], [ 34.982767403757222, 46.131667701781396 ], [ 34.974658835942648, 46.100240887049644 ], [ 34.980196019011963, 46.081528880293767 ], [ 34.998270423500365, 46.061250677908809 ], [ 35.032724783604735, 46.044324563709651 ], [ 35.075332427670077, 46.038977263366377 ], [ 35.102202648913895, 46.042804683353843 ], [ 35.131346416670297, 46.055349164449652 ], [ 35.152297932180545, 46.076130707992156 ], [ 35.160500584619058, 46.107533202923321 ], [ 35.155027635032418, 46.126247726632712 ], [ 35.134947655971068, 46.148609414584925 ], [ 35.105040837864117, 46.16319419935337 ], [ 35.080380375300649, 46.16809970710851 ], [ 35.038373569944319, 46.166163626956184 ] ] ], [ [ [ 35.454137903131631, 46.410686778538398 ], [ 35.451148982967361, 46.409269850766236 ], [ 35.451619173568965, 46.411012046294516 ], [ 35.454137903131631, 46.410686778538398 ] ] ], [ [ [ 35.430186582290162, 46.428200752793671 ], [ 35.428136532522274, 46.430267960265681 ], [ 35.430656415475525, 46.429943107051024 ], [ 35.430186582290162, 46.428200752793671 ] ] ], [ [ [ 35.409630128856527, 46.477725875680491 ], [ 35.423822422910852, 46.472292100629581 ], [ 35.419121286872645, 46.454867960250084 ], [ 35.428136532522274, 46.430267960265681 ], [ 35.409383637682048, 46.438092416776676 ], [ 35.391739227325075, 46.440362280812643 ], [ 35.382236890943766, 46.463218732081664 ], [ 35.369447006116879, 46.473875841778977 ], [ 35.375251508948459, 46.4857515347054 ], [ 35.384404902713797, 46.480969892044641 ], [ 35.409630128856527, 46.477725875680491 ] ] ], [ [ [ 34.953641050838698, 46.600352021257443 ], [ 34.936365230105103, 46.604303443964405 ], [ 34.940726736775595, 46.610972869689142 ], [ 34.952479946126743, 46.605905205135983 ], [ 34.953641050838698, 46.600352021257443 ] ] ], [ [ [ 36.933163813207564, 46.92569346451603 ], [ 36.958298865143263, 46.913073653796317 ], [ 36.949343746518068, 46.883669411710642 ], [ 36.933260806048636, 46.891383864611008 ], [ 36.923167030919657, 46.892825751373316 ], [ 36.933163813207564, 46.92569346451603 ] ] ], [ [ [ 34.845317507527518, 47.356784845977458 ], [ 34.862146476151487, 47.340278228230943 ], [ 34.841143194217594, 47.321219961162413 ], [ 34.832310365542192, 47.288033611281755 ], [ 34.837932663591097, 47.269302715348587 ], [ 34.848439515918642, 47.258988863563154 ], [ 34.843332325819588, 47.239776288904402 ], [ 34.852684194857133, 47.215174162388891 ], [ 34.86737601311053, 47.200734885403016 ], [ 34.88345365064999, 47.191533578257761 ], [ 34.925601453106204, 47.180903752408923 ], [ 34.946553584526967, 47.180107195570699 ], [ 34.974026914617276, 47.183906603073439 ], [ 35.00384538170124, 47.19642598006071 ], [ 35.010842253574594, 47.20276853901116 ], [ 35.027615849457618, 47.206085679984916 ], [ 35.020108652873752, 47.17816140264766 ], [ 35.025657680257545, 47.159429816288849 ], [ 35.043992456240872, 47.139099119708931 ], [ 35.074417740332485, 47.12446494645269 ], [ 35.047912538624125, 47.124178132100838 ], [ 35.028140916550711, 47.119435938453528 ], [ 35.018599032833144, 47.11341306813685 ], [ 35.002324127062025, 47.111837045745467 ], [ 35.00257079150456, 47.122628734832588 ], [ 34.995611947668124, 47.136122894478696 ], [ 34.978882135496114, 47.152637546574709 ], [ 34.962834986289913, 47.161849565244488 ], [ 34.925833496307803, 47.171856106876135 ], [ 34.904883513728976, 47.172648463680709 ], [ 34.877417729050102, 47.168830921492102 ], [ 34.873929076094804, 47.16565451959633 ], [ 34.866246706469958, 47.166603310446327 ], [ 34.847365168632642, 47.18516629256527 ], [ 34.82359381128596, 47.195309182716045 ], [ 34.803552838402403, 47.199577301174976 ], [ 34.761154872697787, 47.199367543771046 ], [ 34.741368461760558, 47.194574579471713 ], [ 34.731838954183203, 47.188525060582201 ], [ 34.714353209017602, 47.192464284272255 ], [ 34.677082589594974, 47.191595973757636 ], [ 34.653825842278003, 47.183602532647967 ], [ 34.6307480803994, 47.186403892865506 ], [ 34.623966747071215, 47.190833225873043 ], [ 34.635487213404232, 47.214686246767386 ], [ 34.664899420425343, 47.205703255719136 ], [ 34.691005191709827, 47.204329518677532 ], [ 34.727099093299159, 47.210748027271372 ], [ 34.757810751828366, 47.226832498657153 ], [ 34.772685841532834, 47.243047510365713 ], [ 34.779409885211088, 47.258457017612152 ], [ 34.780542383656709, 47.27274846657383 ], [ 34.771150314716913, 47.297349451448476 ], [ 34.791906498827586, 47.305627099954883 ], [ 34.805426958552914, 47.316594054203527 ], [ 34.819637363692422, 47.340102219884017 ], [ 34.822183249814465, 47.359632616714819 ], [ 34.833862635253169, 47.363607480955686 ], [ 34.83783103606708, 47.368530889860153 ], [ 34.842506707816888, 47.36615106686741 ], [ 34.845317507527518, 47.356784845977458 ] ] ], [ [ [ 35.216840432850077, 47.346453867775047 ], [ 35.224710999483264, 47.336435285688779 ], [ 35.195061169108861, 47.334775940229498 ], [ 35.195836694514021, 47.347307729488705 ], [ 35.216840432850077, 47.346453867775047 ] ] ], [ [ [ 36.672784829114555, 47.155722378194547 ], [ 36.680703349730109, 47.129336752603514 ], [ 36.662035130607308, 47.146398732773399 ], [ 36.645305173253981, 47.152354236024848 ], [ 36.646348163455784, 47.155818680622509 ], [ 36.661132834511349, 47.16096761092853 ], [ 36.665239111566066, 47.165807652779023 ], [ 36.675397442188164, 47.164382281471845 ], [ 36.672784829114555, 47.155722378194547 ] ] ], [ [ [ 34.581607590946838, 47.545893571935572 ], [ 34.568694994349855, 47.547451294227841 ], [ 34.54665490038257, 47.544694513263074 ], [ 34.551534367970753, 47.553127130425068 ], [ 34.560202945866074, 47.555691017054897 ], [ 34.585110916363817, 47.549078768430199 ], [ 34.581607590946838, 47.545893571935572 ] ] ], [ [ [ 35.179493959842993, 47.607413055777542 ], [ 35.191424053645953, 47.60229739683971 ], [ 35.191594832780915, 47.593252422617475 ], [ 35.203208017542039, 47.577347442238178 ], [ 35.202245067080113, 47.573859879955407 ], [ 35.225285147925973, 47.551093312822218 ], [ 35.193451648661103, 47.522637783165266 ], [ 35.183855154826738, 47.487759568368539 ], [ 35.146691956642883, 47.497859969745328 ], [ 35.109223351343708, 47.497159017696809 ], [ 35.09444569834492, 47.491796322162955 ], [ 35.064029202859437, 47.497412503657564 ], [ 35.026556086117864, 47.496683634785946 ], [ 35.006634841404022, 47.491951182262547 ], [ 34.985298301638508, 47.481978415023057 ], [ 34.9716931038109, 47.471040784549459 ], [ 34.96628750842477, 47.460887168024527 ], [ 34.956679734268775, 47.454863885952513 ], [ 34.936588663980572, 47.47900815333108 ], [ 34.901245383890021, 47.496014712947236 ], [ 34.902185766259535, 47.499506917367448 ], [ 34.921162576462486, 47.500766787981121 ], [ 34.939449487962285, 47.509326131592097 ], [ 34.978094483746716, 47.504526495400363 ], [ 35.014422768215866, 47.510828108599974 ], [ 35.035777001317776, 47.520793656888706 ], [ 35.049409697857293, 47.531720998222674 ], [ 35.063805968896922, 47.555182690000017 ], [ 35.06265795186011, 47.560739843998199 ], [ 35.102565801613871, 47.570174712956224 ], [ 35.123960836911422, 47.580119435602654 ], [ 35.12491879710084, 47.583608198582098 ], [ 35.149381899314179, 47.594967221927405 ], [ 35.157901244643632, 47.606526616612058 ], [ 35.171102551070952, 47.615690484621375 ], [ 35.179493959842993, 47.607413055777542 ] ] ], [ [ [ 36.798766280257908, 49.184102453170837 ], [ 36.799144765162758, 49.176810626646109 ], [ 36.793866155264482, 49.177551578058484 ], [ 36.798766280257908, 49.184102453170837 ] ] ], [ [ [ 38.065220279639362, 49.1019462074321 ], [ 38.083916566514709, 49.084602326124987 ], [ 38.098400748497518, 49.078768204982936 ], [ 38.099376264847521, 49.065937670566754 ], [ 38.076019451378109, 49.06225586238741 ], [ 38.046413297502646, 49.048651596990233 ], [ 38.065220279639362, 49.1019462074321 ] ] ], [ [ [ 39.02395224511401, 49.19261054957294 ], [ 39.027204044874487, 49.193899275759655 ], [ 39.026561278799207, 49.192189325647284 ], [ 39.02395224511401, 49.19261054957294 ] ] ], [ [ [ 39.477116058841247, 49.147485741661662 ], [ 39.475830524199871, 49.151327947804589 ], [ 39.478430609166267, 49.150896792121479 ], [ 39.477116058841247, 49.147485741661662 ] ] ], [ [ [ 39.475830524199871, 49.151327947804589 ], [ 39.470001236115841, 49.15773791221163 ], [ 39.475202192184291, 49.156875725227692 ], [ 39.475830524199871, 49.151327947804589 ] ] ], [ [ [ 39.092945980748347, 49.419105693723182 ], [ 39.097517103488045, 49.423809105482576 ], [ 39.095565973597395, 49.418681488572417 ], [ 39.092945980748347, 49.419105693723182 ] ] ], [ [ [ 39.100137278421691, 49.423384767263371 ], [ 39.098167603718537, 49.425518297436994 ], [ 39.100787859954103, 49.425093933763591 ], [ 39.100137278421691, 49.423384767263371 ] ] ], [ [ [ 39.101438503305296, 49.426803093419622 ], [ 39.104709565507697, 49.428087774913664 ], [ 39.104058779023042, 49.426378647563084 ], [ 39.101438503305296, 49.426803093419622 ] ] ], [ [ [ 39.105360413832216, 49.429796895416771 ], [ 39.108631781808178, 49.431081430095851 ], [ 39.10798079032373, 49.429372341907808 ], [ 39.105360413832216, 49.429796895416771 ] ] ], [ [ [ 39.155762580189446, 49.445209873276418 ], [ 39.143974995230153, 49.443495018621 ], [ 39.135460779120585, 49.443062406462353 ], [ 39.108631781808178, 49.431081430095851 ], [ 39.119083972602361, 49.443904153108868 ], [ 39.151165364175455, 49.45503030662735 ], [ 39.159674219157608, 49.462721718341122 ], [ 39.164916791593605, 49.46186967914538 ], [ 39.159689279501016, 49.448201255545555 ], [ 39.155762580189446, 49.445209873276418 ] ] ], [ [ [ 39.756467499972693, 49.373086224179161 ], [ 39.746392889800511, 49.347545426392564 ], [ 39.75010588947648, 49.328763945406862 ], [ 39.754645270028327, 49.326184229499539 ], [ 39.750698600816762, 49.323217281236978 ], [ 39.735219896379995, 49.340346299904823 ], [ 39.723529236559031, 49.34594260060932 ], [ 39.724350160900528, 49.362145651242542 ], [ 39.717272982607021, 49.372412963647946 ], [ 39.719285508903681, 49.377522114260991 ], [ 39.727110107988743, 49.376207632799613 ], [ 39.742836646217519, 49.380826971308515 ], [ 39.750660677897429, 49.379510831286488 ], [ 39.756467499972693, 49.373086224179161 ] ] ], [ [ [ 39.713442603554718, 49.503800996528653 ], [ 39.72010167168029, 49.513580290508152 ], [ 39.732503868630943, 49.509681845818911 ], [ 39.731746692197028, 49.500728286777544 ], [ 39.713442603554718, 49.503800996528653 ] ] ], [ [ [ 39.168130242005098, 49.630144926667292 ], [ 39.163527926094886, 49.618185638797094 ], [ 39.146432525077657, 49.624590750916937 ], [ 39.151688969597501, 49.638259805204775 ], [ 39.168130242005098, 49.630144926667292 ] ] ], [ [ [ 38.656109193725321, 49.904390762218782 ], [ 38.658115865655098, 49.902260222100203 ], [ 38.655463240529869, 49.902677445004024 ], [ 38.656109193725321, 49.904390762218782 ] ] ], [ [ [ 38.658761903287783, 49.903973514157293 ], [ 38.693700700394984, 49.922066751925882 ], [ 38.700241774187234, 49.931925966305556 ], [ 38.726125666903435, 49.926026464384222 ], [ 38.729541095494859, 49.912781238087391 ], [ 38.714983154413311, 49.911449773990135 ], [ 38.707734606735926, 49.90714844380058 ], [ 38.679916267811635, 49.907903546125652 ], [ 38.658761903287783, 49.903973514157293 ] ] ] ] } }
]
}
